mtllib CbaronsamediZ.mtl
v -1078.8555908203125 -48.702436447143555 194.0 1.000 1.000 1.000
v -1059.8555908203125 -61.702436447143555 192.0 1.000 1.000 1.000
v -973.8555908203125 -85.70243644714355 33.0 1.000 1.000 1.000
v -1078.8555908203125 -82.70243644714355 -44.0 1.000 1.000 1.000
v -973.8555908203125 -99.70243644714355 -31.0 1.000 1.000 1.000
v -1059.8555908203125 -61.702436447143555 192.0 1.000 1.000 1.000
v -1078.8555908203125 -48.702436447143555 194.0 1.000 1.000 1.000
v -1059.8555908203125 -144.70243644714355 218.0 1.000 1.000 1.000
v -1078.8555908203125 -157.70243644714355 237.0 1.000 1.000 1.000
v -973.8555908203125 -85.70243644714355 33.0 1.000 1.000 1.000
v -1059.8555908203125 -61.702436447143555 192.0 1.000 1.000 1.000
v -1059.8555908203125 -144.70243644714355 218.0 1.000 1.000 1.000
v -972.8555908203125 -134.70243644714355 56.0 1.000 1.000 1.000
v -1078.8555908203125 -82.70243644714355 -44.0 1.000 1.000 1.000
v -1078.8555908203125 -164.70243644714355 -37.0 1.000 1.000 1.000
v -1078.8555908203125 -48.702436447143555 194.0 1.000 1.000 1.000
v -1078.8555908203125 -48.702436447143555 194.0 1.000 1.000 1.000
v -1078.8555908203125 -164.70243644714355 -37.0 1.000 1.000 1.000
v -1078.8555908203125 -157.70243644714355 237.0 1.000 1.000 1.000
v -972.8555908203125 -134.70243644714355 56.0 1.000 1.000 1.000
v -1059.8555908203125 -144.70243644714355 218.0 1.000 1.000 1.000
v -1078.8555908203125 -157.70243644714355 237.0 1.000 1.000 1.000
v -971.8555908203125 -144.70243644714355 -18.0 1.000 1.000 1.000
v -1078.8555908203125 -164.70243644714355 -37.0 1.000 1.000 1.000
v -1078.8555908203125 -82.70243644714355 -44.0 1.000 1.000 1.000
v -973.8555908203125 -99.70243644714355 -31.0 1.000 1.000 1.000
v -971.8555908203125 -144.70243644714355 -18.0 1.000 1.000 1.000
v -1078.8555908203125 -164.70243644714355 -37.0 1.000 1.000 1.000
v -639.8883666992188 -45.47519826889038 39.0 1.000 1.000 1.000
v -639.8883666992188 -45.47519826889038 -9.0 1.000 1.000 1.000
v -613.8883666992188 -174.47519826889038 8.0 1.000 1.000 1.000
v -641.8883666992188 -131.47519826889038 81.0 1.000 1.000 1.000
v -639.8883666992188 -45.47519826889038 -9.0 1.000 1.000 1.000
v -637.8883666992188 -117.47519826889038 -67.0 1.000 1.000 1.000
v -613.8883666992188 -174.47519826889038 8.0 1.000 1.000 1.000
v -973.8555908203125 -85.70243644714355 33.0 1.000 1.000 1.000
v -972.8555908203125 -134.70243644714355 56.0 1.000 1.000 1.000
v -973.8555908203125 -99.70243644714355 -31.0 1.000 1.000 1.000
v -971.8555908203125 -144.70243644714355 -18.0 1.000 1.000 1.000
v -973.8555908203125 -99.70243644714355 -31.0 1.000 1.000 1.000
v -971.8555908203125 -144.70243644714355 -18.0 1.000 1.000 1.000
v -512.8883666992188 -173.47519826889038 14.0 1.000 1.000 1.000
v -506.88836669921875 -51.47519826889038 49.0 1.000 1.000 1.000
v -523.8883666992188 -47.47519826889038 -9.0 1.000 1.000 1.000
v -509.88836669921875 -127.47519826889038 90.0 1.000 1.000 1.000
v -523.8883666992188 -47.47519826889038 -9.0 1.000 1.000 1.000
v -519.8883666992188 -115.47519826889038 -49.0 1.000 1.000 1.000
v -512.8883666992188 -173.47519826889038 14.0 1.000 1.000 1.000
v -641.8883666992188 -131.47519826889038 81.0 1.000 1.000 1.000
v -613.8883666992188 -174.47519826889038 8.0 1.000 1.000 1.000
v -639.8883666992188 -45.47519826889038 39.0 1.000 1.000 1.000
v -639.8883666992188 -45.47519826889038 -9.0 1.000 1.000 1.000
v -639.8883666992188 -45.47519826889038 -9.0 1.000 1.000 1.000
v -637.8883666992188 -117.47519826889038 -67.0 1.000 1.000 1.000
v -613.8883666992188 -174.47519826889038 8.0 1.000 1.000 1.000
v -989.8883666992188 -134.47519826889038 56.0 1.000 1.000 1.000
v -527.8883666992188 -125.47519826889038 87.0 1.000 1.000 1.000
v -990.8883666992188 -86.47519826889038 33.0 1.000 1.000 1.000
v -518.8883666992188 -27.47519826889038 38.0 1.000 1.000 1.000
v -521.8883666992188 -101.47519826889038 -67.0 1.000 1.000 1.000
v -990.8883666992188 -99.47519826889038 -31.0 1.000 1.000 1.000
v -522.8883666992188 -188.47519826889038 13.0 1.000 1.000 1.000
v -989.8883666992188 -145.47519826889038 -18.0 1.000 1.000 1.000
v -527.8883666992188 -125.47519826889038 87.0 1.000 1.000 1.000
v -522.8883666992188 -188.47519826889038 13.0 1.000 1.000 1.000
v -366.5890197753906 -127.63739013671875 116.0 1.000 1.000 1.000
v -207.58901977539062 -190.63739013671875 20.0 1.000 1.000 1.000
v -206.58901977539062 -144.63739013671875 116.0 1.000 1.000 1.000
v -206.58901977539062 -56.63739013671875 73.0 1.000 1.000 1.000
v -376.5890197753906 -188.63739013671875 13.0 1.000 1.000 1.000
v -324.5890197753906 -28.63739013671875 3.0 1.000 1.000 1.000
v -342.5890197753906 -35.63739013671875 69.0 1.000 1.000 1.000
v -206.58901977539062 -35.63739013671875 -17.0 1.000 1.000 1.000
v -206.58901977539062 -115.63739013671875 -65.0 1.000 1.000 1.000
v -290.5890197753906 -118.63739013671875 -71.0 1.000 1.000 1.000
v -63.0 -108.0 133.0 1.000 1.000 1.000
v -132.0 -24.0 20.0 1.000 1.000 1.000
v -4.0 -157.0 143.0 1.000 1.000 1.000
v -1.0 -138.0 -81.0 1.000 1.000 1.000
v -91.0 -92.0 -76.0 1.000 1.000 1.000
v -206.58901977539062 -56.63739013671875 73.0 1.000 1.000 1.000
v -206.58901977539062 -144.63739013671875 116.0 1.000 1.000 1.000
v -206.58901977539062 -35.63739013671875 -17.0 1.000 1.000 1.000
v -207.58901977539062 -190.63739013671875 20.0 1.000 1.000 1.000
v -206.58901977539062 -115.63739013671875 -65.0 1.000 1.000 1.000
v -342.5890197753906 -35.63739013671875 69.0 1.000 1.000 1.000
v -324.5890197753906 -28.63739013671875 3.0 1.000 1.000 1.000
v -376.5890197753906 -188.63739013671875 13.0 1.000 1.000 1.000
v -366.5890197753906 -127.63739013671875 116.0 1.000 1.000 1.000
v -324.5890197753906 -28.63739013671875 3.0 1.000 1.000 1.000
v -290.5890197753906 -118.63739013671875 -71.0 1.000 1.000 1.000
v -376.5890197753906 -188.63739013671875 13.0 1.000 1.000 1.000
v -506.88836669921875 -51.47519826889038 49.0 1.000 1.000 1.000
v -509.88836669921875 -127.47519826889038 90.0 1.000 1.000 1.000
v -523.8883666992188 -47.47519826889038 -9.0 1.000 1.000 1.000
v -512.8883666992188 -173.47519826889038 14.0 1.000 1.000 1.000
v -519.8883666992188 -115.47519826889038 -49.0 1.000 1.000 1.000
v -512.8883666992188 -173.47519826889038 14.0 1.000 1.000 1.000
v -523.8883666992188 -47.47519826889038 -9.0 1.000 1.000 1.000
v -527.5890197753906 -125.63739013671875 87.0 1.000 1.000 1.000
v -147.58901977539062 -185.63739013671875 20.0 1.000 1.000 1.000
v -147.58901977539062 -144.63739013671875 124.0 1.000 1.000 1.000
v -522.5890197753906 -101.63739013671875 -67.0 1.000 1.000 1.000
v -519.5890197753906 -27.63739013671875 38.0 1.000 1.000 1.000
v -147.58901977539062 -30.63739013671875 27.0 1.000 1.000 1.000
v -522.5890197753906 -188.63739013671875 13.0 1.000 1.000 1.000
v -147.58901977539062 -30.63739013671875 27.0 1.000 1.000 1.000
v -147.58901977539062 -144.63739013671875 124.0 1.000 1.000 1.000
v -147.58901977539062 -185.63739013671875 20.0 1.000 1.000 1.000
v -147.58901977539062 -115.63739013671875 -73.0 1.000 1.000 1.000
v -147.58901977539062 -115.63739013671875 -73.0 1.000 1.000 1.000
v -147.58901977539062 -185.63739013671875 20.0 1.000 1.000 1.000
v -522.5890197753906 -188.63739013671875 13.0 1.000 1.000 1.000
v -522.5890197753906 -101.63739013671875 -67.0 1.000 1.000 1.000
v -147.58901977539062 -30.63739013671875 27.0 1.000 1.000 1.000
v -527.5890197753906 -125.63739013671875 87.0 1.000 1.000 1.000
v -519.5890197753906 -27.63739013671875 38.0 1.000 1.000 1.000
v -522.5890197753906 -101.63739013671875 -67.0 1.000 1.000 1.000
v -522.5890197753906 -188.63739013671875 13.0 1.000 1.000 1.000
v 982.9278793334961 -90.38082361221313 33.0 1.000 1.000 1.000
v 1068.927879333496 -65.38082361221313 192.0 1.000 1.000 1.000
v 1087.927879333496 -53.380823612213135 194.0 1.000 1.000 1.000
v 981.9278793334961 -104.38082361221313 -31.0 1.000 1.000 1.000
v 1087.927879333496 -86.38082361221313 -44.0 1.000 1.000 1.000
v 1068.927879333496 -149.38082361221313 218.0 1.000 1.000 1.000
v 1087.927879333496 -53.380823612213135 194.0 1.000 1.000 1.000
v 1068.927879333496 -65.38082361221313 192.0 1.000 1.000 1.000
v 1087.927879333496 -161.38082361221313 237.0 1.000 1.000 1.000
v 1068.927879333496 -149.38082361221313 218.0 1.000 1.000 1.000
v 1068.927879333496 -65.38082361221313 192.0 1.000 1.000 1.000
v 982.9278793334961 -90.38082361221313 33.0 1.000 1.000 1.000
v 981.9278793334961 -139.38082361221313 56.0 1.000 1.000 1.000
v 1087.927879333496 -53.380823612213135 194.0 1.000 1.000 1.000
v 1087.927879333496 -169.38082361221313 -37.0 1.000 1.000 1.000
v 1087.927879333496 -86.38082361221313 -44.0 1.000 1.000 1.000
v 1087.927879333496 -161.38082361221313 237.0 1.000 1.000 1.000
v 1087.927879333496 -169.38082361221313 -37.0 1.000 1.000 1.000
v 1087.927879333496 -53.380823612213135 194.0 1.000 1.000 1.000
v 1087.927879333496 -161.38082361221313 237.0 1.000 1.000 1.000
v 1068.927879333496 -149.38082361221313 218.0 1.000 1.000 1.000
v 981.9278793334961 -139.38082361221313 56.0 1.000 1.000 1.000
v 980.9278793334961 -149.38082361221313 -18.0 1.000 1.000 1.000
v 1087.927879333496 -169.38082361221313 -37.0 1.000 1.000 1.000
v 980.9278793334961 -149.38082361221313 -18.0 1.000 1.000 1.000
v 981.9278793334961 -104.38082361221313 -31.0 1.000 1.000 1.000
v 1087.927879333496 -86.38082361221313 -44.0 1.000 1.000 1.000
v 1087.927879333496 -169.38082361221313 -37.0 1.000 1.000 1.000
v 661.3251266479492 -46.095176696777344 38.0 1.000 1.000 1.000
v 647.3251266479492 -47.095176696777344 -8.0 1.000 1.000 1.000
v 660.3251266479492 -127.09517669677734 81.0 1.000 1.000 1.000
v 625.3251266479492 -175.09517669677734 10.0 1.000 1.000 1.000
v 647.3251266479492 -125.09517669677734 -66.0 1.000 1.000 1.000
v 647.3251266479492 -47.095176696777344 -8.0 1.000 1.000 1.000
v 625.3251266479492 -175.09517669677734 10.0 1.000 1.000 1.000
v 981.9278793334961 -139.38082361221313 56.0 1.000 1.000 1.000
v 982.9278793334961 -90.38082361221313 33.0 1.000 1.000 1.000
v 981.9278793334961 -104.38082361221313 -31.0 1.000 1.000 1.000
v 980.9278793334961 -149.38082361221313 -18.0 1.000 1.000 1.000
v 981.9278793334961 -104.38082361221313 -31.0 1.000 1.000 1.000
v 980.9278793334961 -149.38082361221313 -18.0 1.000 1.000 1.000
v 515.3251266479492 -130.09517669677734 90.0 1.000 1.000 1.000
v 510.3251266479492 -50.095176696777344 49.0 1.000 1.000 1.000
v 518.3251266479492 -50.095176696777344 -7.0 1.000 1.000 1.000
v 521.3251266479492 -173.09517669677734 15.0 1.000 1.000 1.000
v 528.3251266479492 -123.09517669677734 -50.0 1.000 1.000 1.000
v 518.3251266479492 -50.095176696777344 -7.0 1.000 1.000 1.000
v 521.3251266479492 -173.09517669677734 15.0 1.000 1.000 1.000
v 661.3251266479492 -46.095176696777344 38.0 1.000 1.000 1.000
v 660.3251266479492 -127.09517669677734 81.0 1.000 1.000 1.000
v 647.3251266479492 -47.095176696777344 -8.0 1.000 1.000 1.000
v 625.3251266479492 -175.09517669677734 10.0 1.000 1.000 1.000
v 647.3251266479492 -47.095176696777344 -8.0 1.000 1.000 1.000
v 647.3251266479492 -125.09517669677734 -66.0 1.000 1.000 1.000
v 625.3251266479492 -175.09517669677734 10.0 1.000 1.000 1.000
v 1000.3251266479492 -90.09517669677734 33.0 1.000 1.000 1.000
v 536.3251266479492 -130.09517669677734 87.0 1.000 1.000 1.000
v 999.3251266479492 -139.09517669677734 56.0 1.000 1.000 1.000
v 1000.3251266479492 -104.09517669677734 -31.0 1.000 1.000 1.000
v 531.3251266479492 -106.09517669677734 -67.0 1.000 1.000 1.000
v 528.3251266479492 -48.095176696777344 38.0 1.000 1.000 1.000
v 531.3251266479492 -193.09517669677734 13.0 1.000 1.000 1.000
v 998.3251266479492 -150.09517669677734 -18.0 1.000 1.000 1.000
v 531.3251266479492 -193.09517669677734 13.0 1.000 1.000 1.000
v 536.3251266479492 -130.09517669677734 87.0 1.000 1.000 1.000
v 216.1657943725586 -145.35110473632812 116.0 1.000 1.000 1.000
v 216.1657943725586 -190.35110473632812 20.0 1.000 1.000 1.000
v 374.1657943725586 -126.35110473632812 116.0 1.000 1.000 1.000
v 216.1657943725586 -64.35110473632812 79.0 1.000 1.000 1.000
v 385.1657943725586 -190.35110473632812 12.0 1.000 1.000 1.000
v 351.1657943725586 -33.351104736328125 75.0 1.000 1.000 1.000
v 330.1657943725586 -29.351104736328125 5.0 1.000 1.000 1.000
v 216.1657943725586 -39.351104736328125 -17.0 1.000 1.000 1.000
v 216.1657943725586 -121.35110473632812 -66.0 1.000 1.000 1.000
v 309.1657943725586 -117.35110473632812 -72.0 1.000 1.000 1.000
v 143.0 -25.0 25.0 1.000 1.000 1.000
v 67.0 -105.0 136.0 1.000 1.000 1.000
v 5.0 -157.0 143.0 1.000 1.000 1.000
v 9.0 -138.0 -79.0 1.000 1.000 1.000
v 92.0 -90.0 -80.0 1.000 1.000 1.000
v 216.1657943725586 -64.35110473632812 79.0 1.000 1.000 1.000
v 216.1657943725586 -145.35110473632812 116.0 1.000 1.000 1.000
v 216.1657943725586 -190.35110473632812 20.0 1.000 1.000 1.000
v 216.1657943725586 -39.351104736328125 -17.0 1.000 1.000 1.000
v 216.1657943725586 -121.35110473632812 -66.0 1.000 1.000 1.000
v 330.1657943725586 -29.351104736328125 5.0 1.000 1.000 1.000
v 351.1657943725586 -33.351104736328125 75.0 1.000 1.000 1.000
v 374.1657943725586 -126.35110473632812 116.0 1.000 1.000 1.000
v 385.1657943725586 -190.35110473632812 12.0 1.000 1.000 1.000
v 309.1657943725586 -117.35110473632812 -72.0 1.000 1.000 1.000
v 330.1657943725586 -29.351104736328125 5.0 1.000 1.000 1.000
v 385.1657943725586 -190.35110473632812 12.0 1.000 1.000 1.000
v 518.3251266479492 -50.095176696777344 -7.0 1.000 1.000 1.000
v 521.3251266479492 -173.09517669677734 15.0 1.000 1.000 1.000
v 515.3251266479492 -130.09517669677734 90.0 1.000 1.000 1.000
v 510.3251266479492 -50.095176696777344 49.0 1.000 1.000 1.000
v 518.3251266479492 -50.095176696777344 -7.0 1.000 1.000 1.000
v 528.3251266479492 -123.09517669677734 -50.0 1.000 1.000 1.000
v 521.3251266479492 -173.09517669677734 15.0 1.000 1.000 1.000
v 531.1657943725586 -193.35110473632812 13.0 1.000 1.000 1.000
v 157.1657943725586 -189.35110473632812 20.0 1.000 1.000 1.000
v 157.1657943725586 -119.35110473632812 -73.0 1.000 1.000 1.000
v 531.1657943725586 -106.35110473632812 -67.0 1.000 1.000 1.000
v 157.1657943725586 -35.351104736328125 27.0 1.000 1.000 1.000
v 531.1657943725586 -193.35110473632812 13.0 1.000 1.000 1.000
v 531.1657943725586 -106.35110473632812 -67.0 1.000 1.000 1.000
v 528.1657943725586 -47.351104736328125 38.0 1.000 1.000 1.000
v 537.1657943725586 -129.35110473632812 87.0 1.000 1.000 1.000
v 157.1657943725586 -148.35110473632812 124.0 1.000 1.000 1.000
v 157.1657943725586 -189.35110473632812 20.0 1.000 1.000 1.000
v 537.1657943725586 -129.35110473632812 87.0 1.000 1.000 1.000
v 157.1657943725586 -35.351104736328125 27.0 1.000 1.000 1.000
v 528.1657943725586 -47.351104736328125 38.0 1.000 1.000 1.000
v 531.1657943725586 -106.35110473632812 -67.0 1.000 1.000 1.000
v 531.1657943725586 -193.35110473632812 13.0 1.000 1.000 1.000
v 157.1657943725586 -119.35110473632812 -73.0 1.000 1.000 1.000
v 157.1657943725586 -189.35110473632812 20.0 1.000 1.000 1.000
v 157.1657943725586 -148.35110473632812 124.0 1.000 1.000 1.000
v 157.1657943725586 -35.351104736328125 27.0 1.000 1.000 1.000
v -34.576026916503906 481.42901611328125 -28.0 1.000 1.000 1.000
v -42.576026916503906 499.42901611328125 -48.0 1.000 1.000 1.000
v 32.423973083496094 482.42901611328125 -28.0 1.000 1.000 1.000
v 39.423973083496094 499.42901611328125 -48.0 1.000 1.000 1.000
v 5.423973083496094 561.4290161132812 116.0 1.000 1.000 1.000
v 60.423973083496094 637.4290161132812 71.0 1.000 1.000 1.000
v -1.5760269165039062 657.4290161132812 108.0 1.000 1.000 1.000
v -9.576026916503906 560.4290161132812 116.0 1.000 1.000 1.000
v -9.576026916503906 528.4290161132812 140.0 1.000 1.000 1.000
v 5.423973083496094 528.4290161132812 140.0 1.000 1.000 1.000
v 21.423973083496094 523.4290161132812 128.0 1.000 1.000 1.000
v 30.423973083496094 435.42901611328125 119.0 1.000 1.000 1.000
v -31.576026916503906 436.42901611328125 119.0 1.000 1.000 1.000
v -1.5760269165039062 426.42901611328125 95.0 1.000 1.000 1.000
v 35.423973083496094 660.4290161132812 -43.0 1.000 1.000 1.000
v -2.5760269165039062 677.4290161132812 -28.0 1.000 1.000 1.000
v 45.423973083496094 668.4290161132812 41.0 1.000 1.000 1.000
v -55.576026916503906 588.4290161132812 93.0 1.000 1.000 1.000
v -31.576026916503906 436.42901611328125 119.0 1.000 1.000 1.000
v -21.576026916503906 523.4290161132812 128.0 1.000 1.000 1.000
v -9.576026916503906 528.4290161132812 140.0 1.000 1.000 1.000
v 5.423973083496094 528.4290161132812 140.0 1.000 1.000 1.000
v 5.423973083496094 561.4290161132812 116.0 1.000 1.000 1.000
v 44.423973083496094 588.4290161132812 94.0 1.000 1.000 1.000
v 60.423973083496094 637.4290161132812 71.0 1.000 1.000 1.000
v -1.5760269165039062 685.4290161132812 54.0 1.000 1.000 1.000
v -40.576026916503906 667.4290161132812 43.0 1.000 1.000 1.000
v -1.5760269165039062 657.4290161132812 108.0 1.000 1.000 1.000
v 21.423973083496094 523.4290161132812 128.0 1.000 1.000 1.000
v -40.576026916503906 659.4290161132812 -42.0 1.000 1.000 1.000
v -63.576026916503906 637.4290161132812 71.0 1.000 1.000 1.000
v -55.576026916503906 588.4290161132812 93.0 1.000 1.000 1.000
v -9.576026916503906 560.4290161132812 116.0 1.000 1.000 1.000
v -62.576026916503906 597.4290161132812 -69.0 1.000 1.000 1.000
v 35.423973083496094 660.4290161132812 -43.0 1.000 1.000 1.000
v 52.423973083496094 599.4290161132812 -69.0 1.000 1.000 1.000
v -40.576026916503906 659.4290161132812 -42.0 1.000 1.000 1.000
v -42.576026916503906 499.42901611328125 -48.0 1.000 1.000 1.000
v 39.423973083496094 499.42901611328125 -48.0 1.000 1.000 1.000
v -40.576026916503906 659.4290161132812 -42.0 1.000 1.000 1.000
v -2.5760269165039062 677.4290161132812 -28.0 1.000 1.000 1.000
v 35.423973083496094 660.4290161132812 -43.0 1.000 1.000 1.000
v 30.423973083496094 435.42901611328125 119.0 1.000 1.000 1.000
v -21.576026916503906 523.4290161132812 128.0 1.000 1.000 1.000
v -31.576026916503906 436.42901611328125 119.0 1.000 1.000 1.000
v -40.576026916503906 667.4290161132812 43.0 1.000 1.000 1.000
v -63.576026916503906 637.4290161132812 71.0 1.000 1.000 1.000
v -1.5760269165039062 657.4290161132812 108.0 1.000 1.000 1.000
v 30.423973083496094 435.42901611328125 119.0 1.000 1.000 1.000
v 21.423973083496094 523.4290161132812 128.0 1.000 1.000 1.000
v -21.576026916503906 523.4290161132812 128.0 1.000 1.000 1.000
v -9.576026916503906 560.4290161132812 116.0 1.000 1.000 1.000
v 5.423973083496094 561.4290161132812 116.0 1.000 1.000 1.000
v 44.423973083496094 588.4290161132812 94.0 1.000 1.000 1.000
v -55.576026916503906 588.4290161132812 93.0 1.000 1.000 1.000
v -9.576026916503906 528.4290161132812 140.0 1.000 1.000 1.000
v 60.423973083496094 637.4290161132812 71.0 1.000 1.000 1.000
v 45.423973083496094 668.4290161132812 41.0 1.000 1.000 1.000
v -1.5760269165039062 685.4290161132812 54.0 1.000 1.000 1.000
v -2.5760269165039062 677.4290161132812 -28.0 1.000 1.000 1.000
v -115.5760269165039 604.4290161132812 19.0 1.000 1.000 1.000
v -82.5760269165039 607.4290161132812 121.0 1.000 1.000 1.000
v -116.5760269165039 608.4290161132812 19.0 1.000 1.000 1.000
v 27.423973083496094 781.4290161132812 -46.0 1.000 1.000 1.000
v -24.576026916503906 783.4290161132812 19.0 1.000 1.000 1.000
v 48.423973083496094 784.4290161132812 19.0 1.000 1.000 1.000
v -81.5760269165039 603.4290161132812 121.0 1.000 1.000 1.000
v -23.576026916503906 774.4290161132812 -72.0 1.000 1.000 1.000
v -0.5760269165039062 613.4290161132812 164.0 1.000 1.000 1.000
v -74.5760269165039 767.4290161132812 -46.0 1.000 1.000 1.000
v -0.5760269165039062 608.4290161132812 164.0 1.000 1.000 1.000
v -95.5760269165039 764.4290161132812 19.0 1.000 1.000 1.000
v -24.576026916503906 783.4290161132812 19.0 1.000 1.000 1.000
v 79.4239730834961 630.4290161132812 121.0 1.000 1.000 1.000
v -74.5760269165039 767.4290161132812 83.0 1.000 1.000 1.000
v 79.4239730834961 626.4290161132812 121.0 1.000 1.000 1.000
v -23.576026916503906 774.4290161132812 117.0 1.000 1.000 1.000
v -24.576026916503906 783.4290161132812 19.0 1.000 1.000 1.000
v -74.5760269165039 767.4290161132812 83.0 1.000 1.000 1.000
v 79.4239730834961 626.4290161132812 121.0 1.000 1.000 1.000
v 111.4239730834961 641.4290161132812 19.0 1.000 1.000 1.000
v 79.4239730834961 630.4290161132812 121.0 1.000 1.000 1.000
v 27.423973083496094 781.4290161132812 83.0 1.000 1.000 1.000
v 112.4239730834961 636.4290161132812 19.0 1.000 1.000 1.000
v 48.423973083496094 784.4290161132812 19.0 1.000 1.000 1.000
v -82.5760269165039 607.4290161132812 121.0 1.000 1.000 1.000
v -77.5760269165039 608.4290161132812 115.0 1.000 1.000 1.000
v -116.5760269165039 608.4290161132812 19.0 1.000 1.000 1.000
v -0.5760269165039062 613.4290161132812 155.0 1.000 1.000 1.000
v -0.5760269165039062 613.4290161132812 164.0 1.000 1.000 1.000
v 74.4239730834961 630.4290161132812 115.0 1.000 1.000 1.000
v 105.4239730834961 639.4290161132812 19.0 1.000 1.000 1.000
v 112.4239730834961 636.4290161132812 19.0 1.000 1.000 1.000
v 79.4239730834961 630.4290161132812 -84.0 1.000 1.000 1.000
v 111.4239730834961 641.4290161132812 19.0 1.000 1.000 1.000
v 79.4239730834961 626.4290161132812 -84.0 1.000 1.000 1.000
v -0.5760269165039062 613.4290161132812 -126.0 1.000 1.000 1.000
v -0.5760269165039062 608.4290161132812 -126.0 1.000 1.000 1.000
v -17.576026916503906 734.4290161132812 113.0 1.000 1.000 1.000
v 27.423973083496094 781.4290161132812 83.0 1.000 1.000 1.000
v -23.576026916503906 774.4290161132812 117.0 1.000 1.000 1.000
v -82.5760269165039 607.4290161132812 -84.0 1.000 1.000 1.000
v -81.5760269165039 603.4290161132812 -84.0 1.000 1.000 1.000
v -116.5760269165039 608.4290161132812 19.0 1.000 1.000 1.000
v 50.423973083496094 745.4290161132812 19.0 1.000 1.000 1.000
v 27.423973083496094 781.4290161132812 -46.0 1.000 1.000 1.000
v 48.423973083496094 784.4290161132812 19.0 1.000 1.000 1.000
v 30.423973083496094 742.4290161132812 -42.0 1.000 1.000 1.000
v 30.423973083496094 742.4290161132812 -42.0 1.000 1.000 1.000
v -23.576026916503906 774.4290161132812 -72.0 1.000 1.000 1.000
v 27.423973083496094 781.4290161132812 -46.0 1.000 1.000 1.000
v -17.576026916503906 734.4290161132812 -68.0 1.000 1.000 1.000
v -74.5760269165039 767.4290161132812 -46.0 1.000 1.000 1.000
v -66.5760269165039 728.4290161132812 -42.0 1.000 1.000 1.000
v -95.5760269165039 764.4290161132812 19.0 1.000 1.000 1.000
v -86.5760269165039 725.4290161132812 19.0 1.000 1.000 1.000
v -74.5760269165039 767.4290161132812 83.0 1.000 1.000 1.000
v -66.5760269165039 728.4290161132812 80.0 1.000 1.000 1.000
v -23.576026916503906 774.4290161132812 117.0 1.000 1.000 1.000
v -17.576026916503906 734.4290161132812 113.0 1.000 1.000 1.000
v -115.5760269165039 604.4290161132812 19.0 1.000 1.000 1.000
v -116.5760269165039 608.4290161132812 19.0 1.000 1.000 1.000
v -81.5760269165039 603.4290161132812 -84.0 1.000 1.000 1.000
v 30.423973083496094 742.4290161132812 80.0 1.000 1.000 1.000
v 27.423973083496094 781.4290161132812 83.0 1.000 1.000 1.000
v -17.576026916503906 734.4290161132812 113.0 1.000 1.000 1.000
v 48.423973083496094 784.4290161132812 19.0 1.000 1.000 1.000
v 50.423973083496094 745.4290161132812 19.0 1.000 1.000 1.000
v 62.423973083496094 675.4290161132812 19.0 1.000 1.000 1.000
v 30.423973083496094 742.4290161132812 -42.0 1.000 1.000 1.000
v 50.423973083496094 745.4290161132812 19.0 1.000 1.000 1.000
v 52.423973083496094 673.4290161132812 -42.0 1.000 1.000 1.000
v -17.576026916503906 734.4290161132812 -68.0 1.000 1.000 1.000
v -4.576026916503906 661.4290161132812 -67.0 1.000 1.000 1.000
v -66.5760269165039 728.4290161132812 -42.0 1.000 1.000 1.000
v -60.576026916503906 656.4290161132812 -52.0 1.000 1.000 1.000
v -86.5760269165039 725.4290161132812 19.0 1.000 1.000 1.000
v -72.5760269165039 656.4290161132812 19.0 1.000 1.000 1.000
v -66.5760269165039 728.4290161132812 80.0 1.000 1.000 1.000
v -62.576026916503906 656.4290161132812 79.0 1.000 1.000 1.000
v -66.5760269165039 728.4290161132812 80.0 1.000 1.000 1.000
v -72.5760269165039 656.4290161132812 19.0 1.000 1.000 1.000
v -17.576026916503906 734.4290161132812 113.0 1.000 1.000 1.000
v -4.576026916503906 661.4290161132812 112.0 1.000 1.000 1.000
v 30.423973083496094 742.4290161132812 80.0 1.000 1.000 1.000
v 52.423973083496094 673.4290161132812 79.0 1.000 1.000 1.000
v 50.423973083496094 745.4290161132812 19.0 1.000 1.000 1.000
v 62.423973083496094 675.4290161132812 19.0 1.000 1.000 1.000
v 77.4239730834961 630.4290161132812 19.0 1.000 1.000 1.000
v 52.423973083496094 673.4290161132812 -42.0 1.000 1.000 1.000
v 62.423973083496094 675.4290161132812 19.0 1.000 1.000 1.000
v 58.423973083496094 625.4290161132812 -61.0 1.000 1.000 1.000
v -4.576026916503906 661.4290161132812 -67.0 1.000 1.000 1.000
v -0.5760269165039062 612.4290161132812 -81.0 1.000 1.000 1.000
v -60.576026916503906 656.4290161132812 -52.0 1.000 1.000 1.000
v -63.576026916503906 609.4290161132812 -66.0 1.000 1.000 1.000
v -60.576026916503906 656.4290161132812 -52.0 1.000 1.000 1.000
v -0.5760269165039062 612.4290161132812 -81.0 1.000 1.000 1.000
v -72.5760269165039 656.4290161132812 19.0 1.000 1.000 1.000
v -80.5760269165039 608.4290161132812 19.0 1.000 1.000 1.000
v -62.576026916503906 656.4290161132812 79.0 1.000 1.000 1.000
v -70.5760269165039 608.4290161132812 85.0 1.000 1.000 1.000
v -4.576026916503906 661.4290161132812 112.0 1.000 1.000 1.000
v -0.5760269165039062 612.4290161132812 118.0 1.000 1.000 1.000
v 52.423973083496094 673.4290161132812 79.0 1.000 1.000 1.000
v 66.4239730834961 626.4290161132812 82.0 1.000 1.000 1.000
v 62.423973083496094 675.4290161132812 19.0 1.000 1.000 1.000
v 77.4239730834961 630.4290161132812 19.0 1.000 1.000 1.000
v 105.4239730834961 639.4290161132812 19.0 1.000 1.000 1.000
v 58.423973083496094 625.4290161132812 -61.0 1.000 1.000 1.000
v 77.4239730834961 630.4290161132812 19.0 1.000 1.000 1.000
v 74.4239730834961 630.4290161132812 -78.0 1.000 1.000 1.000
v 58.423973083496094 625.4290161132812 -61.0 1.000 1.000 1.000
v 105.4239730834961 639.4290161132812 19.0 1.000 1.000 1.000
v -0.5760269165039062 612.4290161132812 -81.0 1.000 1.000 1.000
v -0.5760269165039062 613.4290161132812 -117.0 1.000 1.000 1.000
v -63.576026916503906 609.4290161132812 -66.0 1.000 1.000 1.000
v -77.5760269165039 608.4290161132812 -78.0 1.000 1.000 1.000
v -80.5760269165039 608.4290161132812 19.0 1.000 1.000 1.000
v -109.5760269165039 609.4290161132812 19.0 1.000 1.000 1.000
v -70.5760269165039 608.4290161132812 85.0 1.000 1.000 1.000
v -77.5760269165039 608.4290161132812 115.0 1.000 1.000 1.000
v -0.5760269165039062 612.4290161132812 118.0 1.000 1.000 1.000
v -0.5760269165039062 613.4290161132812 155.0 1.000 1.000 1.000
v 66.4239730834961 626.4290161132812 82.0 1.000 1.000 1.000
v 74.4239730834961 630.4290161132812 115.0 1.000 1.000 1.000
v 77.4239730834961 630.4290161132812 19.0 1.000 1.000 1.000
v 105.4239730834961 639.4290161132812 19.0 1.000 1.000 1.000
v 77.4239730834961 630.4290161132812 19.0 1.000 1.000 1.000
v 74.4239730834961 630.4290161132812 115.0 1.000 1.000 1.000
v 111.4239730834961 641.4290161132812 19.0 1.000 1.000 1.000
v 74.4239730834961 630.4290161132812 -78.0 1.000 1.000 1.000
v 105.4239730834961 639.4290161132812 19.0 1.000 1.000 1.000
v 79.4239730834961 630.4290161132812 -84.0 1.000 1.000 1.000
v -0.5760269165039062 613.4290161132812 -117.0 1.000 1.000 1.000
v -0.5760269165039062 613.4290161132812 -126.0 1.000 1.000 1.000
v -77.5760269165039 608.4290161132812 -78.0 1.000 1.000 1.000
v -82.5760269165039 607.4290161132812 -84.0 1.000 1.000 1.000
v -109.5760269165039 609.4290161132812 19.0 1.000 1.000 1.000
v -116.5760269165039 608.4290161132812 19.0 1.000 1.000 1.000
v -77.5760269165039 608.4290161132812 115.0 1.000 1.000 1.000
v -1.5760269165039062 434.42901611328125 70.0 1.000 1.000 1.000
v -53.576026916503906 487.42901611328125 28.0 1.000 1.000 1.000
v -52.576026916503906 476.42901611328125 27.0 1.000 1.000 1.000
v -62.576026916503906 511.42901611328125 4.0 1.000 1.000 1.000
v -34.576026916503906 481.42901611328125 -28.0 1.000 1.000 1.000
v -42.576026916503906 499.42901611328125 -48.0 1.000 1.000 1.000
v -55.576026916503906 588.4290161132812 93.0 1.000 1.000 1.000
v -63.576026916503906 637.4290161132812 71.0 1.000 1.000 1.000
v -72.5760269165039 569.4290161132812 19.0 1.000 1.000 1.000
v -62.576026916503906 597.4290161132812 -69.0 1.000 1.000 1.000
v -40.576026916503906 659.4290161132812 -42.0 1.000 1.000 1.000
v -40.576026916503906 667.4290161132812 43.0 1.000 1.000 1.000
v -31.576026916503906 436.42901611328125 119.0 1.000 1.000 1.000
v -1.5760269165039062 426.42901611328125 95.0 1.000 1.000 1.000
v 32.423973083496094 482.42901611328125 -28.0 1.000 1.000 1.000
v 39.423973083496094 499.42901611328125 -48.0 1.000 1.000 1.000
v 49.423973083496094 475.42901611328125 27.0 1.000 1.000 1.000
v 57.423973083496094 512.4290161132812 4.0 1.000 1.000 1.000
v -1.5760269165039062 434.42901611328125 70.0 1.000 1.000 1.000
v 53.423973083496094 487.42901611328125 28.0 1.000 1.000 1.000
v 67.4239730834961 570.4290161132812 19.0 1.000 1.000 1.000
v 44.423973083496094 588.4290161132812 94.0 1.000 1.000 1.000
v 60.423973083496094 637.4290161132812 71.0 1.000 1.000 1.000
v 52.423973083496094 599.4290161132812 -69.0 1.000 1.000 1.000
v 30.423973083496094 435.42901611328125 119.0 1.000 1.000 1.000
v -1.5760269165039062 426.42901611328125 95.0 1.000 1.000 1.000
v 45.423973083496094 668.4290161132812 41.0 1.000 1.000 1.000
v 35.423973083496094 660.4290161132812 -43.0 1.000 1.000 1.000
v -64.5760269165039 672.4290161132812 111.0 1.000 1.000 1.000
v 62.423973083496094 672.4290161132812 112.0 1.000 1.000 1.000
v 66.4239730834961 671.4290161132812 -68.0 1.000 1.000 1.000
v -67.5760269165039 671.4290161132812 -68.0 1.000 1.000 1.000
v 48.423973083496094 494.42901611328125 -54.0 1.000 1.000 1.000
v -49.576026916503906 493.42901611328125 -54.0 1.000 1.000 1.000
v -67.5760269165039 671.4290161132812 -68.0 1.000 1.000 1.000
v 66.4239730834961 671.4290161132812 -68.0 1.000 1.000 1.000
v -49.576026916503906 428.42901611328125 137.0 1.000 1.000 1.000
v 49.423973083496094 428.42901611328125 137.0 1.000 1.000 1.000
v 62.423973083496094 672.4290161132812 112.0 1.000 1.000 1.000
v -64.5760269165039 672.4290161132812 111.0 1.000 1.000 1.000
v -81.5760269165039 606.4290161132812 -82.0 1.000 1.000 1.000
v 75.4239730834961 626.4290161132812 -82.0 1.000 1.000 1.000
v 75.4239730834961 626.4290161132812 121.0 1.000 1.000 1.000
v -62.576026916503906 624.4290161132812 121.0 1.000 1.000 1.000
v -100.5760269165039 761.4290161132812 117.0 1.000 1.000 1.000
v 45.423973083496094 781.4290161132812 117.0 1.000 1.000 1.000
v 51.423973083496094 786.4290161132812 -86.0 1.000 1.000 1.000
v -93.5760269165039 759.4290161132812 -86.0 1.000 1.000 1.000
v -100.5760269165039 761.4290161132812 117.0 1.000 1.000 1.000
v -93.5760269165039 759.4290161132812 -86.0 1.000 1.000 1.000
v -81.5760269165039 606.4290161132812 -82.0 1.000 1.000 1.000
v -62.576026916503906 624.4290161132812 121.0 1.000 1.000 1.000
v 75.4239730834961 626.4290161132812 -82.0 1.000 1.000 1.000
v -81.5760269165039 606.4290161132812 -82.0 1.000 1.000 1.000
v -93.5760269165039 759.4290161132812 -86.0 1.000 1.000 1.000
v 51.423973083496094 786.4290161132812 -86.0 1.000 1.000 1.000
v 75.4239730834961 626.4290161132812 121.0 1.000 1.000 1.000
v 75.4239730834961 626.4290161132812 -82.0 1.000 1.000 1.000
v 51.423973083496094 786.4290161132812 -86.0 1.000 1.000 1.000
v 45.423973083496094 781.4290161132812 117.0 1.000 1.000 1.000
v -62.576026916503906 624.4290161132812 121.0 1.000 1.000 1.000
v 75.4239730834961 626.4290161132812 121.0 1.000 1.000 1.000
v 45.423973083496094 781.4290161132812 117.0 1.000 1.000 1.000
v -100.5760269165039 761.4290161132812 117.0 1.000 1.000 1.000
v -49.576026916503906 493.42901611328125 -54.0 1.000 1.000 1.000
v 48.423973083496094 494.42901611328125 -54.0 1.000 1.000 1.000
v 49.423973083496094 428.42901611328125 137.0 1.000 1.000 1.000
v -49.576026916503906 428.42901611328125 137.0 1.000 1.000 1.000
v -64.5760269165039 672.4290161132812 111.0 1.000 1.000 1.000
v -67.5760269165039 671.4290161132812 -68.0 1.000 1.000 1.000
v -49.576026916503906 493.42901611328125 -54.0 1.000 1.000 1.000
v -49.576026916503906 428.42901611328125 137.0 1.000 1.000 1.000
v 49.423973083496094 428.42901611328125 137.0 1.000 1.000 1.000
v 48.423973083496094 494.42901611328125 -54.0 1.000 1.000 1.000
v 66.4239730834961 671.4290161132812 -68.0 1.000 1.000 1.000
v 62.423973083496094 672.4290161132812 112.0 1.000 1.000 1.000
v -220.86859130859375 414.30655002593994 -45.0 1.000 1.000 1.000
v -286.86859130859375 415.30655002593994 -45.0 1.000 1.000 1.000
v -253.86859130859375 377.30655002593994 70.0 1.000 1.000 1.000
v -304.86859130859375 438.30655002593994 0.0 1.000 1.000 1.000
v -203.86859130859375 438.30655002593994 1.0 1.000 1.000 1.000
v -34.576026916503906 481.42901611328125 -28.0 1.000 1.000 1.000
v -1.5760269165039062 434.42901611328125 70.0 1.000 1.000 1.000
v -52.576026916503906 476.42901611328125 27.0 1.000 1.000 1.000
v 32.423973083496094 482.42901611328125 -28.0 1.000 1.000 1.000
v 49.423973083496094 475.42901611328125 27.0 1.000 1.000 1.000
v -665.0662807226181 409.1454210281372 42.0 1.000 1.000 1.000
v -785.0662807226181 338.1454210281372 55.0 1.000 1.000 1.000
v -663.0662807226181 336.1454210281372 38.0 1.000 1.000 1.000
v -745.0662807226181 435.1454210281372 52.0 1.000 1.000 1.000
v -785.0662807226181 338.1454210281372 55.0 1.000 1.000 1.000
v -744.0662807226181 431.1454210281372 -27.0 1.000 1.000 1.000
v -773.0662807226181 343.1454210281372 -44.0 1.000 1.000 1.000
v -745.0662807226181 435.1454210281372 52.0 1.000 1.000 1.000
v -744.0662807226181 431.1454210281372 -27.0 1.000 1.000 1.000
v -665.0662807226181 409.1454210281372 42.0 1.000 1.000 1.000
v -665.0662807226181 397.1454210281372 -27.0 1.000 1.000 1.000
v -745.0662807226181 435.1454210281372 52.0 1.000 1.000 1.000
v -665.0662807226181 397.1454210281372 -27.0 1.000 1.000 1.000
v -773.0662807226181 343.1454210281372 -44.0 1.000 1.000 1.000
v -744.0662807226181 431.1454210281372 -27.0 1.000 1.000 1.000
v -664.0662807226181 341.1454210281372 -23.0 1.000 1.000 1.000
v -773.0662807226181 343.1454210281372 -44.0 1.000 1.000 1.000
v -663.0662807226181 336.1454210281372 38.0 1.000 1.000 1.000
v -785.0662807226181 338.1454210281372 55.0 1.000 1.000 1.000
v -664.0662807226181 341.1454210281372 -23.0 1.000 1.000 1.000
v -476.19768941402435 336.83887100219727 59.0 1.000 1.000 1.000
v -483.19768941402435 425.83887100219727 63.0 1.000 1.000 1.000
v -476.19768941402435 333.83887100219727 -10.0 1.000 1.000 1.000
v -476.19768941402435 336.83887100219727 59.0 1.000 1.000 1.000
v -476.19768941402435 388.83887100219727 -46.0 1.000 1.000 1.000
v -475.19768941402435 430.83887100219727 5.0 1.000 1.000 1.000
v -663.0662807226181 336.1454210281372 38.0 1.000 1.000 1.000
v -664.0662807226181 341.1454210281372 -23.0 1.000 1.000 1.000
v -665.0662807226181 409.1454210281372 42.0 1.000 1.000 1.000
v -665.0662807226181 397.1454210281372 -27.0 1.000 1.000 1.000
v -663.0662807226181 336.1454210281372 38.0 1.000 1.000 1.000
v -398.19768941402435 422.83887100219727 6.0 1.000 1.000 1.000
v -407.19768941402435 388.83887100219727 -52.0 1.000 1.000 1.000
v -403.19768941402435 335.83887100219727 -10.0 1.000 1.000 1.000
v -403.19768941402435 328.83887100219727 51.0 1.000 1.000 1.000
v -411.19768941402435 436.83887100219727 67.0 1.000 1.000 1.000
v -403.19768941402435 328.83887100219727 51.0 1.000 1.000 1.000
v -475.19768941402435 430.83887100219727 5.0 1.000 1.000 1.000
v -476.19768941402435 388.83887100219727 -46.0 1.000 1.000 1.000
v -476.19768941402435 333.83887100219727 -10.0 1.000 1.000 1.000
v -476.19768941402435 336.83887100219727 59.0 1.000 1.000 1.000
v -483.19768941402435 425.83887100219727 63.0 1.000 1.000 1.000
v -476.19768941402435 336.83887100219727 59.0 1.000 1.000 1.000
v -395.19768941402435 313.83887100219727 85.0 1.000 1.000 1.000
v -401.19768941402435 414.83887100219727 89.0 1.000 1.000 1.000
v -671.1976894140244 342.83887100219727 42.0 1.000 1.000 1.000
v -671.1976894140244 349.83887100219727 -25.0 1.000 1.000 1.000
v -395.19768941402435 311.83887100219727 -28.0 1.000 1.000 1.000
v -674.1976894140244 405.83887100219727 42.0 1.000 1.000 1.000
v -401.19768941402435 427.83887100219727 -49.0 1.000 1.000 1.000
v -673.1976894140244 389.83887100219727 -27.0 1.000 1.000 1.000
v -332.2357143163681 327.22493743896484 62.0 1.000 1.000 1.000
v -267.2357143163681 326.22493743896484 -16.0 1.000 1.000 1.000
v -258.2357143163681 330.22493743896484 66.0 1.000 1.000 1.000
v -332.2357143163681 327.22493743896484 62.0 1.000 1.000 1.000
v -181.2357143163681 383.22493743896484 88.0 1.000 1.000 1.000
v -326.2357143163681 416.22493743896484 81.0 1.000 1.000 1.000
v -259.2357143163681 395.22493743896484 -65.0 1.000 1.000 1.000
v -133.2357143163681 410.22493743896484 11.0 1.000 1.000 1.000
v -167.2357143163681 377.22493743896484 -67.0 1.000 1.000 1.000
v -258.2357143163681 330.22493743896484 66.0 1.000 1.000 1.000
v -325.2357143163681 322.22493743896484 -10.0 1.000 1.000 1.000
v -267.2357143163681 441.22493743896484 21.0 1.000 1.000 1.000
v -438.86859130859375 220.30655002593994 68.0 1.000 1.000 1.000
v -437.86859130859375 208.30655002593994 -19.0 1.000 1.000 1.000
v -443.86859130859375 354.30655002593994 -50.0 1.000 1.000 1.000
v -442.86859130859375 372.30655002593994 27.0 1.000 1.000 1.000
v -443.86859130859375 334.30655002593994 75.0 1.000 1.000 1.000
v -443.86859130859375 334.30655002593994 75.0 1.000 1.000 1.000
v -267.2357143163681 326.22493743896484 -16.0 1.000 1.000 1.000
v -258.2357143163681 330.22493743896484 66.0 1.000 1.000 1.000
v -167.2357143163681 377.22493743896484 -67.0 1.000 1.000 1.000
v -133.2357143163681 410.22493743896484 11.0 1.000 1.000 1.000
v -181.2357143163681 383.22493743896484 88.0 1.000 1.000 1.000
v -258.2357143163681 330.22493743896484 66.0 1.000 1.000 1.000
v -267.2357143163681 441.22493743896484 21.0 1.000 1.000 1.000
v -259.2357143163681 395.22493743896484 -65.0 1.000 1.000 1.000
v -325.2357143163681 322.22493743896484 -10.0 1.000 1.000 1.000
v -332.2357143163681 327.22493743896484 62.0 1.000 1.000 1.000
v -332.2357143163681 327.22493743896484 62.0 1.000 1.000 1.000
v -326.2357143163681 416.22493743896484 81.0 1.000 1.000 1.000
v -398.19768941402435 422.83887100219727 6.0 1.000 1.000 1.000
v -407.19768941402435 388.83887100219727 -52.0 1.000 1.000 1.000
v -403.19768941402435 335.83887100219727 -10.0 1.000 1.000 1.000
v -403.19768941402435 328.83887100219727 51.0 1.000 1.000 1.000
v -411.19768941402435 436.83887100219727 67.0 1.000 1.000 1.000
v -403.19768941402435 328.83887100219727 51.0 1.000 1.000 1.000
v -198.2357143163681 403.22493743896484 68.0 1.000 1.000 1.000
v -135.2357143163681 306.22493743896484 66.0 1.000 1.000 1.000
v -109.2357143163681 302.22493743896484 -45.0 1.000 1.000 1.000
v -194.2357143163681 416.22493743896484 -33.0 1.000 1.000 1.000
v -395.2357143163681 314.22493743896484 85.0 1.000 1.000 1.000
v -109.2357143163681 302.22493743896484 -45.0 1.000 1.000 1.000
v -135.2357143163681 306.22493743896484 66.0 1.000 1.000 1.000
v -401.2357143163681 415.22493743896484 89.0 1.000 1.000 1.000
v -401.2357143163681 428.22493743896484 -49.0 1.000 1.000 1.000
v -395.2357143163681 311.22493743896484 -28.0 1.000 1.000 1.000
v 260.1021728515625 -50.755651995539665 38.23876619338989 1.000 1.000 1.000
v 381.1021728515625 -54.755651995539665 57.23876619338989 1.000 1.000 1.000
v 261.1021728515625 28.244348004460335 40.23876619338989 1.000 1.000 1.000
v 338.1021728515625 44.244348004460335 51.23876619338989 1.000 1.000 1.000
v 370.1021728515625 -51.755651995539665 -42.76123380661011 1.000 1.000 1.000
v 339.1021728515625 39.244348004460335 -27.761233806610107 1.000 1.000 1.000
v 381.1021728515625 -54.755651995539665 57.23876619338989 1.000 1.000 1.000
v 338.1021728515625 44.244348004460335 51.23876619338989 1.000 1.000 1.000
v 260.1021728515625 14.244348004460335 -28.761233806610107 1.000 1.000 1.000
v 261.1021728515625 28.244348004460335 40.23876619338989 1.000 1.000 1.000
v 339.1021728515625 39.244348004460335 -27.761233806610107 1.000 1.000 1.000
v 338.1021728515625 44.244348004460335 51.23876619338989 1.000 1.000 1.000
v 339.1021728515625 39.244348004460335 -27.761233806610107 1.000 1.000 1.000
v 370.1021728515625 -51.755651995539665 -42.76123380661011 1.000 1.000 1.000
v 260.1021728515625 14.244348004460335 -28.761233806610107 1.000 1.000 1.000
v 261.1021728515625 -45.755651995539665 -23.761233806610107 1.000 1.000 1.000
v 381.1021728515625 -54.755651995539665 57.23876619338989 1.000 1.000 1.000
v 260.1021728515625 -50.755651995539665 38.23876619338989 1.000 1.000 1.000
v 370.1021728515625 -51.755651995539665 -42.76123380661011 1.000 1.000 1.000
v 261.1021728515625 -45.755651995539665 -23.761233806610107 1.000 1.000 1.000
v 489.6571079492569 425.8121757507324 65.07913017272949 1.000 1.000 1.000
v 483.6571079492569 330.8121757507324 64.07913017272949 1.000 1.000 1.000
v 483.6571079492569 330.8121757507324 64.07913017272949 1.000 1.000 1.000
v 484.6571079492569 326.8121757507324 -5.920869827270508 1.000 1.000 1.000
v 486.6571079492569 383.8121757507324 -42.92086982727051 1.000 1.000 1.000
v 484.6571079492569 429.8121757507324 7.079130172729492 1.000 1.000 1.000
v 260.1021728515625 -50.755651995539665 38.23876619338989 1.000 1.000 1.000
v 261.1021728515625 -45.755651995539665 -23.761233806610107 1.000 1.000 1.000
v 261.1021728515625 28.244348004460335 40.23876619338989 1.000 1.000 1.000
v 260.1021728515625 14.244348004460335 -28.761233806610107 1.000 1.000 1.000
v 260.1021728515625 -50.755651995539665 38.23876619338989 1.000 1.000 1.000
v 411.6571079492569 417.8121757507324 7.079130172729492 1.000 1.000 1.000
v 416.6571079492569 382.8121757507324 -49.92086982727051 1.000 1.000 1.000
v 412.6571079492569 331.8121757507324 -6.920869827270508 1.000 1.000 1.000
v 410.6571079492569 322.8121757507324 53.07913017272949 1.000 1.000 1.000
v 417.6571079492569 432.8121757507324 69.07913017272949 1.000 1.000 1.000
v 410.6571079492569 322.8121757507324 53.07913017272949 1.000 1.000 1.000
v 486.6571079492569 383.8121757507324 -42.92086982727051 1.000 1.000 1.000
v 484.6571079492569 429.8121757507324 7.079130172729492 1.000 1.000 1.000
v 484.6571079492569 326.8121757507324 -5.920869827270508 1.000 1.000 1.000
v 483.6571079492569 330.8121757507324 64.07913017272949 1.000 1.000 1.000
v 489.6571079492569 425.8121757507324 65.07913017272949 1.000 1.000 1.000
v 483.6571079492569 330.8121757507324 64.07913017272949 1.000 1.000 1.000
v 676.6571079492569 335.8121757507324 50.07913017272949 1.000 1.000 1.000
v 404.6571079492569 404.8121757507324 91.07913017272949 1.000 1.000 1.000
v 400.6571079492569 303.8121757507324 89.07913017272949 1.000 1.000 1.000
v 402.6571079492569 298.8121757507324 -24.920869827270508 1.000 1.000 1.000
v 677.6571079492569 341.8121757507324 -16.920869827270508 1.000 1.000 1.000
v 406.6571079492569 414.8121757507324 -46.92086982727051 1.000 1.000 1.000
v 678.6571079492569 399.8121757507324 48.07913017272949 1.000 1.000 1.000
v 679.6571079492569 381.8121757507324 -19.920869827270508 1.000 1.000 1.000
v 263.85553324222565 326.87169647216797 69.0 1.000 1.000 1.000
v 274.85553324222565 321.87169647216797 -12.0 1.000 1.000 1.000
v 339.85553324222565 317.87169647216797 62.0 1.000 1.000 1.000
v 333.85553324222565 407.87169647216797 80.0 1.000 1.000 1.000
v 186.85553324222565 380.87169647216797 89.0 1.000 1.000 1.000
v 339.85553324222565 317.87169647216797 62.0 1.000 1.000 1.000
v 175.85553324222565 371.87169647216797 -66.0 1.000 1.000 1.000
v 140.85553324222565 405.87169647216797 10.0 1.000 1.000 1.000
v 268.85553324222565 389.87169647216797 -64.0 1.000 1.000 1.000
v 263.85553324222565 326.87169647216797 69.0 1.000 1.000 1.000
v 333.85553324222565 315.87169647216797 -10.0 1.000 1.000 1.000
v 274.85553324222565 441.87169647216797 17.0 1.000 1.000 1.000
v -51.86859130859375 220.30655002593994 67.0 1.000 1.000 1.000
v -53.86859130859375 210.30655002593994 -17.0 1.000 1.000 1.000
v -49.86859130859375 353.30655002593994 -49.0 1.000 1.000 1.000
v -49.86859130859375 375.30655002593994 26.0 1.000 1.000 1.000
v -49.86859130859375 375.30655002593994 26.0 1.000 1.000 1.000
v -50.86859130859375 335.30655002593994 75.0 1.000 1.000 1.000
v -51.86859130859375 220.30655002593994 67.0 1.000 1.000 1.000
v 263.85553324222565 326.87169647216797 69.0 1.000 1.000 1.000
v 274.85553324222565 321.87169647216797 -12.0 1.000 1.000 1.000
v 175.85553324222565 371.87169647216797 -66.0 1.000 1.000 1.000
v 140.85553324222565 405.87169647216797 10.0 1.000 1.000 1.000
v 186.85553324222565 380.87169647216797 89.0 1.000 1.000 1.000
v 263.85553324222565 326.87169647216797 69.0 1.000 1.000 1.000
v 274.85553324222565 441.87169647216797 17.0 1.000 1.000 1.000
v 268.85553324222565 389.87169647216797 -64.0 1.000 1.000 1.000
v 333.85553324222565 315.87169647216797 -10.0 1.000 1.000 1.000
v 339.85553324222565 317.87169647216797 62.0 1.000 1.000 1.000
v 333.85553324222565 407.87169647216797 80.0 1.000 1.000 1.000
v 339.85553324222565 317.87169647216797 62.0 1.000 1.000 1.000
v 416.6571079492569 382.8121757507324 -49.92086982727051 1.000 1.000 1.000
v 411.6571079492569 417.8121757507324 7.079130172729492 1.000 1.000 1.000
v 412.6571079492569 331.8121757507324 -6.920869827270508 1.000 1.000 1.000
v 410.6571079492569 322.8121757507324 53.07913017272949 1.000 1.000 1.000
v 417.6571079492569 432.8121757507324 69.07913017272949 1.000 1.000 1.000
v 410.6571079492569 322.8121757507324 53.07913017272949 1.000 1.000 1.000
v 140.85553324222565 289.87169647216797 66.0 1.000 1.000 1.000
v 117.85553324222565 283.87169647216797 -46.0 1.000 1.000 1.000
v 400.85553324222565 303.87169647216797 89.0 1.000 1.000 1.000
v 404.85553324222565 404.87169647216797 91.0 1.000 1.000 1.000
v 203.85553324222565 385.87169647216797 67.0 1.000 1.000 1.000
v 201.85553324222565 397.87169647216797 -34.0 1.000 1.000 1.000
v 406.85553324222565 414.87169647216797 -47.0 1.000 1.000 1.000
v 401.85553324222565 298.87169647216797 -25.0 1.000 1.000 1.000
v 140.85553324222565 289.87169647216797 66.0 1.000 1.000 1.000
v 117.85553324222565 283.87169647216797 -46.0 1.000 1.000 1.000
v -369.86859130859375 443.30655002593994 -23.0 1.000 1.000 1.000
v -305.86859130859375 479.30655002593994 -77.0 1.000 1.000 1.000
v -334.86859130859375 456.30655002593994 -107.0 1.000 1.000 1.000
v -203.86859130859375 438.30655002593994 1.0 1.000 1.000 1.000
v -195.86859130859375 475.30655002593994 -77.0 1.000 1.000 1.000
v -220.86859130859375 414.30655002593994 -45.0 1.000 1.000 1.000
v -286.86859130859375 415.30655002593994 -45.0 1.000 1.000 1.000
v -305.86859130859375 479.30655002593994 -77.0 1.000 1.000 1.000
v -304.86859130859375 438.30655002593994 0.0 1.000 1.000 1.000
v -138.86859130859375 443.30655002593994 -23.0 1.000 1.000 1.000
v -369.86859130859375 443.30655002593994 -23.0 1.000 1.000 1.000
v -161.86859130859375 456.30655002593994 -107.0 1.000 1.000 1.000
v -195.86859130859375 475.30655002593994 -77.0 1.000 1.000 1.000
v -138.86859130859375 443.30655002593994 -23.0 1.000 1.000 1.000
v -162.86859130859375 411.30655002593994 32.0 1.000 1.000 1.000
v -124.86859130859375 376.30655002593994 42.0 1.000 1.000 1.000
v -381.86859130859375 374.30655002593994 41.0 1.000 1.000 1.000
v -340.86859130859375 411.30655002593994 31.0 1.000 1.000 1.000
v -369.86859130859375 443.30655002593994 -23.0 1.000 1.000 1.000
v -304.86859130859375 438.30655002593994 0.0 1.000 1.000 1.000
v -305.86859130859375 479.30655002593994 -77.0 1.000 1.000 1.000
v -195.86859130859375 475.30655002593994 -77.0 1.000 1.000 1.000
v -161.86859130859375 456.30655002593994 -107.0 1.000 1.000 1.000
v -334.86859130859375 456.30655002593994 -107.0 1.000 1.000 1.000
v -162.86859130859375 411.30655002593994 32.0 1.000 1.000 1.000
v -138.86859130859375 443.30655002593994 -23.0 1.000 1.000 1.000
v -203.86859130859375 438.30655002593994 1.0 1.000 1.000 1.000
v -354.86859130859375 197.30655002593994 -74.0 1.000 1.000 1.000
v -437.86859130859375 208.30655002593994 -19.0 1.000 1.000 1.000
v -443.86859130859375 354.30655002593994 -50.0 1.000 1.000 1.000
v -358.86859130859375 73.30655002593994 -66.0 1.000 1.000 1.000
v -49.86859130859375 353.30655002593994 -49.0 1.000 1.000 1.000
v -160.86859130859375 196.30655002593994 -80.0 1.000 1.000 1.000
v -169.86859130859375 336.30655002593994 -96.0 1.000 1.000 1.000
v -250.86859130859375 185.30655002593994 -84.0 1.000 1.000 1.000
v -148.86859130859375 74.30655002593994 -68.0 1.000 1.000 1.000
v -358.86859130859375 73.30655002593994 -66.0 1.000 1.000 1.000
v -320.86859130859375 336.30655002593994 -96.0 1.000 1.000 1.000
v -354.86859130859375 197.30655002593994 -74.0 1.000 1.000 1.000
v -220.86859130859375 414.30655002593994 -45.0 1.000 1.000 1.000
v -203.86859130859375 438.30655002593994 1.0 1.000 1.000 1.000
v -53.86859130859375 210.30655002593994 -17.0 1.000 1.000 1.000
v -304.86859130859375 438.30655002593994 0.0 1.000 1.000 1.000
v -286.86859130859375 415.30655002593994 -45.0 1.000 1.000 1.000
v -443.86859130859375 354.30655002593994 -50.0 1.000 1.000 1.000
v -392.86859130859375 70.30655002593994 20.0 1.000 1.000 1.000
v -437.86859130859375 208.30655002593994 -19.0 1.000 1.000 1.000
v -148.86859130859375 74.30655002593994 -68.0 1.000 1.000 1.000
v -53.86859130859375 210.30655002593994 -17.0 1.000 1.000 1.000
v -103.86859130859375 69.30655002593994 21.0 1.000 1.000 1.000
v -220.86859130859375 414.30655002593994 -45.0 1.000 1.000 1.000
v -49.86859130859375 353.30655002593994 -49.0 1.000 1.000 1.000
v -169.86859130859375 336.30655002593994 -96.0 1.000 1.000 1.000
v -195.86859130859375 475.30655002593994 -77.0 1.000 1.000 1.000
v -305.86859130859375 479.30655002593994 -77.0 1.000 1.000 1.000
v -286.86859130859375 415.30655002593994 -45.0 1.000 1.000 1.000
v -304.86859130859375 438.30655002593994 0.0 1.000 1.000 1.000
v -443.86859130859375 354.30655002593994 -50.0 1.000 1.000 1.000
v -442.86859130859375 372.30655002593994 27.0 1.000 1.000 1.000
v -392.86859130859375 70.30655002593994 20.0 1.000 1.000 1.000
v -399.86859130859375 245.30655002593994 150.0 1.000 1.000 1.000
v -438.86859130859375 220.30655002593994 68.0 1.000 1.000 1.000
v -304.86859130859375 438.30655002593994 0.0 1.000 1.000 1.000
v -381.86859130859375 374.30655002593994 41.0 1.000 1.000 1.000
v -253.86859130859375 377.30655002593994 70.0 1.000 1.000 1.000
v -442.86859130859375 372.30655002593994 27.0 1.000 1.000 1.000
v -51.86859130859375 220.30655002593994 67.0 1.000 1.000 1.000
v -103.86859130859375 69.30655002593994 21.0 1.000 1.000 1.000
v -53.86859130859375 210.30655002593994 -17.0 1.000 1.000 1.000
v -91.86859130859375 245.30655002593994 150.0 1.000 1.000 1.000
v -178.86859130859375 79.30655002593994 163.0 1.000 1.000 1.000
v -443.86859130859375 334.30655002593994 75.0 1.000 1.000 1.000
v -254.86859130859375 258.30655002593994 178.0 1.000 1.000 1.000
v -50.86859130859375 335.30655002593994 75.0 1.000 1.000 1.000
v -399.86859130859375 245.30655002593994 150.0 1.000 1.000 1.000
v -392.86859130859375 70.30655002593994 20.0 1.000 1.000 1.000
v -321.86859130859375 78.30655002593994 163.0 1.000 1.000 1.000
v -50.86859130859375 335.30655002593994 75.0 1.000 1.000 1.000
v -49.86859130859375 375.30655002593994 26.0 1.000 1.000 1.000
v -124.86859130859375 376.30655002593994 42.0 1.000 1.000 1.000
v -253.86859130859375 377.30655002593994 70.0 1.000 1.000 1.000
v -254.86859130859375 258.30655002593994 178.0 1.000 1.000 1.000
v -321.86859130859375 78.30655002593994 163.0 1.000 1.000 1.000
v -178.86859130859375 79.30655002593994 163.0 1.000 1.000 1.000
v -49.86859130859375 353.30655002593994 -49.0 1.000 1.000 1.000
v -203.86859130859375 438.30655002593994 1.0 1.000 1.000 1.000
v -443.86859130859375 334.30655002593994 75.0 1.000 1.000 1.000
v -399.86859130859375 245.30655002593994 150.0 1.000 1.000 1.000
v -437.86859130859375 208.30655002593994 -19.0 1.000 1.000 1.000
v -392.86859130859375 70.30655002593994 20.0 1.000 1.000 1.000
v -438.86859130859375 220.30655002593994 68.0 1.000 1.000 1.000
v -51.86859130859375 220.30655002593994 67.0 1.000 1.000 1.000
v -91.86859130859375 245.30655002593994 150.0 1.000 1.000 1.000
v -442.86859130859375 372.30655002593994 27.0 1.000 1.000 1.000
v -443.86859130859375 334.30655002593994 75.0 1.000 1.000 1.000
v -253.86859130859375 377.30655002593994 70.0 1.000 1.000 1.000
v -381.86859130859375 374.30655002593994 41.0 1.000 1.000 1.000
v -91.86859130859375 245.30655002593994 150.0 1.000 1.000 1.000
v -254.86859130859375 258.30655002593994 178.0 1.000 1.000 1.000
v -178.86859130859375 79.30655002593994 163.0 1.000 1.000 1.000
v -51.86859130859375 220.30655002593994 67.0 1.000 1.000 1.000
v -103.86859130859375 69.30655002593994 21.0 1.000 1.000 1.000
v -399.86859130859375 245.30655002593994 150.0 1.000 1.000 1.000
v -321.86859130859375 78.30655002593994 163.0 1.000 1.000 1.000
v -438.86859130859375 220.30655002593994 68.0 1.000 1.000 1.000
v -130.8220180273056 64.14437103271484 20.0 1.000 1.000 1.000
v -108.8220180273056 64.14437103271484 -20.0 1.000 1.000 1.000
v -94.8220180273056 64.14437103271484 -62.0 1.000 1.000 1.000
v 16.177981972694397 64.14437103271484 -64.0 1.000 1.000 1.000
v 100.1779819726944 64.14437103271484 -65.0 1.000 1.000 1.000
v 121.1779819726944 63.144371032714844 -16.0 1.000 1.000 1.000
v 140.1779819726944 64.14437103271484 21.0 1.000 1.000 1.000
v -1.822018027305603 64.14437103271484 151.0 1.000 1.000 1.000
v 76.1779819726944 64.14437103271484 152.0 1.000 1.000 1.000
v -392.86859130859375 70.30655002593994 20.0 1.000 1.000 1.000
v -358.86859130859375 73.30655002593994 -66.0 1.000 1.000 1.000
v -148.86859130859375 74.30655002593994 -68.0 1.000 1.000 1.000
v -103.86859130859375 69.30655002593994 21.0 1.000 1.000 1.000
v -178.86859130859375 79.30655002593994 163.0 1.000 1.000 1.000
v -321.86859130859375 78.30655002593994 163.0 1.000 1.000 1.000
v -68.8220180273056 64.14437103271484 151.0 1.000 1.000 1.000
v -98.8220180273056 64.14437103271484 91.0 1.000 1.000 1.000
v 140.1779819726944 64.14437103271484 21.0 1.000 1.000 1.000
v 113.1779819726944 64.14437103271484 82.0 1.000 1.000 1.000
v -130.8220180273056 64.14437103271484 20.0 1.000 1.000 1.000
v -1.822018027305603 64.14437103271484 151.0 1.000 1.000 1.000
v 76.1779819726944 64.14437103271484 152.0 1.000 1.000 1.000
v -321.86859130859375 78.30655002593994 163.0 1.000 1.000 1.000
v -392.86859130859375 70.30655002593994 20.0 1.000 1.000 1.000
v -103.86859130859375 69.30655002593994 21.0 1.000 1.000 1.000
v -178.86859130859375 79.30655002593994 163.0 1.000 1.000 1.000
v -384.86859130859375 -16.69344997406006 158.0 1.000 1.000 1.000
v -393.86859130859375 -198.69344997406006 132.0 1.000 1.000 1.000
v -113.86859130859375 -198.69344997406006 143.0 1.000 1.000 1.000
v -395.86859130859375 -16.69344997406006 -55.0 1.000 1.000 1.000
v -425.86859130859375 -198.69344997406006 -80.0 1.000 1.000 1.000
v -84.86859130859375 -198.69344997406006 -80.0 1.000 1.000 1.000
v -115.86859130859375 -16.69344997406006 -56.0 1.000 1.000 1.000
v -118.86859130859375 -16.69344997406006 158.0 1.000 1.000 1.000
v -115.86859130859375 -16.69344997406006 -56.0 1.000 1.000 1.000
v -84.86859130859375 -198.69344997406006 -80.0 1.000 1.000 1.000
v -425.86859130859375 -198.69344997406006 -80.0 1.000 1.000 1.000
v -395.86859130859375 -16.69344997406006 -55.0 1.000 1.000 1.000
v -115.86859130859375 -16.69344997406006 -56.0 1.000 1.000 1.000
v -84.86859130859375 -198.69344997406006 -80.0 1.000 1.000 1.000
v -70.0 16.0 140.0 1.000 1.000 1.000
v -63.0 -108.0 133.0 1.000 1.000 1.000
v -4.0 -157.0 143.0 1.000 1.000 1.000
v -132.0 -24.0 20.0 1.000 1.000 1.000
v -124.0 23.0 20.0 1.000 1.000 1.000
v 92.0 -90.0 -80.0 1.000 1.000 1.000
v 96.0 31.0 -62.0 1.000 1.000 1.000
v 92.0 -90.0 -80.0 1.000 1.000 1.000
v 143.0 -25.0 25.0 1.000 1.000 1.000
v 133.0 26.0 21.0 1.000 1.000 1.000
v 76.0 19.0 143.0 1.000 1.000 1.000
v 67.0 -105.0 136.0 1.000 1.000 1.000
v 5.0 -157.0 143.0 1.000 1.000 1.000
v -1.0 -138.0 -81.0 1.000 1.000 1.000
v 5.0 -157.0 143.0 1.000 1.000 1.000
v -4.0 -157.0 143.0 1.000 1.000 1.000
v -1.0 -138.0 -81.0 1.000 1.000 1.000
v 9.0 -138.0 -79.0 1.000 1.000 1.000
v 5.0 -157.0 143.0 1.000 1.000 1.000
v -132.0 -24.0 20.0 1.000 1.000 1.000
v -124.0 23.0 20.0 1.000 1.000 1.000
v -91.0 -92.0 -76.0 1.000 1.000 1.000
v -87.0 30.0 -59.0 1.000 1.000 1.000
v -1.0 -138.0 -81.0 1.000 1.000 1.000
v 9.0 -138.0 -79.0 1.000 1.000 1.000
v 96.0 31.0 -62.0 1.000 1.000 1.000
v 92.0 -90.0 -80.0 1.000 1.000 1.000
v 143.0 -25.0 25.0 1.000 1.000 1.000
v 133.0 26.0 21.0 1.000 1.000 1.000
v -149.0 -122.0 -40.0 1.000 1.000 1.000
v -103.0 -158.0 -97.0 1.000 1.000 1.000
v -2.0 -226.0 -97.0 1.000 1.000 1.000
v -10.0 -607.0 -110.0 1.000 1.000 1.000
v -1.0 -138.0 -81.0 1.000 1.000 1.000
v -116.0 -501.0 -110.0 1.000 1.000 1.000
v -149.0 -122.0 -40.0 1.000 1.000 1.000
v -91.0 -92.0 -76.0 1.000 1.000 1.000
v 92.0 -90.0 -80.0 1.000 1.000 1.000
v 143.0 -25.0 25.0 1.000 1.000 1.000
v 160.0 -122.0 -40.0 1.000 1.000 1.000
v 13.0 -607.0 -110.0 1.000 1.000 1.000
v 8.0 -226.0 -97.0 1.000 1.000 1.000
v 114.0 -158.0 -97.0 1.000 1.000 1.000
v 9.0 -138.0 -79.0 1.000 1.000 1.000
v 126.0 -501.0 -110.0 1.000 1.000 1.000
v -87.0 30.0 -59.0 1.000 1.000 1.000
v 96.0 31.0 -62.0 1.000 1.000 1.000
v -124.0 23.0 20.0 1.000 1.000 1.000
v 133.0 26.0 21.0 1.000 1.000 1.000
v -70.0 16.0 140.0 1.000 1.000 1.000
v -94.8220180273056 64.14437103271484 -62.0 1.000 1.000 1.000
v -108.8220180273056 64.14437103271484 -20.0 1.000 1.000 1.000
v 100.1779819726944 64.14437103271484 -65.0 1.000 1.000 1.000
v 16.177981972694397 64.14437103271484 -64.0 1.000 1.000 1.000
v -130.8220180273056 64.14437103271484 20.0 1.000 1.000 1.000
v 121.1779819726944 63.144371032714844 -16.0 1.000 1.000 1.000
v 140.1779819726944 64.14437103271484 21.0 1.000 1.000 1.000
v -68.8220180273056 64.14437103271484 151.0 1.000 1.000 1.000
v -1.822018027305603 64.14437103271484 151.0 1.000 1.000 1.000
v 76.0 19.0 143.0 1.000 1.000 1.000
v -124.0 23.0 20.0 1.000 1.000 1.000
v -70.0 16.0 140.0 1.000 1.000 1.000
v 133.0 26.0 21.0 1.000 1.000 1.000
v 76.1779819726944 64.14437103271484 152.0 1.000 1.000 1.000
v 113.1779819726944 64.14437103271484 82.0 1.000 1.000 1.000
v -130.8220180273056 64.14437103271484 20.0 1.000 1.000 1.000
v -98.8220180273056 64.14437103271484 91.0 1.000 1.000 1.000
v -68.8220180273056 64.14437103271484 151.0 1.000 1.000 1.000
v -1.822018027305603 64.14437103271484 151.0 1.000 1.000 1.000
v 140.1779819726944 64.14437103271484 21.0 1.000 1.000 1.000
v 211.0 407.0 -70.0 1.000 1.000 1.000
v 138.0 23.0 -56.0 1.000 1.000 1.000
v -142.0 23.0 -55.0 1.000 1.000 1.000
v -208.0 407.0 -72.0 1.000 1.000 1.000
v 190.0 407.0 148.0 1.000 1.000 1.000
v -208.0 407.0 -72.0 1.000 1.000 1.000
v -188.0 407.0 147.0 1.000 1.000 1.000
v 190.0 407.0 148.0 1.000 1.000 1.000
v -131.0 23.0 158.0 1.000 1.000 1.000
v 135.0 23.0 158.0 1.000 1.000 1.000
v 211.0 407.0 -70.0 1.000 1.000 1.000
v -208.0 407.0 -72.0 1.000 1.000 1.000
v 211.0 407.0 -70.0 1.000 1.000 1.000
v -188.0 407.0 147.0 1.000 1.000 1.000
v 190.0 407.0 148.0 1.000 1.000 1.000
v 138.0 23.0 -56.0 1.000 1.000 1.000
vt 0.9082 0.9258
vt 0.9889 0.8018
vt 0.3151 0.1992
vt 0.0020 0.8857
vt 0.0716 0.1865
vt 0.0869 0.7412
vt -0.0166 0.9326
vt 0.8682 0.7246
vt 1.0244 0.9316
vt 0.2617 0.0189
vt 0.0664 0.7708
vt 0.9238 0.8040
vt 0.7783 0.0664
vt 0.1074 0.9668
vt 0.7637 0.9661
vt 0.0713 0.1270
vt 0.9717 0.0065
vt 0.3893 0.1602
vt 1.0026 0.8232
vt 0.9863 0.9688
vt 0.1283 0.1523
vt 0.0286 0.9580
vt 0.8506 0.8516
vt 0.5811 0.1172
vt 0.1650 0.1328
vt 0.1172 0.9199
vt 0.1904 0.5697
vt 0.4727 0.9785
vt 0.7539 0.9720
vt 0.1846 0.5684
vt 0.5508 0.9772
vt 0.9287 0.5221
vt 0.6855 0.5612
vt 0.8135 0.9701
vt 0.9033 0.5599
vt 0.4834 0.5547
vt 0.5918 0.9863
vt 0.3291 0.9824
vt 0.1543 0.5221
vt 0.9102 0.3971
vt 0.2021 0.4030
vt 0.1807 0.4245
vt 0.6416 0.3978
vt 0.8877 0.4108
vt 0.4912 0.4036
vt 0.1553 0.3919
vt 0.9512 0.9805
vt 0.6123 0.5671
vt 0.1191 0.9609
vt 0.1123 0.5671
vt 0.4902 0.5697
vt 0.2031 0.9805
vt 0.9326 0.5690
vt 0.9395 0.9759
vt 0.3223 0.9714
vt 0.4883 0.5853
vt 0.3604 0.5820
vt 0.1191 0.5807
vt 0.4902 0.9974
vt 0.0469 0.8678
vt 0.0664 0.9115
vt 0.0596 0.5807
vt 0.2803 0.5807
vt 0.2930 0.7852
vt 0.3125 0.3242
vt 0.1191 0.5898
vt 0.3604 0.5905
vt 0.1172 0.1178
vt 0.0596 0.5892
vt 0.4785 0.4434
vt 0.4883 0.5944
vt 0.4854 0.3965
vt 0.2803 0.5898
vt 0.2354 0.2839
vt 0.0830 0.2012
vt 0.0400 0.1797
vt 0.9727 0.2259
vt 0.6191 0.2201
vt 0.9961 0.1569
vt 0.4727 0.1087
vt 0.0703 0.2168
vt 0.3682 1.0065
vt 0.4092 0.4688
vt 0.3408 0.4674
vt 0.3271 0.9948
vt 0.2002 0.9811
vt 0.1475 0.4473
vt 0.4746 1.0065
vt 0.2910 0.4577
vt 0.7607 0.3333
vt 0.5635 0.3333
vt 0.5137 0.9486
vt 0.7588 0.9479
vt 1.0000 0.3333
vt 0.4160 0.9746
vt 0.6367 0.9772
vt 0.7578 0.5794
vt 0.5752 0.9766
vt 0.7461 0.5625
vt 0.3887 0.5762
vt 0.1660 0.5319
vt 0.3701 0.9740
vt 0.4414 0.9850
vt 0.5742 0.5586
vt 0.1211 0.5599
vt 0.7061 0.9824
vt 0.8643 0.5286
vt 0.3408 0.3965
vt 0.7002 0.3919
vt 0.6992 0.4023
vt 0.1465 0.4030
vt 0.5645 0.4069
vt 0.1445 0.3952
vt 0.8584 0.3965
vt 0.3652 0.9382
vt 0.7158 0.4694
vt 1.0273 0.9609
vt 0.4346 0.9622
vt 0.6191 0.4720
vt 0.3203 0.4694
vt 0.9697 0.4707
vt 1.0176 0.9564
vt 0.6328 0.5768
vt 0.5098 0.5749
vt 0.6934 0.9629
vt 0.8564 0.5775
vt 0.5195 0.9883
vt 0.9492 0.9062
vt 0.9590 0.8555
vt 0.9258 0.5781
vt 0.6992 0.5755
vt 0.7158 0.8027
vt 0.8740 0.1250
vt 0.6699 0.3177
vt 0.8574 0.5957
vt 0.6328 0.5944
vt 0.5020 0.4434
vt 0.5098 0.5924
vt 0.9268 0.5957
vt 0.5127 0.3978
vt 0.7383 0.2819
vt 0.6992 0.5931
vt 0.7461 0.1686
vt 0.7334 0.1947
vt 0.3193 0.2220
vt 0.0361 0.2344
vt 0.5400 0.1270
vt 0.0273 0.1549
vt 0.9609 0.2233
vt 0.4932 0.9486
vt 0.5254 0.3333
vt 0.3281 0.3333
vt 0.2480 0.9479
vt 0.0889 0.3333
vt 0.6104 0.4219
vt 0.5156 0.4115
vt 0.5947 1.0020
vt 0.8750 0.4342
vt 0.7871 1.0007
vt 0.6514 0.9961
vt 0.4482 0.9831
vt 0.6777 0.4199
vt 0.3691 0.2227
vt 0.3311 0.2002
vt 0.6875 0.2334
vt 0.7236 0.2129
vt 0.6055 0.4736
vt 0.9746 0.1519
vt 0.5342 0.0977
vt 0.4961 0.4756
vt 0.5020 0.6016
vt 0.6123 0.6011
vt 0.7236 0.6201
vt 0.8271 0.9614
vt 0.3389 0.9639
vt 0.5801 0.9980
vt 0.7949 0.0845
vt 0.5264 0.0181
vt 0.8672 0.0498
vt 0.1680 0.3706
vt 0.4180 0.6235
vt 0.8711 0.3623
vt 0.5293 -0.0107
vt 0.2549 0.0586
vt 0.2607 0.0918
vt 0.0957 0.1582
vt 0.2402 0.0776
vt 0.7129 0.0176
vt 0.7900 0.0947
vt 0.3516 0.0059
vt 0.3311 0.2174
vt 0.2393 0.2083
vt 0.3311 0.2363
vt 0.6270 0.8320
vt 0.8311 0.8730
vt 0.7256 0.8294
vt 0.2393 0.1895
vt 0.5371 0.8385
vt 0.1729 0.1745
vt 0.4395 0.8451
vt 0.1729 0.1556
vt 0.3184 0.8477
vt 0.1309 0.8730
vt 0.1074 0.1882
vt 0.2285 0.8451
vt 0.1074 0.1693
vt 0.1680 0.8385
vt 0.0176 0.2083
vt 0.1064 0.8320
vt 0.0176 0.1895
vt 0.0254 0.8294
vt 0.2383 0.2090
vt 0.1729 0.1771
vt 0.1074 0.1901
vt 0.0186 0.2077
vt 0.7178 0.1895
vt 0.6133 0.1882
vt 0.7178 0.2083
vt 0.6133 0.1693
vt 0.5273 0.1745
vt 0.5273 0.1556
vt 0.1689 0.6738
vt 0.4404 0.2083
vt 0.4404 0.1895
vt 0.7275 0.6693
vt 0.6270 0.6706
vt 0.5352 0.6738
vt 0.4375 0.6829
vt 0.3174 0.6862
vt 0.2295 0.6829
vt 0.1074 0.6706
vt 0.0273 0.6693
vt 0.7275 0.3815
vt 0.6367 0.3776
vt 0.5361 0.3698
vt 0.4268 0.3919
vt 0.3164 0.3984
vt 0.2383 0.3919
vt 0.1680 0.3698
vt 0.0977 0.3776
vt 0.0273 0.3815
vt 0.7246 0.1908
vt 0.6201 0.1849
vt 0.5283 0.1732
vt 0.4355 0.1986
vt 0.3232 0.2109
vt 0.2500 0.2044
vt 0.1729 0.1732
vt 0.0957 0.1803
vt 0.0254 0.1908
vt 0.7188 0.2077
vt 0.6143 0.1901
vt 0.5273 0.1771
vt 0.4404 0.2090
vt 0.3301 0.2344
vt 0.2910 0.9048
vt 0.1367 0.6694
vt 0.1328 0.7085
vt 0.0479 0.5581
vt -0.0791 0.6401
vt -0.1504 0.5586
vt 0.3965 0.3506
vt 0.3467 0.1343
vt 0.1123 0.3564
vt -0.2188 0.1738
vt -0.1084 -0.0342
vt 0.2178 0.0093
vt 0.4756 0.9414
vt 0.3848 0.9551
vt 1.1396 0.7661
vt 1.2207 0.6953
vt 0.9131 0.7944
vt 1.0068 0.6509
vt 0.7373 0.9575
vt 0.9092 0.7480
vt 0.9424 0.4282
vt 0.6328 0.3638
vt 0.6963 0.1553
vt 1.3037 0.3120
vt 0.5381 0.9561
vt 0.6357 0.9883
vt 0.8457 0.0513
vt 1.1953 0.0786
vt 0.3076 0.0386
vt 0.7402 0.0117
vt 0.8027 0.3501
vt 0.3428 0.3784
vt 0.6914 0.4019
vt 0.3779 0.4243
vt 0.3672 0.1074
vt 0.7969 0.0786
vt 0.2754 0.9419
vt 0.8975 0.9302
vt 0.9053 0.0776
vt 0.1084 0.0942
vt 0.9238 0.0332
vt 0.4688 0.0710
vt 0.5000 0.5417
vt 0.8818 0.5091
vt 0.3076 0.0391
vt 0.8027 0.3503
vt 0.3428 0.3783
vt 0.4355 0.0410
vt -0.1904 -0.0430
vt -0.1445 0.6068
vt 0.5244 0.9316
vt 0.6914 0.4023
vt 0.3779 0.4245
vt 0.7969 0.0788
vt 0.5498 0.9479
vt 1.1426 0.7305
vt 1.2568 0.1139
vt 0.7305 0.1022
vt 0.2754 0.9421
vt 0.8975 0.9303
vt 0.9053 0.0775
vt 0.1084 0.0944
vt 0.4688 0.0713
vt 0.5000 0.5420
vt 0.8818 0.5088
vt -0.1445 0.6064
vt 0.5498 0.9478
vt 1.2568 0.1143
vt 0.7305 0.1025
vt 0.2246 0.0566
vt 0.7852 0.6602
vt 0.2256 0.6855
vt 0.5049 1.0303
vt 0.4990 0.4834
vt 0.0703 0.1143
vt 0.0732 0.4854
vt 0.9316 0.4346
vt 0.7861 0.0225
vt 0.9307 0.0723
vt 0.1162 0.1934
vt 0.9961 0.9824
vt 0.6328 0.0010
vt 0.1133 0.9189
vt 1.0049 0.0723
vt 0.1211 0.8477
vt -0.0107 0.1025
vt 0.9219 0.9395
vt 0.1455 0.3887
vt 0.8018 0.7871
vt 0.2783 0.9785
vt 0.7412 0.1855
vt 0.4961 1.0469
vt 0.8037 0.0850
vt 0.0771 0.5596
vt 0.8926 0.9375
vt 1.0068 0.3555
vt 0.2568 0.9961
vt 0.0117 0.3311
vt 0.8701 0.9648
vt 1.1055 0.6745
vt 0.9043 0.6901
vt 1.1143 0.9824
vt 0.3623 0.9844
vt 0.2812 0.6732
vt 0.1055 0.6745
vt 0.5215 0.6777
vt 0.9316 0.9883
vt 0.7666 0.6784
vt 0.5391 0.9876
vt 0.1143 0.9824
vt 0.7705 0.5508
vt 0.5273 0.5638
vt 0.2852 0.5547
vt 0.1260 0.5527
vt 0.8887 0.5736
vt 1.1260 0.5527
vt 0.9551 0.1712
vt 0.0645 0.1751
vt 0.7637 0.9512
vt 0.7051 0.9505
vt 0.9795 0.1712
vt 0.2051 0.9512
vt -0.0459 0.1738
vt 0.3496 0.9525
vt 0.1084 0.4368
vt 0.2998 0.3301
vt 0.0947 0.3151
vt 1.1084 0.4368
vt 0.9775 0.1921
vt 0.9287 0.4329
vt 0.5488 0.3210
vt 0.7910 0.1152
vt 0.5146 0.1693
vt 1.0947 0.3151
vt 0.2793 0.4251
vt 0.7979 0.3366
vt 0.1094 0.3118
vt 0.3008 0.3320
vt 0.3838 0.0918
vt 1.1641 0.0618
vt 1.0869 0.1250
vt 0.0869 0.1250
vt 0.1162 -0.5378
vt 0.9551 -0.7044
vt 0.9844 -0.7754
vt -0.0010 -0.5514
vt 0.7051 -0.0059
vt 0.9854 0.9717
vt 0.0957 0.2510
vt 0.0508 0.9639
vt 0.9668 0.1357
vt 0.8535 0.8740
vt 0.0029 -0.0010
vt 0.0957 0.8828
vt 0.2588 1.0127
vt 0.8291 0.8389
vt 0.1064 0.3730
vt 0.7510 0.2090
vt 0.0996 0.4570
vt 0.6787 0.0840
vt 0.5244 0.9209
vt 0.8369 0.8408
vt 1.0146 0.1865
vt 0.8096 0.9678
vt 0.0449 0.2773
vt 0.2070 0.9766
vt 0.1494 0.9694
vt 0.3408 0.6673
vt 0.1309 0.6562
vt 1.1309 0.6562
vt 0.9707 0.6569
vt 0.8672 0.9701
vt 0.7520 0.6589
vt 0.4844 0.6576
vt 0.3350 0.9720
vt 0.6816 0.9688
vt 1.1494 0.9694
vt 0.4775 0.5371
vt 0.7500 0.5430
vt 0.9678 0.5371
vt 1.1074 0.5358
vt 0.3486 0.5495
vt 0.1074 0.5358
vt 0.4805 0.9316
vt 0.9561 0.1354
vt 0.1709 0.1094
vt 0.1494 0.1081
vt 0.5322 0.9323
vt 1.0537 0.1361
vt 0.9727 0.9453
vt 0.8457 0.9434
vt 1.1387 0.2923
vt 0.9658 0.3079
vt 1.1152 0.4180
vt 0.2939 0.4089
vt 0.2451 0.1660
vt 0.1152 0.4180
vt 0.7734 0.1432
vt 0.4209 0.0866
vt 0.7295 0.2975
vt 0.1387 0.2923
vt 0.9707 0.4056
vt 0.4521 0.3105
vt 1.1279 0.2897
vt 0.9609 0.3066
vt 0.8936 0.0684
vt 1.0635 0.0326
vt 0.0635 0.0326
vt 0.1396 0.0996
vt 0.1279 0.2897
vt 0.0127 -0.8092
vt -0.0264 -0.8841
vt 0.7812 -0.6133
vt 0.8818 -0.6250
vt 0.2119 -0.0436
vt 0.3623 -0.1146
vt 0.2939 -0.0697
vt 0.3975 -0.0228
vt 0.3779 -0.1068
vt 0.4395 0.0280
vt 0.5986 0.0234
vt 0.6445 -0.1172
vt 0.6426 -0.0273
vt 0.2402 -0.0332
vt 0.7988 -0.0417
vt 0.7031 -0.0697
vt 0.6230 -0.1081
vt 0.7578 -0.0436
vt 0.2979 0.0384
vt 0.2070 0.1178
vt 0.8271 0.1126
vt 0.7275 0.0312
vt 0.7607 0.5052
vt 0.9600 0.4798
vt 0.9766 0.1543
vt 0.7686 0.7812
vt 0.0264 0.1699
vt 0.2910 0.5150
vt 0.3145 0.2031
vt 0.5088 0.5378
vt 0.2617 0.7865
vt 0.6787 0.1992
vt 0.0342 0.4889
vt 0.8506 0.7871
vt 0.1533 0.7995
vt 0.3643 -0.0326
vt 0.0391 0.1367
vt 0.0410 0.1003
vt 0.1650 0.7090
vt 0.1455 0.3574
vt 0.0527 0.4069
vt 0.1855 0.0970
vt 0.4854 0.0911
vt 0.9668 0.4062
vt 0.8457 0.7103
vt 0.9609 0.4271
vt 0.8701 0.3574
vt 0.6689 0.6914
vt 0.0391 0.1777
vt 0.4873 0.3307
vt 0.9668 0.1758
vt 0.3320 0.6921
vt 0.9678 0.0944
vt 0.7910 0.0931
vt 0.9678 0.1380
vt 0.6045 -0.0319
vt 0.0566 0.4316
vt 0.8311 0.8893
vt 0.7783 0.8906
vt 0.7432 0.8900
vt 0.4766 0.8958
vt 0.2744 0.8991
vt 0.2227 0.9010
vt 0.1758 0.9004
vt 0.4883 0.8014
vt 0.6719 0.8008
vt 0.3301 0.8014
vt 0.2598 0.8008
vt 0.8242 0.8021
vt 0.7588 0.8014
vt 0.1846 0.8014
vt 0.2031 0.0169
vt 0.1650 0.4232
vt 0.8828 0.4199
vt 0.1768 0.0169
vt 0.0820 0.4238
vt 0.9580 0.4199
vt 0.8936 0.0137
vt 0.8857 0.0137
vt 1.0332 0.3066
vt 0.9775 0.0124
vt 0.1543 0.0169
vt 0.0273 0.3125
vt 0.2861 0.0195
vt 0.1377 0.0033
vt 0.8438 0.0007
vt 0.6895 0.0150
vt 0.5020 0.4440
vt 0.8555 0.0169
vt 0.2500 0.9863
vt 0.7393 0.9909
vt 0.2744 0.0182
vt 0.8838 0.0820
vt 0.8604 0.0130
vt 0.7656 0.1816
vt 0.7568 0.0033
vt 0.5098 0.2500
vt 0.4824 0.2507
vt 0.2334 0.0046
vt 0.2461 0.1816
vt 0.1016 0.0872
vt 0.1309 0.0124
vt 0.9307 0.2246
vt 0.8008 0.2773
vt 0.5127 0.3796
vt 0.5332 0.9375
vt 0.8350 0.7799
vt 0.0527 0.2292
vt 0.4688 0.9375
vt 0.4824 0.3796
vt 0.1826 0.2806
vt 0.1455 0.7832
vt 0.7256 0.9681
vt 0.2822 0.9720
vt 0.8135 0.9818
vt 0.1943 0.9850
vt 0.3281 0.8978
vt 0.6729 0.8919
vt 0.2021 0.8848
vt 0.8057 0.8796
vt 1.0137 0.1406
vt 0.8369 0.8457
vt 0.1396 0.8509
vt -0.0312 0.1491
vt 0.9619 0.1413
vt 0.0195 0.1484
vt 0.1650 0.8509
vt 0.8291 0.8457
vn -0.577 -0.577 -0.577
vn -0.577 -0.577 -0.577
vn -0.577 -0.577 -0.577
vn -0.577 -0.577 -0.577
vn -0.577 -0.577 -0.577
vn -0.577 -0.577 -0.577
vn -0.577 -0.577 -0.577
vn -0.577 -0.577 -0.577
vn -0.577 -0.577 -0.577
vn -0.577 -0.577 -0.577
vn -0.577 -0.577 -0.577
vn -0.577 -0.577 -0.577
vn -0.577 -0.577 -0.577
vn -0.577 -0.577 -0.577
vn -0.577 -0.577 -0.577
vn -0.577 -0.577 -0.577
vn -0.577 -0.577 -0.577
vn -0.577 -0.577 -0.577
vn -0.577 -0.577 -0.577
vn -0.577 -0.577 -0.577
vn -0.577 -0.577 -0.577
vn -0.577 -0.577 -0.577
vn -0.577 -0.577 -0.577
vn -0.577 -0.577 -0.577
vn -0.577 -0.577 -0.577
vn -0.577 -0.577 -0.577
vn -0.577 -0.577 -0.577
vn -0.577 -0.577 -0.577
vn -0.577 -0.577 -0.577
vn -0.577 -0.577 -0.577
vn -0.577 -0.577 -0.577
vn -0.577 -0.577 -0.577
vn -0.577 -0.577 -0.577
vn -0.577 -0.577 -0.577
vn -0.577 -0.577 -0.577
vn -0.577 -0.577 -0.577
vn -0.577 -0.577 -0.577
vn -0.577 -0.577 -0.577
vn -0.577 -0.577 -0.577
vn -0.577 -0.577 -0.577
vn -0.577 -0.577 -0.577
vn -0.577 -0.577 -0.577
vn -0.577 -0.577 -0.577
vn -0.577 -0.577 -0.577
vn -0.577 -0.577 -0.577
vn -0.577 -0.577 -0.577
vn -0.577 -0.577 -0.577
vn -0.577 -0.577 -0.577
vn -0.577 -0.577 -0.577
vn -0.577 -0.577 -0.577
vn -0.577 -0.577 -0.577
vn -0.577 -0.577 -0.577
vn -0.577 -0.577 -0.577
vn -0.577 -0.577 -0.577
vn -0.577 -0.577 -0.577
vn -0.577 -0.577 -0.577
vn -0.577 -0.577 -0.577
vn -0.577 -0.577 -0.577
vn 0.577 0.577 0.577
vn 0.577 0.577 0.577
vn -0.577 -0.577 -0.577
vn -0.577 -0.577 -0.577
vn -0.577 -0.577 -0.577
vn -0.577 -0.577 -0.577
vn -0.577 -0.577 -0.577
vn -0.577 -0.577 -0.577
vn -0.577 -0.577 -0.577
vn -0.577 -0.577 -0.577
vn -0.577 -0.577 -0.577
vn 0.577 0.577 0.577
vn -0.577 -0.577 -0.577
vn -0.577 -0.577 -0.577
vn -0.577 -0.577 -0.577
vn -0.577 -0.577 -0.577
vn -0.577 -0.577 -0.577
vn -0.577 -0.577 -0.577
vn 0.577 0.577 0.577
vn 0.577 0.577 0.577
vn -0.577 -0.577 -0.577
vn -0.577 -0.577 -0.577
vn -0.577 -0.577 -0.577
vn -0.577 -0.577 -0.577
vn -0.577 -0.577 -0.577
vn -0.577 -0.577 -0.577
vn -0.577 -0.577 -0.577
vn -0.577 -0.577 -0.577
vn -0.577 -0.577 -0.577
vn 0.577 0.577 0.577
vn -0.577 -0.577 -0.577
vn -0.577 -0.577 -0.577
vn -0.577 -0.577 -0.577
vn 0.577 0.577 0.577
vn -0.577 -0.577 -0.577
vn -0.577 -0.577 -0.577
vn -0.577 -0.577 -0.577
vn -0.577 -0.577 -0.577
vn -0.577 -0.577 -0.577
vn -0.577 -0.577 -0.577
vn -0.577 -0.577 -0.577
vn -0.577 -0.577 -0.577
vn -0.577 -0.577 -0.577
vn -0.577 -0.577 -0.577
vn 0.577 0.577 0.577
vn 0.577 0.577 0.577
vn 0.577 0.577 0.577
vn -0.577 -0.577 -0.577
vn -0.577 -0.577 -0.577
vn -0.577 -0.577 -0.577
vn -0.577 -0.577 -0.577
vn -0.577 -0.577 -0.577
vn -0.577 -0.577 -0.577
vn -0.577 -0.577 -0.577
vn -0.577 -0.577 -0.577
vn 0.577 0.577 0.577
vn 0.577 0.577 0.577
vn -0.577 -0.577 -0.577
vn 0.577 0.577 0.577
vn 0.577 0.577 0.577
vn -0.577 -0.577 -0.577
vn -0.577 -0.577 -0.577
vn -0.577 -0.577 -0.577
vn -0.577 -0.577 -0.577
vn -0.577 -0.577 -0.577
vn -0.577 -0.577 -0.577
vn -0.577 -0.577 -0.577
vn -0.577 -0.577 -0.577
vn -0.577 -0.577 -0.577
vn -0.577 -0.577 -0.577
vn -0.577 -0.577 -0.577
vn -0.577 -0.577 -0.577
vn -0.577 -0.577 -0.577
vn -0.577 -0.577 -0.577
vn -0.577 -0.577 -0.577
vn -0.577 -0.577 -0.577
vn -0.577 -0.577 -0.577
vn -0.577 -0.577 -0.577
vn -0.577 -0.577 -0.577
vn -0.577 -0.577 -0.577
vn -0.577 -0.577 -0.577
vn -0.577 -0.577 -0.577
vn -0.577 -0.577 -0.577
vn -0.577 -0.577 -0.577
vn -0.577 -0.577 -0.577
vn -0.577 -0.577 -0.577
vn -0.577 -0.577 -0.577
vn -0.577 -0.577 -0.577
vn -0.577 -0.577 -0.577
vn -0.577 -0.577 -0.577
vn -0.577 -0.577 -0.577
vn -0.577 -0.577 -0.577
vn -0.577 -0.577 -0.577
vn -0.577 -0.577 -0.577
vn -0.577 -0.577 -0.577
vn -0.577 -0.577 -0.577
vn -0.577 -0.577 -0.577
vn -0.577 -0.577 -0.577
vn -0.577 -0.577 -0.577
vn -0.577 -0.577 -0.577
vn -0.577 -0.577 -0.577
vn -0.577 -0.577 -0.577
vn -0.577 -0.577 -0.577
vn -0.577 -0.577 -0.577
vn -0.577 -0.577 -0.577
vn -0.577 -0.577 -0.577
vn -0.577 -0.577 -0.577
vn -0.577 -0.577 -0.577
vn -0.577 -0.577 -0.577
vn -0.577 -0.577 -0.577
vn -0.577 -0.577 -0.577
vn -0.577 -0.577 -0.577
vn -0.577 -0.577 -0.577
vn -0.577 -0.577 -0.577
vn -0.577 -0.577 -0.577
vn -0.577 -0.577 -0.577
vn -0.577 -0.577 -0.577
vn -0.577 -0.577 -0.577
vn -0.577 -0.577 -0.577
vn -0.577 -0.577 -0.577
vn 0.577 0.577 0.577
vn 0.577 0.577 0.577
vn -0.577 -0.577 -0.577
vn -0.577 -0.577 -0.577
vn -0.577 -0.577 -0.577
vn -0.577 -0.577 -0.577
vn -0.577 -0.577 -0.577
vn -0.577 -0.577 -0.577
vn -0.577 -0.577 -0.577
vn -0.577 -0.577 -0.577
vn 0.577 0.577 0.577
vn -0.577 -0.577 -0.577
vn -0.577 -0.577 -0.577
vn -0.577 -0.577 -0.577
vn -0.577 -0.577 -0.577
vn -0.577 -0.577 -0.577
vn 0.577 0.577 0.577
vn -0.577 -0.577 -0.577
vn 0.577 0.577 0.577
vn -0.577 -0.577 -0.577
vn -0.577 -0.577 -0.577
vn -0.577 -0.577 -0.577
vn -0.577 -0.577 -0.577
vn -0.577 -0.577 -0.577
vn -0.577 -0.577 -0.577
vn -0.577 -0.577 -0.577
vn -0.577 -0.577 -0.577
vn -0.577 -0.577 -0.577
vn -0.577 -0.577 -0.577
vn 0.577 0.577 0.577
vn -0.577 -0.577 -0.577
vn -0.577 -0.577 -0.577
vn 0.577 0.577 0.577
vn -0.577 -0.577 -0.577
vn -0.577 -0.577 -0.577
vn -0.577 -0.577 -0.577
vn -0.577 -0.577 -0.577
vn -0.577 -0.577 -0.577
vn -0.577 -0.577 -0.577
vn -0.577 -0.577 -0.577
vn -0.577 -0.577 -0.577
vn -0.577 -0.577 -0.577
vn -0.577 -0.577 -0.577
vn 0.577 0.577 0.577
vn 0.577 0.577 0.577
vn -0.577 -0.577 -0.577
vn 0.577 0.577 0.577
vn 0.577 0.577 0.577
vn -0.577 -0.577 -0.577
vn -0.577 -0.577 -0.577
vn -0.577 -0.577 -0.577
vn -0.577 -0.577 -0.577
vn 0.577 0.577 0.577
vn 0.577 0.577 0.577
vn 0.577 0.577 0.577
vn -0.577 -0.577 -0.577
vn -0.577 -0.577 -0.577
vn -0.577 -0.577 -0.577
vn -0.577 -0.577 -0.577
vn -0.577 -0.577 -0.577
vn 0.577 0.577 0.577
vn -0.577 -0.577 -0.577
vn 0.577 0.577 0.577
vn -0.577 -0.577 -0.577
vn -0.577 -0.577 -0.577
vn -0.577 -0.577 -0.577
vn -0.577 -0.577 -0.577
vn -0.577 -0.577 -0.577
vn -0.577 -0.577 -0.577
vn -0.577 -0.577 -0.577
vn -0.577 -0.577 -0.577
vn -0.577 -0.577 -0.577
vn -0.577 -0.577 -0.577
vn -0.577 -0.577 -0.577
vn -0.577 -0.577 -0.577
vn -0.577 -0.577 -0.577
vn -0.577 -0.577 -0.577
vn -0.577 -0.577 -0.577
vn -0.577 -0.577 -0.577
vn -0.577 -0.577 -0.577
vn -0.577 -0.577 -0.577
vn -0.577 -0.577 -0.577
vn -0.577 -0.577 -0.577
vn -0.577 -0.577 -0.577
vn -0.577 -0.577 -0.577
vn -0.577 -0.577 -0.577
vn -0.577 -0.577 -0.577
vn -0.577 -0.577 -0.577
vn -0.577 -0.577 -0.577
vn -0.577 -0.577 -0.577
vn -0.577 -0.577 -0.577
vn -0.577 -0.577 -0.577
vn -0.577 -0.577 -0.577
vn -0.577 -0.577 -0.577
vn -0.577 -0.577 -0.577
vn -0.577 -0.577 -0.577
vn -0.577 -0.577 -0.577
vn -0.577 -0.577 -0.577
vn -0.577 -0.577 -0.577
vn -0.577 -0.577 -0.577
vn -0.577 -0.577 -0.577
vn -0.577 -0.577 -0.577
vn -0.577 -0.577 -0.577
vn -0.577 -0.577 -0.577
vn -0.577 -0.577 -0.577
vn -0.577 -0.577 -0.577
vn -0.577 -0.577 -0.577
vn -0.577 -0.577 -0.577
vn -0.577 -0.577 -0.577
vn -0.577 -0.577 -0.577
vn -0.577 -0.577 -0.577
vn -0.577 -0.577 -0.577
vn -0.577 -0.577 -0.577
vn -0.577 -0.577 -0.577
vn -0.577 -0.577 -0.577
vn -0.577 -0.577 -0.577
vn -0.577 -0.577 -0.577
vn -0.577 -0.577 -0.577
vn -0.577 -0.577 -0.577
vn -0.577 -0.577 -0.577
vn -0.577 -0.577 -0.577
vn -0.577 -0.577 -0.577
vn -0.577 -0.577 -0.577
vn -0.577 -0.577 -0.577
vn 0.577 0.577 0.577
vn -0.577 -0.577 -0.577
vn -0.577 -0.577 -0.577
vn -0.577 -0.577 -0.577
vn -0.577 -0.577 -0.577
vn -0.577 -0.577 -0.577
vn -0.577 -0.577 -0.577
vn -0.577 -0.577 -0.577
vn 0.577 0.577 0.577
vn -0.577 -0.577 -0.577
vn -0.577 -0.577 -0.577
vn -0.577 -0.577 -0.577
vn 0.577 0.577 0.577
vn 0.577 0.577 0.577
vn -0.577 -0.577 -0.577
vn -0.577 -0.577 -0.577
vn -0.577 -0.577 -0.577
vn -0.577 -0.577 -0.577
vn -0.577 -0.577 -0.577
vn -0.577 -0.577 -0.577
vn -0.577 -0.577 -0.577
vn -0.577 -0.577 -0.577
vn -0.577 -0.577 -0.577
vn -0.577 -0.577 -0.577
vn -0.577 -0.577 -0.577
vn -0.577 -0.577 -0.577
vn -0.577 -0.577 -0.577
vn -0.577 -0.577 -0.577
vn -0.577 -0.577 -0.577
vn 0.577 0.577 0.577
vn -0.577 -0.577 -0.577
vn 0.577 0.577 0.577
vn 0.577 0.577 0.577
vn 0.577 0.577 0.577
vn -0.577 -0.577 -0.577
vn -0.577 -0.577 -0.577
vn 0.577 0.577 0.577
vn -0.577 -0.577 -0.577
vn -0.577 -0.577 -0.577
vn -0.577 -0.577 -0.577
vn -0.577 -0.577 -0.577
vn -0.577 -0.577 -0.577
vn -0.577 -0.577 -0.577
vn 0.577 0.577 0.577
vn 0.577 0.577 0.577
vn -0.577 -0.577 -0.577
vn -0.577 -0.577 -0.577
vn 0.577 0.577 0.577
vn -0.577 -0.577 -0.577
vn -0.577 -0.577 -0.577
vn -0.577 -0.577 -0.577
vn -0.577 -0.577 -0.577
vn -0.577 -0.577 -0.577
vn -0.577 -0.577 -0.577
vn 0.577 0.577 0.577
vn -0.577 -0.577 -0.577
vn -0.577 -0.577 -0.577
vn -0.577 -0.577 -0.577
vn -0.577 -0.577 -0.577
vn 0.577 0.577 0.577
vn -0.577 -0.577 -0.577
vn -0.577 -0.577 -0.577
vn -0.577 -0.577 -0.577
vn -0.577 -0.577 -0.577
vn 0.577 0.577 0.577
vn 0.577 0.577 0.577
vn -0.577 -0.577 -0.577
vn 0.577 0.577 0.577
vn 0.577 0.577 0.577
vn -0.577 -0.577 -0.577
vn -0.577 -0.577 -0.577
vn 0.577 0.577 0.577
vn -0.577 -0.577 -0.577
vn 0.577 0.577 0.577
vn -0.577 -0.577 -0.577
vn -0.577 -0.577 -0.577
vn -0.577 -0.577 -0.577
vn 0.577 0.577 0.577
vn -0.577 -0.577 -0.577
vn -0.577 -0.577 -0.577
vn 0.577 0.577 0.577
vn 0.577 0.577 0.577
vn -0.577 -0.577 -0.577
vn 0.577 0.577 0.577
vn 0.577 0.577 0.577
vn 0.577 0.577 0.577
vn 0.577 0.577 0.577
vn 0.577 0.577 0.577
vn -0.577 -0.577 -0.577
vn 0.577 0.577 0.577
vn 0.577 0.577 0.577
vn 0.577 0.577 0.577
vn 0.577 0.577 0.577
vn 0.577 0.577 0.577
vn 0.577 0.577 0.577
vn 0.577 0.577 0.577
vn -0.577 -0.577 -0.577
vn 0.577 0.577 0.577
vn -0.577 -0.577 -0.577
vn 0.577 0.577 0.577
vn 0.577 0.577 0.577
vn 0.577 0.577 0.577
vn 0.577 0.577 0.577
vn 0.577 0.577 0.577
vn -0.577 -0.577 -0.577
vn 0.577 0.577 0.577
vn 0.577 0.577 0.577
vn 0.577 0.577 0.577
vn 0.577 0.577 0.577
vn -0.577 -0.577 -0.577
vn 0.577 0.577 0.577
vn 0.577 0.577 0.577
vn 0.577 0.577 0.577
vn -0.577 -0.577 -0.577
vn 0.577 0.577 0.577
vn -0.577 -0.577 -0.577
vn 0.577 0.577 0.577
vn -0.577 -0.577 -0.577
vn 0.577 0.577 0.577
vn -0.577 -0.577 -0.577
vn 0.577 0.577 0.577
vn -0.577 -0.577 -0.577
vn 0.577 0.577 0.577
vn -0.577 -0.577 -0.577
vn 0.577 0.577 0.577
vn -0.577 -0.577 -0.577
vn -0.577 -0.577 -0.577
vn 0.577 0.577 0.577
vn -0.577 -0.577 -0.577
vn 0.577 0.577 0.577
vn 0.577 0.577 0.577
vn 0.577 0.577 0.577
vn -0.577 -0.577 -0.577
vn -0.577 -0.577 -0.577
vn -0.577 -0.577 -0.577
vn -0.577 -0.577 -0.577
vn -0.577 -0.577 -0.577
vn 0.577 0.577 0.577
vn -0.577 -0.577 -0.577
vn 0.577 0.577 0.577
vn -0.577 -0.577 -0.577
vn 0.577 0.577 0.577
vn -0.577 -0.577 -0.577
vn -0.577 -0.577 -0.577
vn -0.577 -0.577 -0.577
vn -0.577 -0.577 -0.577
vn -0.577 -0.577 -0.577
vn -0.577 -0.577 -0.577
vn -0.577 -0.577 -0.577
vn -0.577 -0.577 -0.577
vn -0.577 -0.577 -0.577
vn 0.577 0.577 0.577
vn -0.577 -0.577 -0.577
vn 0.577 0.577 0.577
vn -0.577 -0.577 -0.577
vn 0.577 0.577 0.577
vn -0.577 -0.577 -0.577
vn -0.577 -0.577 -0.577
vn -0.577 -0.577 -0.577
vn -0.577 -0.577 -0.577
vn -0.577 -0.577 -0.577
vn -0.577 -0.577 -0.577
vn -0.577 -0.577 -0.577
vn -0.577 -0.577 -0.577
vn -0.577 -0.577 -0.577
vn -0.577 -0.577 -0.577
vn -0.577 -0.577 -0.577
vn -0.577 -0.577 -0.577
vn -0.577 -0.577 -0.577
vn -0.577 -0.577 -0.577
vn -0.577 -0.577 -0.577
vn -0.577 -0.577 -0.577
vn -0.577 -0.577 -0.577
vn -0.577 -0.577 -0.577
vn -0.577 -0.577 -0.577
vn -0.577 -0.577 -0.577
vn -0.577 -0.577 -0.577
vn 0.577 0.577 0.577
vn 0.577 0.577 0.577
vn 0.577 0.577 0.577
vn 0.577 0.577 0.577
vn -0.577 -0.577 -0.577
vn 0.577 0.577 0.577
vn 0.577 0.577 0.577
vn -0.577 -0.577 -0.577
vn -0.577 -0.577 -0.577
vn -0.577 -0.577 -0.577
vn 0.577 0.577 0.577
vn 0.577 0.577 0.577
vn 0.577 0.577 0.577
vn 0.577 0.577 0.577
vn -0.577 -0.577 -0.577
vn 0.577 0.577 0.577
vn 0.577 0.577 0.577
vn 0.577 0.577 0.577
vn 0.577 0.577 0.577
vn 0.577 0.577 0.577
vn 0.577 0.577 0.577
vn 0.577 0.577 0.577
vn 0.577 0.577 0.577
vn -0.577 -0.577 -0.577
vn -0.577 -0.577 -0.577
vn -0.577 -0.577 -0.577
vn -0.577 -0.577 -0.577
vn -0.577 -0.577 -0.577
vn -0.577 -0.577 -0.577
vn -0.577 -0.577 -0.577
vn -0.577 -0.577 -0.577
vn -0.577 -0.577 -0.577
vn -0.577 -0.577 -0.577
vn -0.577 -0.577 -0.577
vn -0.577 -0.577 -0.577
vn -0.577 -0.577 -0.577
vn -0.577 -0.577 -0.577
vn -0.577 -0.577 -0.577
vn -0.577 -0.577 -0.577
vn -0.577 -0.577 -0.577
vn -0.577 -0.577 -0.577
vn 0.577 0.577 0.577
vn 0.577 0.577 0.577
vn 0.577 0.577 0.577
vn 0.577 0.577 0.577
vn 0.577 0.577 0.577
vn -0.577 -0.577 -0.577
vn -0.577 -0.577 -0.577
vn -0.577 -0.577 -0.577
vn -0.577 -0.577 -0.577
vn -0.577 -0.577 -0.577
vn -0.577 -0.577 -0.577
vn -0.577 -0.577 -0.577
vn -0.577 -0.577 -0.577
vn -0.577 -0.577 -0.577
vn -0.577 -0.577 -0.577
vn -0.577 -0.577 -0.577
vn -0.577 -0.577 -0.577
vn -0.577 -0.577 -0.577
vn -0.577 -0.577 -0.577
vn -0.577 -0.577 -0.577
vn -0.577 -0.577 -0.577
vn -0.577 -0.577 -0.577
vn -0.577 -0.577 -0.577
vn -0.577 -0.577 -0.577
vn -0.577 -0.577 -0.577
vn -0.577 -0.577 -0.577
vn -0.577 -0.577 -0.577
vn -0.577 -0.577 -0.577
vn -0.577 -0.577 -0.577
vn -0.577 -0.577 -0.577
vn -0.577 -0.577 -0.577
vn -0.577 -0.577 -0.577
vn -0.577 -0.577 -0.577
vn -0.577 -0.577 -0.577
vn -0.577 -0.577 -0.577
vn -0.577 -0.577 -0.577
vn -0.577 -0.577 -0.577
vn -0.577 -0.577 -0.577
vn -0.577 -0.577 -0.577
vn -0.577 -0.577 -0.577
vn -0.577 -0.577 -0.577
vn -0.577 -0.577 -0.577
vn -0.577 -0.577 -0.577
vn -0.577 -0.577 -0.577
vn -0.577 -0.577 -0.577
vn -0.577 -0.577 -0.577
vn -0.577 -0.577 -0.577
vn -0.577 -0.577 -0.577
vn -0.577 -0.577 -0.577
vn -0.577 -0.577 -0.577
vn 0.577 0.577 0.577
vn 0.577 0.577 0.577
vn -0.577 -0.577 -0.577
vn 0.577 0.577 0.577
vn -0.577 -0.577 -0.577
vn 0.577 0.577 0.577
vn -0.577 -0.577 -0.577
vn 0.577 0.577 0.577
vn 0.577 0.577 0.577
vn -0.577 -0.577 -0.577
vn -0.577 -0.577 -0.577
vn -0.577 -0.577 -0.577
vn -0.577 -0.577 -0.577
vn -0.577 -0.577 -0.577
vn -0.577 -0.577 -0.577
vn 0.577 0.577 0.577
vn -0.577 -0.577 -0.577
vn -0.577 -0.577 -0.577
vn 0.577 0.577 0.577
vn 0.577 0.577 0.577
vn -0.577 -0.577 -0.577
vn -0.577 -0.577 -0.577
vn -0.577 -0.577 -0.577
vn -0.577 -0.577 -0.577
vn 0.577 0.577 0.577
vn 0.577 0.577 0.577
vn -0.577 -0.577 -0.577
vn -0.577 -0.577 -0.577
vn -0.577 -0.577 -0.577
vn 0.577 0.577 0.577
vn -0.577 -0.577 -0.577
vn -0.577 -0.577 -0.577
vn -0.577 -0.577 -0.577
vn -0.577 -0.577 -0.577
vn -0.577 -0.577 -0.577
vn -0.577 -0.577 -0.577
vn -0.577 -0.577 -0.577
vn -0.577 -0.577 -0.577
vn -0.577 -0.577 -0.577
vn -0.577 -0.577 -0.577
vn -0.577 -0.577 -0.577
vn -0.577 -0.577 -0.577
vn -0.577 -0.577 -0.577
vn -0.577 -0.577 -0.577
vn -0.577 -0.577 -0.577
vn -0.577 -0.577 -0.577
vn -0.577 -0.577 -0.577
vn -0.577 -0.577 -0.577
vn -0.577 -0.577 -0.577
vn -0.577 -0.577 -0.577
vn -0.577 -0.577 -0.577
vn -0.577 -0.577 -0.577
vn -0.577 -0.577 -0.577
vn -0.577 -0.577 -0.577
vn -0.577 -0.577 -0.577
vn -0.577 -0.577 -0.577
vn -0.577 -0.577 -0.577
vn -0.577 -0.577 -0.577
vn -0.577 -0.577 -0.577
vn -0.577 -0.577 -0.577
vn -0.577 -0.577 -0.577
vn -0.577 -0.577 -0.577
vn -0.577 -0.577 -0.577
vn -0.577 -0.577 -0.577
vn -0.577 -0.577 -0.577
vn -0.577 -0.577 -0.577
vn -0.577 -0.577 -0.577
vn -0.577 -0.577 -0.577
vn -0.577 -0.577 -0.577
vn -0.577 -0.577 -0.577
vn -0.577 -0.577 -0.577
vn -0.577 -0.577 -0.577
vn -0.577 -0.577 -0.577
vn -0.577 -0.577 -0.577
vn -0.577 -0.577 -0.577
vn -0.577 -0.577 -0.577
vn -0.577 -0.577 -0.577
vn -0.577 -0.577 -0.577
vn -0.577 -0.577 -0.577
vn -0.577 -0.577 -0.577
vn -0.577 -0.577 -0.577
vn -0.577 -0.577 -0.577
vn -0.577 -0.577 -0.577
vn -0.577 -0.577 -0.577
vn -0.577 -0.577 -0.577
vn -0.577 -0.577 -0.577
vn -0.577 -0.577 -0.577
vn -0.577 -0.577 -0.577
vn -0.577 -0.577 -0.577
vn -0.577 -0.577 -0.577
vn -0.577 -0.577 -0.577
vn -0.577 -0.577 -0.577
vn -0.577 -0.577 -0.577
vn -0.577 -0.577 -0.577
vn -0.577 -0.577 -0.577
vn 0.577 0.577 0.577
vn -0.577 -0.577 -0.577
vn -0.577 -0.577 -0.577
vn -0.577 -0.577 -0.577
vn 0.577 0.577 0.577
vn -0.577 -0.577 -0.577
vn 0.577 0.577 0.577
vn 0.577 0.577 0.577
vn 0.577 0.577 0.577
vn 0.577 0.577 0.577
vn -0.577 -0.577 -0.577
vn -0.577 -0.577 -0.577
vn -0.577 -0.577 -0.577
vn -0.577 -0.577 -0.577
vn -0.577 -0.577 -0.577
vn -0.577 -0.577 -0.577
vn -0.577 -0.577 -0.577
vn 0.577 0.577 0.577
vn -0.577 -0.577 -0.577
vn -0.577 -0.577 -0.577
vn 0.577 0.577 0.577
vn 0.577 0.577 0.577
vn -0.577 -0.577 -0.577
vn -0.577 -0.577 -0.577
vn -0.577 -0.577 -0.577
vn -0.577 -0.577 -0.577
vn 0.577 0.577 0.577
vn 0.577 0.577 0.577
vn 0.577 0.577 0.577
vn -0.577 -0.577 -0.577
vn -0.577 -0.577 -0.577
vn -0.577 -0.577 -0.577
vn 0.577 0.577 0.577
vn -0.577 -0.577 -0.577
vn -0.577 -0.577 -0.577
vn -0.577 -0.577 -0.577
vn -0.577 -0.577 -0.577
vn -0.577 -0.577 -0.577
vn -0.577 -0.577 -0.577
vn -0.577 -0.577 -0.577
vn -0.577 -0.577 -0.577
vn -0.577 -0.577 -0.577
vn -0.577 -0.577 -0.577
vn -0.577 -0.577 -0.577
vn -0.577 -0.577 -0.577
vn -0.577 -0.577 -0.577
vn -0.577 -0.577 -0.577
vn -0.577 -0.577 -0.577
vn -0.577 -0.577 -0.577
vn -0.577 -0.577 -0.577
vn -0.577 -0.577 -0.577
vn -0.577 -0.577 -0.577
vn -0.577 -0.577 -0.577
vn -0.577 -0.577 -0.577
vn -0.577 -0.577 -0.577
vn -0.577 -0.577 -0.577
vn -0.577 -0.577 -0.577
vn -0.577 -0.577 -0.577
vn -0.577 -0.577 -0.577
vn -0.577 -0.577 -0.577
vn -0.577 -0.577 -0.577
vn -0.577 -0.577 -0.577
vn -0.577 -0.577 -0.577
vn -0.577 -0.577 -0.577
vn -0.577 -0.577 -0.577
vn -0.577 -0.577 -0.577
vn -0.577 -0.577 -0.577
vn -0.577 -0.577 -0.577
vn -0.577 -0.577 -0.577
vn -0.577 -0.577 -0.577
vn -0.577 -0.577 -0.577
vn -0.577 -0.577 -0.577
vn -0.577 -0.577 -0.577
vn -0.577 -0.577 -0.577
vn -0.577 -0.577 -0.577
vn -0.577 -0.577 -0.577
vn -0.577 -0.577 -0.577
vn -0.577 -0.577 -0.577
vn -0.577 -0.577 -0.577
vn -0.577 -0.577 -0.577
vn -0.577 -0.577 -0.577
vn -0.577 -0.577 -0.577
vn -0.577 -0.577 -0.577
vn 0.577 0.577 0.577
vn -0.577 -0.577 -0.577
vn -0.577 -0.577 -0.577
vn -0.577 -0.577 -0.577
vn -0.577 -0.577 -0.577
vn -0.577 -0.577 -0.577
vn -0.577 -0.577 -0.577
vn -0.577 -0.577 -0.577
vn -0.577 -0.577 -0.577
vn -0.577 -0.577 -0.577
vn -0.577 -0.577 -0.577
vn -0.577 -0.577 -0.577
vn -0.577 -0.577 -0.577
vn 0.577 0.577 0.577
vn -0.577 -0.577 -0.577
vn -0.577 -0.577 -0.577
vn -0.577 -0.577 -0.577
vn 0.577 0.577 0.577
vn 0.577 0.577 0.577
vn -0.577 -0.577 -0.577
vn 0.577 0.577 0.577
vn 0.577 0.577 0.577
vn -0.577 -0.577 -0.577
vn -0.577 -0.577 -0.577
vn -0.577 -0.577 -0.577
vn -0.577 -0.577 -0.577
vn -0.577 -0.577 -0.577
vn -0.577 -0.577 -0.577
vn -0.577 -0.577 -0.577
vn -0.577 -0.577 -0.577
vn -0.577 -0.577 -0.577
vn 0.577 0.577 0.577
vn -0.577 -0.577 -0.577
vn 0.577 0.577 0.577
vn -0.577 -0.577 -0.577
vn -0.577 -0.577 -0.577
vn -0.577 -0.577 -0.577
vn -0.577 -0.577 -0.577
vn 0.577 0.577 0.577
vn 0.577 0.577 0.577
vn 0.577 0.577 0.577
vn -0.577 -0.577 -0.577
vn -0.577 -0.577 -0.577
vn -0.577 -0.577 -0.577
vn -0.577 -0.577 -0.577
vn -0.577 -0.577 -0.577
vn -0.577 -0.577 -0.577
vn 0.577 0.577 0.577
vn -0.577 -0.577 -0.577
vn -0.577 -0.577 -0.577
vn -0.577 -0.577 -0.577
vn -0.577 -0.577 -0.577
vn -0.577 -0.577 -0.577
vn -0.577 -0.577 -0.577
vn -0.577 -0.577 -0.577
vn -0.577 -0.577 -0.577
vn -0.577 -0.577 -0.577
vn -0.577 -0.577 -0.577
vn -0.577 -0.577 -0.577
vn -0.577 -0.577 -0.577
vn 0.577 0.577 0.577
vn 0.577 0.577 0.577
vn 0.577 0.577 0.577
vn 0.577 0.577 0.577
vn -0.577 -0.577 -0.577
vn -0.577 -0.577 -0.577
vn -0.577 -0.577 -0.577
vn -0.577 -0.577 -0.577
vn -0.577 -0.577 -0.577
vn -0.577 -0.577 -0.577
vn -0.577 -0.577 -0.577
vn -0.577 -0.577 -0.577
vn 0.577 0.577 0.577
vn 0.577 0.577 0.577
vn -0.577 -0.577 -0.577
vn -0.577 -0.577 -0.577
vn 0.577 0.577 0.577
vn 0.577 0.577 0.577
vn -0.577 -0.577 -0.577
vn -0.577 -0.577 -0.577
vn 0.577 0.577 0.577
vn -0.577 -0.577 -0.577
vn -0.577 -0.577 -0.577
vn 0.577 0.577 0.577
vn -0.577 -0.577 -0.577
vn -0.577 -0.577 -0.577
vn 0.577 0.577 0.577
vn -0.577 -0.577 -0.577
vn -0.577 -0.577 -0.577
vn 0.577 0.577 0.577
vn -0.577 -0.577 -0.577
vn -0.577 -0.577 -0.577
vn -0.577 -0.577 -0.577
vn -0.577 -0.577 -0.577
vn 0.577 0.577 0.577
vn -0.577 -0.577 -0.577
vn 0.577 0.577 0.577
vn -0.577 -0.577 -0.577
vn -0.577 -0.577 -0.577
vn -0.577 -0.577 -0.577
vn 0.577 0.577 0.577
vn 0.577 0.577 0.577
vn -0.577 -0.577 -0.577
vn -0.577 -0.577 -0.577
vn -0.577 -0.577 -0.577
vn -0.577 -0.577 -0.577
vn -0.577 -0.577 -0.577
vn 0.577 0.577 0.577
vn -0.577 -0.577 -0.577
vn -0.577 -0.577 -0.577
vn -0.577 -0.577 -0.577
vn -0.577 -0.577 -0.577
vn 0.577 0.577 0.577
vn 0.577 0.577 0.577
vn -0.577 -0.577 -0.577
vn -0.577 -0.577 -0.577
vn -0.577 -0.577 -0.577
vn -0.577 -0.577 -0.577
vn -0.577 -0.577 -0.577
vn 0.577 0.577 0.577
vn 0.577 0.577 0.577
vn 0.577 0.577 0.577
vn -0.577 -0.577 -0.577
vn -0.577 -0.577 -0.577
vn -0.577 -0.577 -0.577
vn 0.577 0.577 0.577
vn 0.577 0.577 0.577
vn -0.577 -0.577 -0.577
vn -0.577 -0.577 -0.577
vn 0.577 0.577 0.577
vn -0.577 -0.577 -0.577
vn 0.577 0.577 0.577
vn 0.577 0.577 0.577
vn -0.577 -0.577 -0.577
vn -0.577 -0.577 -0.577
vn 0.577 0.577 0.577
vn 0.577 0.577 0.577
vn 0.577 0.577 0.577
vn -0.577 -0.577 -0.577
vn -0.577 -0.577 -0.577
vn -0.577 -0.577 -0.577
vn -0.577 -0.577 -0.577
vn -0.577 -0.577 -0.577
vn -0.577 -0.577 -0.577
vn 0.577 0.577 0.577
vn 0.577 0.577 0.577
vn -0.577 -0.577 -0.577
vn -0.577 -0.577 -0.577
vn -0.577 -0.577 -0.577
vn -0.577 -0.577 -0.577
vn -0.577 -0.577 -0.577
vn -0.577 -0.577 -0.577
vn -0.577 -0.577 -0.577
vn -0.577 -0.577 -0.577
vn -0.577 -0.577 -0.577
vn 0.577 0.577 0.577
vn -0.577 -0.577 -0.577
vn -0.577 -0.577 -0.577
vn -0.577 -0.577 -0.577
vn -0.577 -0.577 -0.577
vn -0.577 -0.577 -0.577
vn -0.577 -0.577 -0.577
vn -0.577 -0.577 -0.577
vn -0.577 -0.577 -0.577
vn 0.577 0.577 0.577
vn 0.577 0.577 0.577
vn -0.577 -0.577 -0.577
vn -0.577 -0.577 -0.577
vn -0.577 -0.577 -0.577
vn -0.577 -0.577 -0.577
vn 0.577 0.577 0.577
vn 0.577 0.577 0.577
vn -0.577 -0.577 -0.577
vn 0.577 0.577 0.577
vn -0.577 -0.577 -0.577
vn -0.577 -0.577 -0.577
vn -0.577 -0.577 -0.577
vn 0.577 0.577 0.577
vn -0.577 -0.577 -0.577
vn 0.577 0.577 0.577
vn -0.577 -0.577 -0.577
vn -0.577 -0.577 -0.577
vn 0.577 0.577 0.577
vn -0.577 -0.577 -0.577
vn -0.577 -0.577 -0.577
vn -0.577 -0.577 -0.577
vn 0.577 0.577 0.577
vn -0.577 -0.577 -0.577
vn -0.577 -0.577 -0.577
vn -0.577 -0.577 -0.577
vn -0.577 -0.577 -0.577
vn -0.577 -0.577 -0.577
vn -0.577 -0.577 -0.577
vn -0.577 -0.577 -0.577
vn -0.577 -0.577 -0.577
vn -0.577 -0.577 -0.577
vn -0.577 -0.577 -0.577
vn -0.577 -0.577 -0.577
vn -0.577 -0.577 -0.577
vn -0.577 -0.577 -0.577
vn -0.577 -0.577 -0.577
vn -0.577 -0.577 -0.577
vn -0.577 -0.577 -0.577
usemtl tex_1574_lit_w10
f 1/1/1 2/2/2 3/3/3
f 4/4/4 3/3/3 5/5/5
f 1/1/1 3/3/3 4/4/4
usemtl tex_1573_lit
f 6/6/6 7/7/7 8/8/8
f 8/8/8 7/7/7 9/9/9
usemtl tex_1572_lit_w01
f 10/10/10 11/11/11 12/12/12
f 10/10/10 12/12/12 13/13/13
usemtl tex_1589_lit_w01
f 14/14/14 15/15/15 16/16/16
f 17/16/17 18/15/18 19/17/19
usemtl tex_1575_lit_w10
f 20/18/20 21/19/21 22/20/22
f 23/21/23 20/18/20 22/20/22
f 23/21/23 22/20/22 24/22/24
usemtl tex_1581_lit
f 25/23/25 26/24/26 27/25/27
f 28/26/28 25/23/25 27/25/27
usemtl tex_1587_lit_w01
f 29/27/29 36/28/36 37/29/37
f 29/27/29 30/30/30 38/31/38
f 29/27/29 38/31/38 36/28/36
f 31/32/31 32/33/32 37/29/37
f 32/33/32 29/27/29 37/29/37
f 31/32/31 37/29/37 39/34/39
usemtl tex_1586_lit_w01
f 33/35/33 34/36/34 40/37/40
f 34/36/34 41/38/41 40/37/40
f 34/36/34 35/39/35 41/38/41
usemtl tex_1587_lit_w01
f 49/33/49 50/32/50 42/40/42
f 49/33/49 43/41/43 51/27/51
f 51/27/51 43/41/43 44/42/44
f 51/27/51 44/42/44 52/30/52
f 49/33/49 45/43/45 43/41/43
f 49/33/49 42/40/42 45/43/45
usemtl tex_1586_lit_w01
f 46/44/46 47/45/47 53/35/53
f 53/35/53 47/45/47 54/36/54
f 54/36/54 47/45/47 48/46/48
f 54/36/54 48/46/48 55/39/55
usemtl tex_1584_lit_w01_ovl
f 56/47/56 57/48/57 58/49/58
usemtl tex_1584_lit_w01
f 59/50/59 60/51/60 61/52/61
f 56/47/56 62/53/62 57/48/57
usemtl tex_1584_lit_w01_ovl
f 58/49/58 57/48/57 59/50/59
usemtl tex_1584_lit_w01
f 61/52/61 60/51/60 63/54/63
f 63/54/63 60/51/60 62/53/62
f 63/54/63 62/53/62 56/47/56
f 58/49/58 59/50/59 61/52/61
f 61/52/61 63/54/63 56/47/56
f 61/52/61 56/47/56 58/49/58
f 60/51/60 59/50/59 64/48/64
f 60/51/60 64/48/64 65/53/65
usemtl tex_1583_lit_w01
f 66/55/66 67/56/67 68/57/68
f 66/55/66 68/57/68 69/58/69
f 66/55/66 70/59/70 67/56/67
f 71/60/71 72/61/72 69/58/69
f 72/61/72 66/55/66 69/58/69
f 71/60/71 69/58/69 73/62/73
usemtl tex_1582_lit_w01
f 74/63/74 67/56/67 70/59/70
f 75/64/75 71/60/71 73/62/73
f 74/63/74 70/59/70 75/64/75
f 74/63/74 75/64/75 73/62/73
usemtl tex_1583_lit_w01
f 76/65/76 81/66/81 82/67/82
f 81/66/81 76/65/76 77/68/77
f 83/69/83 81/66/81 77/68/77
f 78/70/78 76/65/76 82/67/82
f 78/70/78 82/67/82 84/71/84
f 79/72/79 78/70/78 84/71/84
usemtl tex_1582_lit_w01
f 79/72/79 84/71/84 85/73/85
f 83/69/83 80/74/80 85/73/85
f 80/74/80 79/72/79 85/73/85
f 80/74/80 83/69/83 77/68/77
usemtl tex_1587_lit_w01
f 93/41/93 94/43/94 86/75/86
f 86/75/86 87/76/87 95/42/95
f 96/40/96 88/77/88 89/78/89
f 96/40/96 89/78/89 94/43/94
f 94/43/94 89/78/89 86/75/86
f 95/42/95 93/41/93 86/75/86
usemtl tex_1586_lit_w01
f 90/79/90 91/80/91 97/45/97
f 92/81/92 98/46/98 97/45/97
f 91/80/91 92/81/92 97/45/97
f 99/44/99 90/79/90 97/45/97
usemtl tex_1583_lit_w01
f 100/82/100 101/83/101 102/84/102
f 103/85/103 104/86/104 105/87/105
f 104/86/104 100/82/100 102/84/102
f 100/82/100 106/88/106 101/83/101
f 104/86/104 102/84/102 105/87/105
f 107/87/107 108/84/108 109/83/109
f 107/87/107 109/83/109 110/89/110
usemtl tex_1590_lit_w01
f 111/90/111 112/91/112 113/92/113
f 111/90/111 113/92/113 114/93/114
f 111/90/111 114/93/114 115/94/115
usemtl tex_1584_lit_w01
f 116/48/116 117/50/117 118/51/118
f 116/48/116 118/51/118 119/53/119
usemtl tex_1574_lit_w10
f 120/3/120 121/2/121 122/1/122
f 123/5/123 120/3/120 124/4/124
f 124/4/124 120/3/120 122/1/122
usemtl tex_1573_lit
f 125/8/125 126/7/126 127/6/127
f 128/9/128 126/7/126 125/8/125
usemtl tex_1572_lit_w01
f 129/12/129 130/11/130 131/10/131
f 132/13/132 129/12/129 131/10/131
usemtl tex_1589_lit_w01
f 133/16/133 134/15/134 135/14/135
f 136/17/136 137/15/137 138/16/138
usemtl tex_1575_lit_w10
f 139/20/139 140/19/140 141/18/141
f 139/20/139 141/18/141 142/21/142
f 143/22/143 139/20/139 142/21/142
usemtl tex_1581_lit
f 144/25/144 145/24/145 146/23/146
f 144/25/144 146/23/146 147/26/147
usemtl tex_1584_lit_w01
f 155/95/155 156/96/156 148/97/148
f 157/98/157 149/99/149 148/97/148
f 156/96/156 157/98/157 148/97/148
f 155/95/155 150/100/150 151/101/151
f 155/95/155 148/97/148 150/100/150
f 158/102/158 155/95/155 151/101/151
usemtl tex_1585_lit_w01
f 159/103/159 152/104/152 153/105/153
f 159/103/159 160/106/160 152/104/152
f 160/106/160 154/107/154 152/104/152
usemtl tex_1584_lit_w01
f 168/97/168 161/108/161 169/100/169
f 162/109/162 161/108/161 168/97/168
f 170/99/170 163/110/163 168/97/168
f 171/101/171 169/100/169 164/111/164
f 161/108/161 164/111/164 169/100/169
f 163/110/163 162/109/162 168/97/168
usemtl tex_1585_lit_w01
f 165/112/165 166/113/166 172/105/172
f 173/104/173 165/112/165 172/105/172
f 167/114/167 165/112/165 173/104/173
f 174/107/174 167/114/167 173/104/173
usemtl tex_1587_lit_w01
f 175/115/175 176/116/176 177/117/177
f 178/118/178 179/119/179 180/120/180
f 176/116/176 181/121/181 177/117/177
f 180/120/180 176/116/176 175/115/175
f 182/122/182 179/119/179 178/118/178
f 181/121/181 179/119/179 182/122/182
f 177/117/177 181/121/181 182/122/182
f 178/118/178 180/120/180 175/115/175
f 175/115/175 177/117/177 182/122/182
f 175/115/175 182/122/182 178/118/178
f 183/121/183 184/116/184 180/120/180
f 183/121/183 180/120/180 179/119/179
usemtl tex_1583_lit_w01
f 185/123/185 186/124/186 187/125/187
f 188/126/188 185/123/185 187/125/187
f 186/124/186 189/127/189 187/125/187
f 188/126/188 190/128/190 191/129/191
f 188/126/188 191/129/191 192/130/192
f 188/126/188 187/125/187 190/128/190
usemtl tex_1582_lit_w01
f 189/127/189 186/124/186 193/131/193
f 191/129/191 194/132/194 193/131/193
f 194/132/194 189/127/189 193/131/193
f 191/129/191 193/131/193 192/130/192
usemtl tex_1583_lit_w01
f 195/133/195 196/134/196 200/135/200
f 201/136/201 197/137/197 202/138/202
f 195/133/195 200/135/200 203/139/203
f 196/134/196 197/137/197 201/136/201
f 197/137/197 198/140/198 202/138/202
f 196/134/196 201/136/201 200/135/200
usemtl tex_1582_lit_w01
f 199/141/199 203/139/203 204/142/204
f 203/139/203 199/141/199 195/133/195
f 198/140/198 199/141/199 204/142/204
f 198/140/198 204/142/204 202/138/202
usemtl tex_1584_lit_w01
f 212/110/212 205/143/205 206/144/206
f 207/145/207 208/146/208 213/111/213
f 214/108/214 207/145/207 213/111/213
f 206/144/206 207/145/207 214/108/214
f 215/109/215 212/110/212 206/144/206
f 215/109/215 206/144/206 214/108/214
usemtl tex_1585_lit_w01
f 209/147/209 210/148/210 216/113/216
f 217/112/217 209/147/209 216/113/216
f 211/149/211 209/147/209 217/112/217
f 218/114/218 211/149/211 217/112/217
usemtl tex_1590_lit_w01
f 219/150/219 220/151/220 221/152/221
f 222/153/222 219/150/219 221/152/221
f 223/154/223 222/153/222 221/152/221
usemtl tex_1587_lit_w01
f 224/121/224 225/119/225 226/120/226
f 224/121/224 226/120/226 227/116/227
usemtl tex_1582_lit_w01
f 228/155/228 229/156/229 230/157/230
f 231/158/231 232/159/232 233/160/233
f 228/155/228 230/157/230 232/159/232
f 229/156/229 234/161/234 230/157/230
f 231/158/231 228/155/228 232/159/232
f 235/162/235 236/156/236 237/155/237
f 235/162/235 237/155/237 238/158/238
usemtl tex_1569_lit
f 239/163/239 240/164/240 241/165/241
f 241/165/241 240/164/240 242/166/242
f 243/167/243 244/168/244 245/169/245
f 246/170/246 247/171/247 243/167/243
f 243/167/243 248/172/248 249/173/249
f 250/174/250 251/175/251 252/176/252
f 253/177/253 254/178/254 255/179/255
f 256/180/256 257/175/257 258/181/258
f 259/171/259 260/172/260 261/167/261
f 262/182/262 263/168/263 261/167/261
f 255/179/255 254/178/254 264/183/264
f 265/184/265 266/169/266 264/183/264
f 267/173/267 260/172/260 259/171/259
f 268/185/268 265/184/265 254/178/254
f 269/186/269 270/180/270 271/170/271
f 272/187/272 273/188/273 274/189/274
f 272/187/272 275/190/275 273/188/273
f 274/189/274 276/164/276 272/187/272
f 274/189/274 277/166/277 276/164/276
f 278/185/278 279/178/279 280/177/280
f 281/174/281 282/181/282 283/175/283
f 284/184/284 285/186/285 286/169/286
f 287/174/287 288/173/288 289/181/289
f 290/170/290 291/167/291 286/169/286
f 292/182/292 291/167/291 288/173/288
f 293/180/293 289/181/289 290/170/290
f 290/170/290 286/169/286 285/186/285
f 290/170/290 289/181/289 294/171/294
f 287/174/287 292/182/292 288/173/288
f 288/173/288 294/171/294 289/181/289
f 295/168/295 296/179/296 286/169/286
f 296/179/296 297/183/297 286/169/286
f 284/184/284 297/183/297 298/178/298
usemtl tex_1591_lit_ds_w01
f 299/191/299 300/192/300 301/193/301
usemtl tex_1591_lit_w01
f 302/194/302 303/195/303 304/196/304
usemtl tex_1591_lit_ds_w01
f 305/197/305 300/192/300 299/191/299
usemtl tex_1591_lit_w01
f 306/198/306 303/195/303 302/194/302
usemtl tex_1591_lit_ds_w01
f 305/197/305 307/199/307 300/192/300
usemtl tex_1591_lit_w01
f 308/200/308 303/195/303 306/198/306
usemtl tex_1591_lit_ds_w01
f 309/201/309 307/199/307 305/197/305
usemtl tex_1591_lit_w01
f 310/202/310 311/203/311 308/200/308
usemtl tex_1591_lit_ds_w01
f 309/201/309 312/204/312 307/199/307
usemtl tex_1591_lit_w01
f 313/205/313 311/203/311 310/202/310
usemtl tex_1591_lit_ds_w01
f 314/206/314 312/204/312 309/201/309
usemtl tex_1591_lit_w01
f 315/207/315 316/203/316 317/205/317
usemtl tex_1591_lit_ds_w01
f 318/206/318 319/208/319 320/204/320
usemtl tex_1591_lit_w01
f 321/209/321 316/203/316 315/207/315
usemtl tex_1591_lit_ds_w01
f 322/210/322 319/208/319 318/206/318
usemtl tex_1591_lit_w01
f 323/211/323 316/203/316 321/209/321
usemtl tex_1591_lit_ds_w01
f 324/192/324 325/212/325 326/193/326
f 324/192/324 327/213/327 325/212/325
f 328/199/328 327/213/327 324/192/324
f 328/199/328 329/214/329 327/213/327
f 320/204/320 329/214/329 328/199/328
f 320/204/320 330/215/330 329/214/329
f 319/208/319 330/215/330 320/204/320
f 331/216/331 332/217/332 333/218/333
f 334/219/334 332/217/332 331/216/331
f 334/219/334 335/220/335 332/217/332
f 336/221/336 335/220/335 334/219/334
usemtl tex_1591_lit_w01
f 337/222/337 338/209/338 339/207/339
usemtl tex_1591_lit_ds_w01
f 336/221/336 340/223/340 335/220/335
f 341/224/341 340/223/340 336/221/336
f 341/224/341 342/193/342 340/223/340
usemtl tex_1591_lit_w01
f 343/225/343 344/194/344 345/196/345
f 346/226/346 344/194/344 343/225/343
f 347/226/347 348/198/348 349/194/349
f 350/227/350 348/198/348 347/226/347
f 350/227/350 351/200/351 348/198/348
f 352/228/352 351/200/351 350/227/350
f 352/228/352 353/202/353 351/200/351
f 354/229/354 353/202/353 352/228/352
f 354/229/354 355/205/355 353/202/353
f 356/230/356 355/205/355 354/229/354
f 356/230/356 357/207/357 355/205/355
f 358/222/358 357/207/357 356/230/356
usemtl tex_1591_lit_ds_w01
f 359/191/359 360/193/360 361/224/361
usemtl tex_1591_lit_w01
f 362/231/362 363/209/363 364/222/364
f 362/231/362 365/211/365 363/209/363
f 366/232/366 365/211/365 362/231/362
f 367/233/367 368/226/368 369/225/369
f 370/234/370 368/226/368 367/233/367
f 370/234/370 371/227/371 368/226/368
f 372/235/372 371/227/371 370/234/370
f 372/235/372 373/228/373 371/227/371
f 374/236/374 373/228/373 372/235/372
f 374/236/374 375/229/375 373/228/373
f 376/237/376 375/229/375 374/236/374
f 376/237/376 377/230/377 375/229/375
f 378/238/378 379/230/379 380/237/380
f 378/238/378 381/222/381 379/230/379
f 382/239/382 381/222/381 378/238/378
f 382/239/382 383/231/383 381/222/381
f 384/240/384 383/231/383 382/239/382
f 384/240/384 385/232/385 383/231/383
f 386/241/386 385/232/385 384/240/384
f 387/242/387 388/234/388 389/233/389
f 390/243/390 388/234/388 387/242/387
f 390/243/390 391/235/391 388/234/388
f 392/244/392 391/235/391 390/243/390
f 392/244/392 393/236/393 391/235/391
f 394/245/394 395/236/395 396/244/396
f 394/245/394 397/237/397 395/236/395
f 398/246/398 397/237/397 394/245/394
f 398/246/398 399/238/399 397/237/397
f 400/247/400 399/238/399 398/246/398
f 400/247/400 401/239/401 399/238/399
f 402/248/402 401/239/401 400/247/400
f 402/248/402 403/240/403 401/239/401
f 404/249/404 403/240/403 402/248/402
f 404/249/404 405/241/405 403/240/403
f 406/250/406 405/241/405 404/249/404
usemtl tex_1591_lit_ds_w01
f 407/251/407 408/243/408 409/242/409
f 410/252/410 411/243/411 412/251/412
f 410/252/410 413/244/413 411/243/411
f 414/253/414 413/244/413 410/252/410
f 414/253/414 415/245/415 413/244/413
f 416/254/416 415/245/415 414/253/414
f 416/254/416 417/246/417 415/245/415
f 418/255/418 417/246/417 416/254/416
f 418/255/418 419/247/419 417/246/417
f 420/212/420 419/247/419 418/255/418
f 420/212/420 421/248/421 419/247/419
f 422/213/422 421/248/421 420/212/420
f 422/213/422 423/249/423 421/248/421
f 424/214/424 423/249/423 422/213/422
f 424/214/424 425/250/425 423/249/423
f 426/215/426 427/250/427 428/214/428
f 429/218/429 430/252/430 431/251/431
f 432/217/432 430/252/430 429/218/429
f 432/217/432 433/253/433 430/252/430
f 434/220/434 433/253/433 432/217/432
f 434/220/434 435/254/435 433/253/433
f 436/223/436 435/254/435 434/220/434
f 436/223/436 437/255/437 435/254/435
f 438/193/438 437/255/437 436/223/436
f 438/193/438 439/212/439 437/255/437
usemtl tex_1571_lit
f 440/256/440 441/257/441 442/258/442
f 442/258/442 441/257/441 443/259/443
f 442/258/442 443/259/443 444/260/444
f 444/260/444 443/259/443 445/261/445
f 446/262/446 447/263/447 448/264/448
f 448/264/448 443/259/443 441/257/441
f 449/265/449 448/264/448 447/263/447
f 449/265/449 445/261/445 443/259/443
f 448/264/448 449/265/449 443/259/443
f 450/266/450 449/265/449 451/267/451
f 440/256/440 452/268/452 441/257/441
f 446/262/446 448/264/448 452/268/452
f 449/265/449 447/263/447 451/267/451
f 452/268/452 440/256/440 453/269/453
f 448/264/448 441/257/441 452/268/452
usemtl tex_1570_lit
f 454/270/454 455/271/455 456/272/456
f 456/272/456 455/271/455 457/273/457
f 458/274/458 456/272/456 459/275/459
f 459/275/459 456/272/456 457/273/457
f 459/275/459 457/273/457 460/276/460
f 461/277/461 460/276/460 462/278/462
f 457/273/457 455/271/455 463/279/463
f 457/273/457 463/279/463 460/276/460
f 463/279/463 462/278/462 460/276/460
f 464/280/464 458/274/458 459/275/459
f 458/274/458 464/280/464 465/281/465
f 464/280/464 460/276/460 461/277/461
f 464/280/464 459/275/459 460/276/460
f 463/279/463 466/282/466 462/278/462
f 463/279/463 467/283/467 466/282/466
usemtl tex_1569_lit
f 468/284/468 469/285/469 470/286/470
f 468/284/468 470/286/470 471/287/471
f 472/288/472 473/289/473 474/290/474
f 472/288/472 474/290/474 475/291/475
f 476/292/476 477/293/477 478/294/478
f 476/292/476 478/294/478 479/295/479
usemtl tex_1591_lit_w01
f 480/296/480 481/297/481 482/298/482
f 480/296/480 482/298/482 483/299/483
f 484/300/484 485/285/485 486/301/486
f 484/300/484 486/301/486 487/302/487
f 488/303/488 489/304/489 490/305/490
f 488/303/488 490/305/490 491/306/491
f 492/307/492 493/308/493 494/290/494
f 492/307/492 494/290/494 495/309/495
f 496/310/496 497/311/497 498/312/498
f 496/310/496 498/312/498 499/313/499
f 500/314/500 501/315/501 502/316/502
f 500/314/500 502/316/502 503/317/503
usemtl tex_1573_lit
f 504/296/504 505/318/505 506/319/506
f 504/296/504 506/319/506 507/320/507
usemtl tex_1571_lit
f 508/303/508 509/304/509 510/321/510
f 508/303/508 510/321/510 511/306/511
usemtl tex_1570_lit
f 512/322/512 513/311/513 514/323/514
f 512/322/512 514/323/514 515/324/515
usemtl tex_1588_lit_w11
f 521/325/521 516/326/516 517/327/517
f 518/328/518 522/329/522 523/330/523
f 519/331/519 521/325/521 517/327/517
f 520/332/520 524/333/524 525/334/525
f 525/334/525 522/329/522 518/328/518
f 520/332/520 525/334/525 518/328/518
f 521/325/521 524/333/524 516/326/516
f 519/331/519 518/328/518 523/330/523
f 524/333/524 520/332/520 516/326/516
f 519/331/519 523/330/523 521/325/521
usemtl tex_1579_lit
f 526/335/526 527/336/527 528/337/528
f 529/338/529 527/336/527 526/335/526
usemtl tex_1576_lit
f 530/339/530 531/340/531 532/341/532
f 533/342/533 531/340/531 530/339/530
usemtl tex_1577_lit
f 534/343/534 535/344/535 536/345/536
f 537/346/537 535/344/535 534/343/534
usemtl tex_1578_lit
f 538/347/538 539/348/539 540/349/540
f 541/350/541 539/348/539 538/347/538
usemtl tex_1580_lit
f 542/351/542 543/352/543 544/353/544
f 545/354/545 543/352/543 542/351/542
usemtl tex_1591_lit_w01
f 546/355/546 547/356/547 552/357/552
f 553/358/553 548/359/548 549/360/549
f 553/358/553 550/361/550 548/359/548
f 554/362/554 547/356/547 551/363/551
f 555/364/555 551/363/551 550/361/550
f 554/362/554 552/357/552 547/356/547
f 553/358/553 555/364/555 550/361/550
f 553/358/553 549/360/549 556/365/556
f 555/364/555 554/362/554 551/363/551
f 563/363/563 557/366/557 564/361/564
f 564/361/564 557/366/557 558/367/558
f 564/361/564 558/367/558 565/359/565
f 565/359/565 558/367/558 559/368/559
f 565/359/565 559/368/559 566/360/566
f 566/360/566 559/368/559 560/369/560
f 567/356/567 561/370/561 563/363/563
f 563/363/563 561/370/561 557/366/557
f 568/355/568 562/371/562 567/356/567
f 567/356/567 562/371/562 561/370/561
f 569/372/569 570/373/570 571/374/571
f 572/375/572 573/376/573 569/372/569
f 574/377/574 570/373/570 575/378/575
f 576/379/576 575/378/575 572/375/572
f 575/378/575 573/376/573 572/375/572
f 574/377/574 571/374/571 570/373/570
f 572/375/572 569/372/569 571/374/571
f 576/379/576 574/377/574 575/378/575
f 570/373/570 569/372/569 573/376/573
f 570/373/570 573/376/573 575/378/575
f 577/380/577 578/381/578 579/382/579
f 580/383/580 581/384/581 582/385/582
f 583/386/583 584/387/584 585/388/585
f 580/383/580 586/389/586 581/384/581
f 578/381/578 583/386/583 585/388/585
f 587/390/587 583/386/583 578/381/578
f 581/384/581 584/387/584 588/391/588
f 577/380/577 587/390/587 578/381/578
f 583/386/583 588/391/588 584/387/584
f 582/385/582 581/384/581 588/391/588
f 595/381/595 589/392/589 596/382/596
f 590/393/590 589/392/589 595/381/595
f 597/388/597 590/393/590 595/381/595
f 591/394/591 590/393/590 597/388/597
f 598/387/598 591/394/591 597/388/597
f 592/395/592 591/394/591 598/387/598
f 599/384/599 592/395/592 598/387/598
f 593/396/593 592/395/592 599/384/599
f 600/389/600 593/396/593 599/384/599
f 589/392/589 594/397/594 596/382/596
f 607/366/607 601/391/601 608/367/608
f 608/367/608 601/391/601 602/386/602
f 608/367/608 602/386/602 609/368/609
f 609/368/609 602/386/602 603/390/603
f 609/368/609 603/390/603 610/369/610
f 610/369/610 603/390/603 604/380/604
f 611/370/611 601/391/601 607/366/607
f 612/371/612 605/383/605 606/385/606
f 612/371/612 606/385/606 611/370/611
f 611/370/611 606/385/606 601/391/601
f 613/398/613 614/399/614 615/400/615
f 615/400/615 616/401/616 613/398/613
f 617/372/617 618/400/618 619/399/619
f 617/372/617 613/398/613 620/373/620
f 617/372/617 619/399/619 613/398/613
f 618/400/618 621/378/621 616/401/616
f 622/376/622 621/378/621 618/400/618
f 613/398/613 616/401/616 620/373/620
f 617/372/617 622/376/622 618/400/618
f 621/378/621 620/373/620 616/401/616
f 621/378/621 622/376/622 617/372/617
f 621/378/621 617/372/617 620/373/620
usemtl tex_1579_lit
f 623/402/623 624/403/624 625/404/625
f 625/404/625 624/403/624 626/405/626
usemtl tex_1576_lit
f 627/406/627 628/407/628 629/408/629
f 629/408/629 628/407/628 630/409/630
usemtl tex_1577_lit
f 631/410/631 632/411/632 633/412/633
f 633/412/633 632/411/632 634/413/634
usemtl tex_1578_lit
f 635/414/635 636/415/636 637/416/637
f 637/416/637 636/415/636 638/417/638
usemtl tex_1580_lit
f 639/418/639 640/419/640 641/420/641
f 641/420/641 640/419/640 642/421/642
usemtl tex_1591_lit_w01
f 649/422/649 643/423/643 644/424/644
f 645/425/645 646/426/646 650/427/650
f 646/426/646 647/428/647 650/427/650
f 648/429/648 643/423/643 651/430/651
f 647/428/647 648/429/648 652/431/652
f 643/423/643 649/422/649 651/430/651
f 647/428/647 652/431/652 650/427/650
f 653/432/653 645/425/645 650/427/650
f 648/429/648 651/430/651 652/431/652
f 660/428/660 654/433/654 661/429/661
f 655/434/655 654/433/654 660/428/660
f 662/426/662 655/434/655 660/428/660
f 656/435/656 655/434/655 662/426/662
f 663/425/663 656/435/656 662/426/662
f 657/436/657 656/435/656 663/425/663
f 661/429/661 658/437/658 664/423/664
f 654/433/654 658/437/658 661/429/661
f 664/423/664 659/438/659 665/424/665
f 658/437/658 659/438/659 664/423/664
f 666/439/666 667/440/667 668/441/668
f 668/441/668 669/442/669 670/443/670
f 671/444/671 667/440/667 672/445/672
f 670/443/670 671/444/671 673/446/673
f 670/443/670 669/442/669 671/444/671
f 667/440/667 666/439/666 672/445/672
f 666/439/666 668/441/668 670/443/670
f 671/444/671 672/445/672 673/446/673
f 668/441/668 667/440/667 671/444/671
f 668/441/668 671/444/671 669/442/669
f 674/447/674 675/448/675 676/449/676
f 677/450/677 678/451/678 679/452/679
f 680/453/680 681/454/681 682/455/682
f 678/451/678 683/456/683 679/452/679
f 680/453/680 682/455/682 675/448/675
f 675/448/675 682/455/682 684/457/684
f 685/458/685 681/454/681 678/451/678
f 675/448/675 684/457/684 676/449/676
f 681/454/681 685/458/685 682/455/682
f 685/458/685 678/451/678 677/450/677
f 693/447/693 686/459/686 694/448/694
f 694/448/694 686/459/686 687/460/687
f 694/448/694 687/460/687 695/453/695
f 695/453/695 687/460/687 688/461/688
f 695/453/695 688/461/688 696/454/696
f 696/454/696 688/461/688 689/462/689
f 696/454/696 690/463/690 697/451/697
f 697/451/697 690/463/690 691/464/691
f 697/451/697 691/464/691 698/456/698
f 698/456/698 691/464/691 692/465/692
f 705/434/705 699/458/699 706/433/706
f 700/455/700 699/458/699 705/434/705
f 707/435/707 700/455/700 705/434/705
f 701/457/701 700/455/700 707/435/707
f 708/436/708 701/457/701 707/435/707
f 702/449/702 701/457/701 708/436/708
f 706/433/706 699/458/699 709/437/709
f 703/450/703 704/452/704 710/438/710
f 709/437/709 703/450/703 710/438/710
f 699/458/699 703/450/703 709/437/709
f 711/466/711 712/467/712 713/441/713
f 714/440/714 715/468/715 713/441/713
f 715/468/715 711/466/711 713/441/713
f 716/469/716 717/444/717 712/467/712
f 712/467/712 717/444/717 718/442/718
f 714/440/714 716/469/716 715/468/715
f 712/467/712 718/442/718 713/441/713
f 716/469/716 714/440/714 717/444/717
f 719/466/719 715/468/715 716/469/716
f 716/469/716 720/467/720 719/466/719
f 718/442/718 717/444/717 714/440/714
f 718/442/718 714/440/714 713/441/713
usemtl tex_1591_lit_ds_w01
f 721/470/721 722/471/722 723/472/723
f 724/473/724 725/474/725 726/475/726
f 727/476/727 728/477/728 729/478/729
f 730/479/730 725/474/725 724/473/724
f 729/478/729 728/477/728 731/480/731
f 732/481/732 733/482/733 734/483/734
usemtl tex_1591_lit_w01
f 730/479/730 735/484/735 736/485/736
f 737/486/737 738/487/738 739/480/739
usemtl tex_1591_lit_ds_w01
f 740/478/740 739/480/739 738/487/738
f 741/471/741 742/482/742 743/481/743
f 741/471/741 743/481/743 744/472/744
f 745/484/745 746/479/746 747/473/747
usemtl tex_1591_lit_w01
f 748/488/748 749/489/749 750/490/750
f 748/488/748 751/491/751 749/489/749
f 752/492/752 753/493/753 754/494/754
f 753/493/753 755/495/755 754/494/754
f 755/495/755 753/493/753 756/496/756
f 755/495/755 756/496/756 757/491/757
f 758/497/758 755/495/755 759/488/759
f 752/492/752 760/475/760 761/473/761
f 759/488/759 755/495/755 757/491/757
f 753/493/753 762/498/762 756/496/756
f 752/492/752 762/498/762 753/493/753
f 763/478/763 764/476/764 765/490/765
f 758/497/758 759/488/759 765/490/765
f 754/494/754 755/495/755 758/497/758
f 754/494/754 758/497/758 764/476/764
f 760/475/760 754/494/754 764/476/764
f 758/497/758 765/490/765 764/476/764
f 757/491/757 766/499/766 767/489/767
f 768/496/768 769/498/769 770/500/770
f 771/475/771 772/492/772 773/494/773
usemtl tex_1591_lit_ds_w01
f 771/475/771 774/474/774 775/477/775
f 771/475/771 775/477/775 776/476/776
usemtl tex_1592_lit_w01
f 777/501/777 778/502/778 779/503/779
f 780/504/780 781/505/781 782/506/782
usemtl tex_1592_lit_w01_ovl
f 783/501/783 784/507/784 785/508/785
usemtl tex_1592_lit_w01
f 783/501/783 786/503/786 784/507/784
f 787/509/787 788/510/788 789/511/789
f 790/512/790 791/513/791 788/510/788
f 785/508/785 792/514/792 793/515/793
f 794/516/794 793/515/793 790/512/790
f 795/505/795 796/504/796 797/517/797
f 794/516/794 785/508/785 793/515/793
f 798/516/798 799/518/799 800/519/800
f 798/516/798 800/519/800 801/508/801
f 802/515/802 803/517/803 804/513/804
f 799/518/799 805/520/805 806/521/806
f 807/514/807 808/505/808 802/515/802
f 799/518/799 806/521/806 800/519/800
f 806/521/806 801/508/801 800/519/800
f 809/522/809 810/504/810 811/506/811
f 812/509/812 798/516/798 813/512/813
f 814/503/814 815/514/815 816/508/816
f 814/503/814 816/508/816 817/507/817
f 818/512/818 819/515/819 820/513/820
f 821/509/821 818/512/818 822/510/822
f 819/515/819 823/505/823 824/517/824
f 815/514/815 825/506/825 823/505/823
usemtl tex_1591_lit_w01
f 826/523/826 835/499/835 827/524/827
f 828/525/828 836/491/836 829/526/829
f 827/524/827 835/499/835 836/491/836
f 829/526/829 836/491/836 837/496/837
f 830/527/830 837/496/837 831/528/831
f 831/528/831 837/496/837 838/500/838
f 830/527/830 829/526/829 837/496/837
f 828/525/828 827/524/827 836/491/836
f 832/529/832 831/528/831 838/500/838
usemtl tex_1592_lit_w01
f 833/530/833 839/513/839 840/517/840
f 834/531/834 839/513/839 833/530/833
f 841/532/841 848/517/848 842/533/842
f 842/533/842 848/517/848 849/504/849
usemtl tex_1592_lit_w01_ovl
f 843/534/843 850/510/850 844/535/844
usemtl tex_1592_lit_w01
f 844/535/844 850/510/850 851/513/851
f 845/536/845 842/533/842 849/504/849
f 841/532/841 846/530/846 848/517/848
f 847/531/847 844/535/844 851/513/851
usemtl tex_1583_lit_w01
f 852/537/852 853/538/853 854/539/854
f 853/538/853 855/540/855 856/541/856
f 853/538/853 852/537/852 855/540/855
f 857/542/857 858/543/858 854/539/854
f 854/539/854 858/543/858 859/544/859
f 859/544/859 852/537/852 854/539/854
f 855/540/855 859/544/859 860/543/860
f 855/540/855 852/537/852 859/544/859
f 861/542/861 854/539/854 853/538/853
f 861/542/861 853/538/853 856/541/856
usemtl tex_1590_lit_w01
f 862/545/862 863/546/863 864/547/864
f 862/545/862 864/547/864 865/548/865
usemtl tex_1583_lit_w01
f 866/549/866 867/65/867 868/70/868
f 869/68/869 866/549/866 870/550/870
f 867/65/867 866/549/866 869/68/869
f 874/133/874 875/551/875 876/552/876
f 877/134/877 876/552/876 878/553/878
f 876/552/876 866/549/866 878/553/878
f 866/549/866 868/70/868 878/553/878
f 874/133/874 876/552/876 877/134/877
usemtl tex_1591_lit_w01
f 879/554/879 880/555/880 881/556/881
f 882/554/882 883/557/883 884/555/884
usemtl tex_1590_lit_w01
f 885/558/885 886/559/886 887/560/887
f 887/560/887 886/559/886 888/561/888
f 887/560/887 888/561/888 889/562/889
f 889/562/889 888/561/888 890/563/890
f 888/561/888 891/564/891 890/563/890
f 890/563/890 891/564/891 892/565/892
f 892/565/892 891/564/891 893/566/893
f 893/566/893 891/564/891 894/567/894
usemtl tex_1590_lit_ds_w01
f 895/568/895 885/558/885 887/560/887
f 896/569/896 897/570/897 898/571/898
f 899/562/899 897/570/897 896/569/896
f 896/569/896 898/571/898 900/572/900
f 901/568/901 896/569/896 900/572/900
f 896/569/896 901/568/901 902/560/902
f 899/562/899 896/569/896 902/560/902
f 903/565/903 904/566/904 905/573/905
f 906/574/906 907/575/907 908/576/908
f 908/576/908 907/575/907 909/563/909
f 910/577/910 906/574/906 908/576/908
f 910/577/910 908/576/908 905/573/905
f 903/565/903 905/573/905 908/576/908
f 903/565/903 908/576/908 909/563/909
usemtl tex_1591_lit_w01
f 916/525/916 911/578/911 917/524/917
f 918/527/918 912/579/912 919/526/919
f 913/580/913 920/523/920 917/524/917
f 911/578/911 916/525/916 919/526/919
f 912/579/912 918/527/918 921/528/921
f 912/579/912 921/528/921 914/581/914
f 911/578/911 919/526/919 912/579/912
f 913/580/913 917/524/917 911/578/911
f 914/581/914 921/528/921 922/529/922
usemtl tex_1592_lit_w01
f 923/532/923 915/582/915 924/530/924
f 929/531/929 925/583/925 930/535/930
f 931/536/931 926/584/926 932/533/932
f 927/582/927 933/532/933 932/533/932
f 925/583/925 929/531/929 934/530/934
f 928/585/928 935/534/935 930/535/930
f 928/585/928 930/535/930 925/583/925
f 925/583/925 934/530/934 927/582/927
f 927/582/927 932/533/932 926/584/926
usemtl tex_1591_lit_w01
f 936/586/936 937/587/937 938/588/938
f 939/589/939 936/586/936 938/588/938
usemtl tex_1592_lit_w01
f 940/590/940 941/589/941 942/591/942
f 943/590/943 944/592/944 945/593/945
f 941/589/941 940/590/940 946/586/946
f 938/588/938 944/592/944 947/589/947
f 937/587/937 948/586/948 945/593/945
f 943/590/943 949/591/949 944/592/944
f 944/592/944 949/591/949 941/589/941
f 950/590/950 945/593/945 948/586/948
f 938/588/938 951/587/951 944/592/944
f 951/587/951 945/593/945 944/592/944
