mtllib CboilertrevZ.mtl
v 1087.927879333496 -45.380823612213135 190.0 1.000 1.000 1.000
v 1087.927879333496 -183.38082361221313 -68.0 1.000 1.000 1.000
v 1087.927879333496 -89.38082361221313 -74.0 1.000 1.000 1.000
v 1087.927879333496 -175.38082361221313 200.0 1.000 1.000 1.000
v 995.9278793334961 -106.38082361221313 -62.0 1.000 1.000 1.000
v 1039.927879333496 -83.38082361221313 177.0 1.000 1.000 1.000
v 993.9278793334961 -100.38082361221313 4.0 1.000 1.000 1.000
v 990.9278793334961 -157.38082361221313 10.0 1.000 1.000 1.000
v 993.9278793334961 -152.38082361221313 -52.0 1.000 1.000 1.000
v 1041.927879333496 -135.38082361221313 203.0 1.000 1.000 1.000
v 759.3251266479492 -147.09517669677734 57.0 1.000 1.000 1.000
v 759.3251266479492 -63.095176696777344 42.0 1.000 1.000 1.000
v 584.3251266479492 -35.095176696777344 66.0 1.000 1.000 1.000
v 746.3251266479492 -87.09517669677734 -75.0 1.000 1.000 1.000
v 600.3251266479492 -75.09517669677734 -81.0 1.000 1.000 1.000
v 588.3251266479492 -44.095176696777344 -15.0 1.000 1.000 1.000
v 751.3251266479492 -44.095176696777344 -8.0 1.000 1.000 1.000
v 741.3251266479492 -141.09517669677734 -73.0 1.000 1.000 1.000
v 588.3251266479492 -180.09517669677734 -3.0 1.000 1.000 1.000
v 598.3251266479492 -154.09517669677734 -68.0 1.000 1.000 1.000
v 584.3251266479492 -120.09517669677734 82.0 1.000 1.000 1.000
v 758.3251266479492 -179.09517669677734 5.0 1.000 1.000 1.000
v 741.3251266479492 -141.09517669677734 -73.0 1.000 1.000 1.000
v 758.3251266479492 -179.09517669677734 5.0 1.000 1.000 1.000
v 746.3251266479492 -87.09517669677734 -75.0 1.000 1.000 1.000
v 751.3251266479492 -44.095176696777344 -8.0 1.000 1.000 1.000
v 759.3251266479492 -63.095176696777344 42.0 1.000 1.000 1.000
v 759.3251266479492 -147.09517669677734 57.0 1.000 1.000 1.000
v 993.9278793334961 -152.38082361221313 -52.0 1.000 1.000 1.000
v 995.9278793334961 -106.38082361221313 -62.0 1.000 1.000 1.000
v 993.9278793334961 -100.38082361221313 4.0 1.000 1.000 1.000
v 990.9278793334961 -157.38082361221313 10.0 1.000 1.000 1.000
v 492.3251266479492 -38.095176696777344 -20.0 1.000 1.000 1.000
v 494.3251266479492 -70.09517669677734 -61.0 1.000 1.000 1.000
v 494.3251266479492 -111.09517669677734 -54.0 1.000 1.000 1.000
v 487.3251266479492 -178.09517669677734 9.0 1.000 1.000 1.000
v 481.3251266479492 -115.09517669677734 83.0 1.000 1.000 1.000
v 481.3251266479492 -68.09517669677734 77.0 1.000 1.000 1.000
v 588.3251266479492 -44.095176696777344 -15.0 1.000 1.000 1.000
v 584.3251266479492 -35.095176696777344 66.0 1.000 1.000 1.000
v 600.3251266479492 -75.09517669677734 -81.0 1.000 1.000 1.000
v 598.3251266479492 -154.09517669677734 -68.0 1.000 1.000 1.000
v 588.3251266479492 -180.09517669677734 -3.0 1.000 1.000 1.000
v 584.3251266479492 -120.09517669677734 82.0 1.000 1.000 1.000
v 1009.3251266479492 -94.09517669677734 5.0 1.000 1.000 1.000
v 536.3251266479492 -130.09517669677734 87.0 1.000 1.000 1.000
v 1009.3251266479492 -152.09517669677734 25.0 1.000 1.000 1.000
v 1005.3251266479492 -110.09517669677734 -67.0 1.000 1.000 1.000
v 531.3251266479492 -106.09517669677734 -67.0 1.000 1.000 1.000
v 528.3251266479492 -31.095176696777344 38.0 1.000 1.000 1.000
v 531.3251266479492 -193.09517669677734 13.0 1.000 1.000 1.000
v 1005.3251266479492 -164.09517669677734 -56.0 1.000 1.000 1.000
v 531.3251266479492 -193.09517669677734 13.0 1.000 1.000 1.000
v 536.3251266479492 -130.09517669677734 87.0 1.000 1.000 1.000
v -1.0 -235.0 88.0 1.000 1.000 1.000
v 22.0 -209.0 -25.0 1.000 1.000 1.000
v 32.0 -204.0 -82.0 1.000 1.000 1.000
v 128.0 -87.0 -70.0 1.000 1.000 1.000
v 91.0 -135.0 106.0 1.000 1.000 1.000
v 163.0 -64.0 13.0 1.000 1.000 1.000
v 41.0 -188.0 118.0 1.000 1.000 1.000
v 390.1657943725586 -180.35110473632812 22.0 1.000 1.000 1.000
v 387.1657943725586 -163.35110473632812 -39.0 1.000 1.000 1.000
v 217.1657943725586 -40.351104736328125 -59.0 1.000 1.000 1.000
v 387.1657943725586 -89.35110473632812 -39.0 1.000 1.000 1.000
v 388.1657943725586 -119.35110473632812 96.0 1.000 1.000 1.000
v 217.1657943725586 -24.351104736328125 21.0 1.000 1.000 1.000
v 217.1657943725586 -40.351104736328125 -59.0 1.000 1.000 1.000
v 387.1657943725586 -89.35110473632812 -39.0 1.000 1.000 1.000
v 387.1657943725586 -163.35110473632812 -39.0 1.000 1.000 1.000
v 390.1657943725586 -180.35110473632812 22.0 1.000 1.000 1.000
v 388.1657943725586 -119.35110473632812 96.0 1.000 1.000 1.000
v 217.1657943725586 -24.351104736328125 21.0 1.000 1.000 1.000
v 494.3251266479492 -70.09517669677734 -61.0 1.000 1.000 1.000
v 492.3251266479492 -38.095176696777344 -20.0 1.000 1.000 1.000
v 494.3251266479492 -111.09517669677734 -54.0 1.000 1.000 1.000
v 487.3251266479492 -178.09517669677734 9.0 1.000 1.000 1.000
v 481.3251266479492 -115.09517669677734 83.0 1.000 1.000 1.000
v 481.3251266479492 -68.09517669677734 77.0 1.000 1.000 1.000
v 197.1657943725586 -149.35110473632812 124.0 1.000 1.000 1.000
v 197.1657943725586 -189.35110473632812 20.0 1.000 1.000 1.000
v 537.1657943725586 -129.35110473632812 87.0 1.000 1.000 1.000
v 531.1657943725586 -193.35110473632812 13.0 1.000 1.000 1.000
v 197.1657943725586 -120.35110473632812 -73.0 1.000 1.000 1.000
v 197.1657943725586 -35.351104736328125 27.0 1.000 1.000 1.000
v 528.1657943725586 -31.351104736328125 38.0 1.000 1.000 1.000
v 531.1657943725586 -106.35110473632812 -67.0 1.000 1.000 1.000
v 197.1657943725586 -120.35110473632812 -73.0 1.000 1.000 1.000
v 197.1657943725586 -189.35110473632812 20.0 1.000 1.000 1.000
v 197.1657943725586 -149.35110473632812 124.0 1.000 1.000 1.000
v 197.1657943725586 -35.351104736328125 27.0 1.000 1.000 1.000
v 531.1657943725586 -193.35110473632812 13.0 1.000 1.000 1.000
v 537.1657943725586 -129.35110473632812 87.0 1.000 1.000 1.000
v -1078.8555908203125 -86.70243644714355 -74.0 1.000 1.000 1.000
v -1078.8555908203125 -184.70243644714355 -68.0 1.000 1.000 1.000
v -1078.8555908203125 -43.702436447143555 191.0 1.000 1.000 1.000
v -1078.8555908203125 -178.70243644714355 200.0 1.000 1.000 1.000
v -980.8555908203125 -98.70243644714355 -12.0 1.000 1.000 1.000
v -983.8555908203125 -103.70243644714355 -62.0 1.000 1.000 1.000
v -1030.8555908203125 -78.70243644714355 177.0 1.000 1.000 1.000
v -990.8555908203125 -159.70243644714355 -6.0 1.000 1.000 1.000
v -1032.8555908203125 -134.70243644714355 203.0 1.000 1.000 1.000
v -981.8555908203125 -152.70243644714355 -45.0 1.000 1.000 1.000
v -575.8883666992188 -42.47519826889038 66.0 1.000 1.000 1.000
v -749.8883666992188 -65.47519826889038 42.0 1.000 1.000 1.000
v -748.8883666992188 -132.47519826889038 56.0 1.000 1.000 1.000
v -579.8883666992188 -24.47519826889038 -15.0 1.000 1.000 1.000
v -590.8883666992188 -73.47519826889038 -81.0 1.000 1.000 1.000
v -736.8883666992188 -84.47519826889038 -74.0 1.000 1.000 1.000
v -741.8883666992188 -46.47519826889038 -7.0 1.000 1.000 1.000
v -589.8883666992188 -151.47519826889038 -68.0 1.000 1.000 1.000
v -579.8883666992188 -178.47519826889038 -3.0 1.000 1.000 1.000
v -731.8883666992188 -138.47519826889038 -72.0 1.000 1.000 1.000
v -575.8883666992188 -117.47519826889038 82.0 1.000 1.000 1.000
v -746.8883666992188 -178.47519826889038 5.0 1.000 1.000 1.000
v -741.8883666992188 -46.47519826889038 -7.0 1.000 1.000 1.000
v -749.8883666992188 -65.47519826889038 42.0 1.000 1.000 1.000
v -736.8883666992188 -84.47519826889038 -74.0 1.000 1.000 1.000
v -731.8883666992188 -138.47519826889038 -72.0 1.000 1.000 1.000
v -748.8883666992188 -132.47519826889038 56.0 1.000 1.000 1.000
v -746.8883666992188 -178.47519826889038 5.0 1.000 1.000 1.000
v -980.8555908203125 -98.70243644714355 -12.0 1.000 1.000 1.000
v -983.8555908203125 -103.70243644714355 -62.0 1.000 1.000 1.000
v -981.8555908203125 -152.70243644714355 -45.0 1.000 1.000 1.000
v -990.8555908203125 -159.70243644714355 -6.0 1.000 1.000 1.000
v -487.88836669921875 -31.47519826889038 -20.0 1.000 1.000 1.000
v -485.88836669921875 -67.47519826889038 -61.0 1.000 1.000 1.000
v -434.88836669921875 -108.47519826889038 -54.0 1.000 1.000 1.000
v -478.88836669921875 -178.47519826889038 9.0 1.000 1.000 1.000
v -471.88836669921875 -112.47519826889038 83.0 1.000 1.000 1.000
v -472.88836669921875 -65.47519826889038 77.0 1.000 1.000 1.000
v -575.8883666992188 -42.47519826889038 66.0 1.000 1.000 1.000
v -579.8883666992188 -24.47519826889038 -15.0 1.000 1.000 1.000
v -590.8883666992188 -73.47519826889038 -81.0 1.000 1.000 1.000
v -589.8883666992188 -151.47519826889038 -68.0 1.000 1.000 1.000
v -579.8883666992188 -178.47519826889038 -3.0 1.000 1.000 1.000
v -575.8883666992188 -117.47519826889038 82.0 1.000 1.000 1.000
v -1000.8883666992188 -149.47519826889038 30.0 1.000 1.000 1.000
v -527.8883666992188 -125.47519826889038 87.0 1.000 1.000 1.000
v -999.8883666992188 -92.47519826889038 11.0 1.000 1.000 1.000
v -518.8883666992188 -27.47519826889038 38.0 1.000 1.000 1.000
v -521.8883666992188 -101.47519826889038 -67.0 1.000 1.000 1.000
v -995.8883666992188 -108.47519826889038 -62.0 1.000 1.000 1.000
v -522.8883666992188 -188.47519826889038 13.0 1.000 1.000 1.000
v -995.8883666992188 -160.47519826889038 -51.0 1.000 1.000 1.000
v -527.8883666992188 -125.47519826889038 87.0 1.000 1.000 1.000
v -522.8883666992188 -188.47519826889038 13.0 1.000 1.000 1.000
v -21.0 -208.0 -25.0 1.000 1.000 1.000
v -1.0 -235.0 88.0 1.000 1.000 1.000
v -126.0 -86.0 -70.0 1.000 1.000 1.000
v -32.0 -205.0 -81.0 1.000 1.000 1.000
v -90.0 -137.0 107.0 1.000 1.000 1.000
v -157.0 -64.0 13.0 1.000 1.000 1.000
v -42.0 -188.0 118.0 1.000 1.000 1.000
v -380.5890197753906 -181.63739013671875 22.0 1.000 1.000 1.000
v -378.5890197753906 -144.63739013671875 -39.0 1.000 1.000 1.000
v -199.58901977539062 -52.63739013671875 -64.0 1.000 1.000 1.000
v -203.58901977539062 -34.63739013671875 -34.0 1.000 1.000 1.000
v -203.58901977539062 -18.63739013671875 21.0 1.000 1.000 1.000
v -350.5890197753906 -117.63739013671875 96.0 1.000 1.000 1.000
v -203.58901977539062 -34.63739013671875 -34.0 1.000 1.000 1.000
v -199.58901977539062 -52.63739013671875 -64.0 1.000 1.000 1.000
v -378.5890197753906 -144.63739013671875 -39.0 1.000 1.000 1.000
v -380.5890197753906 -181.63739013671875 22.0 1.000 1.000 1.000
v -350.5890197753906 -117.63739013671875 96.0 1.000 1.000 1.000
v -203.58901977539062 -18.63739013671875 21.0 1.000 1.000 1.000
v -487.88836669921875 -31.47519826889038 -20.0 1.000 1.000 1.000
v -485.88836669921875 -67.47519826889038 -61.0 1.000 1.000 1.000
v -434.88836669921875 -108.47519826889038 -54.0 1.000 1.000 1.000
v -478.88836669921875 -178.47519826889038 9.0 1.000 1.000 1.000
v -471.88836669921875 -112.47519826889038 83.0 1.000 1.000 1.000
v -472.88836669921875 -65.47519826889038 77.0 1.000 1.000 1.000
v -527.5890197753906 -125.63739013671875 87.0 1.000 1.000 1.000
v -188.58901977539062 -185.63739013671875 20.0 1.000 1.000 1.000
v -187.58901977539062 -144.63739013671875 124.0 1.000 1.000 1.000
v -188.58901977539062 -115.63739013671875 -73.0 1.000 1.000 1.000
v -522.5890197753906 -188.63739013671875 13.0 1.000 1.000 1.000
v -522.5890197753906 -101.63739013671875 -67.0 1.000 1.000 1.000
v -519.5890197753906 -27.63739013671875 38.0 1.000 1.000 1.000
v -187.58901977539062 -30.63739013671875 27.0 1.000 1.000 1.000
v -187.58901977539062 -30.63739013671875 27.0 1.000 1.000 1.000
v -187.58901977539062 -144.63739013671875 124.0 1.000 1.000 1.000
v -188.58901977539062 -185.63739013671875 20.0 1.000 1.000 1.000
v -188.58901977539062 -115.63739013671875 -73.0 1.000 1.000 1.000
v -527.5890197753906 -125.63739013671875 87.0 1.000 1.000 1.000
v -522.5890197753906 -188.63739013671875 13.0 1.000 1.000 1.000
v 4.423973083496094 552.4290161132812 127.0 1.000 1.000 1.000
v 4.423973083496094 545.4290161132812 123.0 1.000 1.000 1.000
v 50.423973083496094 548.4290161132812 96.0 1.000 1.000 1.000
v 43.423973083496094 563.4290161132812 115.0 1.000 1.000 1.000
v -8.576026916503906 545.4290161132812 123.0 1.000 1.000 1.000
v -7.576026916503906 552.4290161132812 127.0 1.000 1.000 1.000
v -54.576026916503906 544.4290161132812 96.0 1.000 1.000 1.000
v -31.576026916503906 564.4290161132812 131.0 1.000 1.000 1.000
v -51.576026916503906 562.4290161132812 115.0 1.000 1.000 1.000
v 10.423973083496094 506.42901611328125 153.0 1.000 1.000 1.000
v -9.576026916503906 506.42901611328125 153.0 1.000 1.000 1.000
v -18.576026916503906 511.42901611328125 129.0 1.000 1.000 1.000
v 19.423973083496094 512.4290161132812 129.0 1.000 1.000 1.000
v -22.576026916503906 529.4290161132812 121.0 1.000 1.000 1.000
v -45.576026916503906 532.4290161132812 105.0 1.000 1.000 1.000
v -38.576026916503906 480.42901611328125 117.0 1.000 1.000 1.000
v 20.423973083496094 535.4290161132812 122.0 1.000 1.000 1.000
v 50.423973083496094 548.4290161132812 96.0 1.000 1.000 1.000
v 4.423973083496094 545.4290161132812 123.0 1.000 1.000 1.000
v -9.576026916503906 506.42901611328125 153.0 1.000 1.000 1.000
v -18.576026916503906 511.42901611328125 129.0 1.000 1.000 1.000
v -4.576026916503906 498.42901611328125 136.0 1.000 1.000 1.000
v 36.423973083496094 649.4290161132812 118.0 1.000 1.000 1.000
v 5.423973083496094 634.4290161132812 138.0 1.000 1.000 1.000
v 42.423973083496094 605.4290161132812 105.0 1.000 1.000 1.000
v 41.423973083496094 537.4290161132812 105.0 1.000 1.000 1.000
v -14.576026916503906 485.42901611328125 134.0 1.000 1.000 1.000
v -38.576026916503906 480.42901611328125 117.0 1.000 1.000 1.000
v -29.576026916503906 481.42901611328125 130.0 1.000 1.000 1.000
v -64.5760269165039 596.4290161132812 92.0 1.000 1.000 1.000
v -45.576026916503906 604.4290161132812 102.0 1.000 1.000 1.000
v -33.576026916503906 646.4290161132812 118.0 1.000 1.000 1.000
v 4.423973083496094 485.42901611328125 135.0 1.000 1.000 1.000
v -1.5760269165039062 484.42901611328125 134.0 1.000 1.000 1.000
v -1.5760269165039062 481.42901611328125 133.0 1.000 1.000 1.000
v -9.576026916503906 506.42901611328125 153.0 1.000 1.000 1.000
v 4.423973083496094 552.4290161132812 127.0 1.000 1.000 1.000
v -7.576026916503906 552.4290161132812 127.0 1.000 1.000 1.000
v 18.423973083496094 468.42901611328125 128.0 1.000 1.000 1.000
v 22.423973083496094 441.42901611328125 134.0 1.000 1.000 1.000
v 38.423973083496094 481.42901611328125 117.0 1.000 1.000 1.000
v -20.576026916503906 441.42901611328125 134.0 1.000 1.000 1.000
v -1.5760269165039062 426.42901611328125 125.0 1.000 1.000 1.000
v 23.423973083496094 564.4290161132812 131.0 1.000 1.000 1.000
v 43.423973083496094 563.4290161132812 115.0 1.000 1.000 1.000
v 42.423973083496094 605.4290161132812 105.0 1.000 1.000 1.000
v -54.576026916503906 544.4290161132812 96.0 1.000 1.000 1.000
v -45.576026916503906 604.4290161132812 102.0 1.000 1.000 1.000
v -64.5760269165039 596.4290161132812 92.0 1.000 1.000 1.000
v 19.423973083496094 478.42901611328125 133.0 1.000 1.000 1.000
v 18.423973083496094 468.42901611328125 128.0 1.000 1.000 1.000
v 30.423973083496094 480.42901611328125 130.0 1.000 1.000 1.000
v -38.576026916503906 480.42901611328125 117.0 1.000 1.000 1.000
v -21.576026916503906 431.42901611328125 126.0 1.000 1.000 1.000
v -20.576026916503906 441.42901611328125 134.0 1.000 1.000 1.000
v 14.423973083496094 616.4290161132812 117.0 1.000 1.000 1.000
v 5.423973083496094 634.4290161132812 138.0 1.000 1.000 1.000
v 4.423973083496094 620.4290161132812 116.0 1.000 1.000 1.000
v 42.423973083496094 605.4290161132812 105.0 1.000 1.000 1.000
v 54.423973083496094 467.42901611328125 93.0 1.000 1.000 1.000
v 50.423973083496094 548.4290161132812 96.0 1.000 1.000 1.000
v 41.423973083496094 537.4290161132812 105.0 1.000 1.000 1.000
v -54.576026916503906 544.4290161132812 96.0 1.000 1.000 1.000
v -51.576026916503906 562.4290161132812 115.0 1.000 1.000 1.000
v -45.576026916503906 604.4290161132812 102.0 1.000 1.000 1.000
v -7.576026916503906 552.4290161132812 127.0 1.000 1.000 1.000
v 4.423973083496094 552.4290161132812 127.0 1.000 1.000 1.000
v 4.423973083496094 620.4290161132812 116.0 1.000 1.000 1.000
v 29.423973083496094 432.42901611328125 126.0 1.000 1.000 1.000
v 22.423973083496094 441.42901611328125 134.0 1.000 1.000 1.000
v -1.5760269165039062 426.42901611328125 125.0 1.000 1.000 1.000
v -20.576026916503906 612.4290161132812 117.0 1.000 1.000 1.000
v -31.576026916503906 564.4290161132812 131.0 1.000 1.000 1.000
v -9.576026916503906 506.42901611328125 153.0 1.000 1.000 1.000
v 0.42397308349609375 502.42901611328125 153.0 1.000 1.000 1.000
v 10.423973083496094 506.42901611328125 153.0 1.000 1.000 1.000
v 19.423973083496094 512.4290161132812 129.0 1.000 1.000 1.000
v 21.423973083496094 484.42901611328125 134.0 1.000 1.000 1.000
v 38.423973083496094 481.42901611328125 117.0 1.000 1.000 1.000
v 4.423973083496094 552.4290161132812 127.0 1.000 1.000 1.000
v 23.423973083496094 564.4290161132812 131.0 1.000 1.000 1.000
v 14.423973083496094 616.4290161132812 117.0 1.000 1.000 1.000
v 5.423973083496094 498.42901611328125 136.0 1.000 1.000 1.000
v 10.423973083496094 506.42901611328125 153.0 1.000 1.000 1.000
v 0.42397308349609375 502.42901611328125 153.0 1.000 1.000 1.000
v -3.5760269165039062 617.4290161132812 116.0 1.000 1.000 1.000
v 4.423973083496094 620.4290161132812 116.0 1.000 1.000 1.000
v 5.423973083496094 634.4290161132812 138.0 1.000 1.000 1.000
v -33.576026916503906 646.4290161132812 118.0 1.000 1.000 1.000
v -20.576026916503906 612.4290161132812 117.0 1.000 1.000 1.000
v -9.576026916503906 506.42901611328125 153.0 1.000 1.000 1.000
v -4.576026916503906 498.42901611328125 136.0 1.000 1.000 1.000
v 20.423973083496094 535.4290161132812 122.0 1.000 1.000 1.000
v 19.423973083496094 512.4290161132812 129.0 1.000 1.000 1.000
v 38.423973083496094 481.42901611328125 117.0 1.000 1.000 1.000
v 4.423973083496094 552.4290161132812 127.0 1.000 1.000 1.000
v 14.423973083496094 616.4290161132812 117.0 1.000 1.000 1.000
v 4.423973083496094 620.4290161132812 116.0 1.000 1.000 1.000
v -20.576026916503906 441.42901611328125 134.0 1.000 1.000 1.000
v 22.423973083496094 441.42901611328125 134.0 1.000 1.000 1.000
v 18.423973083496094 468.42901611328125 128.0 1.000 1.000 1.000
v -16.576026916503906 478.42901611328125 133.0 1.000 1.000 1.000
v -29.576026916503906 481.42901611328125 130.0 1.000 1.000 1.000
v -18.576026916503906 468.42901611328125 128.0 1.000 1.000 1.000
v 30.423973083496094 480.42901611328125 130.0 1.000 1.000 1.000
v -38.576026916503906 480.42901611328125 117.0 1.000 1.000 1.000
v 29.423973083496094 432.42901611328125 126.0 1.000 1.000 1.000
v 4.423973083496094 545.4290161132812 123.0 1.000 1.000 1.000
v 5.423973083496094 498.42901611328125 136.0 1.000 1.000 1.000
v 19.423973083496094 512.4290161132812 129.0 1.000 1.000 1.000
v 10.423973083496094 506.42901611328125 153.0 1.000 1.000 1.000
v -38.576026916503906 480.42901611328125 117.0 1.000 1.000 1.000
v -14.576026916503906 485.42901611328125 134.0 1.000 1.000 1.000
v -18.576026916503906 511.42901611328125 129.0 1.000 1.000 1.000
v 23.423973083496094 564.4290161132812 131.0 1.000 1.000 1.000
v 4.423973083496094 552.4290161132812 127.0 1.000 1.000 1.000
v 43.423973083496094 563.4290161132812 115.0 1.000 1.000 1.000
v -22.576026916503906 529.4290161132812 121.0 1.000 1.000 1.000
v -8.576026916503906 545.4290161132812 123.0 1.000 1.000 1.000
v -54.576026916503906 544.4290161132812 96.0 1.000 1.000 1.000
v 54.423973083496094 467.42901611328125 93.0 1.000 1.000 1.000
v 41.423973083496094 537.4290161132812 105.0 1.000 1.000 1.000
v 38.423973083496094 481.42901611328125 117.0 1.000 1.000 1.000
v 50.423973083496094 548.4290161132812 96.0 1.000 1.000 1.000
v 61.423973083496094 598.4290161132812 92.0 1.000 1.000 1.000
v 42.423973083496094 605.4290161132812 105.0 1.000 1.000 1.000
v 43.423973083496094 563.4290161132812 115.0 1.000 1.000 1.000
v -33.576026916503906 646.4290161132812 118.0 1.000 1.000 1.000
v 5.423973083496094 634.4290161132812 138.0 1.000 1.000 1.000
v 36.423973083496094 649.4290161132812 118.0 1.000 1.000 1.000
v -38.576026916503906 480.42901611328125 117.0 1.000 1.000 1.000
v -45.576026916503906 532.4290161132812 105.0 1.000 1.000 1.000
v -54.576026916503906 467.42901611328125 93.0 1.000 1.000 1.000
v -22.576026916503906 529.4290161132812 121.0 1.000 1.000 1.000
v -54.576026916503906 544.4290161132812 96.0 1.000 1.000 1.000
v -45.576026916503906 604.4290161132812 102.0 1.000 1.000 1.000
v -51.576026916503906 562.4290161132812 115.0 1.000 1.000 1.000
v -31.576026916503906 564.4290161132812 131.0 1.000 1.000 1.000
v 5.423973083496094 498.42901611328125 136.0 1.000 1.000 1.000
v 0.42397308349609375 502.42901611328125 153.0 1.000 1.000 1.000
v -4.576026916503906 498.42901611328125 136.0 1.000 1.000 1.000
v -20.576026916503906 612.4290161132812 117.0 1.000 1.000 1.000
v -31.576026916503906 564.4290161132812 131.0 1.000 1.000 1.000
v -7.576026916503906 552.4290161132812 127.0 1.000 1.000 1.000
v 23.423973083496094 564.4290161132812 131.0 1.000 1.000 1.000
v 42.423973083496094 605.4290161132812 105.0 1.000 1.000 1.000
v 14.423973083496094 616.4290161132812 117.0 1.000 1.000 1.000
v -3.5760269165039062 617.4290161132812 116.0 1.000 1.000 1.000
v 4.423973083496094 620.4290161132812 116.0 1.000 1.000 1.000
v -33.576026916503906 646.4290161132812 118.0 1.000 1.000 1.000
v -45.576026916503906 604.4290161132812 102.0 1.000 1.000 1.000
v 5.423973083496094 634.4290161132812 138.0 1.000 1.000 1.000
v -45.576026916503906 532.4290161132812 105.0 1.000 1.000 1.000
v -54.576026916503906 544.4290161132812 96.0 1.000 1.000 1.000
v -54.576026916503906 467.42901611328125 93.0 1.000 1.000 1.000
v -9.576026916503906 506.42901611328125 153.0 1.000 1.000 1.000
v 10.423973083496094 506.42901611328125 153.0 1.000 1.000 1.000
v 4.423973083496094 552.4290161132812 127.0 1.000 1.000 1.000
v -22.576026916503906 529.4290161132812 121.0 1.000 1.000 1.000
v -18.576026916503906 511.42901611328125 129.0 1.000 1.000 1.000
v -8.576026916503906 545.4290161132812 123.0 1.000 1.000 1.000
v -38.576026916503906 480.42901611328125 117.0 1.000 1.000 1.000
v -20.576026916503906 441.42901611328125 134.0 1.000 1.000 1.000
v -18.576026916503906 468.42901611328125 128.0 1.000 1.000 1.000
v 19.423973083496094 478.42901611328125 133.0 1.000 1.000 1.000
v 30.423973083496094 480.42901611328125 130.0 1.000 1.000 1.000
v -1.5760269165039062 481.42901611328125 133.0 1.000 1.000 1.000
v -16.576026916503906 478.42901611328125 133.0 1.000 1.000 1.000
v 4.423973083496094 485.42901611328125 135.0 1.000 1.000 1.000
v 21.423973083496094 484.42901611328125 134.0 1.000 1.000 1.000
v 19.423973083496094 512.4290161132812 129.0 1.000 1.000 1.000
v 49.423973083496094 648.4290161132812 92.0 1.000 1.000 1.000
v 42.423973083496094 605.4290161132812 105.0 1.000 1.000 1.000
v 61.423973083496094 598.4290161132812 92.0 1.000 1.000 1.000
v -16.576026916503906 478.42901611328125 133.0 1.000 1.000 1.000
v -1.5760269165039062 481.42901611328125 133.0 1.000 1.000 1.000
v -29.576026916503906 481.42901611328125 130.0 1.000 1.000 1.000
v 19.423973083496094 478.42901611328125 133.0 1.000 1.000 1.000
v 18.423973083496094 468.42901611328125 128.0 1.000 1.000 1.000
v -18.576026916503906 468.42901611328125 128.0 1.000 1.000 1.000
v -6.576026916503906 485.42901611328125 135.0 1.000 1.000 1.000
v -14.576026916503906 485.42901611328125 134.0 1.000 1.000 1.000
v -1.5760269165039062 484.42901611328125 134.0 1.000 1.000 1.000
v 30.423973083496094 480.42901611328125 130.0 1.000 1.000 1.000
v -14.576026916503906 485.42901611328125 134.0 1.000 1.000 1.000
v -6.576026916503906 485.42901611328125 135.0 1.000 1.000 1.000
v -18.576026916503906 511.42901611328125 129.0 1.000 1.000 1.000
v -4.576026916503906 498.42901611328125 136.0 1.000 1.000 1.000
v -1.5760269165039062 484.42901611328125 134.0 1.000 1.000 1.000
v 4.423973083496094 485.42901611328125 135.0 1.000 1.000 1.000
v 5.423973083496094 498.42901611328125 136.0 1.000 1.000 1.000
v 19.423973083496094 512.4290161132812 129.0 1.000 1.000 1.000
v -54.576026916503906 544.4290161132812 96.0 1.000 1.000 1.000
v -7.576026916503906 552.4290161132812 127.0 1.000 1.000 1.000
v -51.576026916503906 562.4290161132812 115.0 1.000 1.000 1.000
v 41.423973083496094 537.4290161132812 105.0 1.000 1.000 1.000
v 20.423973083496094 535.4290161132812 122.0 1.000 1.000 1.000
v 38.423973083496094 481.42901611328125 117.0 1.000 1.000 1.000
v -22.576026916503906 529.4290161132812 121.0 1.000 1.000 1.000
v -38.576026916503906 480.42901611328125 117.0 1.000 1.000 1.000
v 49.423973083496094 648.4290161132812 92.0 1.000 1.000 1.000
v 36.423973083496094 649.4290161132812 118.0 1.000 1.000 1.000
v 42.423973083496094 605.4290161132812 105.0 1.000 1.000 1.000
v -20.576026916503906 441.42901611328125 134.0 1.000 1.000 1.000
v -21.576026916503906 431.42901611328125 126.0 1.000 1.000 1.000
v -1.5760269165039062 426.42901611328125 125.0 1.000 1.000 1.000
v 40.423973083496094 438.42901611328125 84.0 1.000 1.000 1.000
v 29.423973083496094 432.42901611328125 126.0 1.000 1.000 1.000
v -6.576026916503906 485.42901611328125 135.0 1.000 1.000 1.000
v -1.5760269165039062 484.42901611328125 134.0 1.000 1.000 1.000
v 5.423973083496094 498.42901611328125 136.0 1.000 1.000 1.000
v -31.576026916503906 437.42901611328125 84.0 1.000 1.000 1.000
v -14.576026916503906 485.42901611328125 134.0 1.000 1.000 1.000
v -29.576026916503906 481.42901611328125 130.0 1.000 1.000 1.000
v -1.5760269165039062 481.42901611328125 133.0 1.000 1.000 1.000
v 21.423973083496094 484.42901611328125 134.0 1.000 1.000 1.000
v 30.423973083496094 480.42901611328125 130.0 1.000 1.000 1.000
v 38.423973083496094 481.42901611328125 117.0 1.000 1.000 1.000
v -31.576026916503906 437.42901611328125 84.0 1.000 1.000 1.000
v 40.423973083496094 438.42901611328125 84.0 1.000 1.000 1.000
v -1.5760269165039062 426.42901611328125 125.0 1.000 1.000 1.000
v -6.576026916503906 448.42901611328125 73.0 1.000 1.000 1.000
v 29.423973083496094 432.42901611328125 126.0 1.000 1.000 1.000
v 54.423973083496094 467.42901611328125 93.0 1.000 1.000 1.000
v -21.576026916503906 431.42901611328125 126.0 1.000 1.000 1.000
v -38.576026916503906 480.42901611328125 117.0 1.000 1.000 1.000
v -54.576026916503906 467.42901611328125 93.0 1.000 1.000 1.000
v -54.576026916503906 655.4290161132812 -20.0 1.000 1.000 1.000
v -60.576026916503906 662.4290161132812 57.0 1.000 1.000 1.000
v -15.576026916503906 682.4290161132812 22.0 1.000 1.000 1.000
v -67.5760269165039 541.4290161132812 30.0 1.000 1.000 1.000
v -54.576026916503906 544.4290161132812 96.0 1.000 1.000 1.000
v -64.5760269165039 596.4290161132812 92.0 1.000 1.000 1.000
v -83.5760269165039 540.4290161132812 3.0 1.000 1.000 1.000
v -73.5760269165039 504.42901611328125 18.0 1.000 1.000 1.000
v -74.5760269165039 609.4290161132812 71.0 1.000 1.000 1.000
v -60.576026916503906 662.4290161132812 57.0 1.000 1.000 1.000
v -86.5760269165039 615.4290161132812 -14.0 1.000 1.000 1.000
v -75.5760269165039 539.4290161132812 3.0 1.000 1.000 1.000
v -81.5760269165039 566.4290161132812 10.0 1.000 1.000 1.000
v -82.5760269165039 565.4290161132812 29.0 1.000 1.000 1.000
v -89.5760269165039 560.4290161132812 26.0 1.000 1.000 1.000
v -52.576026916503906 473.42901611328125 -39.0 1.000 1.000 1.000
v -54.576026916503906 655.4290161132812 -20.0 1.000 1.000 1.000
v -73.5760269165039 609.4290161132812 -45.0 1.000 1.000 1.000
v -58.576026916503906 551.4290161132812 -61.0 1.000 1.000 1.000
v -67.5760269165039 541.4290161132812 30.0 1.000 1.000 1.000
v -89.5760269165039 560.4290161132812 26.0 1.000 1.000 1.000
v -88.5760269165039 560.4290161132812 9.0 1.000 1.000 1.000
v -54.576026916503906 655.4290161132812 -20.0 1.000 1.000 1.000
v -73.5760269165039 609.4290161132812 -45.0 1.000 1.000 1.000
v -86.5760269165039 615.4290161132812 -14.0 1.000 1.000 1.000
v -54.576026916503906 544.4290161132812 96.0 1.000 1.000 1.000
v -54.576026916503906 467.42901611328125 93.0 1.000 1.000 1.000
v -31.576026916503906 437.42901611328125 84.0 1.000 1.000 1.000
v -43.576026916503906 456.42901611328125 62.0 1.000 1.000 1.000
v -57.576026916503906 476.42901611328125 52.0 1.000 1.000 1.000
v -75.5760269165039 539.4290161132812 3.0 1.000 1.000 1.000
v -83.5760269165039 540.4290161132812 3.0 1.000 1.000 1.000
v -58.576026916503906 551.4290161132812 -61.0 1.000 1.000 1.000
v -52.576026916503906 473.42901611328125 -39.0 1.000 1.000 1.000
v -67.5760269165039 541.4290161132812 30.0 1.000 1.000 1.000
v -73.5760269165039 504.42901611328125 18.0 1.000 1.000 1.000
v -64.5760269165039 499.42901611328125 41.0 1.000 1.000 1.000
v -57.576026916503906 476.42901611328125 52.0 1.000 1.000 1.000
v -81.5760269165039 566.4290161132812 10.0 1.000 1.000 1.000
v -75.5760269165039 539.4290161132812 3.0 1.000 1.000 1.000
v -88.5760269165039 560.4290161132812 9.0 1.000 1.000 1.000
v -89.5760269165039 560.4290161132812 26.0 1.000 1.000 1.000
v -83.5760269165039 540.4290161132812 3.0 1.000 1.000 1.000
v -74.5760269165039 609.4290161132812 71.0 1.000 1.000 1.000
v -33.576026916503906 646.4290161132812 118.0 1.000 1.000 1.000
v -60.576026916503906 662.4290161132812 57.0 1.000 1.000 1.000
v -64.5760269165039 596.4290161132812 92.0 1.000 1.000 1.000
v -43.576026916503906 456.42901611328125 62.0 1.000 1.000 1.000
v -6.576026916503906 448.42901611328125 73.0 1.000 1.000 1.000
v -31.576026916503906 437.42901611328125 84.0 1.000 1.000 1.000
v -51.576026916503906 475.42901611328125 44.0 1.000 1.000 1.000
v -6.576026916503906 448.42901611328125 73.0 1.000 1.000 1.000
v -43.576026916503906 456.42901611328125 62.0 1.000 1.000 1.000
v -57.576026916503906 476.42901611328125 52.0 1.000 1.000 1.000
v -64.5760269165039 499.42901611328125 41.0 1.000 1.000 1.000
v -73.5760269165039 504.42901611328125 18.0 1.000 1.000 1.000
v -46.576026916503906 468.42901611328125 -31.0 1.000 1.000 1.000
v -52.576026916503906 473.42901611328125 -39.0 1.000 1.000 1.000
v -31.576026916503906 437.42901611328125 84.0 1.000 1.000 1.000
v -21.576026916503906 431.42901611328125 126.0 1.000 1.000 1.000
v -54.576026916503906 467.42901611328125 93.0 1.000 1.000 1.000
v 54.423973083496094 467.42901611328125 93.0 1.000 1.000 1.000
v 67.4239730834961 540.4290161132812 30.0 1.000 1.000 1.000
v 50.423973083496094 548.4290161132812 96.0 1.000 1.000 1.000
v 60.423973083496094 474.42901611328125 52.0 1.000 1.000 1.000
v 65.4239730834961 500.42901611328125 41.0 1.000 1.000 1.000
v 54.423973083496094 467.42901611328125 93.0 1.000 1.000 1.000
v 49.423973083496094 457.42901611328125 62.0 1.000 1.000 1.000
v 60.423973083496094 474.42901611328125 52.0 1.000 1.000 1.000
v 40.423973083496094 438.42901611328125 84.0 1.000 1.000 1.000
v 87.4239730834961 540.4290161132812 3.0 1.000 1.000 1.000
v 67.4239730834961 540.4290161132812 30.0 1.000 1.000 1.000
v 71.4239730834961 501.42901611328125 18.0 1.000 1.000 1.000
v 71.4239730834961 621.4290161132812 56.0 1.000 1.000 1.000
v 61.423973083496094 598.4290161132812 92.0 1.000 1.000 1.000
v 82.4239730834961 565.4290161132812 29.0 1.000 1.000 1.000
v 90.4239730834961 566.4290161132812 10.0 1.000 1.000 1.000
v 87.4239730834961 614.4290161132812 30.0 1.000 1.000 1.000
v 80.4239730834961 637.4290161132812 -14.0 1.000 1.000 1.000
v 61.423973083496094 636.4290161132812 65.0 1.000 1.000 1.000
v 82.4239730834961 617.4290161132812 39.0 1.000 1.000 1.000
v 80.4239730834961 637.4290161132812 -14.0 1.000 1.000 1.000
v 39.423973083496094 681.4290161132812 -28.0 1.000 1.000 1.000
v 39.423973083496094 677.4290161132812 48.0 1.000 1.000 1.000
v 55.423973083496094 548.4290161132812 -61.0 1.000 1.000 1.000
v 65.4239730834961 633.4290161132812 -45.0 1.000 1.000 1.000
v 81.4239730834961 539.4290161132812 3.0 1.000 1.000 1.000
v 55.423973083496094 476.42901611328125 -40.0 1.000 1.000 1.000
v 82.4239730834961 617.4290161132812 39.0 1.000 1.000 1.000
v 71.4239730834961 621.4290161132812 56.0 1.000 1.000 1.000
v 67.4239730834961 540.4290161132812 30.0 1.000 1.000 1.000
v 90.4239730834961 566.4290161132812 10.0 1.000 1.000 1.000
v 87.4239730834961 540.4290161132812 3.0 1.000 1.000 1.000
v 93.4239730834961 560.4290161132812 9.0 1.000 1.000 1.000
v 71.4239730834961 501.42901611328125 18.0 1.000 1.000 1.000
v 82.4239730834961 565.4290161132812 29.0 1.000 1.000 1.000
v 84.4239730834961 560.4290161132812 27.0 1.000 1.000 1.000
v 50.423973083496094 548.4290161132812 96.0 1.000 1.000 1.000
v 67.4239730834961 540.4290161132812 30.0 1.000 1.000 1.000
v 61.423973083496094 598.4290161132812 92.0 1.000 1.000 1.000
v 61.423973083496094 636.4290161132812 65.0 1.000 1.000 1.000
v 39.423973083496094 677.4290161132812 48.0 1.000 1.000 1.000
v 49.423973083496094 648.4290161132812 92.0 1.000 1.000 1.000
v 82.4239730834961 617.4290161132812 39.0 1.000 1.000 1.000
v 81.4239730834961 539.4290161132812 3.0 1.000 1.000 1.000
v 87.4239730834961 540.4290161132812 3.0 1.000 1.000 1.000
v 71.4239730834961 501.42901611328125 18.0 1.000 1.000 1.000
v 87.4239730834961 614.4290161132812 30.0 1.000 1.000 1.000
v 80.4239730834961 637.4290161132812 -14.0 1.000 1.000 1.000
v 65.4239730834961 500.42901611328125 41.0 1.000 1.000 1.000
v 54.423973083496094 467.42901611328125 93.0 1.000 1.000 1.000
v 60.423973083496094 474.42901611328125 52.0 1.000 1.000 1.000
v 67.4239730834961 540.4290161132812 30.0 1.000 1.000 1.000
v 93.4239730834961 560.4290161132812 9.0 1.000 1.000 1.000
v 84.4239730834961 560.4290161132812 27.0 1.000 1.000 1.000
v 82.4239730834961 565.4290161132812 29.0 1.000 1.000 1.000
v 82.4239730834961 617.4290161132812 39.0 1.000 1.000 1.000
v 80.4239730834961 637.4290161132812 -14.0 1.000 1.000 1.000
v 39.423973083496094 677.4290161132812 48.0 1.000 1.000 1.000
v 87.4239730834961 614.4290161132812 30.0 1.000 1.000 1.000
v 90.4239730834961 566.4290161132812 10.0 1.000 1.000 1.000
v 81.4239730834961 539.4290161132812 3.0 1.000 1.000 1.000
v 87.4239730834961 540.4290161132812 3.0 1.000 1.000 1.000
v 55.423973083496094 548.4290161132812 -61.0 1.000 1.000 1.000
v 61.423973083496094 636.4290161132812 65.0 1.000 1.000 1.000
v 49.423973083496094 648.4290161132812 92.0 1.000 1.000 1.000
v 61.423973083496094 598.4290161132812 92.0 1.000 1.000 1.000
v 40.423973083496094 438.42901611328125 84.0 1.000 1.000 1.000
v -6.576026916503906 448.42901611328125 73.0 1.000 1.000 1.000
v 49.423973083496094 457.42901611328125 62.0 1.000 1.000 1.000
v 49.423973083496094 474.42901611328125 44.0 1.000 1.000 1.000
v 60.423973083496094 474.42901611328125 52.0 1.000 1.000 1.000
v 65.4239730834961 500.42901611328125 41.0 1.000 1.000 1.000
v 71.4239730834961 501.42901611328125 18.0 1.000 1.000 1.000
v 55.423973083496094 476.42901611328125 -40.0 1.000 1.000 1.000
v 27.423973083496094 467.42901611328125 -37.0 1.000 1.000 1.000
v 29.423973083496094 432.42901611328125 126.0 1.000 1.000 1.000
v 54.423973083496094 467.42901611328125 93.0 1.000 1.000 1.000
v 39.423973083496094 681.4290161132812 -28.0 1.000 1.000 1.000
v -0.5760269165039062 630.4290161132812 -70.0 1.000 1.000 1.000
v -1.5760269165039062 671.4290161132812 -29.0 1.000 1.000 1.000
v 39.423973083496094 681.4290161132812 -28.0 1.000 1.000 1.000
v -15.576026916503906 682.4290161132812 22.0 1.000 1.000 1.000
v 8.423973083496094 682.4290161132812 72.0 1.000 1.000 1.000
v 65.4239730834961 633.4290161132812 -45.0 1.000 1.000 1.000
v 55.423973083496094 548.4290161132812 -61.0 1.000 1.000 1.000
v -0.5760269165039062 630.4290161132812 -70.0 1.000 1.000 1.000
v -1.5760269165039062 671.4290161132812 -29.0 1.000 1.000 1.000
v -0.5760269165039062 630.4290161132812 -70.0 1.000 1.000 1.000
v -54.576026916503906 655.4290161132812 -20.0 1.000 1.000 1.000
v -60.576026916503906 662.4290161132812 57.0 1.000 1.000 1.000
v -73.5760269165039 609.4290161132812 -45.0 1.000 1.000 1.000
v -1.5760269165039062 671.4290161132812 -29.0 1.000 1.000 1.000
v -0.5760269165039062 538.4290161132812 -78.0 1.000 1.000 1.000
v 55.423973083496094 476.42901611328125 -40.0 1.000 1.000 1.000
v -58.576026916503906 551.4290161132812 -61.0 1.000 1.000 1.000
v 39.423973083496094 677.4290161132812 48.0 1.000 1.000 1.000
v 36.423973083496094 649.4290161132812 118.0 1.000 1.000 1.000
v 39.423973083496094 677.4290161132812 48.0 1.000 1.000 1.000
v 8.423973083496094 682.4290161132812 72.0 1.000 1.000 1.000
v -1.5760269165039062 671.4290161132812 -29.0 1.000 1.000 1.000
v -54.576026916503906 655.4290161132812 -20.0 1.000 1.000 1.000
v -15.576026916503906 682.4290161132812 22.0 1.000 1.000 1.000
v -0.5760269165039062 538.4290161132812 -78.0 1.000 1.000 1.000
v -52.576026916503906 473.42901611328125 -39.0 1.000 1.000 1.000
v -58.576026916503906 551.4290161132812 -61.0 1.000 1.000 1.000
v 55.423973083496094 476.42901611328125 -40.0 1.000 1.000 1.000
v -73.5760269165039 609.4290161132812 -45.0 1.000 1.000 1.000
v -0.5760269165039062 630.4290161132812 -70.0 1.000 1.000 1.000
v 65.4239730834961 633.4290161132812 -45.0 1.000 1.000 1.000
v -0.5760269165039062 630.4290161132812 -70.0 1.000 1.000 1.000
v 39.423973083496094 681.4290161132812 -28.0 1.000 1.000 1.000
v 49.423973083496094 648.4290161132812 92.0 1.000 1.000 1.000
v -33.576026916503906 646.4290161132812 118.0 1.000 1.000 1.000
v 8.423973083496094 682.4290161132812 72.0 1.000 1.000 1.000
v -60.576026916503906 662.4290161132812 57.0 1.000 1.000 1.000
v 36.423973083496094 649.4290161132812 118.0 1.000 1.000 1.000
v -46.576026916503906 468.42901611328125 -31.0 1.000 1.000 1.000
v -52.576026916503906 473.42901611328125 -39.0 1.000 1.000 1.000
v 55.423973083496094 476.42901611328125 -40.0 1.000 1.000 1.000
v 27.423973083496094 467.42901611328125 -37.0 1.000 1.000 1.000
v -35.576026916503906 433.42901611328125 128.0 1.000 1.000 1.000
v 33.423973083496094 432.42901611328125 128.0 1.000 1.000 1.000
v 54.423973083496094 652.4290161132812 104.0 1.000 1.000 1.000
v -56.576026916503906 652.4290161132812 104.0 1.000 1.000 1.000
v -56.576026916503906 652.4290161132812 104.0 1.000 1.000 1.000
v -48.576026916503906 651.4290161132812 -57.0 1.000 1.000 1.000
v -35.576026916503906 491.42901611328125 -45.0 1.000 1.000 1.000
v -35.576026916503906 433.42901611328125 128.0 1.000 1.000 1.000
v 33.423973083496094 432.42901611328125 128.0 1.000 1.000 1.000
v 33.423973083496094 491.42901611328125 -45.0 1.000 1.000 1.000
v 45.423973083496094 651.4290161132812 -57.0 1.000 1.000 1.000
v 54.423973083496094 652.4290161132812 104.0 1.000 1.000 1.000
v -56.576026916503906 652.4290161132812 104.0 1.000 1.000 1.000
v 54.423973083496094 652.4290161132812 104.0 1.000 1.000 1.000
v 45.423973083496094 651.4290161132812 -57.0 1.000 1.000 1.000
v -48.576026916503906 651.4290161132812 -57.0 1.000 1.000 1.000
v 33.423973083496094 491.42901611328125 -45.0 1.000 1.000 1.000
v -35.576026916503906 491.42901611328125 -45.0 1.000 1.000 1.000
v -48.576026916503906 651.4290161132812 -57.0 1.000 1.000 1.000
v 45.423973083496094 651.4290161132812 -57.0 1.000 1.000 1.000
v -35.576026916503906 491.42901611328125 -45.0 1.000 1.000 1.000
v 33.423973083496094 491.42901611328125 -45.0 1.000 1.000 1.000
v 33.423973083496094 432.42901611328125 128.0 1.000 1.000 1.000
v -35.576026916503906 433.42901611328125 128.0 1.000 1.000 1.000
v -254.86859130859375 382.30655002593994 70.0 1.000 1.000 1.000
v -198.86859130859375 443.30655002593994 0.0 1.000 1.000 1.000
v -226.86859130859375 419.30655002593994 -45.0 1.000 1.000 1.000
v -304.86859130859375 443.30655002593994 0.0 1.000 1.000 1.000
v -288.86859130859375 420.30655002593994 -41.0 1.000 1.000 1.000
v -6.576026916503906 448.42901611328125 73.0 1.000 1.000 1.000
v -51.576026916503906 475.42901611328125 44.0 1.000 1.000 1.000
v 27.423973083496094 467.42901611328125 -37.0 1.000 1.000 1.000
v 49.423973083496094 474.42901611328125 44.0 1.000 1.000 1.000
v -46.576026916503906 468.42901611328125 -31.0 1.000 1.000 1.000
v -782.0662807226181 357.1454210281372 55.0 1.000 1.000 1.000
v -750.0662807226181 434.1454210281372 -27.0 1.000 1.000 1.000
v -771.0662807226181 364.1454210281372 -44.0 1.000 1.000 1.000
v -764.0662807226181 456.1454210281372 52.0 1.000 1.000 1.000
v -750.0662807226181 434.1454210281372 -27.0 1.000 1.000 1.000
v -664.0662807226181 436.1454210281372 48.0 1.000 1.000 1.000
v -665.0662807226181 423.1454210281372 -32.0 1.000 1.000 1.000
v -764.0662807226181 456.1454210281372 52.0 1.000 1.000 1.000
v -665.0662807226181 423.1454210281372 -32.0 1.000 1.000 1.000
v -771.0662807226181 364.1454210281372 -44.0 1.000 1.000 1.000
v -750.0662807226181 434.1454210281372 -27.0 1.000 1.000 1.000
v -662.0662807226181 379.1454210281372 -39.0 1.000 1.000 1.000
v -664.0662807226181 436.1454210281372 48.0 1.000 1.000 1.000
v -782.0662807226181 357.1454210281372 55.0 1.000 1.000 1.000
v -663.0662807226181 363.1454210281372 55.0 1.000 1.000 1.000
v -764.0662807226181 456.1454210281372 52.0 1.000 1.000 1.000
v -771.0662807226181 364.1454210281372 -44.0 1.000 1.000 1.000
v -663.0662807226181 363.1454210281372 55.0 1.000 1.000 1.000
v -782.0662807226181 357.1454210281372 55.0 1.000 1.000 1.000
v -662.0662807226181 379.1454210281372 -39.0 1.000 1.000 1.000
v -474.19768941402435 396.83887100219727 67.0 1.000 1.000 1.000
v -475.19768941402435 450.83887100219727 59.0 1.000 1.000 1.000
v -476.19768941402435 403.83887100219727 -46.0 1.000 1.000 1.000
v -476.19768941402435 343.83887100219727 -10.0 1.000 1.000 1.000
v -475.19768941402435 455.83887100219727 5.0 1.000 1.000 1.000
v -475.19768941402435 346.83887100219727 55.0 1.000 1.000 1.000
v -664.0662807226181 436.1454210281372 48.0 1.000 1.000 1.000
v -662.0662807226181 379.1454210281372 -39.0 1.000 1.000 1.000
v -665.0662807226181 423.1454210281372 -32.0 1.000 1.000 1.000
v -663.0662807226181 363.1454210281372 55.0 1.000 1.000 1.000
v -397.19768941402435 437.83887100219727 6.0 1.000 1.000 1.000
v -398.19768941402435 403.83887100219727 -46.0 1.000 1.000 1.000
v -397.19768941402435 351.83887100219727 -10.0 1.000 1.000 1.000
v -397.19768941402435 358.83887100219727 51.0 1.000 1.000 1.000
v -396.19768941402435 396.83887100219727 58.0 1.000 1.000 1.000
v -397.19768941402435 434.83887100219727 49.0 1.000 1.000 1.000
v -475.19768941402435 455.83887100219727 5.0 1.000 1.000 1.000
v -476.19768941402435 403.83887100219727 -46.0 1.000 1.000 1.000
v -476.19768941402435 343.83887100219727 -10.0 1.000 1.000 1.000
v -475.19768941402435 346.83887100219727 55.0 1.000 1.000 1.000
v -474.19768941402435 396.83887100219727 67.0 1.000 1.000 1.000
v -475.19768941402435 450.83887100219727 59.0 1.000 1.000 1.000
v -401.19768941402435 338.83887100219727 58.0 1.000 1.000 1.000
v -405.19768941402435 449.83887100219727 62.0 1.000 1.000 1.000
v -676.1976894140244 366.83887100219727 50.0 1.000 1.000 1.000
v -676.1976894140244 373.83887100219727 -30.0 1.000 1.000 1.000
v -401.19768941402435 335.83887100219727 -28.0 1.000 1.000 1.000
v -678.1976894140244 436.83887100219727 50.0 1.000 1.000 1.000
v -405.19768941402435 463.83887100219727 -49.0 1.000 1.000 1.000
v -678.1976894140244 418.83887100219727 -33.0 1.000 1.000 1.000
v -319.2357143163681 360.22493743896484 71.0 1.000 1.000 1.000
v -261.2357143163681 341.22493743896484 -16.0 1.000 1.000 1.000
v -252.2357143163681 345.22493743896484 78.0 1.000 1.000 1.000
v -175.2357143163681 399.22493743896484 69.0 1.000 1.000 1.000
v -320.2357143163681 395.22493743896484 75.0 1.000 1.000 1.000
v -296.2357143163681 403.22493743896484 -67.0 1.000 1.000 1.000
v -127.2357143163681 425.22493743896484 11.0 1.000 1.000 1.000
v -161.2357143163681 392.22493743896484 -54.0 1.000 1.000 1.000
v -319.2357143163681 347.22493743896484 -10.0 1.000 1.000 1.000
v -292.2357143163681 449.22493743896484 67.0 1.000 1.000 1.000
v -282.2357143163681 453.22493743896484 7.0 1.000 1.000 1.000
v -453.86859130859375 226.30655002593994 68.0 1.000 1.000 1.000
v -452.86859130859375 214.30655002593994 -19.0 1.000 1.000 1.000
v -459.86859130859375 360.30655002593994 -50.0 1.000 1.000 1.000
v -457.86859130859375 378.30655002593994 5.0 1.000 1.000 1.000
v -459.86859130859375 340.30655002593994 75.0 1.000 1.000 1.000
v -261.2357143163681 341.22493743896484 -16.0 1.000 1.000 1.000
v -252.2357143163681 345.22493743896484 78.0 1.000 1.000 1.000
v -161.2357143163681 392.22493743896484 -54.0 1.000 1.000 1.000
v -127.2357143163681 425.22493743896484 11.0 1.000 1.000 1.000
v -175.2357143163681 399.22493743896484 69.0 1.000 1.000 1.000
v -282.2357143163681 453.22493743896484 7.0 1.000 1.000 1.000
v -296.2357143163681 403.22493743896484 -67.0 1.000 1.000 1.000
v -319.2357143163681 347.22493743896484 -10.0 1.000 1.000 1.000
v -319.2357143163681 360.22493743896484 71.0 1.000 1.000 1.000
v -320.2357143163681 395.22493743896484 75.0 1.000 1.000 1.000
v -292.2357143163681 449.22493743896484 67.0 1.000 1.000 1.000
v -397.19768941402435 437.83887100219727 6.0 1.000 1.000 1.000
v -398.19768941402435 403.83887100219727 -46.0 1.000 1.000 1.000
v -397.19768941402435 351.83887100219727 -10.0 1.000 1.000 1.000
v -397.19768941402435 358.83887100219727 51.0 1.000 1.000 1.000
v -396.19768941402435 396.83887100219727 58.0 1.000 1.000 1.000
v -397.19768941402435 434.83887100219727 49.0 1.000 1.000 1.000
v -156.2357143163681 430.22493743896484 68.0 1.000 1.000 1.000
v -93.2357143163681 324.22493743896484 66.0 1.000 1.000 1.000
v -67.2357143163681 319.22493743896484 -45.0 1.000 1.000 1.000
v -152.2357143163681 445.22493743896484 -33.0 1.000 1.000 1.000
v -401.2357143163681 339.22493743896484 58.0 1.000 1.000 1.000
v -67.2357143163681 319.22493743896484 -45.0 1.000 1.000 1.000
v -93.2357143163681 324.22493743896484 66.0 1.000 1.000 1.000
v -405.2357143163681 450.22493743896484 62.0 1.000 1.000 1.000
v -405.2357143163681 464.22493743896484 -49.0 1.000 1.000 1.000
v -401.2357143163681 336.22493743896484 -28.0 1.000 1.000 1.000
v 370.1021728515625 -28.755651995539665 -42.76123380661011 1.000 1.000 1.000
v 344.1021728515625 39.244348004460335 -27.761233806610107 1.000 1.000 1.000
v 379.1021728515625 -33.755651995539665 56.23876619338989 1.000 1.000 1.000
v 357.1021728515625 63.244348004460335 51.23876619338989 1.000 1.000 1.000
v 260.1021728515625 27.244348004460335 -33.76123380661011 1.000 1.000 1.000
v 258.1021728515625 38.244348004460335 52.23876619338989 1.000 1.000 1.000
v 344.1021728515625 39.244348004460335 -27.761233806610107 1.000 1.000 1.000
v 357.1021728515625 63.244348004460335 51.23876619338989 1.000 1.000 1.000
v 344.1021728515625 39.244348004460335 -27.761233806610107 1.000 1.000 1.000
v 370.1021728515625 -28.755651995539665 -42.76123380661011 1.000 1.000 1.000
v 260.1021728515625 27.244348004460335 -33.76123380661011 1.000 1.000 1.000
v 258.1021728515625 -17.755651995539665 -39.76123380661011 1.000 1.000 1.000
v 257.1021728515625 -30.755651995539665 54.23876619338989 1.000 1.000 1.000
v 379.1021728515625 -33.755651995539665 56.23876619338989 1.000 1.000 1.000
v 258.1021728515625 38.244348004460335 52.23876619338989 1.000 1.000 1.000
v 357.1021728515625 63.244348004460335 51.23876619338989 1.000 1.000 1.000
v 379.1021728515625 -33.755651995539665 56.23876619338989 1.000 1.000 1.000
v 257.1021728515625 -30.755651995539665 54.23876619338989 1.000 1.000 1.000
v 370.1021728515625 -28.755651995539665 -42.76123380661011 1.000 1.000 1.000
v 258.1021728515625 -17.755651995539665 -39.76123380661011 1.000 1.000 1.000
v 474.6571079492569 439.8121757507324 61.07913017272949 1.000 1.000 1.000
v 473.6571079492569 385.8121757507324 70.07913017272949 1.000 1.000 1.000
v 476.6571079492569 335.8121757507324 -4.920869827270508 1.000 1.000 1.000
v 477.6571079492569 391.8121757507324 -41.92086982727051 1.000 1.000 1.000
v 475.6571079492569 443.8121757507324 8.079130172729492 1.000 1.000 1.000
v 474.6571079492569 329.8121757507324 59.07913017272949 1.000 1.000 1.000
v 258.1021728515625 38.244348004460335 52.23876619338989 1.000 1.000 1.000
v 258.1021728515625 -17.755651995539665 -39.76123380661011 1.000 1.000 1.000
v 260.1021728515625 27.244348004460335 -33.76123380661011 1.000 1.000 1.000
v 257.1021728515625 -30.755651995539665 54.23876619338989 1.000 1.000 1.000
v 401.6571079492569 344.8121757507324 -6.920869827270508 1.000 1.000 1.000
v 406.6571079492569 390.8121757507324 -42.92086982727051 1.000 1.000 1.000
v 404.6571079492569 425.8121757507324 7.079130172729492 1.000 1.000 1.000
v 403.6571079492569 423.8121757507324 50.07913017272949 1.000 1.000 1.000
v 402.6571079492569 385.8121757507324 60.07913017272949 1.000 1.000 1.000
v 403.6571079492569 339.8121757507324 54.07913017272949 1.000 1.000 1.000
v 476.6571079492569 335.8121757507324 -4.920869827270508 1.000 1.000 1.000
v 477.6571079492569 391.8121757507324 -41.92086982727051 1.000 1.000 1.000
v 475.6571079492569 443.8121757507324 8.079130172729492 1.000 1.000 1.000
v 474.6571079492569 439.8121757507324 61.07913017272949 1.000 1.000 1.000
v 473.6571079492569 385.8121757507324 70.07913017272949 1.000 1.000 1.000
v 474.6571079492569 329.8121757507324 59.07913017272949 1.000 1.000 1.000
v 681.6571079492569 355.8121757507324 58.07913017272949 1.000 1.000 1.000
v 409.6571079492569 437.8121757507324 63.07913017272949 1.000 1.000 1.000
v 406.6571079492569 326.8121757507324 62.07913017272949 1.000 1.000 1.000
v 408.6571079492569 321.8121757507324 -24.920869827270508 1.000 1.000 1.000
v 683.6571079492569 361.8121757507324 -22.920869827270508 1.000 1.000 1.000
v 410.6571079492569 449.8121757507324 -47.92086982727051 1.000 1.000 1.000
v 682.6571079492569 425.8121757507324 56.07913017272949 1.000 1.000 1.000
v 684.6571079492569 405.8121757507324 -25.920869827270508 1.000 1.000 1.000
v 258.85553324222565 334.87169647216797 79.0 1.000 1.000 1.000
v 268.85553324222565 328.87169647216797 -15.0 1.000 1.000 1.000
v 325.85553324222565 349.87169647216797 73.0 1.000 1.000 1.000
v 326.85553324222565 383.87169647216797 76.0 1.000 1.000 1.000
v 181.85553324222565 388.87169647216797 68.0 1.000 1.000 1.000
v 169.85553324222565 379.87169647216797 -55.0 1.000 1.000 1.000
v 134.85553324222565 413.87169647216797 8.0 1.000 1.000 1.000
v 304.85553324222565 389.87169647216797 -67.0 1.000 1.000 1.000
v 326.85553324222565 334.87169647216797 -8.0 1.000 1.000 1.000
v 305.85553324222565 438.87169647216797 67.0 1.000 1.000 1.000
v 296.85553324222565 440.87169647216797 6.0 1.000 1.000 1.000
v -41.86859130859375 226.30655002593994 79.0 1.000 1.000 1.000
v -42.86859130859375 216.30655002593994 -17.0 1.000 1.000 1.000
v -40.86859130859375 359.30655002593994 -49.0 1.000 1.000 1.000
v -40.86859130859375 381.30655002593994 3.0 1.000 1.000 1.000
v -41.86859130859375 341.30655002593994 75.0 1.000 1.000 1.000
v 258.85553324222565 334.87169647216797 79.0 1.000 1.000 1.000
v 268.85553324222565 328.87169647216797 -15.0 1.000 1.000 1.000
v 169.85553324222565 379.87169647216797 -55.0 1.000 1.000 1.000
v 134.85553324222565 413.87169647216797 8.0 1.000 1.000 1.000
v 181.85553324222565 388.87169647216797 68.0 1.000 1.000 1.000
v 296.85553324222565 440.87169647216797 6.0 1.000 1.000 1.000
v 304.85553324222565 389.87169647216797 -67.0 1.000 1.000 1.000
v 326.85553324222565 334.87169647216797 -8.0 1.000 1.000 1.000
v 325.85553324222565 349.87169647216797 73.0 1.000 1.000 1.000
v 326.85553324222565 383.87169647216797 76.0 1.000 1.000 1.000
v 305.85553324222565 438.87169647216797 67.0 1.000 1.000 1.000
v 406.6571079492569 390.8121757507324 -42.92086982727051 1.000 1.000 1.000
v 404.6571079492569 425.8121757507324 7.079130172729492 1.000 1.000 1.000
v 401.6571079492569 344.8121757507324 -6.920869827270508 1.000 1.000 1.000
v 403.6571079492569 339.8121757507324 54.07913017272949 1.000 1.000 1.000
v 402.6571079492569 385.8121757507324 60.07913017272949 1.000 1.000 1.000
v 403.6571079492569 423.8121757507324 50.07913017272949 1.000 1.000 1.000
v 98.85553324222565 306.87169647216797 65.0 1.000 1.000 1.000
v 75.85553324222565 300.87169647216797 -47.0 1.000 1.000 1.000
v 406.85553324222565 326.87169647216797 62.0 1.000 1.000 1.000
v 409.85553324222565 437.87169647216797 63.0 1.000 1.000 1.000
v 161.85553324222565 412.87169647216797 66.0 1.000 1.000 1.000
v 159.85553324222565 425.87169647216797 -35.0 1.000 1.000 1.000
v 410.85553324222565 449.87169647216797 -48.0 1.000 1.000 1.000
v 408.85553324222565 321.87169647216797 -25.0 1.000 1.000 1.000
v 98.85553324222565 306.87169647216797 65.0 1.000 1.000 1.000
v 75.85553324222565 300.87169647216797 -47.0 1.000 1.000 1.000
v -340.86859130859375 264.30655002593994 -102.0 1.000 1.000 1.000
v -321.86859130859375 65.30655002593994 -77.0 1.000 1.000 1.000
v -375.86859130859375 63.30655002593994 -65.0 1.000 1.000 1.000
v -150.86859130859375 264.30655002593994 -103.0 1.000 1.000 1.000
v -321.86859130859375 342.30655002593994 -78.0 1.000 1.000 1.000
v -452.86859130859375 214.30655002593994 -19.0 1.000 1.000 1.000
v -459.86859130859375 360.30655002593994 -50.0 1.000 1.000 1.000
v -250.86859130859375 65.30655002593994 -79.0 1.000 1.000 1.000
v -40.86859130859375 359.30655002593994 -49.0 1.000 1.000 1.000
v -170.86859130859375 342.30655002593994 -78.0 1.000 1.000 1.000
v -180.86859130859375 65.30655002593994 -80.0 1.000 1.000 1.000
v -288.86859130859375 420.30655002593994 -41.0 1.000 1.000 1.000
v -226.86859130859375 419.30655002593994 -45.0 1.000 1.000 1.000
v -129.86859130859375 65.30655002593994 -67.0 1.000 1.000 1.000
v -415.86859130859375 60.30655002593994 24.0 1.000 1.000 1.000
v -42.86859130859375 216.30655002593994 -17.0 1.000 1.000 1.000
v -129.86859130859375 65.30655002593994 -67.0 1.000 1.000 1.000
v -42.86859130859375 216.30655002593994 -17.0 1.000 1.000 1.000
v -77.86859130859375 59.30655002593994 24.0 1.000 1.000 1.000
v -226.86859130859375 419.30655002593994 -45.0 1.000 1.000 1.000
v -40.86859130859375 359.30655002593994 -49.0 1.000 1.000 1.000
v -170.86859130859375 342.30655002593994 -78.0 1.000 1.000 1.000
v -321.86859130859375 342.30655002593994 -78.0 1.000 1.000 1.000
v -340.86859130859375 264.30655002593994 -102.0 1.000 1.000 1.000
v -459.86859130859375 360.30655002593994 -50.0 1.000 1.000 1.000
v -150.86859130859375 264.30655002593994 -103.0 1.000 1.000 1.000
v -250.86859130859375 65.30655002593994 -79.0 1.000 1.000 1.000
v -40.86859130859375 381.30655002593994 3.0 1.000 1.000 1.000
v -198.86859130859375 443.30655002593994 0.0 1.000 1.000 1.000
v -149.86859130859375 382.30655002593994 85.0 1.000 1.000 1.000
v -226.86859130859375 419.30655002593994 -45.0 1.000 1.000 1.000
v -41.86859130859375 341.30655002593994 75.0 1.000 1.000 1.000
v -253.86859130859375 235.30655002593994 170.0 1.000 1.000 1.000
v -93.86859130859375 222.30655002593994 157.0 1.000 1.000 1.000
v -414.86859130859375 222.30655002593994 157.0 1.000 1.000 1.000
v -415.86859130859375 60.30655002593994 24.0 1.000 1.000 1.000
v -332.86859130859375 70.30655002593994 160.0 1.000 1.000 1.000
v -351.86859130859375 381.30655002593994 85.0 1.000 1.000 1.000
v -254.86859130859375 382.30655002593994 70.0 1.000 1.000 1.000
v -149.86859130859375 382.30655002593994 85.0 1.000 1.000 1.000
v -288.86859130859375 420.30655002593994 -41.0 1.000 1.000 1.000
v -457.86859130859375 378.30655002593994 5.0 1.000 1.000 1.000
v -304.86859130859375 443.30655002593994 0.0 1.000 1.000 1.000
v -250.86859130859375 68.30655002593994 173.0 1.000 1.000 1.000
v -459.86859130859375 360.30655002593994 -50.0 1.000 1.000 1.000
v -164.86859130859375 70.30655002593994 160.0 1.000 1.000 1.000
v -226.86859130859375 419.30655002593994 -45.0 1.000 1.000 1.000
v -40.86859130859375 381.30655002593994 3.0 1.000 1.000 1.000
v -40.86859130859375 359.30655002593994 -49.0 1.000 1.000 1.000
v -41.86859130859375 226.30655002593994 79.0 1.000 1.000 1.000
v -41.86859130859375 341.30655002593994 75.0 1.000 1.000 1.000
v -93.86859130859375 222.30655002593994 157.0 1.000 1.000 1.000
v -253.86859130859375 235.30655002593994 170.0 1.000 1.000 1.000
v -164.86859130859375 70.30655002593994 160.0 1.000 1.000 1.000
v -42.86859130859375 216.30655002593994 -17.0 1.000 1.000 1.000
v -414.86859130859375 222.30655002593994 157.0 1.000 1.000 1.000
v -332.86859130859375 70.30655002593994 160.0 1.000 1.000 1.000
v -459.86859130859375 340.30655002593994 75.0 1.000 1.000 1.000
v -453.86859130859375 226.30655002593994 68.0 1.000 1.000 1.000
v -452.86859130859375 214.30655002593994 -19.0 1.000 1.000 1.000
v -415.86859130859375 60.30655002593994 24.0 1.000 1.000 1.000
v -77.86859130859375 59.30655002593994 24.0 1.000 1.000 1.000
v -351.86859130859375 381.30655002593994 85.0 1.000 1.000 1.000
v -459.86859130859375 340.30655002593994 75.0 1.000 1.000 1.000
v -253.86859130859375 235.30655002593994 170.0 1.000 1.000 1.000
v -457.86859130859375 378.30655002593994 5.0 1.000 1.000 1.000
v -93.86859130859375 222.30655002593994 157.0 1.000 1.000 1.000
v -77.86859130859375 59.30655002593994 24.0 1.000 1.000 1.000
v -42.86859130859375 216.30655002593994 -17.0 1.000 1.000 1.000
v -414.86859130859375 222.30655002593994 157.0 1.000 1.000 1.000
v -41.86859130859375 341.30655002593994 75.0 1.000 1.000 1.000
v -149.86859130859375 382.30655002593994 85.0 1.000 1.000 1.000
v -40.86859130859375 381.30655002593994 3.0 1.000 1.000 1.000
v -254.86859130859375 382.30655002593994 70.0 1.000 1.000 1.000
v -198.86859130859375 443.30655002593994 0.0 1.000 1.000 1.000
v -304.86859130859375 443.30655002593994 0.0 1.000 1.000 1.000
v -159.8220180273056 63.144371032714844 23.0 1.000 1.000 1.000
v -102.8220180273056 70.14437103271484 -70.0 1.000 1.000 1.000
v -32.8220180273056 72.14437103271484 -76.0 1.000 1.000 1.000
v -7.822018027305603 72.14437103271484 -74.0 1.000 1.000 1.000
v 53.1779819726944 72.14437103271484 -76.0 1.000 1.000 1.000
v 113.1779819726944 72.14437103271484 -73.0 1.000 1.000 1.000
v 170.1779819726944 66.14437103271484 25.0 1.000 1.000 1.000
v -415.86859130859375 60.30655002593994 24.0 1.000 1.000 1.000
v -375.86859130859375 63.30655002593994 -65.0 1.000 1.000 1.000
v -321.86859130859375 65.30655002593994 -77.0 1.000 1.000 1.000
v -250.86859130859375 65.30655002593994 -79.0 1.000 1.000 1.000
v -180.86859130859375 65.30655002593994 -80.0 1.000 1.000 1.000
v -129.86859130859375 65.30655002593994 -67.0 1.000 1.000 1.000
v -77.86859130859375 59.30655002593994 24.0 1.000 1.000 1.000
v 170.1779819726944 66.14437103271484 25.0 1.000 1.000 1.000
v 89.1779819726944 58.144371032714844 136.0 1.000 1.000 1.000
v -10.822018027305603 53.144371032714844 143.0 1.000 1.000 1.000
v -81.8220180273056 55.144371032714844 133.0 1.000 1.000 1.000
v -159.8220180273056 63.144371032714844 23.0 1.000 1.000 1.000
v -77.86859130859375 59.30655002593994 24.0 1.000 1.000 1.000
v -164.86859130859375 70.30655002593994 160.0 1.000 1.000 1.000
v -250.86859130859375 68.30655002593994 173.0 1.000 1.000 1.000
v -332.86859130859375 70.30655002593994 160.0 1.000 1.000 1.000
v -415.86859130859375 60.30655002593994 24.0 1.000 1.000 1.000
v -23.86859130859375 419.30655002593994 -86.0 1.000 1.000 1.000
v -103.86859130859375 34.30655002593994 -71.0 1.000 1.000 1.000
v -410.86859130859375 33.30655002593994 -71.0 1.000 1.000 1.000
v -484.86859130859375 417.30655002593994 -88.0 1.000 1.000 1.000
v -45.86859130859375 383.30655002593994 153.0 1.000 1.000 1.000
v -484.86859130859375 417.30655002593994 -88.0 1.000 1.000 1.000
v -461.86859130859375 380.30655002593994 153.0 1.000 1.000 1.000
v -45.86859130859375 383.30655002593994 153.0 1.000 1.000 1.000
v -399.86859130859375 37.30655002593994 145.0 1.000 1.000 1.000
v -106.86859130859375 38.30655002593994 145.0 1.000 1.000 1.000
v -23.86859130859375 419.30655002593994 -86.0 1.000 1.000 1.000
v -410.86859130859375 33.30655002593994 -71.0 1.000 1.000 1.000
v -399.86859130859375 37.30655002593994 145.0 1.000 1.000 1.000
v -484.86859130859375 417.30655002593994 -88.0 1.000 1.000 1.000
v -103.86859130859375 34.30655002593994 -71.0 1.000 1.000 1.000
v -23.86859130859375 419.30655002593994 -86.0 1.000 1.000 1.000
v -106.86859130859375 38.30655002593994 145.0 1.000 1.000 1.000
v -45.86859130859375 383.30655002593994 153.0 1.000 1.000 1.000
v -461.86859130859375 380.30655002593994 153.0 1.000 1.000 1.000
v -399.86859130859375 37.30655002593994 145.0 1.000 1.000 1.000
v -399.86859130859375 37.30655002593994 145.0 1.000 1.000 1.000
v -484.86859130859375 417.30655002593994 -88.0 1.000 1.000 1.000
v -45.86859130859375 383.30655002593994 153.0 1.000 1.000 1.000
v -410.86859130859375 33.30655002593994 -71.0 1.000 1.000 1.000
v -399.86859130859375 37.30655002593994 145.0 1.000 1.000 1.000
v -106.86859130859375 38.30655002593994 145.0 1.000 1.000 1.000
v -155.0 7.0 23.0 1.000 1.000 1.000
v -126.0 -86.0 -70.0 1.000 1.000 1.000
v -157.0 -64.0 13.0 1.000 1.000 1.000
v 108.0 18.0 -73.0 1.000 1.000 1.000
v 165.0 11.0 25.0 1.000 1.000 1.000
v 128.0 -87.0 -70.0 1.000 1.000 1.000
v -1.0 -193.0 -73.0 1.000 1.000 1.000
v -1.0 -235.0 88.0 1.000 1.000 1.000
v -21.0 -208.0 -25.0 1.000 1.000 1.000
v -1.0 -81.0 -89.0 1.000 1.000 1.000
v 32.0 -204.0 -82.0 1.000 1.000 1.000
v -32.0 -205.0 -81.0 1.000 1.000 1.000
v 22.0 -209.0 -25.0 1.000 1.000 1.000
v -8.0 17.0 -75.0 1.000 1.000 1.000
v 48.0 17.0 -76.0 1.000 1.000 1.000
v 163.0 -64.0 13.0 1.000 1.000 1.000
v -126.0 -86.0 -70.0 1.000 1.000 1.000
v -155.0 7.0 23.0 1.000 1.000 1.000
v -109.0 16.0 -70.0 1.000 1.000 1.000
v -8.0 17.0 -75.0 1.000 1.000 1.000
v 108.0 18.0 -73.0 1.000 1.000 1.000
v 128.0 -87.0 -70.0 1.000 1.000 1.000
v 48.0 17.0 -76.0 1.000 1.000 1.000
v -1.0 -193.0 -73.0 1.000 1.000 1.000
v -21.0 -208.0 -25.0 1.000 1.000 1.000
v -32.0 -205.0 -81.0 1.000 1.000 1.000
v 32.0 -204.0 -82.0 1.000 1.000 1.000
v 22.0 -209.0 -25.0 1.000 1.000 1.000
v 91.0 -135.0 106.0 1.000 1.000 1.000
v 163.0 -64.0 13.0 1.000 1.000 1.000
v 165.0 11.0 25.0 1.000 1.000 1.000
v -42.0 -188.0 118.0 1.000 1.000 1.000
v -1.0 -235.0 88.0 1.000 1.000 1.000
v 0.0 -188.0 124.0 1.000 1.000 1.000
v 41.0 -188.0 118.0 1.000 1.000 1.000
v -90.0 -137.0 107.0 1.000 1.000 1.000
v 1.0 -136.0 131.0 1.000 1.000 1.000
v 91.0 -135.0 106.0 1.000 1.000 1.000
v -82.0 -1.0 133.0 1.000 1.000 1.000
v -13.0 -3.0 143.0 1.000 1.000 1.000
v -155.0 7.0 23.0 1.000 1.000 1.000
v -157.0 -64.0 13.0 1.000 1.000 1.000
v 83.0 3.0 136.0 1.000 1.000 1.000
v 165.0 11.0 25.0 1.000 1.000 1.000
v -155.0 7.0 23.0 1.000 1.000 1.000
v -109.0 16.0 -70.0 1.000 1.000 1.000
v -8.0 17.0 -75.0 1.000 1.000 1.000
v 48.0 17.0 -76.0 1.000 1.000 1.000
v 108.0 18.0 -73.0 1.000 1.000 1.000
v 165.0 11.0 25.0 1.000 1.000 1.000
v 165.0 11.0 25.0 1.000 1.000 1.000
v 83.0 3.0 136.0 1.000 1.000 1.000
v -159.8220180273056 63.144371032714844 23.0 1.000 1.000 1.000
v -102.8220180273056 70.14437103271484 -70.0 1.000 1.000 1.000
v -32.8220180273056 72.14437103271484 -76.0 1.000 1.000 1.000
v -7.822018027305603 72.14437103271484 -74.0 1.000 1.000 1.000
v 53.1779819726944 72.14437103271484 -76.0 1.000 1.000 1.000
v 113.1779819726944 72.14437103271484 -73.0 1.000 1.000 1.000
v 170.1779819726944 66.14437103271484 25.0 1.000 1.000 1.000
v 170.1779819726944 66.14437103271484 25.0 1.000 1.000 1.000
v 83.0 3.0 136.0 1.000 1.000 1.000
v -13.0 -3.0 143.0 1.000 1.000 1.000
v -82.0 -1.0 133.0 1.000 1.000 1.000
v -155.0 7.0 23.0 1.000 1.000 1.000
v 170.1779819726944 66.14437103271484 25.0 1.000 1.000 1.000
v 89.1779819726944 58.144371032714844 136.0 1.000 1.000 1.000
v -10.822018027305603 53.144371032714844 143.0 1.000 1.000 1.000
v -81.8220180273056 55.144371032714844 133.0 1.000 1.000 1.000
v -159.8220180273056 63.144371032714844 23.0 1.000 1.000 1.000
v -172.0 -199.0 -76.0 1.000 1.000 1.000
v -157.0 72.0 -71.0 1.000 1.000 1.000
v 150.0 73.0 -71.0 1.000 1.000 1.000
v 166.0 -200.0 -76.0 1.000 1.000 1.000
v -146.0 77.0 145.0 1.000 1.000 1.000
v -155.0 -199.0 132.0 1.000 1.000 1.000
v 153.0 -198.0 132.0 1.000 1.000 1.000
v -157.0 72.0 -71.0 1.000 1.000 1.000
v -172.0 -199.0 -76.0 1.000 1.000 1.000
v 166.0 -200.0 -76.0 1.000 1.000 1.000
v 150.0 73.0 -71.0 1.000 1.000 1.000
v 153.0 -198.0 132.0 1.000 1.000 1.000
v 147.0 78.0 145.0 1.000 1.000 1.000
v 147.0 78.0 145.0 1.000 1.000 1.000
v 147.0 78.0 145.0 1.000 1.000 1.000
v -146.0 77.0 145.0 1.000 1.000 1.000
v 166.0 -200.0 -76.0 1.000 1.000 1.000
v 153.0 -198.0 132.0 1.000 1.000 1.000
v -155.0 -199.0 132.0 1.000 1.000 1.000
v -172.0 -199.0 -76.0 1.000 1.000 1.000
vt 0.9603 1.0000
vt 0.0156 0.9756
vt -0.0098 0.9756
vt 0.9974 1.0010
vt 0.0130 0.1846
vt 0.9004 0.5850
vt 0.2539 0.1738
vt 0.2741 0.1455
vt 0.0482 0.1729
vt 0.9961 0.6074
vt 0.6934 0.7448
vt 0.2402 0.7415
vt 0.0938 0.5547
vt 0.3682 0.7285
vt 0.3105 0.5729
vt 0.1406 0.5592
vt 0.1377 0.7324
vt 0.6592 0.7259
vt 0.8682 0.5651
vt 0.7285 0.5742
vt 0.5488 0.5579
vt 0.8623 0.7454
vt 0.7197 0.9948
vt 0.4717 0.9941
vt 0.4385 0.9915
vt 0.7422 0.9909
vt 0.1084 0.4564
vt 0.2832 0.4609
vt 0.5029 0.4622
vt 0.8594 0.4583
vt 0.5215 0.4486
vt 0.2705 0.4466
vt 0.8506 0.9941
vt 0.5234 0.4460
vt 0.5293 0.9928
vt 0.7637 0.9889
vt 0.6543 0.4401
vt 1.0664 0.4388
vt 0.1719 0.4382
vt 0.4639 0.9876
vt 0.9639 0.1888
vt 0.8438 0.1595
vt 0.8740 0.3542
vt 0.7793 0.3503
vt 0.7900 0.1536
vt 0.2783 0.0254
vt 0.1221 0.1647
vt 0.3838 0.3477
vt 0.4717 0.0781
vt 0.5479 0.3496
vt 0.0371 0.1641
vt 0.0879 0.0000
vt 0.7383 0.1367
vt 0.3242 0.0521
vt 0.0986 0.0514
vt 0.4854 0.0534
vt 0.9551 0.0560
vt 0.0208 1.0176
vt 0.0430 1.0176
vt 0.9733 1.0010
vt 1.0052 1.0000
vt 0.1947 0.2002
vt 0.0176 0.2285
vt 0.9010 0.6045
vt 0.2246 0.2852
vt 0.9948 0.6172
vt 0.0768 0.2148
vt 0.1797 0.5625
vt 0.3066 0.7474
vt 0.6553 0.7461
vt 0.0879 0.5677
vt 0.3418 0.5788
vt 0.4053 0.7337
vt 0.2070 0.7396
vt 0.7510 0.5749
vt 0.8926 0.5645
vt 0.6855 0.7272
vt 0.5752 0.5612
vt 0.8994 0.7422
vt 0.4854 0.9935
vt 0.5117 0.9961
vt 0.7676 0.9935
vt 0.8057 1.0026
vt 0.1201 0.4694
vt 0.3115 0.4668
vt 0.5244 0.4115
vt 0.8926 0.4570
vt 0.5439 0.4512
vt 0.2988 0.4525
vt 0.7920 0.9954
vt 0.6338 0.4460
vt 0.4863 0.9948
vt 0.1006 0.4362
vt 0.5039 0.4395
vt 0.5684 0.9902
vt 0.9746 0.4395
vt 0.8525 0.9902
vt 0.9033 0.3522
vt 0.8447 0.1569
vt 0.9512 0.1855
vt 0.2939 0.0293
vt 0.7861 0.1543
vt 0.7090 0.3503
vt 0.2256 0.1621
vt 0.1328 0.1667
vt 0.0469 0.1667
vt 0.5684 0.3216
vt 0.4824 0.0827
vt 0.1270 0.0065
vt 0.7324 0.1361
vt 0.9355 0.0508
vt 0.7139 0.0501
vt 0.5576 0.0508
vt 0.0986 0.0508
vt 0.5195 0.3345
vt 0.5186 0.3657
vt 0.7832 0.3564
vt 0.7490 0.2900
vt 0.4482 0.3677
vt 0.4502 0.3354
vt 0.1816 0.3691
vt 0.3193 0.2817
vt 0.2012 0.2905
vt 0.5479 0.5391
vt 0.4355 0.5391
vt 0.3809 0.5132
vt 0.6025 0.5142
vt 0.3613 0.4346
vt 0.2295 0.4238
vt 0.2666 0.6509
vt 0.6074 0.4126
vt 0.4600 0.5742
vt 0.7197 -0.0879
vt 0.5391 -0.0239
vt 0.7480 0.1069
vt 0.7334 0.4053
vt 0.4004 0.6309
vt 0.3154 0.6470
vt 0.1328 0.1411
vt 0.2412 0.1094
vt 0.3174 -0.0767
vt 0.5098 0.6279
vt 0.4785 0.6353
vt 0.4785 0.6475
vt 0.5898 0.7036
vt 0.6064 0.8242
vt 0.7070 0.6475
vt 0.3613 0.8232
vt 0.4688 0.8857
vt 0.6338 0.2832
vt 0.5986 0.6621
vt 0.6611 0.6523
vt 0.3525 0.8657
vt 0.5908 0.0557
vt 0.5312 0.0405
vt 0.7949 0.7080
vt 0.6475 0.8613
vt 0.3867 0.0732
vt 0.4883 0.5552
vt 0.6094 0.6362
vt 0.5176 0.5742
vt 0.4834 0.0537
vt 0.3887 0.6616
vt 0.3740 0.7036
vt 0.8525 0.1362
vt 0.1680 0.7046
vt 0.7910 -0.0806
vt 0.4463 0.6313
vt 0.7109 0.8384
vt 0.2998 0.8379
vt 0.3232 0.7354
vt -0.2002 0.0059
vt 0.2148 -0.0366
vt 0.0107 -0.0991
vt 0.1553 0.4048
vt 0.5068 0.3765
vt 0.4482 0.1914
vt 0.0078 0.4136
vt 0.1152 0.5381
vt 0.3242 0.1514
vt -0.1357 0.1494
vt 0.0078 0.4155
vt 0.0254 0.3174
vt 0.1299 0.3179
vt 0.1201 0.3354
vt -0.1729 0.6626
vt -0.2998 0.1782
vt -0.3438 0.3877
vt 0.0283 0.3403
vt 0.5439 0.6523
vt 0.5205 0.7627
vt 0.3867 0.6992
vt 0.3154 0.6299
vt 0.2432 0.5498
vt 0.5547 0.0059
vt 0.4482 0.7251
vt 0.2773 0.6343
vt -0.1230 0.6792
vt 0.7480 0.7759
vt 0.5830 0.7852
vt 0.3965 0.4297
vt 0.6738 0.4775
vt 0.4199 0.7109
vt 0.4014 0.5967
vt 0.4453 0.7900
vt 0.5186 0.8896
vt 0.2822 0.3994
vt 0.3066 0.5684
vt 0.5801 0.1465
vt 0.7080 0.2793
vt 0.4141 0.3340
vt 0.3350 0.3076
vt 0.4648 0.1455
vt 0.3076 0.0049
vt 0.6338 0.1006
vt 0.5049 0.1436
vt 0.2910 -0.1816
vt 0.6016 -0.0791
vt 0.0244 0.2900
vt 0.1758 -0.0156
vt 0.2812 0.4014
vt 0.0439 0.5967
vt 0.3271 0.3281
vt 0.4004 0.3486
vt 0.7559 0.0869
vt 0.4814 0.8350
vt 0.3896 0.7012
vt 0.0439 0.6348
vt 0.6865 0.9600
vt -0.1621 0.2646
vt 0.3184 0.0850
vt 0.1602 0.3184
vt 1.1533 -0.0869
vt 1.4160 0.4072
vt 1.6152 0.3027
vt -0.0068 0.0039
vt 0.0664 0.5068
vt 0.5186 0.0254
vt 0.5898 0.3682
vt 1.6055 0.8018
vt 0.9014 0.1562
vt 1.1797 0.2217
vt 0.5088 0.5723
vt 0.0537 0.9395
vt 0.9668 0.4951
vt 1.4834 0.0283
vt 1.7939 0.1582
vt 1.2607 0.6387
vt 0.9092 0.9609
vt 1.0850 0.1533
vt -0.1592 -0.0723
vt 1.6689 0.0244
vt 1.8496 0.6904
vt 0.8564 0.9922
vt 0.2725 0.9961
vt 0.2754 0.8457
vt 0.7178 0.8486
vt 0.8311 -0.0557
vt 0.1230 -0.0581
vt 0.4980 0.0415
vt -0.1465 0.0142
vt -0.0625 0.5767
vt 0.6396 0.8159
vt 0.6201 0.9619
vt 0.1309 0.5791
vt 0.2861 -0.0547
vt 0.8145 0.0791
vt 1.0205 0.1641
vt -0.0254 0.1719
vt 0.0752 0.9561
vt 0.9639 0.9482
vt 0.2002 0.9150
vt 0.8926 0.9248
vt 1.0293 -0.0029
vt 0.0791 -0.0107
vt 0.9785 0.6064
vt 0.9717 0.1973
vt 0.0244 0.2002
vt 0.0322 0.6133
vt 0.4883 1.0117
vt 0.4561 0.6416
vt 0.1162 0.5020
vt 0.7090 0.5371
vt 0.9023 0.6709
vt 0.6973 0.8018
vt 0.8682 0.4912
vt 0.1133 0.6865
vt 0.1572 0.5430
vt 0.2324 0.8066
vt 1.0029 0.0117
vt 0.0576 0.7822
vt -0.0127 0.1553
vt 0.8457 0.8857
vt 0.1045 0.4092
vt 0.7549 0.9375
vt 0.1729 1.0029
vt 0.6680 0.2275
vt 0.2305 0.9844
vt 0.7725 0.1162
vt 0.1094 0.4092
vt 0.6533 0.9150
vt 0.2549 0.0879
vt 0.9775 0.9736
vt 0.8691 0.0195
vt 0.1289 0.9131
vt 0.9951 0.2090
vt 0.2412 1.2441
vt -0.0039 0.1875
vt 0.8506 1.1270
vt 0.7695 0.9772
vt 0.4854 0.6530
vt 0.9326 0.6576
vt 0.2939 0.9707
vt 0.5439 0.6569
vt 0.0400 0.6517
vt 0.6660 0.9785
vt 0.9717 0.6576
vt 0.1660 0.9714
vt 0.0635 0.6510
vt 0.8428 0.5228
vt 0.5605 0.5234
vt 0.1250 0.5189
vt 0.1836 0.5182
vt 0.5010 0.5195
vt 0.8154 0.5228
vt 0.9502 0.5352
vt 0.1084 0.5332
vt 0.8330 0.9688
vt 0.7773 0.9681
vt 0.9736 0.5352
vt 0.3047 0.9661
vt 0.0039 0.5319
vt 0.4414 0.9674
vt 0.2139 0.3861
vt 0.0625 0.2871
vt 0.0977 0.2715
vt 0.5635 0.1439
vt 0.4980 0.3906
vt 0.5742 0.3496
vt 0.7920 0.0638
vt 0.5107 0.1204
vt 0.0986 0.3854
vt 0.9580 0.3464
vt 0.9902 0.3294
vt 0.0078 0.2682
vt -0.0068 0.2891
vt 0.0771 0.0404
vt 0.0703 0.0091
vt 0.0752 0.0749
vt 0.1729 0.1400
vt 0.9570 0.0482
vt 0.9814 0.0085
vt 0.0615 0.1322
vt 0.0166 0.3105
vt 0.1104 0.9043
vt 1.0117 0.0967
vt 0.9121 0.9600
vt 0.2178 0.9893
vt 0.7568 0.9775
vt 0.2578 0.3643
vt 0.7627 0.2295
vt 0.2705 0.3691
vt 0.7842 0.0830
vt 0.3145 1.0059
vt 0.6377 0.9668
vt 0.7158 0.0264
vt 1.0039 0.9844
vt 0.1113 0.1035
vt 0.1055 0.9072
vt 0.0400 0.2295
vt 0.2158 1.3574
vt 0.9512 0.1777
vt 0.7773 1.1875
vt 0.9395 0.6309
vt 0.4814 0.6328
vt 0.7461 0.9668
vt 0.0615 0.6380
vt 0.5420 0.6361
vt 0.2832 0.9668
vt 0.6631 0.9694
vt 0.9795 0.6309
vt 0.1553 0.9694
vt 0.0039 0.6374
vt 0.1562 0.5091
vt 0.5566 0.5143
vt 0.8457 0.5104
vt 0.8184 0.5104
vt 0.4961 0.5111
vt 0.0996 0.5150
vt 0.7197 0.9655
vt 0.1768 0.5339
vt 0.8350 0.5312
vt 0.8525 0.5312
vt 0.6768 0.9648
vt 0.0947 0.5326
vt 0.3066 0.9648
vt 0.4141 0.9655
vt 0.0850 0.2682
vt 0.0498 0.2839
vt 0.2021 0.3815
vt 0.4932 0.3815
vt 0.5625 0.1335
vt 0.5098 0.1107
vt 0.7969 0.0501
vt 0.5713 0.3398
vt 0.0840 0.3822
vt 0.9648 0.3431
vt 0.9961 0.3255
vt 0.0391 0.2643
vt 0.0352 0.2819
vt 0.0801 0.0365
vt 0.0879 -0.0007
vt 0.0713 0.0690
vt 0.8916 0.0449
vt 0.9121 0.0052
vt 0.2754 0.1432
vt 0.1895 0.1361
vt 0.7734 0.4212
vt 0.7393 0.6680
vt 0.8672 0.6706
vt 0.3291 0.4180
vt 0.7246 0.3236
vt 1.0381 0.4850
vt 1.0439 0.3034
vt 0.5732 0.6667
vt 0.0654 0.2969
vt 0.3721 0.3203
vt 0.4092 0.6654
vt 0.6426 0.2253
vt 0.4971 0.2253
vt 0.2920 0.6647
vt 0.9609 0.6758
vt 0.0771 0.4753
vt 0.1689 0.6712
vt 0.9531 0.1797
vt 0.6035 0.0924
vt 0.7129 0.1797
vt 0.5430 0.1270
vt 0.9512 0.2389
vt 0.4824 0.3978
vt 0.8340 0.4141
vt 0.1279 0.4199
vt 0.1250 0.6576
vt 0.3086 0.6413
vt 0.2666 0.1849
vt 0.4805 0.1829
vt 0.4053 0.1263
vt 0.0332 0.1921
vt 0.3701 0.0938
vt 0.4883 0.6426
vt 0.0303 0.2188
vt 0.6777 0.6380
vt 0.9521 0.2116
vt 0.9482 0.4062
vt 0.9482 0.4219
vt 0.0303 0.2480
vt 0.0410 0.4147
vt 0.0449 0.4329
vt 0.8701 0.6523
vt 0.9580 0.7220
vt 0.8232 0.7116
vt 0.6602 0.7083
vt 0.6006 0.7083
vt 0.4590 0.7064
vt 0.3184 0.7057
vt 0.1846 0.7122
vt 0.8574 0.7012
vt 0.6787 0.7135
vt 0.4580 0.7227
vt 0.3008 0.7220
vt 0.1299 0.7122
vt -0.0430 0.2435
vt 0.1445 0.6725
vt 0.8770 0.6764
vt 1.0547 0.2500
vt 0.9580 0.1517
vt -0.0449 0.1289
vt 0.0068 0.1810
vt 0.1455 0.6784
vt 0.8164 0.6608
vt 1.0107 0.0983
vt 0.1201 0.6855
vt 0.8242 0.6660
vt 0.9492 0.7910
vt 0.8867 0.9062
vt 0.9600 0.8802
vt 0.3340 0.7734
vt 0.2002 0.7812
vt 0.2939 0.9030
vt 0.6025 1.0365
vt 0.6035 1.0898
vt 0.6484 1.0566
vt 0.5957 0.8984
vt 0.5254 1.0501
vt 0.6748 1.0534
vt 0.5488 1.0566
vt 0.6055 0.7767
vt 0.4736 0.7747
vt 0.2090 0.8743
vt 0.8428 0.7799
vt 0.6826 0.9967
vt 0.8418 0.8913
vt 0.8457 0.7819
vt 0.3877 1.0775
vt 0.4795 1.1458
vt 0.4805 1.0768
vt 0.5723 1.0755
vt 0.2832 1.0039
vt 0.4834 1.0007
vt 0.3018 0.8034
vt 0.4521 0.8047
vt 0.1406 0.7936
vt 0.1348 0.8984
vt 0.6641 0.7949
vt 0.9551 0.9792
vt 0.8770 0.6771
vt 0.1445 0.6732
vt 0.0596 0.9766
vt 0.0830 1.0833
vt 0.8672 1.0625
vt 0.1201 0.6868
vt 0.0400 1.0846
vt 0.9004 1.0645
vt 0.8242 0.6667
vn 0.773 0.629 0.086
vn 0.577 0.577 0.577
vn 0.577 0.577 0.577
vn 0.430 -0.880 0.202
vn 0.577 0.577 0.577
vn -0.758 0.621 0.200
vn 0.577 0.577 0.577
vn 0.577 0.577 0.577
vn 0.577 0.577 0.577
vn -0.577 -0.577 -0.577
vn 0.577 0.577 0.577
vn 0.577 0.577 0.577
vn -0.577 -0.577 -0.577
vn 0.577 0.577 0.577
vn -0.577 -0.577 -0.577
vn -0.577 -0.577 -0.577
vn 0.577 0.577 0.577
vn 0.577 0.577 0.577
vn 0.577 0.577 0.577
vn -0.577 -0.577 -0.577
vn -0.577 -0.577 -0.577
vn 0.577 0.577 0.577
vn 0.577 0.577 0.577
vn 0.577 0.577 0.577
vn 0.577 0.577 0.577
vn 0.577 0.577 0.577
vn 0.577 0.577 0.577
vn 0.577 0.577 0.577
vn 0.577 0.577 0.577
vn 0.577 0.577 0.577
vn 0.577 0.577 0.577
vn 0.577 0.577 0.577
vn -0.577 -0.577 -0.577
vn -0.577 -0.577 -0.577
vn -0.577 -0.577 -0.577
vn 0.577 0.577 0.577
vn -0.577 -0.577 -0.577
vn -0.577 -0.577 -0.577
vn -0.577 -0.577 -0.577
vn -0.577 -0.577 -0.577
vn -0.577 -0.577 -0.577
vn -0.577 -0.577 -0.577
vn 0.577 0.577 0.577
vn -0.577 -0.577 -0.577
vn -0.577 -0.577 -0.577
vn -0.577 -0.577 -0.577
vn -0.577 -0.577 -0.577
vn -0.577 -0.577 -0.577
vn 0.577 0.577 0.577
vn 0.577 0.577 0.577
vn -0.577 -0.577 -0.577
vn -0.577 -0.577 -0.577
vn -0.577 -0.577 -0.577
vn -0.577 -0.577 -0.577
vn 0.577 0.577 0.577
vn 0.577 0.577 0.577
vn 0.577 0.577 0.577
vn -0.577 -0.577 -0.577
vn -0.577 -0.577 -0.577
vn 0.577 0.577 0.577
vn 0.577 0.577 0.577
vn 0.577 0.577 0.577
vn 0.577 0.577 0.577
vn -0.577 -0.577 -0.577
vn -0.577 -0.577 -0.577
vn -0.577 -0.577 -0.577
vn 0.577 0.577 0.577
vn -0.577 -0.577 -0.577
vn -0.577 -0.577 -0.577
vn 0.577 0.577 0.577
vn 0.577 0.577 0.577
vn -0.577 -0.577 -0.577
vn 0.577 0.577 0.577
vn -0.577 -0.577 -0.577
vn -0.577 -0.577 -0.577
vn -0.577 -0.577 -0.577
vn 0.577 0.577 0.577
vn -0.577 -0.577 -0.577
vn -0.577 -0.577 -0.577
vn -0.577 -0.577 -0.577
vn -0.577 -0.577 -0.577
vn -0.577 -0.577 -0.577
vn -0.577 -0.577 -0.577
vn -0.577 -0.577 -0.577
vn 0.577 0.577 0.577
vn 0.577 0.577 0.577
vn 0.577 0.577 0.577
vn -0.577 -0.577 -0.577
vn -0.577 -0.577 -0.577
vn -0.577 -0.577 -0.577
vn -0.577 -0.577 -0.577
vn -0.577 -0.577 -0.577
vn -0.577 -0.577 -0.577
vn 0.577 0.577 0.577
vn 0.577 0.577 0.577
vn -0.764 0.641 0.079
vn -0.532 -0.812 0.240
vn 0.577 0.577 0.577
vn 0.577 0.577 0.577
vn 0.841 0.462 0.281
vn 0.577 0.577 0.577
vn -0.577 -0.577 -0.577
vn 0.577 0.577 0.577
vn -0.577 -0.577 -0.577
vn 0.577 0.577 0.577
vn 0.577 0.577 0.577
vn -0.577 -0.577 -0.577
vn -0.577 -0.577 -0.577
vn 0.577 0.577 0.577
vn 0.577 0.577 0.577
vn -0.577 -0.577 -0.577
vn 0.577 0.577 0.577
vn 0.577 0.577 0.577
vn -0.577 -0.577 -0.577
vn 0.577 0.577 0.577
vn 0.577 0.577 0.577
vn 0.577 0.577 0.577
vn 0.577 0.577 0.577
vn 0.577 0.577 0.577
vn 0.577 0.577 0.577
vn 0.577 0.577 0.577
vn 0.577 0.577 0.577
vn 0.577 0.577 0.577
vn 0.577 0.577 0.577
vn 0.577 0.577 0.577
vn -0.577 -0.577 -0.577
vn -0.577 -0.577 -0.577
vn -0.577 -0.577 -0.577
vn 0.577 0.577 0.577
vn -0.577 -0.577 -0.577
vn -0.577 -0.577 -0.577
vn -0.577 -0.577 -0.577
vn -0.577 -0.577 -0.577
vn -0.577 -0.577 -0.577
vn -0.577 -0.577 -0.577
vn 0.577 0.577 0.577
vn -0.577 -0.577 -0.577
vn -0.577 -0.577 -0.577
vn -0.577 -0.577 -0.577
vn -0.577 -0.577 -0.577
vn 0.577 0.577 0.577
vn 0.577 0.577 0.577
vn -0.577 -0.577 -0.577
vn -0.577 -0.577 -0.577
vn -0.577 -0.577 -0.577
vn -0.577 -0.577 -0.577
vn -0.577 -0.577 -0.577
vn 0.577 0.577 0.577
vn 0.577 0.577 0.577
vn -0.577 -0.577 -0.577
vn 0.577 0.577 0.577
vn -0.577 -0.577 -0.577
vn 0.577 0.577 0.577
vn 0.577 0.577 0.577
vn 0.577 0.577 0.577
vn -0.577 -0.577 -0.577
vn -0.577 -0.577 -0.577
vn -0.577 -0.577 -0.577
vn 0.577 0.577 0.577
vn -0.577 -0.577 -0.577
vn -0.577 -0.577 -0.577
vn -0.577 -0.577 -0.577
vn -0.577 -0.577 -0.577
vn 0.577 0.577 0.577
vn -0.577 -0.577 -0.577
vn 0.577 0.577 0.577
vn -0.577 -0.577 -0.577
vn -0.577 -0.577 -0.577
vn -0.577 -0.577 -0.577
vn 0.577 0.577 0.577
vn -0.577 -0.577 -0.577
vn -0.577 -0.577 -0.577
vn -0.577 -0.577 -0.577
vn -0.577 -0.577 -0.577
vn -0.577 -0.577 -0.577
vn -0.577 -0.577 -0.577
vn -0.577 -0.577 -0.577
vn 0.577 0.577 0.577
vn 0.577 0.577 0.577
vn 0.577 0.577 0.577
vn -0.577 -0.577 -0.577
vn -0.577 -0.577 -0.577
vn -0.577 -0.577 -0.577
vn -0.577 -0.577 -0.577
vn -0.577 -0.577 -0.577
vn -0.577 -0.577 -0.577
vn -0.577 -0.577 -0.577
vn -0.577 -0.577 -0.577
vn -0.577 -0.577 -0.577
vn -0.577 -0.577 -0.577
vn -0.577 -0.577 -0.577
vn -0.577 -0.577 -0.577
vn -0.577 -0.577 -0.577
vn -0.577 -0.577 -0.577
vn -0.577 -0.577 -0.577
vn -0.577 -0.577 -0.577
vn -0.577 -0.577 -0.577
vn -0.577 -0.577 -0.577
vn -0.577 -0.577 -0.577
vn -0.577 -0.577 -0.577
vn -0.577 -0.577 -0.577
vn -0.577 -0.577 -0.577
vn -0.577 -0.577 -0.577
vn -0.577 -0.577 -0.577
vn -0.577 -0.577 -0.577
vn -0.577 -0.577 -0.577
vn -0.577 -0.577 -0.577
vn -0.577 -0.577 -0.577
vn -0.577 -0.577 -0.577
vn -0.577 -0.577 -0.577
vn -0.577 -0.577 -0.577
vn -0.577 -0.577 -0.577
vn -0.577 -0.577 -0.577
vn -0.577 -0.577 -0.577
vn -0.577 -0.577 -0.577
vn -0.577 -0.577 -0.577
vn -0.577 -0.577 -0.577
vn -0.577 -0.577 -0.577
vn -0.577 -0.577 -0.577
vn -0.577 -0.577 -0.577
vn -0.577 -0.577 -0.577
vn -0.577 -0.577 -0.577
vn -0.577 -0.577 -0.577
vn -0.577 -0.577 -0.577
vn -0.577 -0.577 -0.577
vn -0.577 -0.577 -0.577
vn -0.577 -0.577 -0.577
vn -0.577 -0.577 -0.577
vn -0.577 -0.577 -0.577
vn -0.577 -0.577 -0.577
vn -0.577 -0.577 -0.577
vn -0.577 -0.577 -0.577
vn -0.577 -0.577 -0.577
vn -0.577 -0.577 -0.577
vn -0.577 -0.577 -0.577
vn -0.577 -0.577 -0.577
vn -0.577 -0.577 -0.577
vn -0.577 -0.577 -0.577
vn -0.577 -0.577 -0.577
vn -0.577 -0.577 -0.577
vn -0.577 -0.577 -0.577
vn -0.577 -0.577 -0.577
vn -0.577 -0.577 -0.577
vn -0.577 -0.577 -0.577
vn -0.577 -0.577 -0.577
vn -0.577 -0.577 -0.577
vn -0.577 -0.577 -0.577
vn -0.577 -0.577 -0.577
vn -0.577 -0.577 -0.577
vn -0.577 -0.577 -0.577
vn -0.577 -0.577 -0.577
vn -0.577 -0.577 -0.577
vn -0.577 -0.577 -0.577
vn -0.577 -0.577 -0.577
vn -0.577 -0.577 -0.577
vn -0.577 -0.577 -0.577
vn -0.577 -0.577 -0.577
vn -0.577 -0.577 -0.577
vn -0.577 -0.577 -0.577
vn -0.577 -0.577 -0.577
vn -0.577 -0.577 -0.577
vn -0.577 -0.577 -0.577
vn -0.577 -0.577 -0.577
vn -0.577 -0.577 -0.577
vn -0.577 -0.577 -0.577
vn -0.577 -0.577 -0.577
vn -0.577 -0.577 -0.577
vn -0.577 -0.577 -0.577
vn -0.577 -0.577 -0.577
vn -0.577 -0.577 -0.577
vn -0.577 -0.577 -0.577
vn -0.577 -0.577 -0.577
vn -0.577 -0.577 -0.577
vn -0.577 -0.577 -0.577
vn -0.577 -0.577 -0.577
vn -0.577 -0.577 -0.577
vn -0.577 -0.577 -0.577
vn -0.577 -0.577 -0.577
vn -0.577 -0.577 -0.577
vn -0.577 -0.577 -0.577
vn -0.577 -0.577 -0.577
vn -0.577 -0.577 -0.577
vn -0.577 -0.577 -0.577
vn -0.577 -0.577 -0.577
vn -0.577 -0.577 -0.577
vn -0.577 -0.577 -0.577
vn -0.577 -0.577 -0.577
vn -0.577 -0.577 -0.577
vn -0.577 -0.577 -0.577
vn -0.577 -0.577 -0.577
vn -0.577 -0.577 -0.577
vn -0.577 -0.577 -0.577
vn -0.577 -0.577 -0.577
vn -0.577 -0.577 -0.577
vn -0.577 -0.577 -0.577
vn -0.577 -0.577 -0.577
vn -0.577 -0.577 -0.577
vn -0.577 -0.577 -0.577
vn -0.577 -0.577 -0.577
vn -0.577 -0.577 -0.577
vn -0.577 -0.577 -0.577
vn -0.577 -0.577 -0.577
vn -0.577 -0.577 -0.577
vn -0.577 -0.577 -0.577
vn -0.577 -0.577 -0.577
vn -0.577 -0.577 -0.577
vn -0.577 -0.577 -0.577
vn -0.577 -0.577 -0.577
vn -0.577 -0.577 -0.577
vn -0.577 -0.577 -0.577
vn -0.577 -0.577 -0.577
vn -0.577 -0.577 -0.577
vn -0.577 -0.577 -0.577
vn -0.577 -0.577 -0.577
vn -0.577 -0.577 -0.577
vn -0.577 -0.577 -0.577
vn -0.577 -0.577 -0.577
vn -0.577 -0.577 -0.577
vn -0.577 -0.577 -0.577
vn -0.577 -0.577 -0.577
vn -0.577 -0.577 -0.577
vn -0.577 -0.577 -0.577
vn -0.577 -0.577 -0.577
vn -0.577 -0.577 -0.577
vn -0.577 -0.577 -0.577
vn -0.577 -0.577 -0.577
vn -0.577 -0.577 -0.577
vn -0.577 -0.577 -0.577
vn -0.577 -0.577 -0.577
vn -0.577 -0.577 -0.577
vn -0.577 -0.577 -0.577
vn -0.577 -0.577 -0.577
vn -0.577 -0.577 -0.577
vn -0.577 -0.577 -0.577
vn -0.577 -0.577 -0.577
vn -0.577 -0.577 -0.577
vn -0.577 -0.577 -0.577
vn -0.577 -0.577 -0.577
vn -0.577 -0.577 -0.577
vn -0.577 -0.577 -0.577
vn -0.577 -0.577 -0.577
vn -0.577 -0.577 -0.577
vn -0.577 -0.577 -0.577
vn -0.577 -0.577 -0.577
vn -0.577 -0.577 -0.577
vn -0.577 -0.577 -0.577
vn -0.577 -0.577 -0.577
vn -0.577 -0.577 -0.577
vn -0.577 -0.577 -0.577
vn -0.577 -0.577 -0.577
vn -0.577 -0.577 -0.577
vn -0.577 -0.577 -0.577
vn -0.577 -0.577 -0.577
vn -0.577 -0.577 -0.577
vn -0.577 -0.577 -0.577
vn -0.577 -0.577 -0.577
vn -0.577 -0.577 -0.577
vn -0.577 -0.577 -0.577
vn -0.577 -0.577 -0.577
vn -0.577 -0.577 -0.577
vn -0.577 -0.577 -0.577
vn -0.577 -0.577 -0.577
vn -0.577 -0.577 -0.577
vn -0.577 -0.577 -0.577
vn -0.577 -0.577 -0.577
vn -0.577 -0.577 -0.577
vn -0.577 -0.577 -0.577
vn -0.577 -0.577 -0.577
vn -0.577 -0.577 -0.577
vn -0.577 -0.577 -0.577
vn -0.577 -0.577 -0.577
vn -0.577 -0.577 -0.577
vn -0.577 -0.577 -0.577
vn -0.577 -0.577 -0.577
vn -0.577 -0.577 -0.577
vn -0.577 -0.577 -0.577
vn -0.577 -0.577 -0.577
vn -0.577 -0.577 -0.577
vn -0.577 -0.577 -0.577
vn -0.577 -0.577 -0.577
vn -0.577 -0.577 -0.577
vn -0.577 -0.577 -0.577
vn -0.577 -0.577 -0.577
vn -0.577 -0.577 -0.577
vn -0.577 -0.577 -0.577
vn -0.577 -0.577 -0.577
vn -0.577 -0.577 -0.577
vn -0.577 -0.577 -0.577
vn -0.577 -0.577 -0.577
vn -0.577 -0.577 -0.577
vn -0.577 -0.577 -0.577
vn -0.577 -0.577 -0.577
vn -0.577 -0.577 -0.577
vn -0.577 -0.577 -0.577
vn -0.577 -0.577 -0.577
vn -0.577 -0.577 -0.577
vn -0.577 -0.577 -0.577
vn -0.577 -0.577 -0.577
vn -0.577 -0.577 -0.577
vn -0.577 -0.577 -0.577
vn -0.577 -0.577 -0.577
vn -0.577 -0.577 -0.577
vn -0.577 -0.577 -0.577
vn -0.577 -0.577 -0.577
vn -0.577 -0.577 -0.577
vn -0.577 -0.577 -0.577
vn -0.577 -0.577 -0.577
vn -0.577 -0.577 -0.577
vn -0.577 -0.577 -0.577
vn -0.577 -0.577 -0.577
vn -0.577 -0.577 -0.577
vn -0.577 -0.577 -0.577
vn -0.577 -0.577 -0.577
vn -0.577 -0.577 -0.577
vn -0.577 -0.577 -0.577
vn -0.577 -0.577 -0.577
vn -0.577 -0.577 -0.577
vn -0.577 -0.577 -0.577
vn -0.577 -0.577 -0.577
vn -0.577 -0.577 -0.577
vn -0.577 -0.577 -0.577
vn -0.577 -0.577 -0.577
vn -0.577 -0.577 -0.577
vn -0.577 -0.577 -0.577
vn -0.577 -0.577 -0.577
vn -0.577 -0.577 -0.577
vn -0.577 -0.577 -0.577
vn -0.577 -0.577 -0.577
vn -0.577 -0.577 -0.577
vn -0.577 -0.577 -0.577
vn -0.577 -0.577 -0.577
vn -0.577 -0.577 -0.577
vn -0.577 -0.577 -0.577
vn -0.577 -0.577 -0.577
vn -0.577 -0.577 -0.577
vn -0.577 -0.577 -0.577
vn -0.577 -0.577 -0.577
vn -0.577 -0.577 -0.577
vn -0.577 -0.577 -0.577
vn -0.577 -0.577 -0.577
vn -0.577 -0.577 -0.577
vn -0.577 -0.577 -0.577
vn -0.577 -0.577 -0.577
vn -0.577 -0.577 -0.577
vn -0.577 -0.577 -0.577
vn -0.577 -0.577 -0.577
vn -0.577 -0.577 -0.577
vn -0.577 -0.577 -0.577
vn -0.577 -0.577 -0.577
vn -0.577 -0.577 -0.577
vn -0.577 -0.577 -0.577
vn -0.577 -0.577 -0.577
vn -0.577 -0.577 -0.577
vn -0.577 -0.577 -0.577
vn -0.577 -0.577 -0.577
vn -0.577 -0.577 -0.577
vn -0.577 -0.577 -0.577
vn -0.577 -0.577 -0.577
vn -0.577 -0.577 -0.577
vn -0.577 -0.577 -0.577
vn -0.577 -0.577 -0.577
vn -0.577 -0.577 -0.577
vn -0.577 -0.577 -0.577
vn -0.577 -0.577 -0.577
vn -0.577 -0.577 -0.577
vn -0.577 -0.577 -0.577
vn -0.577 -0.577 -0.577
vn -0.577 -0.577 -0.577
vn -0.577 -0.577 -0.577
vn -0.577 -0.577 -0.577
vn -0.577 -0.577 -0.577
vn -0.577 -0.577 -0.577
vn -0.577 -0.577 -0.577
vn -0.577 -0.577 -0.577
vn -0.577 -0.577 -0.577
vn -0.577 -0.577 -0.577
vn -0.577 -0.577 -0.577
vn -0.577 -0.577 -0.577
vn -0.577 -0.577 -0.577
vn -0.577 -0.577 -0.577
vn -0.577 -0.577 -0.577
vn -0.577 -0.577 -0.577
vn -0.577 -0.577 -0.577
vn -0.577 -0.577 -0.577
vn -0.577 -0.577 -0.577
vn -0.577 -0.577 -0.577
vn -0.577 -0.577 -0.577
vn -0.577 -0.577 -0.577
vn -0.577 -0.577 -0.577
vn -0.577 -0.577 -0.577
vn -0.577 -0.577 -0.577
vn -0.577 -0.577 -0.577
vn -0.577 -0.577 -0.577
vn -0.577 -0.577 -0.577
vn -0.577 -0.577 -0.577
vn -0.577 -0.577 -0.577
vn -0.577 -0.577 -0.577
vn -0.577 -0.577 -0.577
vn -0.577 -0.577 -0.577
vn -0.577 -0.577 -0.577
vn -0.577 -0.577 -0.577
vn -0.577 -0.577 -0.577
vn -0.577 -0.577 -0.577
vn -0.577 -0.577 -0.577
vn -0.577 -0.577 -0.577
vn -0.577 -0.577 -0.577
vn -0.577 -0.577 -0.577
vn -0.577 -0.577 -0.577
vn -0.577 -0.577 -0.577
vn -0.577 -0.577 -0.577
vn -0.577 -0.577 -0.577
vn -0.577 -0.577 -0.577
vn -0.577 -0.577 -0.577
vn -0.577 -0.577 -0.577
vn -0.577 -0.577 -0.577
vn -0.577 -0.577 -0.577
vn -0.577 -0.577 -0.577
vn -0.577 -0.577 -0.577
vn -0.577 -0.577 -0.577
vn -0.577 -0.577 -0.577
vn -0.577 -0.577 -0.577
vn -0.577 -0.577 -0.577
vn -0.577 -0.577 -0.577
vn -0.577 -0.577 -0.577
vn -0.577 -0.577 -0.577
vn -0.577 -0.577 -0.577
vn -0.577 -0.577 -0.577
vn -0.577 -0.577 -0.577
vn -0.577 -0.577 -0.577
vn -0.577 -0.577 -0.577
vn -0.577 -0.577 -0.577
vn -0.577 -0.577 -0.577
vn -0.577 -0.577 -0.577
vn -0.577 -0.577 -0.577
vn -0.577 -0.577 -0.577
vn -0.577 -0.577 -0.577
vn -0.577 -0.577 -0.577
vn -0.577 -0.577 -0.577
vn -0.577 -0.577 -0.577
vn -0.577 -0.577 -0.577
vn -0.577 -0.577 -0.577
vn -0.577 -0.577 -0.577
vn -0.577 -0.577 -0.577
vn -0.577 -0.577 -0.577
vn -0.577 -0.577 -0.577
vn -0.577 -0.577 -0.577
vn -0.577 -0.577 -0.577
vn -0.577 -0.577 -0.577
vn -0.577 -0.577 -0.577
vn -0.577 -0.577 -0.577
vn -0.577 -0.577 -0.577
vn -0.577 -0.577 -0.577
vn -0.577 -0.577 -0.577
vn -0.577 -0.577 -0.577
vn -0.577 -0.577 -0.577
vn -0.577 -0.577 -0.577
vn -0.577 -0.577 -0.577
vn -0.577 -0.577 -0.577
vn -0.577 -0.577 -0.577
vn -0.577 -0.577 -0.577
vn -0.577 -0.577 -0.577
vn -0.577 -0.577 -0.577
vn -0.577 -0.577 -0.577
vn -0.577 -0.577 -0.577
vn -0.577 -0.577 -0.577
vn -0.577 -0.577 -0.577
vn -0.577 -0.577 -0.577
vn -0.577 -0.577 -0.577
vn -0.577 -0.577 -0.577
vn -0.577 -0.577 -0.577
vn -0.577 -0.577 -0.577
vn -0.577 -0.577 -0.577
vn -0.577 -0.577 -0.577
vn -0.577 -0.577 -0.577
vn -0.577 -0.577 -0.577
vn -0.577 -0.577 -0.577
vn -0.577 -0.577 -0.577
vn -0.577 -0.577 -0.577
vn -0.577 -0.577 -0.577
vn -0.577 -0.577 -0.577
vn -0.577 -0.577 -0.577
vn -0.577 -0.577 -0.577
vn -0.577 -0.577 -0.577
vn -0.577 -0.577 -0.577
vn -0.577 -0.577 -0.577
vn -0.577 -0.577 -0.577
vn -0.577 -0.577 -0.577
vn -0.577 -0.577 -0.577
vn -0.577 -0.577 -0.577
vn -0.577 -0.577 -0.577
vn -0.577 -0.577 -0.577
vn -0.577 -0.577 -0.577
vn -0.577 -0.577 -0.577
vn -0.577 -0.577 -0.577
vn -0.577 -0.577 -0.577
vn -0.577 -0.577 -0.577
vn -0.577 -0.577 -0.577
vn -0.577 -0.577 -0.577
vn -0.577 -0.577 -0.577
vn -0.577 -0.577 -0.577
vn -0.577 -0.577 -0.577
vn -0.577 -0.577 -0.577
vn -0.577 -0.577 -0.577
vn -0.577 -0.577 -0.577
vn -0.577 -0.577 -0.577
vn -0.577 -0.577 -0.577
vn -0.577 -0.577 -0.577
vn -0.577 -0.577 -0.577
vn -0.577 -0.577 -0.577
vn -0.577 -0.577 -0.577
vn -0.577 -0.577 -0.577
vn -0.577 -0.577 -0.577
vn -0.577 -0.577 -0.577
vn -0.577 -0.577 -0.577
vn -0.577 -0.577 -0.577
vn -0.577 -0.577 -0.577
vn -0.577 -0.577 -0.577
vn -0.577 -0.577 -0.577
vn 0.577 0.577 0.577
vn -0.577 -0.577 -0.577
vn -0.577 -0.577 -0.577
vn -0.577 -0.577 -0.577
vn -0.577 -0.577 -0.577
vn -0.577 -0.577 -0.577
vn -0.577 -0.577 -0.577
vn -0.577 -0.577 -0.577
vn -0.577 -0.577 -0.577
vn -0.577 -0.577 -0.577
vn -0.577 -0.577 -0.577
vn -0.577 -0.577 -0.577
vn -0.577 -0.577 -0.577
vn -0.577 -0.577 -0.577
vn -0.577 -0.577 -0.577
vn -0.577 -0.577 -0.577
vn -0.577 -0.577 -0.577
vn -0.577 -0.577 -0.577
vn -0.577 -0.577 -0.577
vn -0.577 -0.577 -0.577
vn -0.577 -0.577 -0.577
vn -0.577 -0.577 -0.577
vn -0.577 -0.577 -0.577
vn -0.577 -0.577 -0.577
vn -0.577 -0.577 -0.577
vn -0.577 -0.577 -0.577
vn -0.577 -0.577 -0.577
vn -0.577 -0.577 -0.577
vn -0.577 -0.577 -0.577
vn -0.577 -0.577 -0.577
vn -0.577 -0.577 -0.577
vn -0.577 -0.577 -0.577
vn -0.577 -0.577 -0.577
vn -0.577 -0.577 -0.577
vn -0.577 -0.577 -0.577
vn -0.577 -0.577 -0.577
vn 0.577 0.577 0.577
vn 0.577 0.577 0.577
vn 0.577 0.577 0.577
vn 0.577 0.577 0.577
vn -0.577 -0.577 -0.577
vn -0.577 -0.577 -0.577
vn 0.577 0.577 0.577
vn 0.577 0.577 0.577
vn -0.577 -0.577 -0.577
vn -0.577 -0.577 -0.577
vn -0.577 -0.577 -0.577
vn -0.577 -0.577 -0.577
vn -0.577 -0.577 -0.577
vn -0.577 -0.577 -0.577
vn -0.577 -0.577 -0.577
vn -0.577 -0.577 -0.577
vn -0.577 -0.577 -0.577
vn -0.577 -0.577 -0.577
vn 0.577 0.577 0.577
vn 0.577 0.577 0.577
vn -0.577 -0.577 -0.577
vn 0.577 0.577 0.577
vn -0.577 -0.577 -0.577
vn 0.577 0.577 0.577
vn 0.577 0.577 0.577
vn 0.577 0.577 0.577
vn 0.577 0.577 0.577
vn -0.577 -0.577 -0.577
vn -0.577 -0.577 -0.577
vn -0.577 -0.577 -0.577
vn -0.577 -0.577 -0.577
vn -0.577 -0.577 -0.577
vn 0.577 0.577 0.577
vn -0.577 -0.577 -0.577
vn -0.577 -0.577 -0.577
vn 0.577 0.577 0.577
vn 0.577 0.577 0.577
vn -0.577 -0.577 -0.577
vn -0.577 -0.577 -0.577
vn -0.577 -0.577 -0.577
vn 0.577 0.577 0.577
vn 0.577 0.577 0.577
vn -0.577 -0.577 -0.577
vn -0.577 -0.577 -0.577
vn -0.577 -0.577 -0.577
vn -0.577 -0.577 -0.577
vn -0.577 -0.577 -0.577
vn 0.577 0.577 0.577
vn 0.577 0.577 0.577
vn -0.577 -0.577 -0.577
vn -0.577 -0.577 -0.577
vn -0.577 -0.577 -0.577
vn -0.577 -0.577 -0.577
vn 0.577 0.577 0.577
vn 0.577 0.577 0.577
vn -0.577 -0.577 -0.577
vn -0.577 -0.577 -0.577
vn -0.577 -0.577 -0.577
vn -0.577 -0.577 -0.577
vn -0.577 -0.577 -0.577
vn -0.577 -0.577 -0.577
vn -0.577 -0.577 -0.577
vn -0.577 -0.577 -0.577
vn -0.577 -0.577 -0.577
vn -0.577 -0.577 -0.577
vn -0.577 -0.577 -0.577
vn -0.577 -0.577 -0.577
vn -0.577 -0.577 -0.577
vn -0.577 -0.577 -0.577
vn -0.577 -0.577 -0.577
vn -0.577 -0.577 -0.577
vn -0.577 -0.577 -0.577
vn -0.577 -0.577 -0.577
vn -0.577 -0.577 -0.577
vn -0.577 -0.577 -0.577
vn -0.577 -0.577 -0.577
vn -0.577 -0.577 -0.577
vn -0.577 -0.577 -0.577
vn -0.577 -0.577 -0.577
vn -0.577 -0.577 -0.577
vn -0.577 -0.577 -0.577
vn -0.577 -0.577 -0.577
vn -0.577 -0.577 -0.577
vn -0.577 -0.577 -0.577
vn -0.577 -0.577 -0.577
vn -0.577 -0.577 -0.577
vn -0.577 -0.577 -0.577
vn -0.577 -0.577 -0.577
vn -0.577 -0.577 -0.577
vn 0.577 0.577 0.577
vn -0.577 -0.577 -0.577
vn -0.577 -0.577 -0.577
vn 0.577 0.577 0.577
vn -0.577 -0.577 -0.577
vn -0.577 -0.577 -0.577
vn -0.577 -0.577 -0.577
vn -0.577 -0.577 -0.577
vn 0.577 0.577 0.577
vn -0.577 -0.577 -0.577
vn -0.577 -0.577 -0.577
vn -0.577 -0.577 -0.577
vn -0.577 -0.577 -0.577
vn 0.577 0.577 0.577
vn 0.577 0.577 0.577
vn -0.577 -0.577 -0.577
vn -0.577 -0.577 -0.577
vn -0.577 -0.577 -0.577
vn -0.577 -0.577 -0.577
vn 0.577 0.577 0.577
vn 0.577 0.577 0.577
vn -0.577 -0.577 -0.577
vn -0.577 -0.577 -0.577
vn -0.577 -0.577 -0.577
vn 0.577 0.577 0.577
vn -0.577 -0.577 -0.577
vn 0.577 0.577 0.577
vn 0.577 0.577 0.577
vn 0.577 0.577 0.577
vn 0.577 0.577 0.577
vn 0.577 0.577 0.577
vn -0.577 -0.577 -0.577
vn -0.577 -0.577 -0.577
vn -0.577 -0.577 -0.577
vn -0.577 -0.577 -0.577
vn -0.577 -0.577 -0.577
vn 0.577 0.577 0.577
vn -0.577 -0.577 -0.577
vn -0.577 -0.577 -0.577
vn 0.577 0.577 0.577
vn 0.577 0.577 0.577
vn -0.577 -0.577 -0.577
vn -0.577 -0.577 -0.577
vn -0.577 -0.577 -0.577
vn 0.577 0.577 0.577
vn 0.577 0.577 0.577
vn -0.577 -0.577 -0.577
vn -0.577 -0.577 -0.577
vn -0.577 -0.577 -0.577
vn -0.577 -0.577 -0.577
vn -0.577 -0.577 -0.577
vn 0.577 0.577 0.577
vn 0.577 0.577 0.577
vn -0.577 -0.577 -0.577
vn -0.577 -0.577 -0.577
vn -0.577 -0.577 -0.577
vn -0.577 -0.577 -0.577
vn 0.577 0.577 0.577
vn 0.577 0.577 0.577
vn -0.577 -0.577 -0.577
vn -0.577 -0.577 -0.577
vn -0.577 -0.577 -0.577
vn -0.577 -0.577 -0.577
vn -0.577 -0.577 -0.577
vn -0.577 -0.577 -0.577
vn -0.577 -0.577 -0.577
vn -0.577 -0.577 -0.577
vn -0.577 -0.577 -0.577
vn -0.577 -0.577 -0.577
vn -0.577 -0.577 -0.577
vn -0.577 -0.577 -0.577
vn -0.577 -0.577 -0.577
vn -0.577 -0.577 -0.577
vn -0.577 -0.577 -0.577
vn -0.577 -0.577 -0.577
vn -0.577 -0.577 -0.577
vn 0.577 0.577 0.577
vn -0.577 -0.577 -0.577
vn -0.577 -0.577 -0.577
vn -0.577 -0.577 -0.577
vn -0.577 -0.577 -0.577
vn -0.577 -0.577 -0.577
vn -0.577 -0.577 -0.577
vn -0.577 -0.577 -0.577
vn -0.577 -0.577 -0.577
vn 0.577 0.577 0.577
vn 0.577 0.577 0.577
vn -0.577 -0.577 -0.577
vn 0.577 0.577 0.577
vn 0.577 0.577 0.577
vn -0.577 -0.577 -0.577
vn -0.577 -0.577 -0.577
vn -0.577 -0.577 -0.577
vn -0.577 -0.577 -0.577
vn -0.577 -0.577 -0.577
vn -0.577 -0.577 -0.577
vn -0.577 -0.577 -0.577
vn -0.577 -0.577 -0.577
vn -0.577 -0.577 -0.577
vn -0.577 -0.577 -0.577
vn -0.577 -0.577 -0.577
vn -0.577 -0.577 -0.577
vn -0.577 -0.577 -0.577
vn -0.577 -0.577 -0.577
vn 0.577 0.577 0.577
vn 0.577 0.577 0.577
vn 0.577 0.577 0.577
vn -0.577 -0.577 -0.577
vn -0.577 -0.577 -0.577
vn 0.577 0.577 0.577
vn -0.577 -0.577 -0.577
vn -0.577 -0.577 -0.577
vn -0.577 -0.577 -0.577
vn -0.577 -0.577 -0.577
vn -0.577 -0.577 -0.577
vn -0.577 -0.577 -0.577
vn -0.577 -0.577 -0.577
vn -0.577 -0.577 -0.577
vn -0.577 -0.577 -0.577
vn -0.577 -0.577 -0.577
vn 0.577 0.577 0.577
vn -0.577 -0.577 -0.577
vn 0.577 0.577 0.577
vn -0.577 -0.577 -0.577
vn -0.577 -0.577 -0.577
vn 0.577 0.577 0.577
vn 0.577 0.577 0.577
vn -0.577 -0.577 -0.577
vn -0.577 -0.577 -0.577
vn 0.577 0.577 0.577
vn 0.577 0.577 0.577
vn 0.577 0.577 0.577
vn 0.577 0.577 0.577
vn -0.577 -0.577 -0.577
vn -0.577 -0.577 -0.577
vn -0.577 -0.577 -0.577
vn -0.577 -0.577 -0.577
vn 0.577 0.577 0.577
vn 0.577 0.577 0.577
vn 0.577 0.577 0.577
vn 0.577 0.577 0.577
vn -0.577 -0.577 -0.577
vn -0.577 -0.577 -0.577
vn -0.577 -0.577 -0.577
vn 0.577 0.577 0.577
vn -0.577 -0.577 -0.577
vn -0.577 -0.577 -0.577
vn 0.577 0.577 0.577
vn -0.577 -0.577 -0.577
vn -0.577 -0.577 -0.577
vn -0.577 -0.577 -0.577
vn -0.577 -0.577 -0.577
vn -0.577 -0.577 -0.577
vn 0.577 0.577 0.577
vn 0.577 0.577 0.577
vn -0.577 -0.577 -0.577
vn -0.577 -0.577 -0.577
vn -0.577 -0.577 -0.577
vn -0.577 -0.577 -0.577
vn -0.577 -0.577 -0.577
vn 0.577 0.577 0.577
vn 0.577 0.577 0.577
vn -0.577 -0.577 -0.577
vn -0.577 -0.577 -0.577
vn -0.577 -0.577 -0.577
vn 0.577 0.577 0.577
vn 0.577 0.577 0.577
vn -0.577 -0.577 -0.577
vn -0.577 -0.577 -0.577
vn -0.577 -0.577 -0.577
vn 0.577 0.577 0.577
vn -0.577 -0.577 -0.577
vn -0.577 -0.577 -0.577
vn -0.577 -0.577 -0.577
vn -0.577 -0.577 -0.577
vn -0.577 -0.577 -0.577
vn -0.577 -0.577 -0.577
vn -0.577 -0.577 -0.577
vn -0.577 -0.577 -0.577
vn -0.577 -0.577 -0.577
vn -0.577 -0.577 -0.577
vn -0.577 -0.577 -0.577
vn -0.577 -0.577 -0.577
vn -0.577 -0.577 -0.577
vn -0.577 -0.577 -0.577
vn -0.577 -0.577 -0.577
vn -0.577 -0.577 -0.577
vn -0.577 -0.577 -0.577
vn -0.577 -0.577 -0.577
vn -0.577 -0.577 -0.577
vn -0.577 -0.577 -0.577
vn -0.577 -0.577 -0.577
vn -0.577 -0.577 -0.577
vn -0.577 -0.577 -0.577
vn -0.577 -0.577 -0.577
vn -0.577 -0.577 -0.577
vn -0.577 -0.577 -0.577
vn 0.577 0.577 0.577
vn -0.577 -0.577 -0.577
vn 0.577 0.577 0.577
vn -0.577 -0.577 -0.577
vn 0.577 0.577 0.577
vn -0.577 -0.577 -0.577
vn 0.577 0.577 0.577
vn 0.577 0.577 0.577
vn 0.577 0.577 0.577
vn -0.577 -0.577 -0.577
vn 0.577 0.577 0.577
vn 0.577 0.577 0.577
vn 0.577 0.577 0.577
vn -0.577 -0.577 -0.577
vn -0.577 -0.577 -0.577
vn 0.577 0.577 0.577
vn -0.577 -0.577 -0.577
vn 0.577 0.577 0.577
vn -0.577 -0.577 -0.577
vn -0.577 -0.577 -0.577
vn -0.577 -0.577 -0.577
vn -0.577 -0.577 -0.577
vn -0.577 -0.577 -0.577
vn 0.577 0.577 0.577
vn 0.577 0.577 0.577
vn 0.577 0.577 0.577
vn 0.577 0.577 0.577
vn 0.577 0.577 0.577
vn -0.577 -0.577 -0.577
vn 0.577 0.577 0.577
vn 0.577 0.577 0.577
vn 0.577 0.577 0.577
vn 0.577 0.577 0.577
vn 0.577 0.577 0.577
vn 0.577 0.577 0.577
vn -0.577 -0.577 -0.577
vn -0.577 -0.577 -0.577
vn -0.577 -0.577 -0.577
vn -0.577 -0.577 -0.577
vn -0.577 -0.577 -0.577
vn 0.577 0.577 0.577
vn 0.577 0.577 0.577
vn -0.577 -0.577 -0.577
vn 0.577 0.577 0.577
vn 0.577 0.577 0.577
vn -0.577 -0.577 -0.577
vn -0.577 -0.577 -0.577
vn -0.577 -0.577 -0.577
vn -0.577 -0.577 -0.577
vn 0.577 0.577 0.577
vn 0.577 0.577 0.577
vn -0.577 -0.577 -0.577
vn 0.577 0.577 0.577
vn -0.577 -0.577 -0.577
vn -0.577 -0.577 -0.577
vn -0.577 -0.577 -0.577
vn -0.577 -0.577 -0.577
vn -0.577 -0.577 -0.577
vn 0.577 0.577 0.577
vn 0.577 0.577 0.577
vn -0.577 -0.577 -0.577
vn -0.577 -0.577 -0.577
vn -0.577 -0.577 -0.577
vn 0.577 0.577 0.577
vn 0.577 0.577 0.577
vn -0.577 -0.577 -0.577
vn -0.577 -0.577 -0.577
vn -0.577 -0.577 -0.577
vn 0.577 0.577 0.577
vn 0.577 0.577 0.577
vn -0.577 -0.577 -0.577
vn -0.577 -0.577 -0.577
vn -0.577 -0.577 -0.577
vn -0.577 -0.577 -0.577
vn -0.577 -0.577 -0.577
vn -0.577 -0.577 -0.577
vn -0.577 -0.577 -0.577
vn 0.577 0.577 0.577
vn -0.577 -0.577 -0.577
vn -0.577 -0.577 -0.577
vn -0.577 -0.577 -0.577
vn -0.577 -0.577 -0.577
vn -0.577 -0.577 -0.577
vn -0.577 -0.577 -0.577
vn -0.577 -0.577 -0.577
vn 0.577 0.577 0.577
vn 0.577 0.577 0.577
vn 0.577 0.577 0.577
vn 0.577 0.577 0.577
usemtl tex_1603_lit_w10
f 1/1/1 2/2/2 3/3/3
f 4/4/4 2/2/2 1/1/1
f 5/5/5 6/6/6 1/1/1
f 5/5/5 7/7/7 6/6/6
f 4/4/4 8/8/8 9/9/9
f 4/4/4 10/10/10 8/8/8
f 10/10/10 1/1/1 6/6/6
f 4/4/4 1/1/1 10/10/10
f 9/9/9 5/5/5 3/3/3
f 9/9/9 3/3/3 2/2/2
f 2/2/2 4/4/4 9/9/9
f 10/10/10 6/6/6 7/7/7
f 10/10/10 7/7/7 8/8/8
f 3/3/3 5/5/5 1/1/1
usemtl tex_1602_lit_w11
f 11/11/11 12/12/12 13/13/13
f 14/14/14 15/15/15 16/16/16
f 17/17/17 14/14/14 16/16/16
f 18/18/18 19/19/19 20/20/20
f 11/11/11 21/21/21 19/19/19
f 12/12/12 17/17/17 16/16/16
f 12/12/12 16/16/16 13/13/13
f 18/18/18 22/22/22 19/19/19
f 14/14/14 20/20/20 15/15/15
f 11/11/11 13/13/13 21/21/21
f 22/22/22 11/11/11 19/19/19
f 14/14/14 18/18/18 20/20/20
f 23/18/23 29/23/29 24/22/24
f 29/23/29 23/18/23 25/14/25
f 30/24/30 29/23/29 25/14/25
f 31/25/31 30/24/30 25/14/25
f 26/17/26 31/25/31 25/14/25
f 31/25/31 26/17/26 27/12/27
f 31/25/31 27/12/27 28/11/28
f 31/25/31 28/11/28 32/26/32
f 24/22/24 32/26/32 28/11/28
f 32/26/32 24/22/24 29/23/29
f 39/16/39 33/27/33 40/13/40
f 34/28/34 33/27/33 39/16/39
f 41/15/41 34/28/34 39/16/39
f 35/29/35 34/28/34 41/15/41
f 42/20/42 35/29/35 41/15/41
f 36/30/36 35/29/35 42/20/42
f 43/19/43 36/30/36 42/20/42
f 37/31/37 36/30/36 43/19/43
f 44/21/44 37/31/37 43/19/43
f 38/32/38 37/31/37 44/21/44
f 40/13/40 38/32/38 44/21/44
f 33/27/33 38/32/38 40/13/40
f 45/33/45 46/34/46 47/35/47
f 48/36/48 49/37/49 50/38/50
f 46/34/46 51/39/51 47/35/47
f 50/38/50 46/34/46 45/33/45
f 52/40/52 49/37/49 48/36/48
f 51/39/51 49/37/49 52/40/52
f 47/35/47 51/39/51 52/40/52
f 48/36/48 50/38/50 45/33/45
f 45/33/45 47/35/47 52/40/52
f 45/33/45 52/40/52 48/36/48
f 53/39/53 54/34/54 50/38/50
f 53/39/53 50/38/50 49/37/49
f 55/41/55 56/42/56 62/43/62
f 63/44/63 57/45/57 58/46/58
f 64/47/64 65/48/65 58/46/58
f 56/42/56 57/45/57 63/44/63
f 59/49/59 66/50/66 67/51/67
f 64/47/64 58/46/58 60/52/60
f 60/52/60 59/49/59 67/51/67
f 60/52/60 67/51/67 64/47/64
f 65/48/65 63/44/63 58/46/58
f 55/41/55 66/50/66 61/53/61
f 66/50/66 59/49/59 61/53/61
f 56/42/56 63/44/63 62/43/62
f 66/50/66 55/41/55 62/43/62
f 74/28/74 68/47/68 75/27/75
f 69/48/69 68/47/68 74/28/74
f 76/29/76 69/48/69 74/28/74
f 70/44/70 69/48/69 76/29/76
f 77/30/77 70/44/70 76/29/76
f 71/43/71 70/44/70 77/30/77
f 78/31/78 71/43/71 77/30/77
f 72/50/72 71/43/71 78/31/78
f 79/32/79 72/50/72 78/31/78
f 73/51/73 72/50/72 79/32/79
f 75/27/75 73/51/73 79/32/79
f 68/47/68 73/51/73 75/27/75
f 80/54/80 81/55/81 82/34/82
f 83/39/83 81/55/81 84/56/84
f 85/57/85 86/38/86 87/37/87
f 87/37/87 83/39/83 84/56/84
f 80/54/80 82/34/82 86/38/86
f 81/55/81 83/39/83 82/34/82
f 85/57/85 80/54/80 86/38/86
f 85/57/85 87/37/87 84/56/84
f 88/56/88 89/55/89 90/54/90
f 88/56/88 90/54/90 91/57/91
f 92/39/92 87/37/87 86/38/86
f 92/39/92 86/38/86 93/34/93
usemtl tex_1603_lit_w10
f 94/58/94 95/59/95 96/60/96
f 96/60/96 95/59/95 97/61/97
f 96/60/96 98/62/98 99/63/99
f 96/60/96 100/64/100 98/62/98
f 101/65/101 102/66/102 97/61/97
f 100/64/100 96/60/96 102/66/102
f 102/66/102 96/60/96 97/61/97
f 94/58/94 99/63/99 103/67/103
f 95/59/95 94/58/94 103/67/103
f 103/67/103 101/65/101 95/59/95
f 101/65/101 97/61/97 95/59/95
f 102/66/102 101/65/101 98/62/98
f 102/66/102 98/62/98 100/64/100
f 96/60/96 99/63/99 94/58/94
usemtl tex_1602_lit_w11
f 104/68/104 105/69/105 106/70/106
f 107/71/107 108/72/108 109/73/109
f 107/71/107 109/73/109 110/74/110
f 111/75/111 112/76/112 113/77/113
f 112/76/112 114/78/114 106/70/106
f 107/71/107 110/74/110 105/69/105
f 104/68/104 107/71/107 105/69/105
f 112/76/112 115/79/115 113/77/113
f 108/72/108 111/75/111 109/73/109
f 114/78/114 104/68/104 106/70/106
f 112/76/112 106/70/106 115/79/115
f 111/75/111 113/77/113 109/73/109
f 116/74/116 122/80/122 117/69/117
f 116/74/116 118/73/118 122/80/122
f 123/81/123 122/80/122 118/73/118
f 119/77/119 123/81/123 118/73/118
f 124/82/124 123/81/123 119/77/119
f 120/70/120 117/69/117 122/80/122
f 120/70/120 122/80/122 125/83/125
f 120/70/120 125/83/125 121/79/121
f 124/82/124 121/79/121 125/83/125
f 121/79/121 124/82/124 119/77/119
f 132/68/132 126/84/126 133/71/133
f 133/71/133 126/84/126 127/85/127
f 133/71/133 127/85/127 134/72/134
f 134/72/134 127/85/127 128/86/128
f 134/72/134 128/86/128 135/75/135
f 135/75/135 128/86/128 129/87/129
f 135/75/135 129/87/129 136/76/136
f 136/76/136 129/87/129 130/88/130
f 136/76/136 130/88/130 137/78/137
f 137/78/137 130/88/130 131/89/131
f 137/78/137 131/89/131 132/68/132
f 132/68/132 131/89/131 126/84/126
f 138/90/138 139/91/139 140/92/140
f 141/93/141 142/94/142 143/95/143
f 138/90/138 144/96/144 139/91/139
f 140/92/140 139/91/139 141/93/141
f 143/95/143 142/94/142 145/97/145
f 145/97/145 142/94/142 144/96/144
f 145/97/145 144/96/144 138/90/138
f 140/92/140 141/93/141 143/95/143
f 143/95/143 145/97/145 138/90/138
f 143/95/143 138/90/138 140/92/140
f 142/94/142 141/93/141 146/91/146
f 142/94/142 146/91/146 147/96/147
f 155/98/155 148/99/148 149/100/149
f 150/101/150 151/102/151 156/103/156
f 150/101/150 157/104/157 158/105/158
f 156/103/156 151/102/151 148/99/148
f 159/106/159 160/107/160 152/108/152
f 153/109/153 150/101/150 158/105/158
f 159/106/159 152/108/152 153/109/153
f 158/105/158 159/106/159 153/109/153
f 150/101/150 156/103/156 157/104/157
f 152/108/152 160/107/160 154/110/154
f 160/107/160 149/100/149 154/110/154
f 155/98/155 156/103/156 148/99/148
f 155/98/155 149/100/149 160/107/160
f 167/84/167 161/105/161 168/85/168
f 168/85/168 161/105/161 162/104/162
f 168/85/168 162/104/162 169/86/169
f 169/86/169 162/104/162 163/103/163
f 169/86/169 163/103/163 170/87/170
f 170/87/170 163/103/163 164/98/164
f 170/87/170 164/98/164 171/88/171
f 171/88/171 164/98/164 165/107/165
f 171/88/171 165/107/165 172/89/172
f 172/89/172 165/107/165 166/106/166
f 172/89/172 166/106/166 167/84/167
f 167/84/167 166/106/166 161/105/161
f 173/91/173 174/111/174 175/112/175
f 176/113/176 174/111/174 177/96/177
f 178/94/178 179/93/179 180/114/180
f 176/113/176 177/96/177 178/94/178
f 179/93/179 173/91/173 175/112/175
f 173/91/173 177/96/177 174/111/174
f 179/93/179 175/112/175 180/114/180
f 176/113/176 178/94/178 180/114/180
f 181/114/181 182/112/182 183/111/183
f 181/114/181 183/111/183 184/113/184
f 185/91/185 179/93/179 178/94/178
f 185/91/185 178/94/178 186/96/186
usemtl tex_2040_lit
f 187/115/187 188/116/188 189/117/189
f 187/115/187 189/117/189 190/118/190
f 191/119/191 192/120/192 193/121/193
f 192/120/192 194/122/194 195/123/195
f 187/115/187 196/124/196 188/116/188
f 191/119/191 197/125/197 192/120/192
f 191/119/191 198/126/198 197/125/197
f 188/116/188 196/124/196 199/127/199
f 200/128/200 201/129/201 202/130/202
f 203/131/203 204/117/204 205/116/205
f 206/125/206 207/126/207 208/132/208
f 209/133/209 210/134/210 211/135/211
f 212/136/212 204/117/204 203/131/203
f 213/137/213 214/130/214 215/138/215
f 216/139/216 217/140/217 218/141/218
f 219/142/219 220/143/220 221/144/221
f 222/125/222 223/115/223 224/120/224
f 225/145/225 226/146/226 227/147/227
f 228/148/228 229/149/229 226/146/226
f 230/150/230 231/118/231 232/135/232
f 233/121/233 234/140/234 235/139/235
f 236/151/236 237/145/237 238/152/238
f 239/130/239 240/153/240 241/148/241
f 242/154/242 243/134/243 244/155/244
f 243/134/243 242/154/242 245/135/245
f 246/156/246 247/117/247 248/136/248
f 249/121/249 250/123/250 251/140/251
f 252/120/252 253/115/253 254/155/254
f 255/157/255 256/146/256 257/149/257
f 258/158/258 251/140/251 259/122/259
f 260/125/260 261/159/261 262/124/262
f 263/127/263 264/160/264 265/147/265
f 266/115/266 267/150/267 268/154/268
f 269/161/269 270/124/270 271/159/271
f 272/162/272 273/155/273 274/134/274
f 274/134/274 275/141/275 276/158/276
f 271/159/271 277/125/277 278/132/278
f 279/131/279 280/127/280 281/147/281
f 282/115/282 283/154/283 284/155/284
f 285/148/285 286/146/286 287/145/287
f 288/163/288 289/138/289 290/164/290
f 291/152/291 287/145/287 281/147/281
f 292/130/292 290/164/290 289/138/289
f 285/148/285 287/145/287 290/164/290
f 293/157/293 281/147/281 286/146/286
f 280/127/280 279/131/279 294/116/294
f 295/161/295 296/127/296 297/124/297
f 298/130/298 299/137/299 300/126/300
f 301/150/301 302/115/302 303/118/303
f 304/128/304 305/119/305 306/121/306
f 307/156/307 308/136/308 309/147/309
f 310/117/310 311/165/311 312/135/312
f 310/117/310 312/135/312 313/118/313
f 314/141/314 315/134/315 316/133/316
f 317/130/317 318/129/318 319/166/319
f 318/129/318 320/128/320 321/121/321
f 322/140/322 323/123/323 324/122/324
f 325/161/325 326/159/326 327/132/327
f 328/158/328 329/122/329 330/120/330
f 331/150/331 332/135/332 333/154/333
f 334/162/334 328/158/328 330/120/330
f 334/162/334 330/120/330 335/155/335
f 328/158/328 336/141/336 337/140/337
f 334/162/334 338/134/338 328/158/328
f 339/129/339 340/121/340 341/166/341
f 342/125/342 343/124/343 344/115/344
f 345/128/345 346/126/346 347/119/347
f 348/130/348 349/148/349 350/164/350
f 351/151/351 352/152/352 353/144/353
f 351/151/351 354/163/354 350/164/350
f 355/142/355 356/160/356 357/127/357
f 358/167/358 359/135/359 360/165/360
f 361/163/361 362/144/362 363/138/363
f 361/163/361 364/151/364 362/144/362
f 365/145/365 364/151/364 366/164/366
f 367/168/367 368/137/368 362/144/362
f 369/143/369 367/168/367 362/144/362
f 356/160/356 355/142/355 362/144/362
f 356/160/356 362/144/362 370/152/370
f 371/137/371 372/168/372 373/126/373
f 372/168/372 374/132/374 373/126/373
f 375/143/375 376/142/376 377/161/377
f 376/142/376 378/127/378 377/161/377
f 372/168/372 377/161/377 374/132/374
f 379/121/379 380/120/380 381/123/381
f 382/136/382 383/131/383 384/147/384
f 385/128/385 386/130/386 373/126/373
f 387/167/387 388/133/388 389/135/389
f 390/148/390 391/153/391 392/149/392
f 393/169/393 394/157/394 392/149/392
f 395/168/395 396/143/396 397/161/397
f 391/153/391 398/170/398 392/149/392
f 399/137/399 400/138/400 401/144/401
f 402/160/402 403/152/403 404/147/404
f 405/170/405 406/169/406 407/149/407
f 408/171/408 406/169/406 405/170/405
f 404/147/404 409/157/409 410/156/410
f 411/153/411 412/130/412 413/166/413
usemtl tex_2041_lit
f 414/172/414 415/173/415 416/174/416
f 417/175/417 418/176/418 419/177/419
f 417/175/417 420/178/420 421/179/421
f 422/180/422 423/173/423 424/181/424
f 425/182/425 426/183/426 424/181/424
f 427/184/427 428/185/428 417/175/417
f 417/175/417 422/180/422 427/184/427
f 429/186/429 421/179/421 425/182/425
f 417/175/417 419/177/419 422/180/422
f 427/184/427 422/180/422 424/181/424
f 423/173/423 430/172/430 424/181/424
f 431/187/431 432/188/432 424/181/424
f 425/182/425 421/179/421 420/178/420
f 427/184/427 424/181/424 426/183/426
f 428/185/428 427/184/427 426/183/426
f 433/175/433 434/185/434 435/189/435
f 436/172/436 437/187/437 438/181/438
f 439/176/439 433/175/433 440/190/440
f 441/191/441 440/190/440 442/192/442
f 443/193/443 442/192/442 440/190/440
f 444/182/444 445/178/445 435/189/435
f 446/188/446 447/186/447 444/182/444
f 444/182/444 438/181/438 446/188/446
f 433/175/433 443/193/443 440/190/440
f 448/175/448 449/179/449 450/194/450
f 448/175/448 450/194/450 451/193/451
f 452/183/452 453/182/453 454/189/454
f 455/185/455 452/183/452 454/189/454
f 448/175/448 454/189/454 456/178/456
f 457/180/457 458/195/458 459/173/459
f 457/180/457 460/177/460 458/195/458
f 461/192/461 462/196/462 463/191/463
f 464/197/464 465/196/465 466/192/466
f 464/197/464 466/192/466 467/193/467
f 464/197/464 467/193/467 468/194/468
f 464/197/464 468/194/468 469/179/469
f 470/198/470 464/197/464 469/179/469
f 470/198/470 469/179/469 471/186/471
f 472/191/472 473/199/473 474/190/474
usemtl tex_2044_lit
f 475/200/475 476/201/476 477/202/477
f 476/201/476 478/203/478 479/204/479
f 480/200/480 481/205/481 482/203/482
f 483/206/483 481/205/481 480/200/480
f 484/207/484 485/201/485 486/208/486
f 485/201/485 487/209/487 488/210/488
f 489/211/489 490/212/490 491/213/491
f 491/213/491 490/212/490 492/214/492
f 487/209/487 493/215/493 488/210/488
f 487/209/487 494/216/494 493/215/493
f 495/214/495 496/217/496 497/218/497
f 495/214/495 498/219/498 499/220/499
f 498/219/498 500/221/500 501/222/501
f 502/216/502 503/209/503 504/201/504
f 495/214/495 505/212/505 500/221/500
f 506/207/506 507/223/507 504/201/504
f 500/221/500 508/208/508 501/222/501
f 500/221/500 505/212/505 507/223/507
f 505/212/505 509/211/509 510/224/510
f 509/211/509 502/216/502 504/201/504
f 495/214/495 499/220/499 496/217/496
f 511/202/511 512/201/512 513/210/513
f 514/215/514 515/218/515 516/225/516
f 517/216/517 515/218/515 514/215/514
f 518/221/518 519/207/519 520/208/520
f 517/216/517 521/213/521 522/214/522
f 512/201/512 523/204/523 520/208/520
f 524/200/524 525/203/525 512/201/512
f 526/201/526 527/223/527 528/224/528
f 529/211/529 526/201/526 528/224/528
f 530/216/530 531/214/531 532/218/532
f 529/211/529 533/213/533 530/216/530
f 534/212/534 528/224/528 527/223/527
f 535/221/535 527/223/527 536/207/536
f 537/219/537 531/214/531 535/221/535
f 538/215/538 539/225/539 540/210/540
f 541/206/541 542/226/542 543/205/543
f 543/205/543 542/226/542 544/227/544
f 544/227/544 545/203/545 543/205/543
f 545/203/545 544/227/544 546/204/546
f 546/204/546 544/227/544 547/208/547
f 548/222/548 547/208/547 544/227/544
f 544/227/544 549/228/549 548/222/548
f 550/229/550 541/206/541 551/200/551
usemtl tex_2036_lit
f 552/230/552 553/231/553 554/232/554
f 555/233/555 556/234/556 557/235/557
f 558/236/558 559/237/559 560/238/560
f 561/232/561 562/231/562 563/239/563
f 557/235/557 556/234/556 564/240/564
f 565/241/565 563/239/563 562/231/562
f 555/233/555 566/242/566 556/234/556
f 567/243/567 559/237/559 568/244/568
f 567/243/567 560/238/560 559/237/559
f 567/243/567 569/245/569 560/238/560
f 570/246/570 555/233/555 557/235/557
f 571/247/571 572/246/572 573/235/573
f 574/242/574 575/248/575 576/234/576
f 577/243/577 578/249/578 579/245/579
f 577/243/577 580/244/580 578/249/578
f 581/250/581 582/238/582 579/245/579
f 583/251/583 584/231/584 585/230/585
f 586/252/586 572/246/572 571/247/571
f 587/253/587 588/235/588 589/240/589
f 590/247/590 588/235/588 587/253/587
f 591/254/591 592/249/592 593/244/593
f 593/244/593 594/255/594 591/254/591
usemtl tex_2040_lit
f 595/256/595 596/257/596 597/258/597
f 595/256/595 597/258/597 598/259/598
usemtl tex_2041_lit
f 599/260/599 600/261/600 601/262/601
f 599/260/599 601/262/601 602/263/602
usemtl tex_2044_lit
f 603/264/603 604/265/604 605/266/605
f 603/264/603 605/266/605 606/267/606
usemtl tex_2036_lit
f 607/268/607 608/269/608 609/270/609
f 607/268/607 609/270/609 610/271/610
f 611/272/611 612/273/612 613/274/613
f 611/272/611 613/274/613 614/275/614
usemtl tex_1979_lit
f 615/276/615 616/277/616 617/278/617
f 615/276/615 617/278/617 618/279/618
f 619/280/619 624/281/624 625/282/625
f 626/283/626 620/284/620 621/285/621
f 620/284/620 627/286/627 619/280/619
f 627/286/627 624/281/624 619/280/619
f 622/287/622 619/280/619 625/282/625
f 622/287/622 625/282/625 628/288/628
f 622/287/622 628/288/628 623/289/623
f 628/288/628 621/285/621 623/289/623
f 628/288/628 626/283/626 621/285/621
f 620/284/620 626/283/626 627/286/627
usemtl tex_2037_lit_w11
f 629/290/629 630/291/630 631/292/631
f 632/293/632 630/291/630 629/290/629
usemtl tex_1613_lit_w11
f 633/294/633 634/295/634 635/296/635
f 636/297/636 634/295/634 633/294/633
usemtl tex_1616_lit_w11
f 637/298/637 638/299/638 639/300/639
f 640/301/640 638/299/638 637/298/637
usemtl tex_1619_lit_w11
f 641/302/641 642/303/642 643/304/643
f 644/305/644 642/303/642 641/302/641
usemtl tex_1622_lit_w11
f 645/306/645 646/307/646 647/308/647
f 648/309/648 646/307/646 645/306/645
usemtl tex_1599_lit_w11
f 655/310/655 649/311/649 650/312/650
f 656/313/656 651/314/651 652/315/652
f 657/316/657 655/310/655 650/312/650
f 657/316/657 653/317/653 651/314/651
f 655/310/655 658/318/658 649/311/649
f 656/313/656 657/316/657 651/314/651
f 657/316/657 650/312/650 653/317/653
f 658/318/658 656/313/656 652/315/652
f 658/318/658 652/315/652 654/319/654
f 654/319/654 649/311/649 658/318/658
f 665/317/665 659/320/659 666/314/666
f 666/314/666 659/320/659 660/321/660
f 666/314/666 660/321/660 667/315/667
f 667/315/667 660/321/660 661/322/661
f 667/315/667 661/322/661 668/319/668
f 668/319/668 661/322/661 662/323/662
f 668/319/668 662/323/662 669/311/669
f 669/311/669 662/323/662 663/324/663
f 669/311/669 663/324/663 670/312/670
f 670/312/670 663/324/663 664/325/664
f 670/312/670 664/325/664 665/317/665
f 665/317/665 664/325/664 659/320/659
f 671/326/671 672/327/672 673/328/673
f 674/329/674 675/330/675 671/326/671
f 676/331/676 672/327/672 677/332/677
f 678/333/678 677/332/677 674/329/674
f 677/332/677 675/330/675 674/329/674
f 676/331/676 673/328/673 672/327/672
f 674/329/674 671/326/671 673/328/673
f 678/333/678 676/331/676 677/332/677
f 672/327/672 671/326/671 675/330/675
f 672/327/672 675/330/675 677/332/677
f 679/334/679 680/335/680 681/336/681
f 679/334/679 682/337/682 683/338/683
f 684/339/684 685/340/685 686/341/686
f 679/334/679 681/336/681 682/337/682
f 680/335/680 684/339/684 686/341/686
f 687/342/687 684/339/684 680/335/680
f 682/337/682 685/340/685 688/343/688
f 679/334/679 687/342/687 680/335/680
f 684/339/684 689/344/689 685/340/685
f 685/340/685 689/344/689 688/343/688
f 683/338/683 682/337/682 688/343/688
f 695/335/695 690/345/690 696/336/696
f 691/346/691 690/345/690 695/335/695
f 697/341/697 691/346/691 695/335/695
f 692/347/692 691/346/691 697/341/697
f 698/340/698 692/347/692 697/341/697
f 693/348/693 692/347/692 698/340/698
f 699/337/699 693/348/693 698/340/698
f 694/349/694 693/348/693 699/337/699
f 696/336/696 694/349/694 699/337/699
f 690/345/690 694/349/694 696/336/696
f 706/320/706 700/344/700 707/321/707
f 707/321/707 700/344/700 701/339/701
f 707/321/707 701/339/701 708/322/708
f 708/322/708 701/339/701 702/342/702
f 708/322/708 702/342/702 709/323/709
f 709/323/709 702/342/702 703/334/703
f 709/323/709 703/334/703 710/324/710
f 710/324/710 703/334/703 704/338/704
f 710/324/710 704/338/704 711/325/711
f 711/325/711 704/338/704 705/343/705
f 711/325/711 705/343/705 706/320/706
f 706/320/706 705/343/705 700/344/700
f 712/350/712 713/351/713 714/352/714
f 714/352/714 715/353/715 712/350/712
f 716/326/716 717/352/717 718/351/718
f 716/326/716 712/350/712 719/327/719
f 716/326/716 718/351/718 712/350/712
f 717/352/717 720/332/720 715/353/715
f 721/330/721 720/332/720 717/352/717
f 712/350/712 715/353/715 719/327/719
f 716/326/716 721/330/721 717/352/717
f 720/332/720 719/327/719 715/353/715
f 720/332/720 721/330/721 716/326/716
f 720/332/720 716/326/716 719/327/719
usemtl tex_2037_lit_w11
f 722/354/722 723/355/723 724/356/724
f 724/356/724 723/355/723 725/357/725
usemtl tex_1613_lit_w11
f 726/358/726 727/359/727 728/360/728
f 728/360/728 727/359/727 729/361/729
usemtl tex_1616_lit_w11
f 730/362/730 731/363/731 732/364/732
f 732/364/732 731/363/731 733/365/733
usemtl tex_1619_lit_w11
f 734/366/734 735/367/735 736/368/736
f 736/368/736 735/367/735 737/369/737
usemtl tex_1622_lit_w11
f 738/370/738 739/371/739 740/372/740
f 740/372/740 739/371/739 741/373/741
usemtl tex_1599_lit_w11
f 742/374/742 743/375/743 748/376/748
f 744/377/744 745/378/745 749/379/749
f 742/374/742 748/376/748 750/380/750
f 745/378/745 746/381/746 750/380/750
f 743/375/743 751/382/751 748/376/748
f 745/378/745 750/380/750 749/379/749
f 746/381/746 742/374/742 750/380/750
f 744/377/744 749/379/749 751/382/751
f 747/383/747 744/377/744 751/382/751
f 751/382/751 743/375/743 747/383/747
f 758/377/758 752/384/752 759/378/759
f 759/378/759 752/384/752 753/385/753
f 759/378/759 753/385/753 760/381/760
f 760/381/760 753/385/753 754/386/754
f 760/381/760 754/386/754 761/374/761
f 761/374/761 754/386/754 755/387/755
f 761/374/761 755/387/755 762/375/762
f 762/375/762 755/387/755 756/388/756
f 762/375/762 756/388/756 763/383/763
f 763/383/763 756/388/756 757/389/757
f 763/383/763 757/389/757 758/377/758
f 758/377/758 757/389/757 752/384/752
f 764/390/764 765/391/765 766/392/766
f 766/392/766 767/393/767 768/394/768
f 769/395/769 765/391/765 770/396/770
f 768/394/768 769/395/769 771/397/771
f 768/394/768 767/393/767 769/395/769
f 765/391/765 764/390/764 770/396/770
f 764/390/764 766/392/766 768/394/768
f 769/395/769 770/396/770 771/397/771
f 766/392/766 765/391/765 769/395/769
f 766/392/766 769/395/769 767/393/767
f 772/398/772 773/399/773 774/400/774
f 775/401/775 776/402/776 774/400/774
f 777/403/777 778/404/778 779/405/779
f 776/402/776 772/398/772 774/400/774
f 777/403/777 779/405/779 773/399/773
f 773/399/773 779/405/779 780/406/780
f 781/407/781 778/404/778 776/402/776
f 773/399/773 780/406/780 774/400/774
f 778/404/778 782/408/782 779/405/779
f 781/407/781 782/408/782 778/404/778
f 781/407/781 776/402/776 775/401/775
f 788/398/788 783/409/783 789/399/789
f 789/399/789 783/409/783 784/410/784
f 789/399/789 784/410/784 790/403/790
f 790/403/790 784/410/784 785/411/785
f 790/403/790 785/411/785 791/404/791
f 791/404/791 785/411/785 786/412/786
f 791/404/791 786/412/786 792/402/792
f 792/402/792 786/412/786 787/413/787
f 792/402/792 787/413/787 788/398/788
f 788/398/788 787/413/787 783/409/783
f 799/385/799 793/408/793 800/386/800
f 794/405/794 793/408/793 799/385/799
f 801/384/801 794/405/794 799/385/799
f 795/406/795 794/405/794 801/384/801
f 802/389/802 795/406/795 801/384/801
f 796/400/796 795/406/795 802/389/802
f 803/388/803 796/400/796 802/389/802
f 797/401/797 796/400/796 803/388/803
f 804/387/804 797/401/797 803/388/803
f 798/407/798 797/401/797 804/387/804
f 800/386/800 798/407/798 804/387/804
f 793/408/793 798/407/798 800/386/800
f 805/414/805 806/415/806 807/392/807
f 808/391/808 809/416/809 807/392/807
f 809/416/809 805/414/805 807/392/807
f 810/417/810 811/395/811 806/415/806
f 806/415/806 811/395/811 812/393/812
f 808/391/808 810/417/810 809/416/809
f 806/415/806 812/393/812 807/392/807
f 810/417/810 808/391/808 811/395/811
f 813/414/813 809/416/809 810/417/810
f 810/417/810 814/415/814 813/414/813
f 812/393/812 811/395/811 808/391/808
f 812/393/812 808/391/808 807/392/807
usemtl tex_1600_lit_w11
f 815/418/815 816/419/816 817/420/817
f 818/421/818 815/418/815 819/422/819
f 815/418/815 820/423/820 821/424/821
f 815/418/815 817/420/817 820/423/820
f 822/425/822 816/419/816 815/418/815
f 823/426/823 818/421/818 824/427/824
f 818/421/818 825/428/825 822/425/822
f 824/427/824 818/421/818 819/422/819
f 824/427/824 819/422/819 826/429/826
f 827/430/827 824/427/824 826/429/826
f 819/422/819 821/424/821 826/429/826
f 825/428/825 818/421/818 828/431/828
f 817/420/817 829/432/829 820/423/820
f 818/421/818 823/426/823 830/433/830
f 831/431/831 832/433/832 833/434/833
f 834/430/834 835/426/835 836/427/836
f 837/422/837 838/418/838 839/424/839
f 840/421/840 841/425/841 838/418/838
f 840/421/840 832/433/832 831/431/831
usemtl tex_1601_lit_w11
f 842/435/842 843/436/843 844/437/844
f 842/435/842 845/438/845 843/436/843
f 846/439/846 847/440/847 848/441/848
f 849/442/849 850/443/850 851/444/851
f 852/445/852 847/440/847 853/446/853
f 847/440/847 854/437/854 853/446/853
f 855/447/855 856/448/856 857/449/857
f 856/448/856 852/445/852 857/449/857
f 847/440/847 851/444/851 858/450/858
f 859/451/859 856/448/856 855/447/855
f 847/440/847 858/450/858 860/452/860
f 861/438/861 862/435/862 863/453/863
f 864/454/864 865/439/865 866/441/866
f 866/441/866 867/440/867 868/452/868
f 869/455/869 864/454/864 866/441/866
f 867/440/867 870/442/870 871/444/871
f 872/456/872 873/457/873 870/442/870
f 874/458/874 875/443/875 870/442/870
f 873/457/873 874/458/874 870/442/870
f 866/441/866 868/452/868 876/459/876
f 877/445/877 878/456/878 879/440/879
f 880/448/880 878/456/878 877/445/877
f 881/441/881 882/459/882 883/455/883
f 878/456/878 884/442/884 879/440/879
f 885/439/885 886/437/886 879/440/879
f 885/439/885 887/435/887 886/437/886
f 888/446/888 886/437/886 889/436/889
f 890/449/890 877/445/877 888/446/888
usemtl tex_1600_lit_w11
f 891/460/891 898/432/898 892/461/892
f 892/461/892 898/432/898 899/420/899
f 892/461/892 899/420/899 893/462/893
f 893/462/893 899/420/899 900/419/900
f 893/462/893 900/419/900 894/463/894
f 894/463/894 900/419/900 901/425/901
f 894/463/894 901/425/901 895/464/895
f 895/464/895 901/425/901 902/428/902
f 895/464/895 902/428/902 896/465/896
f 896/465/896 902/428/902 903/431/903
f 896/465/896 903/431/903 897/466/897
f 897/466/897 903/431/903 904/434/904
usemtl tex_1601_lit_w11_ovl
f 905/467/905 910/459/910 906/468/906
usemtl tex_1601_lit_w11
f 906/468/906 910/459/910 911/452/911
f 906/468/906 911/452/911 907/469/907
f 907/469/907 911/452/911 912/450/912
f 907/469/907 912/450/912 908/470/908
f 908/470/908 912/450/912 913/444/913
f 908/470/908 913/444/913 909/471/909
f 909/471/909 913/444/913 914/443/914
usemtl tex_1600_lit_w11
f 915/472/915 916/473/916 917/474/917
f 918/475/918 915/472/915 917/474/917
usemtl tex_1601_lit_w11
f 919/476/919 920/477/920 921/478/921
f 922/476/922 923/479/923 924/480/924
f 920/477/920 919/476/919 925/481/925
f 926/482/926 927/479/927 928/477/928
f 929/483/929 930/481/930 931/480/931
f 932/476/932 933/478/933 934/479/934
f 935/479/935 933/478/933 936/477/936
f 937/476/937 931/480/931 930/481/930
f 938/482/938 929/483/929 939/479/939
f 929/483/929 940/480/940 939/479/939
usemtl tex_1600_lit_w11
f 941/484/941 942/485/942 943/486/943
f 944/487/944 945/488/945 946/489/946
f 947/490/947 948/491/948 949/492/949
f 947/490/947 950/493/950 951/494/951
f 942/485/942 950/493/950 952/495/952
f 950/493/950 947/490/947 952/495/952
f 953/496/953 948/491/948 947/490/947
f 954/497/954 955/498/955 950/493/950
f 950/493/950 946/489/946 951/494/951
f 946/489/946 950/493/950 955/498/955
f 946/489/946 945/488/945 956/499/956
f 954/497/954 950/493/950 942/485/942
f 957/485/957 958/484/958 959/500/959
f 959/500/959 960/497/960 957/485/957
f 961/487/961 962/489/962 963/498/963
f 964/490/964 965/492/965 966/495/966
f 967/494/967 968/496/968 964/490/964
usemtl tex_1601_lit_w11
f 969/501/969 970/502/970 971/503/971
f 972/504/972 973/505/973 974/506/974
f 973/505/973 975/507/975 974/506/974
f 976/508/976 974/506/974 977/509/977
f 974/506/974 978/501/978 977/509/977
f 974/506/974 975/507/975 978/501/978
f 979/510/979 976/508/976 980/511/980
f 981/512/981 982/513/982 976/508/976
f 978/501/978 983/514/983 980/511/980
f 980/511/980 977/509/977 978/501/978
f 980/511/980 976/508/976 977/509/977
f 981/512/981 976/508/976 979/510/979
f 976/508/976 972/504/972 974/506/974
f 983/514/983 978/501/978 984/503/984
usemtl tex_1600_lit_w11
f 985/484/985 993/460/993 986/500/986
f 986/500/986 993/460/993 994/461/994
f 986/500/986 994/461/994 987/497/987
f 987/497/987 994/461/994 995/462/995
f 987/497/987 995/462/995 996/463/996
f 987/497/987 996/463/996 988/498/988
f 988/498/988 996/463/996 997/464/997
f 988/498/988 997/464/997 989/487/989
f 989/487/989 997/464/997 998/465/998
f 989/487/989 998/465/998 990/488/990
f 990/488/990 998/465/998 999/466/999
usemtl tex_1601_lit_w11
f 991/503/991 1000/467/1000 992/514/992
f 1001/514/1001 1005/467/1005 1006/468/1006
f 1001/514/1001 1006/468/1006 1002/511/1002
f 1002/511/1002 1006/468/1006 1007/469/1007
f 1002/511/1002 1007/469/1007 1003/510/1003
f 1003/510/1003 1007/469/1007 1008/470/1008
f 1003/510/1003 1008/470/1008 1004/512/1004
f 1004/512/1004 1008/470/1008 1009/471/1009
usemtl tex_1600_lit_w11
f 1010/515/1010 1011/516/1011 1012/517/1012
f 1010/515/1010 1012/517/1012 1013/518/1013
usemtl tex_1601_lit_w11
f 1014/479/1014 1015/519/1015 1016/520/1016
f 1015/519/1015 1017/521/1017 1018/522/1018
f 1015/519/1015 1014/479/1014 1017/521/1017
f 1019/523/1019 1020/524/1020 1021/520/1021
f 1021/520/1021 1020/524/1020 1022/480/1022
f 1023/480/1023 1014/479/1014 1016/520/1016
f 1017/521/1017 1024/480/1024 1020/524/1020
f 1017/521/1017 1025/479/1025 1024/480/1024
f 1026/523/1026 1027/520/1027 1028/519/1028
f 1026/523/1026 1028/519/1028 1029/522/1029
