mtllib CnatalyaZ.mtl
v 1048.368553161621 -28.43940019607544 192.0 1.000 1.000 1.000
v 1048.368553161621 -162.43940019607544 -56.0 1.000 1.000 1.000
v 1048.368553161621 -99.43940019607544 -65.0 1.000 1.000 1.000
v 1048.368553161621 -142.43940019607544 192.0 1.000 1.000 1.000
v 1009.3685531616211 -114.43940019607544 182.0 1.000 1.000 1.000
v 1021.3685531616211 -71.43940019607544 172.0 1.000 1.000 1.000
v 930.3685531616211 -97.43940019607544 12.0 1.000 1.000 1.000
v 927.3685531616211 -151.43940019607544 -37.0 1.000 1.000 1.000
v 928.3685531616211 -94.43940019607544 -35.0 1.000 1.000 1.000
v 931.3685531616211 -141.43940019607544 21.0 1.000 1.000 1.000
v 640.9067001342773 -107.29889297485352 -83.0 1.000 1.000 1.000
v 614.9067001342773 -32.298892974853516 -18.0 1.000 1.000 1.000
v 629.9067001342773 -98.29889297485352 55.0 1.000 1.000 1.000
v 615.9067001342773 -168.29889297485352 -10.0 1.000 1.000 1.000
v 928.3685531616211 -94.43940019607544 -35.0 1.000 1.000 1.000
v 931.3685531616211 -141.43940019607544 21.0 1.000 1.000 1.000
v 927.3685531616211 -151.43940019607544 -37.0 1.000 1.000 1.000
v 930.3685531616211 -97.43940019607544 12.0 1.000 1.000 1.000
v 513.9067001342773 -128.29889297485352 -56.0 1.000 1.000 1.000
v 511.90670013427734 -151.29889297485352 -53.0 1.000 1.000 1.000
v 508.90670013427734 -153.29889297485352 1.0 1.000 1.000 1.000
v 506.90670013427734 -104.29889297485352 46.0 1.000 1.000 1.000
v 505.90670013427734 -82.29889297485352 55.0 1.000 1.000 1.000
v 508.90670013427734 -40.298892974853516 -8.0 1.000 1.000 1.000
v 516.9067001342773 -54.298892974853516 -39.0 1.000 1.000 1.000
v 514.9067001342773 -77.29889297485352 -49.0 1.000 1.000 1.000
v 640.9067001342773 -107.29889297485352 -83.0 1.000 1.000 1.000
v 615.9067001342773 -168.29889297485352 -10.0 1.000 1.000 1.000
v 629.9067001342773 -98.29889297485352 55.0 1.000 1.000 1.000
v 614.9067001342773 -32.298892974853516 -18.0 1.000 1.000 1.000
v 952.9067001342773 -88.29889297485352 27.0 1.000 1.000 1.000
v 513.9067001342773 -113.29889297485352 59.0 1.000 1.000 1.000
v 952.9067001342773 -137.29889297485352 46.0 1.000 1.000 1.000
v 953.9067001342773 -101.29889297485352 -41.0 1.000 1.000 1.000
v 507.90670013427734 -98.29889297485352 -52.0 1.000 1.000 1.000
v 504.90670013427734 -48.298892974853516 38.0 1.000 1.000 1.000
v 508.90670013427734 -155.29889297485352 13.0 1.000 1.000 1.000
v 951.9067001342773 -146.29889297485352 -30.0 1.000 1.000 1.000
v 253.87511444091797 -189.98641967773438 113.0 1.000 1.000 1.000
v 248.87511444091797 -100.98641967773438 87.0 1.000 1.000 1.000
v 251.87511444091797 -101.98641967773438 103.0 1.000 1.000 1.000
v 253.87511444091797 -182.98641967773438 9.0 1.000 1.000 1.000
v 245.87511444091797 -189.98641967773438 -123.0 1.000 1.000 1.000
v 250.87511444091797 -105.98641967773438 -72.0 1.000 1.000 1.000
v 246.87511444091797 -93.98641967773438 -118.0 1.000 1.000 1.000
v 242.87511444091797 18.013580322265625 9.0 1.000 1.000 1.000
v 241.87511444091797 -8.986419677734375 9.0 1.000 1.000 1.000
v 85.0 -85.0 103.0 1.000 1.000 1.000
v 0.0 -85.0 -122.0 1.000 1.000 1.000
v 0.0 -165.0 108.0 1.000 1.000 1.000
v 162.0 -49.0 -6.0 1.000 1.000 1.000
v 253.87511444091797 -189.98641967773438 113.0 1.000 1.000 1.000
v 251.87511444091797 -101.98641967773438 103.0 1.000 1.000 1.000
v 245.87511444091797 -189.98641967773438 -123.0 1.000 1.000 1.000
v 246.87511444091797 -93.98641967773438 -118.0 1.000 1.000 1.000
v 242.87511444091797 18.013580322265625 9.0 1.000 1.000 1.000
v 248.87511444091797 -100.98641967773438 87.0 1.000 1.000 1.000
v 241.87511444091797 -8.986419677734375 9.0 1.000 1.000 1.000
v 250.87511444091797 -105.98641967773438 -72.0 1.000 1.000 1.000
v 253.87511444091797 -182.98641967773438 9.0 1.000 1.000 1.000
v 505.90670013427734 -82.29889297485352 55.0 1.000 1.000 1.000
v 508.90670013427734 -40.298892974853516 -8.0 1.000 1.000 1.000
v 516.9067001342773 -54.298892974853516 -39.0 1.000 1.000 1.000
v 514.9067001342773 -77.29889297485352 -49.0 1.000 1.000 1.000
v 513.9067001342773 -128.29889297485352 -56.0 1.000 1.000 1.000
v 506.90670013427734 -104.29889297485352 46.0 1.000 1.000 1.000
v 511.90670013427734 -151.29889297485352 -53.0 1.000 1.000 1.000
v 508.90670013427734 -153.29889297485352 1.0 1.000 1.000 1.000
v 223.87511444091797 -141.98641967773438 87.0 1.000 1.000 1.000
v 221.87511444091797 -182.98641967773438 20.0 1.000 1.000 1.000
v 513.875114440918 -113.98641967773438 59.0 1.000 1.000 1.000
v 508.87511444091797 -154.98641967773438 13.0 1.000 1.000 1.000
v 220.87511444091797 -112.98641967773438 -73.0 1.000 1.000 1.000
v 220.87511444091797 -27.986419677734375 27.0 1.000 1.000 1.000
v 505.87511444091797 -48.986419677734375 38.0 1.000 1.000 1.000
v 507.87511444091797 -97.98641967773438 -52.0 1.000 1.000 1.000
v 220.87511444091797 -112.98641967773438 -73.0 1.000 1.000 1.000
v 221.87511444091797 -182.98641967773438 20.0 1.000 1.000 1.000
v 223.87511444091797 -141.98641967773438 87.0 1.000 1.000 1.000
v -1039.5357513427734 -95.81786012649536 -65.0 1.000 1.000 1.000
v -1039.5357513427734 -158.81786012649536 -56.0 1.000 1.000 1.000
v -1039.5357513427734 -25.81786012649536 192.0 1.000 1.000 1.000
v -1039.5357513427734 -139.81786012649536 192.0 1.000 1.000 1.000
v -923.5357513427734 -99.81786012649536 20.0 1.000 1.000 1.000
v -924.5357513427734 -94.81786012649536 -35.0 1.000 1.000 1.000
v -1012.5357513427734 -67.81786012649536 172.0 1.000 1.000 1.000
v -921.5357513427734 -148.81786012649536 -36.0 1.000 1.000 1.000
v -1001.5357513427734 -110.81786012649536 182.0 1.000 1.000 1.000
v -925.5357513427734 -139.81786012649536 22.0 1.000 1.000 1.000
v -607.2476654052734 -165.7676501274109 -10.0 1.000 1.000 1.000
v -621.2476654052734 -95.76765012741089 56.0 1.000 1.000 1.000
v -621.2476654052734 -95.76765012741089 56.0 1.000 1.000 1.000
v -606.2476654052734 -31.76765012741089 -16.0 1.000 1.000 1.000
v -630.2476654052734 -101.76765012741089 -83.0 1.000 1.000 1.000
v -630.2476654052734 -101.76765012741089 -83.0 1.000 1.000 1.000
v -925.5357513427734 -139.81786012649536 22.0 1.000 1.000 1.000
v -921.5357513427734 -148.81786012649536 -36.0 1.000 1.000 1.000
v -923.5357513427734 -99.81786012649536 20.0 1.000 1.000 1.000
v -923.5357513427734 -99.81786012649536 20.0 1.000 1.000 1.000
v -924.5357513427734 -94.81786012649536 -35.0 1.000 1.000 1.000
v -924.5357513427734 -94.81786012649536 -35.0 1.000 1.000 1.000
v -508.24766540527344 -58.76765012741089 -39.0 1.000 1.000 1.000
v -500.24766540527344 -38.76765012741089 -8.0 1.000 1.000 1.000
v -497.24766540527344 -77.76765012741089 55.0 1.000 1.000 1.000
v -497.24766540527344 -101.76765012741089 47.0 1.000 1.000 1.000
v -498.24766540527344 -150.7676501274109 1.0 1.000 1.000 1.000
v -501.24766540527344 -153.7676501274109 -53.0 1.000 1.000 1.000
v -505.24766540527344 -128.7676501274109 -56.0 1.000 1.000 1.000
v -506.24766540527344 -91.76765012741089 -49.0 1.000 1.000 1.000
v -606.2476654052734 -31.76765012741089 -16.0 1.000 1.000 1.000
v -621.2476654052734 -95.76765012741089 56.0 1.000 1.000 1.000
v -621.2476654052734 -95.76765012741089 56.0 1.000 1.000 1.000
v -607.2476654052734 -165.7676501274109 -10.0 1.000 1.000 1.000
v -630.2476654052734 -101.76765012741089 -83.0 1.000 1.000 1.000
v -630.2476654052734 -101.76765012741089 -83.0 1.000 1.000 1.000
v -944.2476654052734 -132.7676501274109 46.0 1.000 1.000 1.000
v -505.24766540527344 -114.76765012741089 59.0 1.000 1.000 1.000
v -944.2476654052734 -83.76765012741089 27.0 1.000 1.000 1.000
v -497.24766540527344 -45.76765012741089 38.0 1.000 1.000 1.000
v -499.24766540527344 -97.76765012741089 -52.0 1.000 1.000 1.000
v -944.2476654052734 -96.76765012741089 -41.0 1.000 1.000 1.000
v -500.24766540527344 -158.7676501274109 13.0 1.000 1.000 1.000
v -944.2476654052734 -142.7676501274109 -30.0 1.000 1.000 1.000
v -236.5210723876953 -91.19528198242188 -118.0 1.000 1.000 1.000
v -232.5210723876953 -8.195281982421875 8.0 1.000 1.000 1.000
v -233.5210723876953 18.804718017578125 8.0 1.000 1.000 1.000
v -231.5210723876953 -91.19528198242188 -74.0 1.000 1.000 1.000
v -237.5210723876953 -186.19528198242188 -123.0 1.000 1.000 1.000
v -246.5210723876953 -174.19528198242188 9.0 1.000 1.000 1.000
v -245.5210723876953 -186.19528198242188 113.0 1.000 1.000 1.000
v -240.5210723876953 -98.19528198242188 88.0 1.000 1.000 1.000
v -242.5210723876953 -98.19528198242188 103.0 1.000 1.000 1.000
v 0.0 -165.0 108.0 1.000 1.000 1.000
v -85.0 -84.0 103.0 1.000 1.000 1.000
v 0.0 -85.0 -122.0 1.000 1.000 1.000
v -161.0 -50.0 -6.0 1.000 1.000 1.000
v -245.5210723876953 -186.19528198242188 113.0 1.000 1.000 1.000
v -237.5210723876953 -186.19528198242188 -123.0 1.000 1.000 1.000
v -236.5210723876953 -91.19528198242188 -118.0 1.000 1.000 1.000
v -233.5210723876953 18.804718017578125 8.0 1.000 1.000 1.000
v -242.5210723876953 -98.19528198242188 103.0 1.000 1.000 1.000
v -232.5210723876953 -8.195281982421875 8.0 1.000 1.000 1.000
v -231.5210723876953 -91.19528198242188 -74.0 1.000 1.000 1.000
v -240.5210723876953 -98.19528198242188 88.0 1.000 1.000 1.000
v -246.5210723876953 -174.19528198242188 9.0 1.000 1.000 1.000
v -508.24766540527344 -58.76765012741089 -39.0 1.000 1.000 1.000
v -500.24766540527344 -38.76765012741089 -8.0 1.000 1.000 1.000
v -497.24766540527344 -77.76765012741089 55.0 1.000 1.000 1.000
v -505.24766540527344 -128.7676501274109 -56.0 1.000 1.000 1.000
v -506.24766540527344 -91.76765012741089 -49.0 1.000 1.000 1.000
v -497.24766540527344 -101.76765012741089 47.0 1.000 1.000 1.000
v -501.24766540527344 -153.7676501274109 -53.0 1.000 1.000 1.000
v -498.24766540527344 -150.7676501274109 1.0 1.000 1.000 1.000
v -505.5210723876953 -114.19528198242188 59.0 1.000 1.000 1.000
v -213.5210723876953 -179.19528198242188 20.0 1.000 1.000 1.000
v -215.5210723876953 -138.19528198242188 87.0 1.000 1.000 1.000
v -212.5210723876953 -109.19528198242188 -73.0 1.000 1.000 1.000
v -500.5210723876953 -159.19528198242188 13.0 1.000 1.000 1.000
v -499.5210723876953 -98.19528198242188 -52.0 1.000 1.000 1.000
v -496.5210723876953 -46.195281982421875 38.0 1.000 1.000 1.000
v -212.5210723876953 -24.195281982421875 27.0 1.000 1.000 1.000
v -212.5210723876953 -24.195281982421875 27.0 1.000 1.000 1.000
v -215.5210723876953 -138.19528198242188 87.0 1.000 1.000 1.000
v -213.5210723876953 -179.19528198242188 20.0 1.000 1.000 1.000
v -212.5210723876953 -109.19528198242188 -73.0 1.000 1.000 1.000
v -254.5689239501953 394.2623020410538 50.0 1.000 1.000 1.000
v -197.5689239501953 425.2623020410538 10.0 1.000 1.000 1.000
v -203.5689239501953 424.2623020410538 -39.0 1.000 1.000 1.000
v -309.5689239501953 425.2623020410538 10.0 1.000 1.000 1.000
v -306.5689239501953 425.2623020410538 -43.0 1.000 1.000 1.000
v -248.5689239501953 432.2623020410538 -53.0 1.000 1.000 1.000
v -4.488785982131958 448.0598449707031 47.0 1.000 1.000 1.000
v -48.48878598213196 478.0598449707031 15.0 1.000 1.000 1.000
v 33.51121401786804 463.0598449707031 -44.0 1.000 1.000 1.000
v 46.51121401786804 479.0598449707031 21.0 1.000 1.000 1.000
v -37.48878598213196 464.0598449707031 -42.0 1.000 1.000 1.000
v -1.488785982131958 555.0598449707031 113.0 1.000 1.000 1.000
v 2.511214017868042 542.0598449707031 105.0 1.000 1.000 1.000
v 49.51121401786804 549.0598449707031 83.0 1.000 1.000 1.000
v 50.51121401786804 562.0598449707031 93.0 1.000 1.000 1.000
v -12.488785982131958 542.0598449707031 105.0 1.000 1.000 1.000
v -8.488785982131958 555.0598449707031 114.0 1.000 1.000 1.000
v -61.48878598213196 545.0598449707031 86.0 1.000 1.000 1.000
v -46.48878598213196 571.0598449707031 114.0 1.000 1.000 1.000
v -59.48878598213196 564.0598449707031 100.0 1.000 1.000 1.000
v 5.511214017868042 510.0598449707031 132.0 1.000 1.000 1.000
v -13.488785982131958 510.0598449707031 132.0 1.000 1.000 1.000
v -22.488785982131958 504.0598449707031 115.0 1.000 1.000 1.000
v 14.511214017868042 505.0598449707031 115.0 1.000 1.000 1.000
v -29.488785982131958 539.0598449707031 109.0 1.000 1.000 1.000
v -49.48878598213196 537.0598449707031 93.0 1.000 1.000 1.000
v -46.48878598213196 479.0598449707031 101.0 1.000 1.000 1.000
v 21.511214017868042 539.0598449707031 109.0 1.000 1.000 1.000
v 49.51121401786804 549.0598449707031 83.0 1.000 1.000 1.000
v 2.511214017868042 542.0598449707031 105.0 1.000 1.000 1.000
v -13.488785982131958 510.0598449707031 132.0 1.000 1.000 1.000
v -22.488785982131958 504.0598449707031 115.0 1.000 1.000 1.000
v -9.488785982131958 498.0598449707031 115.0 1.000 1.000 1.000
v 31.511214017868042 676.0598449707031 104.0 1.000 1.000 1.000
v -4.488785982131958 653.0598449707031 116.0 1.000 1.000 1.000
v 42.51121401786804 634.0598449707031 90.0 1.000 1.000 1.000
v 40.51121401786804 542.0598449707031 93.0 1.000 1.000 1.000
v -22.488785982131958 480.0598449707031 119.0 1.000 1.000 1.000
v -46.48878598213196 479.0598449707031 101.0 1.000 1.000 1.000
v -30.488785982131958 476.0598449707031 115.0 1.000 1.000 1.000
v 2.511214017868042 485.0598449707031 120.0 1.000 1.000 1.000
v -3.488785982131958 484.0598449707031 119.0 1.000 1.000 1.000
v -4.488785982131958 477.0598449707031 118.0 1.000 1.000 1.000
v -13.488785982131958 510.0598449707031 132.0 1.000 1.000 1.000
v -1.488785982131958 555.0598449707031 113.0 1.000 1.000 1.000
v -8.488785982131958 555.0598449707031 114.0 1.000 1.000 1.000
v 14.511214017868042 459.0598449707031 112.0 1.000 1.000 1.000
v 13.511214017868042 433.0598449707031 113.0 1.000 1.000 1.000
v 37.51121401786804 479.0598449707031 101.0 1.000 1.000 1.000
v -21.488785982131958 434.0598449707031 113.0 1.000 1.000 1.000
v -2.488785982131958 425.0598449707031 78.0 1.000 1.000 1.000
v 38.51121401786804 575.0598449707031 110.0 1.000 1.000 1.000
v 50.51121401786804 562.0598449707031 93.0 1.000 1.000 1.000
v 42.51121401786804 634.0598449707031 90.0 1.000 1.000 1.000
v 5.511214017868042 464.0598449707031 118.0 1.000 1.000 1.000
v 23.511214017868042 477.0598449707031 115.0 1.000 1.000 1.000
v 39.51121401786804 686.0598449707031 33.0 1.000 1.000 1.000
v -22.488785982131958 695.0598449707031 3.0 1.000 1.000 1.000
v -4.488785982131958 678.0598449707031 79.0 1.000 1.000 1.000
v 20.511214017868042 633.0598449707031 101.0 1.000 1.000 1.000
v -4.488785982131958 653.0598449707031 116.0 1.000 1.000 1.000
v -1.488785982131958 636.0598449707031 106.0 1.000 1.000 1.000
v 42.51121401786804 634.0598449707031 90.0 1.000 1.000 1.000
v -4.488785982131958 678.0598449707031 79.0 1.000 1.000 1.000
v -22.488785982131958 695.0598449707031 3.0 1.000 1.000 1.000
v -63.48878598213196 673.0598449707031 70.0 1.000 1.000 1.000
v 54.51121401786804 489.0598449707031 72.0 1.000 1.000 1.000
v 49.51121401786804 549.0598449707031 83.0 1.000 1.000 1.000
v 40.51121401786804 542.0598449707031 93.0 1.000 1.000 1.000
v 24.511214017868042 689.0598449707031 -47.0 1.000 1.000 1.000
v -7.488785982131958 682.0598449707031 -70.0 1.000 1.000 1.000
v -8.488785982131958 555.0598449707031 114.0 1.000 1.000 1.000
v -1.488785982131958 555.0598449707031 113.0 1.000 1.000 1.000
v -13.488785982131958 510.0598449707031 132.0 1.000 1.000 1.000
v -4.488785982131958 506.0598449707031 130.0 1.000 1.000 1.000
v 5.511214017868042 510.0598449707031 132.0 1.000 1.000 1.000
v 14.511214017868042 505.0598449707031 115.0 1.000 1.000 1.000
v 14.511214017868042 483.0598449707031 119.0 1.000 1.000 1.000
v 37.51121401786804 479.0598449707031 101.0 1.000 1.000 1.000
v -1.488785982131958 555.0598449707031 113.0 1.000 1.000 1.000
v 38.51121401786804 575.0598449707031 110.0 1.000 1.000 1.000
v 20.511214017868042 633.0598449707031 101.0 1.000 1.000 1.000
v 0.511214017868042 499.0598449707031 115.0 1.000 1.000 1.000
v -17.488785982131958 634.0598449707031 101.0 1.000 1.000 1.000
v -1.488785982131958 636.0598449707031 106.0 1.000 1.000 1.000
v -4.488785982131958 653.0598449707031 116.0 1.000 1.000 1.000
v -45.48878598213196 671.0598449707031 100.0 1.000 1.000 1.000
v -37.48878598213196 632.0598449707031 101.0 1.000 1.000 1.000
v -9.488785982131958 498.0598449707031 115.0 1.000 1.000 1.000
v 21.511214017868042 539.0598449707031 109.0 1.000 1.000 1.000
v 14.511214017868042 505.0598449707031 115.0 1.000 1.000 1.000
v 37.51121401786804 479.0598449707031 101.0 1.000 1.000 1.000
v -1.488785982131958 555.0598449707031 113.0 1.000 1.000 1.000
v 20.511214017868042 633.0598449707031 101.0 1.000 1.000 1.000
v -1.488785982131958 636.0598449707031 106.0 1.000 1.000 1.000
v -21.488785982131958 434.0598449707031 113.0 1.000 1.000 1.000
v 13.511214017868042 433.0598449707031 113.0 1.000 1.000 1.000
v 14.511214017868042 459.0598449707031 112.0 1.000 1.000 1.000
v -12.488785982131958 464.0598449707031 118.0 1.000 1.000 1.000
v -30.488785982131958 476.0598449707031 115.0 1.000 1.000 1.000
v -21.488785982131958 459.0598449707031 112.0 1.000 1.000 1.000
v 23.511214017868042 477.0598449707031 115.0 1.000 1.000 1.000
v -46.48878598213196 479.0598449707031 101.0 1.000 1.000 1.000
v 2.511214017868042 542.0598449707031 105.0 1.000 1.000 1.000
v 0.511214017868042 499.0598449707031 115.0 1.000 1.000 1.000
v 14.511214017868042 505.0598449707031 115.0 1.000 1.000 1.000
v 5.511214017868042 510.0598449707031 132.0 1.000 1.000 1.000
v -46.48878598213196 479.0598449707031 101.0 1.000 1.000 1.000
v -22.488785982131958 480.0598449707031 119.0 1.000 1.000 1.000
v -22.488785982131958 504.0598449707031 115.0 1.000 1.000 1.000
v 38.51121401786804 575.0598449707031 110.0 1.000 1.000 1.000
v -1.488785982131958 555.0598449707031 113.0 1.000 1.000 1.000
v 50.51121401786804 562.0598449707031 93.0 1.000 1.000 1.000
v 14.511214017868042 483.0598449707031 119.0 1.000 1.000 1.000
v 23.511214017868042 477.0598449707031 115.0 1.000 1.000 1.000
v 37.51121401786804 479.0598449707031 101.0 1.000 1.000 1.000
v -29.488785982131958 539.0598449707031 109.0 1.000 1.000 1.000
v -12.488785982131958 542.0598449707031 105.0 1.000 1.000 1.000
v -61.48878598213196 545.0598449707031 86.0 1.000 1.000 1.000
v 54.51121401786804 489.0598449707031 72.0 1.000 1.000 1.000
v 40.51121401786804 542.0598449707031 93.0 1.000 1.000 1.000
v 37.51121401786804 479.0598449707031 101.0 1.000 1.000 1.000
v 49.51121401786804 549.0598449707031 83.0 1.000 1.000 1.000
v 58.51121401786804 623.0598449707031 77.0 1.000 1.000 1.000
v 42.51121401786804 634.0598449707031 90.0 1.000 1.000 1.000
v 50.51121401786804 562.0598449707031 93.0 1.000 1.000 1.000
v 31.511214017868042 676.0598449707031 104.0 1.000 1.000 1.000
v 39.51121401786804 686.0598449707031 33.0 1.000 1.000 1.000
v -4.488785982131958 678.0598449707031 79.0 1.000 1.000 1.000
v -45.48878598213196 671.0598449707031 100.0 1.000 1.000 1.000
v -4.488785982131958 653.0598449707031 116.0 1.000 1.000 1.000
v -7.488785982131958 682.0598449707031 -70.0 1.000 1.000 1.000
v -43.48878598213196 672.0598449707031 -71.0 1.000 1.000 1.000
v -22.488785982131958 695.0598449707031 3.0 1.000 1.000 1.000
v 24.511214017868042 689.0598449707031 -47.0 1.000 1.000 1.000
v -49.48878598213196 537.0598449707031 93.0 1.000 1.000 1.000
v -29.488785982131958 539.0598449707031 109.0 1.000 1.000 1.000
v -61.48878598213196 545.0598449707031 86.0 1.000 1.000 1.000
v 0.511214017868042 499.0598449707031 115.0 1.000 1.000 1.000
v -4.488785982131958 506.0598449707031 130.0 1.000 1.000 1.000
v -9.488785982131958 498.0598449707031 115.0 1.000 1.000 1.000
v -37.48878598213196 632.0598449707031 101.0 1.000 1.000 1.000
v -46.48878598213196 571.0598449707031 114.0 1.000 1.000 1.000
v -8.488785982131958 555.0598449707031 114.0 1.000 1.000 1.000
v 38.51121401786804 575.0598449707031 110.0 1.000 1.000 1.000
v 42.51121401786804 634.0598449707031 90.0 1.000 1.000 1.000
v 20.511214017868042 633.0598449707031 101.0 1.000 1.000 1.000
v -17.488785982131958 634.0598449707031 101.0 1.000 1.000 1.000
v -1.488785982131958 636.0598449707031 106.0 1.000 1.000 1.000
v -45.48878598213196 671.0598449707031 100.0 1.000 1.000 1.000
v -54.48878598213196 620.0598449707031 88.0 1.000 1.000 1.000
v 24.511214017868042 689.0598449707031 -47.0 1.000 1.000 1.000
v 56.51121401786804 666.0598449707031 -75.0 1.000 1.000 1.000
v -7.488785982131958 682.0598449707031 -70.0 1.000 1.000 1.000
v -10.488785982131958 485.0598449707031 120.0 1.000 1.000 1.000
v -3.488785982131958 484.0598449707031 119.0 1.000 1.000 1.000
v 0.511214017868042 499.0598449707031 115.0 1.000 1.000 1.000
v -17.488785982131958 634.0598449707031 101.0 1.000 1.000 1.000
v -4.488785982131958 653.0598449707031 116.0 1.000 1.000 1.000
v -37.48878598213196 632.0598449707031 101.0 1.000 1.000 1.000
v -13.488785982131958 510.0598449707031 132.0 1.000 1.000 1.000
v 5.511214017868042 510.0598449707031 132.0 1.000 1.000 1.000
v -1.488785982131958 555.0598449707031 113.0 1.000 1.000 1.000
v -29.488785982131958 539.0598449707031 109.0 1.000 1.000 1.000
v -22.488785982131958 504.0598449707031 115.0 1.000 1.000 1.000
v -12.488785982131958 542.0598449707031 105.0 1.000 1.000 1.000
v -46.48878598213196 479.0598449707031 101.0 1.000 1.000 1.000
v -21.488785982131958 434.0598449707031 113.0 1.000 1.000 1.000
v -21.488785982131958 459.0598449707031 112.0 1.000 1.000 1.000
v 5.511214017868042 464.0598449707031 118.0 1.000 1.000 1.000
v 23.511214017868042 477.0598449707031 115.0 1.000 1.000 1.000
v -4.488785982131958 477.0598449707031 118.0 1.000 1.000 1.000
v -12.488785982131958 464.0598449707031 118.0 1.000 1.000 1.000
v 2.511214017868042 485.0598449707031 120.0 1.000 1.000 1.000
v 14.511214017868042 483.0598449707031 119.0 1.000 1.000 1.000
v 14.511214017868042 505.0598449707031 115.0 1.000 1.000 1.000
v 75.51121401786804 658.0598449707031 75.0 1.000 1.000 1.000
v 39.51121401786804 686.0598449707031 33.0 1.000 1.000 1.000
v 31.511214017868042 676.0598449707031 104.0 1.000 1.000 1.000
v 62.51121401786804 662.0598449707031 85.0 1.000 1.000 1.000
v 42.51121401786804 634.0598449707031 90.0 1.000 1.000 1.000
v 58.51121401786804 623.0598449707031 77.0 1.000 1.000 1.000
v -12.488785982131958 464.0598449707031 118.0 1.000 1.000 1.000
v -4.488785982131958 477.0598449707031 118.0 1.000 1.000 1.000
v -30.488785982131958 476.0598449707031 115.0 1.000 1.000 1.000
v 5.511214017868042 464.0598449707031 118.0 1.000 1.000 1.000
v 14.511214017868042 459.0598449707031 112.0 1.000 1.000 1.000
v -21.488785982131958 459.0598449707031 112.0 1.000 1.000 1.000
v -10.488785982131958 485.0598449707031 120.0 1.000 1.000 1.000
v -22.488785982131958 480.0598449707031 119.0 1.000 1.000 1.000
v -3.488785982131958 484.0598449707031 119.0 1.000 1.000 1.000
v 14.511214017868042 483.0598449707031 119.0 1.000 1.000 1.000
v 2.511214017868042 485.0598449707031 120.0 1.000 1.000 1.000
v 23.511214017868042 477.0598449707031 115.0 1.000 1.000 1.000
v -22.488785982131958 504.0598449707031 115.0 1.000 1.000 1.000
v -9.488785982131958 498.0598449707031 115.0 1.000 1.000 1.000
v 0.511214017868042 499.0598449707031 115.0 1.000 1.000 1.000
v 14.511214017868042 505.0598449707031 115.0 1.000 1.000 1.000
v -61.48878598213196 545.0598449707031 86.0 1.000 1.000 1.000
v -8.488785982131958 555.0598449707031 114.0 1.000 1.000 1.000
v -59.48878598213196 564.0598449707031 100.0 1.000 1.000 1.000
v 40.51121401786804 542.0598449707031 93.0 1.000 1.000 1.000
v 21.511214017868042 539.0598449707031 109.0 1.000 1.000 1.000
v 37.51121401786804 479.0598449707031 101.0 1.000 1.000 1.000
v -29.488785982131958 539.0598449707031 109.0 1.000 1.000 1.000
v -46.48878598213196 479.0598449707031 101.0 1.000 1.000 1.000
v -22.488785982131958 504.0598449707031 115.0 1.000 1.000 1.000
v 62.51121401786804 662.0598449707031 85.0 1.000 1.000 1.000
v 75.51121401786804 658.0598449707031 75.0 1.000 1.000 1.000
v 31.511214017868042 676.0598449707031 104.0 1.000 1.000 1.000
v -45.48878598213196 671.0598449707031 100.0 1.000 1.000 1.000
v -4.488785982131958 678.0598449707031 79.0 1.000 1.000 1.000
v -63.48878598213196 673.0598449707031 70.0 1.000 1.000 1.000
v -4.488785982131958 653.0598449707031 116.0 1.000 1.000 1.000
v 62.51121401786804 662.0598449707031 85.0 1.000 1.000 1.000
v 31.511214017868042 676.0598449707031 104.0 1.000 1.000 1.000
v 42.51121401786804 634.0598449707031 90.0 1.000 1.000 1.000
v 75.51121401786804 658.0598449707031 75.0 1.000 1.000 1.000
v 58.51121401786804 623.0598449707031 77.0 1.000 1.000 1.000
v -22.488785982131958 480.0598449707031 119.0 1.000 1.000 1.000
v -30.488785982131958 476.0598449707031 115.0 1.000 1.000 1.000
v -4.488785982131958 477.0598449707031 118.0 1.000 1.000 1.000
v 54.51121401786804 489.0598449707031 72.0 1.000 1.000 1.000
v 70.51121401786804 548.0598449707031 16.0 1.000 1.000 1.000
v 49.51121401786804 549.0598449707031 83.0 1.000 1.000 1.000
v 59.51121401786804 482.0598449707031 14.0 1.000 1.000 1.000
v 86.51121401786804 498.0598449707031 8.0 1.000 1.000 1.000
v 49.51121401786804 460.0598449707031 36.0 1.000 1.000 1.000
v 36.51121401786804 443.0598449707031 53.0 1.000 1.000 1.000
v 97.51121401786804 638.0598449707031 46.0 1.000 1.000 1.000
v 65.51121401786804 597.0598449707031 42.0 1.000 1.000 1.000
v 120.51121401786804 554.0598449707031 3.0 1.000 1.000 1.000
v 36.51121401786804 443.0598449707031 53.0 1.000 1.000 1.000
v 54.51121401786804 489.0598449707031 72.0 1.000 1.000 1.000
v 37.51121401786804 479.0598449707031 101.0 1.000 1.000 1.000
v 113.51121401786804 501.0598449707031 -5.0 1.000 1.000 1.000
v 70.51121401786804 548.0598449707031 16.0 1.000 1.000 1.000
v 86.51121401786804 498.0598449707031 8.0 1.000 1.000 1.000
v 58.51121401786804 623.0598449707031 77.0 1.000 1.000 1.000
v 49.51121401786804 549.0598449707031 83.0 1.000 1.000 1.000
v 131.51121401786804 583.0598449707031 -38.0 1.000 1.000 1.000
v 122.51121401786804 614.0598449707031 0.0 1.000 1.000 1.000
v 27.511214017868042 435.0598449707031 78.0 1.000 1.000 1.000
v 13.511214017868042 433.0598449707031 113.0 1.000 1.000 1.000
v -2.488785982131958 425.0598449707031 78.0 1.000 1.000 1.000
v 122.51121401786804 614.0598449707031 0.0 1.000 1.000 1.000
v 131.51121401786804 583.0598449707031 -38.0 1.000 1.000 1.000
v 82.51121401786804 659.0598449707031 -32.0 1.000 1.000 1.000
v 27.511214017868042 435.0598449707031 78.0 1.000 1.000 1.000
v 37.51121401786804 479.0598449707031 101.0 1.000 1.000 1.000
v 13.511214017868042 433.0598449707031 113.0 1.000 1.000 1.000
v 65.51121401786804 597.0598449707031 42.0 1.000 1.000 1.000
v 75.51121401786804 658.0598449707031 75.0 1.000 1.000 1.000
v 58.51121401786804 623.0598449707031 77.0 1.000 1.000 1.000
v 97.51121401786804 638.0598449707031 46.0 1.000 1.000 1.000
v 24.511214017868042 689.0598449707031 -47.0 1.000 1.000 1.000
v 39.51121401786804 686.0598449707031 33.0 1.000 1.000 1.000
v 70.51121401786804 565.0598449707031 -101.0 1.000 1.000 1.000
v 56.51121401786804 666.0598449707031 -75.0 1.000 1.000 1.000
v 107.51121401786804 530.0598449707031 -68.0 1.000 1.000 1.000
v 69.51121401786804 451.0598449707031 -82.0 1.000 1.000 1.000
v 27.511214017868042 435.0598449707031 78.0 1.000 1.000 1.000
v 36.51121401786804 443.0598449707031 53.0 1.000 1.000 1.000
v 37.51121401786804 479.0598449707031 101.0 1.000 1.000 1.000
v 65.51121401786804 597.0598449707031 42.0 1.000 1.000 1.000
v 70.51121401786804 548.0598449707031 16.0 1.000 1.000 1.000
v 120.51121401786804 554.0598449707031 3.0 1.000 1.000 1.000
v -2.488785982131958 425.0598449707031 78.0 1.000 1.000 1.000
v 113.51121401786804 501.0598449707031 -5.0 1.000 1.000 1.000
v 124.51121401786804 535.0598449707031 -21.0 1.000 1.000 1.000
v 107.51121401786804 530.0598449707031 -68.0 1.000 1.000 1.000
v 90.51121401786804 470.0598449707031 -46.0 1.000 1.000 1.000
v 69.51121401786804 451.0598449707031 -82.0 1.000 1.000 1.000
v 131.51121401786804 583.0598449707031 -38.0 1.000 1.000 1.000
v 49.51121401786804 549.0598449707031 83.0 1.000 1.000 1.000
v 82.51121401786804 659.0598449707031 -32.0 1.000 1.000 1.000
v 56.51121401786804 666.0598449707031 -75.0 1.000 1.000 1.000
v 24.511214017868042 689.0598449707031 -47.0 1.000 1.000 1.000
v 97.51121401786804 638.0598449707031 46.0 1.000 1.000 1.000
v 39.51121401786804 686.0598449707031 33.0 1.000 1.000 1.000
v 75.51121401786804 658.0598449707031 75.0 1.000 1.000 1.000
v 107.51121401786804 530.0598449707031 -68.0 1.000 1.000 1.000
v 113.51121401786804 501.0598449707031 -5.0 1.000 1.000 1.000
v 90.51121401786804 470.0598449707031 -46.0 1.000 1.000 1.000
v 122.51121401786804 614.0598449707031 0.0 1.000 1.000 1.000
v 86.51121401786804 498.0598449707031 8.0 1.000 1.000 1.000
v 54.51121401786804 489.0598449707031 72.0 1.000 1.000 1.000
v 59.51121401786804 482.0598449707031 14.0 1.000 1.000 1.000
v 70.51121401786804 548.0598449707031 16.0 1.000 1.000 1.000
v 131.51121401786804 583.0598449707031 -38.0 1.000 1.000 1.000
v 120.51121401786804 554.0598449707031 3.0 1.000 1.000 1.000
v 131.51121401786804 583.0598449707031 -38.0 1.000 1.000 1.000
v 120.51121401786804 554.0598449707031 3.0 1.000 1.000 1.000
v 124.51121401786804 535.0598449707031 -21.0 1.000 1.000 1.000
v 107.51121401786804 530.0598449707031 -68.0 1.000 1.000 1.000
v 113.51121401786804 501.0598449707031 -5.0 1.000 1.000 1.000
v 70.51121401786804 565.0598449707031 -101.0 1.000 1.000 1.000
v 90.51121401786804 470.0598449707031 -46.0 1.000 1.000 1.000
v 86.51121401786804 498.0598449707031 8.0 1.000 1.000 1.000
v 59.51121401786804 482.0598449707031 14.0 1.000 1.000 1.000
v 46.51121401786804 479.0598449707031 21.0 1.000 1.000 1.000
v 33.51121401786804 463.0598449707031 -44.0 1.000 1.000 1.000
v 69.51121401786804 451.0598449707031 -82.0 1.000 1.000 1.000
v -2.488785982131958 425.0598449707031 78.0 1.000 1.000 1.000
v -4.488785982131958 448.0598449707031 47.0 1.000 1.000 1.000
v 36.51121401786804 443.0598449707031 53.0 1.000 1.000 1.000
v 49.51121401786804 460.0598449707031 36.0 1.000 1.000 1.000
v -102.48878598213196 610.0598449707031 47.0 1.000 1.000 1.000
v -77.48878598213196 637.0598449707031 85.0 1.000 1.000 1.000
v -63.48878598213196 673.0598449707031 70.0 1.000 1.000 1.000
v -54.48878598213196 620.0598449707031 88.0 1.000 1.000 1.000
v -77.48878598213196 544.0598449707031 16.0 1.000 1.000 1.000
v -45.48878598213196 671.0598449707031 100.0 1.000 1.000 1.000
v -46.48878598213196 479.0598449707031 101.0 1.000 1.000 1.000
v -34.48878598213196 437.0598449707031 78.0 1.000 1.000 1.000
v -21.488785982131958 434.0598449707031 113.0 1.000 1.000 1.000
v 56.51121401786804 666.0598449707031 -75.0 1.000 1.000 1.000
v -5.488785982131958 631.0598449707031 -99.0 1.000 1.000 1.000
v -7.488785982131958 682.0598449707031 -70.0 1.000 1.000 1.000
v 70.51121401786804 565.0598449707031 -101.0 1.000 1.000 1.000
v -43.48878598213196 672.0598449707031 -71.0 1.000 1.000 1.000
v -73.48878598213196 622.0598449707031 -82.0 1.000 1.000 1.000
v -61.48878598213196 545.0598449707031 86.0 1.000 1.000 1.000
v -59.48878598213196 564.0598449707031 100.0 1.000 1.000 1.000
v -54.48878598213196 620.0598449707031 88.0 1.000 1.000 1.000
v -101.48878598213196 630.0598449707031 -26.0 1.000 1.000 1.000
v -63.48878598213196 673.0598449707031 70.0 1.000 1.000 1.000
v -22.488785982131958 695.0598449707031 3.0 1.000 1.000 1.000
v -4.488785982131958 561.0598449707031 -118.0 1.000 1.000 1.000
v 70.51121401786804 565.0598449707031 -101.0 1.000 1.000 1.000
v 69.51121401786804 451.0598449707031 -82.0 1.000 1.000 1.000
v -5.488785982131958 631.0598449707031 -99.0 1.000 1.000 1.000
v -73.48878598213196 563.0598449707031 -100.0 1.000 1.000 1.000
v -77.48878598213196 544.0598449707031 16.0 1.000 1.000 1.000
v -107.48878598213196 511.0598449707031 -9.0 1.000 1.000 1.000
v -97.48878598213196 503.0598449707031 -4.0 1.000 1.000 1.000
v -102.48878598213196 610.0598449707031 47.0 1.000 1.000 1.000
v -42.48878598213196 443.0598449707031 54.0 1.000 1.000 1.000
v -46.48878598213196 479.0598449707031 101.0 1.000 1.000 1.000
v -59.48878598213196 491.0598449707031 72.0 1.000 1.000 1.000
v -120.48878598213196 582.0598449707031 -20.0 1.000 1.000 1.000
v -101.48878598213196 630.0598449707031 -26.0 1.000 1.000 1.000
v -73.48878598213196 563.0598449707031 -100.0 1.000 1.000 1.000
v -112.48878598213196 570.0598449707031 6.0 1.000 1.000 1.000
v -120.48878598213196 534.0598449707031 -21.0 1.000 1.000 1.000
v -77.48878598213196 544.0598449707031 16.0 1.000 1.000 1.000
v -107.48878598213196 511.0598449707031 -9.0 1.000 1.000 1.000
v -102.48878598213196 610.0598449707031 47.0 1.000 1.000 1.000
v -37.48878598213196 632.0598449707031 101.0 1.000 1.000 1.000
v -54.48878598213196 620.0598449707031 88.0 1.000 1.000 1.000
v -46.48878598213196 571.0598449707031 114.0 1.000 1.000 1.000
v -57.48878598213196 452.0598449707031 -84.0 1.000 1.000 1.000
v -97.48878598213196 503.0598449707031 -4.0 1.000 1.000 1.000
v -104.48878598213196 484.0598449707031 -50.0 1.000 1.000 1.000
v -77.48878598213196 544.0598449707031 16.0 1.000 1.000 1.000
v -77.48878598213196 637.0598449707031 85.0 1.000 1.000 1.000
v -102.48878598213196 610.0598449707031 47.0 1.000 1.000 1.000
v -112.48878598213196 570.0598449707031 6.0 1.000 1.000 1.000
v -101.48878598213196 630.0598449707031 -26.0 1.000 1.000 1.000
v -73.48878598213196 622.0598449707031 -82.0 1.000 1.000 1.000
v -73.48878598213196 563.0598449707031 -100.0 1.000 1.000 1.000
v -120.48878598213196 582.0598449707031 -20.0 1.000 1.000 1.000
v -4.488785982131958 561.0598449707031 -118.0 1.000 1.000 1.000
v -57.48878598213196 452.0598449707031 -84.0 1.000 1.000 1.000
v -73.48878598213196 563.0598449707031 -100.0 1.000 1.000 1.000
v 69.51121401786804 451.0598449707031 -82.0 1.000 1.000 1.000
v -46.48878598213196 479.0598449707031 101.0 1.000 1.000 1.000
v -49.48878598213196 537.0598449707031 93.0 1.000 1.000 1.000
v -59.48878598213196 491.0598449707031 72.0 1.000 1.000 1.000
v -104.48878598213196 484.0598449707031 -50.0 1.000 1.000 1.000
v -97.48878598213196 503.0598449707031 -4.0 1.000 1.000 1.000
v -107.48878598213196 511.0598449707031 -9.0 1.000 1.000 1.000
v -54.48878598213196 620.0598449707031 88.0 1.000 1.000 1.000
v -59.48878598213196 564.0598449707031 100.0 1.000 1.000 1.000
v -46.48878598213196 571.0598449707031 114.0 1.000 1.000 1.000
v -112.48878598213196 570.0598449707031 6.0 1.000 1.000 1.000
v -101.48878598213196 630.0598449707031 -26.0 1.000 1.000 1.000
v -120.48878598213196 582.0598449707031 -20.0 1.000 1.000 1.000
v -120.48878598213196 534.0598449707031 -21.0 1.000 1.000 1.000
v -43.48878598213196 672.0598449707031 -71.0 1.000 1.000 1.000
v -73.48878598213196 622.0598449707031 -82.0 1.000 1.000 1.000
v -73.48878598213196 622.0598449707031 -82.0 1.000 1.000 1.000
v -5.488785982131958 631.0598449707031 -99.0 1.000 1.000 1.000
v -73.48878598213196 563.0598449707031 -100.0 1.000 1.000 1.000
v -61.48878598213196 545.0598449707031 86.0 1.000 1.000 1.000
v -77.48878598213196 544.0598449707031 16.0 1.000 1.000 1.000
v -59.48878598213196 491.0598449707031 72.0 1.000 1.000 1.000
v -42.48878598213196 443.0598449707031 54.0 1.000 1.000 1.000
v -53.48878598213196 462.0598449707031 36.0 1.000 1.000 1.000
v -60.48878598213196 482.0598449707031 20.0 1.000 1.000 1.000
v -104.48878598213196 484.0598449707031 -50.0 1.000 1.000 1.000
v -107.48878598213196 511.0598449707031 -9.0 1.000 1.000 1.000
v -120.48878598213196 534.0598449707031 -21.0 1.000 1.000 1.000
v -54.48878598213196 620.0598449707031 88.0 1.000 1.000 1.000
v -49.48878598213196 537.0598449707031 93.0 1.000 1.000 1.000
v -73.48878598213196 563.0598449707031 -100.0 1.000 1.000 1.000
v -57.48878598213196 452.0598449707031 -84.0 1.000 1.000 1.000
v -42.48878598213196 443.0598449707031 54.0 1.000 1.000 1.000
v -34.48878598213196 437.0598449707031 78.0 1.000 1.000 1.000
v -46.48878598213196 479.0598449707031 101.0 1.000 1.000 1.000
v -63.48878598213196 673.0598449707031 70.0 1.000 1.000 1.000
v -77.48878598213196 637.0598449707031 85.0 1.000 1.000 1.000
v -45.48878598213196 671.0598449707031 100.0 1.000 1.000 1.000
v -43.48878598213196 672.0598449707031 -71.0 1.000 1.000 1.000
v -101.48878598213196 630.0598449707031 -26.0 1.000 1.000 1.000
v -22.488785982131958 695.0598449707031 3.0 1.000 1.000 1.000
v -77.48878598213196 544.0598449707031 16.0 1.000 1.000 1.000
v -60.48878598213196 482.0598449707031 20.0 1.000 1.000 1.000
v -59.48878598213196 491.0598449707031 72.0 1.000 1.000 1.000
v -2.488785982131958 425.0598449707031 78.0 1.000 1.000 1.000
v -97.48878598213196 503.0598449707031 -4.0 1.000 1.000 1.000
v -81.48878598213196 500.0598449707031 10.0 1.000 1.000 1.000
v -120.48878598213196 582.0598449707031 -20.0 1.000 1.000 1.000
v -104.48878598213196 484.0598449707031 -50.0 1.000 1.000 1.000
v -120.48878598213196 534.0598449707031 -21.0 1.000 1.000 1.000
v -21.488785982131958 434.0598449707031 113.0 1.000 1.000 1.000
v -34.48878598213196 437.0598449707031 78.0 1.000 1.000 1.000
v -2.488785982131958 425.0598449707031 78.0 1.000 1.000 1.000
v -57.48878598213196 452.0598449707031 -84.0 1.000 1.000 1.000
v 69.51121401786804 451.0598449707031 -82.0 1.000 1.000 1.000
v 33.51121401786804 463.0598449707031 -44.0 1.000 1.000 1.000
v -37.48878598213196 464.0598449707031 -42.0 1.000 1.000 1.000
v -97.48878598213196 503.0598449707031 -4.0 1.000 1.000 1.000
v -57.48878598213196 452.0598449707031 -84.0 1.000 1.000 1.000
v -37.48878598213196 464.0598449707031 -42.0 1.000 1.000 1.000
v -60.48878598213196 482.0598449707031 20.0 1.000 1.000 1.000
v -81.48878598213196 500.0598449707031 10.0 1.000 1.000 1.000
v -48.48878598213196 478.0598449707031 15.0 1.000 1.000 1.000
v -53.48878598213196 462.0598449707031 36.0 1.000 1.000 1.000
v -60.48878598213196 482.0598449707031 20.0 1.000 1.000 1.000
v -48.48878598213196 478.0598449707031 15.0 1.000 1.000 1.000
v -42.48878598213196 443.0598449707031 54.0 1.000 1.000 1.000
v -4.488785982131958 448.0598449707031 47.0 1.000 1.000 1.000
v -2.488785982131958 425.0598449707031 78.0 1.000 1.000 1.000
v -66.48878598213196 486.0598449707031 -76.0 1.000 1.000 1.000
v 65.51121401786804 487.0598449707031 -76.0 1.000 1.000 1.000
v 37.51121401786804 437.0598449707031 119.0 1.000 1.000 1.000
v -37.48878598213196 437.0598449707031 119.0 1.000 1.000 1.000
v -62.48878598213196 660.0598449707031 80.0 1.000 1.000 1.000
v 63.51121401786804 656.0598449707031 80.0 1.000 1.000 1.000
v 47.51121401786804 646.0598449707031 -99.0 1.000 1.000 1.000
v -58.48878598213196 646.0598449707031 -99.0 1.000 1.000 1.000
v 65.51121401786804 487.0598449707031 -76.0 1.000 1.000 1.000
v -66.48878598213196 486.0598449707031 -76.0 1.000 1.000 1.000
v -58.48878598213196 646.0598449707031 -99.0 1.000 1.000 1.000
v 47.51121401786804 646.0598449707031 -99.0 1.000 1.000 1.000
v -37.48878598213196 437.0598449707031 119.0 1.000 1.000 1.000
v 37.51121401786804 437.0598449707031 119.0 1.000 1.000 1.000
v 63.51121401786804 656.0598449707031 80.0 1.000 1.000 1.000
v -62.48878598213196 660.0598449707031 80.0 1.000 1.000 1.000
v 37.51121401786804 437.0598449707031 119.0 1.000 1.000 1.000
v 65.51121401786804 487.0598449707031 -76.0 1.000 1.000 1.000
v 47.51121401786804 646.0598449707031 -99.0 1.000 1.000 1.000
v 63.51121401786804 656.0598449707031 80.0 1.000 1.000 1.000
v -62.48878598213196 660.0598449707031 80.0 1.000 1.000 1.000
v -58.48878598213196 646.0598449707031 -99.0 1.000 1.000 1.000
v -66.48878598213196 486.0598449707031 -76.0 1.000 1.000 1.000
v -37.48878598213196 437.0598449707031 119.0 1.000 1.000 1.000
v 380.91993713378906 -53.7639269977808 80.09654712677002 1.000 1.000 1.000
v 257.91993713378906 -36.7639269977808 49.09654712677002 1.000 1.000 1.000
v 377.91993713378906 -56.7639269977808 -25.90345287322998 1.000 1.000 1.000
v 260.91993713378906 -34.7639269977808 -12.90345287322998 1.000 1.000 1.000
v 353.91993713378906 32.2360730022192 -28.90345287322998 1.000 1.000 1.000
v 377.91993713378906 -56.7639269977808 -25.90345287322998 1.000 1.000 1.000
v 263.91993713378906 5.2360730022192 -12.90345287322998 1.000 1.000 1.000
v 260.91993713378906 -34.7639269977808 -12.90345287322998 1.000 1.000 1.000
v 257.91993713378906 -36.7639269977808 49.09654712677002 1.000 1.000 1.000
v 380.91993713378906 -53.7639269977808 80.09654712677002 1.000 1.000 1.000
v 260.91993713378906 7.2360730022192 46.09654712677002 1.000 1.000 1.000
v 357.91993713378906 33.2360730022192 77.09654712677002 1.000 1.000 1.000
v 263.91993713378906 5.2360730022192 -12.90345287322998 1.000 1.000 1.000
v 260.91993713378906 7.2360730022192 46.09654712677002 1.000 1.000 1.000
v 353.91993713378906 32.2360730022192 -28.90345287322998 1.000 1.000 1.000
v 357.91993713378906 33.2360730022192 77.09654712677002 1.000 1.000 1.000
v 377.91993713378906 -56.7639269977808 -25.90345287322998 1.000 1.000 1.000
v 353.91993713378906 32.2360730022192 -28.90345287322998 1.000 1.000 1.000
v 380.91993713378906 -53.7639269977808 80.09654712677002 1.000 1.000 1.000
v 357.91993713378906 33.2360730022192 77.09654712677002 1.000 1.000 1.000
v 485.8562123775482 310.69755935668945 58.895044803619385 1.000 1.000 1.000
v 486.8562123775482 315.69755935668945 -37.104955196380615 1.000 1.000 1.000
v 485.8562123775482 310.69755935668945 58.895044803619385 1.000 1.000 1.000
v 447.8562123775482 398.69755935668945 49.895044803619385 1.000 1.000 1.000
v 463.8562123775482 385.69755935668945 -39.104955196380615 1.000 1.000 1.000
v 447.8562123775482 398.69755935668945 49.895044803619385 1.000 1.000 1.000
v 257.91993713378906 -36.7639269977808 49.09654712677002 1.000 1.000 1.000
v 260.91993713378906 7.2360730022192 46.09654712677002 1.000 1.000 1.000
v 263.91993713378906 5.2360730022192 -12.90345287322998 1.000 1.000 1.000
v 260.91993713378906 -34.7639269977808 -12.90345287322998 1.000 1.000 1.000
v 411.8562123775482 356.69755935668945 -37.104955196380615 1.000 1.000 1.000
v 407.8562123775482 317.69755935668945 -33.104955196380615 1.000 1.000 1.000
v 367.8562123775482 392.69755935668945 -6.104955196380615 1.000 1.000 1.000
v 408.8562123775482 384.69755935668945 -35.104955196380615 1.000 1.000 1.000
v 407.8562123775482 393.69755935668945 27.895044803619385 1.000 1.000 1.000
v 404.8562123775482 363.69755935668945 48.895044803619385 1.000 1.000 1.000
v 407.8562123775482 393.69755935668945 27.895044803619385 1.000 1.000 1.000
v 411.8562123775482 314.69755935668945 16.895044803619385 1.000 1.000 1.000
v 406.8562123775482 312.69755935668945 54.895044803619385 1.000 1.000 1.000
v 486.8562123775482 315.69755935668945 -37.104955196380615 1.000 1.000 1.000
v 463.8562123775482 385.69755935668945 -39.104955196380615 1.000 1.000 1.000
v 463.8562123775482 385.69755935668945 -39.104955196380615 1.000 1.000 1.000
v 447.8562123775482 398.69755935668945 49.895044803619385 1.000 1.000 1.000
v 447.8562123775482 398.69755935668945 49.895044803619385 1.000 1.000 1.000
v 485.8562123775482 310.69755935668945 58.895044803619385 1.000 1.000 1.000
v 485.8562123775482 310.69755935668945 58.895044803619385 1.000 1.000 1.000
v 411.8562123775482 314.69755935668945 16.895044803619385 1.000 1.000 1.000
v 406.8562123775482 312.69755935668945 54.895044803619385 1.000 1.000 1.000
v 404.8562123775482 363.69755935668945 48.895044803619385 1.000 1.000 1.000
v 407.8562123775482 393.69755935668945 27.895044803619385 1.000 1.000 1.000
v 367.8562123775482 392.69755935668945 -6.104955196380615 1.000 1.000 1.000
v 408.8562123775482 384.69755935668945 -35.104955196380615 1.000 1.000 1.000
v 411.8562123775482 356.69755935668945 -37.104955196380615 1.000 1.000 1.000
v 407.8562123775482 317.69755935668945 -33.104955196380615 1.000 1.000 1.000
v 486.8562123775482 315.69755935668945 -37.104955196380615 1.000 1.000 1.000
v 485.8562123775482 310.69755935668945 58.895044803619385 1.000 1.000 1.000
v 485.8562123775482 310.69755935668945 58.895044803619385 1.000 1.000 1.000
v 463.8562123775482 385.69755935668945 -39.104955196380615 1.000 1.000 1.000
v 463.8562123775482 385.69755935668945 -39.104955196380615 1.000 1.000 1.000
v 683.8562123775482 348.69755935668945 53.895044803619385 1.000 1.000 1.000
v 413.8562123775482 389.69755935668945 63.895044803619385 1.000 1.000 1.000
v 407.8562123775482 329.69755935668945 61.895044803619385 1.000 1.000 1.000
v 408.8562123775482 325.69755935668945 -29.104955196380615 1.000 1.000 1.000
v 684.8562123775482 353.69755935668945 -13.104955196380615 1.000 1.000 1.000
v 415.8562123775482 395.69755935668945 -46.104955196380615 1.000 1.000 1.000
v 686.8562123775482 399.69755935668945 52.895044803619385 1.000 1.000 1.000
v 687.8562123775482 385.69755935668945 -15.104955196380615 1.000 1.000 1.000
v 407.8562123775482 329.69755935668945 61.895044803619385 1.000 1.000 1.000
v 413.8562123775482 389.69755935668945 63.895044803619385 1.000 1.000 1.000
v 415.8562123775482 395.69755935668945 -46.104955196380615 1.000 1.000 1.000
v 408.8562123775482 325.69755935668945 -29.104955196380615 1.000 1.000 1.000
v 194.9516408443451 277.9225273132324 -43.0 1.000 1.000 1.000
v 356.9516408443451 310.9225273132324 -29.0 1.000 1.000 1.000
v 353.9516408443451 305.9225273132324 51.0 1.000 1.000 1.000
v 196.9516408443451 271.9225273132324 53.0 1.000 1.000 1.000
v 113.95164084434509 341.9225273132324 -48.0 1.000 1.000 1.000
v 149.9516408443451 364.9225273132324 54.0 1.000 1.000 1.000
v 302.9516408443451 385.9225273132324 25.0 1.000 1.000 1.000
v 102.95164084434509 347.9225273132324 -6.0 1.000 1.000 1.000
v 196.9516408443451 271.9225273132324 53.0 1.000 1.000 1.000
v 302.9516408443451 385.9225273132324 25.0 1.000 1.000 1.000
v 149.9516408443451 364.9225273132324 54.0 1.000 1.000 1.000
v 102.95164084434509 347.9225273132324 -6.0 1.000 1.000 1.000
v 107.95164084434509 351.9225273132324 25.0 1.000 1.000 1.000
v 353.9516408443451 305.9225273132324 51.0 1.000 1.000 1.000
v 194.9516408443451 277.9225273132324 -43.0 1.000 1.000 1.000
v 363.9516408443451 383.9225273132324 -37.0 1.000 1.000 1.000
v 356.9516408443451 310.9225273132324 -29.0 1.000 1.000 1.000
v 113.95164084434509 341.9225273132324 -48.0 1.000 1.000 1.000
v 363.9516408443451 383.9225273132324 -37.0 1.000 1.000 1.000
v 113.95164084434509 341.9225273132324 -48.0 1.000 1.000 1.000
v 302.9516408443451 385.9225273132324 25.0 1.000 1.000 1.000
v -105.56892395019531 278.2623020410538 -44.0 1.000 1.000 1.000
v -114.56892395019531 278.2623020410538 54.0 1.000 1.000 1.000
v -102.56892395019531 352.2623020410538 55.0 1.000 1.000 1.000
v -100.56892395019531 399.2623020410538 17.0 1.000 1.000 1.000
v -101.56892395019531 395.2623020410538 -30.0 1.000 1.000 1.000
v -103.56892395019531 359.2623020410538 -59.0 1.000 1.000 1.000
v 194.9516408443451 277.9225273132324 -43.0 1.000 1.000 1.000
v 196.9516408443451 271.9225273132324 53.0 1.000 1.000 1.000
v 149.9516408443451 364.9225273132324 54.0 1.000 1.000 1.000
v 107.95164084434509 351.9225273132324 25.0 1.000 1.000 1.000
v 102.95164084434509 347.9225273132324 -6.0 1.000 1.000 1.000
v 113.95164084434509 341.9225273132324 -48.0 1.000 1.000 1.000
v 356.9516408443451 310.9225273132324 -29.0 1.000 1.000 1.000
v 356.9516408443451 310.9225273132324 -29.0 1.000 1.000 1.000
v 363.9516408443451 383.9225273132324 -37.0 1.000 1.000 1.000
v 363.9516408443451 383.9225273132324 -37.0 1.000 1.000 1.000
v 302.9516408443451 385.9225273132324 25.0 1.000 1.000 1.000
v 302.9516408443451 385.9225273132324 25.0 1.000 1.000 1.000
v 407.8562123775482 317.69755935668945 -33.104955196380615 1.000 1.000 1.000
v 411.8562123775482 314.69755935668945 16.895044803619385 1.000 1.000 1.000
v 411.8562123775482 356.69755935668945 -37.104955196380615 1.000 1.000 1.000
v 407.8562123775482 317.69755935668945 -33.104955196380615 1.000 1.000 1.000
v 408.8562123775482 384.69755935668945 -35.104955196380615 1.000 1.000 1.000
v 367.8562123775482 392.69755935668945 -6.104955196380615 1.000 1.000 1.000
v 408.8562123775482 384.69755935668945 -35.104955196380615 1.000 1.000 1.000
v 407.8562123775482 393.69755935668945 27.895044803619385 1.000 1.000 1.000
v 404.8562123775482 363.69755935668945 48.895044803619385 1.000 1.000 1.000
v 407.8562123775482 393.69755935668945 27.895044803619385 1.000 1.000 1.000
v 353.9516408443451 305.9225273132324 51.0 1.000 1.000 1.000
v 353.9516408443451 305.9225273132324 51.0 1.000 1.000 1.000
v 302.9516408443451 385.9225273132324 25.0 1.000 1.000 1.000
v 363.9516408443451 383.9225273132324 -37.0 1.000 1.000 1.000
v 356.9516408443451 310.9225273132324 -29.0 1.000 1.000 1.000
v 356.9516408443451 310.9225273132324 -29.0 1.000 1.000 1.000
v 302.9516408443451 385.9225273132324 25.0 1.000 1.000 1.000
v 363.9516408443451 383.9225273132324 -37.0 1.000 1.000 1.000
v 406.8562123775482 312.69755935668945 54.895044803619385 1.000 1.000 1.000
v 404.8562123775482 363.69755935668945 48.895044803619385 1.000 1.000 1.000
v 411.8562123775482 314.69755935668945 16.895044803619385 1.000 1.000 1.000
v 406.8562123775482 312.69755935668945 54.895044803619385 1.000 1.000 1.000
v 411.8562123775482 356.69755935668945 -37.104955196380615 1.000 1.000 1.000
v 367.8562123775482 392.69755935668945 -6.104955196380615 1.000 1.000 1.000
v 105.95164084434509 300.9225273132324 55.0 1.000 1.000 1.000
v 75.95164084434509 294.9225273132324 -47.0 1.000 1.000 1.000
v 407.9516408443451 328.9225273132324 62.0 1.000 1.000 1.000
v 413.9516408443451 389.9225273132324 64.0 1.000 1.000 1.000
v 162.9516408443451 359.9225273132324 44.0 1.000 1.000 1.000
v 159.9516408443451 366.9225273132324 -37.0 1.000 1.000 1.000
v 415.9516408443451 395.9225273132324 -46.0 1.000 1.000 1.000
v 408.9516408443451 325.9225273132324 -29.0 1.000 1.000 1.000
v 413.9516408443451 389.9225273132324 64.0 1.000 1.000 1.000
v 408.9516408443451 325.9225273132324 -29.0 1.000 1.000 1.000
v 415.9516408443451 395.9225273132324 -46.0 1.000 1.000 1.000
v 413.9516408443451 389.9225273132324 64.0 1.000 1.000 1.000
v 407.9516408443451 328.9225273132324 62.0 1.000 1.000 1.000
v -776.3533670902252 356.11827051639557 -28.0 1.000 1.000 1.000
v -656.3533670902252 366.11827051639557 49.0 1.000 1.000 1.000
v -781.3533670902252 357.11827051639557 78.0 1.000 1.000 1.000
v -656.3533670902252 366.11827051639557 -14.0 1.000 1.000 1.000
v -659.3533670902252 407.11827051639557 -14.0 1.000 1.000 1.000
v -776.3533670902252 356.11827051639557 -28.0 1.000 1.000 1.000
v -747.3533670902252 442.11827051639557 -29.0 1.000 1.000 1.000
v -656.3533670902252 366.11827051639557 -14.0 1.000 1.000 1.000
v -659.3533670902252 409.11827051639557 48.0 1.000 1.000 1.000
v -781.3533670902252 357.11827051639557 78.0 1.000 1.000 1.000
v -656.3533670902252 366.11827051639557 49.0 1.000 1.000 1.000
v -752.3533670902252 442.11827051639557 77.0 1.000 1.000 1.000
v -747.3533670902252 442.11827051639557 -29.0 1.000 1.000 1.000
v -659.3533670902252 409.11827051639557 48.0 1.000 1.000 1.000
v -659.3533670902252 407.11827051639557 -14.0 1.000 1.000 1.000
v -752.3533670902252 442.11827051639557 77.0 1.000 1.000 1.000
v -781.3533670902252 357.11827051639557 78.0 1.000 1.000 1.000
v -747.3533670902252 442.11827051639557 -29.0 1.000 1.000 1.000
v -776.3533670902252 356.11827051639557 -28.0 1.000 1.000 1.000
v -752.3533670902252 442.11827051639557 77.0 1.000 1.000 1.000
v -433.7844431400299 331.8559684753418 -43.0 1.000 1.000 1.000
v -480.7844431400299 329.8559684753418 53.0 1.000 1.000 1.000
v -480.7844431400299 329.8559684753418 53.0 1.000 1.000 1.000
v -441.7844431400299 414.8559684753418 46.0 1.000 1.000 1.000
v -455.7844431400299 404.8559684753418 -39.0 1.000 1.000 1.000
v -441.7844431400299 414.8559684753418 46.0 1.000 1.000 1.000
v -656.3533670902252 366.11827051639557 49.0 1.000 1.000 1.000
v -659.3533670902252 409.11827051639557 48.0 1.000 1.000 1.000
v -659.3533670902252 407.11827051639557 -14.0 1.000 1.000 1.000
v -656.3533670902252 366.11827051639557 -14.0 1.000 1.000 1.000
v -401.7844431400299 406.8559684753418 39.0 1.000 1.000 1.000
v -403.7844431400299 402.8559684753418 -5.0 1.000 1.000 1.000
v -402.7844431400299 397.8559684753418 -39.0 1.000 1.000 1.000
v -378.7844431400299 333.8559684753418 -31.0 1.000 1.000 1.000
v -399.7844431400299 333.8559684753418 -1.0 1.000 1.000 1.000
v -397.7844431400299 331.8559684753418 47.0 1.000 1.000 1.000
v -398.7844431400299 375.8559684753418 45.0 1.000 1.000 1.000
v -401.7844431400299 406.8559684753418 39.0 1.000 1.000 1.000
v -397.7844431400299 331.8559684753418 47.0 1.000 1.000 1.000
v -441.7844431400299 414.8559684753418 46.0 1.000 1.000 1.000
v -455.7844431400299 404.8559684753418 -39.0 1.000 1.000 1.000
v -433.7844431400299 331.8559684753418 -43.0 1.000 1.000 1.000
v -480.7844431400299 329.8559684753418 53.0 1.000 1.000 1.000
v -441.7844431400299 414.8559684753418 46.0 1.000 1.000 1.000
v -480.7844431400299 329.8559684753418 53.0 1.000 1.000 1.000
v -402.7844431400299 397.8559684753418 -39.0 1.000 1.000 1.000
v -400.7844431400299 377.8559684753418 -35.0 1.000 1.000 1.000
v -378.7844431400299 333.8559684753418 -31.0 1.000 1.000 1.000
v -398.7844431400299 375.8559684753418 45.0 1.000 1.000 1.000
v -399.7844431400299 333.8559684753418 -1.0 1.000 1.000 1.000
v -403.7844431400299 402.8559684753418 -5.0 1.000 1.000 1.000
v -455.7844431400299 404.8559684753418 -39.0 1.000 1.000 1.000
v -433.7844431400299 331.8559684753418 -43.0 1.000 1.000 1.000
v -480.7844431400299 329.8559684753418 53.0 1.000 1.000 1.000
v -441.7844431400299 414.8559684753418 46.0 1.000 1.000 1.000
v -433.7844431400299 331.8559684753418 -43.0 1.000 1.000 1.000
v -480.7844431400299 329.8559684753418 53.0 1.000 1.000 1.000
v -441.7844431400299 414.8559684753418 46.0 1.000 1.000 1.000
v -455.7844431400299 404.8559684753418 -39.0 1.000 1.000 1.000
v -401.7844431400299 339.8559684753418 45.0 1.000 1.000 1.000
v -407.7844431400299 399.8559684753418 48.0 1.000 1.000 1.000
v -677.7844431400299 367.8559684753418 53.0 1.000 1.000 1.000
v -677.7844431400299 371.8559684753418 -14.0 1.000 1.000 1.000
v -401.7844431400299 337.8559684753418 -35.0 1.000 1.000 1.000
v -680.7844431400299 411.8559684753418 53.0 1.000 1.000 1.000
v -407.7844431400299 407.8559684753418 -49.0 1.000 1.000 1.000
v -680.7844431400299 400.8559684753418 -16.0 1.000 1.000 1.000
v -407.7844431400299 399.8559684753418 48.0 1.000 1.000 1.000
v -401.7844431400299 339.8559684753418 45.0 1.000 1.000 1.000
v -401.7844431400299 337.8559684753418 -35.0 1.000 1.000 1.000
v -407.7844431400299 407.8559684753418 -49.0 1.000 1.000 1.000
v -346.7592203617096 325.2270927429199 47.0 1.000 1.000 1.000
v -348.7592203617096 329.2270927429199 -30.0 1.000 1.000 1.000
v -183.7592203617096 294.2270927429199 -41.0 1.000 1.000 1.000
v -188.7592203617096 299.2270927429199 52.0 1.000 1.000 1.000
v -98.7592203617096 368.2270927429199 -47.0 1.000 1.000 1.000
v -183.7592203617096 294.2270927429199 -41.0 1.000 1.000 1.000
v -353.7592203617096 398.2270927429199 -38.0 1.000 1.000 1.000
v -295.7592203617096 403.2270927429199 25.0 1.000 1.000 1.000
v -93.7592203617096 372.2270927429199 -14.0 1.000 1.000 1.000
v -98.7592203617096 368.2270927429199 -47.0 1.000 1.000 1.000
v -151.7592203617096 383.2270927429199 54.0 1.000 1.000 1.000
v -348.7592203617096 329.2270927429199 -30.0 1.000 1.000 1.000
v -98.7592203617096 375.2270927429199 26.0 1.000 1.000 1.000
v -295.7592203617096 403.2270927429199 25.0 1.000 1.000 1.000
v -346.7592203617096 325.2270927429199 47.0 1.000 1.000 1.000
v -188.7592203617096 299.2270927429199 52.0 1.000 1.000 1.000
v -151.7592203617096 383.2270927429199 54.0 1.000 1.000 1.000
v -295.7592203617096 403.2270927429199 25.0 1.000 1.000 1.000
v -188.7592203617096 299.2270927429199 52.0 1.000 1.000 1.000
v -353.7592203617096 398.2270927429199 -38.0 1.000 1.000 1.000
v -295.7592203617096 403.2270927429199 25.0 1.000 1.000 1.000
v -98.7592203617096 368.2270927429199 -47.0 1.000 1.000 1.000
v -407.5689239501953 399.2623020410538 -31.0 1.000 1.000 1.000
v -404.5689239501953 402.2623020410538 18.0 1.000 1.000 1.000
v -401.5689239501953 360.2623020410538 58.0 1.000 1.000 1.000
v -401.5689239501953 278.2623020410538 53.0 1.000 1.000 1.000
v -394.5689239501953 282.2623020410538 -43.0 1.000 1.000 1.000
v -405.5689239501953 366.2623020410538 -62.0 1.000 1.000 1.000
v -93.7592203617096 372.2270927429199 -14.0 1.000 1.000 1.000
v -98.7592203617096 375.2270927429199 26.0 1.000 1.000 1.000
v -151.7592203617096 383.2270927429199 54.0 1.000 1.000 1.000
v -188.7592203617096 299.2270927429199 52.0 1.000 1.000 1.000
v -183.7592203617096 294.2270927429199 -41.0 1.000 1.000 1.000
v -98.7592203617096 368.2270927429199 -47.0 1.000 1.000 1.000
v -348.7592203617096 329.2270927429199 -30.0 1.000 1.000 1.000
v -353.7592203617096 398.2270927429199 -38.0 1.000 1.000 1.000
v -353.7592203617096 398.2270927429199 -38.0 1.000 1.000 1.000
v -295.7592203617096 403.2270927429199 25.0 1.000 1.000 1.000
v -295.7592203617096 403.2270927429199 25.0 1.000 1.000 1.000
v -346.7592203617096 325.2270927429199 47.0 1.000 1.000 1.000
v -346.7592203617096 325.2270927429199 47.0 1.000 1.000 1.000
v -348.7592203617096 329.2270927429199 -30.0 1.000 1.000 1.000
v -400.7844431400299 377.8559684753418 -35.0 1.000 1.000 1.000
v -378.7844431400299 333.8559684753418 -31.0 1.000 1.000 1.000
v -403.7844431400299 402.8559684753418 -5.0 1.000 1.000 1.000
v -402.7844431400299 397.8559684753418 -39.0 1.000 1.000 1.000
v -398.7844431400299 375.8559684753418 45.0 1.000 1.000 1.000
v -401.7844431400299 406.8559684753418 39.0 1.000 1.000 1.000
v -399.7844431400299 333.8559684753418 -1.0 1.000 1.000 1.000
v -397.7844431400299 331.8559684753418 47.0 1.000 1.000 1.000
v -346.7592203617096 325.2270927429199 47.0 1.000 1.000 1.000
v -348.7592203617096 329.2270927429199 -30.0 1.000 1.000 1.000
v -353.7592203617096 398.2270927429199 -38.0 1.000 1.000 1.000
v -295.7592203617096 403.2270927429199 25.0 1.000 1.000 1.000
v -397.7844431400299 331.8559684753418 47.0 1.000 1.000 1.000
v -398.7844431400299 375.8559684753418 45.0 1.000 1.000 1.000
v -378.7844431400299 333.8559684753418 -31.0 1.000 1.000 1.000
v -399.7844431400299 333.8559684753418 -1.0 1.000 1.000 1.000
v -402.7844431400299 397.8559684753418 -39.0 1.000 1.000 1.000
v -400.7844431400299 377.8559684753418 -35.0 1.000 1.000 1.000
v -401.7844431400299 406.8559684753418 39.0 1.000 1.000 1.000
v -403.7844431400299 402.8559684753418 -5.0 1.000 1.000 1.000
v -156.7592203617096 375.2270927429199 46.0 1.000 1.000 1.000
v -99.7592203617096 310.2270927429199 56.0 1.000 1.000 1.000
v -68.7592203617096 306.2270927429199 -45.0 1.000 1.000 1.000
v -152.7592203617096 383.2270927429199 -35.0 1.000 1.000 1.000
v -401.7592203617096 339.2270927429199 45.0 1.000 1.000 1.000
v -407.7592203617096 400.2270927429199 48.0 1.000 1.000 1.000
v -407.7592203617096 407.2270927429199 -49.0 1.000 1.000 1.000
v -401.7592203617096 337.2270927429199 -35.0 1.000 1.000 1.000
v -407.7592203617096 400.2270927429199 48.0 1.000 1.000 1.000
v -407.7592203617096 407.2270927429199 -49.0 1.000 1.000 1.000
v -401.7592203617096 337.2270927429199 -35.0 1.000 1.000 1.000
v -401.7592203617096 339.2270927429199 45.0 1.000 1.000 1.000
v -407.7592203617096 400.2270927429199 48.0 1.000 1.000 1.000
v -322.5689239501953 165.26230204105377 113.0 1.000 1.000 1.000
v -327.5689239501953 198.26230204105377 148.0 1.000 1.000 1.000
v -404.5689239501953 219.26230204105377 86.0 1.000 1.000 1.000
v -349.5689239501953 321.2623020410538 105.0 1.000 1.000 1.000
v -254.5689239501953 235.26230204105377 125.0 1.000 1.000 1.000
v -167.5689239501953 321.2623020410538 106.0 1.000 1.000 1.000
v -97.56892395019531 219.26230204105377 86.0 1.000 1.000 1.000
v -114.56892395019531 278.2623020410538 54.0 1.000 1.000 1.000
v -125.56892395019531 235.26230204105377 129.0 1.000 1.000 1.000
v -159.5689239501953 222.26230204105377 155.0 1.000 1.000 1.000
v -182.5689239501953 198.26230204105377 148.0 1.000 1.000 1.000
v -346.5689239501953 217.26230204105377 154.0 1.000 1.000 1.000
v -169.5689239501953 166.26230204105377 113.0 1.000 1.000 1.000
v -309.5689239501953 425.2623020410538 10.0 1.000 1.000 1.000
v -407.5689239501953 399.2623020410538 -31.0 1.000 1.000 1.000
v -404.5689239501953 402.2623020410538 18.0 1.000 1.000 1.000
v -322.5689239501953 165.26230204105377 113.0 1.000 1.000 1.000
v -254.5689239501953 174.26230204105377 121.0 1.000 1.000 1.000
v -327.5689239501953 198.26230204105377 148.0 1.000 1.000 1.000
v -349.5689239501953 321.2623020410538 105.0 1.000 1.000 1.000
v -309.5689239501953 425.2623020410538 10.0 1.000 1.000 1.000
v -404.5689239501953 402.2623020410538 18.0 1.000 1.000 1.000
v -346.5689239501953 217.26230204105377 154.0 1.000 1.000 1.000
v -254.5689239501953 235.26230204105377 125.0 1.000 1.000 1.000
v -97.56892395019531 219.26230204105377 86.0 1.000 1.000 1.000
v -131.5689239501953 136.26230204105377 -10.0 1.000 1.000 1.000
v -114.56892395019531 278.2623020410538 54.0 1.000 1.000 1.000
v -395.5689239501953 235.26230204105377 129.0 1.000 1.000 1.000
v -404.5689239501953 219.26230204105377 86.0 1.000 1.000 1.000
v -306.5689239501953 425.2623020410538 -43.0 1.000 1.000 1.000
v -407.5689239501953 399.2623020410538 -31.0 1.000 1.000 1.000
v -401.5689239501953 278.2623020410538 53.0 1.000 1.000 1.000
v -322.5689239501953 165.26230204105377 113.0 1.000 1.000 1.000
v -404.5689239501953 219.26230204105377 86.0 1.000 1.000 1.000
v -373.5689239501953 134.26230204105377 -11.0 1.000 1.000 1.000
v -97.56892395019531 219.26230204105377 86.0 1.000 1.000 1.000
v -125.56892395019531 235.26230204105377 129.0 1.000 1.000 1.000
v -182.5689239501953 198.26230204105377 148.0 1.000 1.000 1.000
v -254.5689239501953 235.26230204105377 125.0 1.000 1.000 1.000
v -159.5689239501953 222.26230204105377 155.0 1.000 1.000 1.000
v -167.5689239501953 321.2623020410538 106.0 1.000 1.000 1.000
v -203.5689239501953 424.2623020410538 -39.0 1.000 1.000 1.000
v -197.5689239501953 425.2623020410538 10.0 1.000 1.000 1.000
v -101.56892395019531 395.2623020410538 -30.0 1.000 1.000 1.000
v -131.5689239501953 136.26230204105377 -10.0 1.000 1.000 1.000
v -105.56892395019531 278.2623020410538 -44.0 1.000 1.000 1.000
v -114.56892395019531 278.2623020410538 54.0 1.000 1.000 1.000
v -349.5689239501953 321.2623020410538 105.0 1.000 1.000 1.000
v -254.5689239501953 394.2623020410538 50.0 1.000 1.000 1.000
v -309.5689239501953 425.2623020410538 10.0 1.000 1.000 1.000
v -404.5689239501953 219.26230204105377 86.0 1.000 1.000 1.000
v -401.5689239501953 278.2623020410538 53.0 1.000 1.000 1.000
v -373.5689239501953 134.26230204105377 -11.0 1.000 1.000 1.000
v -182.5689239501953 198.26230204105377 148.0 1.000 1.000 1.000
v -254.5689239501953 174.26230204105377 121.0 1.000 1.000 1.000
v -169.5689239501953 166.26230204105377 113.0 1.000 1.000 1.000
v -100.56892395019531 399.2623020410538 17.0 1.000 1.000 1.000
v -101.56892395019531 395.2623020410538 -30.0 1.000 1.000 1.000
v -197.5689239501953 425.2623020410538 10.0 1.000 1.000 1.000
v -401.5689239501953 360.2623020410538 58.0 1.000 1.000 1.000
v -254.5689239501953 235.26230204105377 125.0 1.000 1.000 1.000
v -346.5689239501953 217.26230204105377 154.0 1.000 1.000 1.000
v -395.5689239501953 235.26230204105377 129.0 1.000 1.000 1.000
v -327.5689239501953 198.26230204105377 148.0 1.000 1.000 1.000
v -349.5689239501953 321.2623020410538 105.0 1.000 1.000 1.000
v -401.5689239501953 278.2623020410538 53.0 1.000 1.000 1.000
v -167.5689239501953 321.2623020410538 106.0 1.000 1.000 1.000
v -197.5689239501953 425.2623020410538 10.0 1.000 1.000 1.000
v -254.5689239501953 394.2623020410538 50.0 1.000 1.000 1.000
v -254.5689239501953 174.26230204105377 121.0 1.000 1.000 1.000
v -254.5689239501953 235.26230204105377 125.0 1.000 1.000 1.000
v -125.56892395019531 235.26230204105377 129.0 1.000 1.000 1.000
v -114.56892395019531 278.2623020410538 54.0 1.000 1.000 1.000
v -159.5689239501953 222.26230204105377 155.0 1.000 1.000 1.000
v -401.5689239501953 360.2623020410538 58.0 1.000 1.000 1.000
v -404.5689239501953 402.2623020410538 18.0 1.000 1.000 1.000
v -97.56892395019531 219.26230204105377 86.0 1.000 1.000 1.000
v -169.5689239501953 166.26230204105377 113.0 1.000 1.000 1.000
v -131.5689239501953 136.26230204105377 -10.0 1.000 1.000 1.000
v -182.5689239501953 198.26230204105377 148.0 1.000 1.000 1.000
v -125.56892395019531 235.26230204105377 129.0 1.000 1.000 1.000
v -159.5689239501953 222.26230204105377 155.0 1.000 1.000 1.000
v -102.56892395019531 352.2623020410538 55.0 1.000 1.000 1.000
v -167.5689239501953 321.2623020410538 106.0 1.000 1.000 1.000
v -114.56892395019531 278.2623020410538 54.0 1.000 1.000 1.000
v -100.56892395019531 399.2623020410538 17.0 1.000 1.000 1.000
v -197.5689239501953 425.2623020410538 10.0 1.000 1.000 1.000
v -401.5689239501953 278.2623020410538 53.0 1.000 1.000 1.000
v -394.5689239501953 282.2623020410538 -43.0 1.000 1.000 1.000
v -373.5689239501953 134.26230204105377 -11.0 1.000 1.000 1.000
v -349.5689239501953 321.2623020410538 105.0 1.000 1.000 1.000
v -254.5689239501953 394.2623020410538 50.0 1.000 1.000 1.000
v -405.5689239501953 366.2623020410538 -62.0 1.000 1.000 1.000
v -248.5689239501953 432.2623020410538 -53.0 1.000 1.000 1.000
v -251.5689239501953 287.2623020410538 -89.0 1.000 1.000 1.000
v -376.5689239501953 287.2623020410538 -78.0 1.000 1.000 1.000
v -253.5689239501953 146.26230204105377 -63.0 1.000 1.000 1.000
v -373.5689239501953 134.26230204105377 -11.0 1.000 1.000 1.000
v -103.56892395019531 359.2623020410538 -59.0 1.000 1.000 1.000
v -407.5689239501953 399.2623020410538 -31.0 1.000 1.000 1.000
v -394.5689239501953 282.2623020410538 -43.0 1.000 1.000 1.000
v -122.56892395019531 287.2623020410538 -77.0 1.000 1.000 1.000
v -105.56892395019531 278.2623020410538 -44.0 1.000 1.000 1.000
v -131.5689239501953 136.26230204105377 -10.0 1.000 1.000 1.000
v -306.5689239501953 425.2623020410538 -43.0 1.000 1.000 1.000
v -203.5689239501953 424.2623020410538 -39.0 1.000 1.000 1.000
v -101.56892395019531 395.2623020410538 -30.0 1.000 1.000 1.000
v -92.86191201210022 102.73002243041992 33.0 1.000 1.000 1.000
v -105.86191201210022 113.73002243041992 -23.0 1.000 1.000 1.000
v -40.86191201210022 92.73002243041992 86.0 1.000 1.000 1.000
v -77.86191201210022 99.73002243041992 76.0 1.000 1.000 1.000
v 36.13808798789978 95.73002243041992 83.0 1.000 1.000 1.000
v -0.8619120121002197 89.73002243041992 89.0 1.000 1.000 1.000
v 95.13808798789978 102.73002243041992 32.0 1.000 1.000 1.000
v 72.13808798789978 99.73002243041992 76.0 1.000 1.000 1.000
v 105.13808798789978 113.73002243041992 -23.0 1.000 1.000 1.000
v -373.5689239501953 134.26230204105377 -11.0 1.000 1.000 1.000
v -322.5689239501953 165.26230204105377 113.0 1.000 1.000 1.000
v -254.5689239501953 174.26230204105377 121.0 1.000 1.000 1.000
v -169.5689239501953 166.26230204105377 113.0 1.000 1.000 1.000
v -131.5689239501953 136.26230204105377 -10.0 1.000 1.000 1.000
v 32.13808798789978 119.73002243041992 -50.0 1.000 1.000 1.000
v 105.13808798789978 113.73002243041992 -23.0 1.000 1.000 1.000
v -37.86191201210022 118.73002243041992 -50.0 1.000 1.000 1.000
v -105.86191201210022 113.73002243041992 -23.0 1.000 1.000 1.000
v -131.5689239501953 136.26230204105377 -10.0 1.000 1.000 1.000
v -253.5689239501953 146.26230204105377 -63.0 1.000 1.000 1.000
v -373.5689239501953 134.26230204105377 -11.0 1.000 1.000 1.000
v -95.56892395019531 350.2623020410538 104.0 1.000 1.000 1.000
v -413.5689239501953 380.2623020410538 -72.0 1.000 1.000 1.000
v -397.5689239501953 347.2623020410538 103.0 1.000 1.000 1.000
v -342.5689239501953 70.26230204105377 98.0 1.000 1.000 1.000
v -149.5689239501953 70.26230204105377 98.0 1.000 1.000 1.000
v -78.56892395019531 382.2623020410538 -70.0 1.000 1.000 1.000
v -350.5689239501953 66.26230204105377 -43.0 1.000 1.000 1.000
v -146.5689239501953 67.26230204105377 -44.0 1.000 1.000 1.000
v -78.56892395019531 382.2623020410538 -70.0 1.000 1.000 1.000
v -78.56892395019531 382.2623020410538 -70.0 1.000 1.000 1.000
v -146.5689239501953 67.26230204105377 -44.0 1.000 1.000 1.000
v -350.5689239501953 66.26230204105377 -43.0 1.000 1.000 1.000
v -413.5689239501953 380.2623020410538 -72.0 1.000 1.000 1.000
v -132.0 51.0 -30.0 1.000 1.000 1.000
v -161.0 -50.0 -6.0 1.000 1.000 1.000
v -97.0 21.0 60.0 1.000 1.000 1.000
v 0.0 58.0 -76.0 1.000 1.000 1.000
v 134.0 52.0 -30.0 1.000 1.000 1.000
v 162.0 -49.0 -6.0 1.000 1.000 1.000
v 88.0 22.0 60.0 1.000 1.000 1.000
v 0.0 -23.0 102.0 1.000 1.000 1.000
v -85.0 -84.0 103.0 1.000 1.000 1.000
v 85.0 -85.0 103.0 1.000 1.000 1.000
v 0.0 -85.0 -122.0 1.000 1.000 1.000
v 0.0 -165.0 108.0 1.000 1.000 1.000
v -97.0 21.0 60.0 1.000 1.000 1.000
v -132.0 51.0 -30.0 1.000 1.000 1.000
v 134.0 52.0 -30.0 1.000 1.000 1.000
v 88.0 22.0 60.0 1.000 1.000 1.000
v 0.0 58.0 -76.0 1.000 1.000 1.000
v 0.0 -23.0 102.0 1.000 1.000 1.000
v -105.86191201210022 113.73002243041992 -23.0 1.000 1.000 1.000
v 95.13808798789978 102.73002243041992 32.0 1.000 1.000 1.000
v 32.13808798789978 119.73002243041992 -50.0 1.000 1.000 1.000
v -37.86191201210022 118.73002243041992 -50.0 1.000 1.000 1.000
v 105.13808798789978 113.73002243041992 -23.0 1.000 1.000 1.000
v 72.13808798789978 99.73002243041992 76.0 1.000 1.000 1.000
v 36.13808798789978 95.73002243041992 83.0 1.000 1.000 1.000
v -0.8619120121002197 89.73002243041992 89.0 1.000 1.000 1.000
v -40.86191201210022 92.73002243041992 86.0 1.000 1.000 1.000
v -77.86191201210022 99.73002243041992 76.0 1.000 1.000 1.000
v -97.0 21.0 60.0 1.000 1.000 1.000
v 88.0 22.0 60.0 1.000 1.000 1.000
v 0.0 -23.0 102.0 1.000 1.000 1.000
v -77.86191201210022 99.73002243041992 76.0 1.000 1.000 1.000
v -92.86191201210022 102.73002243041992 33.0 1.000 1.000 1.000
v -105.86191201210022 113.73002243041992 -23.0 1.000 1.000 1.000
v 36.13808798789978 95.73002243041992 83.0 1.000 1.000 1.000
v -40.86191201210022 92.73002243041992 86.0 1.000 1.000 1.000
v -96.0 117.0 97.0 1.000 1.000 1.000
v -167.0 -241.0 110.0 1.000 1.000 1.000
v 162.0 -241.0 120.0 1.000 1.000 1.000
v -205.0 -242.0 -80.0 1.000 1.000 1.000
v -103.0 112.0 -44.0 1.000 1.000 1.000
v 100.0 113.0 -45.0 1.000 1.000 1.000
v 196.0 -241.0 -80.0 1.000 1.000 1.000
v 98.0 117.0 97.0 1.000 1.000 1.000
v -103.0 112.0 -44.0 1.000 1.000 1.000
v 98.0 117.0 97.0 1.000 1.000 1.000
v 100.0 113.0 -45.0 1.000 1.000 1.000
v -96.0 117.0 97.0 1.000 1.000 1.000
v 196.0 -241.0 -80.0 1.000 1.000 1.000
v 162.0 -241.0 120.0 1.000 1.000 1.000
v -205.0 -242.0 -80.0 1.000 1.000 1.000
vt 0.8796 0.9326
vt 0.0547 1.0186
vt 0.0247 1.0215
vt 0.8802 0.9326
vt 0.8086 0.6533
vt 0.7865 0.7441
vt 0.1667 0.1270
vt -0.0007 0.1240
vt 0.0059 0.1230
vt 0.1966 0.1309
vt 0.0781 0.5439
vt 0.1465 0.3721
vt 0.0322 0.3418
vt 0.0166 0.1846
vt 0.0977 0.1641
vt 0.0273 0.3486
vt 0.0137 0.3467
vt 0.0312 0.2090
vt 0.2168 0.5000
vt 0.2080 0.4922
vt 0.2393 0.3447
vt 0.2578 0.2197
vt 0.2588 0.1963
vt 0.2471 0.3691
vt 0.2324 0.4521
vt 0.2305 0.4814
vt 0.8984 2.5898
vt 0.5049 1.0107
vt 0.5293 2.6299
vt 0.7998 2.6045
vt 0.6211 0.9775
vt 0.9893 0.9277
vt 0.1895 1.0244
vt 0.4561 2.6357
vt 0.2773 1.1699
vt 0.5469 1.1465
vt 0.5420 1.1855
vt 0.3184 0.9131
vt 0.3262 0.5811
vt 0.5674 0.7471
vt 0.6133 0.6396
vt 0.9219 1.0088
vt 0.8398 0.9951
vt 0.5107 0.9258
vt 0.7139 0.9170
vt 0.7266 0.5088
vt 0.5293 0.5098
vt 0.5107 0.9062
vt 0.7334 0.9053
vt 0.9932 0.8926
vt 0.5205 0.7031
vt 0.9092 0.4199
vt 0.4531 0.1689
vt 0.4111 0.3887
vt 0.4531 0.6123
vt 0.4961 0.3848
vt 0.1582 -0.0225
vt -0.1494 0.0010
vt 0.3750 -0.0596
vt 1.0127 -0.1260
vt -0.0137 0.9922
vt 0.0221 0.9922
vt 1.0163 0.9688
vt 0.2448 0.0967
vt 0.0254 0.1143
vt 0.9160 0.7686
vt 0.0182 0.0859
vt 0.9486 0.6768
vt 0.2533 0.1104
vt 0.1865 0.5752
vt 0.0195 0.3848
vt 0.0244 0.7246
vt 0.0146 0.1855
vt 0.0029 0.3955
vt 1.0146 0.1855
vt 0.8271 0.6104
vt 1.0029 0.3955
vt 1.0020 0.7178
vt 0.0293 1.0000
vt 0.0020 0.7178
vt 1.0293 1.0000
vt 0.5635 0.7393
vt 0.5879 0.5586
vt 0.5244 0.1904
vt 0.4814 0.2383
vt 0.4053 0.5098
vt 0.3984 0.8232
vt 0.4316 0.8398
vt 0.4980 0.7998
vt 0.5361 -3.0635
vt 0.4229 -0.3906
vt 0.8398 -3.0928
vt 0.8447 -0.3828
vt 0.5234 -0.3662
vt 0.7578 -3.0850
vt 0.1465 -0.3281
vt 0.4756 -3.0527
vt 0.4658 0.0078
vt 0.2285 -0.3613
vt 0.1533 -0.3457
vt 0.4658 -0.1377
vt 0.7344 -0.0303
vt 0.7041 -0.4639
vt 0.7383 -0.8184
vt 0.4873 -0.6816
vt 0.4883 -0.7334
vt 0.3330 0.5107
vt 0.2930 0.9062
vt 0.0381 0.9004
vt 0.1602 0.4287
vt 0.3086 0.9209
vt 0.5342 0.4697
vt 0.5000 0.9482
vt 0.4971 0.0000
vt 0.4639 0.4619
vt -0.1260 1.4395
vt 0.1279 1.3975
vt 0.3057 1.4014
vt 0.8311 1.3428
vt 0.4248 0.9814
vt 0.4268 0.5068
vt 0.0508 0.3398
vt 0.7266 0.4824
vt 0.8711 0.7354
vt 0.8232 0.7363
vt 0.8711 0.3994
vt 0.0049 0.6816
vt 0.1709 0.4434
vt 0.0234 0.6875
vt 0.4756 0.7256
vt 0.4590 0.5049
vt 0.4814 0.5547
vt 0.6865 0.5186
vt 0.7178 0.4688
vt 0.4141 0.5552
vt 0.4248 0.5054
vt 0.1924 0.5527
vt 0.2539 0.4512
vt 0.1680 0.4819
vt 0.5000 0.6748
vt 0.4160 0.6787
vt 0.3770 0.7026
vt 0.5439 0.6929
vt 0.3359 0.5688
vt 0.2451 0.5820
vt 0.2744 0.8003
vt 0.5664 0.5615
vt 0.4375 0.7202
vt 0.5801 0.0425
vt 0.4199 0.1348
vt 0.6357 0.2012
vt 0.6494 0.5474
vt 0.3799 0.7905
vt 0.3486 0.8101
vt 0.4932 0.7690
vt 0.4668 0.7725
vt 0.4639 0.8022
vt 0.5527 0.8667
vt 0.5537 0.9634
vt 0.6523 0.7866
vt 0.3955 0.9678
vt 0.4854 0.9927
vt 0.6318 0.4243
vt 0.5127 0.8481
vt 0.5889 0.7969
vt 0.6104 0.0034
vt 0.3330 -0.0190
vt 0.4170 0.0410
vt 0.5391 0.2065
vt 0.4414 0.2007
vt 0.1523 0.0688
vt 0.7236 0.7441
vt 0.5459 -0.0054
vt 0.4014 0.0254
vt 0.4561 0.6914
vt 0.5488 0.7764
vt 0.4805 0.7183
vt 0.3682 0.2109
vt 0.2344 0.0752
vt 0.2783 0.2207
vt 0.4287 0.8496
vt 0.3906 0.8730
vt 0.7139 0.2378
vt 0.2441 0.0703
vt 0.2061 0.2700
vt 0.6953 0.0757
vt 0.4346 0.7695
vt 0.7832 0.1035
vt 0.7207 0.0884
vt 0.6318 0.7715
vt 0.8516 0.5693
vt 0.6543 0.5996
vt 0.7959 0.7637
vt 0.8291 0.7139
vt 0.7109 0.8398
vt 0.6426 0.9004
vt 0.8467 0.3145
vt 0.8223 0.4355
vt 0.8965 0.5439
vt 0.5352 0.8184
vt 0.8701 0.6973
vt 0.7422 0.3760
vt 1.0449 0.4346
vt 0.9609 0.3623
vt 0.5625 0.9365
vt 0.4580 0.9609
vt 0.5264 0.9688
vt 1.0977 0.2129
vt 0.7822 0.2705
vt 1.1709 0.1143
vt 0.9316 0.1650
vt 1.2139 0.4561
vt 1.2314 0.1680
vt 1.0840 0.5781
vt 1.0508 0.8076
vt 0.9482 0.5889
vt 0.9619 0.7666
vt 0.7871 0.7812
vt 0.9609 0.7871
vt 0.6660 0.8828
vt 0.8428 0.3604
vt 0.7656 0.2822
vt 0.8408 0.1611
vt 0.7393 0.3389
vt 0.8643 0.5645
vt 0.7549 0.1777
vt 0.5693 0.7949
vt 0.5918 0.9248
vt 0.4941 0.9443
vt 0.9033 0.1299
vt 1.0225 0.2393
vt 1.0088 0.0918
vt 0.9121 0.4199
vt 1.0732 0.1260
vt 1.1416 0.2754
vt 0.6738 0.5781
vt 0.6543 0.5205
vt 1.0605 0.2754
vt 1.0449 0.0752
vt 1.0420 0.4414
vt 0.9492 0.7500
vt 1.1592 0.4443
vt 0.8994 0.6650
vt 0.8779 0.6914
vt 0.6650 0.8984
vt 0.6611 0.7471
vt 1.0000 0.4326
vt 1.1982 0.4727
vt 0.9160 0.4775
vt 0.9551 0.5859
vt 0.7158 0.3027
vt 0.6211 0.5010
vt 1.0479 0.8350
vt 0.9863 0.7393
vt 1.2051 0.2891
vt 1.1670 0.7627
vt 0.6475 0.6064
vt 1.2256 0.1299
vt 0.7314 0.8330
vt 0.8057 0.7744
vt 0.5566 0.9609
vt 0.8389 0.7051
vt 0.2842 0.8467
vt 0.0508 0.5371
vt -0.0391 0.7715
vt 0.0830 0.9551
vt 0.9570 0.8057
vt 0.8027 0.7773
vt 0.6865 0.8809
vt 0.9238 0.0332
vt 0.4688 0.0713
vt 0.5000 0.5420
vt 0.8818 0.5088
vt 1.0283 0.1353
vt 0.8564 0.0127
vt 0.7227 0.2437
vt 0.8672 0.3462
vt -0.0967 0.5303
vt 0.0762 0.5464
vt 0.0195 0.2773
vt -0.1182 0.2646
vt 0.3232 0.9478
vt 0.6494 0.9385
vt 0.7090 0.1377
vt 0.1533 0.1387
vt 0.5625 0.9326
vt 1.0605 0.7285
vt 1.1719 0.2305
vt 0.7510 0.2285
vt 0.6846 0.2305
vt 1.0645 0.1855
vt 1.0068 0.6807
vt 0.5742 0.9209
vt 0.9346 0.9326
vt 0.7168 0.0879
vt 0.0693 0.9717
vt 0.1553 0.1484
vt 0.0459 1.0049
vt 0.9580 0.9678
vt 0.4404 0.2900
vt 0.9248 0.1611
vt 0.8389 0.1660
vt 1.0156 0.8760
vt 0.2871 0.3447
vt 0.0283 1.0127
vt 0.3281 0.0566
vt 0.9082 0.0400
vt 0.0166 0.4727
vt 0.9346 0.4824
vt 1.0264 0.9971
vt 1.0322 0.6211
vt 1.9492 0.9883
vt 1.9541 0.6172
vt 1.1172 1.0215
vt 0.8704 0.9336
vt 0.4440 0.6543
vt 0.1172 1.0215
vt 0.4466 0.1562
vt 0.5241 0.1572
vt 0.0671 0.1299
vt 0.9010 0.2197
vt 0.5267 0.6133
vt 1.0671 0.1299
vt 0.7119 0.7695
vt 0.3730 0.8887
vt 0.4512 0.7266
vt 0.8643 0.9036
vt 0.4668 0.7083
vt 0.5898 0.8939
vt 0.6006 0.7871
vt 0.2549 0.7878
vt 0.1123 0.8665
vt 0.7539 0.7617
vt 0.9473 0.8835
vt 0.9521 0.7949
vt 0.3271 0.8841
vt 0.4619 0.7324
vt 0.6289 0.9089
vt 0.6543 0.7194
vt 0.1504 0.9115
vt 0.4082 0.7207
vt 0.9023 0.7871
vt 0.2158 0.7233
vt -0.0241 0.8379
vt 0.9798 0.3076
vt 1.0085 0.7842
vt 1.0091 0.7979
vt -0.0247 0.7959
vt 0.9792 0.2480
vt -0.0397 0.4375
vt -0.0371 0.5410
vt 0.2881 0.2142
vt 0.2666 0.6003
vt 0.6680 0.5944
vt 0.7676 0.2201
vt 0.8438 0.2161
vt 0.2617 0.2904
vt 0.3301 0.5846
vt 0.6221 0.1960
vt 0.3027 0.2474
vt 0.9854 0.5684
vt 0.9688 0.2324
vt 0.9033 0.1165
vt 0.9229 0.1315
vt 0.4062 0.6048
vt 0.3613 0.2461
vt 0.9336 0.6927
vt 0.4453 0.6126
vt 0.8584 0.1335
vt 0.6367 0.6999
vt 0.3174 0.2454
vt 0.2578 0.2376
vt 0.4043 0.0924
vt 0.4551 -0.0026
vt 0.4463 0.0052
vt 0.4033 0.0775
vt 0.9316 0.0885
vt 0.9463 0.0202
vt 0.8398 0.7272
vt 0.5195 0.8132
vt 0.6250 0.2747
vt 0.5801 0.2760
vt 0.4805 0.8223
vt 0.8486 0.7246
vt 1.0234 0.8857
vt 1.7529 -0.0234
vt 1.9805 0.8984
vt 1.1201 -0.0059
vt 0.4385 0.1172
vt 0.9434 0.9180
vt 0.0957 0.8496
vt 0.9053 0.0068
vt 0.2158 0.2422
vt 0.9463 0.9287
vt 0.6709 0.0732
vt 0.0898 0.9805
vt 0.0840 0.5508
vt 0.7598 -0.0117
vt 0.1572 0.0342
vt 1.0117 0.5127
vt 0.9668 -0.0127
vt 0.0674 -0.3486
vt 0.0254 0.0146
vt 1.0078 -0.3721
vt 0.4466 0.2910
vt 0.9199 0.0732
vt 1.1009 0.0293
vt 0.4492 0.7930
vt 0.1009 0.0293
vt 0.0560 0.9238
vt 0.5332 0.7764
vt 0.5352 0.2930
vt 0.9043 0.8184
vt 1.0560 0.9238
vt 0.6357 0.8079
vt 0.4082 0.8053
vt 0.6543 0.8848
vt 0.2402 0.8001
vt 0.2178 0.9010
vt 0.7432 0.6966
vt 0.5752 0.7376
vt 0.7930 0.7988
vt 0.3213 0.7350
vt 0.2656 0.8887
vt 0.3965 0.7747
vt 0.2373 0.8034
vt 0.2295 0.8815
vt 0.6250 0.7428
vt 0.7051 0.8932
vt 0.2852 0.7982
vt 0.3896 0.7806
vt 0.2910 0.8997
vt 0.5986 0.7083
vt 0.6553 0.8086
vt 0.9798 0.8086
vt 0.9395 0.1982
vt 0.0384 0.7441
vt 0.0371 0.6973
vt 0.9811 0.8262
vt 0.0143 0.2959
vt 0.9368 0.1221
vt 0.0195 0.4121
vt 0.3330 0.6406
vt 0.7500 0.6413
vt 0.8516 0.3353
vt 0.3486 0.3477
vt 0.1865 0.2188
vt 0.6416 0.3236
vt 0.2432 0.7083
vt 0.6035 0.6022
vt 0.4814 0.2096
vt 0.3115 0.2155
vt 0.8047 0.3288
vt 0.5957 0.6504
vt 0.6836 0.2227
vt 0.1709 0.6048
vt 0.6191 0.6445
vt 0.6201 0.3359
vt 0.1543 0.3255
vt 0.2598 0.7064
vt 0.5186 0.1139
vt 0.1650 0.2116
vt 0.5264 0.1061
vt 0.1494 0.2220
vt 0.5781 0.1816
vt 0.6494 0.3320
vt 0.5547 0.1725
vt 0.6777 0.3197
vt 0.4932 0.2526
vt 0.8691 0.0651
vt 0.8916 -0.0065
vt 0.4443 0.2526
vt 0.7109 0.7389
vt 0.3584 0.8145
vt 0.3145 0.8223
vt 0.7207 0.7370
vt 0.2646 0.6966
vt 0.2568 0.6133
vt 0.0400 0.5599
vt 0.2178 0.3047
vt 0.4746 0.5221
vt 0.7441 0.3066
vt 0.9219 0.5645
vt 0.9062 0.4017
vt 0.8467 0.5228
vt 0.7461 0.5566
vt 0.6748 0.6165
vt 0.2051 0.5651
vt 0.7051 0.6966
vt 0.4072 0.0215
vt 0.0703 0.1107
vt 0.0771 0.1016
vt 0.4609 0.6751
vt 0.8066 0.7708
vt 0.0684 0.5215
vt 0.4688 0.0352
vt 0.0547 0.3919
vt 0.1094 0.7728
vt 0.5830 0.0358
vt 0.6357 0.0221
vt 0.9502 0.1230
vt 0.9180 0.4095
vt 0.5088 0.1354
vt 0.9531 0.1133
vt 0.0771 0.2070
vt 0.9375 0.2292
vt 0.0605 0.4004
vt 0.8428 0.1510
vt 0.4834 0.0026
vt 0.5059 0.3620
vt 0.7881 0.3607
vt 0.5312 0.7298
vt 0.8037 0.7591
vt 0.1631 0.1745
vt 0.8418 0.0664
vt 0.8467 0.3698
vt 0.2158 0.3639
vt 0.1758 0.3796
vt 0.2578 0.7572
vt 0.6133 0.0007
vt 0.3799 0.0020
vt 0.1543 0.0807
vt 0.1758 0.9694
vt 0.1426 0.9421
vt 0.3232 0.9948
vt 0.2207 0.9772
vt 0.5469 0.9889
vt 0.4395 1.0033
vt 0.7188 0.9714
vt 0.6504 0.9792
vt 0.7480 0.9447
vt 0.4639 0.9225
vt 0.3018 0.9388
vt 0.6221 0.9232
vt 0.7754 0.9355
vt 0.9600 0.1523
vt -0.0059 0.0638
vt 0.0400 0.1523
vt 0.1729 0.9049
vt 0.7617 0.9095
vt 1.0146 0.0671
vt 0.1494 0.9160
vt 0.7676 0.9193
vt 0.0566 0.0814
vt 0.2109 0.9251
vt 0.7246 0.9251
vt 0.9043 0.0827
vt 0.2383 0.1836
vt 0.3164 0.2549
vt 0.5459 0.1641
vt 0.8564 0.1748
vt 0.7461 0.2490
vt 0.5381 0.3604
vt 0.3076 0.0312
vt 0.7715 0.0527
vt 0.6279 0.0137
vt 0.4658 0.0166
vt 0.7959 0.0264
vt 0.7178 0.0605
vt 0.6348 0.0723
vt 0.5479 0.0859
vt 0.4551 0.0801
vt 0.3711 0.0645
vt 0.3359 0.0566
vt 0.2246 0.1299
vt 0.0000 1.0000
vt 1.0000 1.0000
vt -0.1289 0.8965
vt 0.1904 0.0547
vt 0.8086 0.0488
vt 1.0898 0.8887
vt 0.8135 0.1260
vt 0.1025 0.5371
vt 0.9297 0.5332
vt 0.9375 0.5400
vt 0.1328 0.5293
vt 1.0000 0.0000
vt -0.0518 0.1846
vn -0.577 -0.577 -0.577
vn -0.577 -0.577 -0.577
vn -0.577 -0.577 -0.577
vn -0.577 -0.577 -0.577
vn -0.577 -0.577 -0.577
vn -0.577 -0.577 -0.577
vn -0.577 -0.577 -0.577
vn 0.577 0.577 0.577
vn -0.577 -0.577 -0.577
vn 0.577 0.577 0.577
vn -0.577 -0.577 -0.577
vn -0.577 -0.577 -0.577
vn -0.577 -0.577 -0.577
vn 0.577 0.577 0.577
vn -0.577 -0.577 -0.577
vn 0.577 0.577 0.577
vn 0.577 0.577 0.577
vn -0.577 -0.577 -0.577
vn -0.577 -0.577 -0.577
vn 0.577 0.577 0.577
vn 0.577 0.577 0.577
vn -0.577 -0.577 -0.577
vn -0.577 -0.577 -0.577
vn -0.577 -0.577 -0.577
vn -0.577 -0.577 -0.577
vn -0.577 -0.577 -0.577
vn -0.577 -0.577 -0.577
vn 0.577 0.577 0.577
vn -0.577 -0.577 -0.577
vn -0.577 -0.577 -0.577
vn 0.577 0.577 0.577
vn -0.577 -0.577 -0.577
vn 0.577 0.577 0.577
vn 0.577 0.577 0.577
vn -0.577 -0.577 -0.577
vn -0.577 -0.577 -0.577
vn -0.577 -0.577 -0.577
vn 0.577 0.577 0.577
vn -0.577 -0.577 -0.577
vn -0.577 -0.577 -0.577
vn -0.577 -0.577 -0.577
vn 0.577 0.577 0.577
vn 0.577 0.577 0.577
vn 0.577 0.577 0.577
vn 0.577 0.577 0.577
vn 0.577 0.577 0.577
vn 0.577 0.577 0.577
vn -0.577 -0.577 -0.577
vn 0.577 0.577 0.577
vn -0.577 -0.577 -0.577
vn -0.577 -0.577 -0.577
vn -0.577 -0.577 -0.577
vn -0.577 -0.577 -0.577
vn 0.577 0.577 0.577
vn 0.577 0.577 0.577
vn 0.577 0.577 0.577
vn -0.577 -0.577 -0.577
vn 0.577 0.577 0.577
vn 0.577 0.577 0.577
vn 0.577 0.577 0.577
vn -0.577 -0.577 -0.577
vn -0.577 -0.577 -0.577
vn -0.577 -0.577 -0.577
vn -0.577 -0.577 -0.577
vn -0.577 -0.577 -0.577
vn -0.577 -0.577 -0.577
vn 0.577 0.577 0.577
vn 0.577 0.577 0.577
vn -0.577 -0.577 -0.577
vn -0.577 -0.577 -0.577
vn -0.577 -0.577 -0.577
vn -0.577 -0.577 -0.577
vn -0.577 -0.577 -0.577
vn -0.577 -0.577 -0.577
vn -0.577 -0.577 -0.577
vn -0.577 -0.577 -0.577
vn -0.577 -0.577 -0.577
vn -0.577 -0.577 -0.577
vn -0.577 -0.577 -0.577
vn -0.577 -0.577 -0.577
vn -0.577 -0.577 -0.577
vn -0.577 -0.577 -0.577
vn -0.577 -0.577 -0.577
vn -0.577 -0.577 -0.577
vn -0.577 -0.577 -0.577
vn -0.577 -0.577 -0.577
vn 0.577 0.577 0.577
vn -0.577 -0.577 -0.577
vn 0.577 0.577 0.577
vn 0.577 0.577 0.577
vn -0.577 -0.577 -0.577
vn -0.577 -0.577 -0.577
vn -0.577 -0.577 -0.577
vn -0.577 -0.577 -0.577
vn -0.577 -0.577 -0.577
vn 0.577 0.577 0.577
vn 0.577 0.577 0.577
vn -0.577 -0.577 -0.577
vn -0.577 -0.577 -0.577
vn -0.577 -0.577 -0.577
vn -0.577 -0.577 -0.577
vn -0.577 -0.577 -0.577
vn -0.577 -0.577 -0.577
vn -0.577 -0.577 -0.577
vn -0.577 -0.577 -0.577
vn 0.577 0.577 0.577
vn 0.577 0.577 0.577
vn -0.577 -0.577 -0.577
vn -0.577 -0.577 -0.577
vn -0.577 -0.577 -0.577
vn -0.577 -0.577 -0.577
vn -0.577 -0.577 -0.577
vn 0.577 0.577 0.577
vn -0.577 -0.577 -0.577
vn -0.577 -0.577 -0.577
vn 0.577 0.577 0.577
vn -0.577 -0.577 -0.577
vn 0.577 0.577 0.577
vn -0.577 -0.577 -0.577
vn -0.577 -0.577 -0.577
vn 0.577 0.577 0.577
vn -0.577 -0.577 -0.577
vn 0.577 0.577 0.577
vn 0.577 0.577 0.577
vn -0.577 -0.577 -0.577
vn -0.577 -0.577 -0.577
vn 0.577 0.577 0.577
vn 0.577 0.577 0.577
vn 0.577 0.577 0.577
vn -0.577 -0.577 -0.577
vn -0.577 -0.577 -0.577
vn -0.577 -0.577 -0.577
vn -0.577 -0.577 -0.577
vn -0.577 -0.577 -0.577
vn 0.577 0.577 0.577
vn -0.577 -0.577 -0.577
vn -0.577 -0.577 -0.577
vn 0.577 0.577 0.577
vn 0.577 0.577 0.577
vn -0.577 -0.577 -0.577
vn -0.577 -0.577 -0.577
vn -0.577 -0.577 -0.577
vn 0.577 0.577 0.577
vn -0.577 -0.577 -0.577
vn 0.577 0.577 0.577
vn -0.577 -0.577 -0.577
vn -0.577 -0.577 -0.577
vn -0.577 -0.577 -0.577
vn -0.577 -0.577 -0.577
vn -0.577 -0.577 -0.577
vn -0.577 -0.577 -0.577
vn 0.577 0.577 0.577
vn 0.577 0.577 0.577
vn -0.577 -0.577 -0.577
vn -0.577 -0.577 -0.577
vn -0.577 -0.577 -0.577
vn -0.577 -0.577 -0.577
vn -0.577 -0.577 -0.577
vn -0.577 -0.577 -0.577
vn -0.577 -0.577 -0.577
vn 0.577 0.577 0.577
vn -0.577 -0.577 -0.577
vn -0.577 -0.577 -0.577
vn -0.577 -0.577 -0.577
vn -0.577 -0.577 -0.577
vn -0.577 -0.577 -0.577
vn -0.577 -0.577 -0.577
vn -0.577 -0.577 -0.577
vn -0.577 -0.577 -0.577
vn -0.577 -0.577 -0.577
vn -0.577 -0.577 -0.577
vn -0.577 -0.577 -0.577
vn -0.577 -0.577 -0.577
vn -0.577 -0.577 -0.577
vn -0.577 -0.577 -0.577
vn -0.577 -0.577 -0.577
vn -0.577 -0.577 -0.577
vn -0.577 -0.577 -0.577
vn -0.577 -0.577 -0.577
vn -0.577 -0.577 -0.577
vn -0.577 -0.577 -0.577
vn -0.577 -0.577 -0.577
vn -0.577 -0.577 -0.577
vn -0.577 -0.577 -0.577
vn -0.577 -0.577 -0.577
vn -0.577 -0.577 -0.577
vn -0.577 -0.577 -0.577
vn -0.577 -0.577 -0.577
vn -0.577 -0.577 -0.577
vn -0.577 -0.577 -0.577
vn -0.577 -0.577 -0.577
vn -0.577 -0.577 -0.577
vn -0.577 -0.577 -0.577
vn -0.577 -0.577 -0.577
vn -0.577 -0.577 -0.577
vn -0.577 -0.577 -0.577
vn -0.577 -0.577 -0.577
vn -0.577 -0.577 -0.577
vn -0.577 -0.577 -0.577
vn -0.577 -0.577 -0.577
vn -0.577 -0.577 -0.577
vn -0.577 -0.577 -0.577
vn -0.577 -0.577 -0.577
vn -0.577 -0.577 -0.577
vn -0.577 -0.577 -0.577
vn -0.577 -0.577 -0.577
vn -0.577 -0.577 -0.577
vn -0.577 -0.577 -0.577
vn -0.577 -0.577 -0.577
vn -0.577 -0.577 -0.577
vn -0.577 -0.577 -0.577
vn -0.577 -0.577 -0.577
vn -0.577 -0.577 -0.577
vn -0.577 -0.577 -0.577
vn -0.577 -0.577 -0.577
vn -0.577 -0.577 -0.577
vn -0.577 -0.577 -0.577
vn -0.577 -0.577 -0.577
vn -0.577 -0.577 -0.577
vn -0.577 -0.577 -0.577
vn -0.577 -0.577 -0.577
vn -0.577 -0.577 -0.577
vn -0.577 -0.577 -0.577
vn -0.577 -0.577 -0.577
vn -0.577 -0.577 -0.577
vn -0.577 -0.577 -0.577
vn -0.577 -0.577 -0.577
vn -0.577 -0.577 -0.577
vn -0.577 -0.577 -0.577
vn -0.577 -0.577 -0.577
vn -0.577 -0.577 -0.577
vn -0.577 -0.577 -0.577
vn -0.577 -0.577 -0.577
vn -0.577 -0.577 -0.577
vn -0.577 -0.577 -0.577
vn -0.577 -0.577 -0.577
vn -0.577 -0.577 -0.577
vn -0.577 -0.577 -0.577
vn -0.577 -0.577 -0.577
vn -0.577 -0.577 -0.577
vn -0.577 -0.577 -0.577
vn -0.577 -0.577 -0.577
vn -0.577 -0.577 -0.577
vn -0.577 -0.577 -0.577
vn -0.577 -0.577 -0.577
vn -0.577 -0.577 -0.577
vn -0.577 -0.577 -0.577
vn -0.577 -0.577 -0.577
vn -0.577 -0.577 -0.577
vn -0.577 -0.577 -0.577
vn -0.577 -0.577 -0.577
vn -0.577 -0.577 -0.577
vn -0.577 -0.577 -0.577
vn -0.577 -0.577 -0.577
vn -0.577 -0.577 -0.577
vn -0.577 -0.577 -0.577
vn -0.577 -0.577 -0.577
vn -0.577 -0.577 -0.577
vn -0.577 -0.577 -0.577
vn -0.577 -0.577 -0.577
vn -0.577 -0.577 -0.577
vn -0.577 -0.577 -0.577
vn -0.577 -0.577 -0.577
vn -0.577 -0.577 -0.577
vn -0.577 -0.577 -0.577
vn -0.577 -0.577 -0.577
vn -0.577 -0.577 -0.577
vn -0.577 -0.577 -0.577
vn -0.577 -0.577 -0.577
vn -0.577 -0.577 -0.577
vn -0.577 -0.577 -0.577
vn -0.577 -0.577 -0.577
vn -0.577 -0.577 -0.577
vn -0.577 -0.577 -0.577
vn -0.577 -0.577 -0.577
vn -0.577 -0.577 -0.577
vn -0.577 -0.577 -0.577
vn -0.577 -0.577 -0.577
vn -0.577 -0.577 -0.577
vn -0.577 -0.577 -0.577
vn -0.577 -0.577 -0.577
vn -0.577 -0.577 -0.577
vn -0.577 -0.577 -0.577
vn -0.577 -0.577 -0.577
vn -0.577 -0.577 -0.577
vn -0.577 -0.577 -0.577
vn -0.577 -0.577 -0.577
vn -0.577 -0.577 -0.577
vn -0.577 -0.577 -0.577
vn -0.577 -0.577 -0.577
vn -0.577 -0.577 -0.577
vn -0.577 -0.577 -0.577
vn -0.577 -0.577 -0.577
vn -0.577 -0.577 -0.577
vn -0.577 -0.577 -0.577
vn -0.577 -0.577 -0.577
vn -0.577 -0.577 -0.577
vn -0.577 -0.577 -0.577
vn -0.577 -0.577 -0.577
vn -0.577 -0.577 -0.577
vn -0.577 -0.577 -0.577
vn -0.577 -0.577 -0.577
vn -0.577 -0.577 -0.577
vn -0.577 -0.577 -0.577
vn -0.577 -0.577 -0.577
vn -0.577 -0.577 -0.577
vn -0.577 -0.577 -0.577
vn -0.577 -0.577 -0.577
vn -0.577 -0.577 -0.577
vn -0.577 -0.577 -0.577
vn -0.577 -0.577 -0.577
vn -0.577 -0.577 -0.577
vn -0.577 -0.577 -0.577
vn -0.577 -0.577 -0.577
vn -0.577 -0.577 -0.577
vn -0.577 -0.577 -0.577
vn -0.577 -0.577 -0.577
vn -0.577 -0.577 -0.577
vn -0.577 -0.577 -0.577
vn -0.577 -0.577 -0.577
vn -0.577 -0.577 -0.577
vn -0.577 -0.577 -0.577
vn -0.577 -0.577 -0.577
vn -0.577 -0.577 -0.577
vn -0.577 -0.577 -0.577
vn -0.577 -0.577 -0.577
vn -0.577 -0.577 -0.577
vn -0.577 -0.577 -0.577
vn -0.577 -0.577 -0.577
vn -0.577 -0.577 -0.577
vn -0.577 -0.577 -0.577
vn -0.577 -0.577 -0.577
vn -0.577 -0.577 -0.577
vn -0.577 -0.577 -0.577
vn -0.577 -0.577 -0.577
vn -0.577 -0.577 -0.577
vn -0.577 -0.577 -0.577
vn -0.577 -0.577 -0.577
vn -0.577 -0.577 -0.577
vn -0.577 -0.577 -0.577
vn -0.577 -0.577 -0.577
vn -0.577 -0.577 -0.577
vn -0.577 -0.577 -0.577
vn -0.577 -0.577 -0.577
vn -0.577 -0.577 -0.577
vn -0.577 -0.577 -0.577
vn -0.577 -0.577 -0.577
vn -0.577 -0.577 -0.577
vn -0.577 -0.577 -0.577
vn -0.577 -0.577 -0.577
vn -0.577 -0.577 -0.577
vn -0.577 -0.577 -0.577
vn -0.577 -0.577 -0.577
vn -0.577 -0.577 -0.577
vn -0.577 -0.577 -0.577
vn -0.577 -0.577 -0.577
vn -0.577 -0.577 -0.577
vn -0.577 -0.577 -0.577
vn -0.577 -0.577 -0.577
vn -0.577 -0.577 -0.577
vn -0.577 -0.577 -0.577
vn -0.577 -0.577 -0.577
vn -0.577 -0.577 -0.577
vn -0.577 -0.577 -0.577
vn -0.577 -0.577 -0.577
vn -0.577 -0.577 -0.577
vn -0.577 -0.577 -0.577
vn -0.577 -0.577 -0.577
vn -0.577 -0.577 -0.577
vn -0.577 -0.577 -0.577
vn -0.577 -0.577 -0.577
vn -0.577 -0.577 -0.577
vn -0.577 -0.577 -0.577
vn -0.577 -0.577 -0.577
vn -0.577 -0.577 -0.577
vn -0.577 -0.577 -0.577
vn -0.577 -0.577 -0.577
vn -0.577 -0.577 -0.577
vn -0.577 -0.577 -0.577
vn -0.577 -0.577 -0.577
vn -0.577 -0.577 -0.577
vn -0.577 -0.577 -0.577
vn -0.577 -0.577 -0.577
vn -0.577 -0.577 -0.577
vn -0.577 -0.577 -0.577
vn -0.577 -0.577 -0.577
vn -0.577 -0.577 -0.577
vn -0.577 -0.577 -0.577
vn -0.577 -0.577 -0.577
vn -0.577 -0.577 -0.577
vn -0.577 -0.577 -0.577
vn -0.577 -0.577 -0.577
vn -0.577 -0.577 -0.577
vn -0.577 -0.577 -0.577
vn -0.577 -0.577 -0.577
vn -0.577 -0.577 -0.577
vn -0.577 -0.577 -0.577
vn -0.577 -0.577 -0.577
vn -0.577 -0.577 -0.577
vn -0.577 -0.577 -0.577
vn -0.577 -0.577 -0.577
vn -0.577 -0.577 -0.577
vn -0.577 -0.577 -0.577
vn -0.577 -0.577 -0.577
vn -0.577 -0.577 -0.577
vn -0.577 -0.577 -0.577
vn -0.577 -0.577 -0.577
vn -0.577 -0.577 -0.577
vn -0.577 -0.577 -0.577
vn -0.577 -0.577 -0.577
vn -0.577 -0.577 -0.577
vn -0.577 -0.577 -0.577
vn -0.577 -0.577 -0.577
vn -0.577 -0.577 -0.577
vn -0.577 -0.577 -0.577
vn -0.577 -0.577 -0.577
vn -0.577 -0.577 -0.577
vn -0.577 -0.577 -0.577
vn -0.577 -0.577 -0.577
vn -0.577 -0.577 -0.577
vn -0.577 -0.577 -0.577
vn -0.577 -0.577 -0.577
vn -0.577 -0.577 -0.577
vn -0.577 -0.577 -0.577
vn -0.577 -0.577 -0.577
vn -0.577 -0.577 -0.577
vn -0.577 -0.577 -0.577
vn -0.577 -0.577 -0.577
vn -0.577 -0.577 -0.577
vn -0.577 -0.577 -0.577
vn -0.577 -0.577 -0.577
vn -0.577 -0.577 -0.577
vn -0.577 -0.577 -0.577
vn -0.577 -0.577 -0.577
vn -0.577 -0.577 -0.577
vn -0.577 -0.577 -0.577
vn -0.577 -0.577 -0.577
vn -0.577 -0.577 -0.577
vn -0.577 -0.577 -0.577
vn -0.577 -0.577 -0.577
vn -0.577 -0.577 -0.577
vn -0.577 -0.577 -0.577
vn -0.577 -0.577 -0.577
vn -0.577 -0.577 -0.577
vn -0.577 -0.577 -0.577
vn -0.577 -0.577 -0.577
vn -0.577 -0.577 -0.577
vn -0.577 -0.577 -0.577
vn -0.577 -0.577 -0.577
vn -0.577 -0.577 -0.577
vn -0.577 -0.577 -0.577
vn -0.577 -0.577 -0.577
vn -0.577 -0.577 -0.577
vn -0.577 -0.577 -0.577
vn -0.577 -0.577 -0.577
vn -0.577 -0.577 -0.577
vn -0.577 -0.577 -0.577
vn -0.577 -0.577 -0.577
vn -0.577 -0.577 -0.577
vn -0.577 -0.577 -0.577
vn -0.577 -0.577 -0.577
vn -0.577 -0.577 -0.577
vn -0.577 -0.577 -0.577
vn -0.577 -0.577 -0.577
vn -0.577 -0.577 -0.577
vn -0.577 -0.577 -0.577
vn -0.577 -0.577 -0.577
vn -0.577 -0.577 -0.577
vn -0.577 -0.577 -0.577
vn -0.577 -0.577 -0.577
vn -0.577 -0.577 -0.577
vn -0.577 -0.577 -0.577
vn -0.577 -0.577 -0.577
vn -0.577 -0.577 -0.577
vn -0.577 -0.577 -0.577
vn -0.577 -0.577 -0.577
vn -0.577 -0.577 -0.577
vn -0.577 -0.577 -0.577
vn -0.577 -0.577 -0.577
vn -0.577 -0.577 -0.577
vn -0.577 -0.577 -0.577
vn -0.577 -0.577 -0.577
vn -0.577 -0.577 -0.577
vn -0.577 -0.577 -0.577
vn -0.577 -0.577 -0.577
vn -0.577 -0.577 -0.577
vn -0.577 -0.577 -0.577
vn -0.577 -0.577 -0.577
vn -0.577 -0.577 -0.577
vn -0.577 -0.577 -0.577
vn -0.577 -0.577 -0.577
vn -0.577 -0.577 -0.577
vn -0.577 -0.577 -0.577
vn -0.577 -0.577 -0.577
vn -0.577 -0.577 -0.577
vn -0.577 -0.577 -0.577
vn -0.577 -0.577 -0.577
vn -0.577 -0.577 -0.577
vn -0.577 -0.577 -0.577
vn -0.577 -0.577 -0.577
vn -0.577 -0.577 -0.577
vn -0.577 -0.577 -0.577
vn -0.577 -0.577 -0.577
vn -0.577 -0.577 -0.577
vn -0.577 -0.577 -0.577
vn -0.577 -0.577 -0.577
vn -0.577 -0.577 -0.577
vn -0.577 -0.577 -0.577
vn -0.577 -0.577 -0.577
vn -0.577 -0.577 -0.577
vn -0.577 -0.577 -0.577
vn -0.577 -0.577 -0.577
vn -0.577 -0.577 -0.577
vn -0.577 -0.577 -0.577
vn -0.577 -0.577 -0.577
vn -0.577 -0.577 -0.577
vn -0.577 -0.577 -0.577
vn -0.577 -0.577 -0.577
vn -0.577 -0.577 -0.577
vn -0.577 -0.577 -0.577
vn -0.577 -0.577 -0.577
vn -0.577 -0.577 -0.577
vn -0.577 -0.577 -0.577
vn -0.577 -0.577 -0.577
vn -0.577 -0.577 -0.577
vn -0.577 -0.577 -0.577
vn -0.577 -0.577 -0.577
vn -0.577 -0.577 -0.577
vn -0.577 -0.577 -0.577
vn -0.577 -0.577 -0.577
vn -0.577 -0.577 -0.577
vn -0.577 -0.577 -0.577
vn -0.577 -0.577 -0.577
vn -0.577 -0.577 -0.577
vn -0.577 -0.577 -0.577
vn -0.577 -0.577 -0.577
vn -0.577 -0.577 -0.577
vn -0.577 -0.577 -0.577
vn -0.577 -0.577 -0.577
vn -0.577 -0.577 -0.577
vn -0.577 -0.577 -0.577
vn -0.577 -0.577 -0.577
vn -0.577 -0.577 -0.577
vn -0.577 -0.577 -0.577
vn -0.577 -0.577 -0.577
vn -0.577 -0.577 -0.577
vn -0.577 -0.577 -0.577
vn -0.577 -0.577 -0.577
vn -0.577 -0.577 -0.577
vn -0.577 -0.577 -0.577
vn -0.577 -0.577 -0.577
vn -0.577 -0.577 -0.577
vn -0.577 -0.577 -0.577
vn -0.577 -0.577 -0.577
vn -0.577 -0.577 -0.577
vn -0.577 -0.577 -0.577
vn -0.577 -0.577 -0.577
vn -0.577 -0.577 -0.577
vn -0.577 -0.577 -0.577
vn -0.577 -0.577 -0.577
vn -0.577 -0.577 -0.577
vn -0.577 -0.577 -0.577
vn -0.577 -0.577 -0.577
vn -0.577 -0.577 -0.577
vn -0.577 -0.577 -0.577
vn -0.577 -0.577 -0.577
vn -0.577 -0.577 -0.577
vn -0.577 -0.577 -0.577
vn -0.577 -0.577 -0.577
vn -0.577 -0.577 -0.577
vn -0.577 -0.577 -0.577
vn -0.577 -0.577 -0.577
vn -0.577 -0.577 -0.577
vn -0.577 -0.577 -0.577
vn -0.577 -0.577 -0.577
vn -0.577 -0.577 -0.577
vn -0.577 -0.577 -0.577
vn -0.577 -0.577 -0.577
vn -0.577 -0.577 -0.577
vn -0.577 -0.577 -0.577
vn -0.577 -0.577 -0.577
vn -0.577 -0.577 -0.577
vn -0.577 -0.577 -0.577
vn -0.577 -0.577 -0.577
vn -0.577 -0.577 -0.577
vn -0.577 -0.577 -0.577
vn -0.577 -0.577 -0.577
vn -0.577 -0.577 -0.577
vn -0.577 -0.577 -0.577
vn -0.577 -0.577 -0.577
vn -0.577 -0.577 -0.577
vn -0.577 -0.577 -0.577
vn -0.577 -0.577 -0.577
vn -0.577 -0.577 -0.577
vn -0.577 -0.577 -0.577
vn -0.577 -0.577 -0.577
vn -0.577 -0.577 -0.577
vn -0.577 -0.577 -0.577
vn -0.577 -0.577 -0.577
vn -0.577 -0.577 -0.577
vn -0.577 -0.577 -0.577
vn -0.577 -0.577 -0.577
vn -0.577 -0.577 -0.577
vn -0.577 -0.577 -0.577
vn -0.577 -0.577 -0.577
vn -0.577 -0.577 -0.577
vn -0.577 -0.577 -0.577
vn -0.577 -0.577 -0.577
vn -0.577 -0.577 -0.577
vn -0.577 -0.577 -0.577
vn -0.577 -0.577 -0.577
vn -0.577 -0.577 -0.577
vn -0.577 -0.577 -0.577
vn -0.577 -0.577 -0.577
vn -0.577 -0.577 -0.577
vn -0.577 -0.577 -0.577
vn -0.577 -0.577 -0.577
vn -0.577 -0.577 -0.577
vn -0.577 -0.577 -0.577
vn -0.577 -0.577 -0.577
vn -0.577 -0.577 -0.577
vn -0.577 -0.577 -0.577
vn -0.577 -0.577 -0.577
vn -0.577 -0.577 -0.577
vn -0.577 -0.577 -0.577
vn -0.577 -0.577 -0.577
vn -0.577 -0.577 -0.577
vn -0.577 -0.577 -0.577
vn -0.577 -0.577 -0.577
vn -0.577 -0.577 -0.577
vn -0.577 -0.577 -0.577
vn -0.577 -0.577 -0.577
vn -0.577 -0.577 -0.577
vn -0.577 -0.577 -0.577
vn -0.577 -0.577 -0.577
vn -0.577 -0.577 -0.577
vn -0.577 -0.577 -0.577
vn -0.577 -0.577 -0.577
vn -0.577 -0.577 -0.577
vn -0.577 -0.577 -0.577
vn -0.577 -0.577 -0.577
vn -0.577 -0.577 -0.577
vn -0.577 -0.577 -0.577
vn -0.577 -0.577 -0.577
vn -0.577 -0.577 -0.577
vn -0.577 -0.577 -0.577
vn -0.577 -0.577 -0.577
vn -0.577 -0.577 -0.577
vn -0.577 -0.577 -0.577
vn -0.577 -0.577 -0.577
vn -0.577 -0.577 -0.577
vn -0.577 -0.577 -0.577
vn -0.577 -0.577 -0.577
vn -0.577 -0.577 -0.577
vn -0.577 -0.577 -0.577
vn -0.577 -0.577 -0.577
vn -0.577 -0.577 -0.577
vn -0.577 -0.577 -0.577
vn -0.577 -0.577 -0.577
vn -0.577 -0.577 -0.577
vn -0.577 -0.577 -0.577
vn -0.577 -0.577 -0.577
vn -0.577 -0.577 -0.577
vn -0.577 -0.577 -0.577
vn -0.577 -0.577 -0.577
vn -0.577 -0.577 -0.577
vn -0.577 -0.577 -0.577
vn -0.577 -0.577 -0.577
vn -0.577 -0.577 -0.577
vn -0.577 -0.577 -0.577
vn -0.577 -0.577 -0.577
vn -0.577 -0.577 -0.577
vn -0.577 -0.577 -0.577
vn -0.577 -0.577 -0.577
vn -0.577 -0.577 -0.577
vn -0.577 -0.577 -0.577
vn -0.577 -0.577 -0.577
vn -0.577 -0.577 -0.577
vn -0.577 -0.577 -0.577
vn -0.577 -0.577 -0.577
vn -0.577 -0.577 -0.577
vn -0.577 -0.577 -0.577
vn -0.577 -0.577 -0.577
vn -0.577 -0.577 -0.577
vn -0.577 -0.577 -0.577
vn -0.577 -0.577 -0.577
vn -0.577 -0.577 -0.577
vn -0.577 -0.577 -0.577
vn -0.577 -0.577 -0.577
vn -0.577 -0.577 -0.577
vn -0.577 -0.577 -0.577
vn -0.577 -0.577 -0.577
vn -0.577 -0.577 -0.577
vn -0.577 -0.577 -0.577
vn -0.577 -0.577 -0.577
vn -0.577 -0.577 -0.577
vn -0.577 -0.577 -0.577
vn -0.577 -0.577 -0.577
vn -0.577 -0.577 -0.577
vn -0.577 -0.577 -0.577
vn -0.577 -0.577 -0.577
vn -0.577 -0.577 -0.577
vn -0.577 -0.577 -0.577
vn -0.577 -0.577 -0.577
vn -0.577 -0.577 -0.577
vn -0.577 -0.577 -0.577
vn -0.577 -0.577 -0.577
vn -0.577 -0.577 -0.577
vn -0.577 -0.577 -0.577
vn -0.577 -0.577 -0.577
vn -0.577 -0.577 -0.577
vn -0.577 -0.577 -0.577
vn -0.577 -0.577 -0.577
vn -0.577 -0.577 -0.577
vn -0.577 -0.577 -0.577
vn -0.577 -0.577 -0.577
vn -0.577 -0.577 -0.577
vn -0.577 -0.577 -0.577
vn -0.577 -0.577 -0.577
vn -0.577 -0.577 -0.577
vn -0.577 -0.577 -0.577
vn -0.577 -0.577 -0.577
vn -0.577 -0.577 -0.577
vn -0.577 -0.577 -0.577
vn -0.577 -0.577 -0.577
vn -0.577 -0.577 -0.577
vn -0.577 -0.577 -0.577
vn -0.577 -0.577 -0.577
vn -0.577 -0.577 -0.577
vn -0.577 -0.577 -0.577
vn -0.577 -0.577 -0.577
vn -0.577 -0.577 -0.577
vn -0.577 -0.577 -0.577
vn -0.577 -0.577 -0.577
vn -0.577 -0.577 -0.577
vn -0.577 -0.577 -0.577
vn -0.577 -0.577 -0.577
vn -0.577 -0.577 -0.577
vn -0.577 -0.577 -0.577
vn -0.577 -0.577 -0.577
vn -0.577 -0.577 -0.577
vn -0.577 -0.577 -0.577
vn -0.577 -0.577 -0.577
vn -0.577 -0.577 -0.577
vn -0.577 -0.577 -0.577
vn -0.577 -0.577 -0.577
vn -0.577 -0.577 -0.577
vn -0.577 -0.577 -0.577
vn -0.577 -0.577 -0.577
vn -0.577 -0.577 -0.577
vn -0.577 -0.577 -0.577
vn -0.577 -0.577 -0.577
vn -0.577 -0.577 -0.577
vn -0.577 -0.577 -0.577
vn -0.577 -0.577 -0.577
vn -0.577 -0.577 -0.577
vn -0.577 -0.577 -0.577
vn -0.577 -0.577 -0.577
vn -0.577 -0.577 -0.577
vn -0.577 -0.577 -0.577
vn -0.577 -0.577 -0.577
vn -0.577 -0.577 -0.577
vn -0.577 -0.577 -0.577
vn -0.577 -0.577 -0.577
vn -0.577 -0.577 -0.577
vn -0.577 -0.577 -0.577
vn -0.577 -0.577 -0.577
vn -0.577 -0.577 -0.577
vn -0.577 -0.577 -0.577
vn -0.577 -0.577 -0.577
vn -0.577 -0.577 -0.577
vn -0.577 -0.577 -0.577
vn -0.577 -0.577 -0.577
vn -0.577 -0.577 -0.577
vn -0.577 -0.577 -0.577
vn -0.577 -0.577 -0.577
vn -0.577 -0.577 -0.577
vn -0.577 -0.577 -0.577
vn -0.577 -0.577 -0.577
vn -0.577 -0.577 -0.577
vn -0.577 -0.577 -0.577
vn -0.577 -0.577 -0.577
vn -0.577 -0.577 -0.577
vn -0.577 -0.577 -0.577
vn -0.577 -0.577 -0.577
vn -0.577 -0.577 -0.577
vn -0.577 -0.577 -0.577
vn -0.577 -0.577 -0.577
vn -0.577 -0.577 -0.577
vn -0.577 -0.577 -0.577
vn -0.577 -0.577 -0.577
vn -0.577 -0.577 -0.577
vn -0.577 -0.577 -0.577
vn -0.577 -0.577 -0.577
vn -0.577 -0.577 -0.577
vn -0.577 -0.577 -0.577
vn -0.577 -0.577 -0.577
vn -0.577 -0.577 -0.577
vn -0.577 -0.577 -0.577
vn -0.577 -0.577 -0.577
vn -0.577 -0.577 -0.577
vn -0.577 -0.577 -0.577
vn -0.577 -0.577 -0.577
vn -0.577 -0.577 -0.577
vn -0.577 -0.577 -0.577
vn -0.577 -0.577 -0.577
vn -0.577 -0.577 -0.577
vn -0.577 -0.577 -0.577
vn -0.577 -0.577 -0.577
vn -0.577 -0.577 -0.577
vn -0.577 -0.577 -0.577
vn -0.577 -0.577 -0.577
vn -0.577 -0.577 -0.577
vn -0.577 -0.577 -0.577
vn -0.577 -0.577 -0.577
vn -0.577 -0.577 -0.577
vn -0.577 -0.577 -0.577
vn -0.577 -0.577 -0.577
vn -0.577 -0.577 -0.577
vn -0.577 -0.577 -0.577
vn -0.577 -0.577 -0.577
vn -0.577 -0.577 -0.577
vn -0.577 -0.577 -0.577
vn -0.577 -0.577 -0.577
vn -0.577 -0.577 -0.577
vn -0.577 -0.577 -0.577
vn -0.577 -0.577 -0.577
vn -0.577 -0.577 -0.577
vn -0.577 -0.577 -0.577
vn -0.577 -0.577 -0.577
vn -0.577 -0.577 -0.577
vn -0.577 -0.577 -0.577
vn -0.577 -0.577 -0.577
vn -0.577 -0.577 -0.577
vn -0.577 -0.577 -0.577
vn -0.577 -0.577 -0.577
vn -0.577 -0.577 -0.577
vn -0.577 -0.577 -0.577
vn -0.577 -0.577 -0.577
vn -0.577 -0.577 -0.577
vn -0.577 -0.577 -0.577
vn -0.577 -0.577 -0.577
vn -0.577 -0.577 -0.577
vn -0.577 -0.577 -0.577
vn -0.577 -0.577 -0.577
vn -0.577 -0.577 -0.577
vn -0.577 -0.577 -0.577
vn -0.577 -0.577 -0.577
vn -0.577 -0.577 -0.577
vn -0.577 -0.577 -0.577
vn -0.577 -0.577 -0.577
vn -0.577 -0.577 -0.577
vn -0.577 -0.577 -0.577
vn -0.577 -0.577 -0.577
vn -0.577 -0.577 -0.577
vn -0.577 -0.577 -0.577
vn -0.577 -0.577 -0.577
vn -0.577 -0.577 -0.577
vn -0.577 -0.577 -0.577
vn -0.577 -0.577 -0.577
vn -0.577 -0.577 -0.577
vn -0.577 -0.577 -0.577
vn -0.577 -0.577 -0.577
vn -0.577 -0.577 -0.577
vn -0.577 -0.577 -0.577
vn -0.577 -0.577 -0.577
vn -0.577 -0.577 -0.577
vn -0.577 -0.577 -0.577
vn -0.577 -0.577 -0.577
vn -0.577 -0.577 -0.577
vn -0.577 -0.577 -0.577
vn -0.577 -0.577 -0.577
vn -0.577 -0.577 -0.577
vn -0.577 -0.577 -0.577
vn -0.577 -0.577 -0.577
vn -0.577 -0.577 -0.577
vn -0.577 -0.577 -0.577
vn -0.577 -0.577 -0.577
vn -0.577 -0.577 -0.577
vn -0.577 -0.577 -0.577
vn -0.577 -0.577 -0.577
vn -0.577 -0.577 -0.577
vn -0.577 -0.577 -0.577
vn -0.577 -0.577 -0.577
vn -0.577 -0.577 -0.577
vn -0.577 -0.577 -0.577
vn -0.577 -0.577 -0.577
vn -0.577 -0.577 -0.577
vn -0.577 -0.577 -0.577
vn -0.577 -0.577 -0.577
vn -0.577 -0.577 -0.577
vn -0.577 -0.577 -0.577
vn -0.577 -0.577 -0.577
vn -0.577 -0.577 -0.577
vn -0.577 -0.577 -0.577
vn -0.577 -0.577 -0.577
vn -0.577 -0.577 -0.577
vn -0.577 -0.577 -0.577
vn -0.577 -0.577 -0.577
vn -0.577 -0.577 -0.577
vn -0.577 -0.577 -0.577
vn -0.577 -0.577 -0.577
vn -0.577 -0.577 -0.577
vn -0.577 -0.577 -0.577
vn -0.577 -0.577 -0.577
vn -0.577 -0.577 -0.577
vn -0.577 -0.577 -0.577
vn -0.577 -0.577 -0.577
vn -0.577 -0.577 -0.577
vn -0.577 -0.577 -0.577
vn -0.577 -0.577 -0.577
vn -0.577 -0.577 -0.577
vn -0.577 -0.577 -0.577
vn -0.577 -0.577 -0.577
vn -0.577 -0.577 -0.577
vn -0.577 -0.577 -0.577
vn -0.577 -0.577 -0.577
vn -0.577 -0.577 -0.577
vn 0.577 0.577 0.577
vn -0.577 -0.577 -0.577
vn -0.577 -0.577 -0.577
vn -0.577 -0.577 -0.577
vn 0.577 0.577 0.577
vn -0.577 -0.577 -0.577
vn -0.577 -0.577 -0.577
vn -0.577 -0.577 -0.577
vn -0.577 -0.577 -0.577
vn -0.577 -0.577 -0.577
vn -0.577 -0.577 -0.577
vn -0.577 -0.577 -0.577
vn -0.577 -0.577 -0.577
vn -0.577 -0.577 -0.577
vn -0.577 -0.577 -0.577
vn -0.577 -0.577 -0.577
vn -0.577 -0.577 -0.577
vn -0.577 -0.577 -0.577
vn -0.577 -0.577 -0.577
vn -0.577 -0.577 -0.577
vn -0.577 -0.577 -0.577
vn -0.577 -0.577 -0.577
vn 0.577 0.577 0.577
vn 0.577 0.577 0.577
vn -0.577 -0.577 -0.577
vn -0.577 -0.577 -0.577
vn 0.577 0.577 0.577
vn -0.577 -0.577 -0.577
vn -0.577 -0.577 -0.577
vn -0.577 -0.577 -0.577
vn -0.577 -0.577 -0.577
vn 0.577 0.577 0.577
vn 0.577 0.577 0.577
vn 0.577 0.577 0.577
vn -0.577 -0.577 -0.577
vn -0.577 -0.577 -0.577
vn -0.577 -0.577 -0.577
vn -0.577 -0.577 -0.577
vn -0.577 -0.577 -0.577
vn -0.577 -0.577 -0.577
vn -0.577 -0.577 -0.577
vn -0.577 -0.577 -0.577
vn 0.577 0.577 0.577
vn -0.577 -0.577 -0.577
vn -0.577 -0.577 -0.577
vn -0.577 -0.577 -0.577
vn -0.577 -0.577 -0.577
vn -0.577 -0.577 -0.577
vn 0.577 0.577 0.577
vn -0.577 -0.577 -0.577
vn 0.577 0.577 0.577
vn -0.577 -0.577 -0.577
vn -0.577 -0.577 -0.577
vn -0.577 -0.577 -0.577
vn -0.577 -0.577 -0.577
vn -0.577 -0.577 -0.577
vn -0.577 -0.577 -0.577
vn -0.577 -0.577 -0.577
vn -0.577 -0.577 -0.577
vn -0.577 -0.577 -0.577
vn -0.577 -0.577 -0.577
vn -0.577 -0.577 -0.577
vn -0.577 -0.577 -0.577
vn -0.577 -0.577 -0.577
vn -0.577 -0.577 -0.577
vn -0.577 -0.577 -0.577
vn -0.577 -0.577 -0.577
vn -0.577 -0.577 -0.577
vn -0.577 -0.577 -0.577
vn -0.577 -0.577 -0.577
vn -0.577 -0.577 -0.577
vn -0.577 -0.577 -0.577
vn -0.577 -0.577 -0.577
vn -0.577 -0.577 -0.577
vn 0.577 0.577 0.577
vn -0.577 -0.577 -0.577
vn 0.577 0.577 0.577
vn -0.577 -0.577 -0.577
vn -0.577 -0.577 -0.577
vn -0.577 -0.577 -0.577
vn -0.577 -0.577 -0.577
vn -0.577 -0.577 -0.577
vn -0.577 -0.577 -0.577
vn -0.577 -0.577 -0.577
vn -0.577 -0.577 -0.577
vn -0.577 -0.577 -0.577
vn -0.577 -0.577 -0.577
vn 0.577 0.577 0.577
vn -0.577 -0.577 -0.577
vn -0.577 -0.577 -0.577
vn -0.577 -0.577 -0.577
vn -0.577 -0.577 -0.577
vn -0.577 -0.577 -0.577
vn -0.577 -0.577 -0.577
vn -0.577 -0.577 -0.577
vn 0.577 0.577 0.577
vn -0.577 -0.577 -0.577
vn -0.577 -0.577 -0.577
vn -0.577 -0.577 -0.577
vn -0.577 -0.577 -0.577
vn -0.577 -0.577 -0.577
vn 0.577 0.577 0.577
vn -0.577 -0.577 -0.577
vn -0.577 -0.577 -0.577
vn -0.577 -0.577 -0.577
vn 0.577 0.577 0.577
vn 0.577 0.577 0.577
vn -0.577 -0.577 -0.577
vn -0.577 -0.577 -0.577
vn -0.577 -0.577 -0.577
vn -0.577 -0.577 -0.577
vn 0.577 0.577 0.577
vn -0.577 -0.577 -0.577
vn 0.577 0.577 0.577
vn 0.577 0.577 0.577
vn -0.577 -0.577 -0.577
vn -0.577 -0.577 -0.577
vn -0.577 -0.577 -0.577
vn 0.577 0.577 0.577
vn -0.577 -0.577 -0.577
vn 0.577 0.577 0.577
vn -0.577 -0.577 -0.577
vn 0.577 0.577 0.577
vn 0.577 0.577 0.577
vn -0.577 -0.577 -0.577
vn 0.577 0.577 0.577
vn -0.577 -0.577 -0.577
vn -0.577 -0.577 -0.577
vn -0.577 -0.577 -0.577
vn -0.577 -0.577 -0.577
vn -0.577 -0.577 -0.577
vn -0.577 -0.577 -0.577
vn -0.577 -0.577 -0.577
vn -0.577 -0.577 -0.577
vn -0.577 -0.577 -0.577
vn -0.577 -0.577 -0.577
vn -0.577 -0.577 -0.577
vn -0.577 -0.577 -0.577
vn -0.577 -0.577 -0.577
vn -0.577 -0.577 -0.577
vn -0.577 -0.577 -0.577
vn -0.577 -0.577 -0.577
vn -0.577 -0.577 -0.577
vn -0.577 -0.577 -0.577
vn -0.577 -0.577 -0.577
vn -0.577 -0.577 -0.577
vn -0.577 -0.577 -0.577
vn -0.577 -0.577 -0.577
vn -0.577 -0.577 -0.577
vn 0.577 0.577 0.577
vn -0.577 -0.577 -0.577
vn -0.577 -0.577 -0.577
vn -0.577 -0.577 -0.577
vn -0.577 -0.577 -0.577
vn -0.577 -0.577 -0.577
vn -0.577 -0.577 -0.577
vn -0.577 -0.577 -0.577
vn 0.577 0.577 0.577
vn 0.577 0.577 0.577
vn -0.577 -0.577 -0.577
vn -0.577 -0.577 -0.577
vn 0.577 0.577 0.577
vn -0.577 -0.577 -0.577
vn -0.577 -0.577 -0.577
vn -0.577 -0.577 -0.577
vn -0.577 -0.577 -0.577
vn -0.577 -0.577 -0.577
vn -0.577 -0.577 -0.577
vn -0.577 -0.577 -0.577
vn -0.577 -0.577 -0.577
vn -0.577 -0.577 -0.577
vn 0.577 0.577 0.577
vn 0.577 0.577 0.577
vn -0.577 -0.577 -0.577
vn -0.577 -0.577 -0.577
vn -0.577 -0.577 -0.577
vn -0.577 -0.577 -0.577
vn -0.577 -0.577 -0.577
vn -0.577 -0.577 -0.577
vn -0.577 -0.577 -0.577
vn -0.577 -0.577 -0.577
vn -0.577 -0.577 -0.577
vn -0.577 -0.577 -0.577
vn -0.577 -0.577 -0.577
vn -0.577 -0.577 -0.577
vn -0.577 -0.577 -0.577
vn -0.577 -0.577 -0.577
vn -0.577 -0.577 -0.577
vn -0.577 -0.577 -0.577
vn -0.577 -0.577 -0.577
usemtl tex_1631_lit_w10
f 1/1/1 2/2/2 3/3/3
f 4/4/4 2/2/2 1/1/1
f 5/5/5 6/6/6 7/7/7
f 8/8/8 9/9/9 2/2/2
f 5/5/5 4/4/4 1/1/1
f 5/5/5 1/1/1 6/6/6
f 9/9/9 3/3/3 2/2/2
f 3/3/3 9/9/9 1/1/1
f 8/8/8 2/2/2 4/4/4
f 8/8/8 4/4/4 10/10/10
f 4/4/4 5/5/5 10/10/10
f 9/9/9 7/7/7 1/1/1
f 7/7/7 6/6/6 1/1/1
f 7/7/7 10/10/10 8/8/8
f 7/7/7 8/8/8 9/9/9
f 10/10/10 5/5/5 7/7/7
usemtl tex_1901_lit
f 11/11/11 12/12/12 15/13/15
f 16/14/16 13/15/13 14/16/14
f 17/17/17 16/14/16 14/16/14
f 17/17/17 14/16/14 11/11/11
f 18/18/18 15/13/15 12/12/12
f 16/14/16 18/18/18 13/15/13
f 18/18/18 12/12/12 13/15/13
f 17/17/17 11/11/11 15/13/15
f 19/19/19 27/11/27 20/20/20
f 20/20/20 27/11/27 28/16/28
f 21/21/21 28/16/28 22/22/22
f 22/22/22 28/16/28 29/15/29
f 23/23/23 29/15/29 24/24/24
f 24/24/24 29/15/29 30/12/30
f 25/25/25 30/12/30 26/26/26
f 26/26/26 30/12/30 27/11/27
f 22/22/22 29/15/29 23/23/23
f 24/24/24 30/12/30 25/25/25
f 26/26/26 27/11/27 19/19/19
f 20/20/20 28/16/28 21/21/21
f 31/27/31 32/28/32 33/29/33
f 34/30/34 35/31/35 36/32/36
f 32/28/32 37/33/37 33/29/33
f 36/32/36 32/28/32 31/27/31
f 38/34/38 35/31/35 34/30/34
f 37/33/37 35/31/35 38/34/38
f 33/29/33 37/33/37 38/34/38
f 34/30/34 36/32/36 31/27/31
f 31/27/31 33/29/33 38/34/38
f 31/27/31 38/34/38 34/30/34
f 37/33/37 32/28/32 36/32/36
f 37/33/37 36/32/36 35/31/35
usemtl tex_1904_lit
f 39/35/39 40/36/40 41/37/41
f 42/38/42 40/36/40 39/35/39
f 43/39/43 42/38/42 39/35/39
f 43/39/43 44/40/44 42/38/42
f 44/40/44 43/39/43 45/41/45
f 44/40/44 45/41/45 46/42/46
f 44/40/44 46/42/46 47/43/47
f 47/43/47 46/42/46 40/36/40
f 46/42/46 41/37/41 40/36/40
f 52/44/52 53/45/53 48/46/48
f 49/47/49 54/48/54 52/44/52
f 49/47/49 55/49/55 54/48/54
f 48/46/48 53/45/53 56/50/56
f 50/51/50 49/47/49 52/44/52
f 51/52/51 56/50/56 55/49/55
f 48/46/48 56/50/56 51/52/51
f 51/52/51 55/49/55 49/47/49
f 50/51/50 52/44/52 48/46/48
usemtl tex_1901_lit
f 57/53/57 61/23/61 62/24/62
f 58/54/58 62/24/62 63/25/63
f 58/54/58 63/25/63 64/26/64
f 59/55/59 64/26/64 65/19/65
f 58/54/58 64/26/64 59/55/59
f 57/53/57 62/24/62 58/54/58
f 60/56/60 66/22/66 57/53/57
f 59/55/59 67/20/67 60/56/60
f 59/55/59 65/19/65 67/20/67
f 60/56/60 67/20/67 68/21/68
f 60/56/60 68/21/68 66/22/66
f 57/53/57 66/22/66 61/23/61
f 69/57/69 70/58/70 71/28/71
f 72/33/72 70/58/70 73/59/73
f 74/60/74 75/32/75 76/31/76
f 76/31/76 72/33/72 73/59/73
f 69/57/69 71/28/71 75/32/75
f 70/58/70 72/33/72 71/28/71
f 74/60/74 69/57/69 75/32/75
f 74/60/74 76/31/76 73/59/73
f 77/59/77 78/58/78 79/57/79
f 77/59/77 79/57/79 74/60/74
f 72/33/72 76/31/76 75/32/75
f 72/33/72 75/32/75 71/28/71
usemtl tex_1631_lit_w10
f 80/61/80 81/62/81 82/63/82
f 82/63/82 81/62/81 83/63/83
f 82/63/82 84/64/84 85/65/85
f 82/63/82 86/66/86 84/64/84
f 81/62/81 85/65/85 87/67/87
f 82/63/82 83/63/83 88/68/88
f 81/62/81 80/61/80 85/65/85
f 82/63/82 85/65/85 80/61/80
f 83/63/83 81/62/81 87/67/87
f 89/69/89 83/63/83 87/67/87
f 89/69/89 88/68/88 83/63/83
f 86/66/86 82/63/82 88/68/88
f 88/68/88 89/69/89 84/64/84
f 88/68/88 84/64/84 86/66/86
usemtl tex_1901_lit
f 90/70/90 96/71/96 97/72/97
f 91/73/91 98/74/98 96/71/96
f 92/75/92 93/76/93 99/77/99
f 93/76/93 100/78/100 99/77/99
f 94/79/94 97/72/97 101/80/101
f 94/79/94 90/70/90 97/72/97
f 90/70/90 91/73/91 96/71/96
f 93/76/93 95/81/95 100/78/100
f 102/82/102 110/76/110 103/83/103
f 103/83/103 110/76/110 111/75/111
f 104/84/104 111/75/111 105/85/105
f 105/85/105 112/73/112 113/70/113
f 106/86/106 113/70/113 107/87/107
f 107/87/107 113/70/113 114/79/114
f 108/88/108 114/79/114 109/89/109
f 109/89/109 115/81/115 110/76/110
f 107/87/107 114/79/114 108/88/108
f 105/85/105 113/70/113 106/86/106
f 103/83/103 111/75/111 104/84/104
f 109/89/109 110/76/110 102/82/102
f 116/90/116 117/91/117 118/92/118
f 119/93/119 120/94/120 121/95/121
f 116/90/116 122/96/122 117/91/117
f 118/92/118 117/91/117 119/93/119
f 121/95/121 120/94/120 123/97/123
f 123/97/123 120/94/120 122/96/122
f 123/97/123 122/96/122 116/90/116
f 118/92/118 119/93/119 121/95/121
f 121/95/121 123/97/123 116/90/116
f 121/95/121 116/90/116 118/92/118
f 120/94/120 119/93/119 117/91/117
f 120/94/120 117/91/117 122/96/122
usemtl tex_1904_lit
f 124/98/124 125/99/125 126/100/126
f 127/101/127 125/99/125 124/98/124
f 128/102/128 127/101/127 124/98/124
f 129/103/129 127/101/127 128/102/128
f 130/104/130 129/103/129 128/102/128
f 131/105/131 129/103/129 130/104/130
f 132/106/132 131/105/131 130/104/130
f 125/99/125 131/105/131 132/106/132
f 126/100/126 125/99/125 132/106/132
f 137/44/137 133/51/133 134/107/134
f 138/48/138 139/108/139 135/47/135
f 137/44/137 138/48/138 135/47/135
f 139/108/139 140/109/140 136/110/136
f 140/109/140 141/111/141 134/107/134
f 136/110/136 140/109/140 134/107/134
f 135/47/135 139/108/139 136/110/136
f 137/44/137 135/47/135 133/51/133
f 141/111/141 137/44/137 134/107/134
usemtl tex_1901_lit
f 142/112/142 146/82/146 147/83/147
f 142/112/142 147/83/147 148/84/148
f 143/113/143 149/88/149 150/89/150
f 142/112/142 150/89/150 146/82/146
f 144/114/144 151/85/151 145/115/145
f 143/113/143 150/89/150 142/112/142
f 145/115/145 152/87/152 143/113/143
f 144/114/144 148/84/148 151/85/151
f 145/115/145 153/86/153 152/87/152
f 143/113/143 152/87/152 149/88/149
f 145/115/145 151/85/151 153/86/153
f 144/114/144 142/112/142 148/84/148
f 154/91/154 155/116/155 156/117/156
f 157/118/157 155/116/155 158/96/158
f 159/94/159 160/93/160 161/119/161
f 157/118/157 158/96/158 159/94/159
f 160/93/160 154/91/154 156/117/156
f 154/91/154 158/96/158 155/116/155
f 160/93/160 156/117/156 161/119/161
f 157/118/157 159/94/159 161/119/161
f 162/119/162 163/117/163 164/116/164
f 162/119/162 164/116/164 165/118/165
f 154/91/154 160/93/160 159/94/159
f 154/91/154 159/94/159 158/96/158
usemtl tex_1751_lit
f 166/120/166 172/121/172 173/122/173
f 174/123/174 167/124/167 168/125/168
f 167/124/167 175/126/175 166/120/166
f 175/126/175 172/121/172 166/120/166
f 169/127/169 166/120/166 173/122/173
f 169/127/169 173/122/173 176/128/176
f 169/127/169 176/128/176 170/129/170
f 176/128/176 171/130/171 170/129/170
f 176/128/176 174/123/174 171/130/171
f 174/123/174 168/125/168 171/130/171
f 167/124/167 174/123/174 175/126/175
usemtl tex_1892_lit
f 177/131/177 178/132/178 179/133/179
f 177/131/177 179/133/179 180/134/180
f 181/135/181 182/136/182 183/137/183
f 182/136/182 184/138/184 185/139/185
f 177/131/177 186/140/186 178/132/178
f 181/135/181 187/141/187 182/136/182
f 181/135/181 188/142/188 187/141/187
f 178/132/178 186/140/186 189/143/189
f 190/144/190 191/145/191 192/146/192
f 193/147/193 194/133/194 195/132/195
f 196/141/196 197/142/197 198/148/198
f 199/149/199 200/150/200 201/151/201
f 202/152/202 194/133/194 193/147/193
f 203/153/203 204/146/204 205/154/205
f 206/155/206 207/156/207 208/157/208
f 209/141/209 210/131/210 211/136/211
f 212/158/212 213/159/213 214/160/214
f 215/161/215 216/162/216 213/159/213
f 217/163/217 218/134/218 219/151/219
f 220/164/220 212/158/212 221/165/221
f 222/166/222 223/167/223 224/168/224
f 225/169/225 226/150/226 227/170/227
f 226/150/226 225/169/225 228/151/228
f 229/168/229 230/167/230 231/171/231
f 232/172/232 233/133/233 234/152/234
f 235/173/235 236/174/236 230/167/230
f 237/136/237 238/131/238 227/170/227
f 239/141/239 240/175/240 241/140/241
f 242/143/242 243/176/243 244/160/244
f 245/131/245 246/163/246 247/169/247
f 248/177/248 241/140/241 240/175/240
f 249/178/249 250/170/250 251/150/251
f 251/150/251 252/179/252 253/180/253
f 240/175/240 239/141/239 254/148/254
f 255/147/255 256/143/256 257/160/257
f 258/131/258 259/169/259 260/170/260
f 261/161/261 262/159/262 263/158/263
f 264/181/264 265/154/265 266/182/266
f 267/165/267 263/158/263 257/160/257
f 268/146/268 266/182/266 265/154/265
f 261/161/261 263/158/263 266/182/266
f 256/143/256 255/147/255 269/132/269
f 270/177/270 271/143/271 272/140/272
f 273/146/273 274/153/274 275/142/275
f 276/163/276 277/131/277 278/134/278
f 279/176/279 280/165/280 281/160/281
f 282/144/282 283/135/283 284/137/284
f 285/172/285 286/152/286 287/160/287
f 288/133/288 289/183/289 290/151/290
f 288/133/288 290/151/290 291/134/291
f 292/149/292 293/166/293 294/168/294
f 295/179/295 296/150/296 294/168/294
f 297/174/297 298/184/298 299/167/299
f 293/166/293 300/173/300 299/167/299
f 301/145/301 302/144/302 303/137/303
f 304/177/304 305/175/305 306/148/306
f 307/180/307 308/138/308 309/136/309
f 310/163/310 311/151/311 312/169/312
f 313/178/313 307/180/307 309/136/309
f 313/178/313 309/136/309 314/170/314
f 307/180/307 315/179/315 316/185/316
f 317/173/317 318/186/318 319/174/319
f 320/187/320 321/156/321 322/177/322
f 323/178/323 324/150/324 325/180/325
f 326/141/326 327/140/327 328/131/328
f 329/144/329 330/142/330 331/135/331
f 332/146/332 333/161/333 334/182/334
f 335/164/335 336/165/336 337/157/337
f 335/164/335 338/181/338 334/182/334
f 339/155/339 340/176/340 341/143/341
f 342/188/342 343/166/343 344/149/344
f 345/189/345 346/151/346 347/183/347
f 348/181/348 349/157/349 350/154/350
f 348/181/348 351/164/351 349/157/349
f 352/158/352 351/164/351 353/182/353
f 354/187/354 355/153/355 349/157/349
f 356/156/356 354/187/354 349/157/349
f 357/176/357 358/155/358 349/157/349
f 357/176/357 349/157/349 359/165/359
f 355/153/355 354/187/354 360/142/360
f 354/187/354 361/148/361 360/142/360
f 356/156/356 358/155/358 362/177/362
f 358/155/358 363/143/363 362/177/362
f 354/187/354 362/177/362 361/148/361
f 364/137/364 365/136/365 366/139/366
f 367/152/367 368/147/368 369/160/369
f 370/144/370 371/146/371 372/142/372
f 373/189/373 374/188/374 375/149/375
f 376/179/376 377/168/377 378/171/378
f 375/149/375 377/168/377 379/150/379
f 380/189/380 381/149/381 382/151/382
f 383/188/383 380/189/380 384/183/384
f 385/153/385 386/154/386 387/157/387
usemtl tex_1893_lit
f 388/190/388 389/191/389 390/192/390
f 389/191/389 391/193/391 392/194/392
f 388/190/388 393/195/393 391/193/391
f 394/196/394 393/195/393 388/190/388
f 395/197/395 396/198/396 397/199/397
f 398/196/398 399/190/399 400/200/400
f 401/201/401 402/191/402 403/194/403
f 396/198/396 404/202/404 405/192/405
f 397/199/397 406/203/406 407/204/407
f 408/205/408 409/206/409 410/207/410
f 411/204/411 412/203/412 413/208/413
f 414/205/414 415/200/415 416/206/416
f 417/198/417 418/209/418 419/202/419
f 417/198/417 420/197/420 418/209/418
f 413/208/413 421/210/421 422/211/422
f 423/212/423 424/213/424 412/203/412
f 423/212/423 425/214/425 426/215/426
f 427/205/427 428/196/428 429/200/429
f 430/198/430 431/191/431 432/199/432
f 428/196/428 427/205/427 433/207/433
f 434/201/434 435/216/435 432/199/432
f 436/214/436 437/217/437 438/215/438
f 436/214/436 439/203/439 435/216/435
f 434/201/434 432/199/432 431/191/431
f 431/191/431 430/198/430 440/192/440
f 441/208/441 442/213/442 443/210/443
f 444/197/444 445/211/445 446/209/446
f 447/214/447 448/201/448 449/217/449
f 444/197/444 450/204/450 441/208/441
f 448/201/448 451/194/451 449/217/449
f 452/190/452 453/193/453 454/191/454
f 441/208/441 455/203/455 442/213/442
f 444/197/444 441/208/441 445/211/445
f 456/199/456 450/204/450 444/197/444
f 457/203/457 458/199/458 459/216/459
f 460/214/460 459/216/459 461/201/461
f 460/214/460 462/212/462 457/203/457
f 463/217/463 464/194/464 465/193/465
f 465/193/465 466/218/466 463/217/463
f 467/219/467 463/217/463 466/218/466
f 467/219/467 468/215/468 463/217/463
f 469/207/469 470/220/470 471/196/471
f 466/218/466 471/196/471 470/220/470
f 466/218/466 472/195/472 471/196/471
f 466/218/466 465/193/465 472/195/472
usemtl tex_1894_lit
f 473/221/473 474/222/474 475/223/475
f 476/224/476 474/222/474 477/225/477
f 474/222/474 476/224/476 478/226/478
f 479/227/479 480/228/480 481/229/481
f 482/230/482 483/231/483 484/232/484
f 482/230/482 485/233/485 483/231/483
f 484/232/484 483/231/483 486/234/486
f 487/235/487 486/234/486 483/231/483
f 488/236/488 489/237/489 490/224/490
f 491/238/491 492/223/492 493/239/493
f 494/240/494 495/233/495 496/241/496
f 494/240/494 497/231/497 495/233/495
f 494/240/494 498/242/498 497/231/497
f 499/225/499 500/243/500 501/244/501
f 502/221/502 492/223/492 491/238/491
f 503/245/503 504/227/504 505/246/505
f 506/247/506 507/238/507 508/248/508
f 509/249/509 510/250/510 511/225/511
f 511/225/511 510/250/510 512/243/512
f 511/225/511 513/221/513 509/249/509
f 514/251/514 515/224/515 516/252/516
f 517/253/517 518/244/518 519/254/519
f 520/225/520 521/222/521 522/221/522
f 523/249/523 522/221/522 524/238/524
f 525/255/525 526/248/526 524/238/524
f 519/254/519 527/247/527 526/248/526
f 528/240/528 529/256/529 530/242/530
f 528/240/528 531/241/531 529/256/529
f 532/227/532 533/257/533 534/246/534
f 535/254/535 536/244/536 537/243/537
f 538/224/538 539/237/539 540/252/540
f 541/249/541 542/238/542 543/247/543
f 544/250/544 541/249/541 543/247/543
f 545/258/545 546/255/546 542/238/542
f 547/235/547 548/231/548 549/242/549
f 550/236/550 551/225/551 552/246/552
f 553/245/553 552/246/552 554/259/554
f 555/260/555 554/259/554 552/246/552
f 556/254/556 557/243/557 558/250/558
f 550/236/550 559/224/559 551/225/551
f 560/257/560 550/236/550 552/246/552
f 561/248/561 562/253/562 556/254/556
f 563/245/563 564/228/564 565/227/565
f 566/223/566 567/222/567 568/226/568
f 569/258/569 570/238/570 571/239/571
f 572/225/572 573/260/573 574/246/574
f 564/228/564 563/245/563 575/261/575
f 572/225/572 576/244/576 577/262/577
f 572/225/572 577/262/577 573/260/573
f 578/247/578 579/254/579 580/250/580
f 581/229/581 582/228/582 583/261/583
f 584/263/584 585/264/585 586/265/586
f 586/265/586 587/266/587 584/263/584
f 588/244/588 589/253/589 590/267/590
f 591/260/591 592/262/592 588/244/588
f 590/267/590 591/260/591 588/244/588
f 591/260/591 590/267/590 593/268/593
f 594/259/594 595/260/595 596/268/596
f 597/245/597 594/259/594 596/268/596
f 598/269/598 597/245/597 596/268/596
usemtl tex_1894_lit_ovl
f 597/245/597 598/269/598 599/261/599
usemtl tex_1751_lit
f 600/270/600 601/271/601 602/272/602
f 600/270/600 602/272/602 603/273/603
usemtl tex_1892_lit
f 604/274/604 605/275/605 606/276/606
f 604/274/604 606/276/606 607/277/607
f 608/278/608 609/279/609 610/280/610
f 608/278/608 610/280/610 611/281/611
f 612/282/612 613/283/613 614/284/614
f 612/282/612 614/284/614 615/285/615
usemtl tex_1893_lit
f 616/286/616 617/287/617 618/288/618
f 616/286/616 618/288/618 619/289/619
usemtl tex_1894_lit
f 620/290/620 621/291/621 622/292/622
f 620/290/620 622/292/622 623/293/623
usemtl tex_1897_lit
f 624/294/624 625/295/625 626/296/626
f 626/296/626 625/295/625 627/297/627
usemtl tex_1899_lit_ovl
f 628/298/628 629/299/629 630/300/630
usemtl tex_1899_lit
f 630/300/630 629/299/629 631/301/631
usemtl tex_1900_lit
f 632/302/632 633/303/633 634/304/634
f 634/304/634 633/303/633 635/305/635
usemtl tex_1898_lit
f 636/306/636 637/307/637 638/308/638
f 638/308/638 637/307/637 639/309/639
f 640/310/640 641/311/641 642/312/642
f 642/312/642 641/311/641 643/313/643
usemtl tex_1896_lit_w11
f 644/314/644 645/315/645 650/316/650
f 646/317/646 650/316/650 651/318/651
f 651/318/651 652/319/652 647/320/647
f 648/321/648 652/319/652 653/322/653
f 647/320/647 646/317/646 651/318/651
f 645/315/645 653/322/653 650/316/650
f 652/319/652 648/321/648 649/323/649
f 645/315/645 648/321/648 653/322/653
usemtl tex_1895_lit_w11
f 654/324/654 663/325/663 655/326/655
f 664/327/664 663/325/663 654/324/654
f 656/328/656 665/329/665 657/330/657
f 658/331/658 666/332/666 665/329/665
f 659/333/659 667/334/667 660/335/660
f 668/336/668 667/334/667 659/333/659
f 661/337/661 669/338/669 662/339/662
f 678/340/678 679/338/679 670/337/670
f 671/341/671 680/336/680 672/333/672
f 673/331/673 681/329/681 674/328/674
f 675/342/675 682/327/682 676/324/676
f 677/343/677 678/340/678 670/337/670
usemtl tex_1896_lit_w11
f 683/344/683 684/345/684 685/346/685
f 685/346/685 686/347/686 687/348/687
f 688/349/688 684/345/684 689/350/689
f 687/348/687 688/349/688 690/351/690
f 687/348/687 686/347/686 688/349/688
f 684/345/684 683/344/683 689/350/689
f 683/344/683 685/346/685 687/348/687
f 688/349/688 689/350/689 690/351/690
f 691/346/691 692/345/692 693/349/693
f 691/346/691 693/349/693 694/347/694
usemtl tex_1895_lit_w11
f 695/352/695 696/353/696 697/354/697
f 698/355/698 695/352/695 697/354/697
f 699/356/699 700/357/700 701/358/701
f 699/356/699 702/359/702 700/357/700
f 703/360/703 704/361/704 705/362/705
f 706/363/706 707/364/707 705/362/705
f 703/360/703 708/365/708 704/361/704
f 709/366/709 710/367/710 711/368/711
f 710/367/710 709/366/709 712/369/712
f 713/370/713 714/356/714 715/358/715
f 716/371/716 722/366/722 717/372/717
f 717/372/717 722/366/722 723/360/723
f 724/362/724 717/372/717 723/360/723
f 718/373/718 717/372/717 724/362/724
f 725/364/725 718/373/718 724/362/724
f 719/374/719 718/373/718 725/364/725
f 726/363/726 719/374/719 725/364/725
f 720/375/720 719/374/719 726/363/726
f 727/369/727 720/375/720 726/363/726
f 721/376/721 720/375/720 727/369/727
f 722/366/722 721/376/721 727/369/727
f 721/376/721 722/366/722 716/371/716
f 734/343/734 735/337/735 728/353/728
f 736/324/736 737/326/737 729/368/729
f 738/342/738 736/324/736 730/367/730
f 739/328/739 740/330/740 731/370/731
f 741/331/741 739/328/739 732/358/732
f 742/333/742 743/335/743 733/361/733
f 752/341/752 753/333/753 744/365/744
f 754/337/754 755/339/755 745/354/745
f 744/365/744 753/333/753 746/361/746
f 747/367/747 756/324/756 748/368/748
f 749/353/749 754/337/754 745/354/745
f 750/358/750 757/328/757 751/370/751
f 758/377/758 759/378/759 760/379/760
f 761/380/761 762/381/762 760/379/760
f 762/381/762 758/377/758 760/379/760
f 763/382/763 764/383/764 759/378/759
f 759/378/759 764/383/764 765/384/765
f 766/380/766 763/382/763 762/381/762
f 759/378/759 765/384/765 760/379/760
f 763/382/763 766/380/766 764/383/764
f 758/377/758 762/381/762 763/382/763
f 763/382/763 759/378/759 758/377/758
usemtl tex_1895_lit_w11_ovl
f 767/384/767 768/383/768 769/380/769
f 767/384/767 769/380/769 770/379/770
usemtl tex_1897_lit
f 771/385/771 772/386/772 773/387/773
f 774/388/774 772/386/772 771/385/771
usemtl tex_1899_lit
f 775/389/775 776/390/776 777/391/777
f 778/392/778 776/390/776 775/389/775
usemtl tex_1900_lit
f 779/393/779 780/394/780 781/395/781
f 782/396/782 780/394/780 779/393/779
usemtl tex_1898_lit
f 783/397/783 784/398/784 785/399/785
f 786/400/786 784/398/784 783/397/783
f 787/401/787 788/402/788 789/403/789
f 790/404/790 788/402/788 787/401/787
usemtl tex_1896_lit_w11
f 797/405/797 791/406/791 792/407/792
f 798/408/798 797/405/797 793/409/793
f 794/410/794 799/411/799 798/408/798
f 800/412/800 799/411/799 795/413/795
f 798/408/798 793/409/793 794/410/794
f 797/405/797 800/412/800 791/406/791
usemtl tex_1896_lit_w11_ovl
f 796/414/796 795/413/795 799/411/799
usemtl tex_1896_lit_w11
f 800/412/800 795/413/795 791/406/791
usemtl tex_1895_lit_w11
f 801/415/801 802/416/802 810/417/810
f 802/416/802 803/418/803 811/419/811
f 804/420/804 805/421/805 812/422/812
f 805/421/805 806/423/806 813/424/813
f 807/425/807 808/426/808 814/427/814
f 809/428/809 807/425/807 815/429/815
f 816/430/816 817/431/817 822/432/822
f 817/431/817 818/433/818 823/434/823
f 824/429/824 819/425/819 825/427/825
f 826/422/826 820/421/820 827/424/827
f 822/432/822 817/431/817 823/434/823
f 828/417/828 821/416/821 829/419/829
usemtl tex_1896_lit_w11
f 830/435/830 831/436/831 832/437/832
f 833/438/833 834/439/834 830/435/830
f 835/440/835 831/436/831 836/441/836
f 837/442/837 836/441/836 833/438/833
f 836/441/836 834/439/834 833/438/833
f 835/440/835 832/437/832 831/436/831
f 833/438/833 830/435/830 832/437/832
f 837/442/837 835/440/835 836/441/836
f 838/436/838 839/435/839 840/439/840
f 838/436/838 840/439/840 841/441/841
usemtl tex_1895_lit_w11
f 842/443/842 843/444/843 844/445/844
f 842/443/842 844/445/844 845/446/845
f 846/447/846 847/448/847 848/449/848
f 849/450/849 850/451/850 851/452/851
f 849/450/849 852/453/852 850/451/850
f 853/454/853 848/449/848 847/448/847
f 852/453/852 854/455/854 850/451/850
f 855/456/855 856/457/856 857/458/857
f 852/453/852 850/451/850 851/452/851
f 858/459/858 859/456/859 860/458/860
f 861/460/861 862/450/862 863/452/863
f 864/461/864 870/462/870 865/463/865
f 865/463/865 870/462/870 871/464/871
f 865/463/865 871/464/871 866/465/866
f 866/465/866 871/464/871 872/459/872
f 866/465/866 872/459/872 867/466/867
f 867/466/867 872/459/872 873/458/873
f 867/466/867 873/458/873 874/448/874
f 869/467/869 868/468/868 875/447/875
f 868/468/868 874/448/874 875/447/875
f 869/467/869 875/447/875 864/461/864
f 864/461/864 875/447/875 870/462/870
f 867/466/867 874/448/874 868/468/868
f 884/431/884 876/454/876 885/433/885
f 877/449/877 876/454/876 884/431/884
f 886/416/886 878/460/878 887/418/887
f 879/450/879 878/460/878 886/416/886
f 888/425/888 880/456/880 889/426/889
f 881/457/881 880/456/880 888/425/888
f 890/421/890 882/443/882 891/423/891
f 883/444/883 882/443/882 890/421/890
f 896/428/896 892/457/892 897/425/897
f 898/420/898 893/444/893 899/421/899
f 900/430/900 894/449/894 901/431/901
f 902/415/902 895/450/895 903/416/903
f 904/469/904 905/470/905 906/471/906
f 906/471/906 907/472/907 904/469/904
f 908/473/908 906/471/906 905/470/905
f 908/473/908 904/469/904 909/474/909
f 908/473/908 905/470/905 904/469/904
f 906/471/906 910/475/910 907/472/907
f 911/476/911 910/475/910 906/471/906
f 904/469/904 907/472/907 912/474/912
f 908/473/908 911/476/911 906/471/906
f 910/475/910 912/474/912 907/472/907
f 913/475/913 914/476/914 915/473/915
f 913/475/913 915/473/915 916/474/916
usemtl tex_1905_lit_w11
f 917/477/917 918/478/918 919/479/919
f 920/480/920 921/481/921 922/482/922
f 923/483/923 924/484/924 925/485/925
f 926/486/926 921/481/921 927/487/927
f 928/488/928 918/478/918 921/481/921
f 923/483/923 927/487/927 929/489/929
f 930/490/930 931/491/931 932/492/932
f 933/477/933 934/493/934 935/478/935
f 936/480/936 937/490/937 938/492/938
f 936/480/936 939/488/939 940/481/940
f 941/483/941 942/494/942 943/484/943
f 935/478/935 944/495/944 945/479/945
f 937/490/937 946/496/946 947/491/947
f 944/495/944 948/497/948 945/479/945
f 949/477/949 950/479/950 951/498/951
f 952/483/952 953/485/953 954/487/954
f 955/481/955 956/486/956 957/482/957
f 958/499/958 959/500/959 960/501/960
f 961/494/961 962/502/962 963/484/963
f 964/480/964 965/503/965 966/490/966
f 967/479/967 968/497/968 969/498/969
f 970/487/970 971/493/971 972/489/972
f 973/504/973 974/501/974 975/500/975
f 976/505/976 968/497/968 964/480/964
f 971/493/971 970/487/970 977/481/977
f 978/488/978 979/495/979 980/478/980
f 981/480/981 979/495/979 978/488/978
f 981/480/981 982/497/982 979/495/979
f 983/482/983 984/500/984 985/503/985
f 980/478/980 986/493/986 987/481/987
f 988/485/988 989/484/989 983/482/983
f 988/485/988 983/482/983 990/486/990
f 991/505/991 981/480/981 992/492/992
f 993/483/993 994/489/994 995/494/995
f 996/487/996 997/485/997 998/486/998
f 999/506/999 1000/482/1000 1001/484/1001
f 999/506/999 1002/504/1002 1000/482/1000
f 1002/504/1002 1003/500/1003 1000/482/1000
f 1004/497/1004 1005/507/1005 1006/498/1006
f 1007/480/1007 1000/482/1000 1008/503/1008
usemtl tex_1906_lit_w11
f 1009/508/1009 1010/509/1010 1011/510/1011
f 1012/511/1012 1013/512/1013 1014/513/1014
f 1011/510/1011 1010/509/1010 1015/514/1015
f 1009/508/1009 1016/515/1016 1010/509/1010
f 1017/516/1017 1012/511/1012 1014/513/1014
f 1018/517/1018 1019/518/1019 1020/519/1020
f 1018/517/1018 1015/514/1015 1019/518/1019
f 1021/520/1021 1010/509/1010 1016/515/1016
f 1017/516/1017 1009/508/1009 1012/511/1012
f 1010/509/1010 1022/521/1022 1023/522/1023
f 1011/510/1011 1018/517/1018 1013/512/1013
f 1011/510/1011 1015/514/1015 1018/517/1018
f 1012/511/1012 1009/508/1009 1011/510/1011
f 1013/512/1013 1018/517/1018 1020/519/1020
f 1013/512/1013 1012/511/1012 1011/510/1011
f 1010/509/1010 1023/522/1023 1015/514/1015
usemtl tex_1905_lit_w11
f 1024/523/1024 1033/498/1033 1025/524/1025
f 1034/477/1034 1033/498/1033 1024/523/1024
f 1026/525/1026 1034/477/1034 1027/526/1027
f 1035/493/1035 1034/477/1034 1026/525/1026
f 1028/527/1028 1035/493/1035 1029/528/1029
f 1036/489/1036 1035/493/1035 1028/527/1028
f 1030/529/1030 1036/489/1036 1031/530/1031
f 1037/494/1037 1036/489/1036 1030/529/1030
f 1032/531/1032 1037/494/1037 1030/529/1030
f 1027/526/1027 1034/477/1034 1024/523/1024
f 1031/530/1031 1036/489/1036 1028/527/1028
f 1029/528/1029 1035/493/1035 1026/525/1026
usemtl tex_1906_lit_w11
f 1038/532/1038 1042/519/1042 1039/533/1039
f 1043/512/1043 1042/519/1042 1038/532/1038
f 1040/534/1040 1043/512/1043 1038/532/1038
f 1044/513/1044 1043/512/1043 1040/534/1040
f 1041/535/1041 1044/513/1044 1040/534/1040
usemtl tex_1905_lit_w11
f 1045/536/1045 1046/537/1046 1047/538/1047
f 1045/536/1045 1048/539/1048 1049/540/1049
f 1046/537/1046 1045/536/1045 1050/541/1050
f 1051/542/1051 1048/539/1048 1046/537/1046
f 1052/543/1052 1053/541/1053 1049/540/1049
f 1045/536/1045 1047/538/1047 1048/539/1048
f 1048/539/1048 1047/538/1047 1046/537/1046
f 1045/536/1045 1049/540/1049 1053/541/1053
f 1051/542/1051 1052/543/1052 1048/539/1048
f 1052/543/1052 1049/540/1049 1048/539/1048
usemtl tex_1906_lit_w11
f 1054/544/1054 1055/545/1055 1056/546/1056
f 1057/547/1057 1054/544/1054 1056/546/1056
usemtl tex_1904_lit
f 1058/548/1058 1059/110/1059 1060/549/1060
f 1061/550/1061 1062/551/1062 1063/52/1063
f 1059/110/1059 1058/548/1058 1061/550/1061
f 1063/52/1063 1062/551/1062 1064/552/1064
f 1065/553/1065 1066/107/1066 1067/46/1067
f 1059/110/1059 1061/550/1061 1068/47/1068
f 1066/107/1066 1069/51/1069 1067/46/1067
f 1067/46/1067 1064/552/1064 1065/553/1065
f 1068/47/1068 1061/550/1061 1063/52/1063
f 1059/110/1059 1066/107/1066 1060/549/1060
f 1060/549/1060 1066/107/1066 1065/553/1065
f 1067/46/1067 1063/52/1063 1064/552/1064
f 1070/549/1070 1076/554/1076 1071/548/1071
f 1072/551/1072 1077/555/1077 1073/552/1073
f 1074/550/1074 1078/556/1078 1072/551/1072
f 1071/548/1071 1079/557/1079 1078/556/1078
f 1071/548/1071 1078/556/1078 1074/550/1074
f 1076/554/1076 1079/557/1079 1071/548/1071
f 1079/557/1079 1078/556/1078 1074/550/1074
f 1078/556/1078 1080/558/1080 1072/551/1072
f 1080/558/1080 1077/555/1077 1072/551/1072
f 1077/555/1077 1081/559/1081 1073/552/1073
f 1081/559/1081 1082/560/1082 1073/552/1073
f 1082/560/1082 1083/561/1083 1075/553/1075
f 1083/561/1083 1084/562/1084 1075/553/1075
f 1084/562/1084 1085/563/1085 1070/549/1070
f 1089/563/1089 1090/564/1090 1086/549/1086
f 1086/549/1086 1090/564/1090 1091/554/1091
f 1087/552/1087 1092/560/1092 1088/553/1088
f 1088/553/1088 1093/562/1093 1086/549/1086
f 1094/565/1094 1095/566/1095 1096/567/1096
f 1097/568/1097 1098/569/1098 1099/570/1099
f 1097/568/1097 1099/570/1099 1100/571/1100
f 1095/566/1095 1098/569/1098 1097/568/1097
f 1095/566/1095 1094/565/1094 1098/569/1098
f 1100/571/1100 1099/570/1099 1096/567/1096
f 1096/567/1096 1099/570/1099 1101/572/1101
f 1101/572/1101 1094/565/1094 1096/567/1096
f 1102/573/1102 1103/574/1103 1104/575/1104
f 1102/573/1102 1105/576/1105 1103/574/1103
f 1106/577/1106 1107/578/1107 1095/566/1095
f 1106/577/1106 1095/566/1095 1108/567/1108
