mtllib CoddjobZ.mtl
v -868.6147079467773 -50.89190101623535 -44.0 1.000 1.000 1.000
v -868.6147079467773 -138.89190101623535 -37.0 1.000 1.000 1.000
v -868.6147079467773 -2.8919010162353516 227.0 1.000 1.000 1.000
v -868.6147079467773 -130.89190101623535 237.0 1.000 1.000 1.000
v -834.6147079467773 -43.89190101623535 213.0 1.000 1.000 1.000
v -785.6147079467773 -53.89190101623535 33.0 1.000 1.000 1.000
v -784.6147079467773 -117.89190101623535 -18.0 1.000 1.000 1.000
v -836.6147079467773 -100.89190101623535 239.0 1.000 1.000 1.000
v -785.6147079467773 -68.89190101623535 -31.0 1.000 1.000 1.000
v -784.6147079467773 -106.89190101623535 56.0 1.000 1.000 1.000
v -522.8996200561523 -10.76099681854248 68.0 1.000 1.000 1.000
v -788.8996200561523 -31.76099681854248 69.0 1.000 1.000 1.000
v -788.8996200561523 -126.76099681854248 91.0 1.000 1.000 1.000
v -534.8996200561523 -9.76099681854248 -9.0 1.000 1.000 1.000
v -799.8996200561523 -30.76099681854248 -45.0 1.000 1.000 1.000
v -534.8996200561523 -157.76099681854248 8.0 1.000 1.000 1.000
v -536.8996200561523 -103.76099681854248 110.0 1.000 1.000 1.000
v -533.8996200561523 -88.76099681854248 -68.0 1.000 1.000 1.000
v -798.8996200561523 -147.76099681854248 -44.0 1.000 1.000 1.000
v -534.8996200561523 -157.76099681854248 8.0 1.000 1.000 1.000
v -798.8996200561523 -147.76099681854248 -44.0 1.000 1.000 1.000
v -798.8996200561523 -147.76099681854248 -44.0 1.000 1.000 1.000
v -788.8996200561523 -126.76099681854248 91.0 1.000 1.000 1.000
v -788.8996200561523 -31.76099681854248 69.0 1.000 1.000 1.000
v -799.8996200561523 -30.76099681854248 -45.0 1.000 1.000 1.000
v -784.6147079467773 -117.89190101623535 -18.0 1.000 1.000 1.000
v -784.6147079467773 -106.89190101623535 56.0 1.000 1.000 1.000
v -785.6147079467773 -53.89190101623535 33.0 1.000 1.000 1.000
v -785.6147079467773 -68.89190101623535 -31.0 1.000 1.000 1.000
v -421.89962005615234 -162.76099681854248 14.0 1.000 1.000 1.000
v -430.89962005615234 -5.7609968185424805 -9.0 1.000 1.000 1.000
v -427.89962005615234 -86.76099681854248 -67.0 1.000 1.000 1.000
v -416.89962005615234 -10.76099681854248 70.0 1.000 1.000 1.000
v -421.89962005615234 -162.76099681854248 14.0 1.000 1.000 1.000
v -419.89962005615234 -98.76099681854248 118.0 1.000 1.000 1.000
v -536.8996200561523 -103.76099681854248 110.0 1.000 1.000 1.000
v -534.8996200561523 -157.76099681854248 8.0 1.000 1.000 1.000
v -534.8996200561523 -9.76099681854248 -9.0 1.000 1.000 1.000
v -522.8996200561523 -10.76099681854248 68.0 1.000 1.000 1.000
v -533.8996200561523 -88.76099681854248 -68.0 1.000 1.000 1.000
v -534.8996200561523 -157.76099681854248 8.0 1.000 1.000 1.000
v -787.8996200561523 -134.76099681854248 90.0 1.000 1.000 1.000
v -427.89962005615234 -102.76099681854248 117.0 1.000 1.000 1.000
v -786.8996200561523 -10.76099681854248 63.0 1.000 1.000 1.000
v -418.89962005615234 -4.7609968185424805 58.0 1.000 1.000 1.000
v -421.89962005615234 -79.76099681854248 -68.0 1.000 1.000 1.000
v -784.8996200561523 -43.76099681854248 -61.0 1.000 1.000 1.000
v -421.89962005615234 -166.76099681854248 29.0 1.000 1.000 1.000
v -783.8996200561523 -158.76099681854248 -46.0 1.000 1.000 1.000
v -421.89962005615234 -166.76099681854248 29.0 1.000 1.000 1.000
v -241.91951751708984 -14.067634582519531 -17.0 1.000 1.000 1.000
v -240.91951751708984 -15.067634582519531 -71.0 1.000 1.000 1.000
v -240.91951751708984 -86.06763458251953 -69.0 1.000 1.000 1.000
v -240.91951751708984 -110.06763458251953 -102.0 1.000 1.000 1.000
v -241.91951751708984 -161.06763458251953 20.0 1.000 1.000 1.000
v -240.91951751708984 -169.06763458251953 -102.0 1.000 1.000 1.000
v -240.91951751708984 -167.06763458251953 153.0 1.000 1.000 1.000
v -241.91951751708984 -117.06763458251953 119.0 1.000 1.000 1.000
v -241.91951751708984 -162.06763458251953 17.0 1.000 1.000 1.000
v -240.91951751708984 -38.06763458251953 89.0 1.000 1.000 1.000
v -241.91951751708984 -37.06763458251953 76.0 1.000 1.000 1.000
v -241.91951751708984 6.932365417480469 13.0 1.000 1.000 1.000
v -351.91951751708984 -99.06763458251953 118.0 1.000 1.000 1.000
v -241.91951751708984 -161.06763458251953 20.0 1.000 1.000 1.000
v -241.91951751708984 -117.06763458251953 119.0 1.000 1.000 1.000
v -240.91951751708984 -86.06763458251953 -69.0 1.000 1.000 1.000
v -241.91951751708984 -161.06763458251953 20.0 1.000 1.000 1.000
v -385.91951751708984 -162.06763458251953 13.0 1.000 1.000 1.000
v -290.91951751708984 -89.06763458251953 -69.0 1.000 1.000 1.000
v -317.91951751708984 -7.067634582519531 3.0 1.000 1.000 1.000
v -241.91951751708984 -14.067634582519531 -17.0 1.000 1.000 1.000
v -351.91951751708984 -99.06763458251953 118.0 1.000 1.000 1.000
v -241.91951751708984 -117.06763458251953 119.0 1.000 1.000 1.000
v -241.91951751708984 -37.06763458251953 76.0 1.000 1.000 1.000
v -385.91951751708984 -162.06763458251953 13.0 1.000 1.000 1.000
v -241.91951751708984 -161.06763458251953 20.0 1.000 1.000 1.000
v -332.91951751708984 -14.067634582519531 69.0 1.000 1.000 1.000
v -2.0 -128.0 178.0 1.000 1.000 1.000
v -68.0 -90.0 168.0 1.000 1.000 1.000
v -167.0 -23.0 20.0 1.000 1.000 1.000
v -98.0 -77.0 -93.0 1.000 1.000 1.000
v -1.0 -113.0 -99.0 1.000 1.000 1.000
v -98.0 -77.0 -93.0 1.000 1.000 1.000
v -167.0 -23.0 20.0 1.000 1.000 1.000
v -240.91951751708984 -38.06763458251953 89.0 1.000 1.000 1.000
v -240.91951751708984 -167.06763458251953 153.0 1.000 1.000 1.000
v -241.91951751708984 6.932365417480469 13.0 1.000 1.000 1.000
v -240.91951751708984 -15.067634582519531 -71.0 1.000 1.000 1.000
v -240.91951751708984 -169.06763458251953 -102.0 1.000 1.000 1.000
v -241.91951751708984 6.932365417480469 13.0 1.000 1.000 1.000
v -240.91951751708984 -15.067634582519531 -71.0 1.000 1.000 1.000
v -240.91951751708984 -110.06763458251953 -102.0 1.000 1.000 1.000
v -98.0 -77.0 -93.0 1.000 1.000 1.000
v -1.0 -113.0 -99.0 1.000 1.000 1.000
v -240.91951751708984 -169.06763458251953 -102.0 1.000 1.000 1.000
v -240.91951751708984 -110.06763458251953 -102.0 1.000 1.000 1.000
v -317.91951751708984 -7.067634582519531 3.0 1.000 1.000 1.000
v -290.91951751708984 -89.06763458251953 -69.0 1.000 1.000 1.000
v -332.91951751708984 -14.067634582519531 69.0 1.000 1.000 1.000
v -385.91951751708984 -162.06763458251953 13.0 1.000 1.000 1.000
v -385.91951751708984 -162.06763458251953 13.0 1.000 1.000 1.000
v -351.91951751708984 -99.06763458251953 118.0 1.000 1.000 1.000
v -427.89962005615234 -86.76099681854248 -67.0 1.000 1.000 1.000
v -416.89962005615234 -10.76099681854248 70.0 1.000 1.000 1.000
v -419.89962005615234 -98.76099681854248 118.0 1.000 1.000 1.000
v -430.89962005615234 -5.7609968185424805 -9.0 1.000 1.000 1.000
v -421.89962005615234 -162.76099681854248 14.0 1.000 1.000 1.000
v -421.89962005615234 -162.76099681854248 14.0 1.000 1.000 1.000
v -426.91951751708984 -103.06763458251953 117.0 1.000 1.000 1.000
v -241.91951751708984 -163.06763458251953 37.0 1.000 1.000 1.000
v -241.91951751708984 -122.06763458251953 119.0 1.000 1.000 1.000
v -239.91951751708984 -93.06763458251953 -74.0 1.000 1.000 1.000
v -421.91951751708984 -166.06763458251953 29.0 1.000 1.000 1.000
v -421.91951751708984 -79.06763458251953 -68.0 1.000 1.000 1.000
v -418.91951751708984 -5.067634582519531 58.0 1.000 1.000 1.000
v -240.91951751708984 -8.067634582519531 45.0 1.000 1.000 1.000
v -240.91951751708984 -8.067634582519531 45.0 1.000 1.000 1.000
v -241.91951751708984 -122.06763458251953 119.0 1.000 1.000 1.000
v -241.91951751708984 -163.06763458251953 37.0 1.000 1.000 1.000
v -239.91951751708984 -93.06763458251953 -74.0 1.000 1.000 1.000
v -421.91951751708984 -166.06763458251953 29.0 1.000 1.000 1.000
v 876.4606628417969 -7.982420921325684 227.0 1.000 1.000 1.000
v 876.4606628417969 -144.98242092132568 -37.0 1.000 1.000 1.000
v 876.4606628417969 -55.982420921325684 -44.0 1.000 1.000 1.000
v 876.4606628417969 -136.98242092132568 237.0 1.000 1.000 1.000
v 793.4606628417969 -59.982420921325684 33.0 1.000 1.000 1.000
v 843.4606628417969 -49.982420921325684 213.0 1.000 1.000 1.000
v 845.4606628417969 -105.98242092132568 239.0 1.000 1.000 1.000
v 792.4606628417969 -123.98242092132568 -18.0 1.000 1.000 1.000
v 793.4606628417969 -74.98242092132568 -31.0 1.000 1.000 1.000
v 793.4606628417969 -111.98242092132568 56.0 1.000 1.000 1.000
v 797.0037841796875 -134.77575492858887 91.0 1.000 1.000 1.000
v 798.0037841796875 -37.77575492858887 69.0 1.000 1.000 1.000
v 531.0037841796875 -17.775754928588867 68.0 1.000 1.000 1.000
v 808.0037841796875 -38.77575492858887 -44.0 1.000 1.000 1.000
v 546.0037841796875 -17.775754928588867 -8.0 1.000 1.000 1.000
v 531.0037841796875 -17.775754928588867 68.0 1.000 1.000 1.000
v 798.0037841796875 -37.77575492858887 69.0 1.000 1.000 1.000
v 547.0037841796875 -106.77575492858887 111.0 1.000 1.000 1.000
v 545.0037841796875 -160.77575492858887 10.0 1.000 1.000 1.000
v 544.0037841796875 -96.77575492858887 -67.0 1.000 1.000 1.000
v 807.0037841796875 -148.77575492858887 -43.0 1.000 1.000 1.000
v 808.0037841796875 -38.77575492858887 -44.0 1.000 1.000 1.000
v 798.0037841796875 -37.77575492858887 69.0 1.000 1.000 1.000
v 797.0037841796875 -134.77575492858887 91.0 1.000 1.000 1.000
v 807.0037841796875 -148.77575492858887 -43.0 1.000 1.000 1.000
v 793.4606628417969 -74.98242092132568 -31.0 1.000 1.000 1.000
v 793.4606628417969 -59.982420921325684 33.0 1.000 1.000 1.000
v 793.4606628417969 -111.98242092132568 56.0 1.000 1.000 1.000
v 792.4606628417969 -123.98242092132568 -18.0 1.000 1.000 1.000
v 425.0037841796875 -101.77575492858887 117.0 1.000 1.000 1.000
v 431.0037841796875 -9.775754928588867 69.0 1.000 1.000 1.000
v 438.0037841796875 -10.775754928588867 -7.0 1.000 1.000 1.000
v 436.0037841796875 -93.77575492858887 -68.0 1.000 1.000 1.000
v 436.0037841796875 -164.77575492858887 15.0 1.000 1.000 1.000
v 431.0037841796875 -9.775754928588867 69.0 1.000 1.000 1.000
v 531.0037841796875 -17.775754928588867 68.0 1.000 1.000 1.000
v 547.0037841796875 -106.77575492858887 111.0 1.000 1.000 1.000
v 546.0037841796875 -17.775754928588867 -8.0 1.000 1.000 1.000
v 531.0037841796875 -17.775754928588867 68.0 1.000 1.000 1.000
v 544.0037841796875 -96.77575492858887 -67.0 1.000 1.000 1.000
v 545.0037841796875 -160.77575492858887 10.0 1.000 1.000 1.000
v 795.0037841796875 -9.775754928588867 63.0 1.000 1.000 1.000
v 435.0037841796875 -110.77575492858887 118.0 1.000 1.000 1.000
v 796.0037841796875 -137.77575492858887 91.0 1.000 1.000 1.000
v 794.0037841796875 -43.77575492858887 -61.0 1.000 1.000 1.000
v 430.0037841796875 -87.77575492858887 -68.0 1.000 1.000 1.000
v 427.0037841796875 -16.775754928588867 59.0 1.000 1.000 1.000
v 430.0037841796875 -171.77575492858887 29.0 1.000 1.000 1.000
v 792.0037841796875 -163.77575492858887 -46.0 1.000 1.000 1.000
v 430.0037841796875 -171.77575492858887 29.0 1.000 1.000 1.000
v 250.37509155273438 -31.26654815673828 79.0 1.000 1.000 1.000
v 250.37509155273438 -15.266548156738281 -17.0 1.000 1.000 1.000
v 250.37509155273438 5.733451843261719 13.0 1.000 1.000 1.000
v 249.37509155273438 -15.266548156738281 -71.0 1.000 1.000 1.000
v 249.37509155273438 -176.26654815673828 153.0 1.000 1.000 1.000
v 250.37509155273438 -118.26654815673828 119.0 1.000 1.000 1.000
v 249.37509155273438 -32.26654815673828 88.0 1.000 1.000 1.000
v 250.37509155273438 -167.26654815673828 20.0 1.000 1.000 1.000
v 249.37509155273438 -174.26654815673828 -102.0 1.000 1.000 1.000
v 249.37509155273438 -88.26654815673828 -70.0 1.000 1.000 1.000
v 249.37509155273438 -96.26654815673828 -103.0 1.000 1.000 1.000
v 250.37509155273438 -118.26654815673828 119.0 1.000 1.000 1.000
v 250.37509155273438 -167.26654815673828 20.0 1.000 1.000 1.000
v 359.3750915527344 -98.26654815673828 118.0 1.000 1.000 1.000
v 393.3750915527344 -166.26654815673828 12.0 1.000 1.000 1.000
v 249.37509155273438 -88.26654815673828 -70.0 1.000 1.000 1.000
v 326.3750915527344 -10.266548156738281 5.0 1.000 1.000 1.000
v 300.3750915527344 -88.26654815673828 -69.0 1.000 1.000 1.000
v 249.37509155273438 -88.26654815673828 -70.0 1.000 1.000 1.000
v 393.3750915527344 -166.26654815673828 12.0 1.000 1.000 1.000
v 250.37509155273438 -31.26654815673828 79.0 1.000 1.000 1.000
v 250.37509155273438 -118.26654815673828 119.0 1.000 1.000 1.000
v 359.3750915527344 -98.26654815673828 118.0 1.000 1.000 1.000
v 250.37509155273438 -15.266548156738281 -17.0 1.000 1.000 1.000
v 250.37509155273438 -167.26654815673828 20.0 1.000 1.000 1.000
v 343.3750915527344 -14.266548156738281 75.0 1.000 1.000 1.000
v 326.3750915527344 -10.266548156738281 5.0 1.000 1.000 1.000
v 250.37509155273438 -31.26654815673828 79.0 1.000 1.000 1.000
v 178.0 -24.0 25.0 1.000 1.000 1.000
v 72.0 -87.0 171.0 1.000 1.000 1.000
v -2.0 -128.0 178.0 1.000 1.000 1.000
v -1.0 -113.0 -99.0 1.000 1.000 1.000
v 99.0 -75.0 -97.0 1.000 1.000 1.000
v 178.0 -24.0 25.0 1.000 1.000 1.000
v -1.0 -113.0 -99.0 1.000 1.000 1.000
v 249.37509155273438 -32.26654815673828 88.0 1.000 1.000 1.000
v 250.37509155273438 5.733451843261719 13.0 1.000 1.000 1.000
v 249.37509155273438 -176.26654815673828 153.0 1.000 1.000 1.000
v 249.37509155273438 -174.26654815673828 -102.0 1.000 1.000 1.000
v 249.37509155273438 -15.266548156738281 -71.0 1.000 1.000 1.000
v 249.37509155273438 -96.26654815673828 -103.0 1.000 1.000 1.000
v 250.37509155273438 5.733451843261719 13.0 1.000 1.000 1.000
v 249.37509155273438 -174.26654815673828 -102.0 1.000 1.000 1.000
v 326.3750915527344 -10.266548156738281 5.0 1.000 1.000 1.000
v 343.3750915527344 -14.266548156738281 75.0 1.000 1.000 1.000
v 300.3750915527344 -88.26654815673828 -69.0 1.000 1.000 1.000
v 393.3750915527344 -166.26654815673828 12.0 1.000 1.000 1.000
v 359.3750915527344 -98.26654815673828 118.0 1.000 1.000 1.000
v 343.3750915527344 -14.266548156738281 75.0 1.000 1.000 1.000
v 438.0037841796875 -10.775754928588867 -7.0 1.000 1.000 1.000
v 436.0037841796875 -93.77575492858887 -68.0 1.000 1.000 1.000
v 436.0037841796875 -164.77575492858887 15.0 1.000 1.000 1.000
v 425.0037841796875 -101.77575492858887 117.0 1.000 1.000 1.000
v 431.0037841796875 -9.775754928588867 69.0 1.000 1.000 1.000
v 431.0037841796875 -9.775754928588867 69.0 1.000 1.000 1.000
v 250.37509155273438 -129.26654815673828 119.0 1.000 1.000 1.000
v 249.37509155273438 -168.26654815673828 37.0 1.000 1.000 1.000
v 435.3750915527344 -110.26654815673828 118.0 1.000 1.000 1.000
v 430.3750915527344 -171.26654815673828 29.0 1.000 1.000 1.000
v 248.37509155273438 -101.26654815673828 -74.0 1.000 1.000 1.000
v 248.37509155273438 -19.26654815673828 45.0 1.000 1.000 1.000
v 426.3750915527344 -16.26654815673828 59.0 1.000 1.000 1.000
v 429.3750915527344 -88.26654815673828 -68.0 1.000 1.000 1.000
v 248.37509155273438 -101.26654815673828 -74.0 1.000 1.000 1.000
v 249.37509155273438 -168.26654815673828 37.0 1.000 1.000 1.000
v 250.37509155273438 -129.26654815673828 119.0 1.000 1.000 1.000
v 248.37509155273438 -19.26654815673828 45.0 1.000 1.000 1.000
v 430.3750915527344 -171.26654815673828 29.0 1.000 1.000 1.000
v 134.4714469909668 463.4710998535156 -9.0 1.000 1.000 1.000
v 70.4714469909668 456.4710998535156 -85.0 1.000 1.000 1.000
v 85.4714469909668 456.4710998535156 -9.0 1.000 1.000 1.000
v 94.4714469909668 463.4710998535156 -115.0 1.000 1.000 1.000
v -1.5285530090332031 456.4710998535156 -104.0 1.000 1.000 1.000
v -1.5285530090332031 463.4710998535156 -146.0 1.000 1.000 1.000
v -73.5285530090332 456.4710998535156 -85.0 1.000 1.000 1.000
v -97.5285530090332 463.4710998535156 -115.0 1.000 1.000 1.000
v -88.5285530090332 456.4710998535156 -9.0 1.000 1.000 1.000
v -137.5285530090332 463.4710998535156 -9.0 1.000 1.000 1.000
v -81.5285530090332 456.4710998535156 67.0 1.000 1.000 1.000
v -97.5285530090332 463.4710998535156 97.0 1.000 1.000 1.000
v -1.5285530090332031 456.4710998535156 98.0 1.000 1.000 1.000
v -1.5285530090332031 463.4710998535156 141.0 1.000 1.000 1.000
v 78.4714469909668 456.4710998535156 67.0 1.000 1.000 1.000
v 94.4714469909668 463.4710998535156 97.0 1.000 1.000 1.000
v -81.5285530090332 456.4710998535156 67.0 1.000 1.000 1.000
v -59.5285530090332 551.4710998535156 63.0 1.000 1.000 1.000
v -83.5285530090332 551.4710998535156 -9.0 1.000 1.000 1.000
v 32.4714469909668 570.4710998535156 -51.0 1.000 1.000 1.000
v -1.5285530090332031 577.4710998535156 -9.0 1.000 1.000 1.000
v 45.4714469909668 570.4710998535156 -9.0 1.000 1.000 1.000
v -81.5285530090332 456.4710998535156 67.0 1.000 1.000 1.000
v -83.5285530090332 551.4710998535156 -9.0 1.000 1.000 1.000
v -88.5285530090332 456.4710998535156 -9.0 1.000 1.000 1.000
v -1.5285530090332031 570.4710998535156 -69.0 1.000 1.000 1.000
v -1.5285530090332031 551.4710998535156 93.0 1.000 1.000 1.000
v -35.5285530090332 570.4710998535156 -51.0 1.000 1.000 1.000
v -1.5285530090332031 456.4710998535156 98.0 1.000 1.000 1.000
v -48.5285530090332 570.4710998535156 -9.0 1.000 1.000 1.000
v 56.4714469909668 551.4710998535156 63.0 1.000 1.000 1.000
v -35.5285530090332 570.4710998535156 33.0 1.000 1.000 1.000
v 78.4714469909668 456.4710998535156 67.0 1.000 1.000 1.000
v 56.4714469909668 551.4710998535156 63.0 1.000 1.000 1.000
v -1.5285530090332031 456.4710998535156 98.0 1.000 1.000 1.000
v -1.5285530090332031 570.4710998535156 50.0 1.000 1.000 1.000
v -1.5285530090332031 577.4710998535156 -9.0 1.000 1.000 1.000
v -35.5285530090332 570.4710998535156 33.0 1.000 1.000 1.000
v 80.4714469909668 551.4710998535156 -9.0 1.000 1.000 1.000
v 32.4714469909668 570.4710998535156 33.0 1.000 1.000 1.000
v 85.4714469909668 456.4710998535156 -9.0 1.000 1.000 1.000
v 45.4714469909668 570.4710998535156 -9.0 1.000 1.000 1.000
v 32.4714469909668 570.4710998535156 -51.0 1.000 1.000 1.000
v 56.4714469909668 551.4710998535156 -82.0 1.000 1.000 1.000
v -1.5285530090332031 570.4710998535156 -69.0 1.000 1.000 1.000
v -1.5285530090332031 551.4710998535156 -99.0 1.000 1.000 1.000
v -35.5285530090332 570.4710998535156 -51.0 1.000 1.000 1.000
v -59.5285530090332 551.4710998535156 -82.0 1.000 1.000 1.000
v -59.5285530090332 551.4710998535156 -82.0 1.000 1.000 1.000
v -48.5285530090332 570.4710998535156 -9.0 1.000 1.000 1.000
v -35.5285530090332 570.4710998535156 -51.0 1.000 1.000 1.000
v -83.5285530090332 551.4710998535156 -9.0 1.000 1.000 1.000
v -35.5285530090332 570.4710998535156 33.0 1.000 1.000 1.000
v -59.5285530090332 551.4710998535156 63.0 1.000 1.000 1.000
v -1.5285530090332031 570.4710998535156 50.0 1.000 1.000 1.000
v -1.5285530090332031 551.4710998535156 93.0 1.000 1.000 1.000
v 32.4714469909668 570.4710998535156 33.0 1.000 1.000 1.000
v 56.4714469909668 551.4710998535156 63.0 1.000 1.000 1.000
v 45.4714469909668 570.4710998535156 -9.0 1.000 1.000 1.000
v 80.4714469909668 551.4710998535156 -9.0 1.000 1.000 1.000
v 85.4714469909668 456.4710998535156 -9.0 1.000 1.000 1.000
v 56.4714469909668 551.4710998535156 -82.0 1.000 1.000 1.000
v 70.4714469909668 456.4710998535156 -85.0 1.000 1.000 1.000
v -1.5285530090332031 551.4710998535156 -99.0 1.000 1.000 1.000
v -1.5285530090332031 456.4710998535156 -104.0 1.000 1.000 1.000
v -1.5285530090332031 551.4710998535156 -99.0 1.000 1.000 1.000
v 70.4714469909668 456.4710998535156 -85.0 1.000 1.000 1.000
v -59.5285530090332 551.4710998535156 -82.0 1.000 1.000 1.000
v -73.5285530090332 456.4710998535156 -85.0 1.000 1.000 1.000
v -83.5285530090332 551.4710998535156 -9.0 1.000 1.000 1.000
v -88.5285530090332 456.4710998535156 -9.0 1.000 1.000 1.000
v 3.471446990966797 447.4710998535156 85.0 1.000 1.000 1.000
v 69.4714469909668 488.4710998535156 64.0 1.000 1.000 1.000
v 36.4714469909668 499.4710998535156 74.0 1.000 1.000 1.000
v -6.528553009033203 447.4710998535156 85.0 1.000 1.000 1.000
v -9.528553009033203 411.4710998535156 109.0 1.000 1.000 1.000
v 6.471446990966797 411.4710998535156 109.0 1.000 1.000 1.000
v 18.471446990966797 398.4710998535156 97.0 1.000 1.000 1.000
v 52.4714469909668 327.4710998535156 88.0 1.000 1.000 1.000
v -54.5285530090332 326.4710998535156 88.0 1.000 1.000 1.000
v -1.5285530090332031 317.4710998535156 76.0 1.000 1.000 1.000
v 32.4714469909668 515.4710998535156 -49.0 1.000 1.000 1.000
v -0.5285530090332031 522.4710998535156 33.0 1.000 1.000 1.000
v 49.4714469909668 507.4710998535156 3.0 1.000 1.000 1.000
v -61.5285530090332 441.4710998535156 63.0 1.000 1.000 1.000
v -19.528553009033203 398.4710998535156 97.0 1.000 1.000 1.000
v -9.528553009033203 411.4710998535156 109.0 1.000 1.000 1.000
v 6.471446990966797 411.4710998535156 109.0 1.000 1.000 1.000
v 3.471446990966797 447.4710998535156 85.0 1.000 1.000 1.000
v -72.5285530090332 434.4710998535156 65.0 1.000 1.000 1.000
v -74.5285530090332 487.4710998535156 64.0 1.000 1.000 1.000
v 50.4714469909668 441.4710998535156 63.0 1.000 1.000 1.000
v 69.4714469909668 488.4710998535156 64.0 1.000 1.000 1.000
v 36.4714469909668 499.4710998535156 74.0 1.000 1.000 1.000
v 18.471446990966797 398.4710998535156 97.0 1.000 1.000 1.000
v 6.471446990966797 411.4710998535156 109.0 1.000 1.000 1.000
v -9.528553009033203 411.4710998535156 109.0 1.000 1.000 1.000
v -74.5285530090332 487.4710998535156 64.0 1.000 1.000 1.000
v -61.5285530090332 441.4710998535156 63.0 1.000 1.000 1.000
v -6.528553009033203 447.4710998535156 85.0 1.000 1.000 1.000
v -41.5285530090332 515.4710998535156 -48.0 1.000 1.000 1.000
v -55.5285530090332 508.4710998535156 4.0 1.000 1.000 1.000
v -0.5285530090332031 522.4710998535156 33.0 1.000 1.000 1.000
v 32.4714469909668 515.4710998535156 -49.0 1.000 1.000 1.000
v 52.4714469909668 327.4710998535156 88.0 1.000 1.000 1.000
v -19.528553009033203 398.4710998535156 97.0 1.000 1.000 1.000
v -54.5285530090332 326.4710998535156 88.0 1.000 1.000 1.000
v -36.5285530090332 500.4710998535156 75.0 1.000 1.000 1.000
v 3.471446990966797 447.4710998535156 85.0 1.000 1.000 1.000
v -1.5285530090332031 506.4710998535156 78.0 1.000 1.000 1.000
v 50.4714469909668 441.4710998535156 63.0 1.000 1.000 1.000
v 3.471446990966797 447.4710998535156 85.0 1.000 1.000 1.000
v 18.471446990966797 398.4710998535156 97.0 1.000 1.000 1.000
v -61.5285530090332 441.4710998535156 63.0 1.000 1.000 1.000
v -19.528553009033203 398.4710998535156 97.0 1.000 1.000 1.000
v -6.528553009033203 447.4710998535156 85.0 1.000 1.000 1.000
v -1.5285530090332031 506.4710998535156 78.0 1.000 1.000 1.000
v -36.5285530090332 500.4710998535156 75.0 1.000 1.000 1.000
v -9.528553009033203 411.4710998535156 109.0 1.000 1.000 1.000
v 52.4714469909668 327.4710998535156 88.0 1.000 1.000 1.000
v 49.4714469909668 507.4710998535156 3.0 1.000 1.000 1.000
v -0.5285530090332031 522.4710998535156 33.0 1.000 1.000 1.000
v -55.5285530090332 508.4710998535156 4.0 1.000 1.000 1.000
v -74.5285530090332 487.4710998535156 64.0 1.000 1.000 1.000
v 36.4714469909668 499.4710998535156 74.0 1.000 1.000 1.000
v 50.4714469909668 441.4710998535156 63.0 1.000 1.000 1.000
v 67.4714469909668 435.4710998535156 55.0 1.000 1.000 1.000
v 69.4714469909668 488.4710998535156 64.0 1.000 1.000 1.000
v 52.4714469909668 327.4710998535156 88.0 1.000 1.000 1.000
v -61.5285530090332 441.4710998535156 63.0 1.000 1.000 1.000
v -72.5285530090332 434.4710998535156 65.0 1.000 1.000 1.000
v -54.5285530090332 326.4710998535156 88.0 1.000 1.000 1.000
v 70.4714469909668 353.4710998535156 -2.0 1.000 1.000 1.000
v 78.4714469909668 371.4710998535156 -26.0 1.000 1.000 1.000
v 77.4714469909668 427.4710998535156 15.0 1.000 1.000 1.000
v 67.4714469909668 435.4710998535156 55.0 1.000 1.000 1.000
v 69.4714469909668 488.4710998535156 64.0 1.000 1.000 1.000
v 51.4714469909668 368.4710998535156 -73.0 1.000 1.000 1.000
v 62.4714469909668 479.4710998535156 -86.0 1.000 1.000 1.000
v 32.4714469909668 515.4710998535156 -49.0 1.000 1.000 1.000
v 49.4714469909668 507.4710998535156 3.0 1.000 1.000 1.000
v 52.4714469909668 327.4710998535156 88.0 1.000 1.000 1.000
v 70.4714469909668 353.4710998535156 -2.0 1.000 1.000 1.000
v 77.4714469909668 427.4710998535156 15.0 1.000 1.000 1.000
v 67.4714469909668 435.4710998535156 55.0 1.000 1.000 1.000
v 62.4714469909668 479.4710998535156 -86.0 1.000 1.000 1.000
v 69.4714469909668 488.4710998535156 64.0 1.000 1.000 1.000
v 49.4714469909668 507.4710998535156 3.0 1.000 1.000 1.000
v 51.4714469909668 368.4710998535156 -73.0 1.000 1.000 1.000
v 78.4714469909668 371.4710998535156 -26.0 1.000 1.000 1.000
v -1.5285530090332031 317.4710998535156 76.0 1.000 1.000 1.000
v -46.5285530090332 368.4710998535156 -73.0 1.000 1.000 1.000
v 62.4714469909668 479.4710998535156 -86.0 1.000 1.000 1.000
v 51.4714469909668 368.4710998535156 -73.0 1.000 1.000 1.000
v -67.5285530090332 478.4710998535156 -86.0 1.000 1.000 1.000
v -41.5285530090332 515.4710998535156 -48.0 1.000 1.000 1.000
v 32.4714469909668 515.4710998535156 -49.0 1.000 1.000 1.000
v -80.5285530090332 425.4710998535156 15.0 1.000 1.000 1.000
v -79.5285530090332 371.4710998535156 -26.0 1.000 1.000 1.000
v -73.5285530090332 353.4710998535156 -2.0 1.000 1.000 1.000
v -67.5285530090332 478.4710998535156 -86.0 1.000 1.000 1.000
v -74.5285530090332 487.4710998535156 64.0 1.000 1.000 1.000
v -46.5285530090332 368.4710998535156 -73.0 1.000 1.000 1.000
v -55.5285530090332 508.4710998535156 4.0 1.000 1.000 1.000
v -41.5285530090332 515.4710998535156 -48.0 1.000 1.000 1.000
v -72.5285530090332 434.4710998535156 65.0 1.000 1.000 1.000
v -54.5285530090332 326.4710998535156 88.0 1.000 1.000 1.000
v -1.5285530090332031 317.4710998535156 76.0 1.000 1.000 1.000
v 65.4714469909668 566.4710998535156 -74.0 1.000 1.000 1.000
v -71.5285530090332 566.4710998535156 -74.0 1.000 1.000 1.000
v -70.5285530090332 568.4710998535156 55.0 1.000 1.000 1.000
v 62.4714469909668 568.4710998535156 55.0 1.000 1.000 1.000
v 82.4714469909668 462.4710998535156 90.0 1.000 1.000 1.000
v -89.5285530090332 464.4710998535156 90.0 1.000 1.000 1.000
v -67.5285530090332 467.4710998535156 -113.0 1.000 1.000 1.000
v 76.4714469909668 467.4710998535156 -113.0 1.000 1.000 1.000
v -59.5285530090332 367.4710998535156 -77.0 1.000 1.000 1.000
v 58.4714469909668 368.4710998535156 -77.0 1.000 1.000 1.000
v 49.4714469909668 326.4710998535156 79.0 1.000 1.000 1.000
v -49.5285530090332 326.4710998535156 79.0 1.000 1.000 1.000
v -49.5285530090332 326.4710998535156 79.0 1.000 1.000 1.000
v 49.4714469909668 326.4710998535156 79.0 1.000 1.000 1.000
v 74.4714469909668 503.4710998535156 61.0 1.000 1.000 1.000
v -73.5285530090332 507.4710998535156 61.0 1.000 1.000 1.000
v 49.4714469909668 326.4710998535156 79.0 1.000 1.000 1.000
v 58.4714469909668 368.4710998535156 -77.0 1.000 1.000 1.000
v 55.4714469909668 497.4710998535156 -83.0 1.000 1.000 1.000
v 74.4714469909668 503.4710998535156 61.0 1.000 1.000 1.000
v -73.5285530090332 507.4710998535156 61.0 1.000 1.000 1.000
v 74.4714469909668 503.4710998535156 61.0 1.000 1.000 1.000
v 55.4714469909668 497.4710998535156 -83.0 1.000 1.000 1.000
v -68.5285530090332 497.4710998535156 -83.0 1.000 1.000 1.000
v 58.4714469909668 368.4710998535156 -77.0 1.000 1.000 1.000
v -59.5285530090332 367.4710998535156 -77.0 1.000 1.000 1.000
v -68.5285530090332 497.4710998535156 -83.0 1.000 1.000 1.000
v 55.4714469909668 497.4710998535156 -83.0 1.000 1.000 1.000
v -73.5285530090332 507.4710998535156 61.0 1.000 1.000 1.000
v -68.5285530090332 497.4710998535156 -83.0 1.000 1.000 1.000
v -59.5285530090332 367.4710998535156 -77.0 1.000 1.000 1.000
v -49.5285530090332 326.4710998535156 79.0 1.000 1.000 1.000
v -199.20416259765625 297.2824709415436 70.0 1.000 1.000 1.000
v -124.20416259765625 327.2824709415436 -79.0 1.000 1.000 1.000
v -133.20416259765625 332.2824709415436 -4.0 1.000 1.000 1.000
v -271.20416259765625 328.2824709415436 -6.0 1.000 1.000 1.000
v -264.20416259765625 327.2824709415436 -75.0 1.000 1.000 1.000
v -1.5285530090332031 317.4710998535156 76.0 1.000 1.000 1.000
v -73.5285530090332 353.4710998535156 -2.0 1.000 1.000 1.000
v 51.4714469909668 368.4710998535156 -73.0 1.000 1.000 1.000
v 70.4714469909668 353.4710998535156 -2.0 1.000 1.000 1.000
v -46.5285530090332 368.4710998535156 -73.0 1.000 1.000 1.000
v -655.6821516752243 283.02104210853577 65.0 1.000 1.000 1.000
v -623.6821516752243 376.02104210853577 -26.0 1.000 1.000 1.000
v -645.6821516752243 290.02104210853577 -44.0 1.000 1.000 1.000
v -632.6821516752243 382.02104210853577 61.0 1.000 1.000 1.000
v -623.6821516752243 376.02104210853577 -26.0 1.000 1.000 1.000
v -559.6821516752243 347.02104210853577 50.0 1.000 1.000 1.000
v -561.6821516752243 331.02104210853577 -26.0 1.000 1.000 1.000
v -632.6821516752243 382.02104210853577 61.0 1.000 1.000 1.000
v -561.6821516752243 331.02104210853577 -26.0 1.000 1.000 1.000
v -645.6821516752243 290.02104210853577 -44.0 1.000 1.000 1.000
v -623.6821516752243 376.02104210853577 -26.0 1.000 1.000 1.000
v -559.6821516752243 288.02104210853577 -21.0 1.000 1.000 1.000
v -559.6821516752243 347.02104210853577 50.0 1.000 1.000 1.000
v -655.6821516752243 283.02104210853577 65.0 1.000 1.000 1.000
v -559.6821516752243 279.02104210853577 46.0 1.000 1.000 1.000
v -632.6821516752243 382.02104210853577 61.0 1.000 1.000 1.000
v -645.6821516752243 290.02104210853577 -44.0 1.000 1.000 1.000
v -559.6821516752243 279.02104210853577 46.0 1.000 1.000 1.000
v -655.6821516752243 283.02104210853577 65.0 1.000 1.000 1.000
v -559.6821516752243 288.02104210853577 -21.0 1.000 1.000 1.000
v -411.47798907756805 258.7385711669922 74.0 1.000 1.000 1.000
v -416.47798907756805 326.7385711669922 78.0 1.000 1.000 1.000
v -559.477989077568 263.7385711669922 70.0 1.000 1.000 1.000
v -558.477989077568 274.7385711669922 -39.0 1.000 1.000 1.000
v -411.47798907756805 255.7385711669922 -10.0 1.000 1.000 1.000
v -558.477989077568 274.7385711669922 -39.0 1.000 1.000 1.000
v -412.47798907756805 314.7385711669922 -46.0 1.000 1.000 1.000
v -411.47798907756805 255.7385711669922 -10.0 1.000 1.000 1.000
v -560.477989077568 375.7385711669922 63.0 1.000 1.000 1.000
v -411.47798907756805 376.7385711669922 5.0 1.000 1.000 1.000
v -561.477989077568 361.7385711669922 -32.0 1.000 1.000 1.000
v -558.477989077568 274.7385711669922 -39.0 1.000 1.000 1.000
v -561.477989077568 361.7385711669922 -32.0 1.000 1.000 1.000
v -560.477989077568 375.7385711669922 63.0 1.000 1.000 1.000
v -559.477989077568 263.7385711669922 70.0 1.000 1.000 1.000
v -561.6821516752243 331.02104210853577 -26.0 1.000 1.000 1.000
v -559.6821516752243 347.02104210853577 50.0 1.000 1.000 1.000
v -559.6821516752243 279.02104210853577 46.0 1.000 1.000 1.000
v -559.6821516752243 288.02104210853577 -21.0 1.000 1.000 1.000
v -354.47798907756805 377.7385711669922 6.0 1.000 1.000 1.000
v -355.47798907756805 314.7385711669922 -54.0 1.000 1.000 1.000
v -354.47798907756805 252.7385711669922 -10.0 1.000 1.000 1.000
v -354.47798907756805 252.7385711669922 -10.0 1.000 1.000 1.000
v -354.47798907756805 253.7385711669922 81.0 1.000 1.000 1.000
v -354.47798907756805 322.7385711669922 81.0 1.000 1.000 1.000
v -411.47798907756805 376.7385711669922 5.0 1.000 1.000 1.000
v -412.47798907756805 314.7385711669922 -46.0 1.000 1.000 1.000
v -411.47798907756805 255.7385711669922 -10.0 1.000 1.000 1.000
v -411.47798907756805 255.7385711669922 -10.0 1.000 1.000 1.000
v -411.47798907756805 258.7385711669922 74.0 1.000 1.000 1.000
v -416.47798907756805 326.7385711669922 78.0 1.000 1.000 1.000
v -351.47798907756805 271.7385711669922 85.0 1.000 1.000 1.000
v -357.47798907756805 372.7385711669922 89.0 1.000 1.000 1.000
v -569.477989077568 273.7385711669922 97.0 1.000 1.000 1.000
v -569.477989077568 281.7385711669922 -25.0 1.000 1.000 1.000
v -351.47798907756805 268.7385711669922 -28.0 1.000 1.000 1.000
v -571.477989077568 364.7385711669922 97.0 1.000 1.000 1.000
v -357.47798907756805 384.7385711669922 -49.0 1.000 1.000 1.000
v -571.477989077568 341.7385711669922 -27.0 1.000 1.000 1.000
v -351.47798907756805 271.7385711669922 85.0 1.000 1.000 1.000
v -351.47798907756805 268.7385711669922 -28.0 1.000 1.000 1.000
v -298.711372256279 247.2048568725586 75.0 1.000 1.000 1.000
v -249.711372256279 248.2048568725586 -16.0 1.000 1.000 1.000
v -239.711372256279 251.2048568725586 66.0 1.000 1.000 1.000
v -179.711372256279 309.2048568725586 88.0 1.000 1.000 1.000
v -293.711372256279 319.2048568725586 81.0 1.000 1.000 1.000
v -240.711372256279 321.2048568725586 -55.0 1.000 1.000 1.000
v -141.711372256279 337.2048568725586 11.0 1.000 1.000 1.000
v -168.711372256279 302.2048568725586 -67.0 1.000 1.000 1.000
v -249.711372256279 248.2048568725586 -16.0 1.000 1.000 1.000
v -292.711372256279 243.2048568725586 -10.0 1.000 1.000 1.000
v -246.711372256279 375.2048568725586 21.0 1.000 1.000 1.000
v -292.711372256279 243.2048568725586 -10.0 1.000 1.000 1.000
v -371.20416259765625 174.28247094154358 68.0 1.000 1.000 1.000
v -378.20416259765625 163.28247094154358 -19.0 1.000 1.000 1.000
v -376.20416259765625 279.2824709415436 -50.0 1.000 1.000 1.000
v -376.20416259765625 279.2824709415436 -50.0 1.000 1.000 1.000
v -375.20416259765625 294.2824709415436 27.0 1.000 1.000 1.000
v -377.20416259765625 264.2824709415436 75.0 1.000 1.000 1.000
v -249.711372256279 248.2048568725586 -16.0 1.000 1.000 1.000
v -239.711372256279 251.2048568725586 66.0 1.000 1.000 1.000
v -168.711372256279 302.2048568725586 -67.0 1.000 1.000 1.000
v -141.711372256279 337.2048568725586 11.0 1.000 1.000 1.000
v -168.711372256279 302.2048568725586 -67.0 1.000 1.000 1.000
v -179.711372256279 309.2048568725586 88.0 1.000 1.000 1.000
v -246.711372256279 375.2048568725586 21.0 1.000 1.000 1.000
v -240.711372256279 321.2048568725586 -55.0 1.000 1.000 1.000
v -292.711372256279 243.2048568725586 -10.0 1.000 1.000 1.000
v -292.711372256279 243.2048568725586 -10.0 1.000 1.000 1.000
v -298.711372256279 247.2048568725586 75.0 1.000 1.000 1.000
v -293.711372256279 319.2048568725586 81.0 1.000 1.000 1.000
v -354.47798907756805 377.7385711669922 6.0 1.000 1.000 1.000
v -355.47798907756805 314.7385711669922 -54.0 1.000 1.000 1.000
v -354.47798907756805 252.7385711669922 -10.0 1.000 1.000 1.000
v -354.47798907756805 252.7385711669922 -10.0 1.000 1.000 1.000
v -354.47798907756805 253.7385711669922 81.0 1.000 1.000 1.000
v -354.47798907756805 322.7385711669922 81.0 1.000 1.000 1.000
v -143.711372256279 327.2048568725586 99.0 1.000 1.000 1.000
v -147.711372256279 245.2048568725586 115.0 1.000 1.000 1.000
v -116.71137225627899 241.2048568725586 -45.0 1.000 1.000 1.000
v -139.711372256279 339.2048568725586 -33.0 1.000 1.000 1.000
v -351.711372256279 271.2048568725586 85.0 1.000 1.000 1.000
v -357.711372256279 372.2048568725586 89.0 1.000 1.000 1.000
v -357.711372256279 385.2048568725586 -49.0 1.000 1.000 1.000
v -350.711372256279 268.2048568725586 -28.0 1.000 1.000 1.000
v -350.711372256279 268.2048568725586 -28.0 1.000 1.000 1.000
v -351.711372256279 271.2048568725586 85.0 1.000 1.000 1.000
v 292.13671875 -39.760153993964195 -43.69988679885864 1.000 1.000 1.000
v 267.13671875 56.239846006035805 -27.699886798858643 1.000 1.000 1.000
v 300.13671875 -44.760153993964195 65.30011320114136 1.000 1.000 1.000
v 275.13671875 59.239846006035805 59.30011320114136 1.000 1.000 1.000
v 205.13671875 8.239846006035805 -27.699886798858643 1.000 1.000 1.000
v 204.13671875 25.239846006035805 48.30011320114136 1.000 1.000 1.000
v 267.13671875 56.239846006035805 -27.699886798858643 1.000 1.000 1.000
v 275.13671875 59.239846006035805 59.30011320114136 1.000 1.000 1.000
v 267.13671875 56.239846006035805 -27.699886798858643 1.000 1.000 1.000
v 292.13671875 -39.760153993964195 -43.69988679885864 1.000 1.000 1.000
v 205.13671875 8.239846006035805 -27.699886798858643 1.000 1.000 1.000
v 205.13671875 -34.760153993964195 -22.699886798858643 1.000 1.000 1.000
v 204.13671875 -42.760153993964195 45.30011320114136 1.000 1.000 1.000
v 300.13671875 -44.760153993964195 65.30011320114136 1.000 1.000 1.000
v 204.13671875 25.239846006035805 48.30011320114136 1.000 1.000 1.000
v 275.13671875 59.239846006035805 59.30011320114136 1.000 1.000 1.000
v 300.13671875 -44.760153993964195 65.30011320114136 1.000 1.000 1.000
v 204.13671875 -42.760153993964195 45.30011320114136 1.000 1.000 1.000
v 292.13671875 -39.760153993964195 -43.69988679885864 1.000 1.000 1.000
v 205.13671875 -34.760153993964195 -22.699886798858643 1.000 1.000 1.000
v 567.572792172432 255.7497901916504 74.22986221313477 1.000 1.000 1.000
v 424.57279217243195 327.7497901916504 79.22986221313477 1.000 1.000 1.000
v 419.57279217243195 250.7497901916504 76.22986221313477 1.000 1.000 1.000
v 421.57279217243195 245.7497901916504 -6.770137786865234 1.000 1.000 1.000
v 569.572792172432 264.7497901916504 -34.770137786865234 1.000 1.000 1.000
v 422.57279217243195 313.7497901916504 -43.770137786865234 1.000 1.000 1.000
v 420.57279217243195 369.7497901916504 6.229862213134766 1.000 1.000 1.000
v 568.572792172432 364.7497901916504 66.22986221313477 1.000 1.000 1.000
v 420.57279217243195 369.7497901916504 6.229862213134766 1.000 1.000 1.000
v 571.572792172432 349.7497901916504 -28.770137786865234 1.000 1.000 1.000
v 568.572792172432 364.7497901916504 66.22986221313477 1.000 1.000 1.000
v 571.572792172432 349.7497901916504 -28.770137786865234 1.000 1.000 1.000
v 569.572792172432 264.7497901916504 -34.770137786865234 1.000 1.000 1.000
v 567.572792172432 255.7497901916504 74.22986221313477 1.000 1.000 1.000
v 568.572792172432 364.7497901916504 66.22986221313477 1.000 1.000 1.000
v 205.13671875 8.239846006035805 -27.699886798858643 1.000 1.000 1.000
v 205.13671875 -34.760153993964195 -22.699886798858643 1.000 1.000 1.000
v 204.13671875 -42.760153993964195 45.30011320114136 1.000 1.000 1.000
v 204.13671875 25.239846006035805 48.30011320114136 1.000 1.000 1.000
v 363.57279217243195 377.7497901916504 5.229862213134766 1.000 1.000 1.000
v 365.57279217243195 313.7497901916504 -52.770137786865234 1.000 1.000 1.000
v 364.57279217243195 246.7497901916504 -7.770137786865234 1.000 1.000 1.000
v 362.57279217243195 252.7497901916504 82.22986221313477 1.000 1.000 1.000
v 362.57279217243195 326.7497901916504 76.22986221313477 1.000 1.000 1.000
v 363.57279217243195 377.7497901916504 5.229862213134766 1.000 1.000 1.000
v 422.57279217243195 313.7497901916504 -43.770137786865234 1.000 1.000 1.000
v 420.57279217243195 369.7497901916504 6.229862213134766 1.000 1.000 1.000
v 421.57279217243195 245.7497901916504 -6.770137786865234 1.000 1.000 1.000
v 419.57279217243195 250.7497901916504 76.22986221313477 1.000 1.000 1.000
v 420.57279217243195 369.7497901916504 6.229862213134766 1.000 1.000 1.000
v 424.57279217243195 327.7497901916504 79.22986221313477 1.000 1.000 1.000
v 584.572792172432 256.7497901916504 83.22986221313477 1.000 1.000 1.000
v 363.57279217243195 358.7497901916504 90.22986221313477 1.000 1.000 1.000
v 357.57279217243195 257.7497901916504 87.22986221313477 1.000 1.000 1.000
v 359.57279217243195 252.7497901916504 -25.770137786865234 1.000 1.000 1.000
v 586.572792172432 262.7497901916504 -37.770137786865234 1.000 1.000 1.000
v 366.57279217243195 368.7497901916504 -47.770137786865234 1.000 1.000 1.000
v 587.572792172432 357.7497901916504 81.22986221313477 1.000 1.000 1.000
v 589.572792172432 331.7497901916504 -42.770137786865234 1.000 1.000 1.000
v 357.57279217243195 257.7497901916504 87.22986221313477 1.000 1.000 1.000
v 359.57279217243195 252.7497901916504 -25.770137786865234 1.000 1.000 1.000
v 247.0986100435257 252.9876937866211 69.0 1.000 1.000 1.000
v 256.0986100435257 246.9876937866211 -12.0 1.000 1.000 1.000
v 306.0986100435257 252.9876937866211 77.0 1.000 1.000 1.000
v 302.0986100435257 321.9876937866211 80.0 1.000 1.000 1.000
v 186.0986100435257 310.9876937866211 89.0 1.000 1.000 1.000
v 178.0986100435257 301.9876937866211 -66.0 1.000 1.000 1.000
v 150.0986100435257 337.9876937866211 10.0 1.000 1.000 1.000
v 251.0986100435257 320.9876937866211 -58.0 1.000 1.000 1.000
v 302.0986100435257 240.9876937866211 -11.0 1.000 1.000 1.000
v 256.0986100435257 376.9876937866211 17.0 1.000 1.000 1.000
v 150.0986100435257 337.9876937866211 10.0 1.000 1.000 1.000
v 256.0986100435257 376.9876937866211 17.0 1.000 1.000 1.000
v -8.20416259765625 174.28247094154358 67.0 1.000 1.000 1.000
v -11.20416259765625 166.28247094154358 -17.0 1.000 1.000 1.000
v -7.20416259765625 279.2824709415436 -49.0 1.000 1.000 1.000
v -6.20416259765625 296.2824709415436 26.0 1.000 1.000 1.000
v -7.20416259765625 264.2824709415436 75.0 1.000 1.000 1.000
v 247.0986100435257 252.9876937866211 69.0 1.000 1.000 1.000
v 256.0986100435257 246.9876937866211 -12.0 1.000 1.000 1.000
v 178.0986100435257 301.9876937866211 -66.0 1.000 1.000 1.000
v 150.0986100435257 337.9876937866211 10.0 1.000 1.000 1.000
v 150.0986100435257 337.9876937866211 10.0 1.000 1.000 1.000
v 186.0986100435257 310.9876937866211 89.0 1.000 1.000 1.000
v 256.0986100435257 376.9876937866211 17.0 1.000 1.000 1.000
v 251.0986100435257 320.9876937866211 -58.0 1.000 1.000 1.000
v 302.0986100435257 240.9876937866211 -11.0 1.000 1.000 1.000
v 306.0986100435257 252.9876937866211 77.0 1.000 1.000 1.000
v 256.0986100435257 376.9876937866211 17.0 1.000 1.000 1.000
v 302.0986100435257 321.9876937866211 80.0 1.000 1.000 1.000
v 365.57279217243195 313.7497901916504 -52.770137786865234 1.000 1.000 1.000
v 363.57279217243195 377.7497901916504 5.229862213134766 1.000 1.000 1.000
v 364.57279217243195 246.7497901916504 -7.770137786865234 1.000 1.000 1.000
v 362.57279217243195 252.7497901916504 82.22986221313477 1.000 1.000 1.000
v 363.57279217243195 377.7497901916504 5.229862213134766 1.000 1.000 1.000
v 362.57279217243195 326.7497901916504 76.22986221313477 1.000 1.000 1.000
v 154.0986100435257 225.9876937866211 108.0 1.000 1.000 1.000
v 125.0986100435257 219.9876937866211 -46.0 1.000 1.000 1.000
v 358.0986100435257 256.9876937866211 88.0 1.000 1.000 1.000
v 364.0986100435257 357.9876937866211 90.0 1.000 1.000 1.000
v 150.0986100435257 307.9876937866211 91.0 1.000 1.000 1.000
v 149.0986100435257 317.9876937866211 -56.0 1.000 1.000 1.000
v 366.0986100435257 368.9876937866211 -48.0 1.000 1.000 1.000
v 360.0986100435257 252.9876937866211 -26.0 1.000 1.000 1.000
v 360.0986100435257 252.9876937866211 -26.0 1.000 1.000 1.000
v 358.0986100435257 256.9876937866211 88.0 1.000 1.000 1.000
v -6.20416259765625 296.2824709415436 26.0 1.000 1.000 1.000
v -133.20416259765625 332.2824709415436 -4.0 1.000 1.000 1.000
v -199.20416259765625 297.2824709415436 70.0 1.000 1.000 1.000
v -377.20416259765625 264.2824709415436 75.0 1.000 1.000 1.000
v -198.20416259765625 206.28247094154358 174.0 1.000 1.000 1.000
v -7.20416259765625 264.2824709415436 75.0 1.000 1.000 1.000
v -52.20416259765625 196.28247094154358 146.0 1.000 1.000 1.000
v -357.20416259765625 196.28247094154358 146.0 1.000 1.000 1.000
v -364.20416259765625 68.28247094154358 20.0 1.000 1.000 1.000
v -273.20416259765625 75.28247094154358 183.0 1.000 1.000 1.000
v -375.20416259765625 294.2824709415436 27.0 1.000 1.000 1.000
v -271.20416259765625 328.2824709415436 -6.0 1.000 1.000 1.000
v -119.20416259765625 75.28247094154358 183.0 1.000 1.000 1.000
v -378.20416259765625 163.28247094154358 -19.0 1.000 1.000 1.000
v -371.20416259765625 174.28247094154358 68.0 1.000 1.000 1.000
v -8.20416259765625 174.28247094154358 67.0 1.000 1.000 1.000
v -8.20416259765625 174.28247094154358 67.0 1.000 1.000 1.000
v -52.20416259765625 196.28247094154358 146.0 1.000 1.000 1.000
v -22.20416259765625 68.28247094154358 21.0 1.000 1.000 1.000
v -198.20416259765625 206.28247094154358 174.0 1.000 1.000 1.000
v -357.20416259765625 196.28247094154358 146.0 1.000 1.000 1.000
v -273.20416259765625 75.28247094154358 183.0 1.000 1.000 1.000
v -377.20416259765625 264.2824709415436 75.0 1.000 1.000 1.000
v -371.20416259765625 174.28247094154358 68.0 1.000 1.000 1.000
v -364.20416259765625 68.28247094154358 20.0 1.000 1.000 1.000
v -11.20416259765625 166.28247094154358 -17.0 1.000 1.000 1.000
v -119.20416259765625 75.28247094154358 183.0 1.000 1.000 1.000
v -197.20416259765625 146.28247094154358 -103.0 1.000 1.000 1.000
v -87.20416259765625 72.28247094154358 -93.0 1.000 1.000 1.000
v -289.20416259765625 71.28247094154358 -91.0 1.000 1.000 1.000
v -272.20416259765625 282.2824709415436 -93.0 1.000 1.000 1.000
v -283.20416259765625 156.28247094154358 -93.0 1.000 1.000 1.000
v -6.20416259765625 296.2824709415436 26.0 1.000 1.000 1.000
v -7.20416259765625 279.2824709415436 -49.0 1.000 1.000 1.000
v -133.20416259765625 332.2824709415436 -4.0 1.000 1.000 1.000
v -283.20416259765625 156.28247094154358 -93.0 1.000 1.000 1.000
v -197.20416259765625 146.28247094154358 -103.0 1.000 1.000 1.000
v -289.20416259765625 71.28247094154358 -91.0 1.000 1.000 1.000
v -99.20416259765625 155.28247094154358 -98.0 1.000 1.000 1.000
v -11.20416259765625 166.28247094154358 -17.0 1.000 1.000 1.000
v -87.20416259765625 72.28247094154358 -93.0 1.000 1.000 1.000
v -376.20416259765625 279.2824709415436 -50.0 1.000 1.000 1.000
v -375.20416259765625 294.2824709415436 27.0 1.000 1.000 1.000
v -271.20416259765625 328.2824709415436 -6.0 1.000 1.000 1.000
v -264.20416259765625 327.2824709415436 -75.0 1.000 1.000 1.000
v -109.20416259765625 282.2824709415436 -93.0 1.000 1.000 1.000
v -272.20416259765625 282.2824709415436 -93.0 1.000 1.000 1.000
v -124.20416259765625 327.2824709415436 -79.0 1.000 1.000 1.000
v -289.20416259765625 71.28247094154358 -91.0 1.000 1.000 1.000
v -364.20416259765625 68.28247094154358 20.0 1.000 1.000 1.000
v -378.20416259765625 163.28247094154358 -19.0 1.000 1.000 1.000
v -87.20416259765625 72.28247094154358 -93.0 1.000 1.000 1.000
v -11.20416259765625 166.28247094154358 -17.0 1.000 1.000 1.000
v -22.20416259765625 68.28247094154358 21.0 1.000 1.000 1.000
v -124.20416259765625 327.2824709415436 -79.0 1.000 1.000 1.000
v -7.20416259765625 279.2824709415436 -49.0 1.000 1.000 1.000
v -109.20416259765625 282.2824709415436 -93.0 1.000 1.000 1.000
v -99.20416259765625 155.28247094154358 -98.0 1.000 1.000 1.000
v -197.20416259765625 146.28247094154358 -103.0 1.000 1.000 1.000
v -283.20416259765625 156.28247094154358 -93.0 1.000 1.000 1.000
v -376.20416259765625 279.2824709415436 -50.0 1.000 1.000 1.000
v -272.20416259765625 282.2824709415436 -93.0 1.000 1.000 1.000
v 82.0 11.0 188.0 1.000 1.000 1.000
v -76.0 9.0 185.0 1.000 1.000 1.000
v -163.0 14.0 20.0 1.000 1.000 1.000
v 177.0 16.0 21.0 1.000 1.000 1.000
v -163.0 14.0 20.0 1.000 1.000 1.000
v -94.0 19.0 -89.0 1.000 1.000 1.000
v 104.0 20.0 -92.0 1.000 1.000 1.000
v 177.0 16.0 21.0 1.000 1.000 1.000
v -119.20416259765625 75.28247094154358 183.0 1.000 1.000 1.000
v -273.20416259765625 75.28247094154358 183.0 1.000 1.000 1.000
v -22.20416259765625 68.28247094154358 21.0 1.000 1.000 1.000
v -364.20416259765625 68.28247094154358 20.0 1.000 1.000 1.000
v -364.20416259765625 68.28247094154358 20.0 1.000 1.000 1.000
v -289.20416259765625 71.28247094154358 -91.0 1.000 1.000 1.000
v -87.20416259765625 72.28247094154358 -93.0 1.000 1.000 1.000
v -22.20416259765625 68.28247094154358 21.0 1.000 1.000 1.000
v -21.20416259765625 293.2824709415436 73.0 1.000 1.000 1.000
v -389.20416259765625 325.2824709415436 -85.0 1.000 1.000 1.000
v -370.20416259765625 290.2824709415436 73.0 1.000 1.000 1.000
v -21.20416259765625 293.2824709415436 73.0 1.000 1.000 1.000
v -342.20416259765625 -3.717529058456421 130.0 1.000 1.000 1.000
v -47.20416259765625 -3.717529058456421 130.0 1.000 1.000 1.000
v -2.20416259765625 327.2824709415436 -84.0 1.000 1.000 1.000
v -370.20416259765625 290.2824709415436 73.0 1.000 1.000 1.000
v -2.20416259765625 327.2824709415436 -84.0 1.000 1.000 1.000
v -44.20416259765625 -7.717529058456421 -81.0 1.000 1.000 1.000
v -354.20416259765625 -8.717529058456421 -79.0 1.000 1.000 1.000
v -389.20416259765625 325.2824709415436 -85.0 1.000 1.000 1.000
v -354.20416259765625 -8.717529058456421 -79.0 1.000 1.000 1.000
v -342.20416259765625 -3.717529058456421 130.0 1.000 1.000 1.000
v -389.20416259765625 325.2824709415436 -85.0 1.000 1.000 1.000
v -44.20416259765625 -7.717529058456421 -81.0 1.000 1.000 1.000
v -2.20416259765625 327.2824709415436 -84.0 1.000 1.000 1.000
v -47.20416259765625 -3.717529058456421 130.0 1.000 1.000 1.000
v -342.20416259765625 -3.717529058456421 130.0 1.000 1.000 1.000
v -370.20416259765625 290.2824709415436 73.0 1.000 1.000 1.000
v -389.20416259765625 325.2824709415436 -85.0 1.000 1.000 1.000
v -21.20416259765625 293.2824709415436 73.0 1.000 1.000 1.000
v -354.20416259765625 -8.717529058456421 -79.0 1.000 1.000 1.000
v -44.20416259765625 -7.717529058456421 -81.0 1.000 1.000 1.000
v -342.20416259765625 -3.717529058456421 130.0 1.000 1.000 1.000
v -47.20416259765625 -3.717529058456421 130.0 1.000 1.000 1.000
v -98.0 -77.0 -93.0 1.000 1.000 1.000
v -94.0 19.0 -89.0 1.000 1.000 1.000
v -98.0 -77.0 -93.0 1.000 1.000 1.000
v -76.0 9.0 185.0 1.000 1.000 1.000
v -68.0 -90.0 168.0 1.000 1.000 1.000
v -2.0 -128.0 178.0 1.000 1.000 1.000
v -167.0 -23.0 20.0 1.000 1.000 1.000
v -163.0 14.0 20.0 1.000 1.000 1.000
v 99.0 -75.0 -97.0 1.000 1.000 1.000
v 104.0 20.0 -92.0 1.000 1.000 1.000
v 99.0 -75.0 -97.0 1.000 1.000 1.000
v 178.0 -24.0 25.0 1.000 1.000 1.000
v 177.0 16.0 21.0 1.000 1.000 1.000
v 82.0 11.0 188.0 1.000 1.000 1.000
v 72.0 -87.0 171.0 1.000 1.000 1.000
v -167.0 -23.0 20.0 1.000 1.000 1.000
v -163.0 14.0 20.0 1.000 1.000 1.000
v -98.0 -77.0 -93.0 1.000 1.000 1.000
v -94.0 19.0 -89.0 1.000 1.000 1.000
v -1.0 -113.0 -99.0 1.000 1.000 1.000
v 104.0 20.0 -92.0 1.000 1.000 1.000
v 99.0 -75.0 -97.0 1.000 1.000 1.000
v 178.0 -24.0 25.0 1.000 1.000 1.000
v 177.0 16.0 21.0 1.000 1.000 1.000
v -142.0 28.0 130.0 1.000 1.000 1.000
v -140.0 -233.0 132.0 1.000 1.000 1.000
v 148.0 -233.0 132.0 1.000 1.000 1.000
v 153.0 28.0 130.0 1.000 1.000 1.000
v -173.0 -233.0 -91.0 1.000 1.000 1.000
v -154.0 22.0 -79.0 1.000 1.000 1.000
v 156.0 23.0 -81.0 1.000 1.000 1.000
v 177.0 -232.0 -91.0 1.000 1.000 1.000
v -140.0 -233.0 132.0 1.000 1.000 1.000
v -154.0 22.0 -79.0 1.000 1.000 1.000
v -173.0 -233.0 -91.0 1.000 1.000 1.000
v -142.0 28.0 130.0 1.000 1.000 1.000
v 177.0 -232.0 -91.0 1.000 1.000 1.000
v 156.0 23.0 -81.0 1.000 1.000 1.000
v 148.0 -233.0 132.0 1.000 1.000 1.000
v 153.0 28.0 130.0 1.000 1.000 1.000
v -154.0 22.0 -79.0 1.000 1.000 1.000
v 153.0 28.0 130.0 1.000 1.000 1.000
v 156.0 23.0 -81.0 1.000 1.000 1.000
v -142.0 28.0 130.0 1.000 1.000 1.000
v 177.0 -232.0 -91.0 1.000 1.000 1.000
v 148.0 -233.0 132.0 1.000 1.000 1.000
v -140.0 -233.0 132.0 1.000 1.000 1.000
v -173.0 -233.0 -91.0 1.000 1.000 1.000
vt 0.0488 0.9834
vt 0.0710 0.9834
vt 0.9076 0.9775
vt 0.9395 0.9775
vt 0.8939 0.8008
vt 0.3613 0.5439
vt 0.2012 0.5381
vt 0.9753 0.8096
vt 0.1589 0.5449
vt 0.4375 0.5391
vt 1.9424 0.5065
vt 1.8818 0.0807
vt 1.3760 0.0794
vt 2.2988 0.4863
vt 2.5195 0.0625
vt 0.8193 0.4857
vt 1.4932 0.4837
vt 2.9072 0.4883
vt 3.3779 0.0638
vt 3.8193 0.4857
vt 0.3779 0.0638
vt 0.2168 0.8288
vt 0.3906 0.8470
vt 0.1562 0.8138
vt 0.2773 0.8092
vt -0.1562 0.8223
vt -0.2871 0.8184
vt -0.0742 0.8353
vt -0.2979 0.8548
vt 0.8564 0.6660
vt 2.2969 0.6543
vt 2.8965 0.6582
vt 1.9375 0.6758
vt 3.8564 0.6660
vt 1.5088 0.6706
vt 0.7490 0.9323
vt 0.6807 0.3724
vt 0.2588 0.9408
vt 0.2920 0.3685
vt 0.5869 0.3665
vt 0.3945 0.9023
vt 0.9316 0.3613
vt 0.8496 0.8939
vt 0.2148 0.6042
vt 0.2188 0.7161
vt 0.3477 0.7038
vt 0.3916 0.7721
vt 0.4795 0.5085
vt 0.4980 0.7656
vt 0.4824 0.2279
vt 0.3955 0.3053
vt 0.2529 0.3783
vt 0.2520 0.4056
vt 0.1758 0.5430
vt 1.5088 0.7799
vt 0.9023 0.9544
vt 1.4326 0.9564
vt 2.9014 0.9564
vt 3.9023 0.9544
vt 3.8525 0.7253
vt 2.9219 0.8770
vt 2.2354 0.8340
vt 2.3447 0.9564
vt 1.8330 0.9564
vt 0.8525 0.7253
vt 1.9297 0.8112
vt 0.4951 0.7663
vt 0.3330 0.7122
vt 0.1787 0.9134
vt 0.4951 0.9134
vt 0.0898 0.6191
vt 0.0684 0.9141
vt 0.2598 0.6947
vt 0.1230 0.9141
vt 0.4980 0.7448
vt 0.5000 0.9141
vt 0.7754 0.7018
vt 0.9756 0.9368
vt 0.9502 0.6217
vt 0.9199 0.9368
vt 0.6787 0.9362
vt 0.5303 0.7552
vt 0.5303 0.9355
vt 0.9482 0.0618
vt 0.7861 0.0677
vt 0.6719 0.0651
vt 0.3359 0.0716
vt 0.9180 0.9697
vt 0.0931 0.9570
vt 0.0716 0.9570
vt 0.9492 0.9707
vt 0.3021 0.5234
vt 0.8730 0.7920
vt 0.9544 0.8037
vt 0.1432 0.5137
vt 0.1022 0.5186
vt 0.3770 0.5195
vt 0.9873 0.0664
vt 0.4580 0.0651
vt 0.3789 0.4889
vt 2.6416 0.0495
vt 2.9414 0.4668
vt 3.3789 0.4889
vt 3.4580 0.0651
vt 0.8438 0.4648
vt 1.4395 0.4674
vt 2.1689 0.4688
vt 1.7832 0.0508
vt 1.1025 0.8249
vt 1.3154 0.8398
vt 1.1943 0.8105
vt 1.3281 0.8053
vt 0.8848 0.8073
vt 0.7539 0.8047
vt 0.8145 0.8236
vt 0.6611 0.8444
vt 0.8174 0.6576
vt 0.3545 0.6491
vt 2.9551 0.6380
vt 2.1875 0.6413
vt 1.4121 0.6413
vt 3.3545 0.6491
vt 0.2070 0.9421
vt 0.6162 0.3392
vt 0.7520 0.9460
vt 0.3525 0.9056
vt 0.5186 0.3301
vt 0.2148 0.3242
vt 0.8730 0.3327
vt 0.8584 0.9062
vt 0.7480 0.3678
vt 0.7803 0.5684
vt 0.8174 0.5026
vt 0.7832 0.6803
vt 0.5879 0.2936
vt 0.7441 0.3503
vt 0.5059 0.5072
vt 0.6514 0.6868
vt 0.6377 0.7578
vt 0.8809 0.9362
vt 1.3848 0.9368
vt 0.8027 0.7637
vt 1.4277 0.7083
vt 2.2285 0.9375
vt 3.0312 0.8151
vt 2.2285 0.8574
vt 0.4629 0.9368
vt 2.8838 0.9368
vt 0.3906 0.7891
vt 0.0312 0.8151
vt 3.4629 0.9368
vt 0.9365 0.6198
vt 0.6768 0.7083
vt 0.8477 0.9134
vt 0.9414 0.9154
vt 0.2754 0.6986
vt 0.1270 0.9342
vt 0.3330 0.9355
vt 0.0742 0.6211
vt 0.0732 0.9362
vt 3.3906 0.7891
vt 0.6826 0.0124
vt 0.8486 0.0098
vt 0.5635 0.0065
vt 0.2188 0.0046
vt 0.8564 0.8405
vt 0.6787 0.8548
vt 0.7383 0.8542
vt 0.7510 0.8418
vt 0.4961 0.8568
vt 0.4961 0.8444
vt 0.3145 0.8594
vt 0.2412 0.8477
vt 0.2549 0.8600
vt 0.1357 0.8490
vt 0.3438 0.6875
vt 0.2803 0.6882
vt 0.5840 0.6504
vt 0.4961 0.6387
vt 0.6211 0.6497
vt 0.4961 0.6517
vt 0.4961 0.6855
vt 0.4072 0.6523
vt 0.3701 0.6530
vt 0.6484 0.6836
vt 0.7109 0.6829
vt 0.7363 0.8555
vt 0.4922 0.2793
vt 0.8682 0.0850
vt 0.6836 0.0352
vt 0.4385 0.2812
vt 0.4170 0.4487
vt 0.5049 0.4478
vt 0.5703 0.5088
vt 0.7588 0.8359
vt 0.1602 0.8462
vt 0.4541 0.8833
vt 0.6631 -0.0415
vt 0.4746 -0.0723
vt 0.7539 -0.0049
vt 0.1309 0.3125
vt 0.3604 0.5112
vt 0.0693 0.3442
vt 0.0605 0.0977
vt 0.7559 0.3057
vt 0.2451 -0.0342
vt 0.1689 -0.0005
vt 0.2725 0.0356
vt 0.4717 0.0034
vt 0.8496 0.3330
vt 0.4238 0.7207
vt 0.3115 0.6240
vt 0.5342 0.2822
vt 0.7402 0.2197
vt 0.8008 -0.0947
vt 0.0732 0.6621
vt 0.0488 0.0205
vt 0.2451 -0.2080
vt 0.5039 -0.1826
vt 0.8652 0.8350
vt 0.8018 0.8945
vt 0.8555 0.9141
vt 0.0615 0.2979
vt 0.1699 0.9268
vt 0.9668 0.2871
vt 0.7783 0.0811
vt 0.2549 0.0869
vt 0.5264 0.2383
vt 0.2861 0.5938
vt 0.3984 0.6826
vt 0.0410 -0.0049
vt 0.8135 -0.1729
vt 0.0420 0.6455
vt 0.5156 -0.2510
vt 0.2559 -0.2539
vt 0.7881 0.1436
vt 0.8438 0.7744
vt 0.7773 0.8359
vt 0.8828 0.1966
vt 0.1074 0.1979
vt 0.1172 0.4030
vt 0.8672 0.4010
vt 0.9922 0.9967
vt 0.0205 0.9883
vt 0.1416 0.6296
vt 0.9551 0.6276
vt 0.9238 0.0332
vt 0.4688 0.0710
vt 0.5000 0.5417
vt 0.8818 0.5091
vt 0.2168 0.8384
vt 0.7842 0.8218
vt 0.8887 0.0186
vt 0.0430 0.0278
vt 0.8291 0.7715
vt 0.0508 0.5820
vt 0.0742 -0.0137
vt 0.8125 -0.0635
vt 0.9131 0.7646
vt 0.0967 0.7480
vt 0.2559 0.0537
vt 0.9395 0.0674
vt 0.0000 1.0000
vt 1.0000 1.0000
vt 1.0664 0.1348
vt 0.0176 0.1387
vt 0.8291 -0.1436
vt 0.1250 -0.0791
vt 0.0820 0.5850
vt 0.8115 0.7891
vt 0.4453 1.2412
vt 0.4473 0.9688
vt -0.0166 0.5273
vt 0.8174 0.3574
vt 0.9414 0.5439
vt 0.9590 0.8809
vt 0.9014 0.8135
vt -0.0176 0.8564
vt 0.0322 0.8672
vt 0.1689 0.3428
vt 0.9502 0.0215
vt 0.1113 0.8281
vt -0.0049 0.0713
vt 0.8730 0.8721
vt 0.0918 0.3896
vt 0.8027 0.8818
vt 0.2129 1.0293
vt 0.7334 0.1865
vt 0.4434 0.9961
vt 0.7998 0.0625
vt 0.0625 0.5293
vt 0.8252 0.9102
vt 0.0645 0.1240
vt 0.9639 0.9600
vt 0.5664 -0.0156
vt 0.1289 0.9189
vt 0.9971 0.2686
vt 0.2168 1.0166
vt 0.1270 0.2266
vt 0.7627 0.9883
vt 0.4004 0.3424
vt 0.5293 0.3320
vt 0.4043 0.0150
vt 0.1191 0.0163
vt 0.2227 0.3411
vt 1.1191 0.0163
vt 0.9893 0.3398
vt 1.2227 0.3411
vt 0.6260 0.0130
vt 0.7373 0.3424
vt 0.8408 0.0117
vt 1.1250 0.9062
vt 0.6875 0.8125
vt 0.4375 0.8438
vt 0.5938 0.3750
vt 0.3438 0.2500
vt 1.0625 0.4062
vt 1.2500 0.2188
vt 0.9688 0.8125
vt 0.7363 0.4681
vt 0.9912 0.4661
vt 1.2236 0.4674
vt 0.2236 0.4674
vt 0.4014 0.4688
vt 0.6064 0.4681
vt 0.7822 0.4707
vt 0.0615 0.4603
vt 0.8594 0.0182
vt 0.8027 0.0182
vt 0.8018 0.4707
vt 0.2070 0.0143
vt -0.0283 0.4603
vt 0.3760 0.0143
vt 0.4219 0.5911
vt 0.2119 0.7051
vt 0.3818 0.7214
vt 0.4951 0.8548
vt 0.5146 0.6022
vt 0.9717 0.7194
vt 0.6885 0.9382
vt 1.0225 0.8789
vt 1.2119 0.7051
vt 1.2266 0.6042
vt 0.7002 0.7057
vt 0.2266 0.6042
vt 0.3691 0.7240
vt 0.2100 0.7025
vt 0.0225 0.8789
vt 0.1475 0.9577
vt 1.1475 0.9577
vt 0.3105 0.9889
vt 0.3848 0.9219
vt 0.2920 0.9030
vt 0.8828 0.8919
vt 0.8975 0.9577
vt 0.2012 0.9121
vt 0.9570 0.0957
vt 0.8428 0.8389
vt 0.0059 0.0361
vt 0.0859 0.8486
vt 0.2637 1.0674
vt 0.8086 0.9277
vt 0.1055 0.3906
vt 0.7158 0.1826
vt 0.0576 0.5664
vt 0.7783 0.1045
vt 0.3867 1.0430
vt 0.7676 0.9541
vt 0.6709 0.0176
vt 0.9785 0.9697
vt 0.0811 0.1602
vt 0.0801 0.9150
vt 0.0771 0.0273
vt 0.2803 1.2451
vt 0.9658 0.1426
vt 0.8320 1.2490
vt 0.3633 0.0137
vt 0.2227 0.3301
vt 0.3643 0.3411
vt 0.5254 0.3398
vt 0.6133 0.0150
vt 0.7568 0.3385
vt 0.0117 0.3405
vt 0.1406 0.0111
vt 1.0117 0.3405
vt 0.8828 0.0098
vt 1.1406 0.0111
vt 5.2188 1.0312
vt 5.0000 1.0000
vt 4.5312 1.0625
vt 4.6875 0.9375
vt 4.4688 0.3750
vt 4.6562 0.5625
vt 5.3750 0.4375
vt 5.1250 0.5625
vt 1.0117 0.4661
vt 0.7559 0.4648
vt 0.5254 0.4661
vt 0.3545 0.4674
vt 0.1436 0.4661
vt 0.0117 0.4661
vt 0.1455 0.0124
vt 1.0615 0.4688
vt 0.2617 0.4766
vt 0.2393 0.4772
vt 0.2080 0.0124
vt 1.1621 0.4694
vt 0.9482 0.0104
vt 0.7607 0.0104
vt 0.3652 0.7227
vt 0.5322 0.7070
vt 0.3301 0.5911
vt 0.2344 0.6016
vt 0.2539 0.8568
vt 0.7266 0.8802
vt 1.0723 0.9401
vt 0.7773 0.7188
vt 0.5273 0.6042
vt 0.0439 0.7044
vt 0.0723 0.9401
vt 1.0439 0.7044
vt 0.3770 0.7259
vt 0.5361 0.7083
vt 0.6006 0.9583
vt 0.4404 0.9961
vt 0.3662 0.9258
vt 0.1133 0.8926
vt 0.0977 0.9570
vt 0.7695 0.9049
vt 0.8711 0.9141
vt 0.9736 0.1237
vt 0.6318 0.0417
vt 0.4990 0.1230
vt 0.0635 0.1699
vt 0.5020 0.2500
vt 0.9707 0.1686
vt 0.8613 0.2650
vt 0.1113 0.2650
vt 0.0967 0.4453
vt 0.3193 0.4355
vt 0.0674 0.1270
vt 0.3711 0.0410
vt 0.6982 0.4355
vt 0.0820 0.3099
vt 0.0781 0.2962
vt 0.9697 0.2962
vt 0.9365 0.4460
vt 0.9629 0.3079
vt 0.5156 0.3184
vt 0.2363 0.4297
vt 0.7510 0.4316
vt 0.7051 0.1139
vt 0.7344 0.3034
vt 0.0303 0.0911
vt 0.0312 0.1165
vt 0.3818 0.0039
vt 0.2676 0.3040
vt 0.0430 0.2878
vt 0.9697 0.1178
vt 0.9668 0.0964
vt 0.6514 0.0039
vt 0.6113 0.0378
vt 0.2910 0.1120
vt 0.4561 0.0365
vt 0.9404 0.4355
vt 0.9541 0.2917
vt 0.0723 0.4349
vt 0.7012 0.5703
vt 0.3135 0.5736
vt 0.0996 0.5664
vt 0.9336 0.5632
vt 0.9395 0.5651
vt 0.7656 0.5573
vt 0.2617 0.5547
vt 0.0762 0.5605
vt 0.9229 0.1107
vt 0.0732 0.0638
vt 0.1152 0.1113
vt 0.1611 0.5163
vt 0.8506 0.5189
vt 0.9688 0.0645
vt 0.0381 0.0423
vt 0.0898 0.5221
vt 0.8350 0.5130
vt 0.8262 0.0345
vt 0.0420 0.5495
vt 1.1006 0.5456
vt 0.0586 0.0156
vt 0.9951 0.5443
vt 1.0000 0.0000
vt -0.0195 0.5384
vt 0.6377 0.0482
vt 0.4492 0.0286
vt 0.1025 0.5365
vt 0.9375 0.5397
vt 0.1328 0.5293
vt 0.9297 0.5339
vt 0.1611 0.5156
vt 0.1562 0.8730
vt 0.8213 0.8763
vt 0.8506 0.5182
vt 0.9092 0.9134
vt 0.0527 0.9245
vt 0.8994 0.8678
vt 0.9668 0.0924
vt 0.3906 0.0391
vt 0.2041 0.7585
vn 0.577 0.577 0.577
vn 0.577 0.577 0.577
vn 0.577 0.577 0.577
vn 0.577 0.577 0.577
vn -0.577 -0.577 -0.577
vn 0.577 0.577 0.577
vn 0.577 0.577 0.577
vn -0.577 -0.577 -0.577
vn 0.577 0.577 0.577
vn 0.577 0.577 0.577
vn 0.577 0.577 0.577
vn 0.577 0.577 0.577
vn 0.577 0.577 0.577
vn 0.577 0.577 0.577
vn 0.577 0.577 0.577
vn 0.577 0.577 0.577
vn -0.577 -0.577 -0.577
vn -0.577 -0.577 -0.577
vn 0.577 0.577 0.577
vn 0.577 0.577 0.577
vn 0.577 0.577 0.577
vn 0.577 0.577 0.577
vn 0.577 0.577 0.577
vn 0.577 0.577 0.577
vn 0.577 0.577 0.577
vn 0.577 0.577 0.577
vn 0.577 0.577 0.577
vn 0.577 0.577 0.577
vn 0.577 0.577 0.577
vn 0.577 0.577 0.577
vn 0.577 0.577 0.577
vn -0.577 -0.577 -0.577
vn 0.577 0.577 0.577
vn 0.577 0.577 0.577
vn -0.577 -0.577 -0.577
vn -0.577 -0.577 -0.577
vn 0.577 0.577 0.577
vn 0.577 0.577 0.577
vn 0.577 0.577 0.577
vn -0.577 -0.577 -0.577
vn 0.577 0.577 0.577
vn -0.577 -0.577 -0.577
vn -0.577 -0.577 -0.577
vn -0.577 -0.577 -0.577
vn -0.577 -0.577 -0.577
vn -0.577 -0.577 -0.577
vn -0.577 -0.577 -0.577
vn -0.577 -0.577 -0.577
vn -0.577 -0.577 -0.577
vn -0.577 -0.577 -0.577
vn 0.577 0.577 0.577
vn 0.577 0.577 0.577
vn 0.577 0.577 0.577
vn 0.577 0.577 0.577
vn 0.577 0.577 0.577
vn 0.577 0.577 0.577
vn 0.577 0.577 0.577
vn -0.577 -0.577 -0.577
vn 0.577 0.577 0.577
vn -0.577 -0.577 -0.577
vn -0.577 -0.577 -0.577
vn 0.577 0.577 0.577
vn -0.577 -0.577 -0.577
vn 0.577 0.577 0.577
vn -0.577 -0.577 -0.577
vn 0.577 0.577 0.577
vn 0.577 0.577 0.577
vn 0.577 0.577 0.577
vn 0.577 0.577 0.577
vn 0.577 0.577 0.577
vn 0.577 0.577 0.577
vn -0.577 -0.577 -0.577
vn -0.577 -0.577 -0.577
vn -0.577 -0.577 -0.577
vn 0.577 0.577 0.577
vn 0.577 0.577 0.577
vn 0.577 0.577 0.577
vn -0.577 -0.577 -0.577
vn -0.577 -0.577 -0.577
vn 0.577 0.577 0.577
vn 0.577 0.577 0.577
vn 0.577 0.577 0.577
vn 0.577 0.577 0.577
vn 0.577 0.577 0.577
vn -0.577 -0.577 -0.577
vn 0.577 0.577 0.577
vn 0.577 0.577 0.577
vn 0.577 0.577 0.577
vn 0.577 0.577 0.577
vn 0.577 0.577 0.577
vn 0.577 0.577 0.577
vn 0.577 0.577 0.577
vn 0.577 0.577 0.577
vn 0.577 0.577 0.577
vn 0.577 0.577 0.577
vn 0.577 0.577 0.577
vn 0.577 0.577 0.577
vn 0.577 0.577 0.577
vn 0.577 0.577 0.577
vn 0.577 0.577 0.577
vn 0.577 0.577 0.577
vn -0.577 -0.577 -0.577
vn -0.577 -0.577 -0.577
vn 0.577 0.577 0.577
vn -0.577 -0.577 -0.577
vn 0.577 0.577 0.577
vn 0.577 0.577 0.577
vn 0.577 0.577 0.577
vn -0.577 -0.577 -0.577
vn -0.577 -0.577 -0.577
vn -0.577 -0.577 -0.577
vn -0.577 -0.577 -0.577
vn -0.577 -0.577 -0.577
vn -0.577 -0.577 -0.577
vn -0.577 -0.577 -0.577
vn 0.577 0.577 0.577
vn -0.577 -0.577 -0.577
vn -0.577 -0.577 -0.577
vn -0.577 -0.577 -0.577
vn -0.577 -0.577 -0.577
vn -0.577 -0.577 -0.577
vn 0.577 0.577 0.577
vn 0.577 0.577 0.577
vn 0.577 0.577 0.577
vn 0.577 0.577 0.577
vn 0.577 0.577 0.577
vn -0.577 -0.577 -0.577
vn -0.577 -0.577 -0.577
vn 0.577 0.577 0.577
vn 0.577 0.577 0.577
vn 0.577 0.577 0.577
vn 0.577 0.577 0.577
vn 0.577 0.577 0.577
vn 0.577 0.577 0.577
vn 0.577 0.577 0.577
vn 0.577 0.577 0.577
vn 0.577 0.577 0.577
vn 0.577 0.577 0.577
vn -0.577 -0.577 -0.577
vn 0.577 0.577 0.577
vn -0.577 -0.577 -0.577
vn 0.577 0.577 0.577
vn 0.577 0.577 0.577
vn 0.577 0.577 0.577
vn 0.577 0.577 0.577
vn 0.577 0.577 0.577
vn 0.577 0.577 0.577
vn 0.577 0.577 0.577
vn 0.577 0.577 0.577
vn 0.577 0.577 0.577
vn -0.577 -0.577 -0.577
vn 0.577 0.577 0.577
vn 0.577 0.577 0.577
vn -0.577 -0.577 -0.577
vn 0.577 0.577 0.577
vn 0.577 0.577 0.577
vn 0.577 0.577 0.577
vn -0.577 -0.577 -0.577
vn 0.577 0.577 0.577
vn 0.577 0.577 0.577
vn -0.577 -0.577 -0.577
vn 0.577 0.577 0.577
vn -0.577 -0.577 -0.577
vn -0.577 -0.577 -0.577
vn -0.577 -0.577 -0.577
vn -0.577 -0.577 -0.577
vn -0.577 -0.577 -0.577
vn -0.577 -0.577 -0.577
vn -0.577 -0.577 -0.577
vn -0.577 -0.577 -0.577
vn -0.577 -0.577 -0.577
vn 0.577 0.577 0.577
vn 0.577 0.577 0.577
vn 0.577 0.577 0.577
vn 0.577 0.577 0.577
vn 0.577 0.577 0.577
vn -0.577 -0.577 -0.577
vn 0.577 0.577 0.577
vn 0.577 0.577 0.577
vn 0.577 0.577 0.577
vn 0.577 0.577 0.577
vn 0.577 0.577 0.577
vn -0.577 -0.577 -0.577
vn 0.577 0.577 0.577
vn -0.577 -0.577 -0.577
vn 0.577 0.577 0.577
vn 0.577 0.577 0.577
vn 0.577 0.577 0.577
vn 0.577 0.577 0.577
vn 0.577 0.577 0.577
vn 0.577 0.577 0.577
vn 0.577 0.577 0.577
vn -0.577 -0.577 -0.577
vn -0.577 -0.577 -0.577
vn 0.577 0.577 0.577
vn 0.577 0.577 0.577
vn 0.577 0.577 0.577
vn 0.577 0.577 0.577
vn 0.577 0.577 0.577
vn 0.577 0.577 0.577
vn -0.577 -0.577 -0.577
vn -0.577 -0.577 -0.577
vn 0.577 0.577 0.577
vn 0.577 0.577 0.577
vn 0.577 0.577 0.577
vn 0.577 0.577 0.577
vn 0.577 0.577 0.577
vn 0.577 0.577 0.577
vn 0.577 0.577 0.577
vn 0.577 0.577 0.577
vn 0.577 0.577 0.577
vn 0.577 0.577 0.577
vn 0.577 0.577 0.577
vn 0.577 0.577 0.577
vn 0.577 0.577 0.577
vn 0.577 0.577 0.577
vn 0.577 0.577 0.577
vn 0.577 0.577 0.577
vn -0.577 -0.577 -0.577
vn 0.577 0.577 0.577
vn 0.577 0.577 0.577
vn -0.577 -0.577 -0.577
vn 0.577 0.577 0.577
vn -0.577 -0.577 -0.577
vn 0.577 0.577 0.577
vn 0.577 0.577 0.577
vn -0.577 -0.577 -0.577
vn -0.577 -0.577 -0.577
vn -0.577 -0.577 -0.577
vn -0.577 -0.577 -0.577
vn -0.577 -0.577 -0.577
vn 0.577 0.577 0.577
vn -0.577 -0.577 -0.577
vn -0.577 -0.577 -0.577
vn -0.577 -0.577 -0.577
vn -0.577 -0.577 -0.577
vn -0.577 -0.577 -0.577
vn -0.577 -0.577 -0.577
vn -0.577 -0.577 -0.577
vn -0.577 -0.577 -0.577
vn -0.577 -0.577 -0.577
vn -0.577 -0.577 -0.577
vn -0.577 -0.577 -0.577
vn -0.577 -0.577 -0.577
vn -0.577 -0.577 -0.577
vn -0.577 -0.577 -0.577
vn -0.577 -0.577 -0.577
vn -0.577 -0.577 -0.577
vn -0.577 -0.577 -0.577
vn -0.577 -0.577 -0.577
vn -0.577 -0.577 -0.577
vn -0.577 -0.577 -0.577
vn -0.577 -0.577 -0.577
vn -0.577 -0.577 -0.577
vn -0.577 -0.577 -0.577
vn -0.577 -0.577 -0.577
vn -0.577 -0.577 -0.577
vn 0.577 0.577 0.577
vn 0.577 0.577 0.577
vn 0.577 0.577 0.577
vn 0.577 0.577 0.577
vn -0.577 -0.577 -0.577
vn 0.577 0.577 0.577
vn -0.577 -0.577 -0.577
vn 0.577 0.577 0.577
vn -0.577 -0.577 -0.577
vn 0.577 0.577 0.577
vn -0.577 -0.577 -0.577
vn 0.577 0.577 0.577
vn -0.577 -0.577 -0.577
vn 0.577 0.577 0.577
vn -0.577 -0.577 -0.577
vn -0.577 -0.577 -0.577
vn -0.577 -0.577 -0.577
vn -0.577 -0.577 -0.577
vn 0.577 0.577 0.577
vn 0.577 0.577 0.577
vn 0.577 0.577 0.577
vn 0.577 0.577 0.577
vn -0.577 -0.577 -0.577
vn 0.577 0.577 0.577
vn 0.577 0.577 0.577
vn 0.577 0.577 0.577
vn 0.577 0.577 0.577
vn -0.577 -0.577 -0.577
vn 0.577 0.577 0.577
vn 0.577 0.577 0.577
vn 0.577 0.577 0.577
vn 0.577 0.577 0.577
vn 0.577 0.577 0.577
vn 0.577 0.577 0.577
vn 0.577 0.577 0.577
vn -0.577 -0.577 -0.577
vn -0.577 -0.577 -0.577
vn -0.577 -0.577 -0.577
vn 0.577 0.577 0.577
vn -0.577 -0.577 -0.577
vn 0.577 0.577 0.577
vn 0.577 0.577 0.577
vn -0.577 -0.577 -0.577
vn 0.577 0.577 0.577
vn -0.577 -0.577 -0.577
vn -0.577 -0.577 -0.577
vn -0.577 -0.577 -0.577
vn -0.577 -0.577 -0.577
vn -0.577 -0.577 -0.577
vn 0.577 0.577 0.577
vn -0.577 -0.577 -0.577
vn 0.577 0.577 0.577
vn -0.577 -0.577 -0.577
vn -0.577 -0.577 -0.577
vn -0.577 -0.577 -0.577
vn -0.577 -0.577 -0.577
vn -0.577 -0.577 -0.577
vn -0.577 -0.577 -0.577
vn -0.577 -0.577 -0.577
vn -0.577 -0.577 -0.577
vn -0.577 -0.577 -0.577
vn -0.577 -0.577 -0.577
vn -0.577 -0.577 -0.577
vn 0.577 0.577 0.577
vn -0.577 -0.577 -0.577
vn -0.577 -0.577 -0.577
vn -0.577 -0.577 -0.577
vn -0.577 -0.577 -0.577
vn -0.577 -0.577 -0.577
vn -0.577 -0.577 -0.577
vn -0.577 -0.577 -0.577
vn -0.577 -0.577 -0.577
vn -0.577 -0.577 -0.577
vn -0.577 -0.577 -0.577
vn -0.577 -0.577 -0.577
vn -0.577 -0.577 -0.577
vn -0.577 -0.577 -0.577
vn -0.577 -0.577 -0.577
vn -0.577 -0.577 -0.577
vn -0.577 -0.577 -0.577
vn -0.577 -0.577 -0.577
vn -0.577 -0.577 -0.577
vn 0.577 0.577 0.577
vn -0.577 -0.577 -0.577
vn -0.577 -0.577 -0.577
vn 0.577 0.577 0.577
vn -0.577 -0.577 -0.577
vn -0.577 -0.577 -0.577
vn -0.577 -0.577 -0.577
vn -0.577 -0.577 -0.577
vn -0.577 -0.577 -0.577
vn -0.577 -0.577 -0.577
vn -0.577 -0.577 -0.577
vn -0.577 -0.577 -0.577
vn -0.577 -0.577 -0.577
vn -0.577 -0.577 -0.577
vn -0.577 -0.577 -0.577
vn -0.577 -0.577 -0.577
vn -0.577 -0.577 -0.577
vn -0.577 -0.577 -0.577
vn -0.577 -0.577 -0.577
vn -0.577 -0.577 -0.577
vn -0.577 -0.577 -0.577
vn -0.577 -0.577 -0.577
vn -0.577 -0.577 -0.577
vn -0.577 -0.577 -0.577
vn -0.577 -0.577 -0.577
vn -0.577 -0.577 -0.577
vn -0.577 -0.577 -0.577
vn -0.577 -0.577 -0.577
vn -0.577 -0.577 -0.577
vn -0.577 -0.577 -0.577
vn -0.577 -0.577 -0.577
vn -0.577 -0.577 -0.577
vn -0.577 -0.577 -0.577
vn -0.577 -0.577 -0.577
vn -0.577 -0.577 -0.577
vn -0.577 -0.577 -0.577
vn -0.577 -0.577 -0.577
vn -0.577 -0.577 -0.577
vn -0.577 -0.577 -0.577
vn 0.577 0.577 0.577
vn -0.577 -0.577 -0.577
vn -0.577 -0.577 -0.577
vn -0.577 -0.577 -0.577
vn -0.577 -0.577 -0.577
vn -0.577 -0.577 -0.577
vn -0.577 -0.577 -0.577
vn -0.577 -0.577 -0.577
vn -0.577 -0.577 -0.577
vn -0.577 -0.577 -0.577
vn -0.577 -0.577 -0.577
vn -0.577 -0.577 -0.577
vn -0.577 -0.577 -0.577
vn -0.577 -0.577 -0.577
vn -0.577 -0.577 -0.577
vn -0.577 -0.577 -0.577
vn 0.577 0.577 0.577
vn 0.577 0.577 0.577
vn -0.577 -0.577 -0.577
vn -0.577 -0.577 -0.577
vn -0.577 -0.577 -0.577
vn -0.577 -0.577 -0.577
vn -0.577 -0.577 -0.577
vn -0.577 -0.577 -0.577
vn -0.577 -0.577 -0.577
vn 0.577 0.577 0.577
vn -0.577 -0.577 -0.577
vn -0.577 -0.577 -0.577
vn -0.577 -0.577 -0.577
vn -0.577 -0.577 -0.577
vn -0.577 -0.577 -0.577
vn -0.577 -0.577 -0.577
vn -0.577 -0.577 -0.577
vn -0.577 -0.577 -0.577
vn -0.577 -0.577 -0.577
vn -0.577 -0.577 -0.577
vn -0.577 -0.577 -0.577
vn -0.577 -0.577 -0.577
vn -0.577 -0.577 -0.577
vn -0.577 -0.577 -0.577
vn -0.577 -0.577 -0.577
vn -0.577 -0.577 -0.577
vn -0.577 -0.577 -0.577
vn -0.577 -0.577 -0.577
vn -0.577 -0.577 -0.577
vn -0.577 -0.577 -0.577
vn -0.577 -0.577 -0.577
vn -0.577 -0.577 -0.577
vn -0.577 -0.577 -0.577
vn -0.577 -0.577 -0.577
vn -0.577 -0.577 -0.577
vn -0.577 -0.577 -0.577
vn -0.577 -0.577 -0.577
vn -0.577 -0.577 -0.577
vn -0.577 -0.577 -0.577
vn -0.577 -0.577 -0.577
vn -0.577 -0.577 -0.577
vn -0.577 -0.577 -0.577
vn -0.577 -0.577 -0.577
vn -0.577 -0.577 -0.577
vn -0.577 -0.577 -0.577
vn -0.577 -0.577 -0.577
vn -0.577 -0.577 -0.577
vn -0.577 -0.577 -0.577
vn -0.577 -0.577 -0.577
vn -0.577 -0.577 -0.577
vn -0.577 -0.577 -0.577
vn -0.577 -0.577 -0.577
vn -0.577 -0.577 -0.577
vn -0.577 -0.577 -0.577
vn -0.577 -0.577 -0.577
vn -0.577 -0.577 -0.577
vn -0.577 -0.577 -0.577
vn -0.577 -0.577 -0.577
vn -0.577 -0.577 -0.577
vn -0.577 -0.577 -0.577
vn -0.577 -0.577 -0.577
vn -0.577 -0.577 -0.577
vn -0.577 -0.577 -0.577
vn -0.577 -0.577 -0.577
vn -0.577 -0.577 -0.577
vn -0.577 -0.577 -0.577
vn -0.577 -0.577 -0.577
vn -0.577 -0.577 -0.577
vn -0.577 -0.577 -0.577
vn -0.577 -0.577 -0.577
vn -0.577 -0.577 -0.577
vn -0.577 -0.577 -0.577
vn -0.577 -0.577 -0.577
vn -0.577 -0.577 -0.577
vn -0.577 -0.577 -0.577
vn 0.577 0.577 0.577
vn -0.577 -0.577 -0.577
vn 0.577 0.577 0.577
vn 0.577 0.577 0.577
vn 0.577 0.577 0.577
vn 0.577 0.577 0.577
vn 0.577 0.577 0.577
vn 0.577 0.577 0.577
vn -0.577 -0.577 -0.577
vn -0.577 -0.577 -0.577
vn 0.577 0.577 0.577
vn 0.577 0.577 0.577
vn 0.577 0.577 0.577
vn -0.577 -0.577 -0.577
vn 0.577 0.577 0.577
vn -0.577 -0.577 -0.577
vn -0.577 -0.577 -0.577
vn -0.577 -0.577 -0.577
vn -0.577 -0.577 -0.577
vn -0.577 -0.577 -0.577
vn -0.577 -0.577 -0.577
vn 0.577 0.577 0.577
vn 0.577 0.577 0.577
vn 0.577 0.577 0.577
vn -0.577 -0.577 -0.577
vn -0.577 -0.577 -0.577
vn 0.577 0.577 0.577
vn 0.577 0.577 0.577
vn 0.577 0.577 0.577
vn 0.577 0.577 0.577
vn -0.577 -0.577 -0.577
vn -0.577 -0.577 -0.577
vn -0.577 -0.577 -0.577
vn -0.577 -0.577 -0.577
vn -0.577 -0.577 -0.577
vn -0.577 -0.577 -0.577
vn -0.577 -0.577 -0.577
vn -0.577 -0.577 -0.577
vn -0.577 -0.577 -0.577
vn -0.577 -0.577 -0.577
vn -0.577 -0.577 -0.577
vn 0.577 0.577 0.577
vn 0.577 0.577 0.577
vn -0.577 -0.577 -0.577
vn -0.577 -0.577 -0.577
vn -0.577 -0.577 -0.577
vn -0.577 -0.577 -0.577
vn -0.577 -0.577 -0.577
vn -0.577 -0.577 -0.577
vn 0.577 0.577 0.577
vn 0.577 0.577 0.577
vn -0.577 -0.577 -0.577
vn 0.577 0.577 0.577
vn -0.577 -0.577 -0.577
vn 0.577 0.577 0.577
vn -0.577 -0.577 -0.577
vn -0.577 -0.577 -0.577
vn -0.577 -0.577 -0.577
vn -0.577 -0.577 -0.577
vn 0.577 0.577 0.577
vn -0.577 -0.577 -0.577
vn -0.577 -0.577 -0.577
vn -0.577 -0.577 -0.577
vn -0.577 -0.577 -0.577
vn -0.577 -0.577 -0.577
vn -0.577 -0.577 -0.577
vn -0.577 -0.577 -0.577
vn 0.577 0.577 0.577
vn 0.577 0.577 0.577
vn 0.577 0.577 0.577
vn -0.577 -0.577 -0.577
vn -0.577 -0.577 -0.577
vn -0.577 -0.577 -0.577
vn 0.577 0.577 0.577
vn 0.577 0.577 0.577
vn 0.577 0.577 0.577
vn -0.577 -0.577 -0.577
vn -0.577 -0.577 -0.577
vn -0.577 -0.577 -0.577
vn -0.577 -0.577 -0.577
vn -0.577 -0.577 -0.577
vn -0.577 -0.577 -0.577
vn -0.577 -0.577 -0.577
vn -0.577 -0.577 -0.577
vn -0.577 -0.577 -0.577
vn -0.577 -0.577 -0.577
vn -0.577 -0.577 -0.577
vn -0.577 -0.577 -0.577
vn -0.577 -0.577 -0.577
vn -0.577 -0.577 -0.577
vn -0.577 -0.577 -0.577
vn -0.577 -0.577 -0.577
vn -0.577 -0.577 -0.577
vn -0.577 -0.577 -0.577
vn -0.577 -0.577 -0.577
vn -0.577 -0.577 -0.577
vn -0.577 -0.577 -0.577
vn -0.577 -0.577 -0.577
vn -0.577 -0.577 -0.577
vn -0.577 -0.577 -0.577
vn -0.577 -0.577 -0.577
vn -0.577 -0.577 -0.577
vn -0.577 -0.577 -0.577
vn -0.577 -0.577 -0.577
vn -0.577 -0.577 -0.577
vn -0.577 -0.577 -0.577
vn -0.577 -0.577 -0.577
vn 0.577 0.577 0.577
vn -0.577 -0.577 -0.577
vn 0.577 0.577 0.577
vn 0.577 0.577 0.577
vn 0.577 0.577 0.577
vn 0.577 0.577 0.577
vn 0.577 0.577 0.577
vn 0.577 0.577 0.577
vn 0.577 0.577 0.577
vn 0.577 0.577 0.577
vn 0.577 0.577 0.577
vn 0.577 0.577 0.577
vn 0.577 0.577 0.577
vn 0.577 0.577 0.577
vn 0.577 0.577 0.577
vn -0.577 -0.577 -0.577
vn -0.577 -0.577 -0.577
vn -0.577 -0.577 -0.577
vn -0.577 -0.577 -0.577
vn -0.577 -0.577 -0.577
vn -0.577 -0.577 -0.577
vn 0.577 0.577 0.577
vn -0.577 -0.577 -0.577
vn -0.577 -0.577 -0.577
vn -0.577 -0.577 -0.577
vn 0.577 0.577 0.577
vn 0.577 0.577 0.577
vn 0.577 0.577 0.577
vn 0.577 0.577 0.577
vn 0.577 0.577 0.577
vn -0.577 -0.577 -0.577
vn -0.577 -0.577 -0.577
vn -0.577 -0.577 -0.577
vn -0.577 -0.577 -0.577
vn -0.577 -0.577 -0.577
vn -0.577 -0.577 -0.577
vn -0.577 -0.577 -0.577
vn -0.577 -0.577 -0.577
vn -0.577 -0.577 -0.577
vn -0.577 -0.577 -0.577
vn -0.577 -0.577 -0.577
vn 0.577 0.577 0.577
vn 0.577 0.577 0.577
vn -0.577 -0.577 -0.577
vn -0.577 -0.577 -0.577
vn -0.577 -0.577 -0.577
vn -0.577 -0.577 -0.577
vn -0.577 -0.577 -0.577
vn -0.577 -0.577 -0.577
vn -0.577 -0.577 -0.577
vn -0.577 -0.577 -0.577
vn -0.577 -0.577 -0.577
vn -0.577 -0.577 -0.577
vn 0.577 0.577 0.577
vn 0.577 0.577 0.577
vn -0.577 -0.577 -0.577
vn -0.577 -0.577 -0.577
vn -0.577 -0.577 -0.577
vn 0.577 0.577 0.577
vn 0.577 0.577 0.577
vn -0.577 -0.577 -0.577
vn -0.577 -0.577 -0.577
vn -0.577 -0.577 -0.577
vn -0.577 -0.577 -0.577
vn -0.577 -0.577 -0.577
vn -0.577 -0.577 -0.577
vn -0.577 -0.577 -0.577
vn -0.577 -0.577 -0.577
vn -0.577 -0.577 -0.577
vn -0.577 -0.577 -0.577
vn -0.577 -0.577 -0.577
vn -0.577 -0.577 -0.577
vn 0.577 0.577 0.577
vn -0.577 -0.577 -0.577
vn -0.577 -0.577 -0.577
vn -0.577 -0.577 -0.577
vn -0.577 -0.577 -0.577
vn -0.577 -0.577 -0.577
vn -0.577 -0.577 -0.577
vn -0.577 -0.577 -0.577
vn -0.577 -0.577 -0.577
vn -0.577 -0.577 -0.577
vn -0.577 -0.577 -0.577
vn -0.577 -0.577 -0.577
vn -0.577 -0.577 -0.577
vn -0.577 -0.577 -0.577
vn -0.577 -0.577 -0.577
vn -0.577 -0.577 -0.577
vn -0.577 -0.577 -0.577
vn -0.577 -0.577 -0.577
vn -0.577 -0.577 -0.577
vn -0.577 -0.577 -0.577
vn -0.577 -0.577 -0.577
vn -0.577 -0.577 -0.577
vn 0.577 0.577 0.577
vn -0.577 -0.577 -0.577
vn -0.577 -0.577 -0.577
vn -0.577 -0.577 -0.577
vn -0.577 -0.577 -0.577
vn 0.577 0.577 0.577
vn -0.577 -0.577 -0.577
vn 0.577 0.577 0.577
vn 0.577 0.577 0.577
vn -0.577 -0.577 -0.577
vn 0.577 0.577 0.577
vn -0.577 -0.577 -0.577
vn -0.577 -0.577 -0.577
vn -0.577 -0.577 -0.577
vn -0.577 -0.577 -0.577
vn -0.577 -0.577 -0.577
vn 0.577 0.577 0.577
vn 0.577 0.577 0.577
vn -0.577 -0.577 -0.577
vn -0.577 -0.577 -0.577
vn -0.577 -0.577 -0.577
vn -0.577 -0.577 -0.577
vn -0.577 -0.577 -0.577
vn -0.577 -0.577 -0.577
vn -0.577 -0.577 -0.577
vn -0.577 -0.577 -0.577
vn -0.577 -0.577 -0.577
vn -0.577 -0.577 -0.577
vn -0.577 -0.577 -0.577
vn -0.577 -0.577 -0.577
vn -0.577 -0.577 -0.577
vn 0.577 0.577 0.577
vn -0.577 -0.577 -0.577
vn -0.577 -0.577 -0.577
vn -0.577 -0.577 -0.577
vn -0.577 -0.577 -0.577
vn -0.577 -0.577 -0.577
vn -0.577 -0.577 -0.577
vn -0.577 -0.577 -0.577
vn -0.577 -0.577 -0.577
vn -0.577 -0.577 -0.577
vn 0.577 0.577 0.577
vn 0.577 0.577 0.577
vn -0.577 -0.577 -0.577
vn 0.577 0.577 0.577
vn 0.577 0.577 0.577
vn -0.577 -0.577 -0.577
vn -0.577 -0.577 -0.577
vn -0.577 -0.577 -0.577
vn -0.577 -0.577 -0.577
vn -0.577 -0.577 -0.577
vn -0.577 -0.577 -0.577
vn -0.577 -0.577 -0.577
vn -0.577 -0.577 -0.577
vn -0.577 -0.577 -0.577
vn -0.577 -0.577 -0.577
vn 0.577 0.577 0.577
vn 0.577 0.577 0.577
vn 0.577 0.577 0.577
vn -0.577 -0.577 -0.577
vn -0.577 -0.577 -0.577
vn 0.577 0.577 0.577
vn -0.577 -0.577 -0.577
vn -0.577 -0.577 -0.577
vn 0.577 0.577 0.577
vn 0.577 0.577 0.577
vn 0.577 0.577 0.577
vn -0.577 -0.577 -0.577
vn -0.577 -0.577 -0.577
vn 0.577 0.577 0.577
vn -0.577 -0.577 -0.577
vn -0.577 -0.577 -0.577
vn -0.577 -0.577 -0.577
vn -0.577 -0.577 -0.577
vn -0.577 -0.577 -0.577
vn -0.577 -0.577 -0.577
vn -0.577 -0.577 -0.577
vn -0.577 -0.577 -0.577
vn -0.577 -0.577 -0.577
vn -0.577 -0.577 -0.577
vn -0.577 -0.577 -0.577
vn -0.577 -0.577 -0.577
vn -0.577 -0.577 -0.577
vn -0.577 -0.577 -0.577
vn -0.577 -0.577 -0.577
vn -0.577 -0.577 -0.577
vn -0.577 -0.577 -0.577
vn -0.577 -0.577 -0.577
vn -0.577 -0.577 -0.577
vn -0.577 -0.577 -0.577
vn -0.577 -0.577 -0.577
vn -0.577 -0.577 -0.577
vn -0.577 -0.577 -0.577
vn -0.577 -0.577 -0.577
vn -0.577 -0.577 -0.577
vn -0.577 -0.577 -0.577
vn 0.577 0.577 0.577
vn -0.577 -0.577 -0.577
vn 0.577 0.577 0.577
vn -0.577 -0.577 -0.577
vn -0.577 -0.577 -0.577
vn -0.577 -0.577 -0.577
vn 0.577 0.577 0.577
vn 0.577 0.577 0.577
vn 0.577 0.577 0.577
vn -0.577 -0.577 -0.577
vn 0.577 0.577 0.577
vn 0.577 0.577 0.577
vn 0.577 0.577 0.577
vn -0.577 -0.577 -0.577
vn -0.577 -0.577 -0.577
vn 0.577 0.577 0.577
vn 0.577 0.577 0.577
vn 0.577 0.577 0.577
vn -0.577 -0.577 -0.577
vn 0.577 0.577 0.577
vn -0.577 -0.577 -0.577
vn 0.577 0.577 0.577
vn 0.577 0.577 0.577
vn 0.577 0.577 0.577
vn -0.577 -0.577 -0.577
vn -0.577 -0.577 -0.577
vn -0.577 -0.577 -0.577
vn -0.577 -0.577 -0.577
vn -0.577 -0.577 -0.577
vn -0.577 -0.577 -0.577
vn -0.577 -0.577 -0.577
vn -0.577 -0.577 -0.577
vn -0.577 -0.577 -0.577
vn -0.577 -0.577 -0.577
vn -0.577 -0.577 -0.577
vn -0.577 -0.577 -0.577
vn -0.577 -0.577 -0.577
vn -0.577 -0.577 -0.577
vn -0.577 -0.577 -0.577
vn -0.577 -0.577 -0.577
vn -0.577 -0.577 -0.577
vn -0.577 -0.577 -0.577
vn -0.577 -0.577 -0.577
vn -0.577 -0.577 -0.577
vn -0.577 -0.577 -0.577
vn -0.577 -0.577 -0.577
vn -0.577 -0.577 -0.577
vn -0.577 -0.577 -0.577
usemtl tex_1785_lit_w10
f 1/1/1 2/2/2 3/3/3
f 3/3/3 2/2/2 4/4/4
f 3/3/3 5/5/5 6/6/6
f 7/7/7 8/8/8 4/4/4
f 5/5/5 3/3/3 8/8/8
f 8/8/8 3/3/3 4/4/4
f 1/1/1 9/9/9 7/7/7
f 2/2/2 1/1/1 7/7/7
f 7/7/7 10/10/10 8/8/8
f 1/1/1 6/6/6 9/9/9
f 6/6/6 5/5/5 8/8/8
f 3/3/3 6/6/6 1/1/1
f 7/7/7 4/4/4 2/2/2
f 6/6/6 8/8/8 10/10/10
usemtl tex_1926_lit_w01
f 11/11/11 12/12/12 13/13/13
f 11/11/11 14/14/14 15/15/15
f 11/11/11 15/15/15 12/12/12
f 16/16/16 17/17/17 13/13/13
f 14/14/14 18/18/18 15/15/15
f 18/18/18 19/19/19 15/15/15
f 17/17/17 11/11/11 13/13/13
f 18/18/18 20/20/20 19/19/19
f 16/16/16 13/13/13 21/21/21
f 26/22/26 22/23/22 27/24/27
f 27/24/27 22/23/22 23/25/23
f 27/24/27 23/25/23 28/26/28
f 28/26/28 23/25/23 24/27/24
f 28/26/28 24/27/24 29/28/29
f 29/28/29 24/27/24 25/29/25
f 29/28/29 25/29/25 22/23/22
f 29/28/29 22/23/22 26/22/26
f 36/17/36 37/16/37 30/30/30
f 31/31/31 32/32/32 38/14/38
f 36/17/36 33/33/33 39/11/39
f 39/11/39 33/33/33 31/31/31
f 38/14/38 32/32/32 40/18/40
f 40/18/40 32/32/32 34/34/34
f 40/18/40 34/34/34 41/20/41
f 39/11/39 31/31/31 38/14/38
f 36/17/36 35/35/35 33/33/33
f 36/17/36 30/30/30 35/35/35
f 42/36/42 43/37/43 44/38/44
f 45/39/45 46/40/46 47/41/47
f 42/36/42 48/42/48 43/37/43
f 44/38/44 43/37/43 45/39/45
f 47/41/47 46/40/46 49/43/49
f 49/43/49 46/40/46 48/42/48
f 49/43/49 48/42/48 42/36/42
f 44/38/44 45/39/45 47/41/47
f 47/41/47 49/43/49 42/36/42
f 47/41/47 42/36/42 44/38/44
f 46/40/46 45/39/45 43/37/43
f 46/40/46 43/37/43 50/42/50
usemtl tex_1923_lit_w01
f 51/44/51 52/45/52 53/46/53
f 53/46/53 52/45/52 54/47/54
f 53/46/53 54/47/54 55/48/55
f 55/48/55 54/47/54 56/49/56
f 55/48/55 56/49/56 57/50/57
f 58/51/58 59/49/59 57/50/57
f 60/52/60 58/51/58 57/50/57
f 51/44/51 61/53/61 60/52/60
f 51/44/51 60/52/60 62/54/62
f 61/53/61 58/51/58 60/52/60
f 52/45/52 51/44/51 62/54/62
usemtl tex_1926_lit_w01
f 63/55/63 64/56/64 65/57/65
f 66/58/66 67/59/67 68/60/68
f 69/61/69 70/62/70 71/63/71
f 66/58/66 68/60/68 69/61/69
f 72/55/72 73/57/73 74/64/74
f 72/55/72 75/65/75 76/56/76
f 66/58/66 69/61/69 71/63/71
f 70/62/70 77/66/77 74/64/74
f 77/66/77 72/55/72 74/64/74
f 70/62/70 74/64/74 71/63/71
usemtl tex_1924_lit_w01
f 78/67/78 79/68/79 85/69/85
f 78/67/78 85/69/85 86/70/86
f 85/69/85 80/71/80 87/72/87
f 85/69/85 79/68/79 80/71/80
f 81/73/81 88/74/88 87/72/87
f 82/75/82 78/67/78 86/70/86
f 82/75/82 86/70/86 89/76/89
usemtl tex_1923_lit_w01
f 83/77/83 90/78/90 84/79/84
f 91/80/91 83/77/83 92/81/92
f 93/77/93 94/82/94 95/83/95
f 93/77/93 95/83/95 96/81/96
usemtl tex_1926_lit_w01
f 97/62/97 98/61/98 103/32/103
f 104/33/104 105/35/105 99/66/99
f 99/66/99 97/62/97 106/31/106
f 100/60/100 107/34/107 103/32/103
f 98/61/98 100/60/100 103/32/103
f 108/30/108 101/65/101 102/55/102
f 108/30/108 102/55/102 105/35/105
f 105/35/105 102/55/102 99/66/99
f 106/31/106 97/62/97 103/32/103
f 106/31/106 104/33/104 99/66/99
f 109/37/109 110/84/110 111/85/111
f 112/86/112 110/84/110 113/42/113
f 114/40/114 115/39/115 116/87/116
f 112/86/112 113/42/113 114/40/114
f 115/39/115 109/37/109 111/85/111
f 109/37/109 113/42/113 110/84/110
f 115/39/115 111/85/111 116/87/116
f 112/86/112 114/40/114 116/87/116
usemtl tex_1926_lit_w01_ovl
f 117/87/117 118/85/118 119/84/119
usemtl tex_1926_lit_w01
f 117/87/117 119/84/119 120/86/120
f 109/37/109 115/39/115 114/40/114
f 109/37/109 114/40/114 121/42/121
usemtl tex_1785_lit_w10
f 122/88/122 123/89/123 124/90/124
f 125/91/125 123/89/123 122/88/122
f 126/92/126 127/93/127 122/88/122
f 125/91/125 128/94/128 129/95/129
f 128/94/128 122/88/122 127/93/127
f 125/91/125 122/88/122 128/94/128
f 129/95/129 130/96/130 124/90/124
f 129/95/129 124/90/124 123/89/123
f 128/94/128 131/97/131 129/95/129
f 130/96/130 126/92/126 124/90/124
f 128/94/128 127/93/127 126/92/126
f 124/90/124 126/92/126 122/88/122
f 123/89/123 125/91/125 129/95/129
f 131/97/131 128/94/128 126/92/126
usemtl tex_1925_lit_w01
f 132/98/132 133/99/133 134/100/134
f 135/101/135 136/102/136 137/103/137
f 138/104/138 135/101/135 137/103/137
f 132/98/132 139/105/139 140/106/140
f 135/101/135 141/107/141 136/102/136
f 135/101/135 142/108/142 141/107/141
f 132/98/132 134/100/134 139/105/139
f 142/108/142 132/98/132 140/106/140
f 142/108/142 140/106/140 141/107/141
usemtl tex_1926_lit_w01
f 147/109/147 143/110/143 148/111/148
f 148/111/148 143/110/143 144/112/144
f 148/111/148 144/112/144 149/113/149
f 149/113/149 144/112/144 145/114/145
f 149/113/149 145/114/145 150/115/150
f 150/115/150 145/114/145 146/116/146
f 150/115/150 146/116/146 147/109/147
f 147/109/147 146/116/146 143/110/143
usemtl tex_1925_lit_w01
f 157/100/157 151/117/151 158/105/158
f 152/118/152 151/117/151 157/100/157
f 159/102/159 153/119/153 160/103/160
f 154/120/154 153/119/153 159/102/159
f 161/107/161 154/120/154 159/102/159
f 155/121/155 154/120/154 161/107/161
f 162/106/162 158/105/158 155/121/155
f 151/117/151 155/121/155 158/105/158
f 153/119/153 156/122/156 160/103/160
f 162/106/162 155/121/155 161/107/161
usemtl tex_1926_lit_w01
f 163/123/163 164/124/164 165/125/165
f 166/126/166 167/127/167 168/128/168
f 164/124/164 169/129/169 165/125/165
f 168/128/168 164/124/164 163/123/163
f 170/130/170 167/127/167 166/126/166
f 169/129/169 167/127/167 170/130/170
f 165/125/165 169/129/169 170/130/170
f 166/126/166 168/128/168 163/123/163
f 163/123/163 165/125/165 170/130/170
f 163/123/163 170/130/170 166/126/166
f 171/129/171 164/124/164 168/128/168
f 171/129/171 168/128/168 167/127/167
usemtl tex_1923_lit_w01
f 172/131/172 173/132/173 174/133/174
f 174/133/174 173/132/173 175/134/175
f 176/50/176 177/135/177 178/136/178
f 179/137/179 177/135/177 176/50/176
f 180/49/180 179/137/179 176/50/176
f 181/138/181 179/137/179 180/49/180
f 182/139/182 181/138/181 180/49/180
f 173/132/173 181/138/181 182/139/182
f 175/134/175 173/132/173 182/139/182
f 178/136/178 177/135/177 172/131/172
f 178/136/178 172/131/172 174/133/174
usemtl tex_1925_lit_w01
f 183/140/183 184/141/184 185/142/185
f 186/143/186 184/141/184 187/144/187
f 188/145/188 189/146/189 190/144/190
f 189/146/189 191/143/191 190/144/190
f 192/147/192 193/140/193 194/142/194
f 188/145/188 190/144/190 195/148/195
f 196/141/196 191/143/191 194/142/194
f 192/147/192 197/149/197 198/150/198
f 199/151/199 188/145/188 195/148/195
f 192/147/192 194/142/194 197/149/197
usemtl tex_1924_lit_w01
f 200/152/200 201/153/201 207/154/207
f 200/152/200 207/154/207 208/155/208
f 201/153/201 202/67/202 209/70/209
f 209/70/209 202/67/202 203/75/203
f 209/70/209 203/75/203 210/76/210
f 201/153/201 209/70/209 207/154/207
usemtl tex_1923_lit_w01
f 204/156/204 211/157/211 212/158/212
f 211/157/211 204/156/204 205/159/205
f 211/157/211 205/159/205 213/160/213
f 206/82/206 204/156/204 212/158/212
f 206/82/206 212/158/212 214/83/214
usemtl tex_1925_lit_w01_ovl
f 221/119/221 215/145/215 216/161/216
usemtl tex_1925_lit_w01
f 217/146/217 215/145/215 221/119/221
f 222/120/222 217/146/217 221/119/221
f 218/143/218 217/146/217 222/120/222
f 223/121/223 218/143/218 222/120/222
f 219/142/219 218/143/218 223/121/223
f 224/117/224 219/142/219 223/121/223
f 220/149/220 219/142/219 224/117/224
f 225/122/225 221/119/221 216/161/216
f 226/118/226 220/149/220 224/117/224
usemtl tex_1926_lit_w01
f 227/162/227 228/163/228 229/124/229
f 230/129/230 228/163/228 231/164/231
f 232/165/232 233/128/233 234/127/234
f 234/127/234 230/129/230 231/164/231
f 227/162/227 229/124/229 233/128/233
f 228/163/228 230/129/230 229/124/229
f 232/165/232 227/162/227 233/128/233
f 232/165/232 234/127/234 231/164/231
f 235/164/235 236/163/236 237/162/237
f 235/164/235 237/162/237 238/165/238
f 239/129/239 234/127/234 233/128/233
f 239/129/239 233/128/233 229/124/229
usemtl tex_1924_lit_ds_w01
f 240/166/240 241/167/241 242/168/242
f 243/169/243 241/167/241 240/166/240
f 243/169/243 244/170/244 241/167/241
f 245/171/245 244/170/244 243/169/243
f 245/171/245 246/172/246 244/170/244
f 247/173/247 246/172/246 245/171/245
f 247/173/247 248/174/248 246/172/246
f 249/175/249 248/174/248 247/173/247
f 249/175/249 250/172/250 248/174/248
f 251/173/251 250/172/250 249/175/249
f 251/173/251 252/170/252 250/172/250
f 253/171/253 252/170/252 251/173/251
f 253/171/253 254/167/254 252/170/252
f 255/169/255 254/167/254 253/171/253
f 255/169/255 242/168/242 254/167/254
f 240/166/240 242/168/242 255/169/255
usemtl tex_1924_lit_w01
f 256/174/256 257/176/257 258/177/258
f 259/178/259 260/179/260 261/180/261
f 262/172/262 263/176/263 264/174/264
f 265/181/265 260/179/260 259/178/259
f 262/172/262 266/182/266 257/176/257
f 267/183/267 260/179/260 265/181/265
f 268/170/268 266/182/266 262/172/262
f 269/184/269 260/179/260 267/183/267
f 268/170/268 270/185/270 266/182/266
f 271/183/271 260/179/260 269/184/269
f 272/167/272 273/185/273 274/170/274
f 275/181/275 276/179/276 277/183/277
f 272/167/272 278/186/278 273/185/273
f 279/178/279 276/179/276 275/181/275
f 280/187/280 278/186/278 272/167/272
f 281/180/281 276/179/276 279/178/279
f 278/186/278 282/178/282 281/180/281
f 283/185/283 282/178/282 278/186/278
f 283/185/283 284/181/284 282/178/282
f 285/182/285 284/181/284 283/185/283
f 285/182/285 286/183/286 284/181/284
f 287/176/287 286/183/286 285/182/285
f 288/176/288 289/184/289 290/183/290
f 291/177/291 289/184/289 288/176/288
f 291/177/291 292/183/292 289/184/289
f 293/176/293 292/183/292 291/177/291
f 293/176/293 294/181/294 292/183/292
f 295/182/295 294/181/294 293/176/293
f 295/182/295 296/178/296 294/181/294
f 297/185/297 296/178/296 295/182/295
f 297/185/297 298/180/298 296/178/296
f 299/186/299 298/180/298 297/185/297
f 300/168/300 301/185/301 299/186/299
f 302/167/302 301/185/301 300/168/300
f 302/167/302 303/182/303 301/185/301
f 304/170/304 305/182/305 306/167/306
f 304/170/304 307/176/307 305/182/305
f 308/172/308 307/176/307 304/170/304
f 308/172/308 309/177/309 307/176/307
f 310/174/310 309/177/309 308/172/308
usemtl tex_1920_lit
f 311/188/311 312/189/312 313/190/313
f 314/191/314 315/192/315 311/188/311
f 311/188/311 316/193/316 317/194/317
f 318/195/318 319/196/319 320/197/320
f 321/198/321 322/199/322 323/200/323
f 324/201/324 319/196/319 325/202/325
f 326/192/326 327/193/327 328/188/328
f 329/203/329 324/201/324 330/204/330
f 331/205/331 332/189/332 328/188/328
f 333/190/333 332/189/332 323/200/323
f 334/194/334 335/193/335 336/192/336
f 337/204/337 338/201/338 339/191/339
f 340/206/340 341/207/341 342/199/342
f 340/206/340 342/199/342 343/198/343
f 344/195/344 345/202/345 346/196/346
f 341/207/341 337/204/337 347/208/347
f 344/195/344 334/194/334 345/202/345
f 339/191/339 348/188/348 349/209/349
f 350/205/350 351/188/351 352/194/352
f 353/201/353 354/202/354 355/191/355
f 355/191/355 356/209/356 357/208/357
f 355/191/355 354/202/354 358/192/358
f 359/195/359 350/205/350 352/194/352
f 352/194/352 358/192/358 354/202/354
f 360/200/360 361/199/361 356/209/356
f 362/207/362 357/208/357 356/209/356
f 355/191/355 357/208/357 363/204/363
f 351/188/351 364/190/364 356/209/356
f 362/207/362 356/209/356 361/199/361
f 364/190/364 360/200/360 356/209/356
f 365/205/365 366/210/366 367/189/367
f 368/195/368 366/210/366 365/205/365
f 369/201/369 370/203/370 371/196/371
usemtl tex_1918_lit
f 372/211/372 373/212/373 374/213/374
f 375/214/375 374/213/374 376/215/376
f 373/212/373 377/216/377 378/217/378
f 373/212/373 378/217/378 374/213/374
f 378/217/378 379/218/379 380/219/380
f 381/220/381 382/211/382 383/213/383
f 381/220/381 383/213/383 384/214/384
f 385/217/385 386/215/386 383/213/383
f 385/217/385 387/219/387 386/215/386
f 388/216/388 389/212/389 382/211/382
f 382/211/382 381/220/381 390/221/390
usemtl tex_1922_lit
f 391/222/391 392/223/392 393/224/393
f 392/223/392 391/222/391 394/225/394
f 394/225/394 395/226/395 392/223/392
f 395/226/395 396/227/396 392/223/392
usemtl tex_1919_lit
f 397/228/397 398/229/398 399/230/399
f 400/231/400 397/228/397 401/232/401
f 400/231/400 402/233/402 398/229/398
f 397/228/397 400/231/400 398/229/398
f 400/231/400 401/232/401 403/234/403
f 404/235/404 400/231/400 403/234/403
f 405/236/405 397/228/397 406/237/406
f 397/228/397 399/230/399 406/237/406
f 405/236/405 401/232/401 397/228/397
f 407/238/407 406/237/406 399/230/399
f 399/230/399 398/229/398 402/233/402
usemtl tex_1923_lit_w01
f 408/239/408 409/240/409 410/241/410
f 408/239/408 410/241/410 411/242/411
f 412/243/412 413/244/413 414/245/414
f 412/243/412 414/245/414 415/246/415
f 412/243/412 415/246/415 408/239/408
f 412/243/412 408/239/408 411/242/411
f 409/240/409 408/239/408 415/246/415
f 409/240/409 415/246/415 414/245/414
f 410/241/410 409/240/409 414/245/414
f 410/241/410 414/245/414 413/244/413
f 411/242/411 410/241/410 413/244/413
f 411/242/411 413/244/413 412/243/412
usemtl tex_1926_lit_w01
f 416/247/416 417/248/417 418/249/418
f 416/247/416 418/249/418 419/250/419
usemtl tex_1920_lit
f 420/251/420 421/252/421 422/253/422
f 420/251/420 422/253/422 423/254/423
usemtl tex_1918_lit
f 424/255/424 425/256/425 426/257/426
f 424/255/424 426/257/426 427/258/427
usemtl tex_1922_lit
f 428/259/428 429/260/429 430/261/430
f 428/259/428 430/261/430 431/262/431
f 432/263/432 433/264/433 434/265/434
f 432/263/432 434/265/434 435/266/435
usemtl tex_1919_lit
f 436/267/436 437/268/437 438/269/438
f 436/267/436 438/269/438 439/270/439
usemtl tex_1902_lit_w11
f 440/271/440 445/272/445 446/273/446
f 447/274/447 448/275/448 441/276/441
f 442/277/442 448/275/448 440/271/440
f 448/275/448 445/272/445 440/271/440
f 443/278/443 440/271/440 446/273/446
f 443/278/443 446/273/446 444/279/444
f 446/273/446 449/280/449 444/279/444
f 449/280/449 441/276/441 444/279/444
f 449/280/449 447/274/447 441/276/441
f 442/277/442 441/276/441 448/275/448
usemtl tex_1609_lit
f 450/281/450 451/282/451 452/283/452
f 453/284/453 451/282/451 450/281/450
usemtl tex_1613_lit_w11
f 454/285/454 455/286/455 456/287/456
f 457/288/457 455/286/455 454/285/454
usemtl tex_1616_lit_w11
f 458/289/458 459/290/459 460/291/460
f 461/292/461 459/290/459 458/289/458
usemtl tex_1619_lit_w11
f 462/293/462 463/294/463 464/295/464
f 465/296/465 463/294/463 462/293/462
usemtl tex_1622_lit_w11
f 466/297/466 467/298/467 468/299/468
f 469/300/469 467/298/467 466/297/466
usemtl tex_1921_lit_w01
f 470/301/470 471/302/471 472/303/472
f 473/304/473 474/305/474 470/301/470
f 475/306/475 476/307/476 477/308/477
f 478/309/478 471/302/471 479/310/479
f 480/311/480 479/310/479 476/307/476
f 478/309/478 472/303/472 471/302/471
f 475/306/475 480/311/480 476/307/476
f 473/304/473 470/301/470 472/303/472
f 480/311/480 478/309/478 479/310/479
usemtl tex_1604_lit
f 481/312/481 485/313/485 482/314/482
f 482/314/482 485/313/485 486/315/486
f 482/314/482 486/315/486 483/316/483
f 483/316/483 486/315/486 487/317/487
f 483/316/483 487/317/487 484/318/484
f 484/318/484 487/317/487 488/319/488
f 484/318/484 488/319/488 481/312/481
f 481/312/481 488/319/488 485/313/485
usemtl tex_1921_lit_w01
f 495/310/495 489/320/489 496/307/496
f 496/307/496 489/320/489 490/321/490
f 496/307/496 490/321/490 497/308/497
f 497/308/497 490/321/490 491/322/491
f 498/305/498 492/323/492 499/301/499
f 499/301/499 492/323/492 493/324/493
f 500/302/500 494/325/494 495/310/495
f 495/310/495 494/325/494 489/320/489
f 499/301/499 493/324/493 500/302/500
f 500/302/500 493/324/493 494/325/494
f 501/326/501 502/327/502 503/328/503
f 504/329/504 505/330/505 501/326/501
f 506/331/506 502/327/502 507/332/507
f 508/333/508 507/332/507 504/329/504
f 507/332/507 505/330/505 504/329/504
f 506/331/506 503/328/503 502/327/502
f 504/329/504 501/326/501 503/328/503
f 508/333/508 506/331/506 507/332/507
f 502/327/502 509/326/509 510/330/510
f 502/327/502 510/330/510 507/332/507
f 511/334/511 512/335/512 513/336/513
f 511/334/511 514/337/514 515/338/515
f 516/339/516 517/340/517 518/341/518
f 511/334/511 513/336/513 514/337/514
f 519/342/519 516/339/516 518/341/518
f 520/343/520 516/339/516 519/342/519
f 514/337/514 517/340/517 521/344/521
f 511/334/511 522/345/522 512/335/512
f 516/339/516 521/344/521 517/340/517
f 515/338/515 514/337/514 521/344/521
f 529/335/529 523/346/523 530/336/530
f 524/347/524 523/346/523 529/335/529
f 531/348/531 524/347/524 529/335/529
f 525/349/525 524/347/524 531/348/531
f 532/340/532 526/350/526 533/341/533
f 527/351/527 526/350/526 532/340/532
f 534/337/534 527/351/527 532/340/532
f 528/352/528 527/351/527 534/337/534
f 530/336/530 528/352/528 534/337/534
f 523/346/523 528/352/528 530/336/530
f 541/320/541 535/344/535 542/321/542
f 542/321/542 535/344/535 536/339/536
f 542/321/542 536/339/536 543/322/543
f 543/322/543 536/339/536 537/343/537
f 544/323/544 538/345/538 545/324/545
f 545/324/545 538/345/538 539/334/539
f 546/325/546 535/344/535 541/320/541
f 545/324/545 539/334/539 540/338/540
f 545/324/545 540/338/540 546/325/546
f 546/325/546 540/338/540 535/344/535
f 547/353/547 548/354/548 549/355/549
f 549/355/549 550/356/550 547/353/547
f 551/326/551 549/355/549 548/354/548
f 551/326/551 547/353/547 552/327/552
f 551/326/551 548/354/548 547/353/547
f 549/355/549 553/332/553 550/356/550
f 554/330/554 553/332/553 549/355/549
f 547/353/547 550/356/550 552/327/552
f 551/326/551 554/330/554 549/355/549
f 553/332/553 552/327/552 550/356/550
f 553/332/553 555/330/555 556/326/556
f 553/332/553 556/326/556 552/327/552
usemtl tex_1609_lit
f 557/357/557 558/358/558 559/359/559
f 559/359/559 558/358/558 560/360/560
usemtl tex_1613_lit_w11
f 561/361/561 562/362/562 563/363/563
f 563/363/563 562/362/562 564/364/564
usemtl tex_1616_lit_w11
f 565/365/565 566/366/566 567/367/567
f 567/367/567 566/366/566 568/368/568
usemtl tex_1619_lit_w11
f 569/369/569 570/370/570 571/371/571
f 571/371/571 570/370/570 572/372/572
usemtl tex_1622_lit_w11
f 573/373/573 574/374/574 575/375/575
f 575/375/575 574/374/574 576/376/576
usemtl tex_1921_lit_w01
f 577/377/577 578/378/578 579/379/579
f 579/379/579 580/380/580 581/381/581
f 580/380/580 582/382/582 581/381/581
f 583/383/583 578/378/578 584/384/584
f 582/382/582 585/385/585 586/386/586
f 578/378/578 577/377/577 584/384/584
f 582/382/582 586/386/586 581/381/581
f 577/377/577 579/379/579 581/381/581
f 585/385/585 587/387/587 586/386/586
usemtl tex_1604_lit
f 588/388/588 592/389/592 589/390/589
f 589/390/589 592/389/592 593/391/593
f 589/390/589 593/391/593 590/392/590
f 590/392/590 593/391/593 594/393/594
f 590/392/590 594/393/594 591/394/591
f 591/394/591 594/393/594 595/395/595
f 591/394/591 595/395/595 588/388/588
f 588/388/588 595/395/595 592/389/592
usemtl tex_1921_lit_w01
f 602/382/602 596/396/596 603/385/603
f 597/397/597 596/396/596 602/382/602
f 604/380/604 597/397/597 602/382/602
f 598/398/598 597/397/597 604/380/604
f 605/379/605 598/398/598 604/380/604
f 599/399/599 598/398/598 605/379/605
f 606/383/606 600/400/600 607/378/607
f 601/401/601 600/400/600 606/383/606
f 607/378/607 599/399/599 605/379/605
f 600/400/600 599/399/599 607/378/607
f 608/402/608 609/403/609 610/404/610
f 610/404/610 611/405/611 612/406/612
f 613/407/613 609/403/609 614/408/614
f 612/406/612 613/407/613 615/409/615
f 612/406/612 611/405/611 613/407/613
f 609/403/609 608/402/608 614/408/614
f 608/402/608 610/404/610 612/406/612
f 613/407/613 614/408/614 615/409/615
f 616/404/616 609/403/609 613/407/613
f 616/404/616 613/407/613 617/405/617
f 618/410/618 619/411/619 620/412/620
f 621/413/621 622/414/622 620/412/620
f 623/415/623 624/416/624 625/417/625
f 622/414/622 618/410/618 620/412/620
f 623/415/623 625/417/625 619/411/619
f 619/411/619 625/417/625 626/418/626
f 627/419/627 628/420/628 622/414/622
f 619/411/619 626/418/626 620/412/620
f 624/416/624 629/421/629 625/417/625
f 627/419/627 622/414/622 621/413/621
f 635/410/635 630/422/630 636/411/636
f 636/411/636 630/422/630 631/423/631
f 636/411/636 631/423/631 637/415/637
f 637/415/637 631/423/631 632/424/632
f 637/415/637 632/424/632 638/416/638
f 638/416/638 632/424/632 633/425/633
f 639/420/639 633/425/633 640/414/640
f 640/414/640 633/425/633 634/426/634
f 640/414/640 634/426/634 635/410/635
f 635/410/635 634/426/634 630/422/630
f 647/397/647 641/421/641 648/396/648
f 642/417/642 641/421/641 647/397/647
f 649/398/649 642/417/642 647/397/647
f 643/418/643 642/417/642 649/398/649
f 650/399/650 643/418/643 649/398/649
f 644/412/644 643/418/643 650/399/650
f 651/401/651 645/419/645 652/400/652
f 646/413/646 644/412/644 650/399/650
f 652/400/652 646/413/646 650/399/650
f 645/419/645 646/413/646 652/400/652
f 653/427/653 654/428/654 655/404/655
f 656/403/656 657/429/657 655/404/655
f 657/429/657 653/427/653 655/404/655
f 658/430/658 659/407/659 654/428/654
f 654/428/654 659/407/659 660/405/660
f 656/403/656 658/430/658 657/429/657
f 654/428/654 660/405/660 655/404/655
f 658/430/658 656/403/656 659/407/659
f 653/427/653 657/429/657 658/430/658
f 658/430/658 654/428/654 653/427/653
f 661/405/661 659/407/659 656/403/656
f 661/405/661 656/403/656 662/404/662
usemtl tex_1924_lit_w01
f 663/431/663 664/432/664 665/433/665
f 665/433/665 666/434/666 667/435/667
f 668/436/668 667/435/667 669/437/669
f 670/438/670 671/439/671 672/440/672
f 668/436/668 665/433/665 667/435/667
f 668/436/668 663/431/663 665/433/665
f 673/441/673 665/433/665 674/442/674
f 667/435/667 672/440/672 675/443/675
f 666/434/666 670/438/670 667/435/667
f 676/444/676 671/439/671 677/445/677
f 678/446/678 668/436/668 669/437/669
f 673/441/673 666/434/666 665/433/665
f 669/437/669 667/435/667 675/443/675
f 679/446/679 680/437/680 681/447/681
f 682/435/682 683/438/683 684/440/684
f 685/434/685 686/445/686 683/438/683
f 687/439/687 683/438/683 686/445/686
f 679/446/679 681/447/681 688/448/688
f 680/437/680 689/443/689 681/447/681
usemtl tex_1923_lit_w01
f 690/449/690 691/450/691 692/451/692
f 693/452/693 690/449/690 694/453/694
f 695/454/695 696/455/696 697/456/697
f 698/453/698 699/449/699 700/451/700
f 701/457/701 702/458/702 703/450/703
f 696/455/696 702/458/702 701/457/701
f 704/459/704 705/460/705 706/461/706
f 704/459/704 706/461/706 707/462/707
f 708/463/708 699/449/699 709/452/709
f 708/463/708 709/452/709 707/462/707
f 710/464/710 708/463/708 707/462/707
f 709/452/709 704/459/704 707/462/707
f 710/464/710 697/456/697 696/455/696
f 711/451/711 712/465/712 713/466/713
f 714/450/714 715/458/715 716/467/716
f 717/464/717 718/455/718 719/463/719
f 720/457/720 721/449/721 719/463/719
f 718/455/718 720/457/720 719/463/719
f 721/449/721 720/457/720 714/450/714
f 722/453/722 713/466/713 723/459/723
f 722/453/722 711/451/711 713/466/713
f 724/452/724 722/453/722 723/459/723
usemtl tex_1924_lit_w01
f 725/468/725 733/443/733 726/469/726
f 726/469/726 734/440/734 727/470/727
f 726/469/726 733/443/733 734/440/734
f 728/471/728 735/447/735 725/468/725
f 725/468/725 735/447/735 733/443/733
f 727/470/727 734/440/734 736/439/736
usemtl tex_1923_lit_w01
f 729/472/729 737/465/737 730/473/730
f 730/473/730 737/465/737 738/451/738
f 730/473/730 738/451/738 731/474/731
f 731/474/731 738/451/738 739/450/739
f 731/474/731 739/450/739 732/475/732
f 732/475/732 739/450/739 740/467/740
usemtl tex_1924_lit_w01
f 741/476/741 742/477/742 743/478/743
f 744/476/744 745/479/745 746/480/746
f 742/477/742 741/476/741 747/481/747
f 744/476/744 748/478/748 745/479/745
usemtl tex_1923_lit_w01
f 749/482/749 750/483/750 751/484/751
f 752/485/752 749/482/749 751/484/751
f 753/486/753 754/487/754 755/488/755
f 756/489/756 757/490/757 758/491/758
f 759/487/759 760/492/760 761/488/761
f 762/493/762 758/491/758 757/490/757
f 763/494/763 764/495/764 765/496/765
f 764/495/764 766/497/766 765/496/765
usemtl tex_1924_lit_w01
f 770/469/770 771/68/771 772/67/772
f 773/71/773 770/469/770 774/470/774
f 771/68/771 770/469/770 773/71/773
f 778/152/778 779/471/779 780/468/780
f 781/153/781 780/468/780 772/67/772
f 780/468/780 770/469/770 772/67/772
f 778/152/778 780/468/780 781/153/781
usemtl tex_1923_lit_w01
f 782/79/782 783/472/783 784/77/784
f 784/77/784 783/472/783 785/473/785
f 784/77/784 785/473/785 786/82/786
f 786/82/786 785/473/785 787/474/787
f 786/82/786 787/474/787 788/156/788
f 788/156/788 787/474/787 789/159/789
f 789/159/789 787/474/787 790/475/790
usemtl tex_1924_lit_w01
f 791/498/791 792/499/792 793/500/793
f 794/501/794 791/498/791 793/500/793
usemtl tex_1923_lit_w01
f 795/502/795 796/484/796 797/483/797
f 795/502/795 797/483/797 798/503/798
f 799/264/799 800/486/800 801/263/801
f 799/264/799 802/487/802 800/486/800
f 803/264/803 804/489/804 805/263/805
f 805/263/805 804/489/804 806/491/806
f 807/494/807 808/497/808 809/495/809
f 807/494/807 810/496/810 808/497/808
usemtl tex_1926_lit_w01
f 811/504/811 812/505/812 813/506/813
f 811/504/811 813/506/813 814/507/814
