mtllib CorumovZ.mtl
v -1116.4473342895508 -70.6318621635437 177.0 1.000 1.000 1.000
v -1164.4473342895508 -49.6318621635437 191.0 1.000 1.000 1.000
v -1118.4473342895508 -140.6318621635437 203.0 1.000 1.000 1.000
v -1164.4473342895508 -184.6318621635437 200.0 1.000 1.000 1.000
v -1064.4473342895508 -86.6318621635437 -1.0 1.000 1.000 1.000
v -1062.4473342895508 -161.6318621635437 11.0 1.000 1.000 1.000
v -1164.4473342895508 -91.6318621635437 -93.0 1.000 1.000 1.000
v -1164.4473342895508 -189.6318621635437 -87.0 1.000 1.000 1.000
v -1164.4473342895508 -49.6318621635437 191.0 1.000 1.000 1.000
v -1164.4473342895508 -184.6318621635437 200.0 1.000 1.000 1.000
v -1116.4473342895508 -70.6318621635437 177.0 1.000 1.000 1.000
v -1064.4473342895508 -86.6318621635437 -1.0 1.000 1.000 1.000
v -1038.4473342895508 -94.6318621635437 -88.0 1.000 1.000 1.000
v -1037.4473342895508 -170.6318621635437 -76.0 1.000 1.000 1.000
v -1062.4473342895508 -161.6318621635437 11.0 1.000 1.000 1.000
v -1118.4473342895508 -140.6318621635437 203.0 1.000 1.000 1.000
v -679.4387893676758 -68.99769115447998 59.0 1.000 1.000 1.000
v -683.4387893676758 -183.99769115447998 -3.0 1.000 1.000 1.000
v -679.4387893676758 -123.99769115447998 75.0 1.000 1.000 1.000
v -683.4387893676758 -50.99769115447998 -15.0 1.000 1.000 1.000
v -683.4387893676758 -50.99769115447998 -15.0 1.000 1.000 1.000
v -695.4387893676758 -99.99769115447998 -81.0 1.000 1.000 1.000
v -693.4387893676758 -156.99769115447998 -68.0 1.000 1.000 1.000
v -683.4387893676758 -183.99769115447998 -3.0 1.000 1.000 1.000
v -1064.4473342895508 -86.6318621635437 -1.0 1.000 1.000 1.000
v -1062.4473342895508 -161.6318621635437 11.0 1.000 1.000 1.000
v -1038.4473342895508 -94.6318621635437 -88.0 1.000 1.000 1.000
v -1064.4473342895508 -86.6318621635437 -1.0 1.000 1.000 1.000
v -1037.4473342895508 -170.6318621635437 -76.0 1.000 1.000 1.000
v -1062.4473342895508 -161.6318621635437 11.0 1.000 1.000 1.000
v -601.4387893676758 -43.99769115447998 -20.0 1.000 1.000 1.000
v -599.4387893676758 -79.99769115447998 -70.0 1.000 1.000 1.000
v -600.4387893676758 -128.99769115447998 -64.0 1.000 1.000 1.000
v -592.4387893676758 -186.99769115447998 9.0 1.000 1.000 1.000
v -601.4387893676758 -43.99769115447998 -20.0 1.000 1.000 1.000
v -592.4387893676758 -186.99769115447998 9.0 1.000 1.000 1.000
v -585.4387893676758 -117.99769115447998 90.0 1.000 1.000 1.000
v -586.4387893676758 -77.99769115447998 85.0 1.000 1.000 1.000
v -683.4387893676758 -50.99769115447998 -15.0 1.000 1.000 1.000
v -695.4387893676758 -99.99769115447998 -81.0 1.000 1.000 1.000
v -693.4387893676758 -156.99769115447998 -68.0 1.000 1.000 1.000
v -683.4387893676758 -183.99769115447998 -3.0 1.000 1.000 1.000
v -679.4387893676758 -68.99769115447998 59.0 1.000 1.000 1.000
v -683.4387893676758 -50.99769115447998 -15.0 1.000 1.000 1.000
v -683.4387893676758 -183.99769115447998 -3.0 1.000 1.000 1.000
v -679.4387893676758 -123.99769115447998 75.0 1.000 1.000 1.000
v -1087.4387893676758 -163.99769115447998 10.0 1.000 1.000 1.000
v -615.4387893676758 -133.99769115447998 63.0 1.000 1.000 1.000
v -1086.4387893676758 -92.99769115447998 -10.0 1.000 1.000 1.000
v -606.4387893676758 -34.99769115447998 14.0 1.000 1.000 1.000
v -609.4387893676758 -109.99769115447998 -91.0 1.000 1.000 1.000
v -1059.4387893676758 -101.99769115447998 -89.0 1.000 1.000 1.000
v -610.4387893676758 -196.99769115447998 -11.0 1.000 1.000 1.000
v -1058.4387893676758 -166.99769115447998 -71.0 1.000 1.000 1.000
v -615.4387893676758 -133.99769115447998 63.0 1.000 1.000 1.000
v -610.4387893676758 -196.99769115447998 -11.0 1.000 1.000 1.000
v -297.64124298095703 -90.54972076416016 -61.0 1.000 1.000 1.000
v -299.64124298095703 -149.54972076416016 -52.0 1.000 1.000 1.000
v -535.641242980957 -150.54972076416016 -34.0 1.000 1.000 1.000
v -479.64124298095703 -77.54972076416016 -67.0 1.000 1.000 1.000
v -488.64124298095703 -56.549720764160156 -49.0 1.000 1.000 1.000
v -299.64124298095703 -194.54972076416016 -11.0 1.000 1.000 1.000
v -296.64124298095703 -48.549720764160156 1.0 1.000 1.000 1.000
v -483.64124298095703 -40.549720764160156 12.0 1.000 1.000 1.000
v -537.641242980957 -190.54972076416016 12.0 1.000 1.000 1.000
v -537.641242980957 -190.54972076416016 12.0 1.000 1.000 1.000
v -299.64124298095703 -194.54972076416016 -11.0 1.000 1.000 1.000
v -297.64124298095703 -172.54972076416016 110.0 1.000 1.000 1.000
v -483.64124298095703 -40.549720764160156 12.0 1.000 1.000 1.000
v -507.64124298095703 -96.54972076416016 103.0 1.000 1.000 1.000
v -296.64124298095703 -111.54972076416016 114.0 1.000 1.000 1.000
v -296.64124298095703 -48.549720764160156 1.0 1.000 1.000 1.000
v -299.64124298095703 -84.54972076416016 105.0 1.000 1.000 1.000
v -296.64124298095703 -111.54972076416016 114.0 1.000 1.000 1.000
v -299.64124298095703 -141.54972076416016 133.0 1.000 1.000 1.000
v -299.64124298095703 -196.54972076416016 143.0 1.000 1.000 1.000
v -299.64124298095703 -194.54972076416016 -11.0 1.000 1.000 1.000
v -299.64124298095703 -197.54972076416016 -98.0 1.000 1.000 1.000
v -297.64124298095703 -172.54972076416016 110.0 1.000 1.000 1.000
v -296.64124298095703 -48.549720764160156 1.0 1.000 1.000 1.000
v -300.64124298095703 -28.549720764160156 13.0 1.000 1.000 1.000
v -297.64124298095703 -90.54972076416016 -61.0 1.000 1.000 1.000
v -300.64124298095703 -61.549720764160156 -67.0 1.000 1.000 1.000
v -299.64124298095703 -149.54972076416016 -52.0 1.000 1.000 1.000
v -299.64124298095703 -150.54972076416016 -94.0 1.000 1.000 1.000
v -10.0 -171.0 143.0 1.000 1.000 1.000
v -71.0 -122.0 133.0 1.000 1.000 1.000
v -143.0 -36.0 23.0 1.000 1.000 1.000
v -10.0 -171.0 143.0 1.000 1.000 1.000
v -9.0 -152.0 -74.0 1.000 1.000 1.000
v -99.0 -106.0 -70.0 1.000 1.000 1.000
v -57.0 -134.0 -76.0 1.000 1.000 1.000
v -299.64124298095703 -141.54972076416016 133.0 1.000 1.000 1.000
v -299.64124298095703 -196.54972076416016 143.0 1.000 1.000 1.000
v -299.64124298095703 -84.54972076416016 105.0 1.000 1.000 1.000
v -300.64124298095703 -28.549720764160156 13.0 1.000 1.000 1.000
v -299.64124298095703 -196.54972076416016 143.0 1.000 1.000 1.000
v -299.64124298095703 -197.54972076416016 -98.0 1.000 1.000 1.000
v -300.64124298095703 -61.549720764160156 -67.0 1.000 1.000 1.000
v -299.64124298095703 -150.54972076416016 -94.0 1.000 1.000 1.000
v -300.64124298095703 -28.549720764160156 13.0 1.000 1.000 1.000
v -9.0 -152.0 -74.0 1.000 1.000 1.000
v -57.0 -134.0 -76.0 1.000 1.000 1.000
v -99.0 -106.0 -70.0 1.000 1.000 1.000
v -143.0 -36.0 23.0 1.000 1.000 1.000
v -299.64124298095703 -197.54972076416016 -98.0 1.000 1.000 1.000
v -299.64124298095703 -150.54972076416016 -94.0 1.000 1.000 1.000
v -300.64124298095703 -28.549720764160156 13.0 1.000 1.000 1.000
v -488.64124298095703 -56.549720764160156 -49.0 1.000 1.000 1.000
v -479.64124298095703 -77.54972076416016 -67.0 1.000 1.000 1.000
v -535.641242980957 -150.54972076416016 -34.0 1.000 1.000 1.000
v -537.641242980957 -190.54972076416016 12.0 1.000 1.000 1.000
v -483.64124298095703 -40.549720764160156 12.0 1.000 1.000 1.000
v -537.641242980957 -190.54972076416016 12.0 1.000 1.000 1.000
v -507.64124298095703 -96.54972076416016 103.0 1.000 1.000 1.000
v -483.64124298095703 -40.549720764160156 12.0 1.000 1.000 1.000
v -601.4387893676758 -43.99769115447998 -20.0 1.000 1.000 1.000
v -599.4387893676758 -79.99769115447998 -70.0 1.000 1.000 1.000
v -600.4387893676758 -128.99769115447998 -64.0 1.000 1.000 1.000
v -592.4387893676758 -186.99769115447998 9.0 1.000 1.000 1.000
v -592.4387893676758 -186.99769115447998 9.0 1.000 1.000 1.000
v -585.4387893676758 -117.99769115447998 90.0 1.000 1.000 1.000
v -586.4387893676758 -77.99769115447998 85.0 1.000 1.000 1.000
v -601.4387893676758 -43.99769115447998 -20.0 1.000 1.000 1.000
v -615.641242980957 -133.54972076416016 63.0 1.000 1.000 1.000
v -294.64124298095703 -205.54972076416016 20.0 1.000 1.000 1.000
v -296.64124298095703 -164.54972076416016 124.0 1.000 1.000 1.000
v -292.64124298095703 -135.54972076416016 -73.0 1.000 1.000 1.000
v -609.641242980957 -196.54972076416016 -11.0 1.000 1.000 1.000
v -609.641242980957 -109.54972076416016 -91.0 1.000 1.000 1.000
v -606.641242980957 -35.549720764160156 14.0 1.000 1.000 1.000
v -293.64124298095703 -51.549720764160156 27.0 1.000 1.000 1.000
v -293.64124298095703 -51.549720764160156 27.0 1.000 1.000 1.000
v -296.64124298095703 -164.54972076416016 124.0 1.000 1.000 1.000
v -294.64124298095703 -205.54972076416016 20.0 1.000 1.000 1.000
v -292.64124298095703 -135.54972076416016 -73.0 1.000 1.000 1.000
v -615.641242980957 -133.54972076416016 63.0 1.000 1.000 1.000
v -609.641242980957 -196.54972076416016 -11.0 1.000 1.000 1.000
v 1128.0702514648438 -143.440899848938 203.0 1.000 1.000 1.000
v 1174.0702514648438 -44.44089984893799 190.0 1.000 1.000 1.000
v 1125.0702514648438 -82.44089984893799 177.0 1.000 1.000 1.000
v 1174.0702514648438 -183.440899848938 200.0 1.000 1.000 1.000
v 1080.0702514648438 -96.44089984893799 23.0 1.000 1.000 1.000
v 1079.0702514648438 -159.440899848938 36.0 1.000 1.000 1.000
v 1174.0702514648438 -44.44089984893799 190.0 1.000 1.000 1.000
v 1174.0702514648438 -190.440899848938 -87.0 1.000 1.000 1.000
v 1174.0702514648438 -88.44089984893799 -93.0 1.000 1.000 1.000
v 1174.0702514648438 -183.440899848938 200.0 1.000 1.000 1.000
v 1048.0702514648438 -89.44089984893799 -88.0 1.000 1.000 1.000
v 1080.0702514648438 -96.44089984893799 23.0 1.000 1.000 1.000
v 1125.0702514648438 -82.44089984893799 177.0 1.000 1.000 1.000
v 1079.0702514648438 -159.440899848938 36.0 1.000 1.000 1.000
v 1046.0702514648438 -170.440899848938 -75.0 1.000 1.000 1.000
v 1128.0702514648438 -143.440899848938 203.0 1.000 1.000 1.000
v 689.3646240234375 -101.82162094116211 59.0 1.000 1.000 1.000
v 689.3646240234375 -151.8216209411621 75.0 1.000 1.000 1.000
v 693.3646240234375 -202.8216209411621 -3.0 1.000 1.000 1.000
v 693.3646240234375 -65.82162094116211 -15.0 1.000 1.000 1.000
v 705.3646240234375 -88.82162094116211 -81.0 1.000 1.000 1.000
v 693.3646240234375 -65.82162094116211 -15.0 1.000 1.000 1.000
v 703.3646240234375 -181.8216209411621 -68.0 1.000 1.000 1.000
v 693.3646240234375 -202.8216209411621 -3.0 1.000 1.000 1.000
v 1079.0702514648438 -159.440899848938 36.0 1.000 1.000 1.000
v 1080.0702514648438 -96.44089984893799 23.0 1.000 1.000 1.000
v 1048.0702514648438 -89.44089984893799 -88.0 1.000 1.000 1.000
v 1046.0702514648438 -170.440899848938 -75.0 1.000 1.000 1.000
v 1080.0702514648438 -96.44089984893799 23.0 1.000 1.000 1.000
v 1079.0702514648438 -159.440899848938 36.0 1.000 1.000 1.000
v 609.3646240234375 -58.82162094116211 -20.0 1.000 1.000 1.000
v 608.3646240234375 -148.8216209411621 -63.0 1.000 1.000 1.000
v 608.3646240234375 -84.82162094116211 -70.0 1.000 1.000 1.000
v 601.3646240234375 -205.8216209411621 9.0 1.000 1.000 1.000
v 609.3646240234375 -58.82162094116211 -20.0 1.000 1.000 1.000
v 595.3646240234375 -105.82162094116211 85.0 1.000 1.000 1.000
v 595.3646240234375 -152.8216209411621 90.0 1.000 1.000 1.000
v 601.3646240234375 -205.8216209411621 9.0 1.000 1.000 1.000
v 693.3646240234375 -65.82162094116211 -15.0 1.000 1.000 1.000
v 705.3646240234375 -88.82162094116211 -81.0 1.000 1.000 1.000
v 703.3646240234375 -181.8216209411621 -68.0 1.000 1.000 1.000
v 693.3646240234375 -202.8216209411621 -3.0 1.000 1.000 1.000
v 689.3646240234375 -101.82162094116211 59.0 1.000 1.000 1.000
v 693.3646240234375 -65.82162094116211 -15.0 1.000 1.000 1.000
v 689.3646240234375 -151.8216209411621 75.0 1.000 1.000 1.000
v 693.3646240234375 -202.8216209411621 -3.0 1.000 1.000 1.000
v 1095.3646240234375 -77.82162094116211 8.0 1.000 1.000 1.000
v 628.3646240234375 -140.8216209411621 87.0 1.000 1.000 1.000
v 1095.3646240234375 -153.8216209411621 34.0 1.000 1.000 1.000
v 1068.3646240234375 -97.82162094116211 -89.0 1.000 1.000 1.000
v 622.3646240234375 -118.82162094116211 -67.0 1.000 1.000 1.000
v 619.3646240234375 -51.82162094116211 38.0 1.000 1.000 1.000
v 623.3646240234375 -197.8216209411621 13.0 1.000 1.000 1.000
v 1067.3646240234375 -168.8216209411621 -71.0 1.000 1.000 1.000
v 623.3646240234375 -197.8216209411621 13.0 1.000 1.000 1.000
v 628.3646240234375 -140.8216209411621 87.0 1.000 1.000 1.000
v 544.7300109863281 -170.08544158935547 -34.0 1.000 1.000 1.000
v 306.7300109863281 -153.08544158935547 -52.0 1.000 1.000 1.000
v 303.7300109863281 -97.08544158935547 -61.0 1.000 1.000 1.000
v 497.7300109863281 -72.08544158935547 -48.0 1.000 1.000 1.000
v 490.7300109863281 -93.08544158935547 -67.0 1.000 1.000 1.000
v 309.7300109863281 -213.08544158935547 -11.0 1.000 1.000 1.000
v 304.7300109863281 -55.08544158935547 1.0 1.000 1.000 1.000
v 497.7300109863281 -53.08544158935547 12.0 1.000 1.000 1.000
v 547.7300109863281 -209.08544158935547 12.0 1.000 1.000 1.000
v 307.7300109863281 -195.08544158935547 112.0 1.000 1.000 1.000
v 309.7300109863281 -213.08544158935547 -11.0 1.000 1.000 1.000
v 547.7300109863281 -209.08544158935547 12.0 1.000 1.000 1.000
v 305.7300109863281 -112.08544158935547 103.0 1.000 1.000 1.000
v 518.7300109863281 -127.08544158935547 104.0 1.000 1.000 1.000
v 497.7300109863281 -53.08544158935547 12.0 1.000 1.000 1.000
v 304.7300109863281 -55.08544158935547 1.0 1.000 1.000 1.000
v 309.7300109863281 -213.08544158935547 -11.0 1.000 1.000 1.000
v 309.7300109863281 -221.08544158935547 -98.0 1.000 1.000 1.000
v 306.7300109863281 -153.08544158935547 -52.0 1.000 1.000 1.000
v 308.7300109863281 -164.08544158935547 -92.0 1.000 1.000 1.000
v 303.7300109863281 -97.08544158935547 -61.0 1.000 1.000 1.000
v 308.7300109863281 -65.08544158935547 -67.0 1.000 1.000 1.000
v 304.7300109863281 -55.08544158935547 1.0 1.000 1.000 1.000
v 309.7300109863281 -31.08544158935547 13.0 1.000 1.000 1.000
v 305.7300109863281 -112.08544158935547 103.0 1.000 1.000 1.000
v 308.7300109863281 -94.08544158935547 103.0 1.000 1.000 1.000
v 307.7300109863281 -195.08544158935547 112.0 1.000 1.000 1.000
v 308.7300109863281 -171.08544158935547 133.0 1.000 1.000 1.000
v 308.7300109863281 -222.08544158935547 143.0 1.000 1.000 1.000
v 58.0 -119.0 136.0 1.000 1.000 1.000
v 147.0 -33.0 25.0 1.000 1.000 1.000
v -10.0 -171.0 143.0 1.000 1.000 1.000
v -10.0 -171.0 143.0 1.000 1.000 1.000
v -9.0 -152.0 -74.0 1.000 1.000 1.000
v 83.0 -104.0 -73.0 1.000 1.000 1.000
v 147.0 -33.0 25.0 1.000 1.000 1.000
v 308.7300109863281 -171.08544158935547 133.0 1.000 1.000 1.000
v 308.7300109863281 -94.08544158935547 103.0 1.000 1.000 1.000
v 308.7300109863281 -222.08544158935547 143.0 1.000 1.000 1.000
v 309.7300109863281 -31.08544158935547 13.0 1.000 1.000 1.000
v 309.7300109863281 -221.08544158935547 -98.0 1.000 1.000 1.000
v 308.7300109863281 -222.08544158935547 143.0 1.000 1.000 1.000
v 308.7300109863281 -65.08544158935547 -67.0 1.000 1.000 1.000
v 308.7300109863281 -164.08544158935547 -92.0 1.000 1.000 1.000
v 39.0 -134.0 -76.0 1.000 1.000 1.000
v -9.0 -152.0 -74.0 1.000 1.000 1.000
v 147.0 -33.0 25.0 1.000 1.000 1.000
v 83.0 -104.0 -73.0 1.000 1.000 1.000
v 309.7300109863281 -221.08544158935547 -98.0 1.000 1.000 1.000
v 308.7300109863281 -65.08544158935547 -67.0 1.000 1.000 1.000
v 309.7300109863281 -31.08544158935547 13.0 1.000 1.000 1.000
v 308.7300109863281 -164.08544158935547 -92.0 1.000 1.000 1.000
v 497.7300109863281 -72.08544158935547 -48.0 1.000 1.000 1.000
v 490.7300109863281 -93.08544158935547 -67.0 1.000 1.000 1.000
v 544.7300109863281 -170.08544158935547 -34.0 1.000 1.000 1.000
v 547.7300109863281 -209.08544158935547 12.0 1.000 1.000 1.000
v 497.7300109863281 -53.08544158935547 12.0 1.000 1.000 1.000
v 547.7300109863281 -209.08544158935547 12.0 1.000 1.000 1.000
v 518.7300109863281 -127.08544158935547 104.0 1.000 1.000 1.000
v 497.7300109863281 -53.08544158935547 12.0 1.000 1.000 1.000
v 608.3646240234375 -84.82162094116211 -70.0 1.000 1.000 1.000
v 609.3646240234375 -58.82162094116211 -20.0 1.000 1.000 1.000
v 608.3646240234375 -148.8216209411621 -63.0 1.000 1.000 1.000
v 601.3646240234375 -205.8216209411621 9.0 1.000 1.000 1.000
v 595.3646240234375 -152.8216209411621 90.0 1.000 1.000 1.000
v 601.3646240234375 -205.8216209411621 9.0 1.000 1.000 1.000
v 595.3646240234375 -105.82162094116211 85.0 1.000 1.000 1.000
v 609.3646240234375 -58.82162094116211 -20.0 1.000 1.000 1.000
v 301.7300109863281 -173.08544158935547 124.0 1.000 1.000 1.000
v 299.7300109863281 -214.08544158935547 20.0 1.000 1.000 1.000
v 628.7300109863281 -141.08544158935547 87.0 1.000 1.000 1.000
v 622.7300109863281 -197.08544158935547 13.0 1.000 1.000 1.000
v 298.7300109863281 -144.08544158935547 -73.0 1.000 1.000 1.000
v 298.7300109863281 -59.08544158935547 27.0 1.000 1.000 1.000
v 619.7300109863281 -52.08544158935547 38.0 1.000 1.000 1.000
v 622.7300109863281 -119.08544158935547 -67.0 1.000 1.000 1.000
v 298.7300109863281 -144.08544158935547 -73.0 1.000 1.000 1.000
v 299.7300109863281 -214.08544158935547 20.0 1.000 1.000 1.000
v 301.7300109863281 -173.08544158935547 124.0 1.000 1.000 1.000
v 298.7300109863281 -59.08544158935547 27.0 1.000 1.000 1.000
v 622.7300109863281 -197.08544158935547 13.0 1.000 1.000 1.000
v 628.7300109863281 -141.08544158935547 87.0 1.000 1.000 1.000
v -254.35511779785156 373.27806198596954 85.0 1.000 1.000 1.000
v -194.35511779785156 423.27806198596954 -12.0 1.000 1.000 1.000
v -308.35511779785156 425.27806198596954 -15.0 1.000 1.000 1.000
v -194.35511779785156 423.27806198596954 -12.0 1.000 1.000 1.000
v -210.35511779785156 410.27806198596954 -45.0 1.000 1.000 1.000
v -308.35511779785156 425.27806198596954 -15.0 1.000 1.000 1.000
v -298.35511779785156 411.27806198596954 -41.0 1.000 1.000 1.000
v -12.519860029220581 429.9538879394531 78.0 1.000 1.000 1.000
v -61.51986002922058 476.9538879394531 18.0 1.000 1.000 1.000
v 47.48013997077942 476.9538879394531 18.0 1.000 1.000 1.000
v 35.48013997077942 467.9538879394531 -45.0 1.000 1.000 1.000
v -61.51986002922058 476.9538879394531 18.0 1.000 1.000 1.000
v -47.51986002922058 465.9538879394531 -38.0 1.000 1.000 1.000
v 47.48013997077942 476.9538879394531 18.0 1.000 1.000 1.000
v -87.51986002922058 614.9538879394531 -102.0 1.000 1.000 1.000
v -121.51986002922058 623.9538879394531 12.0 1.000 1.000 1.000
v -95.51986002922058 634.9538879394531 7.0 1.000 1.000 1.000
v -81.51986002922058 591.9538879394531 -91.0 1.000 1.000 1.000
v -103.51986002922058 666.9538879394531 116.0 1.000 1.000 1.000
v -103.51986002922058 648.9538879394531 121.0 1.000 1.000 1.000
v -106.51986002922058 608.9538879394531 15.0 1.000 1.000 1.000
v -103.51986002922058 666.9538879394531 116.0 1.000 1.000 1.000
v -103.51986002922058 648.9538879394531 121.0 1.000 1.000 1.000
v -5.519860029220581 694.9538879394531 136.0 1.000 1.000 1.000
v -5.519860029220581 668.9538879394531 147.0 1.000 1.000 1.000
v 94.48013997077942 666.9538879394531 103.0 1.000 1.000 1.000
v 93.48013997077942 648.9538879394531 118.0 1.000 1.000 1.000
v 94.48013997077942 666.9538879394531 103.0 1.000 1.000 1.000
v 109.48013997077942 618.9538879394531 8.0 1.000 1.000 1.000
v 85.48013997077942 639.9538879394531 -1.0 1.000 1.000 1.000
v 94.48013997077942 666.9538879394531 103.0 1.000 1.000 1.000
v 93.48013997077942 648.9538879394531 118.0 1.000 1.000 1.000
v 109.48013997077942 618.9538879394531 8.0 1.000 1.000 1.000
v 109.48013997077942 618.9538879394531 8.0 1.000 1.000 1.000
v 75.48013997077942 613.9538879394531 -102.0 1.000 1.000 1.000
v 85.48013997077942 639.9538879394531 -1.0 1.000 1.000 1.000
v 66.48013997077942 584.9538879394531 -90.0 1.000 1.000 1.000
v 94.48013997077942 602.9538879394531 10.0 1.000 1.000 1.000
v 75.48013997077942 613.9538879394531 -102.0 1.000 1.000 1.000
v 66.48013997077942 584.9538879394531 -90.0 1.000 1.000 1.000
v -87.51986002922058 614.9538879394531 -102.0 1.000 1.000 1.000
v -81.51986002922058 591.9538879394531 -91.0 1.000 1.000 1.000
v -87.51986002922058 614.9538879394531 -102.0 1.000 1.000 1.000
v 85.48013997077942 639.9538879394531 -1.0 1.000 1.000 1.000
v 75.48013997077942 613.9538879394531 -102.0 1.000 1.000 1.000
v 94.48013997077942 666.9538879394531 103.0 1.000 1.000 1.000
v -87.51986002922058 614.9538879394531 -102.0 1.000 1.000 1.000
v -5.519860029220581 694.9538879394531 136.0 1.000 1.000 1.000
v 94.48013997077942 666.9538879394531 103.0 1.000 1.000 1.000
v -95.51986002922058 634.9538879394531 7.0 1.000 1.000 1.000
v -103.51986002922058 666.9538879394531 116.0 1.000 1.000 1.000
v 63.48013997077942 595.9538879394531 -73.0 1.000 1.000 1.000
v 66.48013997077942 584.9538879394531 -90.0 1.000 1.000 1.000
v 69.48013997077942 622.9538879394531 96.0 1.000 1.000 1.000
v 94.48013997077942 602.9538879394531 10.0 1.000 1.000 1.000
v 93.48013997077942 648.9538879394531 118.0 1.000 1.000 1.000
v 69.48013997077942 622.9538879394531 96.0 1.000 1.000 1.000
v 93.48013997077942 648.9538879394531 118.0 1.000 1.000 1.000
v -5.519860029220581 622.9538879394531 122.0 1.000 1.000 1.000
v -5.519860029220581 668.9538879394531 147.0 1.000 1.000 1.000
v -83.51986002922058 622.9538879394531 97.0 1.000 1.000 1.000
v -103.51986002922058 648.9538879394531 121.0 1.000 1.000 1.000
v -83.51986002922058 622.9538879394531 97.0 1.000 1.000 1.000
v -103.51986002922058 648.9538879394531 121.0 1.000 1.000 1.000
v -71.51986002922058 595.9538879394531 -70.0 1.000 1.000 1.000
v -106.51986002922058 608.9538879394531 15.0 1.000 1.000 1.000
v -81.51986002922058 591.9538879394531 -91.0 1.000 1.000 1.000
v -71.51986002922058 595.9538879394531 -70.0 1.000 1.000 1.000
v -81.51986002922058 591.9538879394531 -91.0 1.000 1.000 1.000
v 63.48013997077942 595.9538879394531 -73.0 1.000 1.000 1.000
v 66.48013997077942 584.9538879394531 -90.0 1.000 1.000 1.000
v -5.519860029220581 622.9538879394531 122.0 1.000 1.000 1.000
v -5.519860029220581 591.9538879394531 122.0 1.000 1.000 1.000
v 70.48013997077942 591.9538879394531 95.0 1.000 1.000 1.000
v 69.48013997077942 622.9538879394531 96.0 1.000 1.000 1.000
v -85.51986002922058 591.9538879394531 95.0 1.000 1.000 1.000
v -42.51986002922058 558.9538879394531 141.0 1.000 1.000 1.000
v -71.51986002922058 595.9538879394531 -70.0 1.000 1.000 1.000
v -85.51986002922058 591.9538879394531 95.0 1.000 1.000 1.000
v -83.51986002922058 622.9538879394531 97.0 1.000 1.000 1.000
v -57.51986002922058 560.9538879394531 -68.0 1.000 1.000 1.000
v 63.48013997077942 595.9538879394531 -73.0 1.000 1.000 1.000
v -57.51986002922058 560.9538879394531 -68.0 1.000 1.000 1.000
v -71.51986002922058 595.9538879394531 -70.0 1.000 1.000 1.000
v 47.48013997077942 560.9538879394531 -68.0 1.000 1.000 1.000
v 69.48013997077942 622.9538879394531 96.0 1.000 1.000 1.000
v 70.48013997077942 591.9538879394531 95.0 1.000 1.000 1.000
v 63.48013997077942 595.9538879394531 -73.0 1.000 1.000 1.000
v 47.48013997077942 560.9538879394531 -68.0 1.000 1.000 1.000
v -83.51986002922058 622.9538879394531 97.0 1.000 1.000 1.000
v -85.51986002922058 591.9538879394531 95.0 1.000 1.000 1.000
v -5.519860029220581 591.9538879394531 122.0 1.000 1.000 1.000
v -5.519860029220581 622.9538879394531 122.0 1.000 1.000 1.000
v -5.519860029220581 591.9538879394531 122.0 1.000 1.000 1.000
v -42.51986002922058 558.9538879394531 141.0 1.000 1.000 1.000
v 32.48013997077942 558.9538879394531 141.0 1.000 1.000 1.000
v 70.48013997077942 591.9538879394531 95.0 1.000 1.000 1.000
v -1.519860029220581 566.9538879394531 122.0 1.000 1.000 1.000
v 61.48013997077942 628.9538879394531 88.0 1.000 1.000 1.000
v -2.519860029220581 633.9538879394531 108.0 1.000 1.000 1.000
v -15.519860029220581 566.9538879394531 122.0 1.000 1.000 1.000
v -73.51986002922058 627.9538879394531 88.0 1.000 1.000 1.000
v -18.51986002922058 501.9538879394531 148.0 1.000 1.000 1.000
v -66.51986002922058 560.9538879394531 98.0 1.000 1.000 1.000
v 4.480139970779419 501.9538879394531 148.0 1.000 1.000 1.000
v 21.48013997077942 431.9538879394531 115.0 1.000 1.000 1.000
v -33.51986002922058 428.9538879394531 115.0 1.000 1.000 1.000
v -6.519860029220581 423.9538879394531 115.0 1.000 1.000 1.000
v 52.48013997077942 561.9538879394531 98.0 1.000 1.000 1.000
v -20.51986002922058 549.9538879394531 116.0 1.000 1.000 1.000
v -18.51986002922058 501.9538879394531 148.0 1.000 1.000 1.000
v -15.519860029220581 566.9538879394531 122.0 1.000 1.000 1.000
v -27.51986002922058 493.9538879394531 125.0 1.000 1.000 1.000
v -60.51986002922058 544.9538879394531 92.0 1.000 1.000 1.000
v -33.51986002922058 428.9538879394531 115.0 1.000 1.000 1.000
v 21.48013997077942 431.9538879394531 115.0 1.000 1.000 1.000
v 13.480139970779419 493.9538879394531 125.0 1.000 1.000 1.000
v -1.519860029220581 566.9538879394531 122.0 1.000 1.000 1.000
v 4.480139970779419 549.9538879394531 116.0 1.000 1.000 1.000
v 48.48013997077942 546.9538879394531 92.0 1.000 1.000 1.000
v 52.48013997077942 561.9538879394531 98.0 1.000 1.000 1.000
v 4.480139970779419 501.9538879394531 148.0 1.000 1.000 1.000
v -66.51986002922058 560.9538879394531 98.0 1.000 1.000 1.000
v 21.48013997077942 431.9538879394531 115.0 1.000 1.000 1.000
v 39.48013997077942 459.9538879394531 50.0 1.000 1.000 1.000
v 48.48013997077942 546.9538879394531 92.0 1.000 1.000 1.000
v 47.48013997077942 567.9538879394531 -68.0 1.000 1.000 1.000
v -2.519860029220581 630.9538879394531 -33.0 1.000 1.000 1.000
v 61.48013997077942 628.9538879394531 88.0 1.000 1.000 1.000
v 69.48013997077942 547.9538879394531 10.0 1.000 1.000 1.000
v 52.48013997077942 561.9538879394531 98.0 1.000 1.000 1.000
v 12.480139970779419 429.9538879394531 77.0 1.000 1.000 1.000
v -12.519860029220581 429.9538879394531 78.0 1.000 1.000 1.000
v 47.48013997077942 476.9538879394531 18.0 1.000 1.000 1.000
v 35.48013997077942 467.9538879394531 -45.0 1.000 1.000 1.000
v -6.519860029220581 423.9538879394531 115.0 1.000 1.000 1.000
v -66.51986002922058 560.9538879394531 98.0 1.000 1.000 1.000
v -73.51986002922058 627.9538879394531 88.0 1.000 1.000 1.000
v -80.51986002922058 550.9538879394531 10.0 1.000 1.000 1.000
v -60.51986002922058 544.9538879394531 92.0 1.000 1.000 1.000
v -61.51986002922058 476.9538879394531 18.0 1.000 1.000 1.000
v -50.51986002922058 460.9538879394531 50.0 1.000 1.000 1.000
v -57.51986002922058 567.9538879394531 -68.0 1.000 1.000 1.000
v -80.51986002922058 550.9538879394531 10.0 1.000 1.000 1.000
v -73.51986002922058 627.9538879394531 88.0 1.000 1.000 1.000
v -47.51986002922058 465.9538879394531 -38.0 1.000 1.000 1.000
v -12.519860029220581 429.9538879394531 78.0 1.000 1.000 1.000
v -33.51986002922058 428.9538879394531 115.0 1.000 1.000 1.000
v -6.519860029220581 423.9538879394531 115.0 1.000 1.000 1.000
v -2.519860029220581 630.9538879394531 -33.0 1.000 1.000 1.000
v -66.51986002922058 560.9538879394531 98.0 1.000 1.000 1.000
v 61.48013997077942 628.9538879394531 88.0 1.000 1.000 1.000
v -2.519860029220581 630.9538879394531 -33.0 1.000 1.000 1.000
v -2.519860029220581 633.9538879394531 108.0 1.000 1.000 1.000
v 47.48013997077942 567.9538879394531 -68.0 1.000 1.000 1.000
v -47.51986002922058 465.9538879394531 -38.0 1.000 1.000 1.000
v -57.51986002922058 567.9538879394531 -68.0 1.000 1.000 1.000
v 35.48013997077942 467.9538879394531 -45.0 1.000 1.000 1.000
v -2.519860029220581 630.9538879394531 -33.0 1.000 1.000 1.000
v -73.51986002922058 627.9538879394531 88.0 1.000 1.000 1.000
v -2.519860029220581 633.9538879394531 108.0 1.000 1.000 1.000
v -2.519860029220581 630.9538879394531 -33.0 1.000 1.000 1.000
v -48.51986002922058 476.9538879394531 -54.0 1.000 1.000 1.000
v 31.48013997077942 477.9538879394531 -54.0 1.000 1.000 1.000
v 31.48013997077942 432.9538879394531 115.0 1.000 1.000 1.000
v -48.51986002922058 432.9538879394531 115.0 1.000 1.000 1.000
v 54.48013997077942 578.9538879394531 123.0 1.000 1.000 1.000
v 61.48013997077942 631.9538879394531 -93.0 1.000 1.000 1.000
v 85.48013997077942 676.9538879394531 153.0 1.000 1.000 1.000
v 65.48013997077942 589.9538879394531 -70.0 1.000 1.000 1.000
v -70.51986002922058 578.9538879394531 123.0 1.000 1.000 1.000
v 54.48013997077942 578.9538879394531 123.0 1.000 1.000 1.000
v 85.48013997077942 676.9538879394531 153.0 1.000 1.000 1.000
v -101.51986002922058 678.9538879394531 153.0 1.000 1.000 1.000
v -83.51986002922058 589.9538879394531 -70.0 1.000 1.000 1.000
v 65.48013997077942 589.9538879394531 -70.0 1.000 1.000 1.000
v 54.48013997077942 578.9538879394531 123.0 1.000 1.000 1.000
v -70.51986002922058 578.9538879394531 123.0 1.000 1.000 1.000
v -101.51986002922058 678.9538879394531 153.0 1.000 1.000 1.000
v 85.48013997077942 676.9538879394531 153.0 1.000 1.000 1.000
v 61.48013997077942 631.9538879394531 -93.0 1.000 1.000 1.000
v -94.51986002922058 631.9538879394531 -93.0 1.000 1.000 1.000
v -101.51986002922058 678.9538879394531 153.0 1.000 1.000 1.000
v -94.51986002922058 631.9538879394531 -93.0 1.000 1.000 1.000
v -83.51986002922058 589.9538879394531 -70.0 1.000 1.000 1.000
v -70.51986002922058 578.9538879394531 123.0 1.000 1.000 1.000
v 65.48013997077942 589.9538879394531 -70.0 1.000 1.000 1.000
v -83.51986002922058 589.9538879394531 -70.0 1.000 1.000 1.000
v -94.51986002922058 631.9538879394531 -93.0 1.000 1.000 1.000
v 61.48013997077942 631.9538879394531 -93.0 1.000 1.000 1.000
v -48.51986002922058 432.9538879394531 115.0 1.000 1.000 1.000
v 31.48013997077942 432.9538879394531 115.0 1.000 1.000 1.000
v 55.48013997077942 618.9538879394531 91.0 1.000 1.000 1.000
v -73.51986002922058 618.9538879394531 91.0 1.000 1.000 1.000
v 31.48013997077942 432.9538879394531 115.0 1.000 1.000 1.000
v 31.48013997077942 477.9538879394531 -54.0 1.000 1.000 1.000
v 45.48013997077942 612.9538879394531 -67.0 1.000 1.000 1.000
v 55.48013997077942 618.9538879394531 91.0 1.000 1.000 1.000
v -73.51986002922058 618.9538879394531 91.0 1.000 1.000 1.000
v -63.51986002922058 612.9538879394531 -67.0 1.000 1.000 1.000
v -48.51986002922058 476.9538879394531 -54.0 1.000 1.000 1.000
v -48.51986002922058 432.9538879394531 115.0 1.000 1.000 1.000
v -73.51986002922058 618.9538879394531 91.0 1.000 1.000 1.000
v 55.48013997077942 618.9538879394531 91.0 1.000 1.000 1.000
v 45.48013997077942 612.9538879394531 -67.0 1.000 1.000 1.000
v -63.51986002922058 612.9538879394531 -67.0 1.000 1.000 1.000
v 31.48013997077942 477.9538879394531 -54.0 1.000 1.000 1.000
v -48.51986002922058 476.9538879394531 -54.0 1.000 1.000 1.000
v -63.51986002922058 612.9538879394531 -67.0 1.000 1.000 1.000
v 45.48013997077942 612.9538879394531 -67.0 1.000 1.000 1.000
v -774.6224027872086 345.8479586839676 55.0 1.000 1.000 1.000
v -741.6224027872086 422.8479586839676 -27.0 1.000 1.000 1.000
v -762.6224027872086 352.8479586839676 -44.0 1.000 1.000 1.000
v -756.6224027872086 445.8479586839676 52.0 1.000 1.000 1.000
v -741.6224027872086 422.8479586839676 -27.0 1.000 1.000 1.000
v -649.6224027872086 411.8479586839676 42.0 1.000 1.000 1.000
v -657.6224027872086 398.8479586839676 -27.0 1.000 1.000 1.000
v -756.6224027872086 445.8479586839676 52.0 1.000 1.000 1.000
v -657.6224027872086 398.8479586839676 -27.0 1.000 1.000 1.000
v -762.6224027872086 352.8479586839676 -44.0 1.000 1.000 1.000
v -741.6224027872086 422.8479586839676 -27.0 1.000 1.000 1.000
v -657.6224027872086 364.8479586839676 -23.0 1.000 1.000 1.000
v -649.6224027872086 411.8479586839676 42.0 1.000 1.000 1.000
v -774.6224027872086 345.8479586839676 55.0 1.000 1.000 1.000
v -647.6224027872086 358.8479586839676 38.0 1.000 1.000 1.000
v -756.6224027872086 445.8479586839676 52.0 1.000 1.000 1.000
v -762.6224027872086 352.8479586839676 -44.0 1.000 1.000 1.000
v -647.6224027872086 358.8479586839676 38.0 1.000 1.000 1.000
v -774.6224027872086 345.8479586839676 55.0 1.000 1.000 1.000
v -657.6224027872086 364.8479586839676 -23.0 1.000 1.000 1.000
v -468.267284989357 386.56989669799805 67.0 1.000 1.000 1.000
v -468.267284989357 439.56989669799805 59.0 1.000 1.000 1.000
v -468.267284989357 444.56989669799805 5.0 1.000 1.000 1.000
v -470.267284989357 393.56989669799805 -46.0 1.000 1.000 1.000
v -469.267284989357 337.56989669799805 -10.0 1.000 1.000 1.000
v -469.267284989357 337.56989669799805 -10.0 1.000 1.000 1.000
v -468.267284989357 339.56989669799805 55.0 1.000 1.000 1.000
v -649.6224027872086 411.8479586839676 42.0 1.000 1.000 1.000
v -657.6224027872086 398.8479586839676 -27.0 1.000 1.000 1.000
v -657.6224027872086 364.8479586839676 -23.0 1.000 1.000 1.000
v -647.6224027872086 358.8479586839676 38.0 1.000 1.000 1.000
v -657.6224027872086 364.8479586839676 -23.0 1.000 1.000 1.000
v -396.267284989357 444.56989669799805 6.0 1.000 1.000 1.000
v -397.267284989357 393.56989669799805 -46.0 1.000 1.000 1.000
v -397.267284989357 340.56989669799805 -10.0 1.000 1.000 1.000
v -397.267284989357 340.56989669799805 -10.0 1.000 1.000 1.000
v -396.267284989357 347.56989669799805 64.0 1.000 1.000 1.000
v -395.267284989357 386.56989669799805 70.0 1.000 1.000 1.000
v -396.267284989357 441.56989669799805 62.0 1.000 1.000 1.000
v -468.267284989357 444.56989669799805 5.0 1.000 1.000 1.000
v -470.267284989357 393.56989669799805 -46.0 1.000 1.000 1.000
v -469.267284989357 337.56989669799805 -10.0 1.000 1.000 1.000
v -469.267284989357 337.56989669799805 -10.0 1.000 1.000 1.000
v -468.267284989357 339.56989669799805 55.0 1.000 1.000 1.000
v -468.267284989357 386.56989669799805 67.0 1.000 1.000 1.000
v -468.267284989357 439.56989669799805 59.0 1.000 1.000 1.000
v -393.267284989357 336.56989669799805 85.0 1.000 1.000 1.000
v -395.267284989357 437.56989669799805 89.0 1.000 1.000 1.000
v -670.267284989357 356.56989669799805 42.0 1.000 1.000 1.000
v -669.267284989357 363.56989669799805 -25.0 1.000 1.000 1.000
v -393.267284989357 333.56989669799805 -28.0 1.000 1.000 1.000
v -670.267284989357 420.56989669799805 42.0 1.000 1.000 1.000
v -395.267284989357 449.56989669799805 -49.0 1.000 1.000 1.000
v -671.267284989357 403.56989669799805 -27.0 1.000 1.000 1.000
v -317.948681473732 349.2339668273926 71.0 1.000 1.000 1.000
v -240.948681473732 311.2339668273926 -16.0 1.000 1.000 1.000
v -231.948681473732 334.2339668273926 78.0 1.000 1.000 1.000
v -154.948681473732 388.2339668273926 69.0 1.000 1.000 1.000
v -319.948681473732 384.2339668273926 75.0 1.000 1.000 1.000
v -297.948681473732 406.2339668273926 -41.0 1.000 1.000 1.000
v -95.948681473732 384.2339668273926 11.0 1.000 1.000 1.000
v -140.948681473732 381.2339668273926 -54.0 1.000 1.000 1.000
v -240.948681473732 311.2339668273926 -16.0 1.000 1.000 1.000
v -317.948681473732 326.2339668273926 -10.0 1.000 1.000 1.000
v -291.948681473732 438.2339668273926 67.0 1.000 1.000 1.000
v -317.948681473732 326.2339668273926 -10.0 1.000 1.000 1.000
v -281.948681473732 442.2339668273926 7.0 1.000 1.000 1.000
v -418.35511779785156 236.27806198596954 68.0 1.000 1.000 1.000
v -417.35511779785156 223.27806198596954 -19.0 1.000 1.000 1.000
v -417.35511779785156 223.27806198596954 -19.0 1.000 1.000 1.000
v -423.35511779785156 370.27806198596954 -50.0 1.000 1.000 1.000
v -422.35511779785156 394.27806198596954 5.0 1.000 1.000 1.000
v -423.35511779785156 350.27806198596954 75.0 1.000 1.000 1.000
v -240.948681473732 311.2339668273926 -16.0 1.000 1.000 1.000
v -231.948681473732 334.2339668273926 78.0 1.000 1.000 1.000
v -140.948681473732 381.2339668273926 -54.0 1.000 1.000 1.000
v -240.948681473732 311.2339668273926 -16.0 1.000 1.000 1.000
v -95.948681473732 384.2339668273926 11.0 1.000 1.000 1.000
v -154.948681473732 388.2339668273926 69.0 1.000 1.000 1.000
v -281.948681473732 442.2339668273926 7.0 1.000 1.000 1.000
v -297.948681473732 406.2339668273926 -41.0 1.000 1.000 1.000
v -317.948681473732 326.2339668273926 -10.0 1.000 1.000 1.000
v -317.948681473732 326.2339668273926 -10.0 1.000 1.000 1.000
v -317.948681473732 349.2339668273926 71.0 1.000 1.000 1.000
v -319.948681473732 384.2339668273926 75.0 1.000 1.000 1.000
v -291.948681473732 438.2339668273926 67.0 1.000 1.000 1.000
v -396.267284989357 444.56989669799805 6.0 1.000 1.000 1.000
v -397.267284989357 393.56989669799805 -46.0 1.000 1.000 1.000
v -397.267284989357 340.56989669799805 -10.0 1.000 1.000 1.000
v -397.267284989357 340.56989669799805 -10.0 1.000 1.000 1.000
v -396.267284989357 347.56989669799805 64.0 1.000 1.000 1.000
v -395.267284989357 386.56989669799805 70.0 1.000 1.000 1.000
v -396.267284989357 441.56989669799805 62.0 1.000 1.000 1.000
v -116.948681473732 413.2339668273926 68.0 1.000 1.000 1.000
v -84.948681473732 317.2339668273926 66.0 1.000 1.000 1.000
v -59.948681473731995 313.2339668273926 -45.0 1.000 1.000 1.000
v -112.948681473732 426.2339668273926 -33.0 1.000 1.000 1.000
v -392.948681473732 336.2339668273926 85.0 1.000 1.000 1.000
v -59.948681473731995 313.2339668273926 -45.0 1.000 1.000 1.000
v -84.948681473732 317.2339668273926 66.0 1.000 1.000 1.000
v -395.948681473732 437.2339668273926 89.0 1.000 1.000 1.000
v -394.948681473732 450.2339668273926 -49.0 1.000 1.000 1.000
v -392.948681473732 333.2339668273926 -28.0 1.000 1.000 1.000
v 372.86705017089844 -43.76097999513149 -41.919065952301025 1.000 1.000 1.000
v 347.86705017089844 24.239020004868507 -26.919065952301025 1.000 1.000 1.000
v 382.86705017089844 -48.76097999513149 57.080934047698975 1.000 1.000 1.000
v 360.86705017089844 48.23902000486851 51.080934047698975 1.000 1.000 1.000
v 264.86705017089844 0.23902000486850739 -27.919065952301025 1.000 1.000 1.000
v 254.86705017089844 15.239020004868507 40.080934047698975 1.000 1.000 1.000
v 347.86705017089844 24.239020004868507 -26.919065952301025 1.000 1.000 1.000
v 360.86705017089844 48.23902000486851 51.080934047698975 1.000 1.000 1.000
v 264.86705017089844 0.23902000486850739 -27.919065952301025 1.000 1.000 1.000
v 372.86705017089844 -43.76097999513149 -41.919065952301025 1.000 1.000 1.000
v 264.86705017089844 -32.76097999513149 -23.919065952301025 1.000 1.000 1.000
v 347.86705017089844 24.239020004868507 -26.919065952301025 1.000 1.000 1.000
v 253.86705017089844 -37.76097999513149 38.080934047698975 1.000 1.000 1.000
v 382.86705017089844 -48.76097999513149 57.080934047698975 1.000 1.000 1.000
v 254.86705017089844 15.239020004868507 40.080934047698975 1.000 1.000 1.000
v 360.86705017089844 48.23902000486851 51.080934047698975 1.000 1.000 1.000
v 382.86705017089844 -48.76097999513149 57.080934047698975 1.000 1.000 1.000
v 253.86705017089844 -37.76097999513149 38.080934047698975 1.000 1.000 1.000
v 372.86705017089844 -43.76097999513149 -41.919065952301025 1.000 1.000 1.000
v 264.86705017089844 -32.76097999513149 -23.919065952301025 1.000 1.000 1.000
v 470.7770265340805 420.54376220703125 61.90297508239746 1.000 1.000 1.000
v 469.7770265340805 366.54376220703125 70.90297508239746 1.000 1.000 1.000
v 470.7770265340805 317.54376220703125 58.90297508239746 1.000 1.000 1.000
v 471.7770265340805 322.54376220703125 -5.097024917602539 1.000 1.000 1.000
v 473.7770265340805 371.54376220703125 -42.09702491760254 1.000 1.000 1.000
v 473.7770265340805 371.54376220703125 -42.09702491760254 1.000 1.000 1.000
v 471.7770265340805 423.54376220703125 7.902975082397461 1.000 1.000 1.000
v 254.86705017089844 15.239020004868507 40.080934047698975 1.000 1.000 1.000
v 253.86705017089844 -37.76097999513149 38.080934047698975 1.000 1.000 1.000
v 264.86705017089844 -32.76097999513149 -23.919065952301025 1.000 1.000 1.000
v 264.86705017089844 0.23902000486850739 -27.919065952301025 1.000 1.000 1.000
v 264.86705017089844 0.23902000486850739 -27.919065952301025 1.000 1.000 1.000
v 402.7770265340805 325.54376220703125 -6.097024917602539 1.000 1.000 1.000
v 408.7770265340805 371.54376220703125 -43.09702491760254 1.000 1.000 1.000
v 408.7770265340805 371.54376220703125 -43.09702491760254 1.000 1.000 1.000
v 406.7770265340805 419.54376220703125 6.902975082397461 1.000 1.000 1.000
v 405.7770265340805 417.54376220703125 63.90297508239746 1.000 1.000 1.000
v 404.7770265340805 366.54376220703125 72.90297508239746 1.000 1.000 1.000
v 404.7770265340805 320.54376220703125 67.90297508239746 1.000 1.000 1.000
v 471.7770265340805 322.54376220703125 -5.097024917602539 1.000 1.000 1.000
v 473.7770265340805 371.54376220703125 -42.09702491760254 1.000 1.000 1.000
v 473.7770265340805 371.54376220703125 -42.09702491760254 1.000 1.000 1.000
v 471.7770265340805 423.54376220703125 7.902975082397461 1.000 1.000 1.000
v 470.7770265340805 420.54376220703125 61.90297508239746 1.000 1.000 1.000
v 469.7770265340805 366.54376220703125 70.90297508239746 1.000 1.000 1.000
v 470.7770265340805 317.54376220703125 58.90297508239746 1.000 1.000 1.000
v 672.7770265340805 340.54376220703125 49.90297508239746 1.000 1.000 1.000
v 396.7770265340805 414.54376220703125 90.90297508239746 1.000 1.000 1.000
v 397.7770265340805 313.54376220703125 88.90297508239746 1.000 1.000 1.000
v 399.7770265340805 308.54376220703125 -25.09702491760254 1.000 1.000 1.000
v 672.7770265340805 345.54376220703125 -17.09702491760254 1.000 1.000 1.000
v 398.7770265340805 424.54376220703125 -47.09702491760254 1.000 1.000 1.000
v 670.7770265340805 403.54376220703125 47.90297508239746 1.000 1.000 1.000
v 672.7770265340805 386.54376220703125 -20.09702491760254 1.000 1.000 1.000
v 240.52810990810394 293.9974250793457 80.0 1.000 1.000 1.000
v 251.52810990810394 288.9974250793457 -14.0 1.000 1.000 1.000
v 327.52810990810394 329.9974250793457 73.0 1.000 1.000 1.000
v 328.52810990810394 363.9974250793457 76.0 1.000 1.000 1.000
v 163.52810990810394 368.9974250793457 68.0 1.000 1.000 1.000
v 152.52810990810394 359.9974250793457 -55.0 1.000 1.000 1.000
v 100.52810990810394 372.9974250793457 8.0 1.000 1.000 1.000
v 306.52810990810394 370.9974250793457 -40.0 1.000 1.000 1.000
v 327.52810990810394 329.9974250793457 73.0 1.000 1.000 1.000
v 152.52810990810394 359.9974250793457 -55.0 1.000 1.000 1.000
v 306.52810990810394 370.9974250793457 -40.0 1.000 1.000 1.000
v 328.52810990810394 304.9974250793457 -8.0 1.000 1.000 1.000
v 296.52810990810394 418.9974250793457 67.0 1.000 1.000 1.000
v 289.52810990810394 420.9974250793457 6.0 1.000 1.000 1.000
v -78.35511779785156 234.27806198596954 79.0 1.000 1.000 1.000
v -78.35511779785156 223.27806198596954 -17.0 1.000 1.000 1.000
v -76.35511779785156 367.27806198596954 -49.0 1.000 1.000 1.000
v -76.35511779785156 394.27806198596954 3.0 1.000 1.000 1.000
v -77.35511779785156 348.27806198596954 75.0 1.000 1.000 1.000
v 240.52810990810394 293.9974250793457 80.0 1.000 1.000 1.000
v 251.52810990810394 288.9974250793457 -14.0 1.000 1.000 1.000
v 152.52810990810394 359.9974250793457 -55.0 1.000 1.000 1.000
v 100.52810990810394 372.9974250793457 8.0 1.000 1.000 1.000
v 100.52810990810394 372.9974250793457 8.0 1.000 1.000 1.000
v 163.52810990810394 368.9974250793457 68.0 1.000 1.000 1.000
v 289.52810990810394 420.9974250793457 6.0 1.000 1.000 1.000
v 306.52810990810394 370.9974250793457 -40.0 1.000 1.000 1.000
v 306.52810990810394 370.9974250793457 -40.0 1.000 1.000 1.000
v 328.52810990810394 304.9974250793457 -8.0 1.000 1.000 1.000
v 327.52810990810394 329.9974250793457 73.0 1.000 1.000 1.000
v 328.52810990810394 363.9974250793457 76.0 1.000 1.000 1.000
v 296.52810990810394 418.9974250793457 67.0 1.000 1.000 1.000
v 408.7770265340805 371.54376220703125 -43.09702491760254 1.000 1.000 1.000
v 406.7770265340805 419.54376220703125 6.902975082397461 1.000 1.000 1.000
v 402.7770265340805 325.54376220703125 -6.097024917602539 1.000 1.000 1.000
v 408.7770265340805 371.54376220703125 -43.09702491760254 1.000 1.000 1.000
v 404.7770265340805 320.54376220703125 67.90297508239746 1.000 1.000 1.000
v 404.7770265340805 366.54376220703125 72.90297508239746 1.000 1.000 1.000
v 405.7770265340805 417.54376220703125 63.90297508239746 1.000 1.000 1.000
v 91.52810990810394 281.9974250793457 65.0 1.000 1.000 1.000
v 68.52810990810394 275.9974250793457 -47.0 1.000 1.000 1.000
v 397.52810990810394 312.9974250793457 89.0 1.000 1.000 1.000
v 396.52810990810394 414.9974250793457 91.0 1.000 1.000 1.000
v 123.52810990810394 378.9974250793457 66.0 1.000 1.000 1.000
v 120.52810990810394 389.9974250793457 -35.0 1.000 1.000 1.000
v 398.52810990810394 424.9974250793457 -47.0 1.000 1.000 1.000
v 399.52810990810394 307.9974250793457 -25.0 1.000 1.000 1.000
v 91.52810990810394 281.9974250793457 65.0 1.000 1.000 1.000
v 68.52810990810394 275.9974250793457 -47.0 1.000 1.000 1.000
v -76.35511779785156 394.27806198596954 3.0 1.000 1.000 1.000
v -194.35511779785156 423.27806198596954 -12.0 1.000 1.000 1.000
v -153.35511779785156 373.27806198596954 85.0 1.000 1.000 1.000
v -77.35511779785156 348.27806198596954 75.0 1.000 1.000 1.000
v -258.35511779785156 226.27806198596954 165.0 1.000 1.000 1.000
v -109.35511779785156 229.27806198596954 152.0 1.000 1.000 1.000
v -402.35511779785156 213.27806198596954 153.0 1.000 1.000 1.000
v -400.35511779785156 51.27806198596954 24.0 1.000 1.000 1.000
v -316.35511779785156 60.27806198596954 145.0 1.000 1.000 1.000
v -355.35511779785156 372.27806198596954 85.0 1.000 1.000 1.000
v -254.35511779785156 373.27806198596954 85.0 1.000 1.000 1.000
v -308.35511779785156 425.27806198596954 -15.0 1.000 1.000 1.000
v -422.35511779785156 394.27806198596954 5.0 1.000 1.000 1.000
v -255.35511779785156 59.27806198596954 159.0 1.000 1.000 1.000
v -184.35511779785156 61.27806198596954 145.0 1.000 1.000 1.000
v -78.35511779785156 234.27806198596954 79.0 1.000 1.000 1.000
v -78.35511779785156 223.27806198596954 -17.0 1.000 1.000 1.000
v -78.35511779785156 234.27806198596954 79.0 1.000 1.000 1.000
v -109.35511779785156 229.27806198596954 152.0 1.000 1.000 1.000
v -258.35511779785156 226.27806198596954 165.0 1.000 1.000 1.000
v -402.35511779785156 213.27806198596954 153.0 1.000 1.000 1.000
v -316.35511779785156 60.27806198596954 145.0 1.000 1.000 1.000
v -423.35511779785156 350.27806198596954 75.0 1.000 1.000 1.000
v -418.35511779785156 236.27806198596954 68.0 1.000 1.000 1.000
v -417.35511779785156 223.27806198596954 -19.0 1.000 1.000 1.000
v -400.35511779785156 51.27806198596954 24.0 1.000 1.000 1.000
v -184.35511779785156 61.27806198596954 145.0 1.000 1.000 1.000
v -96.35511779785156 50.27806198596954 24.0 1.000 1.000 1.000
v -355.35511779785156 372.27806198596954 85.0 1.000 1.000 1.000
v -422.35511779785156 394.27806198596954 5.0 1.000 1.000 1.000
v -77.35511779785156 348.27806198596954 75.0 1.000 1.000 1.000
v -153.35511779785156 373.27806198596954 85.0 1.000 1.000 1.000
v -77.35511779785156 348.27806198596954 75.0 1.000 1.000 1.000
v -76.35511779785156 394.27806198596954 3.0 1.000 1.000 1.000
v -153.35511779785156 373.27806198596954 85.0 1.000 1.000 1.000
v -355.35511779785156 372.27806198596954 85.0 1.000 1.000 1.000
v -254.35511779785156 373.27806198596954 85.0 1.000 1.000 1.000
v -308.35511779785156 425.27806198596954 -15.0 1.000 1.000 1.000
v -194.35511779785156 423.27806198596954 -12.0 1.000 1.000 1.000
v -345.35511779785156 254.27806198596954 -102.0 1.000 1.000 1.000
v -305.35511779785156 56.27806198596954 -77.0 1.000 1.000 1.000
v -360.35511779785156 54.27806198596954 -65.0 1.000 1.000 1.000
v -155.35511779785156 254.27806198596954 -103.0 1.000 1.000 1.000
v -326.35511779785156 351.27806198596954 -78.0 1.000 1.000 1.000
v -417.35511779785156 223.27806198596954 -19.0 1.000 1.000 1.000
v -423.35511779785156 370.27806198596954 -50.0 1.000 1.000 1.000
v -254.35511779785156 56.27806198596954 -79.0 1.000 1.000 1.000
v -76.35511779785156 367.27806198596954 -49.0 1.000 1.000 1.000
v -155.35511779785156 254.27806198596954 -103.0 1.000 1.000 1.000
v -175.35511779785156 349.27806198596954 -78.0 1.000 1.000 1.000
v -199.35511779785156 56.27806198596954 -80.0 1.000 1.000 1.000
v -254.35511779785156 56.27806198596954 -79.0 1.000 1.000 1.000
v -326.35511779785156 351.27806198596954 -78.0 1.000 1.000 1.000
v -298.35511779785156 411.27806198596954 -41.0 1.000 1.000 1.000
v -210.35511779785156 410.27806198596954 -45.0 1.000 1.000 1.000
v -308.35511779785156 425.27806198596954 -15.0 1.000 1.000 1.000
v -194.35511779785156 423.27806198596954 -12.0 1.000 1.000 1.000
v -423.35511779785156 370.27806198596954 -50.0 1.000 1.000 1.000
v -149.35511779785156 56.27806198596954 -67.0 1.000 1.000 1.000
v -360.35511779785156 54.27806198596954 -65.0 1.000 1.000 1.000
v -400.35511779785156 51.27806198596954 24.0 1.000 1.000 1.000
v -417.35511779785156 223.27806198596954 -19.0 1.000 1.000 1.000
v -78.35511779785156 223.27806198596954 -17.0 1.000 1.000 1.000
v -149.35511779785156 56.27806198596954 -67.0 1.000 1.000 1.000
v -78.35511779785156 223.27806198596954 -17.0 1.000 1.000 1.000
v -96.35511779785156 50.27806198596954 24.0 1.000 1.000 1.000
v -194.35511779785156 423.27806198596954 -12.0 1.000 1.000 1.000
v -76.35511779785156 367.27806198596954 -49.0 1.000 1.000 1.000
v -175.35511779785156 349.27806198596954 -78.0 1.000 1.000 1.000
v -326.35511779785156 351.27806198596954 -78.0 1.000 1.000 1.000
v -345.35511779785156 254.27806198596954 -102.0 1.000 1.000 1.000
v -423.35511779785156 370.27806198596954 -50.0 1.000 1.000 1.000
v -155.35511779785156 254.27806198596954 -103.0 1.000 1.000 1.000
v -254.35511779785156 56.27806198596954 -79.0 1.000 1.000 1.000
v -423.35511779785156 370.27806198596954 -50.0 1.000 1.000 1.000
v -422.35511779785156 394.27806198596954 5.0 1.000 1.000 1.000
v -308.35511779785156 425.27806198596954 -15.0 1.000 1.000 1.000
v -194.35511779785156 423.27806198596954 -12.0 1.000 1.000 1.000
v -76.35511779785156 394.27806198596954 3.0 1.000 1.000 1.000
v -76.35511779785156 367.27806198596954 -49.0 1.000 1.000 1.000
v 144.0 23.0 25.0 1.000 1.000 1.000
v 65.0 15.0 136.0 1.000 1.000 1.000
v -9.0 10.0 143.0 1.000 1.000 1.000
v -72.0 12.0 133.0 1.000 1.000 1.000
v -139.0 19.0 23.0 1.000 1.000 1.000
v -139.0 19.0 23.0 1.000 1.000 1.000
v -92.0 27.0 -70.0 1.000 1.000 1.000
v -42.0 29.0 -76.0 1.000 1.000 1.000
v -96.35511779785156 50.27806198596954 24.0 1.000 1.000 1.000
v -184.35511779785156 61.27806198596954 145.0 1.000 1.000 1.000
v -255.35511779785156 59.27806198596954 159.0 1.000 1.000 1.000
v -316.35511779785156 60.27806198596954 145.0 1.000 1.000 1.000
v -400.35511779785156 51.27806198596954 24.0 1.000 1.000 1.000
v -400.35511779785156 51.27806198596954 24.0 1.000 1.000 1.000
v -360.35511779785156 54.27806198596954 -65.0 1.000 1.000 1.000
v -305.35511779785156 56.27806198596954 -77.0 1.000 1.000 1.000
v -42.0 29.0 -76.0 1.000 1.000 1.000
v -17.0 28.0 -74.0 1.000 1.000 1.000
v 29.0 29.0 -76.0 1.000 1.000 1.000
v 89.0 29.0 -73.0 1.000 1.000 1.000
v 144.0 23.0 25.0 1.000 1.000 1.000
v -305.35511779785156 56.27806198596954 -77.0 1.000 1.000 1.000
v -254.35511779785156 56.27806198596954 -79.0 1.000 1.000 1.000
v -199.35511779785156 56.27806198596954 -80.0 1.000 1.000 1.000
v -149.35511779785156 56.27806198596954 -67.0 1.000 1.000 1.000
v -96.35511779785156 50.27806198596954 24.0 1.000 1.000 1.000
v -73.35511779785156 363.27806198596954 159.0 1.000 1.000 1.000
v -436.35511779785156 400.27806198596954 -94.0 1.000 1.000 1.000
v -418.35511779785156 360.27806198596954 159.0 1.000 1.000 1.000
v -73.35511779785156 363.27806198596954 159.0 1.000 1.000 1.000
v -373.35511779785156 -20.721938014030457 151.0 1.000 1.000 1.000
v -117.35511779785156 -20.721938014030457 151.0 1.000 1.000 1.000
v -54.35511779785156 403.27806198596954 -92.0 1.000 1.000 1.000
v -383.35511779785156 -25.721938014030457 -52.0 1.000 1.000 1.000
v -373.35511779785156 -20.721938014030457 151.0 1.000 1.000 1.000
v -436.35511779785156 400.27806198596954 -94.0 1.000 1.000 1.000
v -418.35511779785156 360.27806198596954 159.0 1.000 1.000 1.000
v -114.35511779785156 -24.721938014030457 -54.0 1.000 1.000 1.000
v -117.35511779785156 -20.721938014030457 151.0 1.000 1.000 1.000
v -373.35511779785156 -20.721938014030457 151.0 1.000 1.000 1.000
v -54.35511779785156 403.27806198596954 -92.0 1.000 1.000 1.000
v -114.35511779785156 -24.721938014030457 -54.0 1.000 1.000 1.000
v -436.35511779785156 400.27806198596954 -94.0 1.000 1.000 1.000
v -54.35511779785156 403.27806198596954 -92.0 1.000 1.000 1.000
v -383.35511779785156 -25.721938014030457 -52.0 1.000 1.000 1.000
v -114.35511779785156 -24.721938014030457 -54.0 1.000 1.000 1.000
v -54.35511779785156 403.27806198596954 -92.0 1.000 1.000 1.000
v -117.35511779785156 -20.721938014030457 151.0 1.000 1.000 1.000
v -73.35511779785156 363.27806198596954 159.0 1.000 1.000 1.000
v -114.35511779785156 -24.721938014030457 -54.0 1.000 1.000 1.000
v -373.35511779785156 -20.721938014030457 151.0 1.000 1.000 1.000
v 147.0 -33.0 25.0 1.000 1.000 1.000
v 144.0 23.0 25.0 1.000 1.000 1.000
v 58.0 -119.0 136.0 1.000 1.000 1.000
v 65.0 15.0 136.0 1.000 1.000 1.000
v -10.0 -171.0 143.0 1.000 1.000 1.000
v -9.0 10.0 143.0 1.000 1.000 1.000
v -71.0 -122.0 133.0 1.000 1.000 1.000
v -72.0 12.0 133.0 1.000 1.000 1.000
v -143.0 -36.0 23.0 1.000 1.000 1.000
v -139.0 19.0 23.0 1.000 1.000 1.000
v -143.0 -36.0 23.0 1.000 1.000 1.000
v -139.0 19.0 23.0 1.000 1.000 1.000
v -99.0 -106.0 -70.0 1.000 1.000 1.000
v -92.0 27.0 -70.0 1.000 1.000 1.000
v -57.0 -134.0 -76.0 1.000 1.000 1.000
v -42.0 29.0 -76.0 1.000 1.000 1.000
v -57.0 -134.0 -76.0 1.000 1.000 1.000
v -42.0 29.0 -76.0 1.000 1.000 1.000
v -9.0 -152.0 -74.0 1.000 1.000 1.000
v -17.0 28.0 -74.0 1.000 1.000 1.000
v 39.0 -134.0 -76.0 1.000 1.000 1.000
v 29.0 29.0 -76.0 1.000 1.000 1.000
v 83.0 -104.0 -73.0 1.000 1.000 1.000
v 89.0 29.0 -73.0 1.000 1.000 1.000
v 147.0 -33.0 25.0 1.000 1.000 1.000
v 144.0 23.0 25.0 1.000 1.000 1.000
v -122.0 24.0 141.0 1.000 1.000 1.000
v -145.0 -311.0 132.0 1.000 1.000 1.000
v 151.0 -311.0 143.0 1.000 1.000 1.000
v -132.0 19.0 -35.0 1.000 1.000 1.000
v -165.0 -316.0 -80.0 1.000 1.000 1.000
v 182.0 -313.0 -80.0 1.000 1.000 1.000
v 134.0 20.0 -37.0 1.000 1.000 1.000
v 151.0 -311.0 143.0 1.000 1.000 1.000
v 131.0 24.0 141.0 1.000 1.000 1.000
v 131.0 24.0 141.0 1.000 1.000 1.000
v 131.0 24.0 141.0 1.000 1.000 1.000
v 134.0 20.0 -37.0 1.000 1.000 1.000
v -122.0 24.0 141.0 1.000 1.000 1.000
v 182.0 -313.0 -80.0 1.000 1.000 1.000
v 151.0 -311.0 143.0 1.000 1.000 1.000
v -145.0 -311.0 132.0 1.000 1.000 1.000
vt 0.8867 0.8340
vt 0.9922 0.9225
vt 0.5391 0.8346
vt 0.3232 0.9160
vt 0.8027 0.7389
vt 0.4336 0.7324
vt 0.0521 0.9551
vt 0.0716 0.9551
vt 0.9329 0.9688
vt 0.9609 0.9688
vt 0.8900 0.8721
vt 0.3359 0.7598
vt 0.0638 0.7051
vt 0.1029 0.7031
vt 0.3717 0.7568
vt 0.9694 0.8770
vt 0.8496 -0.0286
vt 0.7871 0.6029
vt 0.4521 0.5964
vt 0.3311 -0.0267
vt 0.6035 -0.0306
vt 0.9287 -0.0208
vt 0.2786 0.0029
vt 0.0749 0.0225
vt 0.1139 0.0195
vt 0.3158 0.0029
vt 0.8311 0.8945
vt 0.8711 0.7038
vt 0.7100 0.6999
vt 0.6162 0.9225
vt 0.4932 0.7044
vt 0.3623 0.9199
vt 0.2373 0.6868
vt 0.2432 0.8978
vt 0.3164 0.8867
vt 0.2090 0.7383
vt 0.2402 0.9004
vt 0.8164 0.8607
vt 0.8311 0.6777
vt 0.5332 0.6855
vt 0.5537 0.8704
vt 0.3574 0.6986
vt 0.7295 0.6289
vt 0.7344 0.1576
vt 0.5518 0.6335
vt 0.4863 0.1562
vt 0.6748 0.1536
vt 0.5771 0.6055
vt 0.8945 0.1478
vt 0.7441 0.6003
vt 0.6826 0.0046
vt 0.4248 0.0124
vt 0.4043 0.5553
vt 0.7305 0.4251
vt 0.8203 0.4447
vt 0.2256 0.0143
vt 0.8691 0.0020
vt 0.8936 0.4323
vt 0.2236 0.5625
vt 0.8496 0.5697
vt 0.8691 0.0964
vt 0.7734 0.0990
vt 0.1982 0.5052
vt 0.4404 0.5378
vt 0.5088 0.1146
vt 0.2393 0.1328
vt 0.5352 0.2051
vt 0.5898 0.1803
vt 0.6562 0.1387
vt 0.7666 0.1055
vt 0.7070 0.3678
vt 0.6826 0.5150
vt 0.7070 0.1680
vt 0.4297 0.3926
vt 0.3945 0.3783
vt 0.4893 0.4857
vt 0.4297 0.5052
vt 0.6055 0.4525
vt 0.5938 0.5221
vt 0.4854 0.7923
vt 0.3574 0.9681
vt 0.4854 0.9661
vt 0.2246 0.9694
vt 0.3447 0.7337
vt 0.1787 0.6289
vt 0.0957 0.9720
vt 0.3027 0.4701
vt 0.9043 0.4870
vt 0.3584 0.1953
vt 0.9111 0.1719
vt 0.8281 0.9401
vt 0.7441 0.7012
vt 0.6338 0.9414
vt 0.6504 0.7337
vt 0.8984 0.9401
vt 0.5342 0.9421
vt 0.5469 0.7552
vt 0.8447 0.6191
vt 0.6182 0.9290
vt 0.9600 0.0859
vt 0.7549 0.0905
vt 0.6104 0.0833
vt 0.9355 0.9186
vt 0.5000 0.9186
vt 0.1270 0.9134
vt 0.1855 0.0846
vt 0.5029 0.8275
vt 0.9150 0.9043
vt 0.7656 0.8197
vt 0.3105 0.9121
vt 0.7256 0.7396
vt 0.4492 0.7396
vt 0.8314 0.9590
vt 0.0723 0.9521
vt 0.0534 0.9521
vt 0.8587 0.9590
vt 0.0684 0.7217
vt 0.3743 0.7842
vt 0.7956 0.8711
vt 0.4076 0.7812
vt 0.1042 0.7197
vt 0.8665 0.8750
vt 0.5488 0.6523
vt 0.7520 0.6517
vt 0.8477 0.1335
vt 0.6855 0.1354
vt 0.5234 0.1432
vt 0.9619 0.1380
vt 0.0898 0.0928
vt 0.2708 0.0732
vt 0.1250 0.0898
vt 0.3040 0.0732
vt 0.2695 0.7194
vt 0.2939 0.9043
vt 0.3867 0.9310
vt 0.6318 0.7253
vt 0.3740 0.7194
vt 0.7637 0.9349
vt 0.8613 0.7148
vt 0.8467 0.9154
vt 0.2070 0.7493
vt 0.4229 0.7155
vt 0.3975 0.9121
vt 0.2305 0.9251
vt 0.6309 0.9076
vt 0.6387 0.7096
vt 0.8838 0.7181
vt 0.8623 0.9108
vt 0.7939 0.6497
vt 0.7188 0.1562
vt 0.5156 0.6523
vt 0.7285 0.6224
vt 0.7988 0.1497
vt 1.0449 0.1452
vt 0.5117 0.1523
vt 0.4697 0.6224
vt 0.7188 0.5872
vt 0.6504 0.0625
vt 0.4258 0.0521
vt 0.3232 0.4759
vt 0.4082 0.4603
vt 0.8955 0.0736
vt 0.2578 0.0508
vt 0.2471 0.4733
vt 0.8730 0.5964
vt 0.8555 0.1016
vt 0.9395 0.1035
vt 0.9004 0.6042
vt 0.4404 0.1055
vt 0.5264 0.5514
vt 0.1875 0.5150
vt 0.2100 0.1107
vt 0.4512 0.3600
vt 0.3906 0.5059
vt 0.5410 0.4473
vt 0.4990 0.5124
vt 0.6377 0.4779
vt 0.6934 0.4967
vt 0.7480 0.3828
vt 0.7998 0.3698
vt 0.6982 0.1947
vt 0.7305 0.1992
vt 0.5508 0.1562
vt 0.6064 0.1283
vt 0.5176 0.0977
vt 0.6445 0.7259
vt 0.6045 0.9648
vt 0.7812 0.9629
vt 0.8506 0.6165
vt 0.9297 0.9622
vt 0.9160 0.0911
vt 0.2598 0.4896
vt 0.9072 0.4941
vt 0.3320 0.0306
vt 0.3506 0.7012
vt 0.1953 0.9434
vt 0.4092 0.9421
vt 0.2188 0.6191
vt 0.4434 0.7357
vt 0.1211 0.9453
vt 0.7412 0.1406
vt 0.9619 0.1335
vt 0.5654 0.9505
vt 0.8721 0.9368
vt 0.5850 0.1354
vt 0.1260 0.1419
vt 0.0859 0.9401
vt 0.4492 0.9414
vt 0.4648 0.7637
vt 0.5117 0.4023
vt 0.3252 0.1914
vt 0.8018 0.4854
vt 0.7373 0.1621
vt 0.2168 0.5195
vt 0.1748 0.1533
vt 0.0186 0.5742
vt 0.1377 0.7012
vt 0.9043 0.6045
vt 0.9277 0.1143
vt 0.8145 0.2031
vt 0.8193 0.7266
vt 0.0889 0.0674
vt 0.1322 0.1846
vt 0.7168 0.2002
vt 0.6934 0.1152
vt 0.1797 0.3545
vt 1.2546 0.0459
vt 0.9974 0.1641
vt 0.7396 0.2822
vt 0.0768 0.0830
vt 0.0312 0.2686
vt 0.5052 -0.0332
vt 0.5039 0.0811
vt 0.9375 0.0820
vt 0.9811 0.2666
vt 0.0514 0.0107
vt 0.2884 0.1455
vt 0.5215 0.0342
vt 0.0553 0.2559
vt 0.5234 0.1562
vt 0.9915 0.0566
vt 0.9948 0.2979
vt 0.5247 0.2773
vt 0.1387 0.0898
vt 0.0905 0.2881
vt 0.8613 0.1152
vt 0.9167 0.3311
vt 0.3776 0.4609
vt 0.8861 0.2783
vt 0.8379 0.4336
vt 0.9342 0.1230
vt 0.6608 0.0840
vt 0.3776 0.3027
vt 0.3776 0.1396
vt 0.9115 0.2275
vt 0.1973 0.4619
vt 0.5443 0.2773
vt 0.8646 0.4775
vt 0.5000 0.4795
vt 0.1224 0.4814
vt 1.1647 0.3662
vt 1.3001 0.2100
vt 0.2754 0.2988
vt 0.7891 0.2295
vt 0.1934 0.1992
vt 0.4993 0.6738
vt 0.8574 0.6719
vt 0.1211 0.6758
vt 0.3353 0.8740
vt 0.5104 0.6006
vt 0.9017 0.6807
vt 0.9082 0.5020
vt 0.5078 0.6826
vt 0.5098 0.4883
vt 0.8757 0.7070
vt 0.9128 0.5371
vt 0.5599 0.6689
vt 0.5280 0.4707
vt 0.5130 0.6689
vt 0.9401 0.5713
vt 0.9329 0.6631
vt 0.6589 0.8721
vt 0.5322 0.1978
vt 1.0459 -0.0645
vt 0.5254 -0.0825
vt 0.4150 0.1982
vt -0.0508 -0.0547
vt 0.3916 0.4707
vt 0.0068 0.2256
vt 0.5771 0.4702
vt 0.7119 0.7642
vt 0.2686 0.7764
vt 0.4824 0.8008
vt 0.9727 0.2163
vt 0.3750 0.2715
vt 0.3193 0.5034
vt 0.0518 0.2939
vt 0.6514 0.5024
vt 0.5820 0.2695
vt 0.9346 0.2812
vt 0.5146 0.8096
vt 0.7695 0.6934
vt 0.5879 0.2656
vt 1.2295 0.2124
vt 1.0752 -0.1001
vt 0.5908 -0.1274
vt 0.9160 0.2871
vt 0.5596 0.1899
vt 0.6660 0.8286
vt 0.6621 0.8306
vt 0.8955 0.6235
vt 1.1504 0.6846
vt 0.5166 0.8506
vt 0.4668 0.2041
vt 0.4463 -0.1230
vt 0.0986 0.2573
vt 0.4355 0.2842
vt 0.1064 0.6216
vt 0.2344 0.6948
vt -0.2217 0.1758
vt -0.1299 0.6743
vt 0.3398 0.8472
vt 0.4912 0.8481
vt 0.4893 0.8770
vt -0.0537 -0.1348
vt 1.0039 0.4014
vt 0.8965 -0.0029
vt 0.6729 0.3252
vt 0.2891 0.3018
vt 0.7803 0.7002
vt 0.9365 0.2832
vt 0.2734 0.7080
vt 0.6553 0.0361
vt 0.3770 0.1455
vt 0.7637 0.0944
vt 0.5469 0.1426
vt 0.4668 0.6087
vt 0.6855 0.5592
vt 0.0527 0.7656
vt 0.4863 0.3506
vt 0.1647 0.1143
vt 0.3796 0.6543
vt 0.1165 0.7930
vt 0.7949 0.7764
vt 1.0501 0.0840
vt 0.0430 0.0967
vt 0.5827 0.7090
vt 1.0293 0.7197
vt 1.0000 1.0000
vt 0.6250 0.9912
vt 1.0221 0.0264
vt -0.0319 0.0225
vt 0.1686 0.4600
vt 1.0527 0.4639
vt 0.1009 0.0947
vt 0.4753 0.3779
vt 0.3815 0.6768
vt 0.0241 0.7969
vt 0.5065 0.6748
vt 0.9531 0.6846
vt 1.0091 0.3467
vt 0.5410 0.3389
vt 0.2119 0.7681
vt 0.8184 0.7559
vt 0.9639 -0.0024
vt -0.0078 0.0190
vt 0.5859 0.7339
vt 1.1064 0.6509
vt 1.0684 0.0894
vt 0.5537 -0.0366
vt 0.4199 -0.0459
vt -0.1875 -0.0112
vt -0.1172 0.6001
vt 0.5410 0.7939
vt 1.0000 0.0000
vt -0.1777 -0.0010
vt 0.0000 1.0000
vt -0.3701 0.0059
vt 0.9219 0.4238
vt 0.1250 0.0283
vt 0.0166 0.5166
vt 0.8291 -0.2354
vt 0.0986 0.4287
vt 0.8301 1.1348
vt 0.2324 1.2061
vt 0.7441 0.1484
vt 0.5771 0.9326
vt 0.7881 0.0713
vt 0.1006 0.5566
vt 0.9355 0.7568
vt 0.0703 0.1074
vt 0.9990 0.9658
vt 0.4883 0.0693
vt 0.1494 0.8965
vt 0.9160 0.1455
vt 0.2529 1.0332
vt 0.0332 0.0410
vt 0.7910 0.9766
vt 0.6045 -0.2493
vt 0.5293 0.0970
vt 0.6348 0.0924
vt 0.9053 -0.2656
vt 0.7383 0.0918
vt 1.0908 -0.2617
vt 0.9355 0.0931
vt 1.2080 0.0977
vt 0.4219 -0.2422
vt 0.2080 0.0977
vt 0.4121 0.0990
vt 0.0908 -0.2617
vt 0.7383 0.2292
vt 0.9287 0.2305
vt 1.2002 0.2350
vt 0.2002 0.2350
vt 0.4443 0.2357
vt 0.5332 0.2344
vt 0.6348 0.2298
vt 0.5762 0.2793
vt 0.0430 0.2617
vt 0.5537 -0.2324
vt 0.5186 -0.2331
vt 0.5908 0.2799
vt 0.2188 -0.2415
vt -0.0234 0.2604
vt 0.3057 -0.2402
vt 0.4590 0.3835
vt 0.1846 0.5319
vt 0.4395 0.5495
vt 0.5547 0.6921
vt 0.5322 0.3789
vt 0.8818 0.4186
vt 0.7061 0.8034
vt 0.9463 0.7188
vt 1.1846 0.5319
vt 1.2021 0.3841
vt 0.6289 0.4284
vt 0.2021 0.3841
vt 0.7363 0.4473
vt 0.4111 0.5534
vt 0.1855 0.5299
vt 1.1855 0.5299
vt 1.0918 0.8079
vt 0.2725 0.8535
vt 0.4336 0.7695
vt 0.0820 0.7773
vt 0.5830 0.8483
vt 0.5957 0.8952
vt 0.0117 0.7832
vt 0.9111 0.4668
vt 0.8066 -0.0059
vt 0.0215 0.5488
vt 0.1172 -0.1426
vt 0.1592 1.0322
vt 0.6895 1.0820
vt 0.1025 0.3389
vt 0.6914 0.2158
vt 0.3818 0.9990
vt 0.8232 0.0898
vt 0.7490 0.8701
vt 0.0977 0.5059
vt 0.7715 0.1055
vt 0.9961 0.9541
vt 0.2861 0.1826
vt 0.0830 0.9482
vt 0.0596 0.0020
vt 0.2129 1.0684
vt 0.9834 0.1699
vt 0.7852 1.0469
vt 0.3838 0.1003
vt 0.5020 0.1055
vt 0.4258 -0.2513
vt 0.6191 0.1068
vt 0.7852 0.1055
vt 0.6094 -0.2454
vt 1.0215 0.1009
vt 0.8662 -0.2643
vt 0.0439 -0.2669
vt 0.0215 0.1009
vt 0.2646 0.1003
vt 1.0439 -0.2669
vt 0.7891 0.2350
vt 1.0283 0.2233
vt 0.0283 0.2233
vt 0.2656 0.2227
vt 0.3896 0.2233
vt 0.4980 0.2279
vt 0.5986 0.2292
vt 0.6445 -0.2272
vt 0.1602 0.2943
vt 0.6943 0.2715
vt 0.7090 0.2708
vt 0.6094 -0.2253
vt 0.0938 0.2982
vt 0.3096 -0.2116
vt 0.3965 -0.2161
vt 0.5830 0.5391
vt 0.7988 0.5215
vt 0.5684 0.3750
vt 0.4971 0.3704
vt 0.4746 0.6803
vt 0.0146 0.7064
vt 0.2998 0.7995
vt 0.0400 0.4154
vt 1.0146 0.7064
vt 1.0400 0.4154
vt 0.7842 0.3757
vt 0.3877 0.4271
vt 0.2676 0.4427
vt 0.5908 0.5436
vt 0.7998 0.5241
vt 0.8818 0.7943
vt 1.2998 0.7995
vt 0.7383 0.8457
vt 0.5869 0.7585
vt 0.7471 0.8307
vt 0.7588 0.8763
vt 0.2490 0.7923
vt 0.1787 0.8027
vt 0.9561 0.0332
vt 0.6797 0.0000
vt 0.7305 0.0618
vt 0.9541 0.0905
vt 0.4883 0.2474
vt 0.8311 0.2389
vt 0.1152 0.2676
vt 0.1572 0.4681
vt 0.3506 0.4538
vt 0.2607 0.0684
vt 0.4961 0.0651
vt 0.3291 0.0026
vt 0.0645 0.0443
vt 0.4941 0.4544
vt 0.6582 0.4492
vt 0.9521 0.2318
vt 0.9512 0.2448
vt 0.0605 0.0990
vt 0.0732 0.2396
vt 0.0762 0.2552
vt 0.8623 0.4609
vt 0.7744 0.2305
vt 0.6719 0.4629
vt 0.7900 0.4635
vt 0.3633 0.2337
vt 0.7412 0.1185
vt 0.9668 0.2656
vt 0.9932 0.0951
vt 0.5605 0.4635
vt 0.1602 0.1042
vt 0.4150 0.1230
vt 0.4424 0.4642
vt 0.6865 0.0488
vt 0.4971 0.0514
vt 0.7490 0.0326
vt 0.4219 0.0365
vt 0.3330 0.4648
vt 0.8760 0.4674
vt 0.1514 0.2715
vt 0.2197 0.4727
vt -4.3750 0.0625
vt -4.2812 0.9062
vt -2.4062 0.7500
vt -0.3438 0.6562
vt 1.9062 0.5312
vt 1.8750 -0.3125
vt 0.8438 0.5482
vt 0.6602 0.5599
vt 0.4893 0.5684
vt 0.3438 0.5677
vt 0.1875 0.5599
vt 0.8418 0.5540
vt 0.7412 0.5456
vt 0.6328 0.5449
vt 0.5781 0.5456
vt 0.4795 0.5456
vt 0.3506 0.5469
vt 0.2295 0.5547
vt 0.9209 0.0781
vt 0.0742 0.0332
vt 0.1172 0.0827
vt 0.2168 0.5430
vt 0.8125 0.5430
vt 0.9658 0.0299
vt 0.1934 0.5495
vt 0.8193 0.5482
vt 0.2227 0.5417
vt 0.1650 0.9473
vt 0.8555 0.9466
vt 0.1992 0.5475
vt 0.0850 0.9479
vt 0.9268 0.9492
vt 0.8193 0.5462
vt 0.8125 0.5410
vn -0.577 -0.577 -0.577
vn 0.577 0.577 0.577
vn -0.577 -0.577 -0.577
vn 0.577 0.577 0.577
vn -0.577 -0.577 -0.577
vn -0.577 -0.577 -0.577
vn 0.577 0.577 0.577
vn 0.577 0.577 0.577
vn 0.577 0.577 0.577
vn 0.577 0.577 0.577
vn -0.577 -0.577 -0.577
vn -0.577 -0.577 -0.577
vn -0.577 -0.577 -0.577
vn 0.577 0.577 0.577
vn -0.577 -0.577 -0.577
vn -0.577 -0.577 -0.577
vn -0.577 -0.577 -0.577
vn 0.577 0.577 0.577
vn -0.577 -0.577 -0.577
vn -0.577 -0.577 -0.577
vn -0.577 -0.577 -0.577
vn -0.577 -0.577 -0.577
vn -0.577 -0.577 -0.577
vn 0.577 0.577 0.577
vn -0.577 -0.577 -0.577
vn -0.577 -0.577 -0.577
vn -0.577 -0.577 -0.577
vn -0.577 -0.577 -0.577
vn 0.577 0.577 0.577
vn -0.577 -0.577 -0.577
vn -0.577 -0.577 -0.577
vn -0.577 -0.577 -0.577
vn -0.577 -0.577 -0.577
vn 0.577 0.577 0.577
vn -0.577 -0.577 -0.577
vn 0.577 0.577 0.577
vn -0.577 -0.577 -0.577
vn -0.577 -0.577 -0.577
vn -0.577 -0.577 -0.577
vn -0.577 -0.577 -0.577
vn -0.577 -0.577 -0.577
vn 0.577 0.577 0.577
vn -0.577 -0.577 -0.577
vn -0.577 -0.577 -0.577
vn 0.577 0.577 0.577
vn -0.577 -0.577 -0.577
vn -0.577 -0.577 -0.577
vn -0.577 -0.577 -0.577
vn -0.577 -0.577 -0.577
vn 0.577 0.577 0.577
vn 0.577 0.577 0.577
vn -0.577 -0.577 -0.577
vn -0.577 -0.577 -0.577
vn -0.577 -0.577 -0.577
vn -0.577 -0.577 -0.577
vn -0.577 -0.577 -0.577
vn 0.577 0.577 0.577
vn 0.577 0.577 0.577
vn -0.577 -0.577 -0.577
vn 0.577 0.577 0.577
vn -0.577 -0.577 -0.577
vn 0.577 0.577 0.577
vn 0.577 0.577 0.577
vn -0.577 -0.577 -0.577
vn 0.577 0.577 0.577
vn 0.577 0.577 0.577
vn 0.577 0.577 0.577
vn 0.577 0.577 0.577
vn -0.577 -0.577 -0.577
vn -0.577 -0.577 -0.577
vn 0.577 0.577 0.577
vn 0.577 0.577 0.577
vn 0.577 0.577 0.577
vn 0.577 0.577 0.577
vn -0.577 -0.577 -0.577
vn -0.577 -0.577 -0.577
vn 0.577 0.577 0.577
vn 0.577 0.577 0.577
vn 0.577 0.577 0.577
vn 0.577 0.577 0.577
vn 0.577 0.577 0.577
vn 0.577 0.577 0.577
vn 0.577 0.577 0.577
vn 0.577 0.577 0.577
vn 0.577 0.577 0.577
vn -0.577 -0.577 -0.577
vn -0.577 -0.577 -0.577
vn 0.577 0.577 0.577
vn -0.577 -0.577 -0.577
vn -0.577 -0.577 -0.577
vn -0.577 -0.577 -0.577
vn -0.577 -0.577 -0.577
vn -0.577 -0.577 -0.577
vn -0.577 -0.577 -0.577
vn 0.577 0.577 0.577
vn 0.577 0.577 0.577
vn -0.577 -0.577 -0.577
vn 0.577 0.577 0.577
vn 0.577 0.577 0.577
vn 0.577 0.577 0.577
vn 0.577 0.577 0.577
vn -0.577 -0.577 -0.577
vn -0.577 -0.577 -0.577
vn -0.577 -0.577 -0.577
vn 0.577 0.577 0.577
vn 0.577 0.577 0.577
vn 0.577 0.577 0.577
vn 0.577 0.577 0.577
vn -0.577 -0.577 -0.577
vn 0.577 0.577 0.577
vn -0.577 -0.577 -0.577
vn 0.577 0.577 0.577
vn -0.577 -0.577 -0.577
vn 0.577 0.577 0.577
vn -0.577 -0.577 -0.577
vn -0.577 -0.577 -0.577
vn -0.577 -0.577 -0.577
vn -0.577 -0.577 -0.577
vn -0.577 -0.577 -0.577
vn 0.577 0.577 0.577
vn 0.577 0.577 0.577
vn -0.577 -0.577 -0.577
vn -0.577 -0.577 -0.577
vn -0.577 -0.577 -0.577
vn -0.577 -0.577 -0.577
vn -0.577 -0.577 -0.577
vn -0.577 -0.577 -0.577
vn -0.577 -0.577 -0.577
vn -0.577 -0.577 -0.577
vn 0.577 0.577 0.577
vn 0.577 0.577 0.577
vn 0.577 0.577 0.577
vn -0.577 -0.577 -0.577
vn -0.577 -0.577 -0.577
vn -0.577 -0.577 -0.577
vn -0.577 -0.577 -0.577
vn -0.577 -0.577 -0.577
vn -0.577 -0.577 -0.577
vn -0.577 -0.577 -0.577
vn 0.577 0.577 0.577
vn -0.577 -0.577 -0.577
vn 0.577 0.577 0.577
vn -0.577 -0.577 -0.577
vn -0.577 -0.577 -0.577
vn 0.577 0.577 0.577
vn 0.577 0.577 0.577
vn 0.577 0.577 0.577
vn 0.577 0.577 0.577
vn -0.577 -0.577 -0.577
vn -0.577 -0.577 -0.577
vn -0.577 -0.577 -0.577
vn -0.577 -0.577 -0.577
vn 0.577 0.577 0.577
vn -0.577 -0.577 -0.577
vn -0.577 -0.577 -0.577
vn -0.577 -0.577 -0.577
vn 0.577 0.577 0.577
vn -0.577 -0.577 -0.577
vn -0.577 -0.577 -0.577
vn -0.577 -0.577 -0.577
vn -0.577 -0.577 -0.577
vn 0.577 0.577 0.577
vn -0.577 -0.577 -0.577
vn -0.577 -0.577 -0.577
vn -0.577 -0.577 -0.577
vn 0.577 0.577 0.577
vn -0.577 -0.577 -0.577
vn -0.577 -0.577 -0.577
vn -0.577 -0.577 -0.577
vn -0.577 -0.577 -0.577
vn -0.577 -0.577 -0.577
vn 0.577 0.577 0.577
vn -0.577 -0.577 -0.577
vn -0.577 -0.577 -0.577
vn -0.577 -0.577 -0.577
vn 0.577 0.577 0.577
vn -0.577 -0.577 -0.577
vn -0.577 -0.577 -0.577
vn -0.577 -0.577 -0.577
vn 0.577 0.577 0.577
vn -0.577 -0.577 -0.577
vn -0.577 -0.577 -0.577
vn -0.577 -0.577 -0.577
vn 0.577 0.577 0.577
vn -0.577 -0.577 -0.577
vn -0.577 -0.577 -0.577
vn -0.577 -0.577 -0.577
vn -0.577 -0.577 -0.577
vn 0.577 0.577 0.577
vn 0.577 0.577 0.577
vn -0.577 -0.577 -0.577
vn -0.577 -0.577 -0.577
vn -0.577 -0.577 -0.577
vn -0.577 -0.577 -0.577
vn -0.577 -0.577 -0.577
vn 0.577 0.577 0.577
vn 0.577 0.577 0.577
vn -0.577 -0.577 -0.577
vn 0.577 0.577 0.577
vn 0.577 0.577 0.577
vn 0.577 0.577 0.577
vn -0.577 -0.577 -0.577
vn 0.577 0.577 0.577
vn 0.577 0.577 0.577
vn 0.577 0.577 0.577
vn 0.577 0.577 0.577
vn 0.577 0.577 0.577
vn -0.577 -0.577 -0.577
vn -0.577 -0.577 -0.577
vn 0.577 0.577 0.577
vn 0.577 0.577 0.577
vn 0.577 0.577 0.577
vn 0.577 0.577 0.577
vn 0.577 0.577 0.577
vn 0.577 0.577 0.577
vn 0.577 0.577 0.577
vn 0.577 0.577 0.577
vn 0.577 0.577 0.577
vn 0.577 0.577 0.577
vn 0.577 0.577 0.577
vn 0.577 0.577 0.577
vn -0.577 -0.577 -0.577
vn -0.577 -0.577 -0.577
vn -0.577 -0.577 -0.577
vn 0.577 0.577 0.577
vn -0.577 -0.577 -0.577
vn -0.577 -0.577 -0.577
vn -0.577 -0.577 -0.577
vn -0.577 -0.577 -0.577
vn 0.577 0.577 0.577
vn -0.577 -0.577 -0.577
vn 0.577 0.577 0.577
vn -0.577 -0.577 -0.577
vn 0.577 0.577 0.577
vn 0.577 0.577 0.577
vn -0.577 -0.577 -0.577
vn 0.577 0.577 0.577
vn 0.577 0.577 0.577
vn -0.577 -0.577 -0.577
vn -0.577 -0.577 -0.577
vn 0.577 0.577 0.577
vn -0.577 -0.577 -0.577
vn 0.577 0.577 0.577
vn 0.577 0.577 0.577
vn 0.577 0.577 0.577
vn 0.577 0.577 0.577
vn -0.577 -0.577 -0.577
vn 0.577 0.577 0.577
vn -0.577 -0.577 -0.577
vn 0.577 0.577 0.577
vn -0.577 -0.577 -0.577
vn 0.577 0.577 0.577
vn -0.577 -0.577 -0.577
vn -0.577 -0.577 -0.577
vn -0.577 -0.577 -0.577
vn -0.577 -0.577 -0.577
vn -0.577 -0.577 -0.577
vn 0.577 0.577 0.577
vn -0.577 -0.577 -0.577
vn 0.577 0.577 0.577
vn -0.577 -0.577 -0.577
vn -0.577 -0.577 -0.577
vn -0.577 -0.577 -0.577
vn -0.577 -0.577 -0.577
vn -0.577 -0.577 -0.577
vn -0.577 -0.577 -0.577
vn -0.577 -0.577 -0.577
vn 0.577 0.577 0.577
vn 0.577 0.577 0.577
vn 0.577 0.577 0.577
vn -0.577 -0.577 -0.577
vn -0.577 -0.577 -0.577
vn -0.577 -0.577 -0.577
vn -0.577 -0.577 -0.577
vn -0.577 -0.577 -0.577
vn -0.577 -0.577 -0.577
vn -0.577 -0.577 -0.577
vn -0.577 -0.577 -0.577
vn -0.577 -0.577 -0.577
vn -0.577 -0.577 -0.577
vn -0.577 -0.577 -0.577
vn -0.577 -0.577 -0.577
vn -0.577 -0.577 -0.577
vn -0.577 -0.577 -0.577
vn -0.577 -0.577 -0.577
vn -0.577 -0.577 -0.577
vn -0.577 -0.577 -0.577
vn -0.577 -0.577 -0.577
vn -0.577 -0.577 -0.577
vn -0.577 -0.577 -0.577
vn -0.577 -0.577 -0.577
vn -0.577 -0.577 -0.577
vn -0.577 -0.577 -0.577
vn -0.577 -0.577 -0.577
vn -0.577 -0.577 -0.577
vn -0.577 -0.577 -0.577
vn -0.577 -0.577 -0.577
vn -0.577 -0.577 -0.577
vn -0.577 -0.577 -0.577
vn -0.577 -0.577 -0.577
vn -0.577 -0.577 -0.577
vn -0.577 -0.577 -0.577
vn -0.577 -0.577 -0.577
vn -0.577 -0.577 -0.577
vn -0.577 -0.577 -0.577
vn -0.577 -0.577 -0.577
vn -0.577 -0.577 -0.577
vn -0.577 -0.577 -0.577
vn -0.577 -0.577 -0.577
vn -0.577 -0.577 -0.577
vn -0.577 -0.577 -0.577
vn -0.577 -0.577 -0.577
vn -0.577 -0.577 -0.577
vn -0.577 -0.577 -0.577
vn -0.577 -0.577 -0.577
vn -0.577 -0.577 -0.577
vn -0.577 -0.577 -0.577
vn -0.577 -0.577 -0.577
vn -0.577 -0.577 -0.577
vn -0.577 -0.577 -0.577
vn -0.577 -0.577 -0.577
vn -0.577 -0.577 -0.577
vn -0.577 -0.577 -0.577
vn -0.577 -0.577 -0.577
vn -0.577 -0.577 -0.577
vn -0.577 -0.577 -0.577
vn -0.577 -0.577 -0.577
vn -0.577 -0.577 -0.577
vn -0.577 -0.577 -0.577
vn -0.577 -0.577 -0.577
vn -0.577 -0.577 -0.577
vn -0.577 -0.577 -0.577
vn -0.577 -0.577 -0.577
vn -0.577 -0.577 -0.577
vn -0.577 -0.577 -0.577
vn -0.577 -0.577 -0.577
vn -0.577 -0.577 -0.577
vn -0.577 -0.577 -0.577
vn -0.577 -0.577 -0.577
vn -0.577 -0.577 -0.577
vn -0.577 -0.577 -0.577
vn -0.577 -0.577 -0.577
vn -0.577 -0.577 -0.577
vn -0.577 -0.577 -0.577
vn -0.577 -0.577 -0.577
vn -0.577 -0.577 -0.577
vn -0.577 -0.577 -0.577
vn -0.577 -0.577 -0.577
vn -0.577 -0.577 -0.577
vn -0.577 -0.577 -0.577
vn -0.577 -0.577 -0.577
vn -0.577 -0.577 -0.577
vn -0.577 -0.577 -0.577
vn -0.577 -0.577 -0.577
vn -0.577 -0.577 -0.577
vn -0.577 -0.577 -0.577
vn -0.577 -0.577 -0.577
vn -0.577 -0.577 -0.577
vn -0.577 -0.577 -0.577
vn -0.577 -0.577 -0.577
vn -0.577 -0.577 -0.577
vn -0.577 -0.577 -0.577
vn -0.577 -0.577 -0.577
vn -0.577 -0.577 -0.577
vn -0.577 -0.577 -0.577
vn -0.577 -0.577 -0.577
vn -0.577 -0.577 -0.577
vn -0.577 -0.577 -0.577
vn -0.577 -0.577 -0.577
vn -0.577 -0.577 -0.577
vn -0.577 -0.577 -0.577
vn -0.577 -0.577 -0.577
vn -0.577 -0.577 -0.577
vn -0.577 -0.577 -0.577
vn -0.577 -0.577 -0.577
vn -0.577 -0.577 -0.577
vn -0.577 -0.577 -0.577
vn -0.577 -0.577 -0.577
vn -0.577 -0.577 -0.577
vn -0.577 -0.577 -0.577
vn -0.577 -0.577 -0.577
vn -0.577 -0.577 -0.577
vn -0.577 -0.577 -0.577
vn -0.577 -0.577 -0.577
vn -0.577 -0.577 -0.577
vn -0.577 -0.577 -0.577
vn -0.577 -0.577 -0.577
vn -0.577 -0.577 -0.577
vn -0.577 -0.577 -0.577
vn -0.577 -0.577 -0.577
vn -0.577 -0.577 -0.577
vn -0.577 -0.577 -0.577
vn -0.577 -0.577 -0.577
vn -0.577 -0.577 -0.577
vn -0.577 -0.577 -0.577
vn -0.577 -0.577 -0.577
vn -0.577 -0.577 -0.577
vn -0.577 -0.577 -0.577
vn -0.577 -0.577 -0.577
vn -0.577 -0.577 -0.577
vn -0.577 -0.577 -0.577
vn -0.577 -0.577 -0.577
vn -0.577 -0.577 -0.577
vn -0.577 -0.577 -0.577
vn -0.577 -0.577 -0.577
vn -0.577 -0.577 -0.577
vn -0.577 -0.577 -0.577
vn -0.577 -0.577 -0.577
vn -0.577 -0.577 -0.577
vn -0.577 -0.577 -0.577
vn -0.577 -0.577 -0.577
vn -0.577 -0.577 -0.577
vn -0.577 -0.577 -0.577
vn -0.577 -0.577 -0.577
vn -0.577 -0.577 -0.577
vn -0.577 -0.577 -0.577
vn -0.577 -0.577 -0.577
vn -0.577 -0.577 -0.577
vn -0.577 -0.577 -0.577
vn -0.577 -0.577 -0.577
vn -0.577 -0.577 -0.577
vn -0.577 -0.577 -0.577
vn -0.577 -0.577 -0.577
vn -0.577 -0.577 -0.577
vn -0.577 -0.577 -0.577
vn -0.577 -0.577 -0.577
vn -0.577 -0.577 -0.577
vn -0.577 -0.577 -0.577
vn -0.577 -0.577 -0.577
vn -0.577 -0.577 -0.577
vn -0.577 -0.577 -0.577
vn -0.577 -0.577 -0.577
vn -0.577 -0.577 -0.577
vn -0.577 -0.577 -0.577
vn -0.577 -0.577 -0.577
vn -0.577 -0.577 -0.577
vn -0.577 -0.577 -0.577
vn -0.577 -0.577 -0.577
vn -0.577 -0.577 -0.577
vn -0.577 -0.577 -0.577
vn -0.577 -0.577 -0.577
vn -0.577 -0.577 -0.577
vn -0.577 -0.577 -0.577
vn -0.577 -0.577 -0.577
vn -0.577 -0.577 -0.577
vn -0.577 -0.577 -0.577
vn -0.577 -0.577 -0.577
vn -0.577 -0.577 -0.577
vn -0.577 -0.577 -0.577
vn -0.577 -0.577 -0.577
vn -0.577 -0.577 -0.577
vn -0.577 -0.577 -0.577
vn -0.577 -0.577 -0.577
vn -0.577 -0.577 -0.577
vn -0.577 -0.577 -0.577
vn -0.577 -0.577 -0.577
vn -0.577 -0.577 -0.577
vn -0.577 -0.577 -0.577
vn -0.577 -0.577 -0.577
vn -0.577 -0.577 -0.577
vn -0.577 -0.577 -0.577
vn -0.577 -0.577 -0.577
vn -0.577 -0.577 -0.577
vn -0.577 -0.577 -0.577
vn -0.577 -0.577 -0.577
vn -0.577 -0.577 -0.577
vn -0.577 -0.577 -0.577
vn -0.577 -0.577 -0.577
vn -0.577 -0.577 -0.577
vn -0.577 -0.577 -0.577
vn -0.577 -0.577 -0.577
vn -0.577 -0.577 -0.577
vn -0.577 -0.577 -0.577
vn -0.577 -0.577 -0.577
vn -0.577 -0.577 -0.577
vn -0.577 -0.577 -0.577
vn -0.577 -0.577 -0.577
vn -0.577 -0.577 -0.577
vn -0.577 -0.577 -0.577
vn -0.577 -0.577 -0.577
vn -0.577 -0.577 -0.577
vn -0.577 -0.577 -0.577
vn -0.577 -0.577 -0.577
vn -0.577 -0.577 -0.577
vn -0.577 -0.577 -0.577
vn -0.577 -0.577 -0.577
vn -0.577 -0.577 -0.577
vn -0.577 -0.577 -0.577
vn -0.577 -0.577 -0.577
vn -0.577 -0.577 -0.577
vn -0.577 -0.577 -0.577
vn -0.577 -0.577 -0.577
vn -0.577 -0.577 -0.577
vn -0.577 -0.577 -0.577
vn -0.577 -0.577 -0.577
vn -0.577 -0.577 -0.577
vn -0.577 -0.577 -0.577
vn -0.577 -0.577 -0.577
vn -0.577 -0.577 -0.577
vn -0.577 -0.577 -0.577
vn -0.577 -0.577 -0.577
vn -0.577 -0.577 -0.577
vn -0.577 -0.577 -0.577
vn -0.577 -0.577 -0.577
vn -0.577 -0.577 -0.577
vn -0.577 -0.577 -0.577
vn -0.577 -0.577 -0.577
vn -0.577 -0.577 -0.577
vn -0.577 -0.577 -0.577
vn -0.577 -0.577 -0.577
vn 0.577 0.577 0.577
vn 0.577 0.577 0.577
vn 0.577 0.577 0.577
vn -0.577 -0.577 -0.577
vn -0.577 -0.577 -0.577
vn -0.577 -0.577 -0.577
vn -0.577 -0.577 -0.577
vn -0.577 -0.577 -0.577
vn -0.577 -0.577 -0.577
vn -0.577 -0.577 -0.577
vn 0.577 0.577 0.577
vn 0.577 0.577 0.577
vn 0.577 0.577 0.577
vn -0.577 -0.577 -0.577
vn -0.577 -0.577 -0.577
vn -0.577 -0.577 -0.577
vn -0.577 -0.577 -0.577
vn 0.577 0.577 0.577
vn 0.577 0.577 0.577
vn 0.577 0.577 0.577
vn -0.577 -0.577 -0.577
vn -0.577 -0.577 -0.577
vn -0.577 -0.577 -0.577
vn -0.577 -0.577 -0.577
vn 0.577 0.577 0.577
vn 0.577 0.577 0.577
vn -0.577 -0.577 -0.577
vn 0.577 0.577 0.577
vn -0.577 -0.577 -0.577
vn 0.577 0.577 0.577
vn -0.577 -0.577 -0.577
vn 0.577 0.577 0.577
vn 0.577 0.577 0.577
vn -0.577 -0.577 -0.577
vn -0.577 -0.577 -0.577
vn -0.577 -0.577 -0.577
vn -0.577 -0.577 -0.577
vn -0.577 -0.577 -0.577
vn 0.577 0.577 0.577
vn 0.577 0.577 0.577
vn -0.577 -0.577 -0.577
vn 0.577 0.577 0.577
vn -0.577 -0.577 -0.577
vn 0.577 0.577 0.577
vn 0.577 0.577 0.577
vn 0.577 0.577 0.577
vn -0.577 -0.577 -0.577
vn -0.577 -0.577 -0.577
vn -0.577 -0.577 -0.577
vn 0.577 0.577 0.577
vn 0.577 0.577 0.577
vn -0.577 -0.577 -0.577
vn 0.577 0.577 0.577
vn -0.577 -0.577 -0.577
vn -0.577 -0.577 -0.577
vn -0.577 -0.577 -0.577
vn -0.577 -0.577 -0.577
vn 0.577 0.577 0.577
vn 0.577 0.577 0.577
vn -0.577 -0.577 -0.577
vn -0.577 -0.577 -0.577
vn -0.577 -0.577 -0.577
vn -0.577 -0.577 -0.577
vn -0.577 -0.577 -0.577
vn 0.577 0.577 0.577
vn 0.577 0.577 0.577
vn 0.577 0.577 0.577
vn -0.577 -0.577 -0.577
vn -0.577 -0.577 -0.577
vn -0.577 -0.577 -0.577
vn -0.577 -0.577 -0.577
vn -0.577 -0.577 -0.577
vn -0.577 -0.577 -0.577
vn -0.577 -0.577 -0.577
vn -0.577 -0.577 -0.577
vn -0.577 -0.577 -0.577
vn -0.577 -0.577 -0.577
vn -0.577 -0.577 -0.577
vn -0.577 -0.577 -0.577
vn -0.577 -0.577 -0.577
vn -0.577 -0.577 -0.577
vn -0.577 -0.577 -0.577
vn -0.577 -0.577 -0.577
vn -0.577 -0.577 -0.577
vn -0.577 -0.577 -0.577
vn -0.577 -0.577 -0.577
vn -0.577 -0.577 -0.577
vn -0.577 -0.577 -0.577
vn -0.577 -0.577 -0.577
vn -0.577 -0.577 -0.577
vn -0.577 -0.577 -0.577
vn -0.577 -0.577 -0.577
vn -0.577 -0.577 -0.577
vn -0.577 -0.577 -0.577
vn -0.577 -0.577 -0.577
vn -0.577 -0.577 -0.577
vn -0.577 -0.577 -0.577
vn -0.577 -0.577 -0.577
vn -0.577 -0.577 -0.577
vn -0.577 -0.577 -0.577
vn -0.577 -0.577 -0.577
vn 0.577 0.577 0.577
vn 0.577 0.577 0.577
vn -0.577 -0.577 -0.577
vn -0.577 -0.577 -0.577
vn -0.577 -0.577 -0.577
vn -0.577 -0.577 -0.577
vn -0.577 -0.577 -0.577
vn -0.577 -0.577 -0.577
vn -0.577 -0.577 -0.577
vn -0.577 -0.577 -0.577
vn 0.577 0.577 0.577
vn -0.577 -0.577 -0.577
vn -0.577 -0.577 -0.577
vn -0.577 -0.577 -0.577
vn -0.577 -0.577 -0.577
vn -0.577 -0.577 -0.577
vn 0.577 0.577 0.577
vn 0.577 0.577 0.577
vn -0.577 -0.577 -0.577
vn -0.577 -0.577 -0.577
vn -0.577 -0.577 -0.577
vn -0.577 -0.577 -0.577
vn -0.577 -0.577 -0.577
vn 0.577 0.577 0.577
vn 0.577 0.577 0.577
vn -0.577 -0.577 -0.577
vn -0.577 -0.577 -0.577
vn -0.577 -0.577 -0.577
vn 0.577 0.577 0.577
vn -0.577 -0.577 -0.577
vn 0.577 0.577 0.577
vn 0.577 0.577 0.577
vn 0.577 0.577 0.577
vn 0.577 0.577 0.577
vn -0.577 -0.577 -0.577
vn -0.577 -0.577 -0.577
vn -0.577 -0.577 -0.577
vn -0.577 -0.577 -0.577
vn -0.577 -0.577 -0.577
vn -0.577 -0.577 -0.577
vn -0.577 -0.577 -0.577
vn -0.577 -0.577 -0.577
vn -0.577 -0.577 -0.577
vn 0.577 0.577 0.577
vn -0.577 -0.577 -0.577
vn -0.577 -0.577 -0.577
vn 0.577 0.577 0.577
vn 0.577 0.577 0.577
vn -0.577 -0.577 -0.577
vn -0.577 -0.577 -0.577
vn -0.577 -0.577 -0.577
vn 0.577 0.577 0.577
vn 0.577 0.577 0.577
vn -0.577 -0.577 -0.577
vn -0.577 -0.577 -0.577
vn -0.577 -0.577 -0.577
vn -0.577 -0.577 -0.577
vn -0.577 -0.577 -0.577
vn -0.577 -0.577 -0.577
vn -0.577 -0.577 -0.577
vn 0.577 0.577 0.577
vn -0.577 -0.577 -0.577
vn -0.577 -0.577 -0.577
vn -0.577 -0.577 -0.577
vn -0.577 -0.577 -0.577
vn -0.577 -0.577 -0.577
vn 0.577 0.577 0.577
vn -0.577 -0.577 -0.577
vn 0.577 0.577 0.577
vn -0.577 -0.577 -0.577
vn -0.577 -0.577 -0.577
vn -0.577 -0.577 -0.577
vn -0.577 -0.577 -0.577
vn -0.577 -0.577 -0.577
vn -0.577 -0.577 -0.577
vn -0.577 -0.577 -0.577
vn -0.577 -0.577 -0.577
vn -0.577 -0.577 -0.577
vn -0.577 -0.577 -0.577
vn -0.577 -0.577 -0.577
vn -0.577 -0.577 -0.577
vn -0.577 -0.577 -0.577
vn -0.577 -0.577 -0.577
vn -0.577 -0.577 -0.577
vn -0.577 -0.577 -0.577
vn -0.577 -0.577 -0.577
vn 0.577 0.577 0.577
vn 0.577 0.577 0.577
vn 0.577 0.577 0.577
vn -0.577 -0.577 -0.577
vn -0.577 -0.577 -0.577
vn -0.577 -0.577 -0.577
vn -0.577 -0.577 -0.577
vn -0.577 -0.577 -0.577
vn -0.577 -0.577 -0.577
vn -0.577 -0.577 -0.577
vn 0.577 0.577 0.577
vn 0.577 0.577 0.577
vn 0.577 0.577 0.577
vn 0.577 0.577 0.577
vn -0.577 -0.577 -0.577
vn 0.577 0.577 0.577
vn -0.577 -0.577 -0.577
vn -0.577 -0.577 -0.577
vn 0.577 0.577 0.577
vn 0.577 0.577 0.577
vn 0.577 0.577 0.577
vn -0.577 -0.577 -0.577
vn 0.577 0.577 0.577
vn -0.577 -0.577 -0.577
vn -0.577 -0.577 -0.577
vn -0.577 -0.577 -0.577
vn -0.577 -0.577 -0.577
vn -0.577 -0.577 -0.577
vn -0.577 -0.577 -0.577
vn -0.577 -0.577 -0.577
vn -0.577 -0.577 -0.577
vn -0.577 -0.577 -0.577
vn -0.577 -0.577 -0.577
vn -0.577 -0.577 -0.577
vn -0.577 -0.577 -0.577
vn -0.577 -0.577 -0.577
vn -0.577 -0.577 -0.577
vn -0.577 -0.577 -0.577
vn -0.577 -0.577 -0.577
vn 0.577 0.577 0.577
vn -0.577 -0.577 -0.577
vn -0.577 -0.577 -0.577
vn -0.577 -0.577 -0.577
vn -0.577 -0.577 -0.577
vn -0.577 -0.577 -0.577
vn -0.577 -0.577 -0.577
vn -0.577 -0.577 -0.577
vn -0.577 -0.577 -0.577
vn -0.577 -0.577 -0.577
vn -0.577 -0.577 -0.577
vn -0.577 -0.577 -0.577
vn -0.577 -0.577 -0.577
vn -0.577 -0.577 -0.577
vn -0.577 -0.577 -0.577
vn -0.577 -0.577 -0.577
vn 0.577 0.577 0.577
vn 0.577 0.577 0.577
vn 0.577 0.577 0.577
vn -0.577 -0.577 -0.577
vn 0.577 0.577 0.577
vn 0.577 0.577 0.577
vn -0.577 -0.577 -0.577
vn -0.577 -0.577 -0.577
vn -0.577 -0.577 -0.577
vn -0.577 -0.577 -0.577
vn -0.577 -0.577 -0.577
vn -0.577 -0.577 -0.577
vn -0.577 -0.577 -0.577
vn -0.577 -0.577 -0.577
vn -0.577 -0.577 -0.577
vn -0.577 -0.577 -0.577
vn -0.577 -0.577 -0.577
vn -0.577 -0.577 -0.577
vn -0.577 -0.577 -0.577
vn -0.577 -0.577 -0.577
vn 0.577 0.577 0.577
vn -0.577 -0.577 -0.577
vn -0.577 -0.577 -0.577
vn -0.577 -0.577 -0.577
vn 0.577 0.577 0.577
vn 0.577 0.577 0.577
vn -0.577 -0.577 -0.577
vn -0.577 -0.577 -0.577
vn 0.577 0.577 0.577
vn -0.577 -0.577 -0.577
vn -0.577 -0.577 -0.577
vn -0.577 -0.577 -0.577
vn 0.577 0.577 0.577
vn 0.577 0.577 0.577
vn -0.577 -0.577 -0.577
vn -0.577 -0.577 -0.577
vn -0.577 -0.577 -0.577
vn -0.577 -0.577 -0.577
vn -0.577 -0.577 -0.577
vn -0.577 -0.577 -0.577
vn 0.577 0.577 0.577
vn -0.577 -0.577 -0.577
vn -0.577 -0.577 -0.577
vn -0.577 -0.577 -0.577
vn -0.577 -0.577 -0.577
vn 0.577 0.577 0.577
vn -0.577 -0.577 -0.577
vn -0.577 -0.577 -0.577
vn -0.577 -0.577 -0.577
vn -0.577 -0.577 -0.577
vn -0.577 -0.577 -0.577
vn -0.577 -0.577 -0.577
vn -0.577 -0.577 -0.577
vn -0.577 -0.577 -0.577
vn -0.577 -0.577 -0.577
vn -0.577 -0.577 -0.577
vn -0.577 -0.577 -0.577
vn -0.577 -0.577 -0.577
vn -0.577 -0.577 -0.577
vn -0.577 -0.577 -0.577
vn -0.577 -0.577 -0.577
vn -0.577 -0.577 -0.577
vn -0.577 -0.577 -0.577
vn -0.577 -0.577 -0.577
vn -0.577 -0.577 -0.577
vn -0.577 -0.577 -0.577
vn -0.577 -0.577 -0.577
vn -0.577 -0.577 -0.577
vn -0.577 -0.577 -0.577
vn -0.577 -0.577 -0.577
vn -0.577 -0.577 -0.577
vn 0.577 0.577 0.577
vn 0.577 0.577 0.577
vn -0.577 -0.577 -0.577
vn -0.577 -0.577 -0.577
vn -0.577 -0.577 -0.577
vn -0.577 -0.577 -0.577
vn -0.577 -0.577 -0.577
vn -0.577 -0.577 -0.577
vn 0.577 0.577 0.577
vn 0.577 0.577 0.577
vn 0.577 0.577 0.577
vn 0.577 0.577 0.577
vn -0.577 -0.577 -0.577
vn -0.577 -0.577 -0.577
vn -0.577 -0.577 -0.577
vn -0.577 -0.577 -0.577
vn -0.577 -0.577 -0.577
vn -0.577 -0.577 -0.577
vn -0.577 -0.577 -0.577
vn -0.577 -0.577 -0.577
vn -0.577 -0.577 -0.577
vn -0.577 -0.577 -0.577
vn -0.577 -0.577 -0.577
vn -0.577 -0.577 -0.577
vn 0.577 0.577 0.577
vn 0.577 0.577 0.577
vn -0.577 -0.577 -0.577
vn -0.577 -0.577 -0.577
vn -0.577 -0.577 -0.577
vn -0.577 -0.577 -0.577
vn 0.577 0.577 0.577
vn -0.577 -0.577 -0.577
vn -0.577 -0.577 -0.577
vn -0.577 -0.577 -0.577
vn -0.577 -0.577 -0.577
vn -0.577 -0.577 -0.577
vn -0.577 -0.577 -0.577
vn -0.577 -0.577 -0.577
vn -0.577 -0.577 -0.577
vn 0.577 0.577 0.577
vn 0.577 0.577 0.577
vn 0.577 0.577 0.577
usemtl tex_1786_lit_w01
f 1/1/1 2/2/2 3/3/3
f 3/3/3 2/2/2 4/4/4
f 5/5/5 1/1/1 3/3/3
f 5/5/5 3/3/3 6/6/6
usemtl tex_1785_lit_w10
f 7/7/7 8/8/8 9/9/9
f 9/9/9 8/8/8 10/10/10
f 9/9/9 11/11/11 12/12/12
f 9/9/9 12/12/12 13/13/13
f 14/14/14 15/15/15 16/16/16
f 14/14/14 16/16/16 10/10/10
f 7/7/7 13/13/13 14/14/14
f 8/8/8 7/7/7 14/14/14
f 14/14/14 10/10/10 8/8/8
f 9/9/9 13/13/13 7/7/7
usemtl tex_1786_lit_w01
f 17/17/17 25/18/25 26/19/26
f 18/20/18 19/21/19 26/19/26
f 17/17/17 20/22/20 25/18/25
f 19/21/19 17/17/17 26/19/26
usemtl tex_1785_lit_w10
f 21/23/21 22/24/22 27/13/27
f 21/23/21 27/13/27 28/12/28
f 23/25/23 24/26/24 29/14/29
f 23/25/23 29/14/29 27/13/27
f 24/26/24 30/15/30 29/14/29
f 22/24/22 23/25/23 27/13/27
usemtl tex_1938_lit_w11
f 39/27/39 31/28/31 32/29/32
f 39/27/39 32/29/32 40/30/40
f 40/30/40 32/29/32 33/31/33
f 40/30/40 33/31/33 41/32/41
f 41/32/41 33/31/33 34/33/34
f 41/32/41 34/33/34 42/34/42
usemtl tex_1939_lit_w11
f 43/35/43 35/36/35 44/37/44
f 45/38/45 36/39/36 37/40/37
f 45/38/45 37/40/37 46/41/46
f 46/41/46 37/40/37 38/42/38
f 46/41/46 38/42/38 43/35/43
f 43/35/43 38/42/38 35/36/35
usemtl tex_1786_lit_w01
f 47/43/47 48/44/48 49/45/49
f 50/46/50 51/47/51 52/48/52
f 47/43/47 53/49/53 48/44/48
f 49/45/49 48/44/48 50/46/50
f 52/48/52 51/47/51 54/50/54
f 54/50/54 51/47/51 53/49/53
f 54/50/54 53/49/53 47/43/47
f 49/45/49 50/46/50 52/48/52
f 52/48/52 54/50/54 47/43/47
f 52/48/52 47/43/47 49/45/49
f 51/47/51 50/46/50 55/44/55
f 51/47/51 55/44/55 56/49/56
usemtl tex_1938_lit_w11
f 57/51/57 58/52/58 59/53/59
f 57/51/57 60/54/60 61/55/61
f 59/53/59 58/52/58 62/56/62
f 63/57/63 57/51/57 61/55/61
f 61/55/61 64/58/64 63/57/63
f 57/51/57 59/53/59 60/54/60
f 65/59/65 59/53/59 62/56/62
usemtl tex_1939_lit_w11
f 66/60/66 67/61/67 68/62/68
f 69/63/69 70/64/70 71/65/71
f 69/63/69 71/65/71 72/66/72
f 71/65/71 70/64/70 68/62/68
f 66/60/66 68/62/68 70/64/70
usemtl tex_1937_lit_w11
f 73/67/73 74/68/74 75/69/75
f 76/70/76 77/71/77 78/72/78
f 79/73/79 77/71/77 76/70/76
f 75/69/75 79/73/79 76/70/76
f 74/68/74 79/73/79 75/69/75
f 80/74/80 74/68/74 73/67/73
f 81/75/81 80/74/80 73/67/73
f 82/76/82 80/74/80 81/75/81
f 83/77/83 82/76/82 81/75/81
f 84/78/84 82/76/82 83/77/83
f 85/79/85 84/78/84 83/77/83
f 77/71/77 84/78/84 85/79/85
f 78/72/78 77/71/77 85/79/85
usemtl tex_1936_lit_w11
f 86/80/86 93/81/93 94/82/94
f 95/83/95 93/81/93 87/84/87
f 95/83/95 87/84/87 88/85/88
f 95/83/95 88/85/88 96/86/96
f 86/80/86 87/84/87 93/81/93
usemtl tex_1937_lit_w11
f 97/87/97 98/88/98 89/89/89
f 89/89/89 98/88/98 90/90/90
f 99/91/99 91/92/91 100/93/100
f 91/92/91 92/94/92 100/93/100
f 91/92/91 99/91/99 101/95/101
f 106/96/106 107/93/107 102/97/102
f 107/93/107 103/94/103 102/97/102
f 104/92/104 108/95/108 105/98/105
usemtl tex_1938_lit_w11
f 117/28/117 109/55/109 118/29/118
f 118/29/118 109/55/109 110/54/110
f 118/29/118 110/54/110 119/31/119
f 119/31/119 110/54/110 111/53/111
f 119/31/119 111/53/111 120/33/120
f 120/33/120 111/53/111 112/59/112
f 117/28/117 113/58/113 109/55/109
usemtl tex_1939_lit_w11
f 121/39/121 114/60/114 122/40/122
f 122/40/122 114/60/114 115/64/115
f 122/40/122 115/64/115 123/42/123
f 123/42/123 115/64/115 116/63/116
f 123/42/123 116/63/116 124/36/124
f 125/99/125 126/100/126 127/101/127
f 128/102/128 126/100/126 129/103/129
f 130/104/130 131/105/131 132/106/132
f 128/102/128 129/103/129 130/104/130
f 131/105/131 125/99/125 127/101/127
f 125/99/125 129/103/129 126/100/126
f 131/105/131 127/101/127 132/106/132
f 128/102/128 130/104/130 132/106/132
f 133/106/133 134/101/134 135/100/135
f 133/106/133 135/100/135 136/102/136
usemtl tex_1939_lit_w11_ovl
f 137/99/137 131/105/131 130/104/130
usemtl tex_1939_lit_w11
f 137/99/137 130/104/130 138/103/138
usemtl tex_1786_lit_w01
f 139/107/139 140/108/140 141/109/141
f 142/110/142 140/108/140 139/107/139
f 139/107/139 141/109/141 143/111/143
f 144/112/144 139/107/139 143/111/143
usemtl tex_1785_lit_w10
f 145/113/145 146/114/146 147/115/147
f 148/116/148 146/114/146 145/113/145
f 149/117/149 150/118/150 145/113/145
f 150/118/150 151/119/151 145/113/145
f 148/116/148 152/120/152 153/121/153
f 148/116/148 154/122/154 152/120/152
f 153/121/153 149/117/149 147/115/147
f 153/121/153 147/115/147 146/114/146
f 146/114/146 148/116/148 153/121/153
f 147/115/147 149/117/149 145/113/145
usemtl tex_1786_lit_w01
f 163/123/163 164/124/164 155/125/155
f 163/123/163 156/126/156 157/127/157
f 164/124/164 158/128/158 155/125/155
f 163/123/163 155/125/155 156/126/156
usemtl tex_1785_lit_w10
f 165/117/165 159/129/159 160/130/160
f 165/117/165 166/121/166 161/131/161
f 166/121/166 162/132/162 161/131/161
f 167/118/167 165/117/165 160/130/160
f 166/121/166 168/120/168 162/132/162
f 165/117/165 161/131/161 159/129/159
usemtl tex_1938_lit_w11
f 169/133/169 177/134/177 178/135/178
f 170/136/170 171/137/171 178/135/178
f 179/138/179 170/136/170 178/135/178
f 172/139/172 170/136/170 179/138/179
f 180/140/180 172/139/172 179/138/179
f 171/137/171 169/133/169 178/135/178
usemtl tex_1939_lit_w11
f 173/141/173 174/142/174 181/143/181
f 173/141/173 181/143/181 182/144/182
f 181/143/181 174/142/174 183/145/183
f 175/146/175 176/147/176 184/148/184
f 183/145/183 175/146/175 184/148/184
f 174/142/174 175/146/175 183/145/183
usemtl tex_1786_lit_w01
f 185/149/185 186/150/186 187/151/187
f 188/152/188 189/153/189 190/154/190
f 186/150/186 191/155/191 187/151/187
f 190/154/190 186/150/186 185/149/185
usemtl tex_1786_lit_w01_ovl
f 192/156/192 189/153/189 188/152/188
usemtl tex_1786_lit_w01
f 191/155/191 189/153/189 192/156/192
f 187/151/187 191/155/191 192/156/192
f 188/152/188 190/154/190 185/149/185
f 185/149/185 187/151/187 192/156/192
f 185/149/185 192/156/192 188/152/188
f 193/155/193 194/150/194 190/154/190
f 193/155/193 190/154/190 189/153/189
usemtl tex_1938_lit_w11
f 195/157/195 196/158/196 197/159/197
f 198/160/198 199/161/199 197/159/197
f 200/162/200 196/158/196 195/157/195
f 198/160/198 197/159/197 201/163/201
f 201/163/201 202/164/202 198/160/198
f 199/161/199 195/157/195 197/159/197
f 200/162/200 195/157/195 203/165/203
usemtl tex_1939_lit_w11
f 204/166/204 205/167/205 206/168/206
f 207/169/207 208/170/208 209/171/209
f 210/172/210 207/169/207 209/171/209
f 204/166/204 208/170/208 207/169/207
f 208/170/208 204/166/204 206/168/206
usemtl tex_1937_lit_w11
f 211/173/211 212/174/212 213/175/213
f 213/175/213 212/174/212 214/176/214
f 213/175/213 214/176/214 215/177/215
f 215/177/215 214/176/214 216/178/216
f 215/177/215 216/178/216 217/179/217
f 217/179/217 216/178/216 218/180/218
f 217/179/217 218/180/218 219/181/219
f 219/181/219 218/180/218 220/182/220
f 219/181/219 220/182/220 221/183/221
f 221/183/221 220/182/220 222/184/222
f 221/183/221 222/184/222 223/185/223
f 221/183/221 223/185/223 211/173/211
f 211/173/211 223/185/223 212/174/212
usemtl tex_1936_lit_w11
f 224/186/224 231/187/231 232/188/232
f 225/189/225 224/186/224 232/188/232
f 231/187/231 226/80/226 233/82/233
f 224/186/224 226/80/226 231/187/231
f 225/189/225 232/188/232 234/190/234
usemtl tex_1937_lit_w11
f 227/191/227 235/192/235 236/193/236
f 228/194/228 235/192/235 227/191/227
f 229/195/229 237/196/237 238/197/238
f 237/196/237 229/195/229 230/198/230
f 239/199/239 243/96/243 240/97/240
f 244/196/244 241/198/241 245/200/245
f 239/199/239 242/195/242 246/197/246
f 239/199/239 246/197/246 243/96/243
usemtl tex_1938_lit_w11
f 255/137/255 247/160/247 256/133/256
f 248/161/248 247/160/247 255/137/255
f 257/136/257 248/161/248 255/137/255
f 249/157/249 248/161/248 257/136/257
f 258/139/258 249/157/249 257/136/257
f 250/165/250 249/157/249 258/139/258
f 247/160/247 251/164/251 256/133/256
usemtl tex_1939_lit_w11
f 259/146/259 252/168/252 260/147/260
f 253/170/253 252/168/252 259/146/259
f 261/142/261 253/170/253 259/146/259
f 254/171/254 253/170/253 261/142/261
f 262/141/262 254/171/254 261/142/261
f 263/201/263 264/202/264 265/203/265
f 266/204/266 264/202/264 267/205/267
f 268/206/268 269/207/269 270/208/270
f 270/208/270 266/204/266 267/205/267
f 263/201/263 265/203/265 269/207/269
f 264/202/264 266/204/266 265/203/265
f 268/206/268 263/201/263 269/207/269
f 268/206/268 270/208/270 267/205/267
f 271/205/271 272/202/272 273/201/273
f 271/205/271 273/201/273 274/206/274
f 275/204/275 270/208/270 269/207/269
usemtl tex_1939_lit_w11_ovl
f 275/204/275 269/207/269 276/203/276
usemtl tex_1940_lit
f 277/209/277 284/210/284 285/211/285
f 278/212/278 286/213/286 277/209/277
f 286/213/286 284/210/284 277/209/277
f 279/214/279 277/209/277 285/211/285
usemtl tex_1941_lit
f 287/215/287 280/216/280 281/217/281
f 282/218/282 288/219/288 289/220/289
f 282/218/282 289/220/289 283/221/283
f 289/220/289 281/217/281 283/221/283
f 289/220/289 287/215/287 281/217/281
f 280/216/280 287/215/287 290/222/290
usemtl tex_1942_lit_w11
f 291/223/291 292/224/292 293/225/293
f 291/223/291 294/226/294 292/224/292
f 292/224/292 295/227/295 293/225/293
f 295/227/295 292/224/292 296/228/296
f 292/224/292 297/229/297 296/228/296
f 292/224/292 294/226/294 297/229/297
f 298/230/298 299/231/299 300/232/300
f 300/232/300 299/231/299 301/233/301
f 300/232/300 301/233/301 302/234/302
f 302/234/302 301/233/301 303/235/303
f 304/236/304 305/237/305 306/238/306
f 307/236/307 308/239/308 309/237/309
f 310/240/310 311/241/311 312/238/312
f 311/241/311 310/240/310 313/242/313
f 310/240/310 314/243/314 313/242/313
f 310/240/310 308/239/308 314/243/314
f 315/244/315 316/245/316 317/246/317
f 317/246/317 316/245/316 318/247/318
f 319/248/319 320/249/320 321/250/321
f 319/248/319 322/251/322 320/249/320
f 323/248/323 324/252/324 325/251/325
f 323/248/323 326/253/326 324/252/324
f 326/253/326 327/254/327 324/252/324
f 328/255/328 329/242/329 330/256/330
f 330/256/330 331/257/331 332/239/332
f 330/256/330 329/242/329 331/257/331
f 333/258/333 334/235/334 335/259/335
f 335/259/335 334/235/334 336/233/336
f 335/259/335 336/233/336 337/260/337
f 337/260/337 336/233/336 338/231/338
f 339/261/339 340/262/340 341/263/341
f 341/263/341 342/229/342 343/226/343
f 341/263/341 340/262/340 342/229/342
f 344/264/344 345/247/345 346/265/346
f 346/265/346 345/247/345 347/245/347
f 348/259/348 349/266/349 350/267/350
f 348/259/348 350/267/350 351/258/351
f 349/266/349 352/268/352 353/269/353
f 354/270/354 355/271/355 356/272/356
f 354/270/354 357/273/357 355/271/355
f 358/274/358 359/275/359 360/276/360
f 358/274/358 361/277/361 359/275/359
f 362/278/362 363/279/363 364/280/364
f 363/279/363 365/281/365 364/280/364
f 366/260/366 367/268/367 368/266/368
f 366/260/366 368/266/368 369/259/369
f 370/266/370 371/269/371 372/282/372
f 372/282/372 373/267/373 370/266/370
usemtl tex_1931_lit
f 374/283/374 375/284/375 376/285/376
f 377/286/377 376/285/376 378/287/378
f 377/286/377 374/283/374 376/285/376
f 379/288/379 374/283/374 377/286/377
f 377/286/377 378/287/378 380/289/380
f 379/288/379 381/290/381 374/283/374
f 382/291/382 383/292/383 384/293/384
f 375/284/375 374/283/374 385/294/385
f 386/295/386 387/288/387 388/286/388
f 389/296/389 390/297/390 391/292/391
f 392/291/392 393/298/393 389/296/389
f 394/283/394 395/299/395 396/300/396
f 394/283/394 396/300/396 397/294/397
f 394/283/394 398/290/398 395/299/395
f 389/296/389 386/295/386 390/297/390
f 386/295/386 389/296/389 387/288/387
f 386/295/386 388/286/388 390/297/390
f 393/298/393 396/300/396 395/299/395
f 393/298/393 387/288/387 389/296/389
f 395/299/395 398/290/398 393/298/393
f 390/297/390 388/286/388 399/289/399
f 393/298/393 398/290/398 387/288/387
f 392/291/392 389/296/389 391/292/391
f 392/291/392 396/300/396 393/298/393
usemtl tex_1934_lit
f 400/301/400 401/302/401 402/303/402
f 403/304/403 404/305/404 405/306/405
f 406/307/406 405/306/405 407/308/407
f 408/309/408 409/310/409 401/302/401
f 410/311/410 411/312/411 403/304/403
f 410/311/410 403/304/403 406/307/406
f 402/303/402 410/311/410 406/307/406
f 401/302/401 410/311/410 402/303/402
f 403/304/403 405/306/405 406/307/406
f 400/301/400 408/309/408 401/302/401
f 409/310/409 408/309/408 412/313/412
f 408/309/408 400/301/400 412/313/412
f 402/303/402 406/307/406 407/308/407
f 410/311/410 401/302/401 409/310/409
usemtl tex_1933_lit
f 413/314/413 414/315/414 415/316/415
f 416/317/416 417/318/417 418/319/418
f 419/320/419 420/316/420 421/315/421
f 419/320/419 422/321/422 417/318/417
f 420/316/420 419/320/419 417/318/417
f 416/317/416 420/316/420 417/318/417
f 423/322/423 424/323/424 418/319/418
f 424/323/424 423/322/423 425/324/425
f 416/317/416 418/319/418 424/323/424
f 419/320/419 421/315/421 426/325/426
f 416/317/416 427/314/427 420/316/420
f 423/322/423 418/319/418 417/318/417
usemtl tex_1932_lit
f 428/326/428 429/327/429 430/328/430
f 431/329/431 432/330/432 433/331/433
f 431/329/431 434/332/434 432/330/432
f 433/331/433 435/333/435 431/329/431
f 436/334/436 437/328/437 438/327/438
usemtl tex_1938_lit_w11
f 439/335/439 440/336/440 441/337/441
f 439/335/439 441/337/441 442/338/442
usemtl tex_1942_lit_w11
f 443/339/443 444/340/444 445/341/445
f 443/339/443 446/342/446 444/340/444
f 447/343/447 448/344/448 449/345/449
f 447/343/447 449/345/449 450/346/450
f 451/347/451 452/348/452 453/349/453
f 451/347/451 453/349/453 454/350/454
f 455/351/455 456/352/456 457/353/457
f 455/351/455 457/353/457 458/354/458
f 459/355/459 460/356/460 461/357/461
f 459/355/459 461/357/461 462/358/462
f 463/359/463 464/360/464 465/361/465
f 463/359/463 465/361/465 466/362/466
usemtl tex_1931_lit
f 467/363/467 468/364/468 469/365/469
f 467/363/467 469/365/469 470/366/470
usemtl tex_1934_lit
f 471/367/471 472/368/472 473/369/473
f 471/367/471 473/369/473 474/370/474
usemtl tex_1933_lit
f 475/371/475 476/372/476 477/373/477
f 475/371/475 477/373/477 478/374/478
usemtl tex_1932_lit
f 479/375/479 480/376/480 481/377/481
f 479/375/479 481/377/481 482/349/482
f 483/377/483 484/349/484 485/375/485
f 483/377/483 485/375/485 486/378/486
usemtl tex_1609_lit
f 487/379/487 488/380/488 489/381/489
f 490/382/490 488/380/488 487/379/487
usemtl tex_1613_lit_w11
f 491/383/491 492/384/492 493/385/493
f 494/386/494 492/384/492 491/383/491
usemtl tex_1616_lit_w11
f 495/387/495 496/388/496 497/389/497
f 498/390/498 496/388/496 495/387/495
usemtl tex_1619_lit_w11
f 499/391/499 500/392/500 501/393/501
f 502/394/502 500/392/500 499/391/499
usemtl tex_1622_lit_w11
f 503/395/503 504/396/504 505/397/505
f 506/398/506 504/396/504 503/395/503
usemtl tex_1935_lit_w01
f 514/399/514 507/400/507 508/401/508
f 515/402/515 514/399/514 509/403/509
f 516/404/516 510/405/510 511/406/511
f 517/407/517 512/408/512 513/409/513
f 515/402/515 509/403/509 510/405/510
f 514/399/514 517/407/517 507/400/507
f 516/404/516 515/402/515 510/405/510
f 513/409/513 507/400/507 517/407/517
f 514/399/514 508/401/508 509/403/509
f 517/407/517 518/410/518 512/408/512
f 526/403/526 519/411/519 527/405/527
f 527/405/527 519/411/519 520/412/520
f 527/405/527 520/412/520 528/406/528
f 528/406/528 520/412/520 521/413/521
f 529/408/529 522/414/522 530/409/530
f 530/409/530 522/414/522 523/415/523
f 530/409/530 523/415/523 531/400/531
f 531/400/531 523/415/523 524/416/524
f 531/400/531 524/416/524 532/401/532
f 532/401/532 524/416/524 525/417/525
f 532/401/532 525/417/525 526/403/526
f 526/403/526 525/417/525 519/411/519
f 533/418/533 534/419/534 535/420/535
f 536/421/536 537/422/537 533/418/533
f 538/423/538 534/419/534 539/424/539
f 540/425/540 539/424/539 536/421/536
f 539/424/539 537/422/537 536/421/536
f 538/423/538 535/420/535 534/419/534
f 536/421/536 533/418/533 535/420/535
f 540/425/540 538/423/538 539/424/539
f 534/419/534 533/418/533 537/422/537
f 534/419/534 537/422/537 539/424/539
f 541/426/541 542/427/542 543/428/543
f 541/426/541 544/429/544 545/430/545
f 546/431/546 547/432/547 548/433/548
f 541/426/541 543/428/543 544/429/544
f 549/434/549 546/431/546 548/433/548
f 550/435/550 546/431/546 549/434/549
f 544/429/544 547/432/547 551/436/551
f 541/426/541 552/437/552 542/427/542
f 546/431/546 553/438/553 547/432/547
f 547/432/547 553/438/553 551/436/551
f 545/430/545 544/429/544 551/436/551
f 560/427/560 554/439/554 561/428/561
f 555/440/555 554/439/554 560/427/560
f 562/433/562 556/441/556 563/434/563
f 557/442/557 556/441/556 562/433/562
f 564/432/564 557/442/557 562/433/562
f 558/443/558 557/442/557 564/432/564
f 559/444/559 558/443/558 564/432/564
f 554/439/554 559/444/559 561/428/561
f 561/428/561 559/444/559 565/429/565
f 565/429/565 559/444/559 564/432/564
f 573/411/573 566/438/566 574/412/574
f 574/412/574 566/438/566 567/431/567
f 574/412/574 567/431/567 575/413/575
f 575/413/575 567/431/567 568/435/568
f 576/414/576 569/437/569 577/415/577
f 577/415/577 569/437/569 570/426/570
f 577/415/577 570/426/570 578/416/578
f 578/416/578 570/426/570 571/430/571
f 578/416/578 571/430/571 579/417/579
f 579/417/579 571/430/571 572/436/572
f 579/417/579 572/436/572 573/411/573
f 573/411/573 572/436/572 566/438/566
f 580/445/580 581/446/581 582/447/582
f 582/447/582 583/448/583 580/445/580
f 584/418/584 585/447/585 586/446/586
f 584/418/584 580/445/580 587/419/587
f 584/418/584 586/446/586 580/445/580
f 585/447/585 588/424/588 583/448/583
f 589/422/589 588/424/588 585/447/585
f 580/445/580 583/448/583 587/419/587
f 584/418/584 589/422/589 585/447/585
f 588/424/588 587/419/587 583/448/583
f 588/424/588 589/422/589 584/418/584
f 588/424/588 584/418/584 587/419/587
usemtl tex_1609_lit
f 590/449/590 591/450/591 592/451/592
f 592/451/592 591/450/591 593/452/593
usemtl tex_1613_lit_w11
f 594/453/594 595/454/595 596/455/596
f 596/455/596 595/454/595 597/456/597
usemtl tex_1616_lit_w11
f 598/457/598 599/458/599 600/459/600
f 601/460/601 599/458/599 598/457/598
usemtl tex_1619_lit_w11
f 602/461/602 603/462/603 604/463/604
f 604/463/604 603/462/603 605/464/605
usemtl tex_1622_lit_w11
f 606/465/606 607/466/607 608/467/608
f 608/467/608 607/466/607 609/468/609
usemtl tex_1935_lit_w01
f 610/469/610 611/470/611 617/471/617
f 612/472/612 613/473/613 618/474/618
f 613/473/613 614/475/614 619/476/619
f 610/469/610 617/471/617 620/477/620
f 615/478/615 616/479/616 620/477/620
f 611/470/611 618/474/618 617/471/617
f 614/475/614 621/480/621 619/476/619
f 618/474/618 611/470/611 612/472/612
f 616/479/616 610/469/610 620/477/620
f 613/473/613 619/476/619 618/474/618
f 629/473/629 622/481/622 630/475/630
f 630/475/630 622/481/622 623/482/623
f 631/478/631 624/483/624 632/479/632
f 632/479/632 624/483/624 625/484/625
f 632/479/632 625/484/625 633/469/633
f 633/469/633 625/484/625 626/485/626
f 633/469/633 626/485/626 634/470/634
f 634/470/634 626/485/626 627/486/627
f 634/470/634 627/486/627 635/472/635
f 635/472/635 627/486/627 628/487/628
f 635/472/635 628/487/628 629/473/629
f 629/473/629 628/487/628 622/481/622
f 636/488/636 637/489/637 638/490/638
f 638/490/638 639/491/639 640/492/640
f 641/493/641 637/489/637 642/494/642
f 640/492/640 641/493/641 643/495/643
f 640/492/640 639/491/639 641/493/641
f 637/489/637 636/488/636 642/494/642
f 636/488/636 638/490/638 640/492/640
f 641/493/641 642/494/642 643/495/643
f 638/490/638 637/489/637 641/493/641
f 638/490/638 641/493/641 639/491/639
f 644/496/644 645/497/645 646/498/646
f 647/499/647 648/500/648 646/498/646
f 649/501/649 650/502/650 651/503/651
f 648/500/648 644/496/644 652/498/652
f 653/504/653 654/505/654 645/497/645
f 645/497/645 654/505/654 655/506/655
f 656/507/656 650/502/650 648/500/648
f 645/497/645 655/506/655 646/498/646
f 650/502/650 657/508/657 651/503/651
f 656/507/656 657/508/657 650/502/650
f 656/507/656 648/500/648 647/499/647
f 663/496/663 658/509/658 664/497/664
f 664/497/664 658/509/658 659/510/659
f 664/497/664 659/510/659 665/504/665
f 665/504/665 659/510/659 660/511/660
f 665/504/665 660/511/660 666/512/666
f 666/512/666 660/511/660 661/513/661
f 667/502/667 661/513/661 662/514/662
f 663/496/663 662/514/662 658/509/658
f 668/500/668 662/514/662 663/496/663
f 667/502/667 662/514/662 668/500/668
f 676/483/676 669/508/669 677/484/677
f 670/503/670 669/508/669 676/483/676
f 678/481/678 671/505/671 679/482/679
f 672/506/672 671/505/671 678/481/678
f 680/487/680 672/506/672 678/481/678
f 673/498/673 672/506/672 680/487/680
f 681/486/681 673/498/673 680/487/680
f 674/499/674 673/498/673 681/486/681
f 682/485/682 674/499/674 681/486/681
f 675/507/675 674/499/674 682/485/682
f 677/484/677 675/507/675 682/485/682
f 669/508/669 675/507/675 677/484/677
f 683/515/683 684/516/684 685/490/685
f 686/489/686 687/517/687 685/490/685
f 687/517/687 683/515/683 685/490/685
f 688/518/688 689/493/689 684/516/684
f 684/516/684 689/493/689 690/491/690
f 686/489/686 688/518/688 687/517/687
f 684/516/684 690/491/690 685/490/685
f 688/518/688 686/489/686 689/493/689
f 691/515/691 687/517/687 688/518/688
f 688/518/688 692/516/692 691/515/691
f 690/491/690 689/493/689 686/489/686
f 690/491/690 686/489/686 685/490/685
usemtl tex_1936_lit_w11
f 693/519/693 694/520/694 695/521/695
f 696/522/696 697/523/697 698/524/698
f 699/525/699 700/526/700 701/527/701
f 702/528/702 697/523/697 695/521/695
f 702/528/702 695/521/695 703/529/703
f 704/530/704 705/531/705 702/528/702
f 697/523/697 701/527/701 706/532/706
f 697/523/697 706/532/706 707/533/707
f 708/534/708 696/522/696 698/524/698
f 698/524/698 697/523/697 707/533/707
f 709/535/709 710/534/710 711/524/711
f 712/523/712 713/525/713 714/527/714
f 715/536/715 716/537/716 713/525/713
f 717/538/717 718/526/718 713/525/713
f 716/537/716 717/538/717 713/525/713
f 711/524/711 719/533/719 720/539/720
f 721/528/721 715/536/715 712/523/712
f 722/531/722 715/536/715 721/528/721
f 711/524/711 720/539/720 709/535/709
f 715/536/715 713/525/713 712/523/712
f 723/522/723 724/521/724 712/523/712
f 725/522/725 726/519/726 727/521/727
f 728/528/728 729/529/729 730/530/730
f 729/529/729 727/521/727 731/520/731
usemtl tex_1937_lit_w11
f 732/540/732 733/541/733 734/542/734
f 735/543/735 732/540/732 736/544/736
f 732/540/732 737/545/737 738/546/738
f 732/540/732 734/542/734 737/545/737
f 739/547/739 733/541/733 732/540/732
f 740/548/740 741/543/741 742/549/742
f 741/543/741 743/550/743 744/547/744
f 742/549/742 741/543/741 745/544/745
f 742/549/742 746/551/746 747/552/747
f 742/549/742 745/544/745 746/551/746
f 745/544/745 748/553/748 746/551/746
f 749/554/749 742/549/742 747/552/747
f 745/544/745 750/546/750 748/553/748
f 743/550/743 741/543/741 751/555/751
f 752/542/752 753/556/753 754/545/754
f 741/543/741 740/548/740 755/557/755
f 756/555/756 757/557/757 758/558/758
f 759/554/759 760/548/760 761/549/761
f 762/544/762 763/540/763 764/546/764
f 765/543/765 766/547/766 763/540/763
f 765/543/765 757/557/757 756/555/756
usemtl tex_1917_lit
f 767/559/767 768/560/768 769/561/769
f 770/562/770 771/563/771 772/564/772
usemtl tex_1936_lit_w11
f 773/565/773 781/539/781 774/566/774
f 774/566/774 781/539/781 782/533/782
f 774/566/774 782/533/782 775/567/775
f 775/567/775 782/533/782 783/532/783
f 775/567/775 783/532/783 776/568/776
f 776/568/776 783/532/783 784/527/784
f 776/568/776 784/527/784 777/569/777
f 777/569/777 784/527/784 785/526/785
usemtl tex_1937_lit_w11
f 778/570/778 786/556/786 779/571/779
f 779/571/779 786/556/786 787/542/787
f 779/571/779 787/542/787 780/572/780
f 780/572/780 787/542/787 788/541/788
f 789/572/789 794/541/794 790/573/790
f 790/573/790 794/541/794 795/547/795
f 790/573/790 795/547/795 791/574/791
f 791/574/791 795/547/795 796/550/796
f 791/574/791 796/550/796 792/575/792
f 792/575/792 796/550/796 797/555/797
f 792/575/792 797/555/797 793/576/793
f 793/576/793 797/555/797 798/558/798
usemtl tex_1936_lit_w11
f 799/577/799 800/578/800 801/579/801
f 802/577/802 803/580/803 804/581/804
f 800/578/800 799/577/799 805/582/805
f 806/583/806 807/580/807 808/578/808
f 802/577/802 809/579/809 803/580/803
f 807/580/807 809/579/809 800/578/800
f 810/584/810 811/581/811 812/580/812
usemtl tex_1937_lit_w11
f 813/582/813 814/584/814 806/583/806
f 815/578/815 816/582/816 817/583/817
f 818/584/818 819/582/819 820/581/820
f 821/577/821 820/581/820 819/582/819
f 817/583/817 822/584/822 823/580/823
usemtl tex_1936_lit_w11
f 824/189/824 825/565/825 826/186/826
f 826/186/826 825/565/825 827/566/827
f 826/186/826 827/566/827 828/80/828
f 828/80/828 827/566/827 829/567/829
f 828/80/828 829/567/829 830/84/830
f 830/84/830 829/567/829 831/568/831
f 830/84/830 831/568/831 832/85/832
f 832/85/832 831/568/831 833/569/833
usemtl tex_1937_lit_w11
f 834/98/834 835/570/835 836/92/836
f 836/92/836 835/570/835 837/571/837
f 836/92/836 837/571/837 838/94/838
f 838/94/838 837/571/837 839/572/839
f 840/94/840 841/572/841 842/97/842
f 842/97/842 841/572/841 843/573/843
f 842/97/842 843/573/843 844/199/844
f 844/199/844 843/573/843 845/574/845
f 844/199/844 845/574/845 846/195/846
f 846/195/846 845/574/845 847/575/847
f 846/195/846 847/575/847 848/198/848
f 848/198/848 847/575/847 849/576/849
usemtl tex_1936_lit_w11
f 850/585/850 851/586/851 852/587/852
f 851/586/851 853/588/853 854/589/854
f 851/586/851 850/585/850 853/588/853
f 855/590/855 856/591/856 857/587/857
f 857/587/857 856/591/856 858/592/858
f 859/592/859 850/585/850 852/587/852
f 853/588/853 860/592/860 861/591/861
f 853/588/853 862/585/862 860/592/860
f 863/590/863 864/587/864 865/586/865
f 863/590/863 865/586/865 854/589/854
usemtl tex_1937_lit_w11
f 854/589/854 853/588/853 856/591/856
f 854/589/854 856/591/856 855/590/855
