mtllib CsnowbondZ.mtl
v -1148.8401794433594 -93.529869556427 -78.0 1.000 1.000 1.000
v -1148.8401794433594 -179.529869556427 -72.0 1.000 1.000 1.000
v -1148.8401794433594 -49.529869556427 162.0 1.000 1.000 1.000
v -1148.8401794433594 -174.529869556427 171.0 1.000 1.000 1.000
v -1099.8401794433594 -86.529869556427 148.0 1.000 1.000 1.000
v -1044.8401794433594 -66.529869556427 -4.0 1.000 1.000 1.000
v -1031.8401794433594 -147.529869556427 -60.0 1.000 1.000 1.000
v -1101.8401794433594 -144.529869556427 175.0 1.000 1.000 1.000
v -1033.8401794433594 -104.529869556427 -65.0 1.000 1.000 1.000
v -1031.8401794433594 -154.529869556427 -17.0 1.000 1.000 1.000
v -1032.8401794433594 -149.529869556427 21.0 1.000 1.000 1.000
v -1039.8401794433594 -82.529869556427 -31.0 1.000 1.000 1.000
v -618.3520202636719 -48.037062644958496 50.0 1.000 1.000 1.000
v -1045.3520202636719 -61.037062644958496 44.0 1.000 1.000 1.000
v -1045.3520202636719 -142.0370626449585 59.0 1.000 1.000 1.000
v -623.3520202636719 -29.037062644958496 -16.0 1.000 1.000 1.000
v -635.3520202636719 -84.0370626449585 -85.0 1.000 1.000 1.000
v -1032.3520202636719 -83.0370626449585 -77.0 1.000 1.000 1.000
v -1037.3520202636719 -40.037062644958496 -8.0 1.000 1.000 1.000
v -633.3520202636719 -157.0370626449585 -72.0 1.000 1.000 1.000
v -623.3520202636719 -189.0370626449585 -3.0 1.000 1.000 1.000
v -1026.3520202636719 -148.0370626449585 -75.0 1.000 1.000 1.000
v -618.3520202636719 -127.0370626449585 89.0 1.000 1.000 1.000
v -1036.3520202636719 -193.0370626449585 6.0 1.000 1.000 1.000
v -1032.3520202636719 -83.0370626449585 -77.0 1.000 1.000 1.000
v -1037.3520202636719 -40.037062644958496 -8.0 1.000 1.000 1.000
v -1045.3520202636719 -61.037062644958496 44.0 1.000 1.000 1.000
v -1045.3520202636719 -142.0370626449585 59.0 1.000 1.000 1.000
v -1036.3520202636719 -193.0370626449585 6.0 1.000 1.000 1.000
v -1026.3520202636719 -148.0370626449585 -75.0 1.000 1.000 1.000
v -1039.8401794433594 -82.529869556427 -31.0 1.000 1.000 1.000
v -1044.8401794433594 -66.529869556427 -4.0 1.000 1.000 1.000
v -1032.8401794433594 -149.529869556427 21.0 1.000 1.000 1.000
v -1033.8401794433594 -104.529869556427 -65.0 1.000 1.000 1.000
v -1031.8401794433594 -154.529869556427 -17.0 1.000 1.000 1.000
v -1031.8401794433594 -147.529869556427 -60.0 1.000 1.000 1.000
v -567.3520202636719 -47.037062644958496 49.0 1.000 1.000 1.000
v -556.3520202636719 -27.037062644958496 -9.0 1.000 1.000 1.000
v -554.3520202636719 -85.0370626449585 -74.0 1.000 1.000 1.000
v -554.3520202636719 -157.0370626449585 -77.0 1.000 1.000 1.000
v -546.3520202636719 -192.0370626449585 9.0 1.000 1.000 1.000
v -567.3520202636719 -126.0370626449585 94.0 1.000 1.000 1.000
v -623.3520202636719 -29.037062644958496 -16.0 1.000 1.000 1.000
v -635.3520202636719 -84.0370626449585 -85.0 1.000 1.000 1.000
v -633.3520202636719 -157.0370626449585 -72.0 1.000 1.000 1.000
v -623.3520202636719 -189.0370626449585 -3.0 1.000 1.000 1.000
v -618.3520202636719 -127.0370626449585 89.0 1.000 1.000 1.000
v -618.3520202636719 -48.037062644958496 50.0 1.000 1.000 1.000
v -567.3520202636719 -47.037062644958496 49.0 1.000 1.000 1.000
v -521.3520202636719 -42.037062644958496 50.0 1.000 1.000 1.000
v -556.3520202636719 -27.037062644958496 -9.0 1.000 1.000 1.000
v -520.3520202636719 -126.0370626449585 98.0 1.000 1.000 1.000
v -567.3520202636719 -126.0370626449585 94.0 1.000 1.000 1.000
v -546.3520202636719 -192.0370626449585 9.0 1.000 1.000 1.000
v -1046.3520202636719 -176.0370626449585 70.0 1.000 1.000 1.000
v -573.3520202636719 -132.0370626449585 94.0 1.000 1.000 1.000
v -1046.3520202636719 -47.037062644958496 34.0 1.000 1.000 1.000
v -565.3520202636719 -24.037062644958496 40.0 1.000 1.000 1.000
v -568.3520202636719 -106.0370626449585 -75.0 1.000 1.000 1.000
v -1018.3520202636719 -81.0370626449585 -99.0 1.000 1.000 1.000
v -568.3520202636719 -201.0370626449585 13.0 1.000 1.000 1.000
v -1018.3520202636719 -202.0370626449585 -79.0 1.000 1.000 1.000
v -573.3520202636719 -132.0370626449585 94.0 1.000 1.000 1.000
v -568.3520202636719 -201.0370626449585 13.0 1.000 1.000 1.000
v -273.1913757324219 -11.801055908203125 14.0 1.000 1.000 1.000
v -273.1913757324219 -25.801055908203125 5.0 1.000 1.000 1.000
v -273.1913757324219 -49.801055908203125 123.0 1.000 1.000 1.000
v -273.1913757324219 -77.80105590820312 116.0 1.000 1.000 1.000
v -273.1913757324219 -104.80105590820312 148.0 1.000 1.000 1.000
v -273.1913757324219 -126.80105590820312 115.0 1.000 1.000 1.000
v -273.1913757324219 -205.80105590820312 152.0 1.000 1.000 1.000
v -273.1913757324219 -200.80105590820312 70.0 1.000 1.000 1.000
v -273.1913757324219 -204.80105590820312 -110.0 1.000 1.000 1.000
v -273.1913757324219 -197.80105590820312 -43.0 1.000 1.000 1.000
v -273.1913757324219 -132.80105590820312 -104.0 1.000 1.000 1.000
v -273.1913757324219 -134.80105590820312 -74.0 1.000 1.000 1.000
v -273.1913757324219 -27.801055908203125 -83.0 1.000 1.000 1.000
v -273.1913757324219 -41.801055908203125 -81.0 1.000 1.000 1.000
v -461.1913757324219 -193.80105590820312 23.0 1.000 1.000 1.000
v -273.1913757324219 -197.80105590820312 -43.0 1.000 1.000 1.000
v -273.1913757324219 -200.80105590820312 70.0 1.000 1.000 1.000
v -273.1913757324219 -41.801055908203125 -81.0 1.000 1.000 1.000
v -273.1913757324219 -134.80105590820312 -74.0 1.000 1.000 1.000
v -414.1913757324219 -173.80105590820312 -79.0 1.000 1.000 1.000
v -413.1913757324219 -85.80105590820312 -86.0 1.000 1.000 1.000
v -442.1913757324219 -23.801055908203125 -4.0 1.000 1.000 1.000
v -461.1913757324219 -47.801055908203125 53.0 1.000 1.000 1.000
v -439.1913757324219 -126.80105590820312 105.0 1.000 1.000 1.000
v -273.1913757324219 -77.80105590820312 116.0 1.000 1.000 1.000
v -273.1913757324219 -25.801055908203125 5.0 1.000 1.000 1.000
v -273.1913757324219 -126.80105590820312 115.0 1.000 1.000 1.000
v 3.0 -122.0 152.0 1.000 1.000 1.000
v -183.0 -113.0 20.0 1.000 1.000 1.000
v 3.0 -88.0 -106.0 1.000 1.000 1.000
v -103.0 -120.0 149.0 1.000 1.000 1.000
v -57.0 -88.0 -101.0 1.000 1.000 1.000
v -130.0 -89.0 -95.0 1.000 1.000 1.000
v -273.1913757324219 -104.80105590820312 148.0 1.000 1.000 1.000
v -273.1913757324219 -205.80105590820312 152.0 1.000 1.000 1.000
v -273.1913757324219 -49.801055908203125 123.0 1.000 1.000 1.000
v -273.1913757324219 -11.801055908203125 14.0 1.000 1.000 1.000
v -273.1913757324219 -204.80105590820312 -110.0 1.000 1.000 1.000
v -273.1913757324219 -132.80105590820312 -104.0 1.000 1.000 1.000
v -273.1913757324219 -27.801055908203125 -83.0 1.000 1.000 1.000
v -442.1913757324219 -23.801055908203125 -4.0 1.000 1.000 1.000
v -413.1913757324219 -85.80105590820312 -86.0 1.000 1.000 1.000
v -414.1913757324219 -173.80105590820312 -79.0 1.000 1.000 1.000
v -461.1913757324219 -193.80105590820312 23.0 1.000 1.000 1.000
v -439.1913757324219 -126.80105590820312 105.0 1.000 1.000 1.000
v -461.1913757324219 -47.801055908203125 53.0 1.000 1.000 1.000
v -556.3520202636719 -27.037062644958496 -9.0 1.000 1.000 1.000
v -554.3520202636719 -85.0370626449585 -74.0 1.000 1.000 1.000
v -554.3520202636719 -157.0370626449585 -77.0 1.000 1.000 1.000
v -546.3520202636719 -192.0370626449585 9.0 1.000 1.000 1.000
v -520.3520202636719 -126.0370626449585 98.0 1.000 1.000 1.000
v -521.3520202636719 -42.037062644958496 50.0 1.000 1.000 1.000
v -574.1913757324219 -131.80105590820312 94.0 1.000 1.000 1.000
v -210.19137573242188 -197.80105590820312 21.0 1.000 1.000 1.000
v -212.19137573242188 -152.80105590820312 135.0 1.000 1.000 1.000
v -208.19137573242188 -120.80105590820312 -81.0 1.000 1.000 1.000
v -568.1913757324219 -201.80105590820312 13.0 1.000 1.000 1.000
v -568.1913757324219 -105.80105590820312 -75.0 1.000 1.000 1.000
v -565.1913757324219 -23.801055908203125 40.0 1.000 1.000 1.000
v -209.19137573242188 -27.801055908203125 28.0 1.000 1.000 1.000
v -209.19137573242188 -27.801055908203125 28.0 1.000 1.000 1.000
v -212.19137573242188 -152.80105590820312 135.0 1.000 1.000 1.000
v -210.19137573242188 -197.80105590820312 21.0 1.000 1.000 1.000
v -208.19137573242188 -120.80105590820312 -81.0 1.000 1.000 1.000
v -574.1913757324219 -131.80105590820312 94.0 1.000 1.000 1.000
v -568.1913757324219 -201.80105590820312 13.0 1.000 1.000 1.000
v 1158.2718048095703 -44.29352378845215 161.0 1.000 1.000 1.000
v 1158.2718048095703 -177.29352378845215 -71.0 1.000 1.000 1.000
v 1158.2718048095703 -91.29352378845215 -78.0 1.000 1.000 1.000
v 1158.2718048095703 -169.29352378845215 172.0 1.000 1.000 1.000
v 1053.2718048095703 -73.29352378845215 -4.0 1.000 1.000 1.000
v 1109.2718048095703 -85.29352378845215 147.0 1.000 1.000 1.000
v 1111.2718048095703 -139.29352378845215 175.0 1.000 1.000 1.000
v 1041.2718048095703 -141.29352378845215 -52.0 1.000 1.000 1.000
v 1042.2718048095703 -101.29352378845215 -65.0 1.000 1.000 1.000
v 1041.2718048095703 -146.29352378845215 21.0 1.000 1.000 1.000
v 1041.2718048095703 -151.29352378845215 -13.0 1.000 1.000 1.000
v 1047.2718048095703 -83.29352378845215 -37.0 1.000 1.000 1.000
v 1054.455337524414 -138.79014492034912 60.0 1.000 1.000 1.000
v 1054.455337524414 -57.79014492034912 44.0 1.000 1.000 1.000
v 627.4553375244141 -57.79014492034912 50.0 1.000 1.000 1.000
v 1040.455337524414 -78.79014492034912 -78.0 1.000 1.000 1.000
v 644.4553375244141 -79.79014492034912 -85.0 1.000 1.000 1.000
v 632.4553375244141 -28.79014492034912 -16.0 1.000 1.000 1.000
v 1046.455337524414 -28.79014492034912 -8.0 1.000 1.000 1.000
v 1035.455337524414 -145.79014492034912 -76.0 1.000 1.000 1.000
v 632.4553375244141 -183.79014492034912 -3.0 1.000 1.000 1.000
v 642.4553375244141 -153.79014492034912 -72.0 1.000 1.000 1.000
v 641.4553375244141 -126.79014492034912 89.0 1.000 1.000 1.000
v 628.4553375244141 -125.79014492034912 89.0 1.000 1.000 1.000
v 1045.455337524414 -181.79014492034912 6.0 1.000 1.000 1.000
v 1045.455337524414 -181.79014492034912 6.0 1.000 1.000 1.000
v 1054.455337524414 -138.79014492034912 60.0 1.000 1.000 1.000
v 1054.455337524414 -57.79014492034912 44.0 1.000 1.000 1.000
v 1046.455337524414 -28.79014492034912 -8.0 1.000 1.000 1.000
v 1040.455337524414 -78.79014492034912 -78.0 1.000 1.000 1.000
v 1035.455337524414 -145.79014492034912 -76.0 1.000 1.000 1.000
v 1041.2718048095703 -146.29352378845215 21.0 1.000 1.000 1.000
v 1053.2718048095703 -73.29352378845215 -4.0 1.000 1.000 1.000
v 1047.2718048095703 -83.29352378845215 -37.0 1.000 1.000 1.000
v 1042.2718048095703 -101.29352378845215 -65.0 1.000 1.000 1.000
v 1041.2718048095703 -141.29352378845215 -52.0 1.000 1.000 1.000
v 1041.2718048095703 -151.29352378845215 -13.0 1.000 1.000 1.000
v 565.4553375244141 -26.79014492034912 -9.0 1.000 1.000 1.000
v 563.4553375244141 -81.79014492034912 -74.0 1.000 1.000 1.000
v 563.4553375244141 -156.79014492034912 -77.0 1.000 1.000 1.000
v 557.4553375244141 -187.79014492034912 9.0 1.000 1.000 1.000
v 575.4553375244141 -126.79014492034912 94.0 1.000 1.000 1.000
v 575.4553375244141 -52.79014492034912 49.0 1.000 1.000 1.000
v 632.4553375244141 -28.79014492034912 -16.0 1.000 1.000 1.000
v 627.4553375244141 -57.79014492034912 50.0 1.000 1.000 1.000
v 644.4553375244141 -79.79014492034912 -85.0 1.000 1.000 1.000
v 642.4553375244141 -153.79014492034912 -72.0 1.000 1.000 1.000
v 632.4553375244141 -183.79014492034912 -3.0 1.000 1.000 1.000
v 628.4553375244141 -125.79014492034912 89.0 1.000 1.000 1.000
v 575.4553375244141 -126.79014492034912 94.0 1.000 1.000 1.000
v 530.4553375244141 -126.79014492034912 98.0 1.000 1.000 1.000
v 557.4553375244141 -187.79014492034912 9.0 1.000 1.000 1.000
v 530.4553375244141 -52.79014492034912 50.0 1.000 1.000 1.000
v 575.4553375244141 -52.79014492034912 49.0 1.000 1.000 1.000
v 565.4553375244141 -26.79014492034912 -9.0 1.000 1.000 1.000
v 1055.455337524414 -42.79014492034912 34.0 1.000 1.000 1.000
v 583.4553375244141 -130.79014492034912 94.0 1.000 1.000 1.000
v 1055.455337524414 -175.79014492034912 70.0 1.000 1.000 1.000
v 1028.455337524414 -78.79014492034912 -99.0 1.000 1.000 1.000
v 577.4553375244141 -104.79014492034912 -75.0 1.000 1.000 1.000
v 574.4553375244141 -22.79014492034912 40.0 1.000 1.000 1.000
v 577.4553375244141 -199.79014492034912 13.0 1.000 1.000 1.000
v 1027.455337524414 -202.79014492034912 -79.0 1.000 1.000 1.000
v 577.4553375244141 -199.79014492034912 13.0 1.000 1.000 1.000
v 583.4553375244141 -130.79014492034912 94.0 1.000 1.000 1.000
v 282.10227966308594 -48.39861297607422 123.0 1.000 1.000 1.000
v 282.10227966308594 -78.39861297607422 116.0 1.000 1.000 1.000
v 283.10227966308594 -10.398612976074219 14.0 1.000 1.000 1.000
v 282.10227966308594 -26.39861297607422 5.0 1.000 1.000 1.000
v 283.10227966308594 -26.39861297607422 -83.0 1.000 1.000 1.000
v 282.10227966308594 -42.39861297607422 -81.0 1.000 1.000 1.000
v 283.10227966308594 -131.39861297607422 -104.0 1.000 1.000 1.000
v 282.10227966308594 -135.39861297607422 -74.0 1.000 1.000 1.000
v 283.10227966308594 -203.39861297607422 -110.0 1.000 1.000 1.000
v 282.10227966308594 -200.39861297607422 -42.0 1.000 1.000 1.000
v 282.10227966308594 -203.39861297607422 152.0 1.000 1.000 1.000
v 282.10227966308594 -199.39861297607422 70.0 1.000 1.000 1.000
v 282.10227966308594 -103.39861297607422 148.0 1.000 1.000 1.000
v 282.10227966308594 -127.39861297607422 115.0 1.000 1.000 1.000
v 282.10227966308594 -199.39861297607422 70.0 1.000 1.000 1.000
v 282.10227966308594 -200.39861297607422 -42.0 1.000 1.000 1.000
v 471.10227966308594 -192.39861297607422 23.0 1.000 1.000 1.000
v 424.10227966308594 -169.39861297607422 -79.0 1.000 1.000 1.000
v 282.10227966308594 -135.39861297607422 -74.0 1.000 1.000 1.000
v 282.10227966308594 -42.39861297607422 -81.0 1.000 1.000 1.000
v 452.10227966308594 -28.39861297607422 -4.0 1.000 1.000 1.000
v 422.10227966308594 -82.39861297607422 -86.0 1.000 1.000 1.000
v 282.10227966308594 -78.39861297607422 116.0 1.000 1.000 1.000
v 449.10227966308594 -116.39861297607422 105.0 1.000 1.000 1.000
v 470.10227966308594 -53.39861297607422 53.0 1.000 1.000 1.000
v 282.10227966308594 -26.39861297607422 5.0 1.000 1.000 1.000
v 282.10227966308594 -127.39861297607422 115.0 1.000 1.000 1.000
v 3.0 -122.0 152.0 1.000 1.000 1.000
v 191.0 -109.0 22.0 1.000 1.000 1.000
v 3.0 -88.0 -106.0 1.000 1.000 1.000
v 107.0 -117.0 153.0 1.000 1.000 1.000
v 73.0 -87.0 -101.0 1.000 1.000 1.000
v 132.0 -87.0 -98.0 1.000 1.000 1.000
v 282.10227966308594 -203.39861297607422 152.0 1.000 1.000 1.000
v 282.10227966308594 -103.39861297607422 148.0 1.000 1.000 1.000
v 283.10227966308594 -10.398612976074219 14.0 1.000 1.000 1.000
v 282.10227966308594 -48.39861297607422 123.0 1.000 1.000 1.000
v 283.10227966308594 -203.39861297607422 -110.0 1.000 1.000 1.000
v 283.10227966308594 -131.39861297607422 -104.0 1.000 1.000 1.000
v 283.10227966308594 -26.39861297607422 -83.0 1.000 1.000 1.000
v 452.10227966308594 -28.39861297607422 -4.0 1.000 1.000 1.000
v 422.10227966308594 -82.39861297607422 -86.0 1.000 1.000 1.000
v 424.10227966308594 -169.39861297607422 -79.0 1.000 1.000 1.000
v 471.10227966308594 -192.39861297607422 23.0 1.000 1.000 1.000
v 449.10227966308594 -116.39861297607422 105.0 1.000 1.000 1.000
v 470.10227966308594 -53.39861297607422 53.0 1.000 1.000 1.000
v 563.4553375244141 -81.79014492034912 -74.0 1.000 1.000 1.000
v 565.4553375244141 -26.79014492034912 -9.0 1.000 1.000 1.000
v 563.4553375244141 -156.79014492034912 -77.0 1.000 1.000 1.000
v 557.4553375244141 -187.79014492034912 9.0 1.000 1.000 1.000
v 530.4553375244141 -126.79014492034912 98.0 1.000 1.000 1.000
v 530.4553375244141 -52.79014492034912 50.0 1.000 1.000 1.000
v 221.10227966308594 -151.39861297607422 135.0 1.000 1.000 1.000
v 219.10227966308594 -196.39861297607422 21.0 1.000 1.000 1.000
v 583.1022796630859 -130.39861297607422 94.0 1.000 1.000 1.000
v 578.1022796630859 -200.39861297607422 13.0 1.000 1.000 1.000
v 218.10227966308594 -119.39861297607422 -81.0 1.000 1.000 1.000
v 218.10227966308594 -26.39861297607422 28.0 1.000 1.000 1.000
v 574.1022796630859 -22.39861297607422 40.0 1.000 1.000 1.000
v 577.1022796630859 -104.39861297607422 -75.0 1.000 1.000 1.000
v 218.10227966308594 -119.39861297607422 -81.0 1.000 1.000 1.000
v 219.10227966308594 -196.39861297607422 21.0 1.000 1.000 1.000
v 221.10227966308594 -151.39861297607422 135.0 1.000 1.000 1.000
v 218.10227966308594 -26.39861297607422 28.0 1.000 1.000 1.000
v 578.1022796630859 -200.39861297607422 13.0 1.000 1.000 1.000
v 583.1022796630859 -130.39861297607422 94.0 1.000 1.000 1.000
v -198.6515655517578 416.17874705791473 78.0 1.000 1.000 1.000
v -112.65156555175781 396.17874705791473 73.0 1.000 1.000 1.000
v -109.65156555175781 396.17874705791473 -14.0 1.000 1.000 1.000
v -112.65156555175781 396.17874705791473 73.0 1.000 1.000 1.000
v -364.6515655517578 397.17874705791473 -14.0 1.000 1.000 1.000
v -354.6515655517578 396.17874705791473 73.0 1.000 1.000 1.000
v -354.6515655517578 396.17874705791473 73.0 1.000 1.000 1.000
v -277.6515655517578 413.17874705791473 77.0 1.000 1.000 1.000
v 138.3349220752716 444.8643493652344 86.0 1.000 1.000 1.000
v 54.334922075271606 445.8643493652344 87.0 1.000 1.000 1.000
v 142.3349220752716 507.8643493652344 -7.0 1.000 1.000 1.000
v 138.3349220752716 444.8643493652344 86.0 1.000 1.000 1.000
v -141.6650779247284 433.8643493652344 83.0 1.000 1.000 1.000
v -145.6650779247284 511.8643493652344 -6.0 1.000 1.000 1.000
v -141.6650779247284 433.8643493652344 83.0 1.000 1.000 1.000
v -55.665077924728394 441.8643493652344 85.0 1.000 1.000 1.000
v -141.6515655517578 388.17874705791473 -60.0 1.000 1.000 1.000
v -109.65156555175781 396.17874705791473 -14.0 1.000 1.000 1.000
v -235.6515655517578 381.17874705791473 -80.0 1.000 1.000 1.000
v -310.6515655517578 388.17874705791473 -60.0 1.000 1.000 1.000
v -364.6515655517578 397.17874705791473 -14.0 1.000 1.000 1.000
v -198.6515655517578 416.17874705791473 78.0 1.000 1.000 1.000
v -237.6515655517578 362.17874705791473 66.0 1.000 1.000 1.000
v 70.3349220752716 512.8643493652344 -105.0 1.000 1.000 1.000
v 142.3349220752716 507.8643493652344 -7.0 1.000 1.000 1.000
v 0.33492207527160645 432.8643493652344 -117.0 1.000 1.000 1.000
v -77.6650779247284 513.8643493652344 -102.0 1.000 1.000 1.000
v -145.6650779247284 511.8643493652344 -6.0 1.000 1.000 1.000
v 42.334922075271606 483.8643493652344 9.0 1.000 1.000 1.000
v 32.334922075271606 462.8643493652344 27.0 1.000 1.000 1.000
v -0.6650779247283936 429.8643493652344 65.0 1.000 1.000 1.000
v -20.665077924728394 440.8643493652344 51.0 1.000 1.000 1.000
v -237.6515655517578 362.17874705791473 66.0 1.000 1.000 1.000
v -198.6515655517578 416.17874705791473 78.0 1.000 1.000 1.000
v -277.6515655517578 413.17874705791473 77.0 1.000 1.000 1.000
v 18.334922075271606 440.8643493652344 49.0 1.000 1.000 1.000
v -44.665077924728394 483.8643493652344 9.0 1.000 1.000 1.000
v -43.665077924728394 479.8643493652344 -2.0 1.000 1.000 1.000
v 43.334922075271606 474.8643493652344 1.0 1.000 1.000 1.000
v 42.334922075271606 483.8643493652344 9.0 1.000 1.000 1.000
v 27.334922075271606 450.8643493652344 40.0 1.000 1.000 1.000
v -20.665077924728394 440.8643493652344 51.0 1.000 1.000 1.000
v -37.665077924728394 462.8643493652344 27.0 1.000 1.000 1.000
v -29.665077924728394 450.8643493652344 40.0 1.000 1.000 1.000
v 32.334922075271606 462.8643493652344 27.0 1.000 1.000 1.000
v -0.6650779247283936 429.8643493652344 65.0 1.000 1.000 1.000
v -13.665077924728394 575.8643493652344 137.0 1.000 1.000 1.000
v 11.334922075271606 664.8643493652344 144.0 1.000 1.000 1.000
v -111.6650779247284 628.8643493652344 129.0 1.000 1.000 1.000
v 30.334922075271606 576.8643493652344 128.0 1.000 1.000 1.000
v 142.3349220752716 507.8643493652344 -7.0 1.000 1.000 1.000
v 149.3349220752716 527.8643493652344 107.0 1.000 1.000 1.000
v 146.3349220752716 485.8643493652344 96.0 1.000 1.000 1.000
v 114.3349220752716 632.8643493652344 130.0 1.000 1.000 1.000
v 55.334922075271606 549.8643493652344 113.0 1.000 1.000 1.000
v 114.3349220752716 632.8643493652344 130.0 1.000 1.000 1.000
v 30.334922075271606 576.8643493652344 128.0 1.000 1.000 1.000
v 145.3349220752716 585.8643493652344 127.0 1.000 1.000 1.000
v 62.334922075271606 522.8643493652344 106.0 1.000 1.000 1.000
v 145.3349220752716 585.8643493652344 127.0 1.000 1.000 1.000
v 55.334922075271606 549.8643493652344 113.0 1.000 1.000 1.000
v 149.3349220752716 527.8643493652344 107.0 1.000 1.000 1.000
v 62.334922075271606 487.8643493652344 96.0 1.000 1.000 1.000
v 149.3349220752716 527.8643493652344 107.0 1.000 1.000 1.000
v 62.334922075271606 522.8643493652344 106.0 1.000 1.000 1.000
v 146.3349220752716 485.8643493652344 96.0 1.000 1.000 1.000
v 142.3349220752716 507.8643493652344 -7.0 1.000 1.000 1.000
v 106.3349220752716 655.8643493652344 -22.0 1.000 1.000 1.000
v 149.3349220752716 527.8643493652344 107.0 1.000 1.000 1.000
v -152.6650779247284 487.8643493652344 97.0 1.000 1.000 1.000
v -110.6650779247284 654.8643493652344 -23.0 1.000 1.000 1.000
v -145.6650779247284 511.8643493652344 -6.0 1.000 1.000 1.000
v -4.6650779247283936 704.8643493652344 19.0 1.000 1.000 1.000
v 11.334922075271606 664.8643493652344 144.0 1.000 1.000 1.000
v 114.3349220752716 632.8643493652344 130.0 1.000 1.000 1.000
v -139.6650779247284 573.8643493652344 122.0 1.000 1.000 1.000
v -111.6650779247284 628.8643493652344 129.0 1.000 1.000 1.000
v 11.334922075271606 664.8643493652344 144.0 1.000 1.000 1.000
v -4.6650779247283936 704.8643493652344 19.0 1.000 1.000 1.000
v -111.6650779247284 628.8643493652344 129.0 1.000 1.000 1.000
v -110.6650779247284 654.8643493652344 -23.0 1.000 1.000 1.000
v 106.3349220752716 655.8643493652344 -22.0 1.000 1.000 1.000
v 114.3349220752716 632.8643493652344 130.0 1.000 1.000 1.000
v 145.3349220752716 585.8643493652344 127.0 1.000 1.000 1.000
v 106.3349220752716 655.8643493652344 -22.0 1.000 1.000 1.000
v -4.6650779247283936 704.8643493652344 19.0 1.000 1.000 1.000
v 114.3349220752716 632.8643493652344 130.0 1.000 1.000 1.000
v 106.3349220752716 655.8643493652344 -22.0 1.000 1.000 1.000
v 145.3349220752716 585.8643493652344 127.0 1.000 1.000 1.000
v 149.3349220752716 527.8643493652344 107.0 1.000 1.000 1.000
v -64.6650779247284 520.8643493652344 105.0 1.000 1.000 1.000
v -152.6650779247284 487.8643493652344 97.0 1.000 1.000 1.000
v -62.665077924728394 482.8643493652344 97.0 1.000 1.000 1.000
v -64.6650779247284 520.8643493652344 105.0 1.000 1.000 1.000
v -139.6650779247284 573.8643493652344 122.0 1.000 1.000 1.000
v -152.6650779247284 487.8643493652344 97.0 1.000 1.000 1.000
v -64.6650779247284 520.8643493652344 105.0 1.000 1.000 1.000
v -55.665077924728394 561.8643493652344 113.0 1.000 1.000 1.000
v -139.6650779247284 573.8643493652344 122.0 1.000 1.000 1.000
v -111.6650779247284 628.8643493652344 129.0 1.000 1.000 1.000
v -55.665077924728394 561.8643493652344 113.0 1.000 1.000 1.000
v -13.665077924728394 575.8643493652344 137.0 1.000 1.000 1.000
v -111.6650779247284 628.8643493652344 129.0 1.000 1.000 1.000
v -62.665077924728394 482.8643493652344 97.0 1.000 1.000 1.000
v -141.6650779247284 433.8643493652344 83.0 1.000 1.000 1.000
v -55.665077924728394 441.8643493652344 85.0 1.000 1.000 1.000
v -152.6650779247284 487.8643493652344 97.0 1.000 1.000 1.000
v -141.6650779247284 433.8643493652344 83.0 1.000 1.000 1.000
v -152.6650779247284 487.8643493652344 97.0 1.000 1.000 1.000
v -145.6650779247284 511.8643493652344 -6.0 1.000 1.000 1.000
v 142.3349220752716 507.8643493652344 -7.0 1.000 1.000 1.000
v 146.3349220752716 485.8643493652344 96.0 1.000 1.000 1.000
v 138.3349220752716 444.8643493652344 86.0 1.000 1.000 1.000
v 54.334922075271606 445.8643493652344 87.0 1.000 1.000 1.000
v 146.3349220752716 485.8643493652344 96.0 1.000 1.000 1.000
v 62.334922075271606 487.8643493652344 96.0 1.000 1.000 1.000
v 138.3349220752716 444.8643493652344 86.0 1.000 1.000 1.000
v -1.6650779247283936 667.8643493652344 -118.0 1.000 1.000 1.000
v -77.6650779247284 513.8643493652344 -102.0 1.000 1.000 1.000
v -110.6650779247284 654.8643493652344 -23.0 1.000 1.000 1.000
v 0.33492207527160645 585.8643493652344 -139.0 1.000 1.000 1.000
v -145.6650779247284 511.8643493652344 -6.0 1.000 1.000 1.000
v 0.33492207527160645 432.8643493652344 -117.0 1.000 1.000 1.000
v -4.6650779247283936 704.8643493652344 19.0 1.000 1.000 1.000
v -1.6650779247283936 667.8643493652344 -118.0 1.000 1.000 1.000
v -110.6650779247284 654.8643493652344 -23.0 1.000 1.000 1.000
v 70.3349220752716 512.8643493652344 -105.0 1.000 1.000 1.000
v 0.33492207527160645 432.8643493652344 -117.0 1.000 1.000 1.000
v 0.33492207527160645 585.8643493652344 -139.0 1.000 1.000 1.000
v 106.3349220752716 655.8643493652344 -22.0 1.000 1.000 1.000
v 142.3349220752716 507.8643493652344 -7.0 1.000 1.000 1.000
v -132.6650779247284 368.8643493652344 69.0 1.000 1.000 1.000
v 134.3349220752716 369.8643493652344 69.0 1.000 1.000 1.000
v 116.3349220752716 649.8643493652344 126.0 1.000 1.000 1.000
v -119.6650779247284 649.8643493652344 126.0 1.000 1.000 1.000
v -119.6650779247284 649.8643493652344 126.0 1.000 1.000 1.000
v 116.3349220752716 649.8643493652344 126.0 1.000 1.000 1.000
v 99.3349220752716 650.8643493652344 -125.0 1.000 1.000 1.000
v -100.6650779247284 650.8643493652344 -125.0 1.000 1.000 1.000
v -132.6650779247284 393.8643493652344 -98.0 1.000 1.000 1.000
v -132.6650779247284 368.8643493652344 69.0 1.000 1.000 1.000
v 132.3349220752716 394.8643493652344 -97.0 1.000 1.000 1.000
v 134.3349220752716 369.8643493652344 69.0 1.000 1.000 1.000
v -726.4680905342102 378.5415552854538 58.0 1.000 1.000 1.000
v -690.4680905342102 437.5415552854538 -29.0 1.000 1.000 1.000
v -713.4680905342102 385.5415552854538 -46.0 1.000 1.000 1.000
v -703.4680905342102 465.5415552854538 54.0 1.000 1.000 1.000
v -690.4680905342102 437.5415552854538 -29.0 1.000 1.000 1.000
v -703.4680905342102 465.5415552854538 54.0 1.000 1.000 1.000
v -605.4680905342102 440.5415552854538 8.0 1.000 1.000 1.000
v -606.4680905342102 435.5415552854538 44.0 1.000 1.000 1.000
v -605.4680905342102 423.5415552854538 -29.0 1.000 1.000 1.000
v -606.4680905342102 435.5415552854538 44.0 1.000 1.000 1.000
v -726.4680905342102 378.5415552854538 58.0 1.000 1.000 1.000
v -610.4680905342102 380.5415552854538 40.0 1.000 1.000 1.000
v -703.4680905342102 465.5415552854538 54.0 1.000 1.000 1.000
v -613.4680905342102 384.5415552854538 9.0 1.000 1.000 1.000
v -610.4680905342102 380.5415552854538 40.0 1.000 1.000 1.000
v -726.4680905342102 378.5415552854538 58.0 1.000 1.000 1.000
v -713.4680905342102 385.5415552854538 -46.0 1.000 1.000 1.000
v -608.4680905342102 387.5415552854538 -24.0 1.000 1.000 1.000
v -613.4680905342102 384.5415552854538 9.0 1.000 1.000 1.000
v -726.4680905342102 378.5415552854538 58.0 1.000 1.000 1.000
v -605.4680905342102 423.5415552854538 -29.0 1.000 1.000 1.000
v -713.4680905342102 385.5415552854538 -46.0 1.000 1.000 1.000
v -690.4680905342102 437.5415552854538 -29.0 1.000 1.000 1.000
v -608.4680905342102 387.5415552854538 -24.0 1.000 1.000 1.000
v -538.8165249824524 448.36280822753906 68.0 1.000 1.000 1.000
v -439.8165249824524 407.36280822753906 78.0 1.000 1.000 1.000
v -440.8165249824524 457.36280822753906 70.0 1.000 1.000 1.000
v -539.8165249824524 435.36280822753906 -53.0 1.000 1.000 1.000
v -537.8165249824524 459.36280822753906 17.0 1.000 1.000 1.000
v -440.8165249824524 462.36280822753906 5.0 1.000 1.000 1.000
v -536.8165249824524 377.36280822753906 -60.0 1.000 1.000 1.000
v -441.8165249824524 414.36280822753906 -60.0 1.000 1.000 1.000
v -440.8165249824524 354.36280822753906 -10.0 1.000 1.000 1.000
v -541.8165249824524 367.36280822753906 75.0 1.000 1.000 1.000
v -539.8165249824524 358.36280822753906 14.0 1.000 1.000 1.000
v -440.8165249824524 357.36280822753906 65.0 1.000 1.000 1.000
v -539.8165249824524 358.36280822753906 14.0 1.000 1.000 1.000
v -536.8165249824524 377.36280822753906 -60.0 1.000 1.000 1.000
v -539.8165249824524 435.36280822753906 -53.0 1.000 1.000 1.000
v -537.8165249824524 459.36280822753906 17.0 1.000 1.000 1.000
v -538.8165249824524 448.36280822753906 68.0 1.000 1.000 1.000
v -541.8165249824524 367.36280822753906 75.0 1.000 1.000 1.000
v -613.4680905342102 384.5415552854538 9.0 1.000 1.000 1.000
v -608.4680905342102 387.5415552854538 -24.0 1.000 1.000 1.000
v -605.4680905342102 423.5415552854538 -29.0 1.000 1.000 1.000
v -605.4680905342102 440.5415552854538 8.0 1.000 1.000 1.000
v -606.4680905342102 435.5415552854538 44.0 1.000 1.000 1.000
v -610.4680905342102 380.5415552854538 40.0 1.000 1.000 1.000
v -371.8165249824524 459.36280822753906 6.0 1.000 1.000 1.000
v -372.8165249824524 414.36280822753906 -60.0 1.000 1.000 1.000
v -372.8165249824524 350.36280822753906 -10.0 1.000 1.000 1.000
v -371.8165249824524 358.36280822753906 71.0 1.000 1.000 1.000
v -370.8165249824524 407.36280822753906 78.0 1.000 1.000 1.000
v -371.8165249824524 455.36280822753906 69.0 1.000 1.000 1.000
v -440.8165249824524 462.36280822753906 5.0 1.000 1.000 1.000
v -441.8165249824524 414.36280822753906 -60.0 1.000 1.000 1.000
v -440.8165249824524 354.36280822753906 -10.0 1.000 1.000 1.000
v -440.8165249824524 357.36280822753906 65.0 1.000 1.000 1.000
v -439.8165249824524 407.36280822753906 78.0 1.000 1.000 1.000
v -440.8165249824524 457.36280822753906 70.0 1.000 1.000 1.000
v -380.8165249824524 345.36280822753906 85.0 1.000 1.000 1.000
v -380.8165249824524 446.36280822753906 89.0 1.000 1.000 1.000
v -654.8165249824524 387.36280822753906 37.0 1.000 1.000 1.000
v -653.8165249824524 394.36280822753906 -36.0 1.000 1.000 1.000
v -380.8165249824524 342.36280822753906 -40.0 1.000 1.000 1.000
v -653.8165249824524 451.36280822753906 37.0 1.000 1.000 1.000
v -380.8165249824524 458.36280822753906 -63.0 1.000 1.000 1.000
v -654.8165249824524 434.36280822753906 -39.0 1.000 1.000 1.000
v -290.35447359085083 359.48233795166016 79.0 1.000 1.000 1.000
v -245.35447359085083 348.48233795166016 -16.0 1.000 1.000 1.000
v -235.35447359085083 352.48233795166016 87.0 1.000 1.000 1.000
v -139.35447359085083 409.48233795166016 90.0 1.000 1.000 1.000
v -291.35447359085083 404.48233795166016 83.0 1.000 1.000 1.000
v -291.35447359085083 413.48233795166016 -62.0 1.000 1.000 1.000
v -88.35447359085083 436.48233795166016 11.0 1.000 1.000 1.000
v -124.35447359085083 402.48233795166016 -69.0 1.000 1.000 1.000
v -290.35447359085083 345.48233795166016 -11.0 1.000 1.000 1.000
v -289.35447359085083 452.48233795166016 75.0 1.000 1.000 1.000
v -279.35447359085083 456.48233795166016 7.0 1.000 1.000 1.000
v -433.6515655517578 205.17874705791473 89.0 1.000 1.000 1.000
v -431.6515655517578 192.17874705791473 -20.0 1.000 1.000 1.000
v -438.6515655517578 362.17874705791473 -66.0 1.000 1.000 1.000
v -437.6515655517578 381.17874705791473 29.0 1.000 1.000 1.000
v -439.6515655517578 340.17874705791473 79.0 1.000 1.000 1.000
v -245.35447359085083 348.48233795166016 -16.0 1.000 1.000 1.000
v -235.35447359085083 352.48233795166016 87.0 1.000 1.000 1.000
v -124.35447359085083 402.48233795166016 -69.0 1.000 1.000 1.000
v -88.35447359085083 436.48233795166016 11.0 1.000 1.000 1.000
v -139.35447359085083 409.48233795166016 90.0 1.000 1.000 1.000
v -279.35447359085083 456.48233795166016 7.0 1.000 1.000 1.000
v -291.35447359085083 413.48233795166016 -62.0 1.000 1.000 1.000
v -290.35447359085083 345.48233795166016 -11.0 1.000 1.000 1.000
v -290.35447359085083 359.48233795166016 79.0 1.000 1.000 1.000
v -291.35447359085083 404.48233795166016 83.0 1.000 1.000 1.000
v -289.35447359085083 452.48233795166016 75.0 1.000 1.000 1.000
v -371.8165249824524 459.36280822753906 6.0 1.000 1.000 1.000
v -372.8165249824524 414.36280822753906 -60.0 1.000 1.000 1.000
v -372.8165249824524 350.36280822753906 -10.0 1.000 1.000 1.000
v -371.8165249824524 358.36280822753906 71.0 1.000 1.000 1.000
v -370.8165249824524 407.36280822753906 78.0 1.000 1.000 1.000
v -371.8165249824524 455.36280822753906 69.0 1.000 1.000 1.000
v -136.35447359085083 416.48233795166016 66.0 1.000 1.000 1.000
v -73.35447359085083 319.48233795166016 64.0 1.000 1.000 1.000
v -47.35447359085083 315.48233795166016 -59.0 1.000 1.000 1.000
v -132.35447359085083 429.48233795166016 -45.0 1.000 1.000 1.000
v -380.35447359085083 344.48233795166016 85.0 1.000 1.000 1.000
v -47.35447359085083 315.48233795166016 -59.0 1.000 1.000 1.000
v -73.35447359085083 319.48233795166016 64.0 1.000 1.000 1.000
v -381.35447359085083 446.48233795166016 89.0 1.000 1.000 1.000
v -380.35447359085083 458.48233795166016 -63.0 1.000 1.000 1.000
v -380.35447359085083 342.48233795166016 -40.0 1.000 1.000 1.000
v 342.7559509277344 -2.7795539945364 -45.345776081085205 1.000 1.000 1.000
v 318.7559509277344 50.2204460054636 -29.345776081085205 1.000 1.000 1.000
v 352.7559509277344 -7.7795539945364 58.654223918914795 1.000 1.000 1.000
v 329.7559509277344 79.2204460054636 53.654223918914795 1.000 1.000 1.000
v 233.75595092773438 33.2204460054636 -30.345776081085205 1.000 1.000 1.000
v 232.75595092773438 57.2204460054636 12.654223918914795 1.000 1.000 1.000
v 318.7559509277344 50.2204460054636 -29.345776081085205 1.000 1.000 1.000
v 232.75595092773438 48.2204460054636 41.654223918914795 1.000 1.000 1.000
v 329.7559509277344 79.2204460054636 53.654223918914795 1.000 1.000 1.000
v 236.75595092773438 -7.7795539945364 39.654223918914795 1.000 1.000 1.000
v 352.7559509277344 -7.7795539945364 58.654223918914795 1.000 1.000 1.000
v 232.75595092773438 48.2204460054636 41.654223918914795 1.000 1.000 1.000
v 329.7559509277344 79.2204460054636 53.654223918914795 1.000 1.000 1.000
v 236.75595092773438 -4.7795539945364 5.654223918914795 1.000 1.000 1.000
v 237.75595092773438 -1.7795539945363998 -25.345776081085205 1.000 1.000 1.000
v 342.7559509277344 -2.7795539945364 -45.345776081085205 1.000 1.000 1.000
v 352.7559509277344 -7.7795539945364 58.654223918914795 1.000 1.000 1.000
v 236.75595092773438 -7.7795539945364 39.654223918914795 1.000 1.000 1.000
v 236.75595092773438 -4.7795539945364 5.654223918914795 1.000 1.000 1.000
v 342.7559509277344 -2.7795539945364 -45.345776081085205 1.000 1.000 1.000
v 318.7559509277344 50.2204460054636 -29.345776081085205 1.000 1.000 1.000
v 342.7559509277344 -2.7795539945364 -45.345776081085205 1.000 1.000 1.000
v 233.75595092773438 33.2204460054636 -30.345776081085205 1.000 1.000 1.000
v 237.75595092773438 -1.7795539945363998 -25.345776081085205 1.000 1.000 1.000
v 446.6772036552429 442.1795539855957 72.39629793167114 1.000 1.000 1.000
v 445.6772036552429 392.1795539855957 81.39629793167114 1.000 1.000 1.000
v 544.6772036552429 417.1795539855957 82.39629793167114 1.000 1.000 1.000
v 447.6772036552429 446.1795539855957 7.396297931671143 1.000 1.000 1.000
v 544.6772036552429 443.1795539855957 20.396297931671143 1.000 1.000 1.000
v 547.6772036552429 418.1795539855957 -48.60370206832886 1.000 1.000 1.000
v 447.6772036552429 346.1795539855957 -6.603702068328857 1.000 1.000 1.000
v 449.6772036552429 397.1795539855957 -57.60370206832886 1.000 1.000 1.000
v 544.6772036552429 361.1795539855957 -54.60370206832886 1.000 1.000 1.000
v 546.6772036552429 352.1795539855957 80.39629793167114 1.000 1.000 1.000
v 446.6772036552429 340.1795539855957 69.39629793167114 1.000 1.000 1.000
v 546.6772036552429 343.1795539855957 19.396297931671143 1.000 1.000 1.000
v 546.6772036552429 343.1795539855957 19.396297931671143 1.000 1.000 1.000
v 546.6772036552429 352.1795539855957 80.39629793167114 1.000 1.000 1.000
v 544.6772036552429 417.1795539855957 82.39629793167114 1.000 1.000 1.000
v 544.6772036552429 443.1795539855957 20.396297931671143 1.000 1.000 1.000
v 547.6772036552429 418.1795539855957 -48.60370206832886 1.000 1.000 1.000
v 544.6772036552429 361.1795539855957 -54.60370206832886 1.000 1.000 1.000
v 236.75595092773438 -4.7795539945364 5.654223918914795 1.000 1.000 1.000
v 237.75595092773438 -1.7795539945363998 -25.345776081085205 1.000 1.000 1.000
v 236.75595092773438 -7.7795539945364 39.654223918914795 1.000 1.000 1.000
v 232.75595092773438 48.2204460054636 41.654223918914795 1.000 1.000 1.000
v 232.75595092773438 57.2204460054636 12.654223918914795 1.000 1.000 1.000
v 233.75595092773438 33.2204460054636 -30.345776081085205 1.000 1.000 1.000
v 375.6772036552429 340.1795539855957 -7.603702068328857 1.000 1.000 1.000
v 381.6772036552429 397.1795539855957 -58.60370206832886 1.000 1.000 1.000
v 378.6772036552429 443.1795539855957 7.396297931671143 1.000 1.000 1.000
v 377.6772036552429 440.1795539855957 70.39629793167114 1.000 1.000 1.000
v 376.6772036552429 392.1795539855957 80.39629793167114 1.000 1.000 1.000
v 377.6772036552429 335.1795539855957 73.39629793167114 1.000 1.000 1.000
v 447.6772036552429 346.1795539855957 -6.603702068328857 1.000 1.000 1.000
v 449.6772036552429 397.1795539855957 -57.60370206832886 1.000 1.000 1.000
v 447.6772036552429 446.1795539855957 7.396297931671143 1.000 1.000 1.000
v 446.6772036552429 442.1795539855957 72.39629793167114 1.000 1.000 1.000
v 445.6772036552429 392.1795539855957 81.39629793167114 1.000 1.000 1.000
v 446.6772036552429 340.1795539855957 69.39629793167114 1.000 1.000 1.000
v 660.6772036552429 376.1795539855957 44.39629793167114 1.000 1.000 1.000
v 386.6772036552429 435.1795539855957 90.39629793167114 1.000 1.000 1.000
v 385.6772036552429 334.1795539855957 87.39629793167114 1.000 1.000 1.000
v 387.6772036552429 329.1795539855957 -36.60370206832886 1.000 1.000 1.000
v 661.6772036552429 381.1795539855957 -29.603702068328857 1.000 1.000 1.000
v 388.6772036552429 445.1795539855957 -61.60370206832886 1.000 1.000 1.000
v 660.6772036552429 439.1795539855957 43.39629793167114 1.000 1.000 1.000
v 661.6772036552429 422.1795539855957 -32.60370206832886 1.000 1.000 1.000
v 241.08998441696167 338.49356842041016 88.0 1.000 1.000 1.000
v 253.08998441696167 332.49356842041016 -16.0 1.000 1.000 1.000
v 296.08998441696167 344.49356842041016 81.0 1.000 1.000 1.000
v 297.08998441696167 390.49356842041016 84.0 1.000 1.000 1.000
v 145.08998441696167 395.49356842041016 88.0 1.000 1.000 1.000
v 133.08998441696167 385.49356842041016 -71.0 1.000 1.000 1.000
v 96.08998441696167 421.49356842041016 8.0 1.000 1.000 1.000
v 300.08998441696167 396.49356842041016 -61.0 1.000 1.000 1.000
v 297.08998441696167 329.49356842041016 -9.0 1.000 1.000 1.000
v 295.08998441696167 437.49356842041016 75.0 1.000 1.000 1.000
v 286.08998441696167 440.49356842041016 7.0 1.000 1.000 1.000
v -46.65156555175781 205.17874705791473 88.0 1.000 1.000 1.000
v -44.65156555175781 194.17874705791473 -17.0 1.000 1.000 1.000
v -40.65156555175781 361.17874705791473 -64.0 1.000 1.000 1.000
v -40.65156555175781 384.17874705791473 27.0 1.000 1.000 1.000
v -41.65156555175781 341.17874705791473 79.0 1.000 1.000 1.000
v 241.08998441696167 338.49356842041016 88.0 1.000 1.000 1.000
v 253.08998441696167 332.49356842041016 -16.0 1.000 1.000 1.000
v 133.08998441696167 385.49356842041016 -71.0 1.000 1.000 1.000
v 96.08998441696167 421.49356842041016 8.0 1.000 1.000 1.000
v 145.08998441696167 395.49356842041016 88.0 1.000 1.000 1.000
v 286.08998441696167 440.49356842041016 7.0 1.000 1.000 1.000
v 300.08998441696167 396.49356842041016 -61.0 1.000 1.000 1.000
v 297.08998441696167 329.49356842041016 -9.0 1.000 1.000 1.000
v 296.08998441696167 344.49356842041016 81.0 1.000 1.000 1.000
v 297.08998441696167 390.49356842041016 84.0 1.000 1.000 1.000
v 295.08998441696167 437.49356842041016 75.0 1.000 1.000 1.000
v 381.6772036552429 397.1795539855957 -58.60370206832886 1.000 1.000 1.000
v 378.6772036552429 443.1795539855957 7.396297931671143 1.000 1.000 1.000
v 375.6772036552429 340.1795539855957 -7.603702068328857 1.000 1.000 1.000
v 377.6772036552429 335.1795539855957 73.39629793167114 1.000 1.000 1.000
v 376.6772036552429 392.1795539855957 80.39629793167114 1.000 1.000 1.000
v 377.6772036552429 440.1795539855957 70.39629793167114 1.000 1.000 1.000
v 78.08998441696167 310.49356842041016 62.0 1.000 1.000 1.000
v 56.08998441696167 303.49356842041016 -61.0 1.000 1.000 1.000
v 386.08998441696167 334.49356842041016 88.0 1.000 1.000 1.000
v 387.08998441696167 435.49356842041016 91.0 1.000 1.000 1.000
v 142.08998441696167 406.49356842041016 64.0 1.000 1.000 1.000
v 139.08998441696167 417.49356842041016 -47.0 1.000 1.000 1.000
v 389.08998441696167 445.49356842041016 -61.0 1.000 1.000 1.000
v 388.08998441696167 329.49356842041016 -37.0 1.000 1.000 1.000
v 78.08998441696167 310.49356842041016 62.0 1.000 1.000 1.000
v 56.08998441696167 303.49356842041016 -61.0 1.000 1.000 1.000
v -40.65156555175781 384.17874705791473 27.0 1.000 1.000 1.000
v -141.6515655517578 388.17874705791473 -60.0 1.000 1.000 1.000
v -109.65156555175781 396.17874705791473 -14.0 1.000 1.000 1.000
v -41.65156555175781 341.17874705791473 79.0 1.000 1.000 1.000
v -236.6515655517578 230.17874705791473 159.0 1.000 1.000 1.000
v -84.65156555175781 217.17874705791473 146.0 1.000 1.000 1.000
v -392.6515655517578 217.17874705791473 146.0 1.000 1.000 1.000
v -409.6515655517578 81.17874705791473 21.0 1.000 1.000 1.000
v -335.6515655517578 90.17874705791473 138.0 1.000 1.000 1.000
v -237.6515655517578 362.17874705791473 66.0 1.000 1.000 1.000
v -277.6515655517578 413.17874705791473 77.0 1.000 1.000 1.000
v -309.6515655517578 370.17874705791473 81.0 1.000 1.000 1.000
v -364.6515655517578 397.17874705791473 -14.0 1.000 1.000 1.000
v -310.6515655517578 388.17874705791473 -60.0 1.000 1.000 1.000
v -437.6515655517578 381.17874705791473 29.0 1.000 1.000 1.000
v -236.6515655517578 90.17874705791473 150.0 1.000 1.000 1.000
v -438.6515655517578 362.17874705791473 -66.0 1.000 1.000 1.000
v -437.6515655517578 381.17874705791473 29.0 1.000 1.000 1.000
v -310.6515655517578 388.17874705791473 -60.0 1.000 1.000 1.000
v -236.6515655517578 230.17874705791473 159.0 1.000 1.000 1.000
v -236.6515655517578 90.17874705791473 150.0 1.000 1.000 1.000
v -135.6515655517578 90.17874705791473 138.0 1.000 1.000 1.000
v -141.6515655517578 388.17874705791473 -60.0 1.000 1.000 1.000
v -40.65156555175781 384.17874705791473 27.0 1.000 1.000 1.000
v -40.65156555175781 361.17874705791473 -64.0 1.000 1.000 1.000
v -46.65156555175781 205.17874705791473 88.0 1.000 1.000 1.000
v -41.65156555175781 341.17874705791473 79.0 1.000 1.000 1.000
v -84.65156555175781 217.17874705791473 146.0 1.000 1.000 1.000
v -56.65156555175781 80.17874705791473 22.0 1.000 1.000 1.000
v -392.6515655517578 217.17874705791473 146.0 1.000 1.000 1.000
v -335.6515655517578 90.17874705791473 138.0 1.000 1.000 1.000
v -439.6515655517578 340.17874705791473 79.0 1.000 1.000 1.000
v -433.6515655517578 205.17874705791473 89.0 1.000 1.000 1.000
v -392.6515655517578 217.17874705791473 146.0 1.000 1.000 1.000
v -409.6515655517578 81.17874705791473 21.0 1.000 1.000 1.000
v -46.65156555175781 205.17874705791473 88.0 1.000 1.000 1.000
v -56.65156555175781 80.17874705791473 22.0 1.000 1.000 1.000
v -44.65156555175781 194.17874705791473 -17.0 1.000 1.000 1.000
v -84.65156555175781 217.17874705791473 146.0 1.000 1.000 1.000
v -135.6515655517578 90.17874705791473 138.0 1.000 1.000 1.000
v -309.6515655517578 370.17874705791473 81.0 1.000 1.000 1.000
v -236.6515655517578 230.17874705791473 159.0 1.000 1.000 1.000
v -437.6515655517578 381.17874705791473 29.0 1.000 1.000 1.000
v -237.6515655517578 362.17874705791473 66.0 1.000 1.000 1.000
v -41.65156555175781 341.17874705791473 79.0 1.000 1.000 1.000
v -165.6515655517578 371.17874705791473 81.0 1.000 1.000 1.000
v -40.65156555175781 384.17874705791473 27.0 1.000 1.000 1.000
v -354.6515655517578 396.17874705791473 73.0 1.000 1.000 1.000
v -437.6515655517578 381.17874705791473 29.0 1.000 1.000 1.000
v -309.6515655517578 370.17874705791473 81.0 1.000 1.000 1.000
v -40.65156555175781 384.17874705791473 27.0 1.000 1.000 1.000
v -112.65156555175781 396.17874705791473 73.0 1.000 1.000 1.000
v -165.6515655517578 371.17874705791473 81.0 1.000 1.000 1.000
v -237.6515655517578 362.17874705791473 66.0 1.000 1.000 1.000
v -236.6515655517578 230.17874705791473 159.0 1.000 1.000 1.000
v -198.6515655517578 416.17874705791473 78.0 1.000 1.000 1.000
v -431.6515655517578 192.17874705791473 -20.0 1.000 1.000 1.000
v -409.6515655517578 81.17874705791473 21.0 1.000 1.000 1.000
v -433.6515655517578 205.17874705791473 89.0 1.000 1.000 1.000
v -364.6515655517578 397.17874705791473 -14.0 1.000 1.000 1.000
v -109.65156555175781 396.17874705791473 -14.0 1.000 1.000 1.000
v -277.6515655517578 413.17874705791473 77.0 1.000 1.000 1.000
v -328.6515655517578 221.17874705791473 -112.0 1.000 1.000 1.000
v -325.6515655517578 85.17874705791473 -81.0 1.000 1.000 1.000
v -374.6515655517578 84.17874705791473 -70.0 1.000 1.000 1.000
v -144.6515655517578 221.17874705791473 -113.0 1.000 1.000 1.000
v -308.6515655517578 355.17874705791473 -94.0 1.000 1.000 1.000
v -431.6515655517578 192.17874705791473 -20.0 1.000 1.000 1.000
v -438.6515655517578 362.17874705791473 -66.0 1.000 1.000 1.000
v -235.6515655517578 88.17874705791473 -84.0 1.000 1.000 1.000
v -40.65156555175781 361.17874705791473 -64.0 1.000 1.000 1.000
v -165.6515655517578 356.17874705791473 -94.0 1.000 1.000 1.000
v -149.6515655517578 85.17874705791473 -84.0 1.000 1.000 1.000
v -44.65156555175781 194.17874705791473 -17.0 1.000 1.000 1.000
v -103.65156555175781 85.17874705791473 -72.0 1.000 1.000 1.000
v -235.6515655517578 381.17874705791473 -80.0 1.000 1.000 1.000
v -141.6515655517578 388.17874705791473 -60.0 1.000 1.000 1.000
v -310.6515655517578 388.17874705791473 -60.0 1.000 1.000 1.000
v -374.6515655517578 84.17874705791473 -70.0 1.000 1.000 1.000
v -409.6515655517578 81.17874705791473 21.0 1.000 1.000 1.000
v -431.6515655517578 192.17874705791473 -20.0 1.000 1.000 1.000
v -144.6515655517578 221.17874705791473 -113.0 1.000 1.000 1.000
v -40.65156555175781 361.17874705791473 -64.0 1.000 1.000 1.000
v -44.65156555175781 194.17874705791473 -17.0 1.000 1.000 1.000
v -103.65156555175781 85.17874705791473 -72.0 1.000 1.000 1.000
v -56.65156555175781 80.17874705791473 22.0 1.000 1.000 1.000
v -141.6515655517578 388.17874705791473 -60.0 1.000 1.000 1.000
v -165.6515655517578 356.17874705791473 -94.0 1.000 1.000 1.000
v -308.6515655517578 355.17874705791473 -94.0 1.000 1.000 1.000
v -328.6515655517578 221.17874705791473 -112.0 1.000 1.000 1.000
v -438.6515655517578 362.17874705791473 -66.0 1.000 1.000 1.000
v -235.6515655517578 88.17874705791473 -84.0 1.000 1.000 1.000
v -235.6515655517578 381.17874705791473 -80.0 1.000 1.000 1.000
v -310.6515655517578 388.17874705791473 -60.0 1.000 1.000 1.000
v 194.13081693649292 76.87335968017578 26.0 1.000 1.000 1.000
v 112.13081693649292 69.87335968017578 142.0 1.000 1.000 1.000
v 2.13081693649292 64.87335968017578 162.0 1.000 1.000 1.000
v -104.86918306350708 66.87335968017578 139.0 1.000 1.000 1.000
v -180.86918306350708 73.87335968017578 24.0 1.000 1.000 1.000
v -132.86918306350708 80.87335968017578 -61.0 1.000 1.000 1.000
v -71.86918306350708 81.87335968017578 -93.0 1.000 1.000 1.000
v 4.13081693649292 81.87335968017578 -91.0 1.000 1.000 1.000
v -56.65156555175781 80.17874705791473 22.0 1.000 1.000 1.000
v -135.6515655517578 90.17874705791473 138.0 1.000 1.000 1.000
v -236.6515655517578 90.17874705791473 150.0 1.000 1.000 1.000
v -335.6515655517578 90.17874705791473 138.0 1.000 1.000 1.000
v -409.6515655517578 81.17874705791473 21.0 1.000 1.000 1.000
v -374.6515655517578 84.17874705791473 -70.0 1.000 1.000 1.000
v -325.6515655517578 85.17874705791473 -81.0 1.000 1.000 1.000
v -235.6515655517578 88.17874705791473 -84.0 1.000 1.000 1.000
v 4.13081693649292 81.87335968017578 -91.0 1.000 1.000 1.000
v 77.13081693649292 81.87335968017578 -93.0 1.000 1.000 1.000
v 134.13081693649292 81.87335968017578 -64.0 1.000 1.000 1.000
v 194.13081693649292 76.87335968017578 26.0 1.000 1.000 1.000
v -235.6515655517578 88.17874705791473 -84.0 1.000 1.000 1.000
v -149.6515655517578 85.17874705791473 -84.0 1.000 1.000 1.000
v -103.65156555175781 85.17874705791473 -72.0 1.000 1.000 1.000
v -56.65156555175781 80.17874705791473 22.0 1.000 1.000 1.000
v -46.65156555175781 360.17874705791473 149.0 1.000 1.000 1.000
v -444.6515655517578 397.17874705791473 -114.0 1.000 1.000 1.000
v -424.6515655517578 356.17874705791473 149.0 1.000 1.000 1.000
v -46.65156555175781 360.17874705791473 149.0 1.000 1.000 1.000
v -394.6515655517578 -24.821252942085266 141.0 1.000 1.000 1.000
v -74.65156555175781 -24.821252942085266 141.0 1.000 1.000 1.000
v -25.651565551757812 399.17874705791473 -112.0 1.000 1.000 1.000
v -406.6515655517578 -29.821252942085266 -71.0 1.000 1.000 1.000
v -394.6515655517578 -24.821252942085266 141.0 1.000 1.000 1.000
v -71.65156555175781 -28.821252942085266 -72.0 1.000 1.000 1.000
v -25.651565551757812 399.17874705791473 -112.0 1.000 1.000 1.000
v -74.65156555175781 -24.821252942085266 141.0 1.000 1.000 1.000
v -424.6515655517578 356.17874705791473 149.0 1.000 1.000 1.000
v -46.65156555175781 360.17874705791473 149.0 1.000 1.000 1.000
v -406.6515655517578 -29.821252942085266 -71.0 1.000 1.000 1.000
v -71.65156555175781 -28.821252942085266 -72.0 1.000 1.000 1.000
v -394.6515655517578 -24.821252942085266 141.0 1.000 1.000 1.000
v -74.65156555175781 -24.821252942085266 141.0 1.000 1.000 1.000
v -25.651565551757812 399.17874705791473 -112.0 1.000 1.000 1.000
v -71.65156555175781 -28.821252942085266 -72.0 1.000 1.000 1.000
v -406.6515655517578 -29.821252942085266 -71.0 1.000 1.000 1.000
v -444.6515655517578 397.17874705791473 -114.0 1.000 1.000 1.000
v 99.0 20.0 135.0 1.000 1.000 1.000
v 107.0 -117.0 153.0 1.000 1.000 1.000
v 191.0 -109.0 22.0 1.000 1.000 1.000
v 3.0 15.0 141.0 1.000 1.000 1.000
v -103.0 -120.0 149.0 1.000 1.000 1.000
v 3.0 -122.0 152.0 1.000 1.000 1.000
v 181.0 27.0 23.0 1.000 1.000 1.000
v -98.0 17.0 132.0 1.000 1.000 1.000
v -171.0 24.0 21.0 1.000 1.000 1.000
v -183.0 -113.0 20.0 1.000 1.000 1.000
v 122.0 33.0 -65.0 1.000 1.000 1.000
v 132.0 -87.0 -98.0 1.000 1.000 1.000
v 73.0 -87.0 -101.0 1.000 1.000 1.000
v 68.0 33.0 -80.0 1.000 1.000 1.000
v 3.0 -88.0 -106.0 1.000 1.000 1.000
v 2.0 32.0 -79.0 1.000 1.000 1.000
v -130.0 -89.0 -95.0 1.000 1.000 1.000
v -183.0 -113.0 20.0 1.000 1.000 1.000
v -171.0 24.0 21.0 1.000 1.000 1.000
v 132.0 -87.0 -98.0 1.000 1.000 1.000
v 122.0 33.0 -65.0 1.000 1.000 1.000
v 191.0 -109.0 22.0 1.000 1.000 1.000
v 3.0 -88.0 -106.0 1.000 1.000 1.000
v -57.0 -88.0 -101.0 1.000 1.000 1.000
v 2.0 32.0 -79.0 1.000 1.000 1.000
v -56.0 33.0 -80.0 1.000 1.000 1.000
v -123.0 31.0 -62.0 1.000 1.000 1.000
v 68.0 33.0 -80.0 1.000 1.000 1.000
v 73.0 -87.0 -101.0 1.000 1.000 1.000
v 181.0 27.0 23.0 1.000 1.000 1.000
v 99.0 20.0 135.0 1.000 1.000 1.000
v 3.0 15.0 141.0 1.000 1.000 1.000
v -98.0 17.0 132.0 1.000 1.000 1.000
v -171.0 24.0 21.0 1.000 1.000 1.000
v -123.0 31.0 -62.0 1.000 1.000 1.000
v -56.0 33.0 -80.0 1.000 1.000 1.000
v 2.0 32.0 -79.0 1.000 1.000 1.000
v 194.13081693649292 76.87335968017578 26.0 1.000 1.000 1.000
v 112.13081693649292 69.87335968017578 142.0 1.000 1.000 1.000
v 2.13081693649292 64.87335968017578 162.0 1.000 1.000 1.000
v -104.86918306350708 66.87335968017578 139.0 1.000 1.000 1.000
v -180.86918306350708 73.87335968017578 24.0 1.000 1.000 1.000
v -132.86918306350708 80.87335968017578 -61.0 1.000 1.000 1.000
v -71.86918306350708 81.87335968017578 -93.0 1.000 1.000 1.000
v 4.13081693649292 81.87335968017578 -91.0 1.000 1.000 1.000
v 2.0 32.0 -79.0 1.000 1.000 1.000
v 68.0 33.0 -80.0 1.000 1.000 1.000
v 122.0 33.0 -65.0 1.000 1.000 1.000
v 181.0 27.0 23.0 1.000 1.000 1.000
v 4.13081693649292 81.87335968017578 -91.0 1.000 1.000 1.000
v 77.13081693649292 81.87335968017578 -93.0 1.000 1.000 1.000
v 134.13081693649292 81.87335968017578 -64.0 1.000 1.000 1.000
v 194.13081693649292 76.87335968017578 26.0 1.000 1.000 1.000
v 206.0 -247.0 -124.0 1.000 1.000 1.000
v 171.0 -245.0 143.0 1.000 1.000 1.000
v -165.0 -245.0 130.0 1.000 1.000 1.000
v -204.0 -245.0 -124.0 1.000 1.000 1.000
v -155.0 31.0 141.0 1.000 1.000 1.000
v -165.0 -245.0 130.0 1.000 1.000 1.000
v 171.0 -245.0 143.0 1.000 1.000 1.000
v -167.0 26.0 -71.0 1.000 1.000 1.000
v -204.0 -245.0 -124.0 1.000 1.000 1.000
v 206.0 -247.0 -124.0 1.000 1.000 1.000
v 169.0 27.0 -72.0 1.000 1.000 1.000
v 171.0 -245.0 143.0 1.000 1.000 1.000
v 165.0 31.0 141.0 1.000 1.000 1.000
v 165.0 31.0 141.0 1.000 1.000 1.000
v -167.0 26.0 -71.0 1.000 1.000 1.000
v 165.0 31.0 141.0 1.000 1.000 1.000
v 169.0 27.0 -72.0 1.000 1.000 1.000
v -155.0 31.0 141.0 1.000 1.000 1.000
v -204.0 -245.0 -124.0 1.000 1.000 1.000
v -167.0 26.0 -71.0 1.000 1.000 1.000
v 169.0 27.0 -72.0 1.000 1.000 1.000
v 206.0 -247.0 -124.0 1.000 1.000 1.000
vt 0.0527 1.0088
vt 0.0771 1.0078
vt 0.9512 0.9775
vt 0.9863 0.9766
vt 0.8779 0.6104
vt 0.2881 0.2100
vt 0.1025 0.1201
vt 0.9795 0.6221
vt 0.0537 0.1338
vt 0.2324 0.1182
vt 0.3750 0.1162
vt 0.1855 0.1768
vt 0.2119 0.4499
vt 0.2822 1.0072
vt 0.6436 1.0072
vt 0.1250 0.4557
vt 0.3711 0.4714
vt 0.3789 0.9902
vt 0.1875 0.9967
vt 0.6992 0.4694
vt 0.8477 0.4557
vt 0.6719 0.9831
vt 0.5645 0.4505
vt 0.8740 0.9954
vt 0.3789 1.0000
vt 0.3037 1.0059
vt 0.6777 0.9902
vt 0.4756 0.9915
vt 0.7012 0.9902
vt 0.7236 0.9896
vt 0.2031 0.3828
vt 0.1162 0.3685
vt 0.3740 0.3659
vt 0.6992 0.3659
vt 0.8584 0.3561
vt 0.5596 0.3828
vt 0.1816 0.3229
vt 0.5586 0.3223
vt 0.7363 0.9935
vt 0.5801 0.4505
vt 0.2588 1.0039
vt 0.1816 0.4492
vt 0.4834 0.4460
vt 0.3877 0.9694
vt 0.8369 0.4382
vt 0.8320 0.9590
vt 0.2139 0.4365
vt 0.2334 0.4619
vt 0.3037 0.1338
vt 0.3457 0.1533
vt 0.3965 0.0654
vt 0.4219 0.1572
vt 0.5537 0.0557
vt 0.5234 0.2832
vt 0.4785 0.7871
vt 0.4863 0.5986
vt 0.3682 0.7676
vt 0.3799 0.6846
vt 0.2109 0.7070
vt 0.2344 0.7012
vt 0.8623 0.2454
vt 0.8770 -0.0013
vt 0.8877 -0.0013
vt 0.1748 -0.0013
vt 0.5928 -0.0013
vt 0.7734 0.1836
vt 0.3760 0.1816
vt 0.0957 0.2207
vt 0.2051 0.2448
vt 0.5596 0.2161
vt 0.3359 -0.0013
vt 0.1016 -0.0013
vt 0.5576 -0.0013
vt 0.5234 0.7744
vt 0.3018 0.9766
vt 0.5283 0.9766
vt 0.1777 0.9756
vt 0.1035 0.7607
vt 0.0928 0.9766
vt 0.5273 0.9775
vt 0.5215 0.7324
vt 0.2832 0.7715
vt 0.3643 0.9775
vt 0.3867 0.7314
vt 0.1279 0.9766
vt 0.2217 0.7324
vt 0.8281 0.0241
vt 0.6621 0.0299
vt 0.5449 0.0286
vt 0.2012 0.0365
vt 0.9463 0.9883
vt 0.0479 0.9688
vt 0.0205 0.9678
vt 0.9863 0.9893
vt 0.3145 0.0928
vt 0.8955 0.5752
vt 1.0010 0.5977
vt 0.1309 -0.0176
vt 0.0781 -0.0059
vt 0.4121 -0.0059
vt 0.2793 -0.0107
vt 0.1875 0.0400
vt 0.6680 1.0098
vt 0.2900 1.0091
vt 0.2529 0.4538
vt 0.3896 0.9915
vt 0.3604 0.4753
vt 0.1182 0.4590
vt 0.1553 0.9980
vt 0.6963 0.9857
vt 0.8418 0.4609
vt 0.7002 0.4740
vt 0.5742 0.4727
vt 0.5713 0.4544
vt 0.8682 0.9987
vt 0.6992 0.9935
vt 0.3145 1.0078
vt 0.4111 1.0007
vt 0.4932 0.9941
vt 0.7490 0.9928
vt 0.7227 0.9928
vt 0.1035 0.3724
vt 0.3584 0.3698
vt 0.7100 0.3704
vt 0.8525 0.3633
vt 0.5684 0.3867
vt 0.2266 0.3861
vt 0.5645 0.3275
vt 0.2246 0.3262
vt 0.3652 0.9382
vt 0.7158 0.4694
vt 1.0273 0.9609
vt 0.4346 0.9622
vt 0.6191 0.4720
vt 0.3203 0.4694
vt 0.9697 0.4707
vt 1.0176 0.9564
vt 0.7852 0.1406
vt 0.7373 0.1592
vt 0.8125 0.4453
vt 0.7861 0.4697
vt 0.7607 0.7158
vt 0.7373 0.7080
vt 0.5918 0.7705
vt 0.5947 0.6875
vt 0.5029 0.5977
vt 0.5361 0.2832
vt 0.7070 0.0703
vt 0.6611 0.1611
vt 0.8818 0.0052
vt 0.8848 0.0052
vt 0.8643 0.2507
vt 0.7529 0.1888
vt 0.5830 0.0046
vt 0.1523 0.0033
vt 0.1016 0.2240
vt 0.3486 0.1862
vt 0.3193 0.0039
vt 0.5117 0.2214
vt 0.2207 0.2487
vt 0.0781 0.0033
vt 0.5469 0.0039
vt 0.7520 0.9775
vt 0.9619 0.9795
vt 0.9473 0.7598
vt 0.8760 0.9785
vt 0.7578 0.7686
vt 0.6807 0.7314
vt 0.6895 0.9775
vt 0.8125 0.7314
vt 0.9268 0.9785
vt 0.7598 0.0052
vt 0.9238 0.0059
vt 0.6436 0.0052
vt 0.3027 0.0078
vt 0.9404 0.0088
vt 1.0000 1.0000
vt 1.4580 1.2910
vt 1.6299 0.1787
vt 0.0420 -0.0713
vt 0.8047 0.9902
vt 1.9180 0.1348
vt 1.7036 0.9990
vt 0.6309 0.9268
vt 0.2866 -0.2158
vt 1.1450 0.0771
vt 0.3657 -0.0117
vt -0.1479 0.1494
vt 0.3369 0.9385
vt -0.0679 1.0879
vt 0.2627 0.5732
vt 0.0254 0.5869
vt 0.1855 0.9727
vt 0.0791 0.9492
vt 0.4951 0.8320
vt 0.4961 1.0010
vt 0.7441 0.9805
vt 0.7500 0.5742
vt 0.9756 0.5830
vt 0.9219 0.9531
vt 0.9033 0.5508
vt 0.8525 0.1152
vt 0.7744 0.2656
vt 0.5156 0.9590
vt 0.5117 0.5156
vt 0.3447 0.4385
vt 0.6641 0.4316
vt 0.0986 0.5762
vt 0.1406 0.1338
vt 0.1436 0.1611
vt 0.8477 0.1416
vt 0.7354 0.3584
vt 0.2002 0.2812
vt 0.2646 0.3682
vt 0.2944 1.1592
vt 0.6323 0.0596
vt -1.0386 0.5391
vt 1.1680 1.1172
vt 0.8848 0.0176
vt 0.1709 1.0264
vt 0.6143 0.9492
vt 2.4189 0.3984
vt 0.6660 -0.1328
vt 0.6426 1.1035
vt 1.2915 0.0332
vt 0.9883 0.9873
vt 0.0776 -0.2324
vt 0.3662 0.8447
vt 1.0005 -0.0068
vt 0.5303 1.0039
vt 1.0146 -0.0166
vt 1.0190 0.9736
vt 0.4468 0.0557
vt -0.2041 -0.0303
vt -0.0034 1.0234
vt 0.9443 0.0488
vt -0.0239 0.1611
vt 0.0000 1.0000
vt 0.0981 0.2383
vt 0.9834 0.1348
vt 0.6855 1.0117
vt 1.2202 0.9688
vt 0.1382 0.1982
vt 0.0269 1.0117
vt 1.0210 0.0811
vt 0.6567 0.0459
vt 0.4951 0.9697
vt 0.9653 0.9951
vt -0.3394 1.0713
vt 0.8779 1.0176
vt 0.0493 0.0254
vt 0.4873 1.1016
vt 1.0391 0.0020
vt 0.5459 0.9756
vt 0.8872 0.9424
vt 0.3940 0.0156
vt 1.0293 0.0420
vt 0.5835 0.9395
vt 1.0420 0.9854
vt 0.2979 -0.0957
vt 0.9258 0.9482
vt 1.0552 0.0215
vt 0.1987 0.8896
vt 0.1011 0.9902
vt 0.3813 -0.0664
vt 0.5117 0.9805
vt 0.4941 0.1602
vt 0.8555 0.2471
vt 0.4941 0.3418
vt 0.5107 0.0303
vt 0.1387 0.2373
vt -0.9995 1.0000
vt -0.9307 2.9102
vt -0.0503 2.9102
vt 0.8291 0.2637
vt 0.1455 0.2783
vt 0.1953 0.2754
vt 0.7754 0.2627
vt 0.8760 0.9346
vt 0.8750 0.9111
vt 0.1074 0.9512
vt 0.0996 0.9277
vt 0.9336 0.5742
vt 0.1328 0.2549
vt -0.0479 0.6445
vt 0.9238 -0.0342
vt 0.1475 0.3994
vt 0.7959 0.2080
vt 0.5205 0.9668
vt 0.8096 0.9160
vt 0.2305 1.0117
vt 0.1445 0.1875
vt 0.9688 0.9805
vt 0.7383 0.1338
vt 0.0771 0.9326
vt 0.5615 1.1689
vt 0.2705 1.2295
vt -0.0029 0.0020
vt 0.9863 0.0225
vt 0.8779 1.1797
vt 0.3955 0.9912
vt 0.8164 0.0801
vt 0.1729 0.4033
vt 0.8730 0.8584
vt 0.2744 0.9492
vt 0.5215 0.7539
vt 0.2041 0.7552
vt 0.3574 0.9512
vt 0.2021 0.9479
vt 0.1719 0.7552
vt 0.7178 0.9453
vt 0.4746 0.7578
vt 0.8545 0.7565
vt 0.7861 0.9538
vt 0.8398 0.9512
vt 0.8359 0.7552
vt 0.9453 0.3581
vt 0.6455 0.9492
vt 0.8018 0.3366
vt 0.6230 0.9141
vt 0.3545 0.3652
vt 0.3555 0.8919
vt 0.1670 0.3529
vt 0.2168 0.8945
vt 0.2549 0.3587
vt 0.2549 0.9017
vt 0.8779 0.3698
vt 0.6768 0.9290
vt 0.1875 0.6204
vt 0.4678 0.6230
vt 0.8711 0.6217
vt 0.8271 0.6204
vt 0.5146 0.6191
vt 0.2090 0.6204
vt 0.8418 0.5449
vt 0.3047 0.5540
vt 0.7793 0.9935
vt 0.7441 0.9935
vt 0.8574 0.5443
vt 0.4414 0.9974
vt 0.2373 0.5540
vt 0.5293 0.9967
vt 0.8076 0.4596
vt 0.8730 0.3717
vt 0.8457 0.3529
vt 0.4775 0.1628
vt 0.5215 0.4622
vt 0.4648 0.4629
vt 0.2988 0.0638
vt 0.5205 0.1348
vt 0.8955 0.4596
vt 0.2207 0.4583
vt 0.1953 0.4375
vt 0.9014 0.3496
vt 0.9121 0.3750
vt 0.8516 0.0410
vt 0.8584 0.0039
vt 0.8525 0.0833
vt 0.3145 0.1536
vt 0.7900 0.0436
vt 0.7969 0.0026
vt 0.2422 0.1478
vt 0.9531 0.1670
vt 0.7920 -0.3408
vt 0.0664 0.1484
vt 0.0781 -0.6660
vt 0.2109 1.0107
vt 0.5527 0.9199
vt 0.1074 0.3945
vt 0.7871 0.8574
vt 0.7471 0.1240
vt 0.5547 0.0664
vt 0.9209 0.8906
vt 0.0303 0.1523
vt 0.1104 0.8926
vt 0.6426 1.4131
vt 0.9307 1.3955
vt 0.9766 -0.0107
vt -0.0117 -0.1094
vt 0.3301 1.4326
vt 0.0654 0.4814
vt 0.8076 0.1670
vt 0.2881 1.0459
vt 0.8330 0.9141
vt 0.1885 0.7715
vt 0.4912 0.7715
vt 0.3535 0.9740
vt 0.1582 0.7708
vt 0.1875 0.9714
vt 0.3359 0.9759
vt 0.7637 0.7760
vt 0.4463 0.7754
vt 0.6797 0.9727
vt 0.7441 0.9811
vt 0.8047 0.7747
vt 0.7949 0.9792
vt 0.7158 0.9434
vt 0.9355 0.1732
vt 0.6865 0.9414
vt 0.8662 0.1895
vt 0.7471 0.9447
vt 0.3320 0.1771
vt 0.2900 0.9108
vt 0.1045 0.1725
vt 0.2041 0.9141
vt 0.3076 0.1882
vt 0.3955 0.9134
vt 0.7773 0.1452
vt 0.7910 0.6276
vt 0.4395 0.6354
vt 0.1729 0.6309
vt 0.1934 0.6315
vt 0.4844 0.6315
vt 0.8311 0.6348
vt 0.7842 0.9681
vt 0.2246 0.5312
vt 0.9033 0.5306
vt 0.9229 0.5306
vt 0.7393 0.9674
vt 0.1396 0.5299
vt 0.3584 0.9668
vt 0.4688 0.9681
vt 0.7959 0.3561
vt 0.8223 0.3763
vt 0.7607 0.4674
vt 0.4893 0.4681
vt 0.4434 0.1556
vt 0.4834 0.1270
vt 0.2715 0.0514
vt 0.4346 0.4688
vt 0.8447 0.4681
vt 0.2012 0.4622
vt 0.1787 0.4408
vt 0.8594 0.3516
vt 0.8477 0.3737
vt 0.8037 0.0319
vt 0.7988 -0.0150
vt 0.8096 0.0723
vt 0.8740 0.0391
vt 0.8857 -0.0007
vt 0.2646 0.1393
vt 0.1738 0.1328
vt 0.9502 0.0752
vt 0.7227 0.0684
vt 0.7949 0.0596
vt 0.9492 0.1279
vt 0.5117 0.2656
vt 0.8545 0.2832
vt 0.1631 0.2812
vt 0.1260 0.4502
vt 0.2939 0.4404
vt 0.5078 0.1045
vt 0.4160 0.0371
vt 0.3438 0.0898
vt 0.2197 0.0566
vt 0.3408 0.0684
vt 0.0557 0.0762
vt 0.5156 0.4404
vt 0.0537 0.0996
vt 0.7441 0.4404
vt 0.9502 0.1035
vt 0.9404 0.2979
vt 0.9209 0.4541
vt 0.0537 0.1260
vt 0.0693 0.2949
vt 0.9453 0.3115
vt 0.6680 0.0898
vt 0.2432 0.0566
vt 0.7881 0.0586
vt 0.5928 0.0342
vt 0.0732 0.3115
vt 0.3047 0.2754
vt 0.3164 0.4453
vt 0.2061 0.4463
vt 0.7197 0.2764
vt 0.3457 0.1094
vt 0.5176 0.4434
vt 0.6680 0.1094
vt 0.7129 0.4463
vt 0.8145 0.4473
vt 0.5107 0.0771
vt 0.9473 0.5273
vt 0.7637 0.5352
vt 0.5156 0.5410
vt 0.2754 0.5381
vt 0.1045 0.5293
vt 0.2129 0.5205
vt 0.3496 0.5186
vt 0.5195 0.5205
vt 0.6855 0.5195
vt 0.8135 0.5205
vt 1.0322 0.0439
vt -0.0713 -0.0020
vt -0.0156 0.0527
vt 0.1338 0.5605
vt 0.8730 0.5576
vt 1.0908 -0.0088
vt 0.1055 0.5674
vt 0.8809 0.5635
vt 0.0342 0.5703
vt 0.9307 0.5654
vt 0.0859 0.6143
vt 0.9404 0.6113
vt -0.0430 0.0645
vt 0.1396 0.6523
vt 0.8770 0.6172
vt 1.0625 0.0127
vt 0.7363 0.5977
vt 0.5195 0.6025
vt 0.9189 0.5889
vt 0.2920 0.6006
vt 0.1270 0.5908
vt 0.7861 0.5811
vt 0.6660 0.5811
vt 0.5166 0.5811
vt 0.3867 0.5801
vt 0.2363 0.5820
vt 1.0156 0.9277
vt 0.9263 0.9258
vt 0.0630 0.9287
vt -0.0371 0.9297
vt 0.0625 0.9287
vt 0.9258 0.9258
vn 0.577 0.577 0.577
vn 0.577 0.577 0.577
vn -0.577 -0.577 -0.577
vn -0.577 -0.577 -0.577
vn -0.577 -0.577 -0.577
vn -0.577 -0.577 -0.577
vn -0.577 -0.577 -0.577
vn -0.577 -0.577 -0.577
vn -0.577 -0.577 -0.577
vn -0.577 -0.577 -0.577
vn -0.577 -0.577 -0.577
vn -0.577 -0.577 -0.577
vn -0.577 -0.577 -0.577
vn 0.577 0.577 0.577
vn 0.577 0.577 0.577
vn -0.577 -0.577 -0.577
vn -0.577 -0.577 -0.577
vn -0.577 -0.577 -0.577
vn -0.577 -0.577 -0.577
vn -0.577 -0.577 -0.577
vn 0.577 0.577 0.577
vn -0.577 -0.577 -0.577
vn -0.577 -0.577 -0.577
vn 0.577 0.577 0.577
vn -0.577 -0.577 -0.577
vn -0.577 -0.577 -0.577
vn 0.577 0.577 0.577
vn 0.577 0.577 0.577
vn 0.577 0.577 0.577
vn -0.577 -0.577 -0.577
vn 0.577 0.577 0.577
vn 0.577 0.577 0.577
vn 0.577 0.577 0.577
vn 0.577 0.577 0.577
vn 0.577 0.577 0.577
vn -0.577 -0.577 -0.577
vn -0.577 -0.577 -0.577
vn -0.577 -0.577 -0.577
vn -0.577 -0.577 -0.577
vn -0.577 -0.577 -0.577
vn 0.577 0.577 0.577
vn -0.577 -0.577 -0.577
vn -0.577 -0.577 -0.577
vn -0.577 -0.577 -0.577
vn -0.577 -0.577 -0.577
vn 0.577 0.577 0.577
vn -0.577 -0.577 -0.577
vn -0.577 -0.577 -0.577
vn -0.577 -0.577 -0.577
vn -0.577 -0.577 -0.577
vn -0.577 -0.577 -0.577
vn -0.577 -0.577 -0.577
vn -0.577 -0.577 -0.577
vn 0.577 0.577 0.577
vn -0.577 -0.577 -0.577
vn -0.577 -0.577 -0.577
vn -0.577 -0.577 -0.577
vn 0.577 0.577 0.577
vn 0.577 0.577 0.577
vn -0.577 -0.577 -0.577
vn -0.577 -0.577 -0.577
vn -0.577 -0.577 -0.577
vn -0.577 -0.577 -0.577
vn -0.577 -0.577 -0.577
vn -0.577 -0.577 -0.577
vn -0.577 -0.577 -0.577
vn -0.577 -0.577 -0.577
vn -0.577 -0.577 -0.577
vn -0.577 -0.577 -0.577
vn -0.577 -0.577 -0.577
vn -0.577 -0.577 -0.577
vn 0.577 0.577 0.577
vn -0.577 -0.577 -0.577
vn 0.577 0.577 0.577
vn -0.577 -0.577 -0.577
vn -0.577 -0.577 -0.577
vn -0.577 -0.577 -0.577
vn -0.577 -0.577 -0.577
vn 0.577 0.577 0.577
vn 0.577 0.577 0.577
vn 0.577 0.577 0.577
vn -0.577 -0.577 -0.577
vn -0.577 -0.577 -0.577
vn -0.577 -0.577 -0.577
vn -0.577 -0.577 -0.577
vn -0.577 -0.577 -0.577
vn -0.577 -0.577 -0.577
vn -0.577 -0.577 -0.577
vn -0.577 -0.577 -0.577
vn -0.577 -0.577 -0.577
vn -0.577 -0.577 -0.577
vn -0.577 -0.577 -0.577
vn -0.577 -0.577 -0.577
vn -0.577 -0.577 -0.577
vn -0.577 -0.577 -0.577
vn -0.577 -0.577 -0.577
vn -0.577 -0.577 -0.577
vn -0.577 -0.577 -0.577
vn -0.577 -0.577 -0.577
vn -0.577 -0.577 -0.577
vn -0.577 -0.577 -0.577
vn -0.577 -0.577 -0.577
vn -0.577 -0.577 -0.577
vn -0.577 -0.577 -0.577
vn -0.577 -0.577 -0.577
vn -0.577 -0.577 -0.577
vn -0.577 -0.577 -0.577
vn 0.577 0.577 0.577
vn -0.577 -0.577 -0.577
vn -0.577 -0.577 -0.577
vn -0.577 -0.577 -0.577
vn -0.577 -0.577 -0.577
vn -0.577 -0.577 -0.577
vn 0.577 0.577 0.577
vn -0.577 -0.577 -0.577
vn -0.577 -0.577 -0.577
vn -0.577 -0.577 -0.577
vn -0.577 -0.577 -0.577
vn -0.577 -0.577 -0.577
vn -0.577 -0.577 -0.577
vn -0.577 -0.577 -0.577
vn 0.577 0.577 0.577
vn 0.577 0.577 0.577
vn 0.577 0.577 0.577
vn -0.577 -0.577 -0.577
vn -0.577 -0.577 -0.577
vn -0.577 -0.577 -0.577
vn -0.577 -0.577 -0.577
vn -0.577 -0.577 -0.577
vn -0.577 -0.577 -0.577
vn -0.577 -0.577 -0.577
vn 0.577 0.577 0.577
vn 0.577 0.577 0.577
vn -0.577 -0.577 -0.577
vn -0.577 -0.577 -0.577
vn -0.577 -0.577 -0.577
vn -0.577 -0.577 -0.577
vn -0.577 -0.577 -0.577
vn -0.577 -0.577 -0.577
vn -0.577 -0.577 -0.577
vn -0.577 -0.577 -0.577
vn -0.577 -0.577 -0.577
vn 0.577 0.577 0.577
vn 0.577 0.577 0.577
vn -0.577 -0.577 -0.577
vn -0.577 -0.577 -0.577
vn -0.577 -0.577 -0.577
vn -0.577 -0.577 -0.577
vn -0.577 -0.577 -0.577
vn -0.577 -0.577 -0.577
vn 0.577 0.577 0.577
vn -0.577 -0.577 -0.577
vn -0.577 -0.577 -0.577
vn -0.577 -0.577 -0.577
vn 0.577 0.577 0.577
vn 0.577 0.577 0.577
vn 0.577 0.577 0.577
vn 0.577 0.577 0.577
vn -0.577 -0.577 -0.577
vn -0.577 -0.577 -0.577
vn -0.577 -0.577 -0.577
vn 0.577 0.577 0.577
vn 0.577 0.577 0.577
vn 0.577 0.577 0.577
vn 0.577 0.577 0.577
vn -0.577 -0.577 -0.577
vn 0.577 0.577 0.577
vn -0.577 -0.577 -0.577
vn -0.577 -0.577 -0.577
vn -0.577 -0.577 -0.577
vn 0.577 0.577 0.577
vn -0.577 -0.577 -0.577
vn -0.577 -0.577 -0.577
vn -0.577 -0.577 -0.577
vn -0.577 -0.577 -0.577
vn -0.577 -0.577 -0.577
vn -0.577 -0.577 -0.577
vn 0.577 0.577 0.577
vn -0.577 -0.577 -0.577
vn -0.577 -0.577 -0.577
vn -0.577 -0.577 -0.577
vn 0.577 0.577 0.577
vn -0.577 -0.577 -0.577
vn -0.577 -0.577 -0.577
vn -0.577 -0.577 -0.577
vn -0.577 -0.577 -0.577
vn -0.577 -0.577 -0.577
vn -0.577 -0.577 -0.577
vn -0.577 -0.577 -0.577
vn 0.577 0.577 0.577
vn 0.577 0.577 0.577
vn -0.577 -0.577 -0.577
vn -0.577 -0.577 -0.577
vn -0.577 -0.577 -0.577
vn -0.577 -0.577 -0.577
vn -0.577 -0.577 -0.577
vn -0.577 -0.577 -0.577
vn -0.577 -0.577 -0.577
vn -0.577 -0.577 -0.577
vn -0.577 -0.577 -0.577
vn -0.577 -0.577 -0.577
vn -0.577 -0.577 -0.577
vn -0.577 -0.577 -0.577
vn -0.577 -0.577 -0.577
vn 0.577 0.577 0.577
vn -0.577 -0.577 -0.577
vn 0.577 0.577 0.577
vn -0.577 -0.577 -0.577
vn -0.577 -0.577 -0.577
vn 0.577 0.577 0.577
vn 0.577 0.577 0.577
vn 0.577 0.577 0.577
vn -0.577 -0.577 -0.577
vn -0.577 -0.577 -0.577
vn -0.577 -0.577 -0.577
vn -0.577 -0.577 -0.577
vn -0.577 -0.577 -0.577
vn -0.577 -0.577 -0.577
vn -0.577 -0.577 -0.577
vn -0.577 -0.577 -0.577
vn -0.577 -0.577 -0.577
vn -0.577 -0.577 -0.577
vn -0.577 -0.577 -0.577
vn -0.577 -0.577 -0.577
vn -0.577 -0.577 -0.577
vn -0.577 -0.577 -0.577
vn -0.577 -0.577 -0.577
vn -0.577 -0.577 -0.577
vn -0.577 -0.577 -0.577
vn -0.577 -0.577 -0.577
vn -0.577 -0.577 -0.577
vn -0.577 -0.577 -0.577
vn -0.577 -0.577 -0.577
vn -0.577 -0.577 -0.577
vn -0.577 -0.577 -0.577
vn -0.577 -0.577 -0.577
vn -0.577 -0.577 -0.577
vn -0.577 -0.577 -0.577
vn 0.577 0.577 0.577
vn -0.577 -0.577 -0.577
vn -0.577 -0.577 -0.577
vn -0.577 -0.577 -0.577
vn -0.577 -0.577 -0.577
vn -0.577 -0.577 -0.577
vn 0.577 0.577 0.577
vn -0.577 -0.577 -0.577
vn -0.577 -0.577 -0.577
vn -0.577 -0.577 -0.577
vn -0.577 -0.577 -0.577
vn -0.577 -0.577 -0.577
vn -0.577 -0.577 -0.577
vn -0.577 -0.577 -0.577
vn 0.577 0.577 0.577
vn 0.577 0.577 0.577
vn 0.577 0.577 0.577
vn -0.577 -0.577 -0.577
vn -0.577 -0.577 -0.577
vn -0.577 -0.577 -0.577
vn -0.577 -0.577 -0.577
vn -0.577 -0.577 -0.577
vn -0.577 -0.577 -0.577
vn -0.577 -0.577 -0.577
vn 0.577 0.577 0.577
vn 0.577 0.577 0.577
vn 0.577 0.577 0.577
vn 0.577 0.577 0.577
vn -0.577 -0.577 -0.577
vn -0.577 -0.577 -0.577
vn -0.577 -0.577 -0.577
vn 0.577 0.577 0.577
vn -0.577 -0.577 -0.577
vn 0.577 0.577 0.577
vn 0.577 0.577 0.577
vn -0.577 -0.577 -0.577
vn 0.577 0.577 0.577
vn -0.577 -0.577 -0.577
vn -0.577 -0.577 -0.577
vn 0.577 0.577 0.577
vn 0.577 0.577 0.577
vn 0.577 0.577 0.577
vn 0.577 0.577 0.577
vn 0.577 0.577 0.577
vn -0.577 -0.577 -0.577
vn -0.577 -0.577 -0.577
vn -0.577 -0.577 -0.577
vn 0.577 0.577 0.577
vn 0.577 0.577 0.577
vn -0.577 -0.577 -0.577
vn 0.577 0.577 0.577
vn -0.577 -0.577 -0.577
vn -0.577 -0.577 -0.577
vn -0.577 -0.577 -0.577
vn -0.577 -0.577 -0.577
vn -0.577 -0.577 -0.577
vn -0.577 -0.577 -0.577
vn -0.577 -0.577 -0.577
vn -0.577 -0.577 -0.577
vn -0.577 -0.577 -0.577
vn -0.577 -0.577 -0.577
vn -0.577 -0.577 -0.577
vn -0.577 -0.577 -0.577
vn -0.577 -0.577 -0.577
vn -0.577 -0.577 -0.577
vn -0.577 -0.577 -0.577
vn -0.577 -0.577 -0.577
vn -0.577 -0.577 -0.577
vn -0.577 -0.577 -0.577
vn -0.577 -0.577 -0.577
vn -0.577 -0.577 -0.577
vn -0.577 -0.577 -0.577
vn -0.577 -0.577 -0.577
vn 0.577 0.577 0.577
vn -0.577 -0.577 -0.577
vn 0.577 0.577 0.577
vn -0.577 -0.577 -0.577
vn -0.577 -0.577 -0.577
vn -0.577 -0.577 -0.577
vn -0.577 -0.577 -0.577
vn -0.577 -0.577 -0.577
vn -0.577 -0.577 -0.577
vn -0.577 -0.577 -0.577
vn -0.577 -0.577 -0.577
vn -0.577 -0.577 -0.577
vn -0.577 -0.577 -0.577
vn -0.577 -0.577 -0.577
vn -0.577 -0.577 -0.577
vn 0.577 0.577 0.577
vn 0.577 0.577 0.577
vn 0.577 0.577 0.577
vn -0.577 -0.577 -0.577
vn -0.577 -0.577 -0.577
vn 0.577 0.577 0.577
vn 0.577 0.577 0.577
vn 0.577 0.577 0.577
vn -0.577 -0.577 -0.577
vn -0.577 -0.577 -0.577
vn -0.577 -0.577 -0.577
vn -0.577 -0.577 -0.577
vn -0.577 -0.577 -0.577
vn 0.577 0.577 0.577
vn -0.577 -0.577 -0.577
vn 0.577 0.577 0.577
vn 0.577 0.577 0.577
vn -0.577 -0.577 -0.577
vn -0.577 -0.577 -0.577
vn 0.577 0.577 0.577
vn 0.577 0.577 0.577
vn -0.577 -0.577 -0.577
vn 0.577 0.577 0.577
vn -0.577 -0.577 -0.577
vn -0.577 -0.577 -0.577
vn -0.577 -0.577 -0.577
vn -0.577 -0.577 -0.577
vn -0.577 -0.577 -0.577
vn -0.577 -0.577 -0.577
vn -0.577 -0.577 -0.577
vn -0.577 -0.577 -0.577
vn -0.577 -0.577 -0.577
vn -0.577 -0.577 -0.577
vn -0.577 -0.577 -0.577
vn -0.577 -0.577 -0.577
vn -0.577 -0.577 -0.577
vn -0.577 -0.577 -0.577
vn -0.577 -0.577 -0.577
vn -0.577 -0.577 -0.577
vn -0.577 -0.577 -0.577
vn -0.577 -0.577 -0.577
vn -0.577 -0.577 -0.577
vn -0.577 -0.577 -0.577
vn -0.577 -0.577 -0.577
vn 0.577 0.577 0.577
vn 0.577 0.577 0.577
vn 0.577 0.577 0.577
vn 0.577 0.577 0.577
vn -0.577 -0.577 -0.577
vn 0.577 0.577 0.577
vn -0.577 -0.577 -0.577
vn 0.577 0.577 0.577
vn -0.577 -0.577 -0.577
vn -0.577 -0.577 -0.577
vn 0.577 0.577 0.577
vn -0.577 -0.577 -0.577
vn 0.577 0.577 0.577
vn 0.577 0.577 0.577
vn 0.577 0.577 0.577
vn -0.577 -0.577 -0.577
vn 0.577 0.577 0.577
vn -0.577 -0.577 -0.577
vn 0.577 0.577 0.577
vn -0.577 -0.577 -0.577
vn 0.577 0.577 0.577
vn 0.577 0.577 0.577
vn -0.577 -0.577 -0.577
vn -0.577 -0.577 -0.577
vn -0.577 -0.577 -0.577
vn -0.577 -0.577 -0.577
vn -0.577 -0.577 -0.577
vn -0.577 -0.577 -0.577
vn -0.577 -0.577 -0.577
vn -0.577 -0.577 -0.577
vn -0.577 -0.577 -0.577
vn -0.577 -0.577 -0.577
vn -0.577 -0.577 -0.577
vn -0.577 -0.577 -0.577
vn -0.577 -0.577 -0.577
vn -0.577 -0.577 -0.577
vn -0.577 -0.577 -0.577
vn -0.577 -0.577 -0.577
vn -0.577 -0.577 -0.577
vn -0.577 -0.577 -0.577
vn -0.577 -0.577 -0.577
vn -0.577 -0.577 -0.577
vn -0.577 -0.577 -0.577
vn -0.577 -0.577 -0.577
vn -0.577 -0.577 -0.577
vn -0.577 -0.577 -0.577
vn -0.577 -0.577 -0.577
vn -0.577 -0.577 -0.577
vn -0.577 -0.577 -0.577
vn -0.577 -0.577 -0.577
vn -0.577 -0.577 -0.577
vn -0.577 -0.577 -0.577
vn -0.577 -0.577 -0.577
vn -0.577 -0.577 -0.577
vn -0.577 -0.577 -0.577
vn -0.577 -0.577 -0.577
vn -0.577 -0.577 -0.577
vn -0.577 -0.577 -0.577
vn -0.577 -0.577 -0.577
vn -0.577 -0.577 -0.577
vn -0.577 -0.577 -0.577
vn -0.577 -0.577 -0.577
vn -0.577 -0.577 -0.577
vn -0.577 -0.577 -0.577
vn -0.577 -0.577 -0.577
vn -0.577 -0.577 -0.577
vn -0.577 -0.577 -0.577
vn -0.577 -0.577 -0.577
vn -0.577 -0.577 -0.577
vn -0.577 -0.577 -0.577
vn -0.577 -0.577 -0.577
vn -0.577 -0.577 -0.577
vn -0.577 -0.577 -0.577
vn -0.577 -0.577 -0.577
vn -0.577 -0.577 -0.577
vn -0.577 -0.577 -0.577
vn -0.577 -0.577 -0.577
vn -0.577 -0.577 -0.577
vn -0.577 -0.577 -0.577
vn -0.577 -0.577 -0.577
vn -0.577 -0.577 -0.577
vn -0.577 -0.577 -0.577
vn -0.577 -0.577 -0.577
vn -0.577 -0.577 -0.577
vn -0.577 -0.577 -0.577
vn -0.577 -0.577 -0.577
vn -0.577 -0.577 -0.577
vn -0.577 -0.577 -0.577
vn -0.577 -0.577 -0.577
vn -0.577 -0.577 -0.577
vn -0.577 -0.577 -0.577
vn -0.577 -0.577 -0.577
vn -0.577 -0.577 -0.577
vn -0.577 -0.577 -0.577
vn -0.577 -0.577 -0.577
vn -0.577 -0.577 -0.577
vn 0.577 0.577 0.577
vn 0.577 0.577 0.577
vn -0.577 -0.577 -0.577
vn 0.577 0.577 0.577
vn -0.577 -0.577 -0.577
vn 0.577 0.577 0.577
vn -0.577 -0.577 -0.577
vn 0.577 0.577 0.577
vn -0.577 -0.577 -0.577
vn -0.577 -0.577 -0.577
vn -0.577 -0.577 -0.577
vn -0.577 -0.577 -0.577
vn -0.577 -0.577 -0.577
vn -0.577 -0.577 -0.577
vn -0.577 -0.577 -0.577
vn -0.577 -0.577 -0.577
vn -0.577 -0.577 -0.577
vn -0.577 -0.577 -0.577
vn 0.577 0.577 0.577
vn -0.577 -0.577 -0.577
vn -0.577 -0.577 -0.577
vn -0.577 -0.577 -0.577
vn 0.577 0.577 0.577
vn -0.577 -0.577 -0.577
vn -0.577 -0.577 -0.577
vn -0.577 -0.577 -0.577
vn -0.577 -0.577 -0.577
vn -0.577 -0.577 -0.577
vn -0.577 -0.577 -0.577
vn -0.577 -0.577 -0.577
vn -0.577 -0.577 -0.577
vn -0.577 -0.577 -0.577
vn -0.577 -0.577 -0.577
vn -0.577 -0.577 -0.577
vn -0.577 -0.577 -0.577
vn -0.577 -0.577 -0.577
vn -0.577 -0.577 -0.577
vn -0.577 -0.577 -0.577
vn -0.577 -0.577 -0.577
vn -0.577 -0.577 -0.577
vn -0.577 -0.577 -0.577
vn -0.577 -0.577 -0.577
vn -0.577 -0.577 -0.577
vn -0.577 -0.577 -0.577
vn -0.577 -0.577 -0.577
vn -0.577 -0.577 -0.577
vn -0.577 -0.577 -0.577
vn -0.577 -0.577 -0.577
vn -0.577 -0.577 -0.577
vn -0.577 -0.577 -0.577
vn -0.577 -0.577 -0.577
vn -0.577 -0.577 -0.577
vn -0.577 -0.577 -0.577
vn -0.577 -0.577 -0.577
vn -0.577 -0.577 -0.577
vn -0.577 -0.577 -0.577
vn -0.577 -0.577 -0.577
vn -0.577 -0.577 -0.577
vn -0.577 -0.577 -0.577
vn -0.577 -0.577 -0.577
vn -0.577 -0.577 -0.577
vn -0.577 -0.577 -0.577
vn -0.577 -0.577 -0.577
vn -0.577 -0.577 -0.577
vn -0.577 -0.577 -0.577
vn -0.577 -0.577 -0.577
vn -0.577 -0.577 -0.577
vn -0.577 -0.577 -0.577
vn -0.577 -0.577 -0.577
vn -0.577 -0.577 -0.577
vn -0.577 -0.577 -0.577
vn -0.577 -0.577 -0.577
vn -0.577 -0.577 -0.577
vn -0.577 -0.577 -0.577
vn -0.577 -0.577 -0.577
vn -0.577 -0.577 -0.577
vn -0.577 -0.577 -0.577
vn -0.577 -0.577 -0.577
vn -0.577 -0.577 -0.577
vn -0.577 -0.577 -0.577
vn -0.577 -0.577 -0.577
vn -0.577 -0.577 -0.577
vn -0.577 -0.577 -0.577
vn -0.577 -0.577 -0.577
vn -0.577 -0.577 -0.577
vn -0.577 -0.577 -0.577
vn -0.577 -0.577 -0.577
vn -0.577 -0.577 -0.577
vn -0.577 -0.577 -0.577
vn -0.577 -0.577 -0.577
vn -0.577 -0.577 -0.577
vn -0.577 -0.577 -0.577
vn -0.577 -0.577 -0.577
vn -0.577 -0.577 -0.577
vn -0.577 -0.577 -0.577
vn -0.577 -0.577 -0.577
vn -0.577 -0.577 -0.577
vn -0.577 -0.577 -0.577
vn -0.577 -0.577 -0.577
vn -0.577 -0.577 -0.577
vn -0.577 -0.577 -0.577
vn -0.577 -0.577 -0.577
vn -0.577 -0.577 -0.577
vn -0.577 -0.577 -0.577
vn -0.577 -0.577 -0.577
vn -0.577 -0.577 -0.577
vn -0.577 -0.577 -0.577
vn -0.577 -0.577 -0.577
vn -0.577 -0.577 -0.577
vn 0.577 0.577 0.577
vn -0.577 -0.577 -0.577
vn -0.577 -0.577 -0.577
vn -0.577 -0.577 -0.577
vn 0.577 0.577 0.577
vn -0.577 -0.577 -0.577
vn 0.577 0.577 0.577
vn 0.577 0.577 0.577
vn 0.577 0.577 0.577
vn 0.577 0.577 0.577
vn -0.577 -0.577 -0.577
vn -0.577 -0.577 -0.577
vn -0.577 -0.577 -0.577
vn -0.577 -0.577 -0.577
vn 0.577 0.577 0.577
vn -0.577 -0.577 -0.577
vn -0.577 -0.577 -0.577
vn -0.577 -0.577 -0.577
vn -0.577 -0.577 -0.577
vn 0.577 0.577 0.577
vn 0.577 0.577 0.577
vn -0.577 -0.577 -0.577
vn 0.577 0.577 0.577
vn -0.577 -0.577 -0.577
vn 0.577 0.577 0.577
vn 0.577 0.577 0.577
vn -0.577 -0.577 -0.577
vn 0.577 0.577 0.577
vn -0.577 -0.577 -0.577
vn -0.577 -0.577 -0.577
vn -0.577 -0.577 -0.577
vn -0.577 -0.577 -0.577
vn -0.577 -0.577 -0.577
vn -0.577 -0.577 -0.577
vn -0.577 -0.577 -0.577
vn -0.577 -0.577 -0.577
vn -0.577 -0.577 -0.577
vn -0.577 -0.577 -0.577
vn -0.577 -0.577 -0.577
vn -0.577 -0.577 -0.577
vn -0.577 -0.577 -0.577
vn -0.577 -0.577 -0.577
vn -0.577 -0.577 -0.577
vn -0.577 -0.577 -0.577
vn -0.577 -0.577 -0.577
vn -0.577 -0.577 -0.577
vn -0.577 -0.577 -0.577
vn -0.577 -0.577 -0.577
vn -0.577 -0.577 -0.577
vn -0.577 -0.577 -0.577
vn -0.577 -0.577 -0.577
vn 0.577 0.577 0.577
vn 0.577 0.577 0.577
vn 0.577 0.577 0.577
vn -0.577 -0.577 -0.577
vn -0.577 -0.577 -0.577
vn -0.577 -0.577 -0.577
vn -0.577 -0.577 -0.577
vn -0.577 -0.577 -0.577
vn -0.577 -0.577 -0.577
vn -0.577 -0.577 -0.577
vn -0.577 -0.577 -0.577
vn -0.577 -0.577 -0.577
vn 0.577 0.577 0.577
vn 0.577 0.577 0.577
vn -0.577 -0.577 -0.577
vn -0.577 -0.577 -0.577
vn -0.577 -0.577 -0.577
vn -0.577 -0.577 -0.577
vn 0.577 0.577 0.577
vn -0.577 -0.577 -0.577
vn -0.577 -0.577 -0.577
vn -0.577 -0.577 -0.577
vn 0.577 0.577 0.577
vn 0.577 0.577 0.577
vn -0.577 -0.577 -0.577
vn 0.577 0.577 0.577
vn -0.577 -0.577 -0.577
vn -0.577 -0.577 -0.577
vn -0.577 -0.577 -0.577
vn -0.577 -0.577 -0.577
vn -0.577 -0.577 -0.577
vn -0.577 -0.577 -0.577
vn -0.577 -0.577 -0.577
vn -0.577 -0.577 -0.577
vn -0.577 -0.577 -0.577
vn 0.577 0.577 0.577
vn -0.577 -0.577 -0.577
vn 0.577 0.577 0.577
vn -0.577 -0.577 -0.577
vn -0.577 -0.577 -0.577
vn -0.577 -0.577 -0.577
vn -0.577 -0.577 -0.577
vn -0.577 -0.577 -0.577
vn -0.577 -0.577 -0.577
vn -0.577 -0.577 -0.577
vn -0.577 -0.577 -0.577
vn 0.577 0.577 0.577
vn -0.577 -0.577 -0.577
vn -0.577 -0.577 -0.577
vn -0.577 -0.577 -0.577
vn 0.577 0.577 0.577
vn 0.577 0.577 0.577
vn -0.577 -0.577 -0.577
vn -0.577 -0.577 -0.577
vn -0.577 -0.577 -0.577
vn -0.577 -0.577 -0.577
vn 0.577 0.577 0.577
vn -0.577 -0.577 -0.577
vn -0.577 -0.577 -0.577
vn 0.577 0.577 0.577
vn 0.577 0.577 0.577
vn -0.577 -0.577 -0.577
vn -0.577 -0.577 -0.577
vn -0.577 -0.577 -0.577
vn -0.577 -0.577 -0.577
vn -0.577 -0.577 -0.577
vn 0.577 0.577 0.577
vn 0.577 0.577 0.577
vn -0.577 -0.577 -0.577
vn -0.577 -0.577 -0.577
vn -0.577 -0.577 -0.577
vn 0.577 0.577 0.577
vn -0.577 -0.577 -0.577
vn 0.577 0.577 0.577
vn -0.577 -0.577 -0.577
vn 0.577 0.577 0.577
vn 0.577 0.577 0.577
vn 0.577 0.577 0.577
vn -0.577 -0.577 -0.577
vn -0.577 -0.577 -0.577
vn 0.577 0.577 0.577
vn -0.577 -0.577 -0.577
vn -0.577 -0.577 -0.577
vn 0.577 0.577 0.577
vn -0.577 -0.577 -0.577
vn -0.577 -0.577 -0.577
vn 0.577 0.577 0.577
vn 0.577 0.577 0.577
vn 0.577 0.577 0.577
vn -0.577 -0.577 -0.577
vn -0.577 -0.577 -0.577
vn -0.577 -0.577 -0.577
vn 0.577 0.577 0.577
vn 0.577 0.577 0.577
vn -0.577 -0.577 -0.577
vn -0.577 -0.577 -0.577
vn -0.577 -0.577 -0.577
vn -0.577 -0.577 -0.577
vn -0.577 -0.577 -0.577
vn -0.577 -0.577 -0.577
vn -0.577 -0.577 -0.577
vn -0.577 -0.577 -0.577
vn -0.577 -0.577 -0.577
vn -0.577 -0.577 -0.577
vn -0.577 -0.577 -0.577
vn -0.577 -0.577 -0.577
vn -0.577 -0.577 -0.577
vn -0.577 -0.577 -0.577
vn -0.577 -0.577 -0.577
vn -0.577 -0.577 -0.577
vn -0.577 -0.577 -0.577
vn -0.577 -0.577 -0.577
vn -0.577 -0.577 -0.577
vn -0.577 -0.577 -0.577
vn -0.577 -0.577 -0.577
vn -0.577 -0.577 -0.577
vn -0.577 -0.577 -0.577
vn -0.577 -0.577 -0.577
vn -0.577 -0.577 -0.577
vn -0.577 -0.577 -0.577
vn -0.577 -0.577 -0.577
vn -0.577 -0.577 -0.577
vn -0.577 -0.577 -0.577
vn -0.577 -0.577 -0.577
vn -0.577 -0.577 -0.577
vn -0.577 -0.577 -0.577
vn -0.577 -0.577 -0.577
vn -0.577 -0.577 -0.577
vn -0.577 -0.577 -0.577
vn -0.577 -0.577 -0.577
vn -0.577 -0.577 -0.577
vn -0.577 -0.577 -0.577
vn -0.577 -0.577 -0.577
vn -0.577 -0.577 -0.577
vn -0.577 -0.577 -0.577
vn -0.577 -0.577 -0.577
vn -0.577 -0.577 -0.577
vn -0.577 -0.577 -0.577
vn -0.577 -0.577 -0.577
vn -0.577 -0.577 -0.577
vn -0.577 -0.577 -0.577
vn -0.577 -0.577 -0.577
vn -0.577 -0.577 -0.577
vn -0.577 -0.577 -0.577
vn -0.577 -0.577 -0.577
vn -0.577 -0.577 -0.577
vn -0.577 -0.577 -0.577
vn -0.577 -0.577 -0.577
vn -0.577 -0.577 -0.577
vn -0.577 -0.577 -0.577
vn 0.577 0.577 0.577
vn -0.577 -0.577 -0.577
vn -0.577 -0.577 -0.577
vn 0.577 0.577 0.577
vn -0.577 -0.577 -0.577
vn 0.577 0.577 0.577
vn -0.577 -0.577 -0.577
vn -0.577 -0.577 -0.577
vn -0.577 -0.577 -0.577
vn -0.577 -0.577 -0.577
vn 0.577 0.577 0.577
vn -0.577 -0.577 -0.577
vn -0.577 -0.577 -0.577
vn -0.577 -0.577 -0.577
vn 0.577 0.577 0.577
vn 0.577 0.577 0.577
vn 0.577 0.577 0.577
vn 0.577 0.577 0.577
vn -0.577 -0.577 -0.577
vn -0.577 -0.577 -0.577
vn -0.577 -0.577 -0.577
vn -0.577 -0.577 -0.577
vn -0.577 -0.577 -0.577
vn -0.577 -0.577 -0.577
vn 0.577 0.577 0.577
vn 0.577 0.577 0.577
vn 0.577 0.577 0.577
vn -0.577 -0.577 -0.577
vn -0.577 -0.577 -0.577
vn -0.577 -0.577 -0.577
vn -0.577 -0.577 -0.577
vn -0.577 -0.577 -0.577
vn -0.577 -0.577 -0.577
vn -0.577 -0.577 -0.577
vn -0.577 -0.577 -0.577
vn 0.577 0.577 0.577
vn 0.577 0.577 0.577
vn 0.577 0.577 0.577
vn -0.577 -0.577 -0.577
vn -0.577 -0.577 -0.577
vn -0.577 -0.577 -0.577
vn -0.577 -0.577 -0.577
vn -0.577 -0.577 -0.577
vn 0.577 0.577 0.577
vn 0.577 0.577 0.577
vn 0.577 0.577 0.577
vn 0.577 0.577 0.577
vn -0.577 -0.577 -0.577
vn -0.577 -0.577 -0.577
vn -0.577 -0.577 -0.577
vn -0.577 -0.577 -0.577
vn 0.577 0.577 0.577
vn -0.577 -0.577 -0.577
vn -0.577 -0.577 -0.577
vn -0.577 -0.577 -0.577
vn -0.577 -0.577 -0.577
vn -0.577 -0.577 -0.577
vn -0.577 -0.577 -0.577
vn -0.577 -0.577 -0.577
vn -0.577 -0.577 -0.577
vn -0.577 -0.577 -0.577
vn 0.577 0.577 0.577
vn -0.577 -0.577 -0.577
vn -0.577 -0.577 -0.577
vn -0.577 -0.577 -0.577
usemtl tex_1634_lit
f 1/1/1 2/2/2 3/3/3
f 3/3/3 2/2/2 4/4/4
f 3/3/3 5/5/5 6/6/6
f 7/7/7 8/8/8 4/4/4
f 5/5/5 3/3/3 8/8/8
f 8/8/8 3/3/3 4/4/4
f 1/1/1 9/9/9 7/7/7
f 2/2/2 1/1/1 7/7/7
f 10/10/10 11/11/11 8/8/8
f 1/1/1 6/6/6 12/12/12
f 8/8/8 11/11/11 6/6/6
f 3/3/3 6/6/6 1/1/1
f 7/7/7 4/4/4 2/2/2
f 5/5/5 8/8/8 6/6/6
f 7/7/7 10/10/10 8/8/8
f 1/1/1 12/12/12 9/9/9
usemtl tex_1633_lit_w01
f 13/13/13 14/14/14 15/15/15
f 16/16/16 17/17/17 18/18/18
f 16/16/16 18/18/18 19/19/19
f 20/20/20 21/21/21 22/22/22
f 21/21/21 23/23/23 15/15/15
f 16/16/16 19/19/19 14/14/14
f 13/13/13 16/16/16 14/14/14
f 21/21/21 24/24/24 22/22/22
f 17/17/17 20/20/20 18/18/18
f 23/23/23 13/13/13 15/15/15
f 21/21/21 15/15/15 24/24/24
f 20/20/20 22/22/22 18/18/18
f 25/18/25 31/25/31 26/19/26
f 26/19/26 31/25/31 32/26/32
f 26/19/26 32/26/32 27/14/27
f 27/14/27 32/26/32 33/27/33
f 27/14/27 33/27/33 28/15/28
f 25/18/25 34/28/34 31/25/31
f 28/15/28 33/27/33 29/24/29
f 29/24/29 33/27/33 35/29/35
f 29/24/29 35/29/35 30/22/30
f 30/22/30 35/29/35 36/30/36
f 30/22/30 36/30/36 25/18/25
f 25/18/25 36/30/36 34/28/34
f 37/31/37 38/32/38 43/16/43
f 43/16/43 38/32/38 39/33/39
f 43/16/43 39/33/39 44/17/44
f 44/17/44 39/33/39 40/34/40
f 44/17/44 40/34/40 45/20/45
f 45/20/45 40/34/40 41/35/41
f 45/20/45 41/35/41 46/21/46
f 46/21/46 41/35/41 42/36/42
f 46/21/46 42/36/42 47/23/47
f 47/23/47 42/36/42 37/31/37
f 47/23/47 37/31/37 48/13/48
f 48/13/48 37/31/37 43/16/43
f 49/31/49 50/37/50 51/32/51
f 52/38/52 50/37/50 49/31/49
f 53/36/53 52/38/52 49/31/49
f 54/35/54 52/38/52 53/36/53
f 55/39/55 56/40/56 57/41/57
f 58/42/58 59/43/59 60/44/60
f 55/39/55 61/45/61 56/40/56
f 57/41/57 56/40/56 58/42/58
f 60/44/60 59/43/59 62/46/62
f 62/46/62 59/43/59 61/45/61
f 62/46/62 61/45/61 55/39/55
f 57/41/57 58/42/58 60/44/60
f 60/44/60 62/46/62 55/39/55
f 60/44/60 55/39/55 57/41/57
f 59/43/59 58/42/58 63/40/63
f 59/43/59 63/40/63 64/45/64
usemtl tex_1635_lit
f 65/47/65 66/48/66 67/49/67
f 67/49/67 66/48/66 68/50/68
f 67/49/67 68/50/68 69/51/69
f 69/51/69 68/50/68 70/52/70
f 69/51/69 70/52/70 71/53/71
f 71/53/71 70/52/70 72/54/72
f 71/53/71 72/54/72 73/55/73
f 73/55/73 72/54/72 74/56/74
f 73/55/73 74/56/74 75/57/75
f 75/57/75 74/56/74 76/58/76
f 75/57/75 76/58/76 77/59/77
f 77/59/77 76/58/76 78/60/78
f 77/59/77 78/60/78 65/47/65
f 65/47/65 78/60/78 66/48/66
usemtl tex_1633_lit_w01
f 79/61/79 80/62/80 81/63/81
f 82/64/82 83/65/83 84/66/84
f 82/64/82 85/67/85 86/68/86
f 84/66/84 83/65/83 80/62/80
f 87/69/87 88/70/88 89/71/89
f 90/72/90 82/64/82 86/68/86
f 87/69/87 89/71/89 90/72/90
f 86/68/86 87/69/87 90/72/90
f 82/64/82 84/66/84 85/67/85
f 89/71/89 88/70/88 91/73/91
f 79/61/79 84/66/84 80/62/80
f 79/61/79 91/73/91 88/70/88
f 79/61/79 81/63/81 91/73/91
usemtl tex_1637_lit
f 92/74/92 98/75/98 99/76/99
f 100/77/100 93/78/93 101/79/101
f 102/80/102 92/74/92 99/76/99
f 102/80/102 94/81/94 92/74/92
f 100/77/100 98/75/98 95/82/95
f 100/77/100 95/82/95 93/78/93
f 92/74/92 95/82/95 98/75/98
usemtl tex_1635_lit
f 103/83/103 96/84/96 94/81/94
f 102/80/102 103/83/103 94/81/94
f 104/85/104 97/86/97 103/83/103
f 97/86/97 104/85/104 93/78/93
f 104/85/104 101/79/101 93/78/93
f 97/86/97 96/84/96 103/83/103
usemtl tex_1633_lit_w01
f 111/32/111 105/68/105 112/33/112
f 112/33/112 105/68/105 106/67/106
f 112/33/112 106/67/106 113/34/113
f 113/34/113 106/67/106 107/66/107
f 113/34/113 107/66/107 114/35/114
f 114/35/114 107/66/107 108/61/108
f 114/35/114 108/61/108 115/38/115
f 115/38/115 108/61/108 109/70/109
f 115/38/115 109/70/109 116/37/116
f 116/37/116 109/70/109 110/69/110
f 116/37/116 110/69/110 105/68/105
f 116/37/116 105/68/105 111/32/111
f 117/40/117 118/87/118 119/88/119
f 120/89/120 118/87/118 121/45/121
f 122/43/122 123/42/123 124/90/124
f 120/89/120 121/45/121 122/43/122
f 123/42/123 117/40/117 119/88/119
f 117/40/117 121/45/121 118/87/118
f 123/42/123 119/88/119 124/90/124
f 120/89/120 122/43/122 124/90/124
f 125/90/125 126/88/126 127/87/127
f 125/90/125 127/87/127 128/89/128
f 129/40/129 123/42/123 122/43/122
f 129/40/129 122/43/122 130/45/130
usemtl tex_1634_lit
f 131/91/131 132/92/132 133/93/133
f 134/94/134 132/92/132 131/91/131
f 135/95/135 136/96/136 131/91/131
f 134/94/134 137/97/137 138/98/138
f 137/97/137 131/91/131 136/96/136
f 134/94/134 131/91/131 137/97/137
f 138/98/138 139/99/139 133/93/133
f 138/98/138 133/93/133 132/92/132
f 137/97/137 140/100/140 141/101/141
f 142/102/142 135/95/135 133/93/133
f 137/97/137 136/96/136 135/95/135
f 133/93/133 135/95/135 131/91/131
f 132/92/132 134/94/134 138/98/138
f 140/100/140 137/97/137 135/95/135
f 139/99/139 142/102/142 133/93/133
f 137/97/137 141/101/141 138/98/138
usemtl tex_1633_lit_w01
f 143/103/143 144/104/144 145/105/145
f 146/106/146 147/107/147 148/108/148
f 149/109/149 146/106/146 148/108/148
f 150/110/150 151/111/151 152/112/152
f 143/103/143 153/113/153 154/114/154
f 143/103/143 154/114/154 151/111/151
f 144/104/144 149/109/149 148/108/148
f 144/104/144 148/108/148 145/105/145
f 150/110/150 155/115/155 151/111/151
f 146/106/146 152/112/152 147/107/147
f 143/103/143 145/105/145 154/114/154
f 155/115/155 143/103/143 151/111/151
f 146/106/146 150/110/150 152/112/152
f 156/115/156 162/116/162 157/103/157
f 157/103/157 162/116/162 163/117/163
f 157/103/157 163/117/163 158/104/158
f 158/104/158 163/117/163 164/118/164
f 158/104/158 164/118/164 159/109/159
f 159/109/159 164/118/164 165/119/165
f 159/109/159 165/119/165 160/106/160
f 160/106/160 165/119/165 166/120/166
f 160/106/160 166/120/166 161/110/161
f 161/110/161 166/120/166 167/121/167
f 161/110/161 167/121/167 156/115/156
f 156/115/156 167/121/167 162/116/162
f 174/108/174 168/122/168 175/105/175
f 169/123/169 168/122/168 174/108/174
f 176/107/176 169/123/169 174/108/174
f 170/124/170 169/123/169 176/107/176
f 177/112/177 170/124/170 176/107/176
f 171/125/171 170/124/170 177/112/177
f 178/111/178 171/125/171 177/112/177
f 172/126/172 171/125/171 178/111/178
f 179/114/179 172/126/172 178/111/178
f 173/127/173 172/126/172 179/114/179
f 175/105/175 173/127/173 179/114/179
f 168/122/168 173/127/173 175/105/175
f 180/126/180 181/128/181 182/125/182
f 183/129/183 181/128/181 180/126/180
f 184/127/184 183/129/183 180/126/180
f 185/122/185 183/129/183 184/127/184
f 186/130/186 187/131/187 188/132/188
f 189/133/189 190/134/190 191/135/191
f 187/131/187 192/136/192 188/132/188
f 191/135/191 187/131/187 186/130/186
f 193/137/193 190/134/190 189/133/189
f 192/136/192 190/134/190 193/137/193
f 188/132/188 192/136/192 193/137/193
f 189/133/189 191/135/191 186/130/186
f 186/130/186 188/132/188 193/137/193
f 186/130/186 193/137/193 189/133/189
f 194/136/194 195/131/195 191/135/191
f 194/136/194 191/135/191 190/134/190
usemtl tex_1635_lit
f 196/138/196 197/139/197 198/140/198
f 198/140/198 197/139/197 199/141/199
f 198/140/198 199/141/199 200/142/200
f 200/142/200 199/141/199 201/143/201
f 200/142/200 201/143/201 202/144/202
f 202/144/202 201/143/201 203/145/203
f 202/144/202 203/145/203 204/55/204
f 204/55/204 203/145/203 205/146/205
f 204/55/204 205/146/205 206/53/206
f 206/53/206 205/146/205 207/147/207
f 206/53/206 207/147/207 208/148/208
f 208/148/208 207/147/207 209/149/209
f 208/148/208 209/149/209 196/138/196
f 196/138/196 209/149/209 197/139/197
usemtl tex_1633_lit_w01
f 210/150/210 211/151/211 212/152/212
f 213/153/213 214/154/214 215/155/215
f 216/156/216 217/157/217 215/155/215
f 211/151/211 214/154/214 213/153/213
f 218/158/218 219/159/219 220/160/220
f 216/156/216 215/155/215 221/161/221
f 221/161/221 218/158/218 220/160/220
f 221/161/221 220/160/220 216/156/216
f 217/157/217 213/153/213 215/155/215
f 222/162/222 219/159/219 218/158/218
f 211/151/211 213/153/213 212/152/212
f 219/159/219 222/162/222 212/152/212
f 222/162/222 210/150/210 212/152/212
usemtl tex_1637_lit
f 229/76/229 230/163/230 223/74/223
f 231/164/231 224/165/224 232/166/232
f 229/76/229 223/74/223 233/80/233
f 223/74/223 225/81/225 233/80/233
f 226/167/226 230/163/230 232/166/232
f 224/165/224 226/167/226 232/166/232
f 230/163/230 226/167/226 223/74/223
usemtl tex_1635_lit
f 225/81/225 227/168/227 234/169/234
f 225/81/225 234/169/234 233/80/233
f 234/169/234 228/170/228 235/171/235
f 224/165/224 235/171/235 228/170/228
f 224/165/224 231/164/231 235/171/235
f 234/169/234 227/168/227 228/170/228
usemtl tex_1633_lit_w01
f 242/123/242 236/156/236 243/122/243
f 237/157/237 236/156/236 242/123/242
f 244/124/244 237/157/237 242/123/242
f 238/153/238 237/157/237 244/124/244
f 245/125/245 238/153/238 244/124/244
f 239/152/239 238/153/238 245/125/245
f 246/128/246 239/152/239 245/125/245
f 240/159/240 239/152/239 246/128/246
f 247/129/247 240/159/240 246/128/246
f 241/160/241 240/159/240 247/129/247
f 243/122/243 241/160/241 247/129/247
f 236/156/236 241/160/241 243/122/243
f 248/172/248 249/173/249 250/131/250
f 251/136/251 249/173/249 252/174/252
f 253/175/253 254/135/254 255/134/255
f 255/134/255 251/136/251 252/174/252
f 248/172/248 250/131/250 254/135/254
f 249/173/249 251/136/251 250/131/250
f 253/175/253 248/172/248 254/135/254
f 253/175/253 255/134/255 252/174/252
f 256/174/256 257/173/257 258/172/258
f 256/174/256 258/172/258 259/175/259
f 260/136/260 255/134/255 254/135/254
f 260/136/260 254/135/254 261/131/261
usemtl tex_1606_lit
f 270/176/270 271/177/271 262/178/262
f 263/179/263 270/176/270 262/178/262
usemtl tex_1606_lit_ds
f 272/180/272 273/181/273 264/182/264
f 273/181/273 265/183/265 264/182/264
f 274/184/274 275/185/275 266/186/266
f 267/177/267 274/184/274 266/186/266
usemtl tex_1606_lit
f 276/187/276 268/188/268 277/189/277
f 277/189/277 268/188/268 269/190/269
usemtl tex_1636_lit_ds
f 285/191/285 286/192/286 278/193/278
f 286/192/286 279/194/279 278/193/278
f 285/191/285 278/193/278 287/195/287
f 278/193/278 280/196/280 287/195/287
f 287/195/287 280/196/280 281/197/281
f 287/195/287 281/197/281 288/198/288
f 281/197/281 289/199/289 288/198/288
f 281/197/281 282/200/282 289/199/289
usemtl tex_2009_lit
f 283/201/283 290/202/290 291/203/291
f 284/204/284 292/205/292 293/206/293
f 294/204/294 295/201/295 297/207/297
f 296/208/296 298/209/298 299/210/299
f 300/211/300 301/202/301 295/201/295
f 295/201/295 302/212/302 297/207/297
f 294/204/294 303/206/303 296/208/296
f 296/208/296 304/213/304 298/209/298
f 296/208/296 305/214/305 304/213/304
f 295/201/295 306/203/306 302/212/302
f 294/204/294 297/207/297 307/205/307
f 303/206/303 305/214/305 296/208/296
usemtl tex_1606_lit_ds
f 308/215/308 309/216/309 310/217/310
f 308/215/308 311/218/311 309/216/309
f 312/219/312 313/220/313 314/221/314
f 315/222/315 309/216/309 311/218/311
f 316/177/316 317/223/317 318/224/318
f 319/225/319 317/223/317 316/177/316
f 320/226/320 321/227/321 322/228/322
f 323/229/323 321/227/321 320/226/320
f 324/230/324 325/231/325 326/232/326
f 327/233/327 325/231/325 324/230/324
f 328/219/328 329/234/329 330/220/330
f 331/235/331 332/236/332 333/237/333
f 334/238/334 335/239/335 336/240/336
f 332/236/332 331/235/331 337/241/337
f 332/236/332 337/241/337 338/242/338
f 339/243/339 340/244/340 341/245/341
f 340/244/340 342/177/342 341/245/341
f 343/246/343 344/247/344 345/248/345
f 346/177/346 347/238/347 348/240/348
f 349/234/349 350/249/350 351/220/351
f 352/250/352 353/251/353 354/252/354
f 355/250/355 356/253/356 357/251/357
f 358/254/358 359/255/359 360/256/360
f 359/255/359 361/257/361 360/256/360
f 362/258/362 363/259/363 364/260/364
usemtl tex_1606_lit
f 365/261/365 366/187/366 367/189/367
f 368/262/368 366/187/366 365/261/365
usemtl tex_1606_lit_ds
f 369/184/369 370/263/370 371/185/371
f 372/180/372 373/264/373 374/181/374
usemtl tex_1606_lit
f 375/177/375 376/265/376 377/266/377
f 378/176/378 376/265/376 375/177/375
usemtl tex_1636_lit_ds
f 379/267/379 380/198/380 381/268/381
f 379/267/379 382/269/382 380/198/380
f 383/199/383 381/268/381 380/198/380
f 382/269/382 384/195/384 380/198/380
f 385/270/385 386/267/386 387/268/387
f 388/191/388 389/195/389 390/269/390
f 386/267/386 385/270/385 391/271/391
f 388/191/388 391/271/391 392/192/392
f 388/191/388 390/269/390 386/267/386
f 388/191/388 386/267/386 391/271/391
usemtl tex_1606_lit
f 393/238/393 394/272/394 395/273/395
f 393/238/393 395/273/395 396/274/396
usemtl tex_1636_lit
f 397/275/397 398/276/398 399/277/399
f 397/275/397 399/277/399 400/278/400
f 397/275/397 400/278/400 401/279/401
f 397/275/397 401/279/401 402/280/402
f 403/281/403 401/279/401 400/278/400
f 403/281/403 400/278/400 399/277/399
f 404/282/404 403/281/403 399/277/399
f 404/282/404 399/277/399 398/276/398
usemtl tex_1609_lit
f 405/283/405 406/284/406 407/285/407
f 408/286/408 406/284/406 405/283/405
usemtl tex_1613_lit_w11
f 409/287/409 410/288/410 411/289/411
f 410/288/410 412/290/412 411/289/411
f 409/287/409 411/289/411 413/291/413
usemtl tex_1619_lit_w11
f 414/292/414 415/293/415 416/294/416
f 417/295/417 415/293/415 414/292/414
usemtl tex_1622_lit_w11
f 418/296/418 419/297/419 420/298/420
f 421/299/421 422/300/422 423/296/423
f 421/299/421 423/296/423 424/298/424
usemtl tex_1616_lit_w11
f 425/301/425 426/302/426 427/303/427
f 428/304/428 426/302/426 425/301/425
usemtl tex_1632_lit_w01
f 429/305/429 430/306/430 431/307/431
f 432/308/432 433/309/433 434/310/434
f 435/311/435 436/312/436 437/313/437
f 433/309/433 429/305/429 431/307/431
f 432/308/432 434/310/434 436/312/436
f 429/305/429 438/314/438 430/306/430
f 435/311/435 432/308/432 436/312/436
f 439/315/439 440/316/440 438/314/438
f 433/309/433 431/307/431 434/310/434
f 439/315/439 435/311/435 437/313/437
f 439/315/439 437/313/437 440/316/440
f 440/316/440 430/306/430 438/314/438
f 441/317/441 447/318/447 442/319/442
f 442/319/442 447/318/447 448/320/448
f 442/319/442 448/320/448 443/321/443
f 443/321/443 448/320/448 449/322/449
f 443/321/443 449/322/449 444/323/444
f 444/323/444 449/322/449 450/324/450
f 444/323/444 450/324/450 445/325/445
f 445/325/445 450/324/450 451/326/451
f 445/325/445 451/326/451 446/327/446
f 446/327/446 451/326/451 452/328/452
f 446/327/446 452/328/452 441/317/441
f 441/317/441 452/328/452 447/318/447
f 459/310/459 453/329/453 460/312/460
f 460/312/460 453/329/453 454/330/454
f 460/312/460 454/330/454 461/313/461
f 461/313/461 454/330/454 455/331/455
f 461/313/461 455/331/455 462/316/462
f 462/316/462 455/331/455 456/332/456
f 462/316/462 456/332/456 463/306/463
f 463/306/463 456/332/456 457/333/457
f 463/306/463 457/333/457 464/307/464
f 464/307/464 457/333/457 458/334/458
f 464/307/464 458/334/458 459/310/459
f 459/310/459 458/334/458 453/329/453
f 465/335/465 466/336/466 467/337/467
f 468/338/468 469/339/469 465/335/465
f 470/340/470 466/336/466 471/341/471
f 472/342/472 471/341/471 468/338/468
f 471/341/471 469/339/469 468/338/468
f 470/340/470 467/337/467 466/336/466
f 468/338/468 465/335/465 467/337/467
f 472/342/472 470/340/470 471/341/471
f 466/336/466 465/335/465 469/339/469
f 466/336/466 469/339/469 471/341/471
f 473/343/473 474/344/474 475/345/475
f 473/343/473 476/346/476 477/347/477
f 478/348/478 479/349/479 480/350/480
f 473/343/473 475/345/475 476/346/476
f 474/344/474 478/348/478 480/350/480
f 481/351/481 478/348/478 474/344/474
f 476/346/476 479/349/479 482/352/482
f 473/343/473 481/351/481 474/344/474
f 478/348/478 483/353/483 479/349/479
f 479/349/479 483/353/483 482/352/482
f 477/347/477 476/346/476 482/352/482
f 489/344/489 484/354/484 490/345/490
f 485/355/485 484/354/484 489/344/489
f 491/350/491 485/355/485 489/344/489
f 486/356/486 485/355/485 491/350/491
f 492/349/492 486/356/486 491/350/491
f 487/357/487 486/356/486 492/349/492
f 493/346/493 487/357/487 492/349/492
f 488/358/488 487/357/487 493/346/493
f 490/345/490 488/358/488 493/346/493
f 484/354/484 488/358/488 490/345/490
f 500/329/500 494/353/494 501/330/501
f 501/330/501 494/353/494 495/348/495
f 501/330/501 495/348/495 502/331/502
f 502/331/502 495/348/495 496/351/496
f 502/331/502 496/351/496 503/332/503
f 503/332/503 496/351/496 497/343/497
f 503/332/503 497/343/497 504/333/504
f 504/333/504 497/343/497 498/347/498
f 504/333/504 498/347/498 505/334/505
f 505/334/505 498/347/498 499/352/499
f 505/334/505 499/352/499 500/329/500
f 500/329/500 499/352/499 494/353/494
f 506/359/506 507/360/507 508/361/508
f 508/361/508 509/362/509 506/359/506
f 510/335/510 511/361/511 512/360/512
f 510/335/510 506/359/506 513/336/513
f 510/335/510 512/360/512 506/359/506
f 511/361/511 514/341/514 509/362/509
f 515/339/515 514/341/514 511/361/511
f 506/359/506 509/362/509 513/336/513
f 510/335/510 515/339/515 511/361/511
f 514/341/514 513/336/513 509/362/509
f 514/341/514 515/339/515 510/335/510
f 514/341/514 510/335/510 513/336/513
usemtl tex_1609_lit
f 516/363/516 517/364/517 518/365/518
f 518/365/518 517/364/517 519/366/519
usemtl tex_1613_lit_w11
f 520/367/520 521/368/521 522/369/522
f 521/368/521 523/370/523 524/371/524
f 521/368/521 524/371/524 522/369/522
usemtl tex_1619_lit_w11
f 525/372/525 526/373/526 527/374/527
f 527/374/527 526/373/526 528/375/528
usemtl tex_1622_lit_w11
f 529/376/529 530/377/530 531/378/531
f 532/379/532 533/380/533 534/376/534
f 532/379/532 534/376/534 535/378/535
usemtl tex_1616_lit_w11_ovl
f 536/381/536 537/382/537 538/383/538
usemtl tex_1616_lit_w11
f 538/383/538 537/382/537 539/384/539
usemtl tex_1632_lit_w01
f 540/385/540 541/386/541 542/387/542
f 543/388/543 544/389/544 545/390/545
f 546/391/546 547/392/547 548/393/548
f 540/385/540 542/387/542 544/389/544
f 547/392/547 543/388/543 545/390/545
f 541/386/541 549/394/549 542/387/542
f 547/392/547 545/390/545 548/393/548
f 549/394/549 550/395/550 551/396/551
f 543/388/543 540/385/540 544/389/544
f 546/391/546 548/393/548 551/396/551
f 550/395/550 546/391/546 551/396/551
f 549/394/549 541/386/541 550/395/550
f 558/397/558 552/398/552 559/399/559
f 553/400/553 552/398/552 558/397/558
f 560/401/560 553/400/553 558/397/558
f 554/402/554 553/400/553 560/401/560
f 561/403/561 554/402/554 560/401/560
f 555/404/555 554/402/554 561/403/561
f 562/405/562 555/404/555 561/403/561
f 556/406/556 555/404/555 562/405/562
f 563/407/563 556/406/556 562/405/562
f 557/408/557 556/406/556 563/407/563
f 559/399/559 557/408/557 563/407/563
f 552/398/552 557/408/557 559/399/559
f 570/391/570 564/409/564 571/392/571
f 571/392/571 564/409/564 565/410/565
f 571/392/571 565/410/565 572/388/572
f 572/388/572 565/410/565 566/411/566
f 572/388/572 566/411/566 573/385/573
f 573/385/573 566/411/566 567/412/567
f 573/385/573 567/412/567 574/386/574
f 574/386/574 567/412/567 568/413/568
f 574/386/574 568/413/568 575/395/575
f 575/395/575 568/413/568 569/414/569
f 575/395/575 569/414/569 570/391/570
f 570/391/570 569/414/569 564/409/564
f 576/415/576 577/416/577 578/417/578
f 578/417/578 579/418/579 580/419/580
f 581/420/581 577/416/577 582/421/582
usemtl tex_1632_lit_w01_ovl
f 580/419/580 581/420/581 583/422/583
usemtl tex_1632_lit_w01
f 580/419/580 579/418/579 581/420/581
f 577/416/577 576/415/576 582/421/582
f 576/415/576 578/417/578 580/419/580
f 581/420/581 582/421/582 583/422/583
f 578/417/578 577/416/577 581/420/581
f 578/417/578 581/420/581 579/418/579
f 584/423/584 585/424/585 586/425/586
f 587/426/587 588/427/588 586/425/586
f 589/428/589 590/429/590 591/430/591
f 588/427/588 584/423/584 586/425/586
f 589/428/589 591/430/591 585/424/585
f 585/424/585 591/430/591 592/431/592
f 593/432/593 590/429/590 588/427/588
f 585/424/585 592/431/592 586/425/586
f 590/429/590 594/433/594 591/430/591
f 593/432/593 594/433/594 590/429/590
f 593/432/593 588/427/588 587/426/587
f 600/423/600 595/434/595 601/424/601
f 601/424/601 595/434/595 596/435/596
f 601/424/601 596/435/596 602/428/602
f 602/428/602 596/435/596 597/436/597
f 602/428/602 597/436/597 603/429/603
f 603/429/603 597/436/597 598/437/598
f 603/429/603 598/437/598 604/427/604
f 604/427/604 598/437/598 599/438/599
f 604/427/604 599/438/599 600/423/600
f 600/423/600 599/438/599 595/434/595
f 611/410/611 605/433/605 612/411/612
f 606/430/606 605/433/605 611/410/611
f 613/409/613 606/430/606 611/410/611
f 607/431/607 606/430/606 613/409/613
f 614/414/614 607/431/607 613/409/613
f 608/425/608 607/431/607 614/414/614
f 615/413/615 608/425/608 614/414/614
f 609/426/609 608/425/608 615/413/615
f 616/412/616 609/426/609 615/413/615
f 610/432/610 609/426/609 616/412/616
f 612/411/612 610/432/610 616/412/616
f 605/433/605 610/432/610 612/411/612
f 617/439/617 618/440/618 619/417/619
f 620/416/620 621/441/621 619/417/619
f 621/441/621 617/439/617 619/417/619
f 622/442/622 623/420/623 618/440/618
f 618/440/618 623/420/623 624/418/624
f 620/416/620 622/442/622 621/441/621
f 618/440/618 624/418/624 619/417/619
f 622/442/622 620/416/620 623/420/623
f 625/439/625 621/441/621 622/442/622
f 622/442/622 626/440/626 625/439/625
f 624/418/624 623/420/623 620/416/620
f 624/418/624 620/416/620 619/417/619
usemtl tex_1637_lit
f 627/443/627 628/444/628 629/445/629
f 630/446/630 631/447/631 632/448/632
f 633/449/633 634/450/634 635/451/635
f 636/452/636 637/453/637 638/454/638
f 639/455/639 640/456/640 641/457/641
f 631/447/631 635/451/635 642/458/642
f 643/459/643 644/457/644 645/456/645
f 646/447/646 647/458/647 648/460/648
f 649/444/649 650/443/650 651/461/651
f 652/462/652 653/446/653 654/448/654
f 654/448/654 646/447/646 648/460/648
f 652/462/652 654/448/654 655/463/655
f 646/447/646 656/449/656 657/451/657
f 658/464/658 659/465/659 660/449/660
f 661/450/661 660/449/660 659/465/659
f 662/462/662 663/463/663 664/466/664
f 665/448/665 666/460/666 663/463/663
f 667/454/667 658/464/658 668/447/668
f 669/457/669 658/464/658 667/454/667
f 670/452/670 667/454/667 668/447/668
f 658/464/658 660/449/660 668/447/668
f 671/446/671 672/467/672 668/447/668
f 671/446/671 673/443/673 672/467/672
f 674/468/674 675/457/675 676/454/676
f 677/443/677 678/469/678 679/467/679
f 680/452/680 681/447/681 679/467/679
f 682/470/682 680/452/680 679/467/679
f 683/471/683 684/450/684 685/465/685
f 675/457/675 674/468/674 686/455/686
f 678/469/678 677/443/677 687/445/687
usemtl tex_1637_lit_ovl
f 674/468/674 676/454/676 688/453/688
usemtl tex_1637_lit
f 682/470/682 679/467/679 678/469/678
usemtl tex_1635_lit
f 689/472/689 690/473/690 691/474/691
f 692/475/692 689/472/689 693/476/693
f 689/472/689 694/471/694 695/459/695
f 689/472/689 691/474/691 694/471/694
f 696/477/696 690/473/690 689/472/689
f 697/461/697 692/475/692 698/478/698
usemtl tex_1635_lit_ovl
f 692/475/692 699/479/699 696/477/696
usemtl tex_1635_lit
f 692/475/692 700/466/700 701/480/701
f 698/478/698 692/475/692 693/476/693
f 698/478/698 693/476/693 702/481/702
f 703/444/703 698/478/698 702/481/702
f 693/476/693 695/459/695 704/456/704
f 699/479/699 692/475/692 701/480/701
f 705/474/705 706/450/706 707/471/707
f 708/475/708 709/461/709 710/466/710
f 711/480/711 710/466/710 712/463/712
f 713/444/713 709/461/709 714/478/714
f 715/476/715 716/472/716 717/459/717
f 708/475/708 718/477/718 716/472/716
f 719/481/719 715/476/715 720/456/720
usemtl tex_1637_lit
f 721/482/721 729/463/729 722/483/722
f 722/483/722 729/463/729 730/460/730
f 722/483/722 730/460/730 723/484/723
f 723/484/723 730/460/730 731/458/731
f 723/484/723 731/458/731 724/485/724
f 724/485/724 731/458/731 732/451/732
f 724/485/724 732/451/732 725/486/725
f 725/486/725 732/451/732 733/450/733
usemtl tex_1635_lit
f 725/486/725 733/450/733 726/487/726
f 726/487/726 733/450/733 734/474/734
f 726/487/726 734/474/734 727/488/727
f 727/488/727 734/474/734 735/473/735
f 727/488/727 735/473/735 728/489/728
f 728/489/728 735/473/735 736/477/736
f 737/489/737 741/477/741 738/490/738
f 738/490/738 741/477/741 742/479/742
f 738/490/738 742/479/742 739/491/739
f 739/491/739 742/479/742 743/480/743
f 739/491/739 743/480/743 740/482/740
f 740/482/740 743/480/743 744/463/744
usemtl tex_1637_lit
f 745/492/745 746/493/746 747/494/747
f 748/492/748 749/495/749 750/496/750
f 746/493/746 745/492/745 751/497/751
f 752/498/752 753/495/753 746/493/746
f 754/499/754 755/497/755 756/496/756
f 748/492/748 757/494/757 749/495/749
f 753/495/753 757/494/757 746/493/746
f 758/492/758 756/496/756 755/497/755
f 759/500/759 760/501/760 761/502/761
f 760/501/760 762/503/762 761/502/761
usemtl tex_1635_lit
f 763/504/763 764/505/764 765/506/765
f 766/507/766 763/504/763 765/506/765
usemtl tex_1637_lit
f 767/508/767 768/167/768 769/165/769
f 770/509/770 771/82/771 772/74/772
f 773/510/773 767/508/767 769/165/769
f 768/167/768 770/509/770 772/74/772
f 767/508/767 770/509/770 768/167/768
f 770/509/770 774/511/774 771/82/771
f 774/511/774 775/512/775 776/78/776
f 771/82/771 774/511/774 776/78/776
usemtl tex_1635_lit
f 777/513/777 778/170/778 779/168/779
f 777/513/777 773/510/773 769/165/769
f 780/514/780 781/81/781 782/515/782
f 780/514/780 779/168/779 781/81/781
f 783/86/783 784/78/784 785/512/785
f 786/170/786 787/513/787 788/165/788
f 789/81/789 790/84/790 791/515/791
f 790/84/790 792/516/792 791/515/791
f 783/86/783 793/517/793 790/84/790
f 793/517/793 783/86/783 785/512/785
f 794/514/794 787/513/787 795/168/795
f 793/517/793 792/516/792 790/84/790
usemtl tex_1637_lit
f 796/510/796 804/482/804 797/508/797
f 797/508/797 804/482/804 805/483/805
f 797/508/797 805/483/805 798/509/798
f 798/509/798 805/483/805 806/484/806
f 798/509/798 806/484/806 799/511/799
f 799/511/799 806/484/806 807/485/807
f 799/511/799 807/485/807 800/512/800
f 800/512/800 807/485/807 808/486/808
usemtl tex_1635_lit
f 800/512/800 808/486/808 801/517/801
f 801/517/801 808/486/808 809/487/809
f 801/517/801 809/487/809 802/516/802
f 802/516/802 809/487/809 810/488/810
f 802/516/802 810/488/810 803/515/803
f 803/515/803 810/488/810 811/489/811
f 812/515/812 816/489/816 813/514/813
f 813/514/813 816/489/816 817/490/817
f 813/514/813 817/490/817 814/513/814
f 814/513/814 817/490/817 818/491/818
f 814/513/814 818/491/818 815/510/815
f 815/510/815 818/491/818 819/482/819
usemtl tex_1606_lit
f 820/518/820 821/519/821 822/520/822
f 820/518/820 822/520/822 823/521/823
usemtl tex_1637_lit
f 824/495/824 825/522/825 826/523/826
f 825/522/825 827/498/827 828/521/828
f 825/522/825 824/495/824 827/498/827
f 829/518/829 830/499/830 831/523/831
f 831/523/831 830/499/830 832/496/832
f 833/496/833 824/495/824 826/523/826
f 834/500/834 835/503/835 836/501/836
f 834/500/834 837/502/837 835/503/835
usemtl tex_1635_lit
f 838/177/838 839/506/839 840/505/840
f 838/177/838 840/505/840 841/238/841
