mtllib CspicebondZ.mtl
v 377.0561828613281 -24.215871810913086 70.09654712677002 1.000 1.000 1.000
v 253.05618286132812 -6.215871810913086 41.09654712677002 1.000 1.000 1.000
v 372.0561828613281 -25.215871810913086 -35.90345287322998 1.000 1.000 1.000
v 255.05618286132812 -4.215871810913086 -20.90345287322998 1.000 1.000 1.000
v 348.0561828613281 63.784128189086914 -36.90345287322998 1.000 1.000 1.000
v 372.0561828613281 -25.215871810913086 -35.90345287322998 1.000 1.000 1.000
v 258.0561828613281 36.784128189086914 -19.90345287322998 1.000 1.000 1.000
v 255.05618286132812 -4.215871810913086 -20.90345287322998 1.000 1.000 1.000
v 253.05618286132812 -6.215871810913086 41.09654712677002 1.000 1.000 1.000
v 377.0561828613281 -24.215871810913086 70.09654712677002 1.000 1.000 1.000
v 256.0561828613281 37.784128189086914 39.09654712677002 1.000 1.000 1.000
v 353.0561828613281 62.784128189086914 69.09654712677002 1.000 1.000 1.000
v 258.0561828613281 36.784128189086914 -19.90345287322998 1.000 1.000 1.000
v 256.0561828613281 37.784128189086914 39.09654712677002 1.000 1.000 1.000
v 348.0561828613281 63.784128189086914 -36.90345287322998 1.000 1.000 1.000
v 353.0561828613281 62.784128189086914 69.09654712677002 1.000 1.000 1.000
v 372.0561828613281 -25.215871810913086 -35.90345287322998 1.000 1.000 1.000
v 348.0561828613281 63.784128189086914 -36.90345287322998 1.000 1.000 1.000
v 377.0561828613281 -24.215871810913086 70.09654712677002 1.000 1.000 1.000
v 353.0561828613281 62.784128189086914 69.09654712677002 1.000 1.000 1.000
v 504.1668508052826 399.9892463684082 52.895044803619385 1.000 1.000 1.000
v 503.1668508052826 406.9892463684082 -42.104955196380615 1.000 1.000 1.000
v 504.1668508052826 399.9892463684082 52.895044803619385 1.000 1.000 1.000
v 467.1668508052826 487.9892463684082 46.895044803619385 1.000 1.000 1.000
v 481.1668508052826 476.9892463684082 -43.104955196380615 1.000 1.000 1.000
v 467.1668508052826 487.9892463684082 46.895044803619385 1.000 1.000 1.000
v 253.05618286132812 -6.215871810913086 41.09654712677002 1.000 1.000 1.000
v 256.0561828613281 37.784128189086914 39.09654712677002 1.000 1.000 1.000
v 258.0561828613281 36.784128189086914 -19.90345287322998 1.000 1.000 1.000
v 255.05618286132812 -4.215871810913086 -20.90345287322998 1.000 1.000 1.000
v 429.1668508052826 447.9892463684082 -40.104955196380615 1.000 1.000 1.000
v 425.1668508052826 408.9892463684082 -37.104955196380615 1.000 1.000 1.000
v 385.1668508052826 482.9892463684082 -8.104955196380615 1.000 1.000 1.000
v 425.1668508052826 475.9892463684082 -38.104955196380615 1.000 1.000 1.000
v 426.1668508052826 483.9892463684082 25.895044803619385 1.000 1.000 1.000
v 423.1668508052826 453.9892463684082 45.895044803619385 1.000 1.000 1.000
v 426.1668508052826 483.9892463684082 25.895044803619385 1.000 1.000 1.000
v 429.1668508052826 404.9892463684082 12.895044803619385 1.000 1.000 1.000
v 425.1668508052826 401.9892463684082 50.895044803619385 1.000 1.000 1.000
v 503.1668508052826 406.9892463684082 -42.104955196380615 1.000 1.000 1.000
v 481.1668508052826 476.9892463684082 -43.104955196380615 1.000 1.000 1.000
v 481.1668508052826 476.9892463684082 -43.104955196380615 1.000 1.000 1.000
v 467.1668508052826 487.9892463684082 46.895044803619385 1.000 1.000 1.000
v 467.1668508052826 487.9892463684082 46.895044803619385 1.000 1.000 1.000
v 504.1668508052826 399.9892463684082 52.895044803619385 1.000 1.000 1.000
v 504.1668508052826 399.9892463684082 52.895044803619385 1.000 1.000 1.000
v 429.1668508052826 404.9892463684082 12.895044803619385 1.000 1.000 1.000
v 425.1668508052826 401.9892463684082 50.895044803619385 1.000 1.000 1.000
v 423.1668508052826 453.9892463684082 45.895044803619385 1.000 1.000 1.000
v 426.1668508052826 483.9892463684082 25.895044803619385 1.000 1.000 1.000
v 385.1668508052826 482.9892463684082 -8.104955196380615 1.000 1.000 1.000
v 425.1668508052826 475.9892463684082 -38.104955196380615 1.000 1.000 1.000
v 429.1668508052826 447.9892463684082 -40.104955196380615 1.000 1.000 1.000
v 425.1668508052826 408.9892463684082 -37.104955196380615 1.000 1.000 1.000
v 503.1668508052826 406.9892463684082 -42.104955196380615 1.000 1.000 1.000
v 504.1668508052826 399.9892463684082 52.895044803619385 1.000 1.000 1.000
v 504.1668508052826 399.9892463684082 52.895044803619385 1.000 1.000 1.000
v 481.1668508052826 476.9892463684082 -43.104955196380615 1.000 1.000 1.000
v 481.1668508052826 476.9892463684082 -43.104955196380615 1.000 1.000 1.000
v 702.1668508052826 438.9892463684082 45.895044803619385 1.000 1.000 1.000
v 433.1668508052826 478.9892463684082 61.895044803619385 1.000 1.000 1.000
v 427.1668508052826 418.9892463684082 57.895044803619385 1.000 1.000 1.000
v 426.1668508052826 416.9892463684082 -32.104955196380615 1.000 1.000 1.000
v 703.1668508052826 443.9892463684082 -21.104955196380615 1.000 1.000 1.000
v 433.1668508052826 486.9892463684082 -49.104955196380615 1.000 1.000 1.000
v 705.1668508052826 488.9892463684082 45.895044803619385 1.000 1.000 1.000
v 705.1668508052826 475.9892463684082 -23.104955196380615 1.000 1.000 1.000
v 427.1668508052826 418.9892463684082 57.895044803619385 1.000 1.000 1.000
v 433.1668508052826 478.9892463684082 61.895044803619385 1.000 1.000 1.000
v 433.1668508052826 486.9892463684082 -49.104955196380615 1.000 1.000 1.000
v 426.1668508052826 416.9892463684082 -32.104955196380615 1.000 1.000 1.000
v 211.71854758262634 368.8527641296387 -44.0 1.000 1.000 1.000
v 373.71854758262634 401.8527641296387 -32.0 1.000 1.000 1.000
v 372.71854758262634 395.8527641296387 48.0 1.000 1.000 1.000
v 215.71854758262634 360.8527641296387 52.0 1.000 1.000 1.000
v 130.71854758262634 432.8527641296387 -46.0 1.000 1.000 1.000
v 168.71854758262634 453.8527641296387 56.0 1.000 1.000 1.000
v 320.71854758262634 475.8527641296387 25.0 1.000 1.000 1.000
v 119.71854758262634 438.8527641296387 -4.0 1.000 1.000 1.000
v 215.71854758262634 360.8527641296387 52.0 1.000 1.000 1.000
v 320.71854758262634 475.8527641296387 25.0 1.000 1.000 1.000
v 168.71854758262634 453.8527641296387 56.0 1.000 1.000 1.000
v 119.71854758262634 438.8527641296387 -4.0 1.000 1.000 1.000
v 125.71854758262634 441.8527641296387 27.0 1.000 1.000 1.000
v 372.71854758262634 395.8527641296387 48.0 1.000 1.000 1.000
v 211.71854758262634 368.8527641296387 -44.0 1.000 1.000 1.000
v 380.71854758262634 474.8527641296387 -39.0 1.000 1.000 1.000
v 373.71854758262634 401.8527641296387 -32.0 1.000 1.000 1.000
v 130.71854758262634 432.8527641296387 -46.0 1.000 1.000 1.000
v 380.71854758262634 474.8527641296387 -39.0 1.000 1.000 1.000
v 130.71854758262634 432.8527641296387 -46.0 1.000 1.000 1.000
v 320.71854758262634 475.8527641296387 25.0 1.000 1.000 1.000
v -113.05618286132812 291.68610286712646 -44.0 1.000 1.000 1.000
v -122.05618286132812 291.68610286712646 54.0 1.000 1.000 1.000
v -110.05618286132812 365.68610286712646 55.0 1.000 1.000 1.000
v -108.05618286132812 412.68610286712646 17.0 1.000 1.000 1.000
v -109.05618286132812 408.68610286712646 -30.0 1.000 1.000 1.000
v -111.05618286132812 372.68610286712646 -59.0 1.000 1.000 1.000
v 211.71854758262634 368.8527641296387 -44.0 1.000 1.000 1.000
v 215.71854758262634 360.8527641296387 52.0 1.000 1.000 1.000
v 168.71854758262634 453.8527641296387 56.0 1.000 1.000 1.000
v 125.71854758262634 441.8527641296387 27.0 1.000 1.000 1.000
v 119.71854758262634 438.8527641296387 -4.0 1.000 1.000 1.000
v 130.71854758262634 432.8527641296387 -46.0 1.000 1.000 1.000
v 373.71854758262634 401.8527641296387 -32.0 1.000 1.000 1.000
v 373.71854758262634 401.8527641296387 -32.0 1.000 1.000 1.000
v 380.71854758262634 474.8527641296387 -39.0 1.000 1.000 1.000
v 380.71854758262634 474.8527641296387 -39.0 1.000 1.000 1.000
v 320.71854758262634 475.8527641296387 25.0 1.000 1.000 1.000
v 320.71854758262634 475.8527641296387 25.0 1.000 1.000 1.000
v 425.1668508052826 408.9892463684082 -37.104955196380615 1.000 1.000 1.000
v 429.1668508052826 404.9892463684082 12.895044803619385 1.000 1.000 1.000
v 429.1668508052826 447.9892463684082 -40.104955196380615 1.000 1.000 1.000
v 425.1668508052826 408.9892463684082 -37.104955196380615 1.000 1.000 1.000
v 425.1668508052826 475.9892463684082 -38.104955196380615 1.000 1.000 1.000
v 385.1668508052826 482.9892463684082 -8.104955196380615 1.000 1.000 1.000
v 425.1668508052826 475.9892463684082 -38.104955196380615 1.000 1.000 1.000
v 426.1668508052826 483.9892463684082 25.895044803619385 1.000 1.000 1.000
v 423.1668508052826 453.9892463684082 45.895044803619385 1.000 1.000 1.000
v 426.1668508052826 483.9892463684082 25.895044803619385 1.000 1.000 1.000
v 372.71854758262634 395.8527641296387 48.0 1.000 1.000 1.000
v 372.71854758262634 395.8527641296387 48.0 1.000 1.000 1.000
v 320.71854758262634 475.8527641296387 25.0 1.000 1.000 1.000
v 380.71854758262634 474.8527641296387 -39.0 1.000 1.000 1.000
v 373.71854758262634 401.8527641296387 -32.0 1.000 1.000 1.000
v 373.71854758262634 401.8527641296387 -32.0 1.000 1.000 1.000
v 320.71854758262634 475.8527641296387 25.0 1.000 1.000 1.000
v 380.71854758262634 474.8527641296387 -39.0 1.000 1.000 1.000
v 425.1668508052826 401.9892463684082 50.895044803619385 1.000 1.000 1.000
v 423.1668508052826 453.9892463684082 45.895044803619385 1.000 1.000 1.000
v 429.1668508052826 404.9892463684082 12.895044803619385 1.000 1.000 1.000
v 425.1668508052826 401.9892463684082 50.895044803619385 1.000 1.000 1.000
v 429.1668508052826 447.9892463684082 -40.104955196380615 1.000 1.000 1.000
v 385.1668508052826 482.9892463684082 -8.104955196380615 1.000 1.000 1.000
v 124.71854758262634 389.8527641296387 56.0 1.000 1.000 1.000
v 92.71854758262634 385.8527641296387 -45.0 1.000 1.000 1.000
v 426.71854758262634 418.8527641296387 58.0 1.000 1.000 1.000
v 432.71854758262634 478.8527641296387 62.0 1.000 1.000 1.000
v 181.71854758262634 449.8527641296387 46.0 1.000 1.000 1.000
v 176.71854758262634 457.8527641296387 -35.0 1.000 1.000 1.000
v 432.71854758262634 486.8527641296387 -49.0 1.000 1.000 1.000
v 426.71854758262634 416.8527641296387 -32.0 1.000 1.000 1.000
v 432.71854758262634 478.8527641296387 62.0 1.000 1.000 1.000
v 426.71854758262634 416.8527641296387 -32.0 1.000 1.000 1.000
v 432.71854758262634 486.8527641296387 -49.0 1.000 1.000 1.000
v 432.71854758262634 478.8527641296387 62.0 1.000 1.000 1.000
v 426.71854758262634 418.8527641296387 58.0 1.000 1.000 1.000
v -800.5862619876862 424.47931957244873 -28.0 1.000 1.000 1.000
v -680.5862619876862 434.47931957244873 49.0 1.000 1.000 1.000
v -805.5862619876862 425.47931957244873 78.0 1.000 1.000 1.000
v -680.5862619876862 434.47931957244873 -14.0 1.000 1.000 1.000
v -683.5862619876862 476.47931957244873 -14.0 1.000 1.000 1.000
v -800.5862619876862 424.47931957244873 -28.0 1.000 1.000 1.000
v -771.5862619876862 511.47931957244873 -29.0 1.000 1.000 1.000
v -680.5862619876862 434.47931957244873 -14.0 1.000 1.000 1.000
v -683.5862619876862 477.47931957244873 48.0 1.000 1.000 1.000
v -805.5862619876862 425.47931957244873 78.0 1.000 1.000 1.000
v -680.5862619876862 434.47931957244873 49.0 1.000 1.000 1.000
v -775.5862619876862 511.47931957244873 77.0 1.000 1.000 1.000
v -771.5862619876862 511.47931957244873 -29.0 1.000 1.000 1.000
v -683.5862619876862 477.47931957244873 48.0 1.000 1.000 1.000
v -683.5862619876862 476.47931957244873 -14.0 1.000 1.000 1.000
v -775.5862619876862 511.47931957244873 77.0 1.000 1.000 1.000
v -805.5862619876862 425.47931957244873 78.0 1.000 1.000 1.000
v -771.5862619876862 511.47931957244873 -29.0 1.000 1.000 1.000
v -800.5862619876862 424.47931957244873 -28.0 1.000 1.000 1.000
v -775.5862619876862 511.47931957244873 77.0 1.000 1.000 1.000
v -457.53007912635803 400.79321670532227 -43.0 1.000 1.000 1.000
v -504.53007912635803 398.79321670532227 53.0 1.000 1.000 1.000
v -504.53007912635803 398.79321670532227 53.0 1.000 1.000 1.000
v -465.53007912635803 483.79321670532227 46.0 1.000 1.000 1.000
v -479.53007912635803 473.79321670532227 -39.0 1.000 1.000 1.000
v -465.53007912635803 483.79321670532227 46.0 1.000 1.000 1.000
v -680.5862619876862 434.47931957244873 49.0 1.000 1.000 1.000
v -683.5862619876862 477.47931957244873 48.0 1.000 1.000 1.000
v -683.5862619876862 476.47931957244873 -14.0 1.000 1.000 1.000
v -680.5862619876862 434.47931957244873 -14.0 1.000 1.000 1.000
v -426.53007912635803 475.79321670532227 39.0 1.000 1.000 1.000
v -427.53007912635803 471.79321670532227 -5.0 1.000 1.000 1.000
v -426.53007912635803 466.79321670532227 -39.0 1.000 1.000 1.000
v -402.53007912635803 402.79321670532227 -31.0 1.000 1.000 1.000
v -424.53007912635803 402.79321670532227 -1.0 1.000 1.000 1.000
v -421.53007912635803 400.79321670532227 47.0 1.000 1.000 1.000
v -422.53007912635803 444.79321670532227 45.0 1.000 1.000 1.000
v -426.53007912635803 475.79321670532227 39.0 1.000 1.000 1.000
v -421.53007912635803 400.79321670532227 47.0 1.000 1.000 1.000
v -465.53007912635803 483.79321670532227 46.0 1.000 1.000 1.000
v -479.53007912635803 473.79321670532227 -39.0 1.000 1.000 1.000
v -457.53007912635803 400.79321670532227 -43.0 1.000 1.000 1.000
v -504.53007912635803 398.79321670532227 53.0 1.000 1.000 1.000
v -465.53007912635803 483.79321670532227 46.0 1.000 1.000 1.000
v -504.53007912635803 398.79321670532227 53.0 1.000 1.000 1.000
v -426.53007912635803 466.79321670532227 -39.0 1.000 1.000 1.000
v -425.53007912635803 446.79321670532227 -35.0 1.000 1.000 1.000
v -402.53007912635803 402.79321670532227 -31.0 1.000 1.000 1.000
v -422.53007912635803 444.79321670532227 45.0 1.000 1.000 1.000
v -424.53007912635803 402.79321670532227 -1.0 1.000 1.000 1.000
v -427.53007912635803 471.79321670532227 -5.0 1.000 1.000 1.000
v -479.53007912635803 473.79321670532227 -39.0 1.000 1.000 1.000
v -457.53007912635803 400.79321670532227 -43.0 1.000 1.000 1.000
v -504.53007912635803 398.79321670532227 53.0 1.000 1.000 1.000
v -465.53007912635803 483.79321670532227 46.0 1.000 1.000 1.000
v -457.53007912635803 400.79321670532227 -43.0 1.000 1.000 1.000
v -504.53007912635803 398.79321670532227 53.0 1.000 1.000 1.000
v -465.53007912635803 483.79321670532227 46.0 1.000 1.000 1.000
v -479.53007912635803 473.79321670532227 -39.0 1.000 1.000 1.000
v -426.53007912635803 407.79321670532227 45.0 1.000 1.000 1.000
v -432.53007912635803 468.79321670532227 48.0 1.000 1.000 1.000
v -702.530079126358 436.79321670532227 53.0 1.000 1.000 1.000
v -702.530079126358 440.79321670532227 -14.0 1.000 1.000 1.000
v -426.53007912635803 406.79321670532227 -35.0 1.000 1.000 1.000
v -705.530079126358 480.79321670532227 53.0 1.000 1.000 1.000
v -432.53007912635803 476.79321670532227 -49.0 1.000 1.000 1.000
v -704.530079126358 469.79321670532227 -16.0 1.000 1.000 1.000
v -432.53007912635803 468.79321670532227 48.0 1.000 1.000 1.000
v -426.53007912635803 407.79321670532227 45.0 1.000 1.000 1.000
v -426.53007912635803 406.79321670532227 -35.0 1.000 1.000 1.000
v -432.53007912635803 476.79321670532227 -49.0 1.000 1.000 1.000
v -371.3758738040924 393.7547416687012 47.0 1.000 1.000 1.000
v -372.3758738040924 398.7547416687012 -30.0 1.000 1.000 1.000
v -208.3758738040924 363.7547416687012 -41.0 1.000 1.000 1.000
v -213.3758738040924 368.7547416687012 52.0 1.000 1.000 1.000
v -123.37587380409241 437.7547416687012 -47.0 1.000 1.000 1.000
v -208.3758738040924 363.7547416687012 -41.0 1.000 1.000 1.000
v -378.3758738040924 466.7547416687012 -38.0 1.000 1.000 1.000
v -320.3758738040924 471.7547416687012 25.0 1.000 1.000 1.000
v -118.37587380409241 440.7547416687012 -14.0 1.000 1.000 1.000
v -123.37587380409241 437.7547416687012 -47.0 1.000 1.000 1.000
v -175.3758738040924 451.7547416687012 54.0 1.000 1.000 1.000
v -372.3758738040924 398.7547416687012 -30.0 1.000 1.000 1.000
v -122.37587380409241 444.7547416687012 26.0 1.000 1.000 1.000
v -320.3758738040924 471.7547416687012 25.0 1.000 1.000 1.000
v -371.3758738040924 393.7547416687012 47.0 1.000 1.000 1.000
v -213.3758738040924 368.7547416687012 52.0 1.000 1.000 1.000
v -175.3758738040924 451.7547416687012 54.0 1.000 1.000 1.000
v -320.3758738040924 471.7547416687012 25.0 1.000 1.000 1.000
v -213.3758738040924 368.7547416687012 52.0 1.000 1.000 1.000
v -378.3758738040924 466.7547416687012 -38.0 1.000 1.000 1.000
v -320.3758738040924 471.7547416687012 25.0 1.000 1.000 1.000
v -123.37587380409241 437.7547416687012 -47.0 1.000 1.000 1.000
v -415.0561828613281 412.68610286712646 -31.0 1.000 1.000 1.000
v -412.0561828613281 415.68610286712646 18.0 1.000 1.000 1.000
v -409.0561828613281 373.68610286712646 58.0 1.000 1.000 1.000
v -409.0561828613281 291.68610286712646 53.0 1.000 1.000 1.000
v -402.0561828613281 295.68610286712646 -43.0 1.000 1.000 1.000
v -413.0561828613281 379.68610286712646 -62.0 1.000 1.000 1.000
v -118.37587380409241 440.7547416687012 -14.0 1.000 1.000 1.000
v -122.37587380409241 444.7547416687012 26.0 1.000 1.000 1.000
v -175.3758738040924 451.7547416687012 54.0 1.000 1.000 1.000
v -213.3758738040924 368.7547416687012 52.0 1.000 1.000 1.000
v -208.3758738040924 363.7547416687012 -41.0 1.000 1.000 1.000
v -123.37587380409241 437.7547416687012 -47.0 1.000 1.000 1.000
v -372.3758738040924 398.7547416687012 -30.0 1.000 1.000 1.000
v -378.3758738040924 466.7547416687012 -38.0 1.000 1.000 1.000
v -378.3758738040924 466.7547416687012 -38.0 1.000 1.000 1.000
v -320.3758738040924 471.7547416687012 25.0 1.000 1.000 1.000
v -320.3758738040924 471.7547416687012 25.0 1.000 1.000 1.000
v -371.3758738040924 393.7547416687012 47.0 1.000 1.000 1.000
v -371.3758738040924 393.7547416687012 47.0 1.000 1.000 1.000
v -372.3758738040924 398.7547416687012 -30.0 1.000 1.000 1.000
v -425.53007912635803 446.79321670532227 -35.0 1.000 1.000 1.000
v -402.53007912635803 402.79321670532227 -31.0 1.000 1.000 1.000
v -427.53007912635803 471.79321670532227 -5.0 1.000 1.000 1.000
v -426.53007912635803 466.79321670532227 -39.0 1.000 1.000 1.000
v -422.53007912635803 444.79321670532227 45.0 1.000 1.000 1.000
v -426.53007912635803 475.79321670532227 39.0 1.000 1.000 1.000
v -424.53007912635803 402.79321670532227 -1.0 1.000 1.000 1.000
v -421.53007912635803 400.79321670532227 47.0 1.000 1.000 1.000
v -371.3758738040924 393.7547416687012 47.0 1.000 1.000 1.000
v -372.3758738040924 398.7547416687012 -30.0 1.000 1.000 1.000
v -378.3758738040924 466.7547416687012 -38.0 1.000 1.000 1.000
v -320.3758738040924 471.7547416687012 25.0 1.000 1.000 1.000
v -421.53007912635803 400.79321670532227 47.0 1.000 1.000 1.000
v -422.53007912635803 444.79321670532227 45.0 1.000 1.000 1.000
v -402.53007912635803 402.79321670532227 -31.0 1.000 1.000 1.000
v -424.53007912635803 402.79321670532227 -1.0 1.000 1.000 1.000
v -426.53007912635803 466.79321670532227 -39.0 1.000 1.000 1.000
v -425.53007912635803 446.79321670532227 -35.0 1.000 1.000 1.000
v -426.53007912635803 475.79321670532227 39.0 1.000 1.000 1.000
v -427.53007912635803 471.79321670532227 -5.0 1.000 1.000 1.000
v -181.3758738040924 444.7547416687012 46.0 1.000 1.000 1.000
v -124.37587380409241 379.7547416687012 56.0 1.000 1.000 1.000
v -92.37587380409241 375.7547416687012 -45.0 1.000 1.000 1.000
v -176.3758738040924 452.7547416687012 -35.0 1.000 1.000 1.000
v -426.3758738040924 408.7547416687012 45.0 1.000 1.000 1.000
v -432.3758738040924 468.7547416687012 48.0 1.000 1.000 1.000
v -432.3758738040924 476.7547416687012 -49.0 1.000 1.000 1.000
v -426.3758738040924 406.7547416687012 -35.0 1.000 1.000 1.000
v -432.3758738040924 468.7547416687012 48.0 1.000 1.000 1.000
v -432.3758738040924 476.7547416687012 -49.0 1.000 1.000 1.000
v -426.3758738040924 406.7547416687012 -35.0 1.000 1.000 1.000
v -426.3758738040924 408.7547416687012 45.0 1.000 1.000 1.000
v -432.3758738040924 468.7547416687012 48.0 1.000 1.000 1.000
v -262.0561828613281 407.68610286712646 50.0 1.000 1.000 1.000
v -205.05618286132812 438.68610286712646 10.0 1.000 1.000 1.000
v -211.05618286132812 437.68610286712646 -39.0 1.000 1.000 1.000
v -317.0561828613281 438.68610286712646 10.0 1.000 1.000 1.000
v -314.0561828613281 438.68610286712646 -43.0 1.000 1.000 1.000
v -256.0561828613281 445.68610286712646 -53.0 1.000 1.000 1.000
v -4.488785982131958 448.0598449707031 47.0 1.000 1.000 1.000
v -48.48878598213196 478.0598449707031 15.0 1.000 1.000 1.000
v 33.51121401786804 463.0598449707031 -44.0 1.000 1.000 1.000
v 46.51121401786804 479.0598449707031 21.0 1.000 1.000 1.000
v -37.48878598213196 464.0598449707031 -42.0 1.000 1.000 1.000
v -1.488785982131958 555.0598449707031 113.0 1.000 1.000 1.000
v 2.511214017868042 542.0598449707031 105.0 1.000 1.000 1.000
v 49.51121401786804 549.0598449707031 83.0 1.000 1.000 1.000
v 50.51121401786804 562.0598449707031 93.0 1.000 1.000 1.000
v -12.488785982131958 542.0598449707031 105.0 1.000 1.000 1.000
v -8.488785982131958 555.0598449707031 114.0 1.000 1.000 1.000
v -61.48878598213196 545.0598449707031 86.0 1.000 1.000 1.000
v -46.48878598213196 571.0598449707031 114.0 1.000 1.000 1.000
v -59.48878598213196 564.0598449707031 100.0 1.000 1.000 1.000
v 5.511214017868042 510.0598449707031 132.0 1.000 1.000 1.000
v -13.488785982131958 510.0598449707031 132.0 1.000 1.000 1.000
v -22.488785982131958 504.0598449707031 115.0 1.000 1.000 1.000
v 14.511214017868042 505.0598449707031 115.0 1.000 1.000 1.000
v -29.488785982131958 539.0598449707031 109.0 1.000 1.000 1.000
v -49.48878598213196 537.0598449707031 93.0 1.000 1.000 1.000
v -46.48878598213196 479.0598449707031 101.0 1.000 1.000 1.000
v 21.511214017868042 539.0598449707031 109.0 1.000 1.000 1.000
v 49.51121401786804 549.0598449707031 83.0 1.000 1.000 1.000
v 2.511214017868042 542.0598449707031 105.0 1.000 1.000 1.000
v -13.488785982131958 510.0598449707031 132.0 1.000 1.000 1.000
v -22.488785982131958 504.0598449707031 115.0 1.000 1.000 1.000
v -9.488785982131958 498.0598449707031 115.0 1.000 1.000 1.000
v 31.511214017868042 676.0598449707031 104.0 1.000 1.000 1.000
v -4.488785982131958 653.0598449707031 116.0 1.000 1.000 1.000
v 42.51121401786804 634.0598449707031 90.0 1.000 1.000 1.000
v 40.51121401786804 542.0598449707031 93.0 1.000 1.000 1.000
v -22.488785982131958 480.0598449707031 119.0 1.000 1.000 1.000
v -46.48878598213196 479.0598449707031 101.0 1.000 1.000 1.000
v -30.488785982131958 476.0598449707031 115.0 1.000 1.000 1.000
v 2.511214017868042 485.0598449707031 120.0 1.000 1.000 1.000
v -3.488785982131958 484.0598449707031 119.0 1.000 1.000 1.000
v -4.488785982131958 477.0598449707031 118.0 1.000 1.000 1.000
v -13.488785982131958 510.0598449707031 132.0 1.000 1.000 1.000
v -1.488785982131958 555.0598449707031 113.0 1.000 1.000 1.000
v -8.488785982131958 555.0598449707031 114.0 1.000 1.000 1.000
v 14.511214017868042 459.0598449707031 112.0 1.000 1.000 1.000
v 13.511214017868042 433.0598449707031 113.0 1.000 1.000 1.000
v 37.51121401786804 479.0598449707031 101.0 1.000 1.000 1.000
v -21.488785982131958 434.0598449707031 113.0 1.000 1.000 1.000
v -2.488785982131958 425.0598449707031 78.0 1.000 1.000 1.000
v 38.51121401786804 575.0598449707031 110.0 1.000 1.000 1.000
v 50.51121401786804 562.0598449707031 93.0 1.000 1.000 1.000
v 42.51121401786804 634.0598449707031 90.0 1.000 1.000 1.000
v 5.511214017868042 464.0598449707031 118.0 1.000 1.000 1.000
v 23.511214017868042 477.0598449707031 115.0 1.000 1.000 1.000
v 39.51121401786804 686.0598449707031 33.0 1.000 1.000 1.000
v -22.488785982131958 695.0598449707031 3.0 1.000 1.000 1.000
v -4.488785982131958 678.0598449707031 79.0 1.000 1.000 1.000
v 20.511214017868042 633.0598449707031 101.0 1.000 1.000 1.000
v -4.488785982131958 653.0598449707031 116.0 1.000 1.000 1.000
v -1.488785982131958 636.0598449707031 106.0 1.000 1.000 1.000
v 42.51121401786804 634.0598449707031 90.0 1.000 1.000 1.000
v -4.488785982131958 678.0598449707031 79.0 1.000 1.000 1.000
v -22.488785982131958 695.0598449707031 3.0 1.000 1.000 1.000
v -63.48878598213196 673.0598449707031 70.0 1.000 1.000 1.000
v 54.51121401786804 489.0598449707031 72.0 1.000 1.000 1.000
v 49.51121401786804 549.0598449707031 83.0 1.000 1.000 1.000
v 40.51121401786804 542.0598449707031 93.0 1.000 1.000 1.000
v 24.511214017868042 689.0598449707031 -47.0 1.000 1.000 1.000
v -7.488785982131958 682.0598449707031 -70.0 1.000 1.000 1.000
v -8.488785982131958 555.0598449707031 114.0 1.000 1.000 1.000
v -1.488785982131958 555.0598449707031 113.0 1.000 1.000 1.000
v -13.488785982131958 510.0598449707031 132.0 1.000 1.000 1.000
v -4.488785982131958 506.0598449707031 130.0 1.000 1.000 1.000
v 5.511214017868042 510.0598449707031 132.0 1.000 1.000 1.000
v 14.511214017868042 505.0598449707031 115.0 1.000 1.000 1.000
v 14.511214017868042 483.0598449707031 119.0 1.000 1.000 1.000
v 37.51121401786804 479.0598449707031 101.0 1.000 1.000 1.000
v -1.488785982131958 555.0598449707031 113.0 1.000 1.000 1.000
v 38.51121401786804 575.0598449707031 110.0 1.000 1.000 1.000
v 20.511214017868042 633.0598449707031 101.0 1.000 1.000 1.000
v 0.511214017868042 499.0598449707031 115.0 1.000 1.000 1.000
v -17.488785982131958 634.0598449707031 101.0 1.000 1.000 1.000
v -1.488785982131958 636.0598449707031 106.0 1.000 1.000 1.000
v -4.488785982131958 653.0598449707031 116.0 1.000 1.000 1.000
v -45.48878598213196 671.0598449707031 100.0 1.000 1.000 1.000
v -37.48878598213196 632.0598449707031 101.0 1.000 1.000 1.000
v -9.488785982131958 498.0598449707031 115.0 1.000 1.000 1.000
v 21.511214017868042 539.0598449707031 109.0 1.000 1.000 1.000
v 14.511214017868042 505.0598449707031 115.0 1.000 1.000 1.000
v 37.51121401786804 479.0598449707031 101.0 1.000 1.000 1.000
v -1.488785982131958 555.0598449707031 113.0 1.000 1.000 1.000
v 20.511214017868042 633.0598449707031 101.0 1.000 1.000 1.000
v -1.488785982131958 636.0598449707031 106.0 1.000 1.000 1.000
v -21.488785982131958 434.0598449707031 113.0 1.000 1.000 1.000
v 13.511214017868042 433.0598449707031 113.0 1.000 1.000 1.000
v 14.511214017868042 459.0598449707031 112.0 1.000 1.000 1.000
v -12.488785982131958 464.0598449707031 118.0 1.000 1.000 1.000
v -30.488785982131958 476.0598449707031 115.0 1.000 1.000 1.000
v -21.488785982131958 459.0598449707031 112.0 1.000 1.000 1.000
v 23.511214017868042 477.0598449707031 115.0 1.000 1.000 1.000
v -46.48878598213196 479.0598449707031 101.0 1.000 1.000 1.000
v 2.511214017868042 542.0598449707031 105.0 1.000 1.000 1.000
v 0.511214017868042 499.0598449707031 115.0 1.000 1.000 1.000
v 14.511214017868042 505.0598449707031 115.0 1.000 1.000 1.000
v 5.511214017868042 510.0598449707031 132.0 1.000 1.000 1.000
v -46.48878598213196 479.0598449707031 101.0 1.000 1.000 1.000
v -22.488785982131958 480.0598449707031 119.0 1.000 1.000 1.000
v -22.488785982131958 504.0598449707031 115.0 1.000 1.000 1.000
v 38.51121401786804 575.0598449707031 110.0 1.000 1.000 1.000
v -1.488785982131958 555.0598449707031 113.0 1.000 1.000 1.000
v 50.51121401786804 562.0598449707031 93.0 1.000 1.000 1.000
v 14.511214017868042 483.0598449707031 119.0 1.000 1.000 1.000
v 23.511214017868042 477.0598449707031 115.0 1.000 1.000 1.000
v 37.51121401786804 479.0598449707031 101.0 1.000 1.000 1.000
v -29.488785982131958 539.0598449707031 109.0 1.000 1.000 1.000
v -12.488785982131958 542.0598449707031 105.0 1.000 1.000 1.000
v -61.48878598213196 545.0598449707031 86.0 1.000 1.000 1.000
v 54.51121401786804 489.0598449707031 72.0 1.000 1.000 1.000
v 40.51121401786804 542.0598449707031 93.0 1.000 1.000 1.000
v 37.51121401786804 479.0598449707031 101.0 1.000 1.000 1.000
v 49.51121401786804 549.0598449707031 83.0 1.000 1.000 1.000
v 58.51121401786804 623.0598449707031 77.0 1.000 1.000 1.000
v 42.51121401786804 634.0598449707031 90.0 1.000 1.000 1.000
v 50.51121401786804 562.0598449707031 93.0 1.000 1.000 1.000
v 31.511214017868042 676.0598449707031 104.0 1.000 1.000 1.000
v 39.51121401786804 686.0598449707031 33.0 1.000 1.000 1.000
v -4.488785982131958 678.0598449707031 79.0 1.000 1.000 1.000
v -45.48878598213196 671.0598449707031 100.0 1.000 1.000 1.000
v -4.488785982131958 653.0598449707031 116.0 1.000 1.000 1.000
v -7.488785982131958 682.0598449707031 -70.0 1.000 1.000 1.000
v -43.48878598213196 672.0598449707031 -71.0 1.000 1.000 1.000
v -22.488785982131958 695.0598449707031 3.0 1.000 1.000 1.000
v 24.511214017868042 689.0598449707031 -47.0 1.000 1.000 1.000
v -49.48878598213196 537.0598449707031 93.0 1.000 1.000 1.000
v -29.488785982131958 539.0598449707031 109.0 1.000 1.000 1.000
v -61.48878598213196 545.0598449707031 86.0 1.000 1.000 1.000
v 0.511214017868042 499.0598449707031 115.0 1.000 1.000 1.000
v -4.488785982131958 506.0598449707031 130.0 1.000 1.000 1.000
v -9.488785982131958 498.0598449707031 115.0 1.000 1.000 1.000
v -37.48878598213196 632.0598449707031 101.0 1.000 1.000 1.000
v -46.48878598213196 571.0598449707031 114.0 1.000 1.000 1.000
v -8.488785982131958 555.0598449707031 114.0 1.000 1.000 1.000
v 38.51121401786804 575.0598449707031 110.0 1.000 1.000 1.000
v 42.51121401786804 634.0598449707031 90.0 1.000 1.000 1.000
v 20.511214017868042 633.0598449707031 101.0 1.000 1.000 1.000
v -17.488785982131958 634.0598449707031 101.0 1.000 1.000 1.000
v -1.488785982131958 636.0598449707031 106.0 1.000 1.000 1.000
v -45.48878598213196 671.0598449707031 100.0 1.000 1.000 1.000
v -54.48878598213196 620.0598449707031 88.0 1.000 1.000 1.000
v 24.511214017868042 689.0598449707031 -47.0 1.000 1.000 1.000
v 56.51121401786804 666.0598449707031 -75.0 1.000 1.000 1.000
v -7.488785982131958 682.0598449707031 -70.0 1.000 1.000 1.000
v -10.488785982131958 485.0598449707031 120.0 1.000 1.000 1.000
v -3.488785982131958 484.0598449707031 119.0 1.000 1.000 1.000
v 0.511214017868042 499.0598449707031 115.0 1.000 1.000 1.000
v -17.488785982131958 634.0598449707031 101.0 1.000 1.000 1.000
v -4.488785982131958 653.0598449707031 116.0 1.000 1.000 1.000
v -37.48878598213196 632.0598449707031 101.0 1.000 1.000 1.000
v -13.488785982131958 510.0598449707031 132.0 1.000 1.000 1.000
v 5.511214017868042 510.0598449707031 132.0 1.000 1.000 1.000
v -1.488785982131958 555.0598449707031 113.0 1.000 1.000 1.000
v -29.488785982131958 539.0598449707031 109.0 1.000 1.000 1.000
v -22.488785982131958 504.0598449707031 115.0 1.000 1.000 1.000
v -12.488785982131958 542.0598449707031 105.0 1.000 1.000 1.000
v -46.48878598213196 479.0598449707031 101.0 1.000 1.000 1.000
v -21.488785982131958 434.0598449707031 113.0 1.000 1.000 1.000
v -21.488785982131958 459.0598449707031 112.0 1.000 1.000 1.000
v 5.511214017868042 464.0598449707031 118.0 1.000 1.000 1.000
v 23.511214017868042 477.0598449707031 115.0 1.000 1.000 1.000
v -4.488785982131958 477.0598449707031 118.0 1.000 1.000 1.000
v -12.488785982131958 464.0598449707031 118.0 1.000 1.000 1.000
v 2.511214017868042 485.0598449707031 120.0 1.000 1.000 1.000
v 14.511214017868042 483.0598449707031 119.0 1.000 1.000 1.000
v 14.511214017868042 505.0598449707031 115.0 1.000 1.000 1.000
v 75.51121401786804 658.0598449707031 75.0 1.000 1.000 1.000
v 39.51121401786804 686.0598449707031 33.0 1.000 1.000 1.000
v 31.511214017868042 676.0598449707031 104.0 1.000 1.000 1.000
v 62.51121401786804 662.0598449707031 85.0 1.000 1.000 1.000
v 42.51121401786804 634.0598449707031 90.0 1.000 1.000 1.000
v 58.51121401786804 623.0598449707031 77.0 1.000 1.000 1.000
v -12.488785982131958 464.0598449707031 118.0 1.000 1.000 1.000
v -4.488785982131958 477.0598449707031 118.0 1.000 1.000 1.000
v -30.488785982131958 476.0598449707031 115.0 1.000 1.000 1.000
v 5.511214017868042 464.0598449707031 118.0 1.000 1.000 1.000
v 14.511214017868042 459.0598449707031 112.0 1.000 1.000 1.000
v -21.488785982131958 459.0598449707031 112.0 1.000 1.000 1.000
v -10.488785982131958 485.0598449707031 120.0 1.000 1.000 1.000
v -22.488785982131958 480.0598449707031 119.0 1.000 1.000 1.000
v -3.488785982131958 484.0598449707031 119.0 1.000 1.000 1.000
v 14.511214017868042 483.0598449707031 119.0 1.000 1.000 1.000
v 2.511214017868042 485.0598449707031 120.0 1.000 1.000 1.000
v 23.511214017868042 477.0598449707031 115.0 1.000 1.000 1.000
v -22.488785982131958 504.0598449707031 115.0 1.000 1.000 1.000
v -9.488785982131958 498.0598449707031 115.0 1.000 1.000 1.000
v 0.511214017868042 499.0598449707031 115.0 1.000 1.000 1.000
v 14.511214017868042 505.0598449707031 115.0 1.000 1.000 1.000
v -61.48878598213196 545.0598449707031 86.0 1.000 1.000 1.000
v -8.488785982131958 555.0598449707031 114.0 1.000 1.000 1.000
v -59.48878598213196 564.0598449707031 100.0 1.000 1.000 1.000
v 40.51121401786804 542.0598449707031 93.0 1.000 1.000 1.000
v 21.511214017868042 539.0598449707031 109.0 1.000 1.000 1.000
v 37.51121401786804 479.0598449707031 101.0 1.000 1.000 1.000
v -29.488785982131958 539.0598449707031 109.0 1.000 1.000 1.000
v -46.48878598213196 479.0598449707031 101.0 1.000 1.000 1.000
v -22.488785982131958 504.0598449707031 115.0 1.000 1.000 1.000
v 62.51121401786804 662.0598449707031 85.0 1.000 1.000 1.000
v 75.51121401786804 658.0598449707031 75.0 1.000 1.000 1.000
v 31.511214017868042 676.0598449707031 104.0 1.000 1.000 1.000
v -45.48878598213196 671.0598449707031 100.0 1.000 1.000 1.000
v -4.488785982131958 678.0598449707031 79.0 1.000 1.000 1.000
v -63.48878598213196 673.0598449707031 70.0 1.000 1.000 1.000
v -4.488785982131958 653.0598449707031 116.0 1.000 1.000 1.000
v 62.51121401786804 662.0598449707031 85.0 1.000 1.000 1.000
v 31.511214017868042 676.0598449707031 104.0 1.000 1.000 1.000
v 42.51121401786804 634.0598449707031 90.0 1.000 1.000 1.000
v 75.51121401786804 658.0598449707031 75.0 1.000 1.000 1.000
v 58.51121401786804 623.0598449707031 77.0 1.000 1.000 1.000
v -22.488785982131958 480.0598449707031 119.0 1.000 1.000 1.000
v -30.488785982131958 476.0598449707031 115.0 1.000 1.000 1.000
v -4.488785982131958 477.0598449707031 118.0 1.000 1.000 1.000
v 54.51121401786804 489.0598449707031 72.0 1.000 1.000 1.000
v 70.51121401786804 548.0598449707031 16.0 1.000 1.000 1.000
v 49.51121401786804 549.0598449707031 83.0 1.000 1.000 1.000
v 59.51121401786804 482.0598449707031 14.0 1.000 1.000 1.000
v 86.51121401786804 498.0598449707031 8.0 1.000 1.000 1.000
v 49.51121401786804 460.0598449707031 36.0 1.000 1.000 1.000
v 36.51121401786804 443.0598449707031 53.0 1.000 1.000 1.000
v 97.51121401786804 638.0598449707031 46.0 1.000 1.000 1.000
v 65.51121401786804 597.0598449707031 42.0 1.000 1.000 1.000
v 120.51121401786804 554.0598449707031 3.0 1.000 1.000 1.000
v 36.51121401786804 443.0598449707031 53.0 1.000 1.000 1.000
v 54.51121401786804 489.0598449707031 72.0 1.000 1.000 1.000
v 37.51121401786804 479.0598449707031 101.0 1.000 1.000 1.000
v 113.51121401786804 501.0598449707031 -5.0 1.000 1.000 1.000
v 70.51121401786804 548.0598449707031 16.0 1.000 1.000 1.000
v 86.51121401786804 498.0598449707031 8.0 1.000 1.000 1.000
v 58.51121401786804 623.0598449707031 77.0 1.000 1.000 1.000
v 49.51121401786804 549.0598449707031 83.0 1.000 1.000 1.000
v 131.51121401786804 583.0598449707031 -38.0 1.000 1.000 1.000
v 122.51121401786804 614.0598449707031 0.0 1.000 1.000 1.000
v 27.511214017868042 435.0598449707031 78.0 1.000 1.000 1.000
v 13.511214017868042 433.0598449707031 113.0 1.000 1.000 1.000
v -2.488785982131958 425.0598449707031 78.0 1.000 1.000 1.000
v 122.51121401786804 614.0598449707031 0.0 1.000 1.000 1.000
v 131.51121401786804 583.0598449707031 -38.0 1.000 1.000 1.000
v 82.51121401786804 659.0598449707031 -32.0 1.000 1.000 1.000
v 27.511214017868042 435.0598449707031 78.0 1.000 1.000 1.000
v 37.51121401786804 479.0598449707031 101.0 1.000 1.000 1.000
v 13.511214017868042 433.0598449707031 113.0 1.000 1.000 1.000
v 65.51121401786804 597.0598449707031 42.0 1.000 1.000 1.000
v 75.51121401786804 658.0598449707031 75.0 1.000 1.000 1.000
v 58.51121401786804 623.0598449707031 77.0 1.000 1.000 1.000
v 97.51121401786804 638.0598449707031 46.0 1.000 1.000 1.000
v 24.511214017868042 689.0598449707031 -47.0 1.000 1.000 1.000
v 39.51121401786804 686.0598449707031 33.0 1.000 1.000 1.000
v 70.51121401786804 565.0598449707031 -101.0 1.000 1.000 1.000
v 56.51121401786804 666.0598449707031 -75.0 1.000 1.000 1.000
v 107.51121401786804 530.0598449707031 -68.0 1.000 1.000 1.000
v 69.51121401786804 451.0598449707031 -82.0 1.000 1.000 1.000
v 27.511214017868042 435.0598449707031 78.0 1.000 1.000 1.000
v 36.51121401786804 443.0598449707031 53.0 1.000 1.000 1.000
v 37.51121401786804 479.0598449707031 101.0 1.000 1.000 1.000
v 65.51121401786804 597.0598449707031 42.0 1.000 1.000 1.000
v 70.51121401786804 548.0598449707031 16.0 1.000 1.000 1.000
v 120.51121401786804 554.0598449707031 3.0 1.000 1.000 1.000
v -2.488785982131958 425.0598449707031 78.0 1.000 1.000 1.000
v 113.51121401786804 501.0598449707031 -5.0 1.000 1.000 1.000
v 124.51121401786804 535.0598449707031 -21.0 1.000 1.000 1.000
v 107.51121401786804 530.0598449707031 -68.0 1.000 1.000 1.000
v 90.51121401786804 470.0598449707031 -46.0 1.000 1.000 1.000
v 69.51121401786804 451.0598449707031 -82.0 1.000 1.000 1.000
v 131.51121401786804 583.0598449707031 -38.0 1.000 1.000 1.000
v 49.51121401786804 549.0598449707031 83.0 1.000 1.000 1.000
v 82.51121401786804 659.0598449707031 -32.0 1.000 1.000 1.000
v 56.51121401786804 666.0598449707031 -75.0 1.000 1.000 1.000
v 24.511214017868042 689.0598449707031 -47.0 1.000 1.000 1.000
v 97.51121401786804 638.0598449707031 46.0 1.000 1.000 1.000
v 39.51121401786804 686.0598449707031 33.0 1.000 1.000 1.000
v 75.51121401786804 658.0598449707031 75.0 1.000 1.000 1.000
v 107.51121401786804 530.0598449707031 -68.0 1.000 1.000 1.000
v 113.51121401786804 501.0598449707031 -5.0 1.000 1.000 1.000
v 90.51121401786804 470.0598449707031 -46.0 1.000 1.000 1.000
v 122.51121401786804 614.0598449707031 0.0 1.000 1.000 1.000
v 86.51121401786804 498.0598449707031 8.0 1.000 1.000 1.000
v 54.51121401786804 489.0598449707031 72.0 1.000 1.000 1.000
v 59.51121401786804 482.0598449707031 14.0 1.000 1.000 1.000
v 70.51121401786804 548.0598449707031 16.0 1.000 1.000 1.000
v 131.51121401786804 583.0598449707031 -38.0 1.000 1.000 1.000
v 120.51121401786804 554.0598449707031 3.0 1.000 1.000 1.000
v 131.51121401786804 583.0598449707031 -38.0 1.000 1.000 1.000
v 120.51121401786804 554.0598449707031 3.0 1.000 1.000 1.000
v 124.51121401786804 535.0598449707031 -21.0 1.000 1.000 1.000
v 107.51121401786804 530.0598449707031 -68.0 1.000 1.000 1.000
v 113.51121401786804 501.0598449707031 -5.0 1.000 1.000 1.000
v 70.51121401786804 565.0598449707031 -101.0 1.000 1.000 1.000
v 90.51121401786804 470.0598449707031 -46.0 1.000 1.000 1.000
v 86.51121401786804 498.0598449707031 8.0 1.000 1.000 1.000
v 59.51121401786804 482.0598449707031 14.0 1.000 1.000 1.000
v 46.51121401786804 479.0598449707031 21.0 1.000 1.000 1.000
v 33.51121401786804 463.0598449707031 -44.0 1.000 1.000 1.000
v 69.51121401786804 451.0598449707031 -82.0 1.000 1.000 1.000
v -2.488785982131958 425.0598449707031 78.0 1.000 1.000 1.000
v -4.488785982131958 448.0598449707031 47.0 1.000 1.000 1.000
v 36.51121401786804 443.0598449707031 53.0 1.000 1.000 1.000
v 49.51121401786804 460.0598449707031 36.0 1.000 1.000 1.000
v -102.48878598213196 610.0598449707031 47.0 1.000 1.000 1.000
v -77.48878598213196 637.0598449707031 85.0 1.000 1.000 1.000
v -63.48878598213196 673.0598449707031 70.0 1.000 1.000 1.000
v -54.48878598213196 620.0598449707031 88.0 1.000 1.000 1.000
v -77.48878598213196 544.0598449707031 16.0 1.000 1.000 1.000
v -45.48878598213196 671.0598449707031 100.0 1.000 1.000 1.000
v -46.48878598213196 479.0598449707031 101.0 1.000 1.000 1.000
v -34.48878598213196 437.0598449707031 78.0 1.000 1.000 1.000
v -21.488785982131958 434.0598449707031 113.0 1.000 1.000 1.000
v 56.51121401786804 666.0598449707031 -75.0 1.000 1.000 1.000
v -5.488785982131958 631.0598449707031 -99.0 1.000 1.000 1.000
v -7.488785982131958 682.0598449707031 -70.0 1.000 1.000 1.000
v 70.51121401786804 565.0598449707031 -101.0 1.000 1.000 1.000
v -43.48878598213196 672.0598449707031 -71.0 1.000 1.000 1.000
v -73.48878598213196 622.0598449707031 -82.0 1.000 1.000 1.000
v -61.48878598213196 545.0598449707031 86.0 1.000 1.000 1.000
v -59.48878598213196 564.0598449707031 100.0 1.000 1.000 1.000
v -54.48878598213196 620.0598449707031 88.0 1.000 1.000 1.000
v -101.48878598213196 630.0598449707031 -26.0 1.000 1.000 1.000
v -63.48878598213196 673.0598449707031 70.0 1.000 1.000 1.000
v -22.488785982131958 695.0598449707031 3.0 1.000 1.000 1.000
v -4.488785982131958 561.0598449707031 -118.0 1.000 1.000 1.000
v 70.51121401786804 565.0598449707031 -101.0 1.000 1.000 1.000
v 69.51121401786804 451.0598449707031 -82.0 1.000 1.000 1.000
v -5.488785982131958 631.0598449707031 -99.0 1.000 1.000 1.000
v -73.48878598213196 563.0598449707031 -100.0 1.000 1.000 1.000
v -77.48878598213196 544.0598449707031 16.0 1.000 1.000 1.000
v -107.48878598213196 511.0598449707031 -9.0 1.000 1.000 1.000
v -97.48878598213196 503.0598449707031 -4.0 1.000 1.000 1.000
v -102.48878598213196 610.0598449707031 47.0 1.000 1.000 1.000
v -42.48878598213196 443.0598449707031 54.0 1.000 1.000 1.000
v -46.48878598213196 479.0598449707031 101.0 1.000 1.000 1.000
v -59.48878598213196 491.0598449707031 72.0 1.000 1.000 1.000
v -120.48878598213196 582.0598449707031 -20.0 1.000 1.000 1.000
v -101.48878598213196 630.0598449707031 -26.0 1.000 1.000 1.000
v -73.48878598213196 563.0598449707031 -100.0 1.000 1.000 1.000
v -112.48878598213196 570.0598449707031 6.0 1.000 1.000 1.000
v -120.48878598213196 534.0598449707031 -21.0 1.000 1.000 1.000
v -77.48878598213196 544.0598449707031 16.0 1.000 1.000 1.000
v -107.48878598213196 511.0598449707031 -9.0 1.000 1.000 1.000
v -102.48878598213196 610.0598449707031 47.0 1.000 1.000 1.000
v -37.48878598213196 632.0598449707031 101.0 1.000 1.000 1.000
v -54.48878598213196 620.0598449707031 88.0 1.000 1.000 1.000
v -46.48878598213196 571.0598449707031 114.0 1.000 1.000 1.000
v -57.48878598213196 452.0598449707031 -84.0 1.000 1.000 1.000
v -97.48878598213196 503.0598449707031 -4.0 1.000 1.000 1.000
v -104.48878598213196 484.0598449707031 -50.0 1.000 1.000 1.000
v -77.48878598213196 544.0598449707031 16.0 1.000 1.000 1.000
v -77.48878598213196 637.0598449707031 85.0 1.000 1.000 1.000
v -102.48878598213196 610.0598449707031 47.0 1.000 1.000 1.000
v -112.48878598213196 570.0598449707031 6.0 1.000 1.000 1.000
v -101.48878598213196 630.0598449707031 -26.0 1.000 1.000 1.000
v -73.48878598213196 622.0598449707031 -82.0 1.000 1.000 1.000
v -73.48878598213196 563.0598449707031 -100.0 1.000 1.000 1.000
v -120.48878598213196 582.0598449707031 -20.0 1.000 1.000 1.000
v -4.488785982131958 561.0598449707031 -118.0 1.000 1.000 1.000
v -57.48878598213196 452.0598449707031 -84.0 1.000 1.000 1.000
v -73.48878598213196 563.0598449707031 -100.0 1.000 1.000 1.000
v 69.51121401786804 451.0598449707031 -82.0 1.000 1.000 1.000
v -46.48878598213196 479.0598449707031 101.0 1.000 1.000 1.000
v -49.48878598213196 537.0598449707031 93.0 1.000 1.000 1.000
v -59.48878598213196 491.0598449707031 72.0 1.000 1.000 1.000
v -104.48878598213196 484.0598449707031 -50.0 1.000 1.000 1.000
v -97.48878598213196 503.0598449707031 -4.0 1.000 1.000 1.000
v -107.48878598213196 511.0598449707031 -9.0 1.000 1.000 1.000
v -54.48878598213196 620.0598449707031 88.0 1.000 1.000 1.000
v -59.48878598213196 564.0598449707031 100.0 1.000 1.000 1.000
v -46.48878598213196 571.0598449707031 114.0 1.000 1.000 1.000
v -112.48878598213196 570.0598449707031 6.0 1.000 1.000 1.000
v -101.48878598213196 630.0598449707031 -26.0 1.000 1.000 1.000
v -120.48878598213196 582.0598449707031 -20.0 1.000 1.000 1.000
v -120.48878598213196 534.0598449707031 -21.0 1.000 1.000 1.000
v -43.48878598213196 672.0598449707031 -71.0 1.000 1.000 1.000
v -73.48878598213196 622.0598449707031 -82.0 1.000 1.000 1.000
v -73.48878598213196 622.0598449707031 -82.0 1.000 1.000 1.000
v -5.488785982131958 631.0598449707031 -99.0 1.000 1.000 1.000
v -73.48878598213196 563.0598449707031 -100.0 1.000 1.000 1.000
v -61.48878598213196 545.0598449707031 86.0 1.000 1.000 1.000
v -77.48878598213196 544.0598449707031 16.0 1.000 1.000 1.000
v -59.48878598213196 491.0598449707031 72.0 1.000 1.000 1.000
v -42.48878598213196 443.0598449707031 54.0 1.000 1.000 1.000
v -53.48878598213196 462.0598449707031 36.0 1.000 1.000 1.000
v -60.48878598213196 482.0598449707031 20.0 1.000 1.000 1.000
v -104.48878598213196 484.0598449707031 -50.0 1.000 1.000 1.000
v -107.48878598213196 511.0598449707031 -9.0 1.000 1.000 1.000
v -120.48878598213196 534.0598449707031 -21.0 1.000 1.000 1.000
v -54.48878598213196 620.0598449707031 88.0 1.000 1.000 1.000
v -49.48878598213196 537.0598449707031 93.0 1.000 1.000 1.000
v -73.48878598213196 563.0598449707031 -100.0 1.000 1.000 1.000
v -57.48878598213196 452.0598449707031 -84.0 1.000 1.000 1.000
v -42.48878598213196 443.0598449707031 54.0 1.000 1.000 1.000
v -34.48878598213196 437.0598449707031 78.0 1.000 1.000 1.000
v -46.48878598213196 479.0598449707031 101.0 1.000 1.000 1.000
v -63.48878598213196 673.0598449707031 70.0 1.000 1.000 1.000
v -77.48878598213196 637.0598449707031 85.0 1.000 1.000 1.000
v -45.48878598213196 671.0598449707031 100.0 1.000 1.000 1.000
v -43.48878598213196 672.0598449707031 -71.0 1.000 1.000 1.000
v -101.48878598213196 630.0598449707031 -26.0 1.000 1.000 1.000
v -22.488785982131958 695.0598449707031 3.0 1.000 1.000 1.000
v -77.48878598213196 544.0598449707031 16.0 1.000 1.000 1.000
v -60.48878598213196 482.0598449707031 20.0 1.000 1.000 1.000
v -59.48878598213196 491.0598449707031 72.0 1.000 1.000 1.000
v -2.488785982131958 425.0598449707031 78.0 1.000 1.000 1.000
v -97.48878598213196 503.0598449707031 -4.0 1.000 1.000 1.000
v -81.48878598213196 500.0598449707031 10.0 1.000 1.000 1.000
v -120.48878598213196 582.0598449707031 -20.0 1.000 1.000 1.000
v -104.48878598213196 484.0598449707031 -50.0 1.000 1.000 1.000
v -120.48878598213196 534.0598449707031 -21.0 1.000 1.000 1.000
v -21.488785982131958 434.0598449707031 113.0 1.000 1.000 1.000
v -34.48878598213196 437.0598449707031 78.0 1.000 1.000 1.000
v -2.488785982131958 425.0598449707031 78.0 1.000 1.000 1.000
v -57.48878598213196 452.0598449707031 -84.0 1.000 1.000 1.000
v 69.51121401786804 451.0598449707031 -82.0 1.000 1.000 1.000
v 33.51121401786804 463.0598449707031 -44.0 1.000 1.000 1.000
v -37.48878598213196 464.0598449707031 -42.0 1.000 1.000 1.000
v -97.48878598213196 503.0598449707031 -4.0 1.000 1.000 1.000
v -57.48878598213196 452.0598449707031 -84.0 1.000 1.000 1.000
v -37.48878598213196 464.0598449707031 -42.0 1.000 1.000 1.000
v -60.48878598213196 482.0598449707031 20.0 1.000 1.000 1.000
v -81.48878598213196 500.0598449707031 10.0 1.000 1.000 1.000
v -48.48878598213196 478.0598449707031 15.0 1.000 1.000 1.000
v -53.48878598213196 462.0598449707031 36.0 1.000 1.000 1.000
v -60.48878598213196 482.0598449707031 20.0 1.000 1.000 1.000
v -48.48878598213196 478.0598449707031 15.0 1.000 1.000 1.000
v -42.48878598213196 443.0598449707031 54.0 1.000 1.000 1.000
v -4.488785982131958 448.0598449707031 47.0 1.000 1.000 1.000
v -2.488785982131958 425.0598449707031 78.0 1.000 1.000 1.000
v -66.48878598213196 486.0598449707031 -76.0 1.000 1.000 1.000
v 65.51121401786804 487.0598449707031 -76.0 1.000 1.000 1.000
v 37.51121401786804 437.0598449707031 119.0 1.000 1.000 1.000
v -37.48878598213196 437.0598449707031 119.0 1.000 1.000 1.000
v -62.48878598213196 660.0598449707031 80.0 1.000 1.000 1.000
v 63.51121401786804 656.0598449707031 80.0 1.000 1.000 1.000
v 47.51121401786804 646.0598449707031 -99.0 1.000 1.000 1.000
v -58.48878598213196 646.0598449707031 -99.0 1.000 1.000 1.000
v 65.51121401786804 487.0598449707031 -76.0 1.000 1.000 1.000
v -66.48878598213196 486.0598449707031 -76.0 1.000 1.000 1.000
v -58.48878598213196 646.0598449707031 -99.0 1.000 1.000 1.000
v 47.51121401786804 646.0598449707031 -99.0 1.000 1.000 1.000
v -37.48878598213196 437.0598449707031 119.0 1.000 1.000 1.000
v 37.51121401786804 437.0598449707031 119.0 1.000 1.000 1.000
v 63.51121401786804 656.0598449707031 80.0 1.000 1.000 1.000
v -62.48878598213196 660.0598449707031 80.0 1.000 1.000 1.000
v 37.51121401786804 437.0598449707031 119.0 1.000 1.000 1.000
v 65.51121401786804 487.0598449707031 -76.0 1.000 1.000 1.000
v 47.51121401786804 646.0598449707031 -99.0 1.000 1.000 1.000
v 63.51121401786804 656.0598449707031 80.0 1.000 1.000 1.000
v -62.48878598213196 660.0598449707031 80.0 1.000 1.000 1.000
v -58.48878598213196 646.0598449707031 -99.0 1.000 1.000 1.000
v -66.48878598213196 486.0598449707031 -76.0 1.000 1.000 1.000
v -37.48878598213196 437.0598449707031 119.0 1.000 1.000 1.000
v -330.0561828613281 178.68610286712646 113.0 1.000 1.000 1.000
v -335.0561828613281 211.68610286712646 148.0 1.000 1.000 1.000
v -412.0561828613281 232.68610286712646 86.0 1.000 1.000 1.000
v -357.0561828613281 334.68610286712646 105.0 1.000 1.000 1.000
v -262.0561828613281 248.68610286712646 125.0 1.000 1.000 1.000
v -175.05618286132812 334.68610286712646 106.0 1.000 1.000 1.000
v -105.05618286132812 232.68610286712646 86.0 1.000 1.000 1.000
v -122.05618286132812 291.68610286712646 54.0 1.000 1.000 1.000
v -133.05618286132812 248.68610286712646 129.0 1.000 1.000 1.000
v -167.05618286132812 235.68610286712646 155.0 1.000 1.000 1.000
v -190.05618286132812 211.68610286712646 148.0 1.000 1.000 1.000
v -354.0561828613281 230.68610286712646 154.0 1.000 1.000 1.000
v -177.05618286132812 179.68610286712646 113.0 1.000 1.000 1.000
v -317.0561828613281 438.68610286712646 10.0 1.000 1.000 1.000
v -415.0561828613281 412.68610286712646 -31.0 1.000 1.000 1.000
v -412.0561828613281 415.68610286712646 18.0 1.000 1.000 1.000
v -330.0561828613281 178.68610286712646 113.0 1.000 1.000 1.000
v -262.0561828613281 187.68610286712646 121.0 1.000 1.000 1.000
v -335.0561828613281 211.68610286712646 148.0 1.000 1.000 1.000
v -357.0561828613281 334.68610286712646 105.0 1.000 1.000 1.000
v -317.0561828613281 438.68610286712646 10.0 1.000 1.000 1.000
v -412.0561828613281 415.68610286712646 18.0 1.000 1.000 1.000
v -354.0561828613281 230.68610286712646 154.0 1.000 1.000 1.000
v -262.0561828613281 248.68610286712646 125.0 1.000 1.000 1.000
v -105.05618286132812 232.68610286712646 86.0 1.000 1.000 1.000
v -139.05618286132812 149.68610286712646 -10.0 1.000 1.000 1.000
v -122.05618286132812 291.68610286712646 54.0 1.000 1.000 1.000
v -403.0561828613281 248.68610286712646 129.0 1.000 1.000 1.000
v -412.0561828613281 232.68610286712646 86.0 1.000 1.000 1.000
v -314.0561828613281 438.68610286712646 -43.0 1.000 1.000 1.000
v -415.0561828613281 412.68610286712646 -31.0 1.000 1.000 1.000
v -409.0561828613281 291.68610286712646 53.0 1.000 1.000 1.000
v -330.0561828613281 178.68610286712646 113.0 1.000 1.000 1.000
v -412.0561828613281 232.68610286712646 86.0 1.000 1.000 1.000
v -381.0561828613281 147.68610286712646 -11.0 1.000 1.000 1.000
v -105.05618286132812 232.68610286712646 86.0 1.000 1.000 1.000
v -133.05618286132812 248.68610286712646 129.0 1.000 1.000 1.000
v -190.05618286132812 211.68610286712646 148.0 1.000 1.000 1.000
v -262.0561828613281 248.68610286712646 125.0 1.000 1.000 1.000
v -167.05618286132812 235.68610286712646 155.0 1.000 1.000 1.000
v -175.05618286132812 334.68610286712646 106.0 1.000 1.000 1.000
v -211.05618286132812 437.68610286712646 -39.0 1.000 1.000 1.000
v -205.05618286132812 438.68610286712646 10.0 1.000 1.000 1.000
v -109.05618286132812 408.68610286712646 -30.0 1.000 1.000 1.000
v -139.05618286132812 149.68610286712646 -10.0 1.000 1.000 1.000
v -113.05618286132812 291.68610286712646 -44.0 1.000 1.000 1.000
v -122.05618286132812 291.68610286712646 54.0 1.000 1.000 1.000
v -357.0561828613281 334.68610286712646 105.0 1.000 1.000 1.000
v -262.0561828613281 407.68610286712646 50.0 1.000 1.000 1.000
v -317.0561828613281 438.68610286712646 10.0 1.000 1.000 1.000
v -412.0561828613281 232.68610286712646 86.0 1.000 1.000 1.000
v -409.0561828613281 291.68610286712646 53.0 1.000 1.000 1.000
v -381.0561828613281 147.68610286712646 -11.0 1.000 1.000 1.000
v -190.05618286132812 211.68610286712646 148.0 1.000 1.000 1.000
v -262.0561828613281 187.68610286712646 121.0 1.000 1.000 1.000
v -177.05618286132812 179.68610286712646 113.0 1.000 1.000 1.000
v -108.05618286132812 412.68610286712646 17.0 1.000 1.000 1.000
v -109.05618286132812 408.68610286712646 -30.0 1.000 1.000 1.000
v -205.05618286132812 438.68610286712646 10.0 1.000 1.000 1.000
v -409.0561828613281 373.68610286712646 58.0 1.000 1.000 1.000
v -262.0561828613281 248.68610286712646 125.0 1.000 1.000 1.000
v -354.0561828613281 230.68610286712646 154.0 1.000 1.000 1.000
v -403.0561828613281 248.68610286712646 129.0 1.000 1.000 1.000
v -335.0561828613281 211.68610286712646 148.0 1.000 1.000 1.000
v -357.0561828613281 334.68610286712646 105.0 1.000 1.000 1.000
v -409.0561828613281 291.68610286712646 53.0 1.000 1.000 1.000
v -175.05618286132812 334.68610286712646 106.0 1.000 1.000 1.000
v -205.05618286132812 438.68610286712646 10.0 1.000 1.000 1.000
v -262.0561828613281 407.68610286712646 50.0 1.000 1.000 1.000
v -262.0561828613281 187.68610286712646 121.0 1.000 1.000 1.000
v -262.0561828613281 248.68610286712646 125.0 1.000 1.000 1.000
v -133.05618286132812 248.68610286712646 129.0 1.000 1.000 1.000
v -122.05618286132812 291.68610286712646 54.0 1.000 1.000 1.000
v -167.05618286132812 235.68610286712646 155.0 1.000 1.000 1.000
v -409.0561828613281 373.68610286712646 58.0 1.000 1.000 1.000
v -412.0561828613281 415.68610286712646 18.0 1.000 1.000 1.000
v -105.05618286132812 232.68610286712646 86.0 1.000 1.000 1.000
v -177.05618286132812 179.68610286712646 113.0 1.000 1.000 1.000
v -139.05618286132812 149.68610286712646 -10.0 1.000 1.000 1.000
v -190.05618286132812 211.68610286712646 148.0 1.000 1.000 1.000
v -133.05618286132812 248.68610286712646 129.0 1.000 1.000 1.000
v -167.05618286132812 235.68610286712646 155.0 1.000 1.000 1.000
v -110.05618286132812 365.68610286712646 55.0 1.000 1.000 1.000
v -175.05618286132812 334.68610286712646 106.0 1.000 1.000 1.000
v -122.05618286132812 291.68610286712646 54.0 1.000 1.000 1.000
v -108.05618286132812 412.68610286712646 17.0 1.000 1.000 1.000
v -205.05618286132812 438.68610286712646 10.0 1.000 1.000 1.000
v -409.0561828613281 291.68610286712646 53.0 1.000 1.000 1.000
v -402.0561828613281 295.68610286712646 -43.0 1.000 1.000 1.000
v -381.0561828613281 147.68610286712646 -11.0 1.000 1.000 1.000
v -357.0561828613281 334.68610286712646 105.0 1.000 1.000 1.000
v -262.0561828613281 407.68610286712646 50.0 1.000 1.000 1.000
v -413.0561828613281 379.68610286712646 -62.0 1.000 1.000 1.000
v -256.0561828613281 445.68610286712646 -53.0 1.000 1.000 1.000
v -259.0561828613281 300.68610286712646 -89.0 1.000 1.000 1.000
v -384.0561828613281 300.68610286712646 -78.0 1.000 1.000 1.000
v -261.0561828613281 159.68610286712646 -63.0 1.000 1.000 1.000
v -381.0561828613281 147.68610286712646 -11.0 1.000 1.000 1.000
v -111.05618286132812 372.68610286712646 -59.0 1.000 1.000 1.000
v -415.0561828613281 412.68610286712646 -31.0 1.000 1.000 1.000
v -402.0561828613281 295.68610286712646 -43.0 1.000 1.000 1.000
v -130.05618286132812 300.68610286712646 -77.0 1.000 1.000 1.000
v -113.05618286132812 291.68610286712646 -44.0 1.000 1.000 1.000
v -139.05618286132812 149.68610286712646 -10.0 1.000 1.000 1.000
v -314.0561828613281 438.68610286712646 -43.0 1.000 1.000 1.000
v -211.05618286132812 437.68610286712646 -39.0 1.000 1.000 1.000
v -109.05618286132812 408.68610286712646 -30.0 1.000 1.000 1.000
v -92.86191201210022 102.73002243041992 33.0 1.000 1.000 1.000
v -105.86191201210022 113.73002243041992 -23.0 1.000 1.000 1.000
v -40.86191201210022 92.73002243041992 86.0 1.000 1.000 1.000
v -77.86191201210022 99.73002243041992 76.0 1.000 1.000 1.000
v 36.13808798789978 95.73002243041992 83.0 1.000 1.000 1.000
v -0.8619120121002197 89.73002243041992 89.0 1.000 1.000 1.000
v 95.13808798789978 102.73002243041992 32.0 1.000 1.000 1.000
v 72.13808798789978 99.73002243041992 76.0 1.000 1.000 1.000
v 105.13808798789978 113.73002243041992 -23.0 1.000 1.000 1.000
v -381.0561828613281 147.68610286712646 -11.0 1.000 1.000 1.000
v -330.0561828613281 178.68610286712646 113.0 1.000 1.000 1.000
v -262.0561828613281 187.68610286712646 121.0 1.000 1.000 1.000
v -177.05618286132812 179.68610286712646 113.0 1.000 1.000 1.000
v -139.05618286132812 149.68610286712646 -10.0 1.000 1.000 1.000
v 32.13808798789978 119.73002243041992 -50.0 1.000 1.000 1.000
v 105.13808798789978 113.73002243041992 -23.0 1.000 1.000 1.000
v -37.86191201210022 118.73002243041992 -50.0 1.000 1.000 1.000
v -2.8619120121002197 119.73002243041992 -50.0 1.000 1.000 1.000
v -105.86191201210022 113.73002243041992 -23.0 1.000 1.000 1.000
v -139.05618286132812 149.68610286712646 -10.0 1.000 1.000 1.000
v -261.0561828613281 159.68610286712646 -63.0 1.000 1.000 1.000
v -381.0561828613281 147.68610286712646 -11.0 1.000 1.000 1.000
v -103.05618286132812 363.68610286712646 104.0 1.000 1.000 1.000
v -421.0561828613281 393.68610286712646 -72.0 1.000 1.000 1.000
v -405.0561828613281 360.68610286712646 103.0 1.000 1.000 1.000
v -350.0561828613281 58.686102867126465 98.0 1.000 1.000 1.000
v -157.05618286132812 58.686102867126465 98.0 1.000 1.000 1.000
v -86.05618286132812 395.68610286712646 -70.0 1.000 1.000 1.000
v -358.0561828613281 54.686102867126465 -43.0 1.000 1.000 1.000
v -154.05618286132812 55.686102867126465 -44.0 1.000 1.000 1.000
v -86.05618286132812 395.68610286712646 -70.0 1.000 1.000 1.000
v -86.05618286132812 395.68610286712646 -70.0 1.000 1.000 1.000
v -154.05618286132812 55.686102867126465 -44.0 1.000 1.000 1.000
v -358.0561828613281 54.686102867126465 -43.0 1.000 1.000 1.000
v -421.0561828613281 393.68610286712646 -72.0 1.000 1.000 1.000
v -1043.5357513427734 -102.81786012649536 -60.0 1.000 1.000 1.000
v -1043.5357513427734 -160.81786012649536 -52.0 1.000 1.000 1.000
v -1043.5357513427734 -37.81786012649536 175.0 1.000 1.000 1.000
v -1043.5357513427734 -142.81786012649536 175.0 1.000 1.000 1.000
v -1018.5357513427734 -76.81786012649536 157.0 1.000 1.000 1.000
v -938.5357513427734 -101.81786012649536 -53.0 1.000 1.000 1.000
v -936.5357513427734 -105.81786012649536 18.0 1.000 1.000 1.000
v -934.5357513427734 -150.81786012649536 -54.0 1.000 1.000 1.000
v -1008.5357513427734 -116.81786012649536 166.0 1.000 1.000 1.000
v -938.5357513427734 -142.81786012649536 19.0 1.000 1.000 1.000
v -777.2476654052734 -164.7676501274109 -9.0 1.000 1.000 1.000
v -829.2476654052734 -139.7676501274109 27.0 1.000 1.000 1.000
v -825.2476654052734 -152.7676501274109 -61.0 1.000 1.000 1.000
v -789.2476654052734 -93.76765012741089 64.0 1.000 1.000 1.000
v -827.2476654052734 -83.76765012741089 25.0 1.000 1.000 1.000
v -776.2476654052734 -21.76765012741089 -16.0 1.000 1.000 1.000
v -828.2476654052734 -77.76765012741089 -60.0 1.000 1.000 1.000
v -798.2476654052734 -100.76765012741089 -106.0 1.000 1.000 1.000
v -828.2476654052734 -77.76765012741089 -60.0 1.000 1.000 1.000
v -827.2476654052734 -83.76765012741089 25.0 1.000 1.000 1.000
v -829.2476654052734 -139.7676501274109 27.0 1.000 1.000 1.000
v -825.2476654052734 -152.7676501274109 -61.0 1.000 1.000 1.000
v -938.5357513427734 -101.81786012649536 -53.0 1.000 1.000 1.000
v -936.5357513427734 -105.81786012649536 18.0 1.000 1.000 1.000
v -938.5357513427734 -142.81786012649536 19.0 1.000 1.000 1.000
v -934.5357513427734 -150.81786012649536 -54.0 1.000 1.000 1.000
v -502.24766540527344 -56.76765012741089 -55.0 1.000 1.000 1.000
v -495.24766540527344 -26.76765012741089 -8.0 1.000 1.000 1.000
v -492.24766540527344 -75.76765012741089 78.0 1.000 1.000 1.000
v -492.24766540527344 -89.76765012741089 73.0 1.000 1.000 1.000
v -493.24766540527344 -160.7676501274109 1.0 1.000 1.000 1.000
v -497.24766540527344 -153.7676501274109 -70.0 1.000 1.000 1.000
v -500.24766540527344 -90.76765012741089 -65.0 1.000 1.000 1.000
v -776.2476654052734 -21.76765012741089 -16.0 1.000 1.000 1.000
v -789.2476654052734 -93.76765012741089 64.0 1.000 1.000 1.000
v -777.2476654052734 -164.7676501274109 -9.0 1.000 1.000 1.000
v -798.2476654052734 -100.76765012741089 -106.0 1.000 1.000 1.000
v -938.2476654052734 -131.7676501274109 54.0 1.000 1.000 1.000
v -505.24766540527344 -116.76765012741089 59.0 1.000 1.000 1.000
v -937.2476654052734 -60.76765012741089 22.0 1.000 1.000 1.000
v -497.24766540527344 -33.76765012741089 38.0 1.000 1.000 1.000
v -499.24766540527344 -96.76765012741089 -52.0 1.000 1.000 1.000
v -937.2476654052734 -79.76765012741089 -93.0 1.000 1.000 1.000
v -500.24766540527344 -169.7676501274109 13.0 1.000 1.000 1.000
v -937.2476654052734 -145.7676501274109 -76.0 1.000 1.000 1.000
v -187.5210723876953 -98.19528198242188 -104.0 1.000 1.000 1.000
v -249.5210723876953 -22.195281982421875 6.0 1.000 1.000 1.000
v -180.5210723876953 -20.195281982421875 6.0 1.000 1.000 1.000
v -260.5210723876953 -98.19528198242188 -84.0 1.000 1.000 1.000
v -188.5210723876953 -185.19528198242188 -110.0 1.000 1.000 1.000
v -261.5210723876953 -184.19528198242188 7.0 1.000 1.000 1.000
v -217.5210723876953 -185.19528198242188 98.0 1.000 1.000 1.000
v -256.5210723876953 -105.19528198242188 94.0 1.000 1.000 1.000
v -204.5210723876953 -105.19528198242188 97.0 1.000 1.000 1.000
v 0.0 -165.0 108.0 1.000 1.000 1.000
v -85.0 -84.0 103.0 1.000 1.000 1.000
v 0.0 -85.0 -122.0 1.000 1.000 1.000
v -161.0 -50.0 -6.0 1.000 1.000 1.000
v -217.5210723876953 -185.19528198242188 98.0 1.000 1.000 1.000
v -188.5210723876953 -185.19528198242188 -110.0 1.000 1.000 1.000
v -187.5210723876953 -98.19528198242188 -104.0 1.000 1.000 1.000
v -180.5210723876953 -20.195281982421875 6.0 1.000 1.000 1.000
v -204.5210723876953 -105.19528198242188 97.0 1.000 1.000 1.000
v -249.5210723876953 -22.195281982421875 6.0 1.000 1.000 1.000
v -260.5210723876953 -98.19528198242188 -84.0 1.000 1.000 1.000
v -256.5210723876953 -105.19528198242188 94.0 1.000 1.000 1.000
v -261.5210723876953 -184.19528198242188 7.0 1.000 1.000 1.000
v -502.24766540527344 -56.76765012741089 -55.0 1.000 1.000 1.000
v -495.24766540527344 -26.76765012741089 -8.0 1.000 1.000 1.000
v -492.24766540527344 -75.76765012741089 78.0 1.000 1.000 1.000
v -497.24766540527344 -153.7676501274109 -70.0 1.000 1.000 1.000
v -500.24766540527344 -90.76765012741089 -65.0 1.000 1.000 1.000
v -492.24766540527344 -89.76765012741089 73.0 1.000 1.000 1.000
v -493.24766540527344 -160.7676501274109 1.0 1.000 1.000 1.000
v -505.5210723876953 -116.19528198242188 59.0 1.000 1.000 1.000
v -213.5210723876953 -179.19528198242188 20.0 1.000 1.000 1.000
v -215.5210723876953 -138.19528198242188 87.0 1.000 1.000 1.000
v -212.5210723876953 -109.19528198242188 -73.0 1.000 1.000 1.000
v -500.5210723876953 -170.19528198242188 13.0 1.000 1.000 1.000
v -499.5210723876953 -96.19528198242188 -52.0 1.000 1.000 1.000
v -496.5210723876953 -34.195281982421875 38.0 1.000 1.000 1.000
v -212.5210723876953 -24.195281982421875 27.0 1.000 1.000 1.000
v -212.5210723876953 -24.195281982421875 27.0 1.000 1.000 1.000
v -213.5210723876953 -179.19528198242188 20.0 1.000 1.000 1.000
v -212.5210723876953 -109.19528198242188 -73.0 1.000 1.000 1.000
v 1051.368553161621 -42.43940019607544 175.0 1.000 1.000 1.000
v 1051.368553161621 -165.43940019607544 -52.0 1.000 1.000 1.000
v 1051.368553161621 -107.43940019607544 -60.0 1.000 1.000 1.000
v 1051.368553161621 -147.43940019607544 175.0 1.000 1.000 1.000
v 1016.3685531616211 -121.43940019607544 166.0 1.000 1.000 1.000
v 1027.368553161621 -81.43940019607544 157.0 1.000 1.000 1.000
v 944.3685531616211 -105.43940019607544 10.0 1.000 1.000 1.000
v 943.3685531616211 -155.43940019607544 -54.0 1.000 1.000 1.000
v 946.3685531616211 -106.43940019607544 -53.0 1.000 1.000 1.000
v 947.3685531616211 -146.43940019607544 19.0 1.000 1.000 1.000
v 808.9067001342773 -107.29889297485352 -106.0 1.000 1.000 1.000
v 783.9067001342773 -25.298892974853516 -18.0 1.000 1.000 1.000
v 836.9067001342773 -82.29889297485352 -60.0 1.000 1.000 1.000
v 837.9067001342773 -143.29889297485352 27.0 1.000 1.000 1.000
v 797.9067001342773 -98.29889297485352 63.0 1.000 1.000 1.000
v 785.9067001342773 -169.29889297485352 -9.0 1.000 1.000 1.000
v 833.9067001342773 -156.29889297485352 -61.0 1.000 1.000 1.000
v 835.9067001342773 -88.29889297485352 25.0 1.000 1.000 1.000
v 835.9067001342773 -88.29889297485352 25.0 1.000 1.000 1.000
v 836.9067001342773 -82.29889297485352 -60.0 1.000 1.000 1.000
v 837.9067001342773 -143.29889297485352 27.0 1.000 1.000 1.000
v 833.9067001342773 -156.29889297485352 -61.0 1.000 1.000 1.000
v 946.3685531616211 -106.43940019607544 -53.0 1.000 1.000 1.000
v 944.3685531616211 -105.43940019607544 10.0 1.000 1.000 1.000
v 947.3685531616211 -146.43940019607544 19.0 1.000 1.000 1.000
v 943.3685531616211 -155.43940019607544 -54.0 1.000 1.000 1.000
v 506.90670013427734 -142.29889297485352 -70.0 1.000 1.000 1.000
v 505.90670013427734 -159.29889297485352 -69.0 1.000 1.000 1.000
v 503.90670013427734 -162.29889297485352 1.0 1.000 1.000 1.000
v 501.90670013427734 -95.29889297485352 72.0 1.000 1.000 1.000
v 500.90670013427734 -81.29889297485352 77.0 1.000 1.000 1.000
v 503.90670013427734 -32.298892974853516 -8.0 1.000 1.000 1.000
v 509.90670013427734 -67.29889297485352 -61.0 1.000 1.000 1.000
v 509.90670013427734 -67.29889297485352 -61.0 1.000 1.000 1.000
v 808.9067001342773 -107.29889297485352 -106.0 1.000 1.000 1.000
v 785.9067001342773 -169.29889297485352 -9.0 1.000 1.000 1.000
v 797.9067001342773 -98.29889297485352 63.0 1.000 1.000 1.000
v 783.9067001342773 -25.298892974853516 -18.0 1.000 1.000 1.000
v 945.9067001342773 -66.29889297485352 22.0 1.000 1.000 1.000
v 513.9067001342773 -115.29889297485352 59.0 1.000 1.000 1.000
v 946.9067001342773 -137.29889297485352 54.0 1.000 1.000 1.000
v 946.9067001342773 -85.29889297485352 -93.0 1.000 1.000 1.000
v 507.90670013427734 -96.29889297485352 -52.0 1.000 1.000 1.000
v 504.90670013427734 -37.298892974853516 38.0 1.000 1.000 1.000
v 508.90670013427734 -165.29889297485352 13.0 1.000 1.000 1.000
v 945.9067001342773 -151.29889297485352 -76.0 1.000 1.000 1.000
v 213.87511444091797 -109.98641967773438 96.0 1.000 1.000 1.000
v 258.87511444091797 -24.986419677734375 7.0 1.000 1.000 1.000
v 182.87511444091797 -19.986419677734375 7.0 1.000 1.000 1.000
v 265.87511444091797 -109.98641967773438 93.0 1.000 1.000 1.000
v 225.87511444091797 -189.98641967773438 98.0 1.000 1.000 1.000
v 269.87511444091797 -190.98641967773438 7.0 1.000 1.000 1.000
v 196.87511444091797 -190.98641967773438 -110.0 1.000 1.000 1.000
v 264.87511444091797 -112.98641967773438 -82.0 1.000 1.000 1.000
v 197.87511444091797 -101.98641967773438 -104.0 1.000 1.000 1.000
v 85.0 -85.0 103.0 1.000 1.000 1.000
v 0.0 -85.0 -122.0 1.000 1.000 1.000
v 0.0 -165.0 108.0 1.000 1.000 1.000
v 162.0 -49.0 -6.0 1.000 1.000 1.000
v 225.87511444091797 -189.98641967773438 98.0 1.000 1.000 1.000
v 213.87511444091797 -109.98641967773438 96.0 1.000 1.000 1.000
v 196.87511444091797 -190.98641967773438 -110.0 1.000 1.000 1.000
v 197.87511444091797 -101.98641967773438 -104.0 1.000 1.000 1.000
v 182.87511444091797 -19.986419677734375 7.0 1.000 1.000 1.000
v 265.87511444091797 -109.98641967773438 93.0 1.000 1.000 1.000
v 258.87511444091797 -24.986419677734375 7.0 1.000 1.000 1.000
v 264.87511444091797 -112.98641967773438 -82.0 1.000 1.000 1.000
v 269.87511444091797 -190.98641967773438 7.0 1.000 1.000 1.000
v 500.90670013427734 -81.29889297485352 77.0 1.000 1.000 1.000
v 503.90670013427734 -32.298892974853516 -8.0 1.000 1.000 1.000
v 509.90670013427734 -67.29889297485352 -61.0 1.000 1.000 1.000
v 506.90670013427734 -142.29889297485352 -70.0 1.000 1.000 1.000
v 501.90670013427734 -95.29889297485352 72.0 1.000 1.000 1.000
v 505.90670013427734 -159.29889297485352 -69.0 1.000 1.000 1.000
v 503.90670013427734 -162.29889297485352 1.0 1.000 1.000 1.000
v 223.87511444091797 -141.98641967773438 87.0 1.000 1.000 1.000
v 221.87511444091797 -182.98641967773438 20.0 1.000 1.000 1.000
v 513.875114440918 -115.98641967773438 59.0 1.000 1.000 1.000
v 508.87511444091797 -165.98641967773438 13.0 1.000 1.000 1.000
v 220.87511444091797 -112.98641967773438 -73.0 1.000 1.000 1.000
v 220.87511444091797 -27.986419677734375 27.0 1.000 1.000 1.000
v 505.87511444091797 -37.986419677734375 38.0 1.000 1.000 1.000
v 507.87511444091797 -96.98641967773438 -52.0 1.000 1.000 1.000
v 220.87511444091797 -112.98641967773438 -73.0 1.000 1.000 1.000
v 221.87511444091797 -182.98641967773438 20.0 1.000 1.000 1.000
v -132.0 51.0 -30.0 1.000 1.000 1.000
v -161.0 -50.0 -6.0 1.000 1.000 1.000
v -97.0 21.0 60.0 1.000 1.000 1.000
v 162.0 -49.0 -6.0 1.000 1.000 1.000
v 134.0 52.0 -30.0 1.000 1.000 1.000
v 88.0 22.0 60.0 1.000 1.000 1.000
v 0.0 -23.0 102.0 1.000 1.000 1.000
v 0.0 -85.0 103.0 1.000 1.000 1.000
v 85.0 -85.0 103.0 1.000 1.000 1.000
v 0.0 -23.0 102.0 1.000 1.000 1.000
v -85.0 -84.0 103.0 1.000 1.000 1.000
v 0.0 -85.0 103.0 1.000 1.000 1.000
v 0.0 -165.0 108.0 1.000 1.000 1.000
v 0.0 -165.0 108.0 1.000 1.000 1.000
v 0.0 58.0 -76.0 1.000 1.000 1.000
v 134.0 52.0 -30.0 1.000 1.000 1.000
v 162.0 -49.0 -6.0 1.000 1.000 1.000
v -161.0 -50.0 -6.0 1.000 1.000 1.000
v -132.0 51.0 -30.0 1.000 1.000 1.000
v 0.0 58.0 -76.0 1.000 1.000 1.000
v 0.0 -85.0 -122.0 1.000 1.000 1.000
v 0.0 -85.0 -122.0 1.000 1.000 1.000
v -97.0 21.0 60.0 1.000 1.000 1.000
v -132.0 51.0 -30.0 1.000 1.000 1.000
v 134.0 52.0 -30.0 1.000 1.000 1.000
v 88.0 22.0 60.0 1.000 1.000 1.000
v 0.0 -23.0 102.0 1.000 1.000 1.000
v 0.0 -23.0 102.0 1.000 1.000 1.000
v -105.86191201210022 113.73002243041992 -23.0 1.000 1.000 1.000
v 95.13808798789978 102.73002243041992 32.0 1.000 1.000 1.000
v 105.13808798789978 113.73002243041992 -23.0 1.000 1.000 1.000
v 72.13808798789978 99.73002243041992 76.0 1.000 1.000 1.000
v 36.13808798789978 95.73002243041992 83.0 1.000 1.000 1.000
v -0.8619120121002197 89.73002243041992 89.0 1.000 1.000 1.000
v -0.8619120121002197 89.73002243041992 89.0 1.000 1.000 1.000
v -40.86191201210022 92.73002243041992 86.0 1.000 1.000 1.000
v -77.86191201210022 99.73002243041992 76.0 1.000 1.000 1.000
v -92.86191201210022 102.73002243041992 33.0 1.000 1.000 1.000
v 0.0 58.0 -76.0 1.000 1.000 1.000
v 134.0 52.0 -30.0 1.000 1.000 1.000
v -132.0 51.0 -30.0 1.000 1.000 1.000
v 0.0 58.0 -76.0 1.000 1.000 1.000
v 32.13808798789978 119.73002243041992 -50.0 1.000 1.000 1.000
v -37.86191201210022 118.73002243041992 -50.0 1.000 1.000 1.000
v -105.86191201210022 113.73002243041992 -23.0 1.000 1.000 1.000
v -2.8619120121002197 119.73002243041992 -50.0 1.000 1.000 1.000
v -2.8619120121002197 119.73002243041992 -50.0 1.000 1.000 1.000
v 105.13808798789978 113.73002243041992 -23.0 1.000 1.000 1.000
v -96.0 92.0 97.0 1.000 1.000 1.000
v -147.0 -241.0 72.0 1.000 1.000 1.000
v 142.0 -241.0 72.0 1.000 1.000 1.000
v -180.0 -242.0 -81.0 1.000 1.000 1.000
v -103.0 87.0 -44.0 1.000 1.000 1.000
v 100.0 88.0 -45.0 1.000 1.000 1.000
v 172.0 -241.0 -81.0 1.000 1.000 1.000
v 98.0 92.0 97.0 1.000 1.000 1.000
vt 0.9346 0.9326
vt 0.7168 0.0879
vt 0.0693 0.9717
vt 0.1553 0.1484
vt 0.0459 1.0049
vt 0.9580 0.9678
vt 0.4404 0.2900
vt 0.9248 0.1611
vt 0.8389 0.1660
vt 1.0156 0.8760
vt 0.2871 0.3447
vt 0.0283 1.0127
vt 0.3281 0.0566
vt 0.9082 0.0400
vt 0.0166 0.4727
vt 0.9346 0.4824
vt 1.0264 0.9971
vt 1.0322 0.6211
vt 1.9492 0.9883
vt 1.9541 0.6172
vt 1.1172 1.0215
vt 0.8704 0.9336
vt 0.4440 0.6543
vt 0.1172 1.0215
vt 0.4466 0.1562
vt 0.5241 0.1572
vt 0.0671 0.1299
vt 0.9010 0.2197
vt 0.5267 0.6133
vt 1.0671 0.1299
vt 0.7119 0.7695
vt 0.3730 0.8887
vt 0.4512 0.7266
vt 0.8643 0.9043
vt 0.4668 0.7080
vt 0.5898 0.8945
vt 0.6006 0.7871
vt 0.2549 0.7881
vt 0.1123 0.8672
vt 0.7539 0.7617
vt 0.9473 0.8838
vt 0.9521 0.7949
vt 0.3271 0.8848
vt 0.4619 0.7324
vt 0.6289 0.9092
vt 0.6543 0.7197
vt 0.1504 0.9111
vt 0.4082 0.7207
vt 0.9023 0.7871
vt 0.2158 0.7236
vt -0.0241 0.8379
vt 0.9798 0.3076
vt 1.0085 0.7842
vt 1.0091 0.7979
vt -0.0247 0.7959
vt 0.9792 0.2480
vt -0.0397 0.4375
vt -0.0371 0.5410
vt 0.2881 0.2139
vt 0.2666 0.6006
vt 0.6680 0.5938
vt 0.7676 0.2197
vt 0.8438 0.2158
vt 0.2617 0.2910
vt 0.3301 0.5850
vt 0.6221 0.1963
vt 0.3027 0.2471
vt 0.9854 0.5684
vt 0.9688 0.2324
vt 0.9033 0.1162
vt 0.9229 0.1309
vt 0.4062 0.6045
vt 0.3613 0.2461
vt 0.9336 0.6924
vt 0.4453 0.6133
vt 0.8584 0.1338
vt 0.6367 0.7002
vt 0.3174 0.2461
vt 0.2578 0.2383
vt 0.4043 0.0928
vt 0.4551 -0.0029
vt 0.4463 0.0049
vt 0.4033 0.0771
vt 0.9316 0.0879
vt 0.9463 0.0205
vt 0.8398 0.7275
vt 0.5195 0.8135
vt 0.6250 0.2744
vt 0.5801 0.2764
vt 0.4805 0.8223
vt 0.8486 0.7246
vt 1.0234 0.8857
vt 1.7529 -0.0234
vt 1.9805 0.8984
vt 1.1201 -0.0059
vt 0.4385 0.1172
vt 0.9434 0.9180
vt 0.0957 0.8496
vt 0.9053 0.0068
vt 0.2158 0.2422
vt 0.9463 0.9287
vt 0.6709 0.0732
vt 0.0898 0.9805
vt 0.0840 0.5508
vt 0.7598 -0.0117
vt 0.1572 0.0342
vt 1.0117 0.5127
vt 0.9668 -0.0127
vt 0.0674 -0.3486
vt 0.0254 0.0146
vt 1.0078 -0.3721
vt 0.4466 0.2910
vt 0.9199 0.0732
vt 1.1009 0.0293
vt 0.4492 0.7930
vt 0.1009 0.0293
vt 0.0560 0.9238
vt 0.5332 0.7764
vt 0.5352 0.2930
vt 0.9043 0.8184
vt 1.0560 0.9238
vt 0.6357 0.8076
vt 0.4082 0.8057
vt 0.6543 0.8848
vt 0.2402 0.7998
vt 0.2178 0.9014
vt 0.7432 0.6963
vt 0.5752 0.7373
vt 0.7930 0.7988
vt 0.3213 0.7354
vt 0.2656 0.8887
vt 0.3965 0.7754
vt 0.2373 0.8037
vt 0.2295 0.8818
vt 0.6250 0.7422
vt 0.7051 0.8926
vt 0.2852 0.7979
vt 0.3896 0.7812
vt 0.2910 0.9004
vt 0.5986 0.7080
vt 0.6553 0.8086
vt 0.9798 0.8086
vt 0.9395 0.1982
vt 0.0384 0.7441
vt 0.0371 0.6973
vt 0.9811 0.8262
vt 0.0143 0.2959
vt 0.9368 0.1221
vt 0.0195 0.4121
vt 0.3330 0.6406
vt 0.7500 0.6416
vt 0.8516 0.3350
vt 0.3486 0.3477
vt 0.1865 0.2188
vt 0.6416 0.3232
vt 0.2432 0.7080
vt 0.6035 0.6025
vt 0.4814 0.2100
vt 0.3115 0.2158
vt 0.8047 0.3281
vt 0.5957 0.6504
vt 0.6836 0.2227
vt 0.1709 0.6055
vt 0.6191 0.6445
vt 0.6201 0.3359
vt 0.1543 0.3262
vt 0.2598 0.7061
vt 0.5186 0.1143
vt 0.1650 0.2119
vt 0.5264 0.1064
vt 0.1494 0.2227
vt 0.5781 0.1816
vt 0.6494 0.3320
vt 0.5547 0.1729
vt 0.6777 0.3193
vt 0.4932 0.2529
vt 0.8691 0.0645
vt 0.8916 -0.0068
vt 0.4443 0.2520
vt 0.7109 0.7393
vt 0.3584 0.8145
vt 0.3145 0.8223
vt 0.7207 0.7363
vt 0.4248 0.9814
vt 0.4268 0.5068
vt 0.0508 0.3398
vt 0.7266 0.4824
vt 0.8711 0.7354
vt 0.8232 0.7363
vt 0.8711 0.3994
vt 0.0049 0.6816
vt 0.1709 0.4434
vt 0.0234 0.6875
vt 0.4756 0.7256
vt 0.4590 0.5049
vt 0.4814 0.5547
vt 0.6865 0.5186
vt 0.7178 0.4688
vt 0.4141 0.5552
vt 0.4248 0.5054
vt 0.1924 0.5527
vt 0.2539 0.4512
vt 0.1680 0.4819
vt 0.5000 0.6748
vt 0.4160 0.6787
vt 0.3770 0.7026
vt 0.5439 0.6929
vt 0.3359 0.5688
vt 0.2451 0.5820
vt 0.2744 0.8003
vt 0.5664 0.5615
vt 0.4375 0.7202
vt 0.5801 0.0425
vt 0.4199 0.1348
vt 0.6357 0.2012
vt 0.6494 0.5474
vt 0.3799 0.7905
vt 0.3486 0.8101
vt 0.4932 0.7690
vt 0.4668 0.7725
vt 0.4639 0.8022
vt 0.5527 0.8667
vt 0.5537 0.9634
vt 0.6523 0.7866
vt 0.3955 0.9678
vt 0.4854 0.9927
vt 0.6318 0.4243
vt 0.5127 0.8481
vt 0.5889 0.7969
vt 0.6104 0.0034
vt 0.3330 -0.0190
vt 0.4170 0.0410
vt 0.5391 0.2065
vt 0.4414 0.2007
vt 0.1523 0.0688
vt 0.7236 0.7441
vt 0.5459 -0.0054
vt 0.4014 0.0254
vt 0.4561 0.6914
vt 0.5488 0.7764
vt 0.4805 0.7183
vt 0.3682 0.2109
vt 0.2344 0.0752
vt 0.2783 0.2207
vt 0.4287 0.8496
vt 0.3906 0.8730
vt 0.7139 0.2378
vt 0.2441 0.0703
vt 0.2061 0.2700
vt 0.6953 0.0757
vt 0.4346 0.7695
vt 0.7832 0.1035
vt 0.7207 0.0884
vt 0.6318 0.7715
vt 0.8516 0.5693
vt 0.6543 0.5996
vt 0.7959 0.7637
vt 0.8291 0.7139
vt 0.7109 0.8398
vt 0.6426 0.9004
vt 0.8467 0.3145
vt 0.8223 0.4355
vt 0.8965 0.5439
vt 0.5352 0.8184
vt 0.8701 0.6973
vt 0.7422 0.3760
vt 1.0449 0.4346
vt 0.9609 0.3623
vt 0.5625 0.9365
vt 0.4580 0.9609
vt 0.5264 0.9688
vt 1.0977 0.2129
vt 0.7822 0.2705
vt 1.1709 0.1143
vt 0.9316 0.1650
vt 1.2139 0.4561
vt 1.2314 0.1680
vt 1.0840 0.5781
vt 1.0508 0.8076
vt 0.9482 0.5889
vt 0.9619 0.7666
vt 0.7871 0.7812
vt 0.9609 0.7871
vt 0.6660 0.8828
vt 0.8428 0.3604
vt 0.7656 0.2822
vt 0.8408 0.1611
vt 0.7393 0.3389
vt 0.8643 0.5645
vt 0.7549 0.1777
vt 0.5693 0.7949
vt 0.5918 0.9248
vt 0.4941 0.9443
vt 0.9033 0.1299
vt 1.0225 0.2393
vt 1.0088 0.0918
vt 0.9121 0.4199
vt 1.0732 0.1260
vt 1.1416 0.2754
vt 0.6738 0.5781
vt 0.6543 0.5205
vt 1.0605 0.2754
vt 1.0449 0.0752
vt 1.0420 0.4414
vt 0.9492 0.7500
vt 1.1592 0.4443
vt 0.8994 0.6650
vt 0.8779 0.6914
vt 0.6650 0.8984
vt 0.6611 0.7471
vt 1.0000 0.4326
vt 1.1982 0.4727
vt 0.9160 0.4775
vt 0.9551 0.5859
vt 0.7158 0.3027
vt 0.6211 0.5010
vt 1.0479 0.8350
vt 0.9863 0.7393
vt 1.2051 0.2891
vt 1.1670 0.7627
vt 0.6475 0.6064
vt 1.2256 0.1299
vt 0.7314 0.8330
vt 0.8057 0.7744
vt 0.5566 0.9609
vt 0.8389 0.7051
vt 0.2842 0.8467
vt 0.0508 0.5371
vt -0.0391 0.7715
vt 0.0830 0.9551
vt 0.9570 0.8057
vt 0.8027 0.7773
vt 0.6865 0.8809
vt 0.9238 0.0332
vt 0.4688 0.0713
vt 0.5000 0.5420
vt 0.8818 0.5088
vt 1.0283 0.1353
vt 0.8564 0.0127
vt 0.7227 0.2437
vt 0.8672 0.3462
vt -0.0967 0.5303
vt 0.0762 0.5464
vt 0.0195 0.2773
vt -0.1182 0.2646
vt 0.3232 0.9478
vt 0.6494 0.9385
vt 0.7090 0.1377
vt 0.1533 0.1387
vt 0.5625 0.9326
vt 1.0605 0.7285
vt 1.1719 0.2305
vt 0.7510 0.2285
vt 0.6846 0.2305
vt 1.0645 0.1855
vt 1.0068 0.6807
vt 0.5742 0.9209
vt 0.2646 0.6963
vt 0.2568 0.6133
vt 0.0400 0.5596
vt 0.2178 0.3047
vt 0.4746 0.5225
vt 0.7441 0.3066
vt 0.9219 0.5645
vt 0.9062 0.4023
vt 0.8467 0.5225
vt 0.7461 0.5566
vt 0.6748 0.6162
vt 0.2051 0.5654
vt 0.7051 0.6963
vt 0.4072 0.0215
vt 0.0703 0.1104
vt 0.0771 0.1016
vt 0.4609 0.6748
vt 0.8066 0.7705
vt 0.0684 0.5215
vt 0.4688 0.0352
vt 0.0547 0.3916
vt 0.1094 0.7725
vt 0.5830 0.0352
vt 0.6357 0.0225
vt 0.9502 0.1230
vt 0.9180 0.4092
vt 0.5088 0.1348
vt 0.9531 0.1133
vt 0.0771 0.2070
vt 0.9375 0.2295
vt 0.0605 0.4004
vt 0.8428 0.1514
vt 0.4834 0.0029
vt 0.5059 0.3623
vt 0.7881 0.3604
vt 0.5312 0.7295
vt 0.8037 0.7588
vt 0.1631 0.1738
vt 0.8418 0.0664
vt 0.8467 0.3701
vt 0.2158 0.3643
vt 0.1758 0.3799
vt 0.2578 0.7578
vt 0.6133 0.0000
vt 0.3799 0.0020
vt 0.1543 0.0811
vt 0.1758 0.9688
vt 0.1426 0.9424
vt 0.3232 0.9951
vt 0.2207 0.9775
vt 0.5469 0.9893
vt 0.4395 1.0029
vt 0.7188 0.9707
vt 0.6504 0.9785
vt 0.7480 0.9443
vt 0.4639 0.9229
vt 0.3018 0.9385
vt 0.6221 0.9229
vt 0.5430 0.9229
vt 0.7754 0.9355
vt 0.9600 0.1523
vt -0.0059 0.0635
vt 0.0400 0.1523
vt 0.1729 0.9053
vt 0.7617 0.9092
vt 1.0146 0.0674
vt 0.1494 0.9160
vt 0.7676 0.9189
vt 0.0566 0.0811
vt 0.2109 0.9248
vt 0.7246 0.9248
vt 0.9043 0.0830
vt 0.0345 0.9258
vt 0.0684 0.9268
vt 0.9961 0.9609
vt 0.9277 0.8613
vt 0.0957 0.5078
vt 0.3848 0.5117
vt 0.0924 0.4941
vt 0.9688 0.8193
vt 0.3906 0.5195
vt 0.9004 0.9023
vt 0.7998 0.9714
vt 0.8525 0.9668
vt 0.6162 0.9193
vt 0.5752 0.9688
vt 0.3242 0.9023
vt 0.5518 0.9707
vt 0.6416 0.9310
vt 0.0996 0.0693
vt 0.4460 0.0762
vt 0.4538 0.0830
vt 0.0951 0.0557
vt 0.4629 0.5410
vt 0.3398 0.5306
vt 0.5381 0.5273
vt 0.5918 0.5273
vt 0.8789 0.5286
vt 0.8506 0.5339
vt 0.5986 0.5378
vt 0.6455 1.0007
vt 0.4209 0.3906
vt 0.4336 1.0000
vt 0.0889 0.3776
vt 0.3389 0.3828
vt 0.4912 1.0000
vt 0.6309 0.3841
vt 0.6875 1.0000
vt 0.6240 0.1257
vt 0.3164 0.2077
vt 0.3086 0.1159
vt 0.6260 0.2227
vt 0.9727 0.1270
vt 0.9707 0.2233
vt 0.9736 0.1654
vt 0.6514 0.2168
vt 0.6504 0.1484
vt 0.9756 0.0814
vt 0.6309 -0.0241
vt 0.9727 -0.0241
vt 0.3223 -0.0703
vt 0.6572 0.0007
vt 0.4619 0.0033
vt 0.3213 -0.0020
vt -0.0850 -0.0026
vt 0.8750 0.9639
vt 0.0853 0.9678
vt 0.0560 0.9678
vt 0.8757 0.9639
vt 0.8444 0.8115
vt 0.8112 0.8584
vt 0.3060 0.4980
vt 0.0827 0.4951
vt 0.0859 0.5098
vt 0.3372 0.5098
vt 0.5596 0.9447
vt 0.2725 0.9141
vt 0.4717 0.9805
vt 0.6875 0.9805
vt 0.5293 0.9316
vt 0.7773 0.9160
vt 0.7334 0.9759
vt 0.4922 0.9785
vt 0.3607 0.0244
vt 0.0658 0.0332
vt 0.3672 0.0322
vt 0.0618 0.0186
vt 0.6836 0.5716
vt 0.7461 0.5710
vt 0.7559 0.5677
vt 0.5195 0.5651
vt 0.4717 0.5651
vt 0.2979 0.5677
vt 0.4219 0.5755
vt 0.5967 0.9831
vt 0.5576 0.3880
vt 0.7871 0.9824
vt 0.6475 0.9844
vt 0.4883 0.3809
vt 0.2754 0.3783
vt 0.7363 0.3796
vt 0.8242 0.9811
vt 0.5742 0.2090
vt 0.2754 0.2656
vt 0.2568 0.1712
vt 0.5723 0.2734
vt 0.8555 0.2246
vt 0.8584 0.2793
vt 0.8564 0.1888
vt 0.5840 0.2721
vt 0.5479 0.1888
vt 0.5566 0.0482
vt 0.8564 0.0475
vt 0.8545 0.1458
vt 0.2871 0.0033
vt 0.6133 0.0091
vt 0.7891 0.0052
vt 0.4873 0.0052
vt 0.1211 0.0072
vt 0.2383 0.1182
vt 0.0791 0.4668
vt 0.4307 0.2188
vt 0.0674 0.4355
vt 0.2129 0.1162
vt 0.4775 0.2080
vt 0.9766 0.3438
vt 0.9854 0.5391
vt 0.5059 0.5449
vt 0.9697 0.3711
vt 0.4990 0.5850
vt 0.9668 0.5850
vt 0.9688 0.8604
vt 0.9922 0.7891
vt 1.0479 0.1211
vt 0.2598 0.1113
vt 0.0752 0.4268
vt 1.0938 0.4033
vt 0.8760 0.1074
vt 0.0107 0.1211
vt 0.0498 0.5508
vt 1.0146 0.5752
vt 0.3857 -0.1006
vt 0.4277 -0.0459
vt 0.3721 -0.0791
vt 0.5596 -0.0381
vt 0.7607 -0.0264
vt 0.9717 -0.0107
vt 0.9629 -0.0195
vt 0.7402 -0.0293
vt 0.5400 -0.0518
vt 0.4541 -0.0625
vt 0.8701 -0.0820
vt 0.2383 -0.0732
vt 0.6836 -0.0752
vt 0.0088 -0.0645
vt 1.0752 -0.0732
vt 0.4453 -0.0791
vt 0.5088 0.0576
vt 0.2402 0.5674
vt 1.4639 0.5664
vt 0.0977 0.5684
vt 0.4756 0.0654
vt 1.3369 0.0635
vt 1.5908 0.5664
vt 1.3281 0.0566
vn -0.577 -0.577 -0.577
vn -0.577 -0.577 -0.577
vn -0.577 -0.577 -0.577
vn -0.577 -0.577 -0.577
vn -0.577 -0.577 -0.577
vn -0.577 -0.577 -0.577
vn -0.577 -0.577 -0.577
vn -0.577 -0.577 -0.577
vn -0.577 -0.577 -0.577
vn -0.577 -0.577 -0.577
vn -0.577 -0.577 -0.577
vn -0.577 -0.577 -0.577
vn -0.577 -0.577 -0.577
vn -0.577 -0.577 -0.577
vn -0.577 -0.577 -0.577
vn -0.577 -0.577 -0.577
vn -0.577 -0.577 -0.577
vn -0.577 -0.577 -0.577
vn -0.577 -0.577 -0.577
vn -0.577 -0.577 -0.577
vn -0.577 -0.577 -0.577
vn -0.577 -0.577 -0.577
vn -0.577 -0.577 -0.577
vn -0.577 -0.577 -0.577
vn -0.577 -0.577 -0.577
vn -0.577 -0.577 -0.577
vn -0.577 -0.577 -0.577
vn -0.577 -0.577 -0.577
vn -0.577 -0.577 -0.577
vn -0.577 -0.577 -0.577
vn -0.577 -0.577 -0.577
vn -0.577 -0.577 -0.577
vn -0.577 -0.577 -0.577
vn -0.577 -0.577 -0.577
vn -0.577 -0.577 -0.577
vn -0.577 -0.577 -0.577
vn -0.577 -0.577 -0.577
vn -0.577 -0.577 -0.577
vn -0.577 -0.577 -0.577
vn -0.577 -0.577 -0.577
vn -0.577 -0.577 -0.577
vn -0.577 -0.577 -0.577
vn -0.577 -0.577 -0.577
vn -0.577 -0.577 -0.577
vn -0.577 -0.577 -0.577
vn -0.577 -0.577 -0.577
vn -0.577 -0.577 -0.577
vn -0.577 -0.577 -0.577
vn -0.577 -0.577 -0.577
vn -0.577 -0.577 -0.577
vn -0.577 -0.577 -0.577
vn -0.577 -0.577 -0.577
vn -0.577 -0.577 -0.577
vn -0.577 -0.577 -0.577
vn -0.577 -0.577 -0.577
vn -0.577 -0.577 -0.577
vn -0.577 -0.577 -0.577
vn -0.577 -0.577 -0.577
vn -0.577 -0.577 -0.577
vn -0.577 -0.577 -0.577
vn -0.577 -0.577 -0.577
vn -0.577 -0.577 -0.577
vn -0.577 -0.577 -0.577
vn -0.577 -0.577 -0.577
vn -0.577 -0.577 -0.577
vn -0.577 -0.577 -0.577
vn -0.577 -0.577 -0.577
vn -0.577 -0.577 -0.577
vn -0.577 -0.577 -0.577
vn -0.577 -0.577 -0.577
vn -0.577 -0.577 -0.577
vn -0.577 -0.577 -0.577
vn -0.577 -0.577 -0.577
vn -0.577 -0.577 -0.577
vn -0.577 -0.577 -0.577
vn -0.577 -0.577 -0.577
vn -0.577 -0.577 -0.577
vn -0.577 -0.577 -0.577
vn -0.577 -0.577 -0.577
vn -0.577 -0.577 -0.577
vn -0.577 -0.577 -0.577
vn -0.577 -0.577 -0.577
vn -0.577 -0.577 -0.577
vn -0.577 -0.577 -0.577
vn -0.577 -0.577 -0.577
vn -0.577 -0.577 -0.577
vn -0.577 -0.577 -0.577
vn -0.577 -0.577 -0.577
vn -0.577 -0.577 -0.577
vn -0.577 -0.577 -0.577
vn -0.577 -0.577 -0.577
vn -0.577 -0.577 -0.577
vn -0.577 -0.577 -0.577
vn -0.577 -0.577 -0.577
vn -0.577 -0.577 -0.577
vn -0.577 -0.577 -0.577
vn -0.577 -0.577 -0.577
vn -0.577 -0.577 -0.577
vn -0.577 -0.577 -0.577
vn -0.577 -0.577 -0.577
vn -0.577 -0.577 -0.577
vn -0.577 -0.577 -0.577
vn -0.577 -0.577 -0.577
vn -0.577 -0.577 -0.577
vn -0.577 -0.577 -0.577
vn -0.577 -0.577 -0.577
vn -0.577 -0.577 -0.577
vn -0.577 -0.577 -0.577
vn -0.577 -0.577 -0.577
vn -0.577 -0.577 -0.577
vn -0.577 -0.577 -0.577
vn -0.577 -0.577 -0.577
vn -0.577 -0.577 -0.577
vn -0.577 -0.577 -0.577
vn -0.577 -0.577 -0.577
vn -0.577 -0.577 -0.577
vn -0.577 -0.577 -0.577
vn -0.577 -0.577 -0.577
vn -0.577 -0.577 -0.577
vn -0.577 -0.577 -0.577
vn -0.577 -0.577 -0.577
vn -0.577 -0.577 -0.577
vn -0.577 -0.577 -0.577
vn -0.577 -0.577 -0.577
vn -0.577 -0.577 -0.577
vn -0.577 -0.577 -0.577
vn -0.577 -0.577 -0.577
vn -0.577 -0.577 -0.577
vn -0.577 -0.577 -0.577
vn -0.577 -0.577 -0.577
vn -0.577 -0.577 -0.577
vn -0.577 -0.577 -0.577
vn -0.577 -0.577 -0.577
vn -0.577 -0.577 -0.577
vn -0.577 -0.577 -0.577
vn -0.577 -0.577 -0.577
vn -0.577 -0.577 -0.577
vn -0.577 -0.577 -0.577
vn -0.577 -0.577 -0.577
vn -0.577 -0.577 -0.577
vn -0.577 -0.577 -0.577
vn -0.577 -0.577 -0.577
vn -0.577 -0.577 -0.577
vn -0.577 -0.577 -0.577
vn -0.577 -0.577 -0.577
vn -0.577 -0.577 -0.577
vn -0.577 -0.577 -0.577
vn -0.577 -0.577 -0.577
vn -0.577 -0.577 -0.577
vn -0.577 -0.577 -0.577
vn -0.577 -0.577 -0.577
vn -0.577 -0.577 -0.577
vn -0.577 -0.577 -0.577
vn -0.577 -0.577 -0.577
vn -0.577 -0.577 -0.577
vn -0.577 -0.577 -0.577
vn -0.577 -0.577 -0.577
vn -0.577 -0.577 -0.577
vn -0.577 -0.577 -0.577
vn -0.577 -0.577 -0.577
vn -0.577 -0.577 -0.577
vn -0.577 -0.577 -0.577
vn -0.577 -0.577 -0.577
vn -0.577 -0.577 -0.577
vn -0.577 -0.577 -0.577
vn -0.577 -0.577 -0.577
vn -0.577 -0.577 -0.577
vn -0.577 -0.577 -0.577
vn -0.577 -0.577 -0.577
vn -0.577 -0.577 -0.577
vn -0.577 -0.577 -0.577
vn -0.577 -0.577 -0.577
vn -0.577 -0.577 -0.577
vn -0.577 -0.577 -0.577
vn -0.577 -0.577 -0.577
vn -0.577 -0.577 -0.577
vn -0.577 -0.577 -0.577
vn -0.577 -0.577 -0.577
vn -0.577 -0.577 -0.577
vn -0.577 -0.577 -0.577
vn -0.577 -0.577 -0.577
vn -0.577 -0.577 -0.577
vn -0.577 -0.577 -0.577
vn -0.577 -0.577 -0.577
vn -0.577 -0.577 -0.577
vn -0.577 -0.577 -0.577
vn -0.577 -0.577 -0.577
vn -0.577 -0.577 -0.577
vn -0.577 -0.577 -0.577
vn -0.577 -0.577 -0.577
vn -0.577 -0.577 -0.577
vn -0.577 -0.577 -0.577
vn -0.577 -0.577 -0.577
vn -0.577 -0.577 -0.577
vn -0.577 -0.577 -0.577
vn -0.577 -0.577 -0.577
vn -0.577 -0.577 -0.577
vn -0.577 -0.577 -0.577
vn -0.577 -0.577 -0.577
vn -0.577 -0.577 -0.577
vn -0.577 -0.577 -0.577
vn -0.577 -0.577 -0.577
vn -0.577 -0.577 -0.577
vn -0.577 -0.577 -0.577
vn -0.577 -0.577 -0.577
vn -0.577 -0.577 -0.577
vn -0.577 -0.577 -0.577
vn -0.577 -0.577 -0.577
vn -0.577 -0.577 -0.577
vn -0.577 -0.577 -0.577
vn -0.577 -0.577 -0.577
vn -0.577 -0.577 -0.577
vn -0.577 -0.577 -0.577
vn -0.577 -0.577 -0.577
vn -0.577 -0.577 -0.577
vn -0.577 -0.577 -0.577
vn -0.577 -0.577 -0.577
vn -0.577 -0.577 -0.577
vn -0.577 -0.577 -0.577
vn -0.577 -0.577 -0.577
vn -0.577 -0.577 -0.577
vn -0.577 -0.577 -0.577
vn -0.577 -0.577 -0.577
vn -0.577 -0.577 -0.577
vn -0.577 -0.577 -0.577
vn -0.577 -0.577 -0.577
vn -0.577 -0.577 -0.577
vn -0.577 -0.577 -0.577
vn -0.577 -0.577 -0.577
vn -0.577 -0.577 -0.577
vn -0.577 -0.577 -0.577
vn -0.577 -0.577 -0.577
vn -0.577 -0.577 -0.577
vn -0.577 -0.577 -0.577
vn -0.577 -0.577 -0.577
vn -0.577 -0.577 -0.577
vn -0.577 -0.577 -0.577
vn -0.577 -0.577 -0.577
vn -0.577 -0.577 -0.577
vn -0.577 -0.577 -0.577
vn -0.577 -0.577 -0.577
vn -0.577 -0.577 -0.577
vn -0.577 -0.577 -0.577
vn -0.577 -0.577 -0.577
vn -0.577 -0.577 -0.577
vn -0.577 -0.577 -0.577
vn -0.577 -0.577 -0.577
vn -0.577 -0.577 -0.577
vn -0.577 -0.577 -0.577
vn -0.577 -0.577 -0.577
vn -0.577 -0.577 -0.577
vn -0.577 -0.577 -0.577
vn -0.577 -0.577 -0.577
vn -0.577 -0.577 -0.577
vn -0.577 -0.577 -0.577
vn -0.577 -0.577 -0.577
vn -0.577 -0.577 -0.577
vn -0.577 -0.577 -0.577
vn -0.577 -0.577 -0.577
vn -0.577 -0.577 -0.577
vn -0.577 -0.577 -0.577
vn -0.577 -0.577 -0.577
vn -0.577 -0.577 -0.577
vn -0.577 -0.577 -0.577
vn -0.577 -0.577 -0.577
vn -0.577 -0.577 -0.577
vn -0.577 -0.577 -0.577
vn -0.577 -0.577 -0.577
vn -0.577 -0.577 -0.577
vn -0.577 -0.577 -0.577
vn -0.577 -0.577 -0.577
vn -0.577 -0.577 -0.577
vn -0.577 -0.577 -0.577
vn -0.577 -0.577 -0.577
vn -0.577 -0.577 -0.577
vn -0.577 -0.577 -0.577
vn -0.577 -0.577 -0.577
vn -0.577 -0.577 -0.577
vn -0.577 -0.577 -0.577
vn -0.577 -0.577 -0.577
vn -0.577 -0.577 -0.577
vn -0.577 -0.577 -0.577
vn -0.577 -0.577 -0.577
vn -0.577 -0.577 -0.577
vn -0.577 -0.577 -0.577
vn -0.577 -0.577 -0.577
vn -0.577 -0.577 -0.577
vn -0.577 -0.577 -0.577
vn -0.577 -0.577 -0.577
vn -0.577 -0.577 -0.577
vn -0.577 -0.577 -0.577
vn -0.577 -0.577 -0.577
vn -0.577 -0.577 -0.577
vn -0.577 -0.577 -0.577
vn -0.577 -0.577 -0.577
vn -0.577 -0.577 -0.577
vn -0.577 -0.577 -0.577
vn -0.577 -0.577 -0.577
vn -0.577 -0.577 -0.577
vn -0.577 -0.577 -0.577
vn -0.577 -0.577 -0.577
vn -0.577 -0.577 -0.577
vn -0.577 -0.577 -0.577
vn -0.577 -0.577 -0.577
vn -0.577 -0.577 -0.577
vn -0.577 -0.577 -0.577
vn -0.577 -0.577 -0.577
vn -0.577 -0.577 -0.577
vn -0.577 -0.577 -0.577
vn -0.577 -0.577 -0.577
vn -0.577 -0.577 -0.577
vn -0.577 -0.577 -0.577
vn -0.577 -0.577 -0.577
vn -0.577 -0.577 -0.577
vn -0.577 -0.577 -0.577
vn -0.577 -0.577 -0.577
vn -0.577 -0.577 -0.577
vn -0.577 -0.577 -0.577
vn -0.577 -0.577 -0.577
vn -0.577 -0.577 -0.577
vn -0.577 -0.577 -0.577
vn -0.577 -0.577 -0.577
vn -0.577 -0.577 -0.577
vn -0.577 -0.577 -0.577
vn -0.577 -0.577 -0.577
vn -0.577 -0.577 -0.577
vn -0.577 -0.577 -0.577
vn -0.577 -0.577 -0.577
vn -0.577 -0.577 -0.577
vn -0.577 -0.577 -0.577
vn -0.577 -0.577 -0.577
vn -0.577 -0.577 -0.577
vn -0.577 -0.577 -0.577
vn -0.577 -0.577 -0.577
vn -0.577 -0.577 -0.577
vn -0.577 -0.577 -0.577
vn -0.577 -0.577 -0.577
vn -0.577 -0.577 -0.577
vn -0.577 -0.577 -0.577
vn -0.577 -0.577 -0.577
vn -0.577 -0.577 -0.577
vn -0.577 -0.577 -0.577
vn -0.577 -0.577 -0.577
vn -0.577 -0.577 -0.577
vn -0.577 -0.577 -0.577
vn -0.577 -0.577 -0.577
vn -0.577 -0.577 -0.577
vn -0.577 -0.577 -0.577
vn -0.577 -0.577 -0.577
vn -0.577 -0.577 -0.577
vn -0.577 -0.577 -0.577
vn -0.577 -0.577 -0.577
vn -0.577 -0.577 -0.577
vn -0.577 -0.577 -0.577
vn -0.577 -0.577 -0.577
vn -0.577 -0.577 -0.577
vn -0.577 -0.577 -0.577
vn -0.577 -0.577 -0.577
vn -0.577 -0.577 -0.577
vn -0.577 -0.577 -0.577
vn -0.577 -0.577 -0.577
vn -0.577 -0.577 -0.577
vn -0.577 -0.577 -0.577
vn -0.577 -0.577 -0.577
vn -0.577 -0.577 -0.577
vn -0.577 -0.577 -0.577
vn -0.577 -0.577 -0.577
vn -0.577 -0.577 -0.577
vn -0.577 -0.577 -0.577
vn -0.577 -0.577 -0.577
vn -0.577 -0.577 -0.577
vn -0.577 -0.577 -0.577
vn -0.577 -0.577 -0.577
vn -0.577 -0.577 -0.577
vn -0.577 -0.577 -0.577
vn -0.577 -0.577 -0.577
vn -0.577 -0.577 -0.577
vn -0.577 -0.577 -0.577
vn -0.577 -0.577 -0.577
vn -0.577 -0.577 -0.577
vn -0.577 -0.577 -0.577
vn -0.577 -0.577 -0.577
vn -0.577 -0.577 -0.577
vn -0.577 -0.577 -0.577
vn -0.577 -0.577 -0.577
vn -0.577 -0.577 -0.577
vn -0.577 -0.577 -0.577
vn -0.577 -0.577 -0.577
vn -0.577 -0.577 -0.577
vn -0.577 -0.577 -0.577
vn -0.577 -0.577 -0.577
vn -0.577 -0.577 -0.577
vn -0.577 -0.577 -0.577
vn -0.577 -0.577 -0.577
vn -0.577 -0.577 -0.577
vn -0.577 -0.577 -0.577
vn -0.577 -0.577 -0.577
vn -0.577 -0.577 -0.577
vn -0.577 -0.577 -0.577
vn -0.577 -0.577 -0.577
vn -0.577 -0.577 -0.577
vn -0.577 -0.577 -0.577
vn -0.577 -0.577 -0.577
vn -0.577 -0.577 -0.577
vn -0.577 -0.577 -0.577
vn -0.577 -0.577 -0.577
vn -0.577 -0.577 -0.577
vn -0.577 -0.577 -0.577
vn -0.577 -0.577 -0.577
vn -0.577 -0.577 -0.577
vn -0.577 -0.577 -0.577
vn -0.577 -0.577 -0.577
vn -0.577 -0.577 -0.577
vn -0.577 -0.577 -0.577
vn -0.577 -0.577 -0.577
vn -0.577 -0.577 -0.577
vn -0.577 -0.577 -0.577
vn -0.577 -0.577 -0.577
vn -0.577 -0.577 -0.577
vn -0.577 -0.577 -0.577
vn -0.577 -0.577 -0.577
vn -0.577 -0.577 -0.577
vn -0.577 -0.577 -0.577
vn -0.577 -0.577 -0.577
vn -0.577 -0.577 -0.577
vn -0.577 -0.577 -0.577
vn -0.577 -0.577 -0.577
vn -0.577 -0.577 -0.577
vn -0.577 -0.577 -0.577
vn -0.577 -0.577 -0.577
vn -0.577 -0.577 -0.577
vn -0.577 -0.577 -0.577
vn -0.577 -0.577 -0.577
vn -0.577 -0.577 -0.577
vn -0.577 -0.577 -0.577
vn -0.577 -0.577 -0.577
vn -0.577 -0.577 -0.577
vn -0.577 -0.577 -0.577
vn -0.577 -0.577 -0.577
vn -0.577 -0.577 -0.577
vn -0.577 -0.577 -0.577
vn -0.577 -0.577 -0.577
vn -0.577 -0.577 -0.577
vn -0.577 -0.577 -0.577
vn -0.577 -0.577 -0.577
vn -0.577 -0.577 -0.577
vn -0.577 -0.577 -0.577
vn -0.577 -0.577 -0.577
vn -0.577 -0.577 -0.577
vn -0.577 -0.577 -0.577
vn -0.577 -0.577 -0.577
vn -0.577 -0.577 -0.577
vn -0.577 -0.577 -0.577
vn -0.577 -0.577 -0.577
vn -0.577 -0.577 -0.577
vn -0.577 -0.577 -0.577
vn -0.577 -0.577 -0.577
vn -0.577 -0.577 -0.577
vn -0.577 -0.577 -0.577
vn -0.577 -0.577 -0.577
vn -0.577 -0.577 -0.577
vn -0.577 -0.577 -0.577
vn -0.577 -0.577 -0.577
vn -0.577 -0.577 -0.577
vn -0.577 -0.577 -0.577
vn -0.577 -0.577 -0.577
vn -0.577 -0.577 -0.577
vn -0.577 -0.577 -0.577
vn -0.577 -0.577 -0.577
vn -0.577 -0.577 -0.577
vn -0.577 -0.577 -0.577
vn -0.577 -0.577 -0.577
vn -0.577 -0.577 -0.577
vn -0.577 -0.577 -0.577
vn -0.577 -0.577 -0.577
vn -0.577 -0.577 -0.577
vn -0.577 -0.577 -0.577
vn -0.577 -0.577 -0.577
vn -0.577 -0.577 -0.577
vn -0.577 -0.577 -0.577
vn -0.577 -0.577 -0.577
vn -0.577 -0.577 -0.577
vn -0.577 -0.577 -0.577
vn -0.577 -0.577 -0.577
vn -0.577 -0.577 -0.577
vn -0.577 -0.577 -0.577
vn -0.577 -0.577 -0.577
vn -0.577 -0.577 -0.577
vn -0.577 -0.577 -0.577
vn -0.577 -0.577 -0.577
vn -0.577 -0.577 -0.577
vn -0.577 -0.577 -0.577
vn -0.577 -0.577 -0.577
vn -0.577 -0.577 -0.577
vn -0.577 -0.577 -0.577
vn -0.577 -0.577 -0.577
vn -0.577 -0.577 -0.577
vn -0.577 -0.577 -0.577
vn -0.577 -0.577 -0.577
vn -0.577 -0.577 -0.577
vn -0.577 -0.577 -0.577
vn -0.577 -0.577 -0.577
vn -0.577 -0.577 -0.577
vn -0.577 -0.577 -0.577
vn -0.577 -0.577 -0.577
vn -0.577 -0.577 -0.577
vn -0.577 -0.577 -0.577
vn -0.577 -0.577 -0.577
vn -0.577 -0.577 -0.577
vn -0.577 -0.577 -0.577
vn -0.577 -0.577 -0.577
vn -0.577 -0.577 -0.577
vn -0.577 -0.577 -0.577
vn -0.577 -0.577 -0.577
vn -0.577 -0.577 -0.577
vn -0.577 -0.577 -0.577
vn -0.577 -0.577 -0.577
vn -0.577 -0.577 -0.577
vn -0.577 -0.577 -0.577
vn -0.577 -0.577 -0.577
vn -0.577 -0.577 -0.577
vn -0.577 -0.577 -0.577
vn -0.577 -0.577 -0.577
vn -0.577 -0.577 -0.577
vn -0.577 -0.577 -0.577
vn -0.577 -0.577 -0.577
vn -0.577 -0.577 -0.577
vn -0.577 -0.577 -0.577
vn -0.577 -0.577 -0.577
vn -0.577 -0.577 -0.577
vn -0.577 -0.577 -0.577
vn -0.577 -0.577 -0.577
vn -0.577 -0.577 -0.577
vn -0.577 -0.577 -0.577
vn -0.577 -0.577 -0.577
vn -0.577 -0.577 -0.577
vn -0.577 -0.577 -0.577
vn -0.577 -0.577 -0.577
vn -0.577 -0.577 -0.577
vn -0.577 -0.577 -0.577
vn -0.577 -0.577 -0.577
vn -0.577 -0.577 -0.577
vn -0.577 -0.577 -0.577
vn -0.577 -0.577 -0.577
vn -0.577 -0.577 -0.577
vn -0.577 -0.577 -0.577
vn -0.577 -0.577 -0.577
vn -0.577 -0.577 -0.577
vn -0.577 -0.577 -0.577
vn -0.577 -0.577 -0.577
vn -0.577 -0.577 -0.577
vn -0.577 -0.577 -0.577
vn -0.577 -0.577 -0.577
vn -0.577 -0.577 -0.577
vn -0.577 -0.577 -0.577
vn -0.577 -0.577 -0.577
vn -0.577 -0.577 -0.577
vn -0.577 -0.577 -0.577
vn -0.577 -0.577 -0.577
vn -0.577 -0.577 -0.577
vn -0.577 -0.577 -0.577
vn -0.577 -0.577 -0.577
vn -0.577 -0.577 -0.577
vn -0.577 -0.577 -0.577
vn -0.577 -0.577 -0.577
vn -0.577 -0.577 -0.577
vn -0.577 -0.577 -0.577
vn -0.577 -0.577 -0.577
vn -0.577 -0.577 -0.577
vn -0.577 -0.577 -0.577
vn -0.577 -0.577 -0.577
vn -0.577 -0.577 -0.577
vn -0.577 -0.577 -0.577
vn -0.577 -0.577 -0.577
vn -0.577 -0.577 -0.577
vn -0.577 -0.577 -0.577
vn -0.577 -0.577 -0.577
vn -0.577 -0.577 -0.577
vn -0.577 -0.577 -0.577
vn -0.577 -0.577 -0.577
vn -0.577 -0.577 -0.577
vn -0.577 -0.577 -0.577
vn -0.577 -0.577 -0.577
vn -0.577 -0.577 -0.577
vn -0.577 -0.577 -0.577
vn -0.577 -0.577 -0.577
vn -0.577 -0.577 -0.577
vn -0.577 -0.577 -0.577
vn -0.577 -0.577 -0.577
vn -0.577 -0.577 -0.577
vn -0.577 -0.577 -0.577
vn -0.577 -0.577 -0.577
vn -0.577 -0.577 -0.577
vn -0.577 -0.577 -0.577
vn -0.577 -0.577 -0.577
vn -0.577 -0.577 -0.577
vn -0.577 -0.577 -0.577
vn -0.577 -0.577 -0.577
vn -0.577 -0.577 -0.577
vn -0.577 -0.577 -0.577
vn -0.577 -0.577 -0.577
vn -0.577 -0.577 -0.577
vn -0.577 -0.577 -0.577
vn -0.577 -0.577 -0.577
vn -0.577 -0.577 -0.577
vn -0.577 -0.577 -0.577
vn -0.577 -0.577 -0.577
vn -0.577 -0.577 -0.577
vn -0.577 -0.577 -0.577
vn -0.577 -0.577 -0.577
vn -0.577 -0.577 -0.577
vn -0.577 -0.577 -0.577
vn -0.577 -0.577 -0.577
vn -0.577 -0.577 -0.577
vn -0.577 -0.577 -0.577
vn -0.577 -0.577 -0.577
vn -0.577 -0.577 -0.577
vn -0.577 -0.577 -0.577
vn -0.577 -0.577 -0.577
vn -0.577 -0.577 -0.577
vn -0.577 -0.577 -0.577
vn -0.577 -0.577 -0.577
vn -0.577 -0.577 -0.577
vn -0.577 -0.577 -0.577
vn -0.577 -0.577 -0.577
vn -0.577 -0.577 -0.577
vn -0.577 -0.577 -0.577
vn -0.577 -0.577 -0.577
vn -0.577 -0.577 -0.577
vn -0.577 -0.577 -0.577
vn -0.577 -0.577 -0.577
vn -0.577 -0.577 -0.577
vn -0.577 -0.577 -0.577
vn -0.577 -0.577 -0.577
vn -0.577 -0.577 -0.577
vn -0.577 -0.577 -0.577
vn -0.577 -0.577 -0.577
vn -0.577 -0.577 -0.577
vn -0.577 -0.577 -0.577
vn -0.577 -0.577 -0.577
vn -0.577 -0.577 -0.577
vn -0.577 -0.577 -0.577
vn -0.577 -0.577 -0.577
vn -0.577 -0.577 -0.577
vn -0.577 -0.577 -0.577
vn -0.577 -0.577 -0.577
vn -0.577 -0.577 -0.577
vn -0.577 -0.577 -0.577
vn -0.577 -0.577 -0.577
vn -0.577 -0.577 -0.577
vn -0.577 -0.577 -0.577
vn -0.577 -0.577 -0.577
vn -0.577 -0.577 -0.577
vn -0.577 -0.577 -0.577
vn -0.577 -0.577 -0.577
vn -0.577 -0.577 -0.577
vn -0.577 -0.577 -0.577
vn -0.577 -0.577 -0.577
vn -0.577 -0.577 -0.577
vn -0.577 -0.577 -0.577
vn -0.577 -0.577 -0.577
vn -0.577 -0.577 -0.577
vn -0.577 -0.577 -0.577
vn -0.577 -0.577 -0.577
vn -0.577 -0.577 -0.577
vn -0.577 -0.577 -0.577
vn -0.577 -0.577 -0.577
vn -0.577 -0.577 -0.577
vn -0.577 -0.577 -0.577
vn -0.577 -0.577 -0.577
vn -0.577 -0.577 -0.577
vn -0.577 -0.577 -0.577
vn -0.577 -0.577 -0.577
vn -0.577 -0.577 -0.577
vn -0.577 -0.577 -0.577
vn -0.577 -0.577 -0.577
vn -0.577 -0.577 -0.577
vn -0.577 -0.577 -0.577
vn -0.577 -0.577 -0.577
vn -0.577 -0.577 -0.577
vn -0.577 -0.577 -0.577
vn -0.577 -0.577 -0.577
vn -0.577 -0.577 -0.577
vn -0.577 -0.577 -0.577
vn -0.577 -0.577 -0.577
vn -0.577 -0.577 -0.577
vn -0.577 -0.577 -0.577
vn -0.577 -0.577 -0.577
vn -0.577 -0.577 -0.577
vn -0.577 -0.577 -0.577
vn -0.577 -0.577 -0.577
vn -0.577 -0.577 -0.577
vn -0.577 -0.577 -0.577
vn -0.577 -0.577 -0.577
vn -0.577 -0.577 -0.577
vn -0.577 -0.577 -0.577
vn -0.577 -0.577 -0.577
vn -0.577 -0.577 -0.577
vn -0.577 -0.577 -0.577
vn -0.577 -0.577 -0.577
vn -0.577 -0.577 -0.577
vn -0.577 -0.577 -0.577
vn -0.577 -0.577 -0.577
vn -0.577 -0.577 -0.577
vn -0.577 -0.577 -0.577
vn -0.577 -0.577 -0.577
vn -0.577 -0.577 -0.577
vn -0.577 -0.577 -0.577
vn -0.577 -0.577 -0.577
vn -0.577 -0.577 -0.577
vn -0.577 -0.577 -0.577
vn -0.577 -0.577 -0.577
vn -0.577 -0.577 -0.577
vn -0.577 -0.577 -0.577
vn -0.577 -0.577 -0.577
vn -0.577 -0.577 -0.577
vn -0.577 -0.577 -0.577
vn -0.577 -0.577 -0.577
vn -0.577 -0.577 -0.577
vn -0.577 -0.577 -0.577
vn -0.577 -0.577 -0.577
vn -0.577 -0.577 -0.577
vn -0.577 -0.577 -0.577
vn -0.577 -0.577 -0.577
vn -0.577 -0.577 -0.577
vn -0.577 -0.577 -0.577
vn -0.577 -0.577 -0.577
vn -0.577 -0.577 -0.577
vn -0.577 -0.577 -0.577
vn -0.577 -0.577 -0.577
vn -0.577 -0.577 -0.577
vn -0.577 -0.577 -0.577
vn -0.577 -0.577 -0.577
vn -0.577 -0.577 -0.577
vn -0.577 -0.577 -0.577
vn -0.577 -0.577 -0.577
vn -0.577 -0.577 -0.577
vn -0.577 -0.577 -0.577
vn -0.577 -0.577 -0.577
vn -0.577 -0.577 -0.577
vn -0.577 -0.577 -0.577
vn -0.577 -0.577 -0.577
vn -0.577 -0.577 -0.577
vn -0.577 -0.577 -0.577
vn -0.577 -0.577 -0.577
vn -0.577 -0.577 -0.577
vn -0.577 -0.577 -0.577
vn -0.577 -0.577 -0.577
vn -0.577 -0.577 -0.577
vn -0.577 -0.577 -0.577
vn -0.577 -0.577 -0.577
vn -0.577 -0.577 -0.577
vn -0.577 -0.577 -0.577
vn 0.577 0.577 0.577
vn -0.577 -0.577 -0.577
vn -0.577 -0.577 -0.577
vn -0.577 -0.577 -0.577
vn 0.577 0.577 0.577
vn -0.577 -0.577 -0.577
vn -0.577 -0.577 -0.577
vn -0.577 -0.577 -0.577
vn -0.577 -0.577 -0.577
vn -0.577 -0.577 -0.577
vn -0.577 -0.577 -0.577
vn -0.577 -0.577 -0.577
vn -0.577 -0.577 -0.577
vn -0.577 -0.577 -0.577
vn -0.577 -0.577 -0.577
vn -0.577 -0.577 -0.577
vn -0.577 -0.577 -0.577
vn -0.577 -0.577 -0.577
vn -0.577 -0.577 -0.577
vn -0.577 -0.577 -0.577
vn -0.577 -0.577 -0.577
vn -0.577 -0.577 -0.577
vn 0.577 0.577 0.577
vn 0.577 0.577 0.577
vn -0.577 -0.577 -0.577
vn -0.577 -0.577 -0.577
vn 0.577 0.577 0.577
vn -0.577 -0.577 -0.577
vn -0.577 -0.577 -0.577
vn -0.577 -0.577 -0.577
vn -0.577 -0.577 -0.577
vn 0.577 0.577 0.577
vn 0.577 0.577 0.577
vn 0.577 0.577 0.577
vn -0.577 -0.577 -0.577
vn -0.577 -0.577 -0.577
vn -0.577 -0.577 -0.577
vn -0.577 -0.577 -0.577
vn -0.577 -0.577 -0.577
vn -0.577 -0.577 -0.577
vn -0.577 -0.577 -0.577
vn -0.577 -0.577 -0.577
vn 0.577 0.577 0.577
vn -0.577 -0.577 -0.577
vn -0.577 -0.577 -0.577
vn -0.577 -0.577 -0.577
vn -0.577 -0.577 -0.577
vn -0.577 -0.577 -0.577
vn 0.577 0.577 0.577
vn -0.577 -0.577 -0.577
vn 0.577 0.577 0.577
vn -0.577 -0.577 -0.577
vn -0.577 -0.577 -0.577
vn -0.577 -0.577 -0.577
vn -0.577 -0.577 -0.577
vn -0.577 -0.577 -0.577
vn -0.577 -0.577 -0.577
vn -0.577 -0.577 -0.577
vn -0.577 -0.577 -0.577
vn -0.577 -0.577 -0.577
vn -0.577 -0.577 -0.577
vn -0.577 -0.577 -0.577
vn -0.577 -0.577 -0.577
vn -0.577 -0.577 -0.577
vn -0.577 -0.577 -0.577
vn -0.577 -0.577 -0.577
vn -0.577 -0.577 -0.577
vn -0.577 -0.577 -0.577
vn -0.577 -0.577 -0.577
vn -0.577 -0.577 -0.577
vn -0.577 -0.577 -0.577
vn -0.577 -0.577 -0.577
vn -0.577 -0.577 -0.577
vn -0.577 -0.577 -0.577
vn 0.577 0.577 0.577
vn -0.577 -0.577 -0.577
vn 0.577 0.577 0.577
vn -0.577 -0.577 -0.577
vn -0.577 -0.577 -0.577
vn -0.577 -0.577 -0.577
vn -0.577 -0.577 -0.577
vn -0.577 -0.577 -0.577
vn -0.577 -0.577 -0.577
vn -0.577 -0.577 -0.577
vn -0.577 -0.577 -0.577
vn -0.577 -0.577 -0.577
vn -0.577 -0.577 -0.577
vn 0.577 0.577 0.577
vn -0.577 -0.577 -0.577
vn -0.577 -0.577 -0.577
vn -0.577 -0.577 -0.577
vn -0.577 -0.577 -0.577
vn -0.577 -0.577 -0.577
vn -0.577 -0.577 -0.577
vn -0.577 -0.577 -0.577
vn 0.577 0.577 0.577
vn -0.577 -0.577 -0.577
vn -0.577 -0.577 -0.577
vn -0.577 -0.577 -0.577
vn -0.577 -0.577 -0.577
vn -0.577 -0.577 -0.577
vn 0.577 0.577 0.577
vn -0.577 -0.577 -0.577
vn -0.577 -0.577 -0.577
vn -0.577 -0.577 -0.577
vn 0.577 0.577 0.577
vn 0.577 0.577 0.577
vn -0.577 -0.577 -0.577
vn -0.577 -0.577 -0.577
vn -0.577 -0.577 -0.577
vn -0.577 -0.577 -0.577
vn 0.577 0.577 0.577
vn -0.577 -0.577 -0.577
vn 0.577 0.577 0.577
vn 0.577 0.577 0.577
vn -0.577 -0.577 -0.577
vn -0.577 -0.577 -0.577
vn -0.577 -0.577 -0.577
vn 0.577 0.577 0.577
vn 0.577 0.577 0.577
vn 0.577 0.577 0.577
vn 0.577 0.577 0.577
vn 0.577 0.577 0.577
vn 0.577 0.577 0.577
vn 0.577 0.577 0.577
vn -0.577 -0.577 -0.577
vn 0.577 0.577 0.577
vn -0.577 -0.577 -0.577
vn -0.577 -0.577 -0.577
vn -0.577 -0.577 -0.577
vn -0.577 -0.577 -0.577
vn -0.577 -0.577 -0.577
vn -0.577 -0.577 -0.577
vn -0.577 -0.577 -0.577
vn -0.577 -0.577 -0.577
vn -0.577 -0.577 -0.577
vn -0.577 -0.577 -0.577
vn -0.577 -0.577 -0.577
vn -0.577 -0.577 -0.577
vn -0.577 -0.577 -0.577
vn 0.577 0.577 0.577
vn 0.577 0.577 0.577
vn -0.577 -0.577 -0.577
vn -0.577 -0.577 -0.577
vn -0.577 -0.577 -0.577
vn 0.577 0.577 0.577
vn 0.577 0.577 0.577
vn 0.577 0.577 0.577
vn -0.577 -0.577 -0.577
vn 0.577 0.577 0.577
vn 0.577 0.577 0.577
vn 0.577 0.577 0.577
vn 0.577 0.577 0.577
vn 0.577 0.577 0.577
vn 0.577 0.577 0.577
vn 0.577 0.577 0.577
vn 0.577 0.577 0.577
vn 0.577 0.577 0.577
vn 0.577 0.577 0.577
vn 0.577 0.577 0.577
vn 0.577 0.577 0.577
vn 0.577 0.577 0.577
vn 0.577 0.577 0.577
vn 0.577 0.577 0.577
vn 0.577 0.577 0.577
vn 0.577 0.577 0.577
vn -0.577 -0.577 -0.577
vn 0.577 0.577 0.577
vn -0.577 -0.577 -0.577
vn -0.577 -0.577 -0.577
vn 0.577 0.577 0.577
vn 0.577 0.577 0.577
vn -0.577 -0.577 -0.577
vn 0.577 0.577 0.577
vn 0.577 0.577 0.577
vn 0.577 0.577 0.577
vn 0.577 0.577 0.577
vn 0.577 0.577 0.577
vn -0.577 -0.577 -0.577
vn 0.577 0.577 0.577
vn -0.577 -0.577 -0.577
vn -0.577 -0.577 -0.577
vn 0.577 0.577 0.577
vn 0.577 0.577 0.577
vn 0.577 0.577 0.577
vn 0.577 0.577 0.577
vn -0.577 -0.577 -0.577
vn -0.577 -0.577 -0.577
vn -0.577 -0.577 -0.577
vn 0.577 0.577 0.577
vn 0.577 0.577 0.577
vn 0.577 0.577 0.577
vn -0.577 -0.577 -0.577
vn -0.577 -0.577 -0.577
vn 0.577 0.577 0.577
vn -0.577 -0.577 -0.577
vn -0.577 -0.577 -0.577
vn -0.577 -0.577 -0.577
vn 0.577 0.577 0.577
vn 0.577 0.577 0.577
vn 0.577 0.577 0.577
vn -0.577 -0.577 -0.577
vn -0.577 -0.577 -0.577
vn -0.577 -0.577 -0.577
vn -0.577 -0.577 -0.577
vn -0.577 -0.577 -0.577
vn 0.577 0.577 0.577
vn -0.577 -0.577 -0.577
vn 0.577 0.577 0.577
vn -0.577 -0.577 -0.577
vn 0.577 0.577 0.577
vn -0.577 -0.577 -0.577
vn -0.577 -0.577 -0.577
vn 0.577 0.577 0.577
vn -0.577 -0.577 -0.577
vn -0.577 -0.577 -0.577
vn 0.577 0.577 0.577
vn -0.577 -0.577 -0.577
vn 0.577 0.577 0.577
vn -0.577 -0.577 -0.577
vn -0.577 -0.577 -0.577
vn 0.577 0.577 0.577
vn -0.577 -0.577 -0.577
vn -0.577 -0.577 -0.577
vn -0.577 -0.577 -0.577
vn -0.577 -0.577 -0.577
vn 0.577 0.577 0.577
vn 0.577 0.577 0.577
vn -0.577 -0.577 -0.577
vn -0.577 -0.577 -0.577
vn -0.577 -0.577 -0.577
vn 0.577 0.577 0.577
vn 0.577 0.577 0.577
vn 0.577 0.577 0.577
vn 0.577 0.577 0.577
vn 0.577 0.577 0.577
vn 0.577 0.577 0.577
vn 0.577 0.577 0.577
vn 0.577 0.577 0.577
vn 0.577 0.577 0.577
vn 0.577 0.577 0.577
vn 0.577 0.577 0.577
vn 0.577 0.577 0.577
vn 0.577 0.577 0.577
vn 0.577 0.577 0.577
vn 0.577 0.577 0.577
vn 0.577 0.577 0.577
vn 0.577 0.577 0.577
vn 0.577 0.577 0.577
vn 0.577 0.577 0.577
vn 0.577 0.577 0.577
vn 0.577 0.577 0.577
vn 0.577 0.577 0.577
vn 0.577 0.577 0.577
vn -0.577 -0.577 -0.577
vn -0.577 -0.577 -0.577
vn 0.577 0.577 0.577
vn -0.577 -0.577 -0.577
vn -0.577 -0.577 -0.577
vn 0.577 0.577 0.577
vn 0.577 0.577 0.577
vn 0.577 0.577 0.577
vn 0.577 0.577 0.577
vn 0.577 0.577 0.577
vn -0.577 -0.577 -0.577
vn 0.577 0.577 0.577
vn 0.577 0.577 0.577
vn -0.577 -0.577 -0.577
vn -0.577 -0.577 -0.577
vn 0.577 0.577 0.577
vn 0.577 0.577 0.577
vn -0.577 -0.577 -0.577
vn -0.577 -0.577 -0.577
vn -0.577 -0.577 -0.577
vn -0.577 -0.577 -0.577
vn 0.577 0.577 0.577
vn 0.577 0.577 0.577
vn 0.577 0.577 0.577
vn -0.577 -0.577 -0.577
vn 0.577 0.577 0.577
vn -0.577 -0.577 -0.577
vn -0.577 -0.577 -0.577
vn 0.577 0.577 0.577
vn -0.577 -0.577 -0.577
vn 0.577 0.577 0.577
vn -0.577 -0.577 -0.577
vn 0.577 0.577 0.577
vn 0.577 0.577 0.577
vn -0.577 -0.577 -0.577
vn -0.577 -0.577 -0.577
vn -0.577 -0.577 -0.577
vn -0.577 -0.577 -0.577
vn 0.577 0.577 0.577
vn -0.577 -0.577 -0.577
vn 0.577 0.577 0.577
vn -0.577 -0.577 -0.577
vn 0.577 0.577 0.577
vn -0.577 -0.577 -0.577
vn 0.577 0.577 0.577
vn 0.577 0.577 0.577
vn 0.577 0.577 0.577
vn -0.577 -0.577 -0.577
vn -0.577 -0.577 -0.577
vn 0.577 0.577 0.577
vn -0.577 -0.577 -0.577
vn -0.577 -0.577 -0.577
vn -0.577 -0.577 -0.577
vn -0.577 -0.577 -0.577
vn -0.577 -0.577 -0.577
vn -0.577 -0.577 -0.577
vn -0.577 -0.577 -0.577
vn -0.577 -0.577 -0.577
vn -0.577 -0.577 -0.577
vn -0.577 -0.577 -0.577
vn -0.577 -0.577 -0.577
vn -0.577 -0.577 -0.577
vn 0.577 0.577 0.577
vn -0.577 -0.577 -0.577
vn -0.577 -0.577 -0.577
vn 0.577 0.577 0.577
vn -0.577 -0.577 -0.577
vn -0.577 -0.577 -0.577
vn 0.577 0.577 0.577
vn 0.577 0.577 0.577
vn -0.577 -0.577 -0.577
vn -0.577 -0.577 -0.577
vn -0.577 -0.577 -0.577
vn -0.577 -0.577 -0.577
vn -0.577 -0.577 -0.577
vn -0.577 -0.577 -0.577
vn -0.577 -0.577 -0.577
vn -0.577 -0.577 -0.577
vn -0.577 -0.577 -0.577
vn -0.577 -0.577 -0.577
vn -0.577 -0.577 -0.577
vn -0.577 -0.577 -0.577
vn 0.577 0.577 0.577
vn 0.577 0.577 0.577
vn 0.577 0.577 0.577
vn 0.577 0.577 0.577
vn 0.577 0.577 0.577
vn -0.577 -0.577 -0.577
vn -0.577 -0.577 -0.577
vn -0.577 -0.577 -0.577
vn -0.577 -0.577 -0.577
vn -0.577 -0.577 -0.577
vn -0.577 -0.577 -0.577
vn 0.577 0.577 0.577
vn -0.577 -0.577 -0.577
vn -0.577 -0.577 -0.577
vn -0.577 -0.577 -0.577
vn -0.577 -0.577 -0.577
vn 0.577 0.577 0.577
vn 0.577 0.577 0.577
vn 0.577 0.577 0.577
vn 0.577 0.577 0.577
vn 0.577 0.577 0.577
vn 0.577 0.577 0.577
vn -0.577 -0.577 -0.577
vn -0.577 -0.577 -0.577
vn -0.577 -0.577 -0.577
vn -0.577 -0.577 -0.577
vn -0.577 -0.577 -0.577
vn -0.577 -0.577 -0.577
vn -0.577 -0.577 -0.577
vn -0.577 -0.577 -0.577
usemtl tex_1897_lit
f 1/1/1 2/2/2 3/3/3
f 3/3/3 2/2/2 4/4/4
usemtl tex_1899_lit
f 5/5/5 6/6/6 7/7/7
f 7/7/7 6/6/6 8/8/8
usemtl tex_1900_lit
f 9/9/9 10/10/10 11/11/11
f 11/11/11 10/10/10 12/12/12
usemtl tex_1898_lit
f 13/13/13 14/14/14 15/15/15
f 15/15/15 14/14/14 16/16/16
f 17/17/17 18/18/18 19/19/19
f 19/19/19 18/18/18 20/20/20
usemtl tex_1896_lit_w11
f 21/21/21 22/22/22 27/23/27
f 23/24/23 27/23/27 28/25/28
f 28/25/28 29/26/29 24/27/24
f 25/28/25 29/26/29 30/29/30
f 24/27/24 23/24/23 28/25/28
f 22/22/22 30/29/30 27/23/27
f 29/26/29 25/28/25 26/30/26
f 22/22/22 25/28/25 30/29/30
usemtl tex_2499_lit
f 31/31/31 40/32/40 32/33/32
f 41/34/41 40/32/40 31/31/31
f 33/35/33 42/36/42 34/37/34
f 35/38/35 43/39/43 42/36/42
f 36/40/36 44/41/44 37/42/37
f 45/43/45 44/41/44 36/40/36
f 38/44/38 46/45/46 39/46/39
f 55/47/55 56/45/56 47/44/47
f 48/48/48 57/43/57 49/40/49
f 50/38/50 58/36/58 51/35/51
f 52/49/52 59/34/59 53/31/53
f 54/50/54 55/47/55 47/44/47
usemtl tex_1896_lit_w11
f 60/51/60 61/52/61 62/53/62
f 62/53/62 63/54/63 64/55/64
f 65/56/65 61/52/61 66/57/66
f 64/55/64 65/56/65 67/58/67
f 64/55/64 63/54/63 65/56/65
f 61/52/61 60/51/60 66/57/66
f 60/51/60 62/53/62 64/55/64
f 65/56/65 66/57/66 67/58/67
f 68/53/68 69/52/69 70/56/70
f 68/53/68 70/56/70 71/54/71
usemtl tex_2499_lit
f 72/59/72 73/60/73 74/61/74
f 75/62/75 72/59/72 74/61/74
f 76/63/76 77/64/77 78/65/78
f 76/63/76 79/66/79 77/64/77
f 80/67/80 81/68/81 82/69/82
f 83/70/83 84/71/84 82/69/82
f 80/67/80 85/72/85 81/68/81
f 86/73/86 87/74/87 88/75/88
f 87/74/87 86/73/86 89/76/89
f 90/77/90 91/63/91 92/65/92
f 93/78/93 99/73/99 94/79/94
f 94/79/94 99/73/99 100/67/100
f 101/69/101 94/79/94 100/67/100
f 95/80/95 94/79/94 101/69/101
f 102/71/102 95/80/95 101/69/101
f 96/81/96 95/80/95 102/71/102
f 103/70/103 96/81/96 102/71/102
f 97/82/97 96/81/96 103/70/103
f 104/76/104 97/82/97 103/70/103
f 98/83/98 97/82/97 104/76/104
f 99/73/99 98/83/98 104/76/104
f 98/83/98 99/73/99 93/78/93
f 111/50/111 112/44/112 105/60/105
f 113/31/113 114/33/114 106/75/106
f 115/49/115 113/31/113 107/74/107
f 116/35/116 117/37/117 108/77/108
f 118/38/118 116/35/116 109/65/109
f 119/40/119 120/42/120 110/68/110
f 129/48/129 130/40/130 121/72/121
f 131/44/131 132/46/132 122/61/122
f 121/72/121 130/40/130 123/68/123
f 124/74/124 133/31/133 125/75/125
f 126/60/126 131/44/131 122/61/122
f 127/65/127 134/35/134 128/77/128
f 135/84/135 136/85/136 137/86/137
f 138/87/138 139/88/139 137/86/137
f 139/88/139 135/84/135 137/86/137
f 140/89/140 141/90/141 136/85/136
f 136/85/136 141/90/141 142/91/142
f 143/87/143 140/89/140 139/88/139
f 136/85/136 142/91/142 137/86/137
f 140/89/140 143/87/143 141/90/141
f 135/84/135 139/88/139 140/89/140
f 140/89/140 136/85/136 135/84/135
f 144/91/144 145/90/145 146/87/146
f 144/91/144 146/87/146 147/86/147
usemtl tex_1897_lit
f 148/92/148 149/93/149 150/94/150
f 151/95/151 149/93/149 148/92/148
usemtl tex_1899_lit
f 152/96/152 153/97/153 154/98/154
f 155/99/155 153/97/153 152/96/152
usemtl tex_1900_lit
f 156/100/156 157/101/157 158/102/158
f 159/103/159 157/101/157 156/100/156
usemtl tex_1898_lit
f 160/104/160 161/105/161 162/106/162
f 163/107/163 161/105/161 160/104/160
f 164/108/164 165/109/165 166/110/166
f 167/111/167 165/109/165 164/108/164
usemtl tex_1896_lit_w11
f 174/112/174 168/113/168 169/114/169
f 175/115/175 174/112/174 170/116/170
f 171/117/171 176/118/176 175/115/175
f 177/119/177 176/118/176 172/120/172
f 175/115/175 170/116/170 171/117/171
f 174/112/174 177/119/177 168/113/168
f 173/121/173 172/120/172 176/118/176
f 177/119/177 172/120/172 168/113/168
usemtl tex_2499_lit
f 178/122/178 179/123/179 187/124/187
f 179/123/179 180/125/180 188/126/188
f 181/127/181 182/128/182 189/129/189
f 182/128/182 183/130/183 190/131/190
f 184/132/184 185/133/185 191/134/191
f 186/135/186 184/132/184 192/136/192
f 193/137/193 194/138/194 199/139/199
f 194/138/194 195/140/195 200/141/200
f 201/136/201 196/132/196 202/134/202
f 203/129/203 197/128/197 204/131/204
f 199/139/199 194/138/194 200/141/200
f 205/124/205 198/123/198 206/126/206
usemtl tex_1896_lit_w11
f 207/142/207 208/143/208 209/144/209
f 210/145/210 211/146/211 207/142/207
f 212/147/212 208/143/208 213/148/213
f 214/149/214 213/148/213 210/145/210
f 213/148/213 211/146/211 210/145/210
f 212/147/212 209/144/209 208/143/208
f 210/145/210 207/142/207 209/144/209
f 214/149/214 212/147/212 213/148/213
f 215/143/215 216/142/216 217/146/217
f 215/143/215 217/146/217 218/148/218
usemtl tex_2499_lit
f 219/150/219 220/151/220 221/152/221
f 219/150/219 221/152/221 222/153/222
f 223/154/223 224/155/224 225/156/225
f 226/157/226 227/158/227 228/159/228
f 226/157/226 229/160/229 227/158/227
f 230/161/230 225/156/225 224/155/224
f 229/160/229 231/162/231 227/158/227
f 232/163/232 233/164/233 234/165/234
f 229/160/229 227/158/227 228/159/228
f 235/166/235 236/163/236 237/165/237
f 238/167/238 239/157/239 240/159/240
f 241/168/241 247/169/247 242/170/242
f 242/170/242 247/169/247 248/171/248
f 242/170/242 248/171/248 243/172/243
f 243/172/243 248/171/248 249/166/249
f 243/172/243 249/166/249 244/173/244
f 244/173/244 249/166/249 250/165/250
f 244/173/244 250/165/250 251/155/251
f 246/174/246 245/175/245 252/154/252
f 245/175/245 251/155/251 252/154/252
f 246/174/246 252/154/252 241/168/241
f 241/168/241 252/154/252 247/169/247
f 244/173/244 251/155/251 245/175/245
f 261/138/261 253/161/253 262/140/262
f 254/156/254 253/161/253 261/138/261
f 263/123/263 255/167/255 264/125/264
f 256/157/256 255/167/255 263/123/263
f 265/132/265 257/163/257 266/133/266
f 258/164/258 257/163/257 265/132/265
f 267/128/267 259/150/259 268/130/268
f 260/151/260 259/150/259 267/128/267
f 273/135/273 269/164/269 274/132/274
f 275/127/275 270/151/270 276/128/276
f 277/137/277 271/156/271 278/138/278
f 279/122/279 272/157/272 280/123/280
f 281/176/281 282/177/282 283/178/283
f 283/178/283 284/179/284 281/176/281
f 285/180/285 283/178/283 282/177/282
f 285/180/285 281/176/281 286/181/286
f 285/180/285 282/177/282 281/176/281
f 283/178/283 287/182/287 284/179/284
f 288/183/288 287/182/287 283/178/283
f 281/176/281 284/179/284 289/181/289
f 285/180/285 288/183/288 283/178/283
f 287/182/287 289/181/289 284/179/284
f 290/182/290 291/183/291 292/180/292
f 290/182/290 292/180/292 293/181/293
usemtl tex_1751_lit
f 294/184/294 300/185/300 301/186/301
f 302/187/302 295/188/295 296/189/296
f 295/188/295 303/190/303 294/184/294
f 303/190/303 300/185/300 294/184/294
f 297/191/297 294/184/294 301/186/301
f 297/191/297 301/186/301 304/192/304
f 297/191/297 304/192/304 298/193/298
f 304/192/304 299/194/299 298/193/298
f 304/192/304 302/187/302 299/194/299
f 302/187/302 296/189/296 299/194/299
f 295/188/295 302/187/302 303/190/303
usemtl tex_1892_lit
f 305/195/305 306/196/306 307/197/307
f 305/195/305 307/197/307 308/198/308
f 309/199/309 310/200/310 311/201/311
f 310/200/310 312/202/312 313/203/313
f 305/195/305 314/204/314 306/196/306
f 309/199/309 315/205/315 310/200/310
f 309/199/309 316/206/316 315/205/315
f 306/196/306 314/204/314 317/207/317
f 318/208/318 319/209/319 320/210/320
f 321/211/321 322/197/322 323/196/323
f 324/205/324 325/206/325 326/212/326
f 327/213/327 328/214/328 329/215/329
f 330/216/330 322/197/322 321/211/321
f 331/217/331 332/210/332 333/218/333
f 334/219/334 335/220/335 336/221/336
f 337/205/337 338/195/338 339/200/339
f 340/222/340 341/223/341 342/224/342
f 343/225/343 344/226/344 341/223/341
f 345/227/345 346/198/346 347/215/347
f 348/228/348 340/222/340 349/229/349
f 350/230/350 351/231/351 352/232/352
f 353/233/353 354/214/354 355/234/355
f 354/214/354 353/233/353 356/215/356
f 357/232/357 358/231/358 359/235/359
f 360/236/360 361/197/361 362/216/362
f 363/237/363 364/238/364 358/231/358
f 365/200/365 366/195/366 355/234/355
f 367/205/367 368/239/368 369/204/369
f 370/207/370 371/240/371 372/224/372
f 373/195/373 374/227/374 375/233/375
f 376/241/376 369/204/369 368/239/368
f 377/242/377 378/234/378 379/214/379
f 379/214/379 380/243/380 381/244/381
f 368/239/368 367/205/367 382/212/382
f 383/211/383 384/207/384 385/224/385
f 386/195/386 387/233/387 388/234/388
f 389/225/389 390/223/390 391/222/391
f 392/245/392 393/218/393 394/246/394
f 395/229/395 391/222/391 385/224/385
f 396/210/396 394/246/394 393/218/393
f 389/225/389 391/222/391 394/246/394
f 384/207/384 383/211/383 397/196/397
f 398/241/398 399/207/399 400/204/400
f 401/210/401 402/217/402 403/206/403
f 404/227/404 405/195/405 406/198/406
f 407/240/407 408/229/408 409/224/409
f 410/208/410 411/199/411 412/201/412
f 413/236/413 414/216/414 415/224/415
f 416/197/416 417/247/417 418/215/418
f 416/197/416 418/215/418 419/198/419
f 420/213/420 421/230/421 422/232/422
f 423/243/423 424/214/424 422/232/422
f 425/238/425 426/248/426 427/231/427
f 421/230/421 428/237/428 427/231/427
f 429/209/429 430/208/430 431/201/431
f 432/241/432 433/239/433 434/212/434
f 435/244/435 436/202/436 437/200/437
f 438/227/438 439/215/439 440/233/440
f 441/242/441 435/244/435 437/200/437
f 441/242/441 437/200/437 442/234/442
f 435/244/435 443/243/443 444/249/444
f 445/237/445 446/250/446 447/238/447
f 448/251/448 449/220/449 450/241/450
f 451/242/451 452/214/452 453/244/453
f 454/205/454 455/204/455 456/195/456
f 457/208/457 458/206/458 459/199/459
f 460/210/460 461/225/461 462/246/462
f 463/228/463 464/229/464 465/221/465
f 463/228/463 466/245/466 462/246/462
f 467/219/467 468/240/468 469/207/469
f 470/252/470 471/230/471 472/213/472
f 473/253/473 474/215/474 475/247/475
f 476/245/476 477/221/477 478/218/478
f 476/245/476 479/228/479 477/221/477
f 480/222/480 479/228/479 481/246/481
f 482/251/482 483/217/483 477/221/477
f 484/220/484 482/251/482 477/221/477
f 485/240/485 486/219/486 477/221/477
f 485/240/485 477/221/477 487/229/487
f 483/217/483 482/251/482 488/206/488
f 482/251/482 489/212/489 488/206/488
f 484/220/484 486/219/486 490/241/490
f 486/219/486 491/207/491 490/241/490
f 482/251/482 490/241/490 489/212/489
f 492/201/492 493/200/493 494/203/494
f 495/216/495 496/211/496 497/224/497
f 498/208/498 499/210/499 500/206/500
f 501/253/501 502/252/502 503/213/503
f 504/243/504 505/232/505 506/235/506
f 503/213/503 505/232/505 507/214/507
f 508/253/508 509/213/509 510/215/510
f 511/252/511 508/253/508 512/247/512
f 513/217/513 514/218/514 515/221/515
usemtl tex_1893_lit
f 516/254/516 517/255/517 518/256/518
f 517/255/517 519/257/519 520/258/520
f 516/254/516 521/259/521 519/257/519
f 522/260/522 521/259/521 516/254/516
f 523/261/523 524/262/524 525/263/525
f 526/260/526 527/254/527 528/264/528
f 529/265/529 530/255/530 531/258/531
f 524/262/524 532/266/532 533/256/533
f 525/263/525 534/267/534 535/268/535
f 536/269/536 537/270/537 538/271/538
f 539/268/539 540/267/540 541/272/541
f 542/269/542 543/264/543 544/270/544
f 545/262/545 546/273/546 547/266/547
f 545/262/545 548/261/548 546/273/546
f 541/272/541 549/274/549 550/275/550
f 551/276/551 552/277/552 540/267/540
f 551/276/551 553/278/553 554/279/554
f 555/269/555 556/260/556 557/264/557
f 558/262/558 559/255/559 560/263/560
f 556/260/556 555/269/555 561/271/561
f 562/265/562 563/280/563 560/263/560
f 564/278/564 565/281/565 566/279/566
f 564/278/564 567/267/567 563/280/563
f 562/265/562 560/263/560 559/255/559
f 559/255/559 558/262/558 568/256/568
f 569/272/569 570/277/570 571/274/571
f 572/261/572 573/275/573 574/273/574
f 575/278/575 576/265/576 577/281/577
f 572/261/572 578/268/578 569/272/569
f 576/265/576 579/258/579 577/281/577
f 580/254/580 581/257/581 582/255/582
f 569/272/569 583/267/583 570/277/570
f 572/261/572 569/272/569 573/275/573
f 584/263/584 578/268/578 572/261/572
f 585/267/585 586/263/586 587/280/587
f 588/278/588 587/280/587 589/265/589
f 588/278/588 590/276/590 585/267/585
f 591/281/591 592/258/592 593/257/593
f 593/257/593 594/282/594 591/281/591
f 595/283/595 591/281/591 594/282/594
f 595/283/595 596/279/596 591/281/591
f 597/271/597 598/284/598 599/260/599
f 594/282/594 599/260/599 598/284/598
f 594/282/594 600/259/600 599/260/599
f 594/282/594 593/257/593 600/259/600
usemtl tex_1894_lit
f 601/285/601 602/286/602 603/287/603
f 604/288/604 602/286/602 605/289/605
f 602/286/602 604/288/604 606/290/606
f 607/291/607 608/292/608 609/293/609
f 610/294/610 611/295/611 612/296/612
f 610/294/610 613/297/613 611/295/611
f 612/296/612 611/295/611 614/298/614
f 615/299/615 614/298/614 611/295/611
f 616/300/616 617/301/617 618/288/618
f 619/302/619 620/287/620 621/303/621
f 622/304/622 623/297/623 624/305/624
f 622/304/622 625/295/625 623/297/623
f 622/304/622 626/306/626 625/295/625
f 627/289/627 628/307/628 629/308/629
f 630/285/630 620/287/620 619/302/619
f 631/309/631 632/291/632 633/310/633
f 634/311/634 635/302/635 636/312/636
f 637/313/637 638/314/638 639/289/639
f 639/289/639 638/314/638 640/307/640
f 639/289/639 641/285/641 637/313/637
f 642/315/642 643/288/643 644/316/644
f 645/317/645 646/308/646 647/318/647
f 648/289/648 649/286/649 650/285/650
f 651/313/651 650/285/650 652/302/652
f 653/319/653 654/312/654 652/302/652
f 647/318/647 655/311/655 654/312/654
f 656/304/656 657/320/657 658/306/658
f 656/304/656 659/305/659 657/320/657
f 660/291/660 661/321/661 662/310/662
f 663/318/663 664/308/664 665/307/665
f 666/288/666 667/301/667 668/316/668
f 669/313/669 670/302/670 671/311/671
f 672/314/672 669/313/669 671/311/671
f 673/322/673 674/319/674 670/302/670
f 675/299/675 676/295/676 677/306/677
f 678/300/678 679/289/679 680/310/680
f 681/309/681 680/310/680 682/323/682
f 683/324/683 682/323/682 680/310/680
f 684/318/684 685/307/685 686/314/686
f 678/300/678 687/288/687 679/289/679
f 688/321/688 678/300/678 680/310/680
f 689/312/689 690/317/690 684/318/684
f 691/309/691 692/292/692 693/291/693
f 694/287/694 695/286/695 696/290/696
f 697/322/697 698/302/698 699/303/699
f 700/289/700 701/324/701 702/310/702
f 692/292/692 691/309/691 703/325/703
f 700/289/700 704/308/704 705/326/705
f 700/289/700 705/326/705 701/324/701
f 706/311/706 707/318/707 708/314/708
f 709/293/709 710/292/710 711/325/711
f 712/327/712 713/328/713 714/329/714
f 714/329/714 715/330/715 712/327/712
f 716/308/716 717/317/717 718/331/718
f 719/324/719 720/326/720 716/308/716
f 718/331/718 719/324/719 716/308/716
f 719/324/719 718/331/718 721/332/721
f 722/323/722 723/324/723 724/332/724
f 725/309/725 722/323/722 724/332/724
f 726/333/726 725/309/725 724/332/724
usemtl tex_1894_lit_ovl
f 725/309/725 726/333/726 727/325/727
usemtl tex_1751_lit
f 728/334/728 729/335/729 730/336/730
f 728/334/728 730/336/730 731/337/731
usemtl tex_1892_lit
f 732/338/732 733/339/733 734/340/734
f 732/338/732 734/340/734 735/341/735
f 736/342/736 737/343/737 738/344/738
f 736/342/736 738/344/738 739/345/739
f 740/346/740 741/347/741 742/348/742
f 740/346/740 742/348/742 743/349/743
usemtl tex_1893_lit
f 744/350/744 745/351/745 746/352/746
f 744/350/744 746/352/746 747/353/747
usemtl tex_1894_lit
f 748/354/748 749/355/749 750/356/750
f 748/354/748 750/356/750 751/357/751
usemtl tex_2498_lit
f 752/358/752 753/359/753 754/360/754
f 755/361/755 756/362/756 757/363/757
f 758/364/758 759/365/759 760/366/760
f 761/367/761 756/362/756 762/368/762
f 763/369/763 753/359/753 756/362/756
f 758/364/758 762/368/762 764/370/764
f 765/371/765 766/372/766 767/373/767
f 768/358/768 769/374/769 770/359/770
f 771/361/771 772/371/772 773/373/773
f 771/361/771 774/369/774 775/362/775
f 776/364/776 777/375/777 778/365/778
f 770/359/770 779/376/779 780/360/780
f 772/371/772 781/377/781 782/372/782
f 779/376/779 783/378/783 780/360/780
f 784/358/784 785/360/785 786/379/786
f 787/364/787 788/366/788 789/368/789
f 790/362/790 791/367/791 792/363/792
f 793/380/793 794/381/794 795/382/795
f 796/375/796 797/383/797 798/365/798
f 799/361/799 800/384/800 801/371/801
f 802/360/802 803/378/803 804/379/804
f 805/368/805 806/374/806 807/370/807
f 808/385/808 809/382/809 810/381/810
f 811/386/811 803/378/803 799/361/799
f 806/374/806 805/368/805 812/362/812
f 813/369/813 814/376/814 815/359/815
f 816/361/816 814/376/814 813/369/813
f 816/361/816 817/378/817 814/376/814
f 818/363/818 819/381/819 820/384/820
f 815/359/815 821/374/821 822/362/822
f 823/366/823 824/365/824 818/363/818
f 823/366/823 818/363/818 825/367/825
f 826/386/826 816/361/816 827/373/827
f 828/364/828 829/370/829 830/375/830
f 831/368/831 832/366/832 833/367/833
f 834/387/834 835/363/835 836/365/836
f 834/387/834 837/385/837 835/363/835
f 837/385/837 838/381/838 835/363/835
f 839/378/839 840/388/840 841/379/841
f 842/361/842 835/363/835 843/384/843
usemtl tex_2502_lit
f 844/389/844 845/390/845 846/391/846
f 847/392/847 848/393/848 849/394/849
f 846/391/846 845/390/845 850/395/850
f 844/389/844 851/396/851 845/390/845
f 852/397/852 847/392/847 849/394/849
f 853/398/853 854/399/854 855/400/855
f 853/398/853 850/395/850 854/399/854
f 856/401/856 845/390/845 851/396/851
f 852/397/852 844/389/844 847/392/847
f 845/390/845 857/402/857 858/403/858
f 846/391/846 853/398/853 848/393/848
f 846/391/846 850/395/850 853/398/853
f 847/392/847 844/389/844 846/391/846
f 848/393/848 853/398/853 855/400/855
f 848/393/848 847/392/847 846/391/846
f 845/390/845 858/403/858 850/395/850
usemtl tex_2498_lit
f 859/404/859 868/379/868 860/405/860
f 869/358/869 868/379/868 859/404/859
f 861/406/861 869/358/869 862/407/862
f 870/374/870 869/358/869 861/406/861
f 863/408/863 870/374/870 864/409/864
f 871/370/871 870/374/870 863/408/863
f 865/410/865 871/370/871 866/411/866
f 872/375/872 871/370/871 865/410/865
f 867/412/867 872/375/872 865/410/865
f 862/407/862 869/358/869 859/404/859
f 866/411/866 871/370/871 863/408/863
f 864/409/864 870/374/870 861/406/861
usemtl tex_2502_lit
f 873/413/873 878/400/878 874/414/874
f 879/393/879 878/400/878 873/413/873
f 875/415/875 879/393/879 876/416/876
f 879/393/879 873/413/873 876/416/876
f 880/394/880 879/393/879 875/415/875
f 877/417/877 880/394/880 875/415/875
usemtl tex_2498_lit
f 881/418/881 882/419/882 883/420/883
f 881/418/881 884/421/884 885/422/885
f 882/419/882 881/418/881 886/423/886
f 887/424/887 884/421/884 882/419/882
f 888/425/888 889/423/889 885/422/885
f 881/418/881 883/420/883 884/421/884
f 884/421/884 883/420/883 882/419/882
f 881/418/881 885/422/885 889/423/889
f 887/424/887 888/425/888 884/421/884
f 888/425/888 885/422/885 884/421/884
usemtl tex_2502_lit
f 890/426/890 891/427/891 892/428/892
f 893/429/893 890/426/890 892/428/892
usemtl tex_1785_lit_w10
f 894/430/894 895/431/895 896/432/896
f 896/432/896 895/431/895 897/432/897
f 896/432/896 898/433/898 899/434/899
f 898/433/898 900/435/900 899/434/899
f 895/431/895 899/434/899 901/436/901
f 896/432/896 897/432/897 902/437/902
f 902/437/902 900/435/900 898/433/898
f 895/431/895 894/430/894 899/434/899
f 896/432/896 899/434/899 894/430/894
f 897/432/897 895/431/895 901/436/901
f 903/438/903 897/432/897 901/436/901
f 903/438/903 902/437/902 897/432/897
f 898/433/898 896/432/896 902/437/902
f 902/437/902 903/438/903 900/435/900
usemtl tex_1679_lit_w11
f 904/439/904 905/440/905 906/441/906
f 907/442/907 908/443/908 905/440/905
f 907/442/907 909/444/909 908/443/908
f 909/444/909 910/445/910 908/443/908
f 911/446/911 906/441/906 910/445/910
f 911/446/911 904/439/904 906/441/906
f 904/439/904 907/442/907 905/440/905
f 909/444/909 911/446/911 910/445/910
usemtl tex_1785_lit_w10
f 912/447/912 916/434/916 913/448/913
f 913/448/913 916/434/916 917/435/917
f 913/448/913 917/435/917 914/449/914
f 914/449/914 917/435/917 918/438/918
f 914/449/914 918/438/918 915/450/915
f 915/450/915 918/438/918 919/436/919
f 915/450/915 919/436/919 912/447/912
f 912/447/912 919/436/919 916/434/916
usemtl tex_1679_lit_w11
f 920/451/920 927/444/927 921/452/921
f 921/452/921 927/444/927 928/442/928
f 922/453/922 928/442/928 923/454/923
f 923/454/923 928/442/928 929/439/929
f 924/455/924 929/439/929 925/456/925
f 925/456/925 929/439/929 930/446/930
f 925/456/925 930/446/930 926/457/926
f 926/457/926 930/446/930 927/444/927
f 923/454/923 929/439/929 924/455/924
f 921/452/921 928/442/928 922/453/922
f 926/457/926 927/444/927 920/451/920
f 931/458/931 932/459/932 933/460/933
f 934/461/934 935/462/935 936/463/936
f 931/458/931 937/464/937 932/459/932
f 933/460/933 932/459/932 934/461/934
f 936/463/936 935/462/935 938/465/938
f 938/465/938 935/462/935 937/464/937
f 938/465/938 937/464/937 931/458/931
f 933/460/933 934/461/934 936/463/936
f 936/463/936 938/465/938 931/458/931
f 936/463/936 931/458/931 933/460/933
f 935/462/935 934/461/934 932/459/932
f 935/462/935 932/459/932 937/464/937
f 939/466/939 940/467/940 941/468/941
f 942/469/942 940/467/940 939/466/939
f 943/470/943 942/469/942 939/466/939
f 944/471/944 942/469/942 943/470/943
f 945/472/945 944/471/944 943/470/943
f 946/473/946 944/471/944 945/472/945
f 947/474/947 946/473/946 945/472/945
f 940/467/940 946/473/946 947/474/947
f 941/468/941 940/467/940 947/474/947
f 952/472/952 948/475/948 949/476/949
f 953/470/953 954/466/954 950/477/950
f 952/472/952 953/470/953 950/477/950
f 954/466/954 955/468/955 951/478/951
f 955/468/955 956/474/956 949/476/949
f 951/478/951 955/468/955 949/476/949
f 950/477/950 954/466/954 951/478/951
f 952/472/952 950/477/950 948/475/948
f 956/474/956 952/472/952 949/476/949
f 957/467/957 961/451/961 962/452/962
f 957/467/957 962/452/962 963/453/963
f 958/469/958 964/456/964 965/457/965
f 957/467/957 965/457/965 961/451/961
f 959/473/959 966/454/966 960/471/960
f 958/469/958 965/457/965 957/467/957
f 960/471/960 964/456/964 958/469/958
f 959/473/959 963/453/963 966/454/966
f 960/471/960 967/455/967 964/456/964
f 960/471/960 966/454/966 967/455/967
f 959/473/959 957/467/957 963/453/963
f 968/459/968 969/479/969 970/480/970
f 971/481/971 969/479/969 972/464/972
f 973/462/973 974/461/974 975/482/975
f 971/481/971 972/464/972 973/462/973
f 974/461/974 968/459/968 970/480/970
f 968/459/968 972/464/972 969/479/969
f 974/461/974 970/480/970 975/482/975
f 971/481/971 973/462/973 975/482/975
f 976/482/976 970/480/970 977/479/977
f 976/482/976 977/479/977 978/481/978
f 968/459/968 974/461/974 973/462/973
f 968/459/968 973/462/973 972/464/972
usemtl tex_1785_lit_w10
f 979/483/979 980/484/980 981/485/981
f 982/486/982 980/484/980 979/483/979
f 983/487/983 984/488/984 985/489/985
f 986/490/986 987/491/987 980/484/980
f 983/487/983 982/486/982 979/483/979
f 983/487/983 979/483/979 984/488/984
f 987/491/987 981/485/981 980/484/980
f 981/485/981 987/491/987 979/483/979
f 986/490/986 980/484/980 982/486/982
f 986/490/986 982/486/982 988/492/988
f 982/486/982 983/487/983 988/492/988
f 987/491/987 984/488/984 979/483/979
f 987/491/987 985/489/985 984/488/984
f 988/492/988 983/487/983 985/489/985
usemtl tex_1679_lit_w11
f 989/493/989 990/494/990 991/495/991
f 992/496/992 993/497/993 994/498/994
f 995/499/995 992/496/992 994/498/994
f 995/499/995 994/498/994 989/493/989
f 996/500/996 991/495/991 990/494/990
f 992/496/992 996/500/996 993/497/993
f 996/500/996 990/494/990 993/497/993
f 995/499/995 989/493/989 991/495/991
usemtl tex_1785_lit_w10
f 997/501/997 1001/491/1001 998/502/998
f 1002/489/1002 1001/491/1001 997/501/997
f 999/503/999 1002/489/1002 997/501/997
f 1003/492/1003 1002/489/1002 999/503/999
f 1000/504/1000 1003/492/1003 999/503/999
f 1004/490/1004 1003/492/1003 1000/504/1000
f 998/502/998 1004/490/1004 1000/504/1000
f 1001/491/1001 1004/490/1004 998/502/998
usemtl tex_1679_lit_w11
f 1005/505/1005 1013/493/1013 1006/506/1006
f 1006/506/1006 1013/493/1013 1014/498/1014
f 1007/507/1007 1014/498/1014 1008/508/1008
f 1008/508/1008 1014/498/1014 1015/497/1015
f 1009/509/1009 1015/497/1015 1010/510/1010
f 1010/510/1010 1015/497/1015 1016/494/1016
f 1011/511/1011 1016/494/1016 1013/493/1013
f 1008/508/1008 1015/497/1015 1009/509/1009
f 1010/510/1010 1016/494/1016 1011/511/1011
f 1011/511/1011 1013/493/1013 1005/505/1005
f 1006/506/1006 1014/498/1014 1007/507/1007
f 1017/512/1017 1018/513/1018 1019/514/1019
f 1020/515/1020 1021/516/1021 1022/517/1022
f 1018/513/1018 1023/518/1023 1019/514/1019
f 1022/517/1022 1018/513/1018 1017/512/1017
f 1024/519/1024 1021/516/1021 1020/515/1020
f 1023/518/1023 1021/516/1021 1024/519/1024
f 1019/514/1019 1023/518/1023 1024/519/1024
f 1020/515/1020 1022/517/1022 1017/512/1017
f 1017/512/1017 1019/514/1019 1024/519/1024
f 1017/512/1017 1024/519/1024 1020/515/1020
f 1023/518/1023 1018/513/1018 1022/517/1022
f 1023/518/1023 1022/517/1022 1021/516/1021
f 1025/520/1025 1026/521/1026 1027/522/1027
f 1028/523/1028 1026/521/1026 1025/520/1025
f 1029/524/1029 1028/523/1028 1025/520/1025
f 1030/525/1030 1028/523/1028 1029/524/1029
f 1031/526/1031 1030/525/1030 1029/524/1029
f 1032/527/1032 1030/525/1030 1031/526/1031
f 1033/528/1033 1032/527/1032 1031/526/1031
f 1026/521/1026 1032/527/1032 1033/528/1033
f 1027/522/1027 1026/521/1026 1033/528/1033
f 1038/524/1038 1039/520/1039 1034/529/1034
f 1035/530/1035 1040/526/1040 1038/524/1038
f 1035/530/1035 1041/528/1041 1040/526/1040
f 1034/529/1034 1039/520/1039 1042/522/1042
f 1036/531/1036 1035/530/1035 1038/524/1038
f 1037/532/1037 1042/522/1042 1041/528/1041
f 1034/529/1034 1042/522/1042 1037/532/1037
f 1037/532/1037 1041/528/1041 1035/530/1035
f 1036/531/1036 1038/524/1038 1034/529/1034
f 1043/523/1043 1047/509/1047 1048/510/1048
f 1044/521/1044 1048/510/1048 1049/511/1049
f 1045/527/1045 1049/511/1049 1050/505/1050
f 1044/521/1044 1049/511/1049 1045/527/1045
f 1043/523/1043 1048/510/1048 1044/521/1044
f 1046/525/1046 1051/508/1051 1043/523/1043
f 1045/527/1045 1052/506/1052 1046/525/1046
f 1045/527/1045 1050/505/1050 1052/506/1052
f 1046/525/1046 1052/506/1052 1053/507/1053
f 1046/525/1046 1053/507/1053 1051/508/1051
f 1043/523/1043 1051/508/1051 1047/509/1047
f 1054/533/1054 1055/534/1055 1056/513/1056
f 1057/518/1057 1055/534/1055 1058/535/1058
f 1059/536/1059 1060/517/1060 1061/516/1061
f 1061/516/1061 1057/518/1057 1058/535/1058
f 1054/533/1054 1056/513/1056 1060/517/1060
f 1055/534/1055 1057/518/1057 1056/513/1056
f 1059/536/1059 1054/533/1054 1060/517/1060
f 1059/536/1059 1061/516/1061 1058/535/1058
f 1062/535/1062 1063/534/1063 1054/533/1054
f 1062/535/1062 1054/533/1054 1059/536/1059
f 1057/518/1057 1061/516/1061 1060/517/1060
f 1057/518/1057 1060/517/1060 1056/513/1056
usemtl tex_2500_lit
f 1064/537/1064 1065/538/1065 1066/539/1066
f 1067/540/1067 1068/541/1068 1069/542/1069
f 1070/543/1070 1071/544/1071 1072/545/1072
f 1073/546/1073 1074/547/1074 1075/548/1075
f 1074/547/1074 1076/549/1076 1075/548/1075
f 1077/550/1077 1072/545/1072 1071/544/1071
f 1072/545/1072 1069/542/1069 1070/543/1070
f 1065/538/1065 1074/547/1074 1066/539/1066
f 1066/539/1066 1074/547/1074 1073/546/1073
f 1072/545/1072 1067/540/1067 1069/542/1069
usemtl tex_2501_lit
f 1078/551/1078 1079/552/1079 1080/553/1080
f 1081/554/1081 1082/555/1082 1083/556/1083
f 1081/554/1081 1083/556/1083 1084/557/1084
f 1085/558/1085 1078/551/1078 1080/553/1080
usemtl tex_2500_lit
f 1086/539/1086 1092/559/1092 1087/537/1087
f 1088/541/1088 1093/560/1093 1089/542/1089
f 1094/561/1094 1093/560/1093 1088/541/1088
f 1093/560/1093 1095/562/1095 1089/542/1089
f 1095/562/1095 1096/563/1096 1089/542/1089
f 1096/563/1096 1097/564/1097 1090/543/1090
f 1098/565/1098 1099/566/1099 1091/546/1091
f 1099/566/1099 1100/567/1100 1086/539/1086
f 1100/567/1100 1101/568/1101 1086/539/1086
f 1086/539/1086 1101/568/1101 1092/559/1092
f 1089/542/1089 1096/563/1096 1090/543/1090
f 1091/546/1091 1099/566/1099 1086/539/1086
usemtl tex_2501_lit
f 1102/551/1102 1106/569/1106 1103/552/1103
f 1104/555/1104 1107/570/1107 1105/556/1105
f 1108/571/1108 1107/570/1107 1104/555/1104
f 1107/570/1107 1109/572/1109 1105/556/1105
f 1110/573/1110 1106/569/1106 1102/551/1102
f 1106/569/1106 1111/574/1111 1103/552/1103
f 1112/575/1112 1113/576/1113 1114/577/1114
f 1115/578/1115 1116/579/1116 1117/580/1117
f 1115/578/1115 1117/580/1117 1118/581/1118
f 1113/576/1113 1116/579/1116 1115/578/1115
usemtl tex_2501_lit_ovl
f 1113/576/1113 1112/575/1112 1116/579/1116
usemtl tex_2501_lit
f 1118/581/1118 1117/580/1117 1114/577/1114
f 1114/577/1114 1117/580/1117 1119/582/1119
f 1119/582/1119 1112/575/1112 1114/577/1114
f 1116/579/1116 1119/582/1119 1117/580/1117
f 1116/579/1116 1112/575/1112 1119/582/1119
f 1118/581/1118 1114/577/1114 1113/576/1113
f 1118/581/1118 1113/576/1113 1115/578/1115
