mtllib Csuit_lf_handZ.mtl
v 939.0 11.0 -240.0 1.000 1.000 1.000
v 955.0 -46.0 -232.0 1.000 1.000 1.000
v 968.0 76.0 -275.0 1.000 1.000 1.000
v 1030.0 -57.0 -255.0 1.000 1.000 1.000
v 1051.0 -66.0 -326.0 1.000 1.000 1.000
v 984.0 96.0 -349.0 1.000 1.000 1.000
v 978.0 61.0 -420.0 1.000 1.000 1.000
v 1040.0 -72.0 -400.0 1.000 1.000 1.000
v 971.0 -66.0 -436.0 1.000 1.000 1.000
v 954.0 -9.0 -445.0 1.000 1.000 1.000
v 885.0 -40.0 -268.0 1.000 1.000 1.000
v 668.0 115.0 -289.0 1.000 1.000 1.000
v 939.0 11.0 -240.0 1.000 1.000 1.000
v 694.0 173.0 -320.0 1.000 1.000 1.000
v 694.0 173.0 -320.0 1.000 1.000 1.000
v 968.0 76.0 -275.0 1.000 1.000 1.000
v 694.0 173.0 -320.0 1.000 1.000 1.000
v 968.0 76.0 -275.0 1.000 1.000 1.000
v 718.0 215.0 -389.0 1.000 1.000 1.000
v 984.0 96.0 -349.0 1.000 1.000 1.000
v 703.0 160.0 -451.0 1.000 1.000 1.000
v 978.0 61.0 -420.0 1.000 1.000 1.000
v 681.0 97.0 -473.0 1.000 1.000 1.000
v 954.0 -9.0 -445.0 1.000 1.000 1.000
v 655.0 38.0 -442.0 1.000 1.000 1.000
v 925.0 -74.0 -410.0 1.000 1.000 1.000
v 646.0 51.0 -312.0 1.000 1.000 1.000
v 914.0 -60.0 -266.0 1.000 1.000 1.000
v 668.0 115.0 -289.0 1.000 1.000 1.000
v 939.0 11.0 -240.0 1.000 1.000 1.000
v 529.0 140.0 -516.0 1.000 1.000 1.000
v 562.0 220.0 -471.0 1.000 1.000 1.000
v 562.0 220.0 -471.0 1.000 1.000 1.000
v 596.0 288.0 -387.0 1.000 1.000 1.000
v 703.0 160.0 -451.0 1.000 1.000 1.000
v 718.0 215.0 -389.0 1.000 1.000 1.000
v 694.0 173.0 -320.0 1.000 1.000 1.000
v 559.0 248.0 -269.0 1.000 1.000 1.000
v 668.0 115.0 -289.0 1.000 1.000 1.000
v 1107.0 22.0 -6.0 1.000 1.000 1.000
v 1132.0 -39.0 1.0 1.000 1.000 1.000
v 1141.0 94.0 -43.0 1.000 1.000 1.000
v 1214.0 -51.0 -26.0 1.000 1.000 1.000
v 1236.0 -59.0 -106.0 1.000 1.000 1.000
v 1150.0 83.0 -204.0 1.000 1.000 1.000
v 1159.0 119.0 -125.0 1.000 1.000 1.000
v 1223.0 -62.0 -188.0 1.000 1.000 1.000
v 1145.0 -55.0 -226.0 1.000 1.000 1.000
v 1145.0 -55.0 -226.0 1.000 1.000 1.000
v 1120.0 6.0 -234.0 1.000 1.000 1.000
v 1150.0 83.0 -204.0 1.000 1.000 1.000
v 1054.0 -32.0 -37.0 1.000 1.000 1.000
v 1132.0 -39.0 1.0 1.000 1.000 1.000
v 1107.0 22.0 -6.0 1.000 1.000 1.000
v 1159.0 119.0 -125.0 1.000 1.000 1.000
v 1141.0 94.0 -43.0 1.000 1.000 1.000
v 1236.0 -59.0 -106.0 1.000 1.000 1.000
v 811.0 174.0 -13.0 1.000 1.000 1.000
v 1107.0 22.0 -6.0 1.000 1.000 1.000
v 835.0 214.0 -78.0 1.000 1.000 1.000
v 1141.0 94.0 -43.0 1.000 1.000 1.000
v 861.0 260.0 -153.0 1.000 1.000 1.000
v 1159.0 119.0 -125.0 1.000 1.000 1.000
v 844.0 204.0 -223.0 1.000 1.000 1.000
v 844.0 204.0 -223.0 1.000 1.000 1.000
v 1159.0 119.0 -125.0 1.000 1.000 1.000
v 1150.0 83.0 -204.0 1.000 1.000 1.000
v 817.0 135.0 -250.0 1.000 1.000 1.000
v 1120.0 6.0 -234.0 1.000 1.000 1.000
v 817.0 135.0 -250.0 1.000 1.000 1.000
v 1120.0 6.0 -234.0 1.000 1.000 1.000
v 787.0 70.0 -217.0 1.000 1.000 1.000
v 1087.0 -66.0 -198.0 1.000 1.000 1.000
v 778.0 80.0 -72.0 1.000 1.000 1.000
v 1077.0 -54.0 -36.0 1.000 1.000 1.000
v 811.0 174.0 -13.0 1.000 1.000 1.000
v 1107.0 22.0 -6.0 1.000 1.000 1.000
v 668.0 115.0 -289.0 1.000 1.000 1.000
v 559.0 248.0 -269.0 1.000 1.000 1.000
v 713.0 324.0 -146.0 1.000 1.000 1.000
v 861.0 260.0 -153.0 1.000 1.000 1.000
v 844.0 204.0 -223.0 1.000 1.000 1.000
v 713.0 324.0 -146.0 1.000 1.000 1.000
v 835.0 214.0 -78.0 1.000 1.000 1.000
v 637.0 281.0 -28.0 1.000 1.000 1.000
v 811.0 174.0 -13.0 1.000 1.000 1.000
v 1184.0 150.0 204.0 1.000 1.000 1.000
v 1232.0 95.0 207.0 1.000 1.000 1.000
v 1311.0 102.0 172.0 1.000 1.000 1.000
v 1196.0 229.0 167.0 1.000 1.000 1.000
v 1327.0 101.0 90.0 1.000 1.000 1.000
v 1199.0 259.0 85.0 1.000 1.000 1.000
v 1308.0 96.0 10.0 1.000 1.000 1.000
v 1192.0 223.0 6.0 1.000 1.000 1.000
v 1226.0 87.0 -21.0 1.000 1.000 1.000
v 1179.0 142.0 -25.0 1.000 1.000 1.000
v 1232.0 95.0 207.0 1.000 1.000 1.000
v 1184.0 150.0 204.0 1.000 1.000 1.000
v 1171.0 69.0 174.0 1.000 1.000 1.000
v 821.0 181.0 263.0 1.000 1.000 1.000
v 1184.0 150.0 204.0 1.000 1.000 1.000
v 833.0 277.0 192.0 1.000 1.000 1.000
v 1196.0 229.0 167.0 1.000 1.000 1.000
v 840.0 329.0 117.0 1.000 1.000 1.000
v 1199.0 259.0 85.0 1.000 1.000 1.000
v 829.0 272.0 46.0 1.000 1.000 1.000
v 1192.0 223.0 6.0 1.000 1.000 1.000
v 811.0 174.0 -13.0 1.000 1.000 1.000
v 1179.0 142.0 -25.0 1.000 1.000 1.000
v 807.0 128.0 52.0 1.000 1.000 1.000
v 1167.0 63.0 12.0 1.000 1.000 1.000
v 804.0 101.0 126.0 1.000 1.000 1.000
v 804.0 101.0 126.0 1.000 1.000 1.000
v 1167.0 63.0 12.0 1.000 1.000 1.000
v 1164.0 33.0 94.0 1.000 1.000 1.000
v 810.0 133.0 197.0 1.000 1.000 1.000
v 1171.0 69.0 174.0 1.000 1.000 1.000
v 821.0 181.0 263.0 1.000 1.000 1.000
v 1184.0 150.0 204.0 1.000 1.000 1.000
v 637.0 281.0 -28.0 1.000 1.000 1.000
v 829.0 272.0 46.0 1.000 1.000 1.000
v 811.0 174.0 -13.0 1.000 1.000 1.000
v 711.0 348.0 136.0 1.000 1.000 1.000
v 840.0 329.0 117.0 1.000 1.000 1.000
v 833.0 277.0 192.0 1.000 1.000 1.000
v 638.0 262.0 291.0 1.000 1.000 1.000
v 1213.0 -390.0 448.0 1.000 1.000 1.000
v 1360.0 -208.0 481.0 1.000 1.000 1.000
v 1177.0 -345.0 477.0 1.000 1.000 1.000
v 1396.0 -253.0 453.0 1.000 1.000 1.000
v 1217.0 -394.0 383.0 1.000 1.000 1.000
v 1400.0 -259.0 388.0 1.000 1.000 1.000
v 1212.0 -385.0 319.0 1.000 1.000 1.000
v 1395.0 -248.0 323.0 1.000 1.000 1.000
v 1176.0 -338.0 294.0 1.000 1.000 1.000
v 1359.0 -201.0 298.0 1.000 1.000 1.000
v 1158.0 -316.0 322.0 1.000 1.000 1.000
v 1323.0 -156.0 327.0 1.000 1.000 1.000
v 1144.0 -300.0 387.0 1.000 1.000 1.000
v 1309.0 -140.0 392.0 1.000 1.000 1.000
v 1159.0 -321.0 451.0 1.000 1.000 1.000
v 1324.0 -161.0 456.0 1.000 1.000 1.000
v 1141.0 -421.0 429.0 1.000 1.000 1.000
v 1141.0 -418.0 337.0 1.000 1.000 1.000
v 1213.0 -390.0 448.0 1.000 1.000 1.000
v 1217.0 -394.0 383.0 1.000 1.000 1.000
v 1212.0 -385.0 319.0 1.000 1.000 1.000
v 1177.0 -345.0 477.0 1.000 1.000 1.000
v 1159.0 -321.0 451.0 1.000 1.000 1.000
v 1176.0 -338.0 294.0 1.000 1.000 1.000
v 1158.0 -316.0 322.0 1.000 1.000 1.000
v 1144.0 -300.0 387.0 1.000 1.000 1.000
v 1396.0 -253.0 453.0 1.000 1.000 1.000
v 1379.0 -147.0 486.0 1.000 1.000 1.000
v 1360.0 -208.0 481.0 1.000 1.000 1.000
v 1435.0 -112.0 460.0 1.000 1.000 1.000
v 1400.0 -259.0 388.0 1.000 1.000 1.000
v 1444.0 -105.0 395.0 1.000 1.000 1.000
v 1444.0 -105.0 395.0 1.000 1.000 1.000
v 1400.0 -259.0 388.0 1.000 1.000 1.000
v 1395.0 -248.0 323.0 1.000 1.000 1.000
v 1434.0 -108.0 330.0 1.000 1.000 1.000
v 1379.0 -141.0 302.0 1.000 1.000 1.000
v 1359.0 -201.0 298.0 1.000 1.000 1.000
v 1324.0 -180.0 458.0 1.000 1.000 1.000
v 1360.0 -208.0 481.0 1.000 1.000 1.000
v 1379.0 -147.0 486.0 1.000 1.000 1.000
v 1208.0 133.0 519.0 1.000 1.000 1.000
v 1277.0 177.0 486.0 1.000 1.000 1.000
v 1435.0 -112.0 460.0 1.000 1.000 1.000
v 1291.0 189.0 406.0 1.000 1.000 1.000
v 1276.0 182.0 325.0 1.000 1.000 1.000
v 1207.0 141.0 290.0 1.000 1.000 1.000
v 1138.0 98.0 322.0 1.000 1.000 1.000
v 1138.0 98.0 322.0 1.000 1.000 1.000
v 1379.0 -141.0 302.0 1.000 1.000 1.000
v 1324.0 -175.0 328.0 1.000 1.000 1.000
v 1110.0 78.0 402.0 1.000 1.000 1.000
v 1301.0 -192.0 393.0 1.000 1.000 1.000
v 1139.0 92.0 484.0 1.000 1.000 1.000
v 1324.0 -180.0 458.0 1.000 1.000 1.000
v 1208.0 133.0 519.0 1.000 1.000 1.000
v 1379.0 -147.0 486.0 1.000 1.000 1.000
v 1149.0 173.0 518.0 1.000 1.000 1.000
v 1277.0 177.0 486.0 1.000 1.000 1.000
v 1143.0 255.0 487.0 1.000 1.000 1.000
v 1291.0 189.0 406.0 1.000 1.000 1.000
v 1140.0 291.0 408.0 1.000 1.000 1.000
v 1142.0 261.0 325.0 1.000 1.000 1.000
v 1276.0 182.0 325.0 1.000 1.000 1.000
v 1148.0 181.0 289.0 1.000 1.000 1.000
v 1142.0 261.0 325.0 1.000 1.000 1.000
v 1276.0 182.0 325.0 1.000 1.000 1.000
v 1207.0 141.0 290.0 1.000 1.000 1.000
v 1208.0 133.0 519.0 1.000 1.000 1.000
v 1277.0 177.0 486.0 1.000 1.000 1.000
v 1149.0 173.0 518.0 1.000 1.000 1.000
v 1155.0 94.0 482.0 1.000 1.000 1.000
v 820.0 148.0 507.0 1.000 1.000 1.000
v 1149.0 173.0 518.0 1.000 1.000 1.000
v 815.0 222.0 479.0 1.000 1.000 1.000
v 1143.0 255.0 487.0 1.000 1.000 1.000
v 810.0 280.0 408.0 1.000 1.000 1.000
v 1140.0 291.0 408.0 1.000 1.000 1.000
v 814.0 227.0 333.0 1.000 1.000 1.000
v 1142.0 261.0 325.0 1.000 1.000 1.000
v 814.0 227.0 333.0 1.000 1.000 1.000
v 1142.0 261.0 325.0 1.000 1.000 1.000
v 821.0 181.0 263.0 1.000 1.000 1.000
v 1148.0 181.0 289.0 1.000 1.000 1.000
v 825.0 82.0 328.0 1.000 1.000 1.000
v 1155.0 99.0 320.0 1.000 1.000 1.000
v 828.0 49.0 400.0 1.000 1.000 1.000
v 1158.0 63.0 400.0 1.000 1.000 1.000
v 826.0 77.0 474.0 1.000 1.000 1.000
v 1155.0 94.0 482.0 1.000 1.000 1.000
v 820.0 148.0 507.0 1.000 1.000 1.000
v 1149.0 173.0 518.0 1.000 1.000 1.000
v 638.0 262.0 291.0 1.000 1.000 1.000
v 815.0 222.0 479.0 1.000 1.000 1.000
v 643.0 208.0 528.0 1.000 1.000 1.000
v 716.0 289.0 452.0 1.000 1.000 1.000
v 810.0 280.0 408.0 1.000 1.000 1.000
v 814.0 227.0 333.0 1.000 1.000 1.000
v 638.0 262.0 291.0 1.000 1.000 1.000
v 716.0 289.0 452.0 1.000 1.000 1.000
v 815.0 222.0 479.0 1.000 1.000 1.000
v 419.0 -174.0 580.0 1.000 1.000 1.000
v 436.0 -366.0 531.0 1.000 1.000 1.000
v 537.0 -346.0 593.0 1.000 1.000 1.000
v 627.0 -279.0 619.0 1.000 1.000 1.000
v 506.0 -60.0 536.0 1.000 1.000 1.000
v 672.0 -264.0 446.0 1.000 1.000 1.000
v 535.0 -420.0 549.0 1.000 1.000 1.000
v 535.0 -420.0 549.0 1.000 1.000 1.000
v 436.0 -366.0 531.0 1.000 1.000 1.000
v 472.0 -461.0 417.0 1.000 1.000 1.000
v 622.0 -457.0 460.0 1.000 1.000 1.000
v 667.0 -443.0 400.0 1.000 1.000 1.000
v 622.0 -457.0 460.0 1.000 1.000 1.000
v 472.0 -461.0 417.0 1.000 1.000 1.000
v 494.0 -381.0 207.0 1.000 1.000 1.000
v 700.0 -380.0 371.0 1.000 1.000 1.000
v 507.0 -65.0 192.0 1.000 1.000 1.000
v 702.0 -306.0 390.0 1.000 1.000 1.000
v 657.0 49.0 518.0 1.000 1.000 1.000
v 657.0 49.0 518.0 1.000 1.000 1.000
v 672.0 -264.0 446.0 1.000 1.000 1.000
v 702.0 -306.0 390.0 1.000 1.000 1.000
v 672.0 -264.0 446.0 1.000 1.000 1.000
v 657.0 49.0 518.0 1.000 1.000 1.000
v 506.0 -60.0 536.0 1.000 1.000 1.000
v 783.0 -294.0 618.0 1.000 1.000 1.000
v 537.0 -346.0 593.0 1.000 1.000 1.000
v 767.0 -377.0 644.0 1.000 1.000 1.000
v 627.0 -279.0 619.0 1.000 1.000 1.000
v 821.0 -284.0 567.0 1.000 1.000 1.000
v 672.0 -264.0 446.0 1.000 1.000 1.000
v 816.0 -347.0 510.0 1.000 1.000 1.000
v 702.0 -306.0 390.0 1.000 1.000 1.000
v 815.0 -414.0 492.0 1.000 1.000 1.000
v 702.0 -306.0 390.0 1.000 1.000 1.000
v 816.0 -347.0 510.0 1.000 1.000 1.000
v 700.0 -380.0 371.0 1.000 1.000 1.000
v 817.0 -470.0 514.0 1.000 1.000 1.000
v 667.0 -443.0 400.0 1.000 1.000 1.000
v 776.0 -483.0 568.0 1.000 1.000 1.000
v 622.0 -457.0 460.0 1.000 1.000 1.000
v 765.0 -444.0 627.0 1.000 1.000 1.000
v 622.0 -457.0 460.0 1.000 1.000 1.000
v 776.0 -483.0 568.0 1.000 1.000 1.000
v 535.0 -420.0 549.0 1.000 1.000 1.000
v 767.0 -377.0 644.0 1.000 1.000 1.000
v 535.0 -420.0 549.0 1.000 1.000 1.000
v 765.0 -444.0 627.0 1.000 1.000 1.000
v 537.0 -346.0 593.0 1.000 1.000 1.000
v 1071.0 -450.0 591.0 1.000 1.000 1.000
v 868.0 -486.0 580.0 1.000 1.000 1.000
v 1052.0 -455.0 533.0 1.000 1.000 1.000
v 886.0 -482.0 638.0 1.000 1.000 1.000
v 1070.0 -400.0 617.0 1.000 1.000 1.000
v 888.0 -432.0 665.0 1.000 1.000 1.000
v 1065.0 -345.0 630.0 1.000 1.000 1.000
v 880.0 -355.0 677.0 1.000 1.000 1.000
v 1044.0 -305.0 589.0 1.000 1.000 1.000
v 880.0 -355.0 677.0 1.000 1.000 1.000
v 1065.0 -345.0 630.0 1.000 1.000 1.000
v 842.0 -311.0 636.0 1.000 1.000 1.000
v 987.0 -288.0 542.0 1.000 1.000 1.000
v 870.0 -285.0 577.0 1.000 1.000 1.000
v 991.0 -364.0 502.0 1.000 1.000 1.000
v 894.0 -383.0 505.0 1.000 1.000 1.000
v 1041.0 -424.0 516.0 1.000 1.000 1.000
v 847.0 -447.0 538.0 1.000 1.000 1.000
v 1052.0 -455.0 533.0 1.000 1.000 1.000
v 868.0 -486.0 580.0 1.000 1.000 1.000
v 1098.0 -420.0 558.0 1.000 1.000 1.000
v 1085.0 -320.0 586.0 1.000 1.000 1.000
v 1071.0 -450.0 591.0 1.000 1.000 1.000
v 1070.0 -400.0 617.0 1.000 1.000 1.000
v 765.0 -444.0 627.0 1.000 1.000 1.000
v 776.0 -483.0 568.0 1.000 1.000 1.000
v 868.0 -486.0 580.0 1.000 1.000 1.000
v 886.0 -482.0 638.0 1.000 1.000 1.000
v 886.0 -482.0 638.0 1.000 1.000 1.000
v 888.0 -432.0 665.0 1.000 1.000 1.000
v 765.0 -444.0 627.0 1.000 1.000 1.000
v 880.0 -355.0 677.0 1.000 1.000 1.000
v 767.0 -377.0 644.0 1.000 1.000 1.000
v 817.0 -470.0 514.0 1.000 1.000 1.000
v 847.0 -447.0 538.0 1.000 1.000 1.000
v 815.0 -414.0 492.0 1.000 1.000 1.000
v 842.0 -311.0 636.0 1.000 1.000 1.000
v 783.0 -294.0 618.0 1.000 1.000 1.000
v 870.0 -285.0 577.0 1.000 1.000 1.000
v 821.0 -284.0 567.0 1.000 1.000 1.000
v 870.0 -285.0 577.0 1.000 1.000 1.000
v 894.0 -383.0 505.0 1.000 1.000 1.000
v 816.0 -347.0 510.0 1.000 1.000 1.000
v 894.0 -383.0 505.0 1.000 1.000 1.000
v 815.0 -414.0 492.0 1.000 1.000 1.000
v 816.0 -347.0 510.0 1.000 1.000 1.000
v 847.0 -447.0 538.0 1.000 1.000 1.000
v 815.0 -414.0 492.0 1.000 1.000 1.000
v 894.0 -383.0 505.0 1.000 1.000 1.000
v 783.0 -294.0 618.0 1.000 1.000 1.000
v 811.0 174.0 -13.0 1.000 1.000 1.000
v 811.0 174.0 -13.0 1.000 1.000 1.000
v 811.0 174.0 -13.0 1.000 1.000 1.000
v 637.0 281.0 -28.0 1.000 1.000 1.000
v 820.0 148.0 507.0 1.000 1.000 1.000
v 643.0 208.0 528.0 1.000 1.000 1.000
v 531.0 116.0 563.0 1.000 1.000 1.000
v 820.0 148.0 507.0 1.000 1.000 1.000
v 531.0 116.0 563.0 1.000 1.000 1.000
v 657.0 49.0 518.0 1.000 1.000 1.000
v 826.0 77.0 474.0 1.000 1.000 1.000
v 444.0 190.0 528.0 1.000 1.000 1.000
v 277.0 144.0 488.0 1.000 1.000 1.000
v 284.0 62.0 523.0 1.000 1.000 1.000
v 451.0 109.0 563.0 1.000 1.000 1.000
v 272.0 196.0 291.0 1.000 1.000 1.000
v 440.0 235.0 451.0 1.000 1.000 1.000
v 439.0 244.0 291.0 1.000 1.000 1.000
v 435.0 293.0 134.0 1.000 1.000 1.000
v 271.0 215.0 -28.0 1.000 1.000 1.000
v 435.0 293.0 134.0 1.000 1.000 1.000
v 438.0 263.0 -28.0 1.000 1.000 1.000
v 271.0 215.0 -28.0 1.000 1.000 1.000
v 273.0 189.0 -269.0 1.000 1.000 1.000
v 437.0 270.0 -147.0 1.000 1.000 1.000
v 440.0 238.0 -269.0 1.000 1.000 1.000
v 439.0 245.0 -389.0 1.000 1.000 1.000
v 276.0 159.0 -431.0 1.000 1.000 1.000
v 442.0 210.0 -471.0 1.000 1.000 1.000
v 282.0 82.0 -476.0 1.000 1.000 1.000
v 449.0 133.0 -516.0 1.000 1.000 1.000
v 529.0 140.0 -516.0 1.000 1.000 1.000
v 562.0 220.0 -471.0 1.000 1.000 1.000
v 596.0 288.0 -387.0 1.000 1.000 1.000
v 559.0 248.0 -269.0 1.000 1.000 1.000
v 713.0 324.0 -146.0 1.000 1.000 1.000
v 438.0 263.0 -28.0 1.000 1.000 1.000
v 637.0 281.0 -28.0 1.000 1.000 1.000
v 713.0 324.0 -146.0 1.000 1.000 1.000
v 435.0 293.0 134.0 1.000 1.000 1.000
v 711.0 348.0 136.0 1.000 1.000 1.000
v 439.0 244.0 291.0 1.000 1.000 1.000
v 638.0 262.0 291.0 1.000 1.000 1.000
v 440.0 235.0 451.0 1.000 1.000 1.000
v 444.0 190.0 528.0 1.000 1.000 1.000
v 716.0 289.0 452.0 1.000 1.000 1.000
v 643.0 208.0 528.0 1.000 1.000 1.000
v 451.0 109.0 563.0 1.000 1.000 1.000
v 531.0 116.0 563.0 1.000 1.000 1.000
v 506.0 -60.0 536.0 1.000 1.000 1.000
v 531.0 116.0 563.0 1.000 1.000 1.000
v 451.0 109.0 563.0 1.000 1.000 1.000
v 506.0 -60.0 536.0 1.000 1.000 1.000
v 657.0 49.0 518.0 1.000 1.000 1.000
v 531.0 116.0 563.0 1.000 1.000 1.000
v 449.0 133.0 -516.0 1.000 1.000 1.000
v 456.0 51.0 -481.0 1.000 1.000 1.000
v 290.0 0.0 -441.0 1.000 1.000 1.000
v 282.0 82.0 -476.0 1.000 1.000 1.000
v 576.0 61.0 -481.0 1.000 1.000 1.000
v 529.0 140.0 -516.0 1.000 1.000 1.000
v 451.0 109.0 563.0 1.000 1.000 1.000
v 284.0 62.0 523.0 1.000 1.000 1.000
v 279.0 -56.0 522.0 1.000 1.000 1.000
v 145.0 -279.0 451.0 1.000 1.000 1.000
v 419.0 -174.0 580.0 1.000 1.000 1.000
v 436.0 -366.0 531.0 1.000 1.000 1.000
v 436.0 -366.0 531.0 1.000 1.000 1.000
v 145.0 -279.0 451.0 1.000 1.000 1.000
v 181.0 -409.0 270.0 1.000 1.000 1.000
v 472.0 -461.0 417.0 1.000 1.000 1.000
v 494.0 -381.0 207.0 1.000 1.000 1.000
v 272.0 -105.0 -84.0 1.000 1.000 1.000
v 459.0 23.0 -2.0 1.000 1.000 1.000
v 482.0 -24.0 26.0 1.000 1.000 1.000
v 716.0 289.0 452.0 1.000 1.000 1.000
v 638.0 262.0 291.0 1.000 1.000 1.000
v 440.0 235.0 451.0 1.000 1.000 1.000
v 435.0 293.0 134.0 1.000 1.000 1.000
v 272.0 196.0 291.0 1.000 1.000 1.000
v 439.0 244.0 291.0 1.000 1.000 1.000
v 31.0 162.0 114.0 1.000 1.000 1.000
v 271.0 215.0 -28.0 1.000 1.000 1.000
v 30.0 172.0 -65.0 1.000 1.000 1.000
v 31.0 162.0 114.0 1.000 1.000 1.000
v 271.0 215.0 -28.0 1.000 1.000 1.000
v 272.0 196.0 291.0 1.000 1.000 1.000
v 27.0 151.0 291.0 1.000 1.000 1.000
v 32.0 143.0 -247.0 1.000 1.000 1.000
v 273.0 189.0 -269.0 1.000 1.000 1.000
v 276.0 159.0 -431.0 1.000 1.000 1.000
v 48.0 -41.0 -374.0 1.000 1.000 1.000
v 282.0 82.0 -476.0 1.000 1.000 1.000
v 55.0 -121.0 -379.0 1.000 1.000 1.000
v 48.0 -41.0 -374.0 1.000 1.000 1.000
v 282.0 82.0 -476.0 1.000 1.000 1.000
v 290.0 0.0 -441.0 1.000 1.000 1.000
v 63.0 -204.0 -323.0 1.000 1.000 1.000
v 84.0 -368.0 -149.0 1.000 1.000 1.000
v 272.0 -105.0 -84.0 1.000 1.000 1.000
v 59.0 -386.0 74.0 1.000 1.000 1.000
v 181.0 -409.0 270.0 1.000 1.000 1.000
v 145.0 -279.0 451.0 1.000 1.000 1.000
v 66.0 -243.0 334.0 1.000 1.000 1.000
v 66.0 -243.0 334.0 1.000 1.000 1.000
v 145.0 -279.0 451.0 1.000 1.000 1.000
v 55.0 -20.0 399.0 1.000 1.000 1.000
v 279.0 -56.0 522.0 1.000 1.000 1.000
v 284.0 62.0 523.0 1.000 1.000 1.000
v 49.0 78.0 404.0 1.000 1.000 1.000
v 55.0 -20.0 399.0 1.000 1.000 1.000
v 284.0 62.0 523.0 1.000 1.000 1.000
v 277.0 144.0 488.0 1.000 1.000 1.000
v 272.0 196.0 291.0 1.000 1.000 1.000
v 27.0 151.0 291.0 1.000 1.000 1.000
v 49.0 78.0 404.0 1.000 1.000 1.000
v 272.0 196.0 291.0 1.000 1.000 1.000
v 273.0 189.0 -269.0 1.000 1.000 1.000
v 30.0 172.0 -65.0 1.000 1.000 1.000
v 271.0 215.0 -28.0 1.000 1.000 1.000
v -202.0 72.0 257.0 1.000 1.000 1.000
v -191.0 -54.0 351.0 1.000 1.000 1.000
v 31.0 162.0 114.0 1.000 1.000 1.000
v -207.0 125.0 32.0 1.000 1.000 1.000
v -202.0 72.0 -194.0 1.000 1.000 1.000
v 32.0 143.0 -247.0 1.000 1.000 1.000
v 48.0 -41.0 -374.0 1.000 1.000 1.000
v 55.0 -121.0 -379.0 1.000 1.000 1.000
v -191.0 -54.0 -288.0 1.000 1.000 1.000
v -202.0 72.0 -194.0 1.000 1.000 1.000
v -191.0 -54.0 -288.0 1.000 1.000 1.000
v 55.0 -121.0 -379.0 1.000 1.000 1.000
v 63.0 -204.0 -323.0 1.000 1.000 1.000
v -180.0 -181.0 -194.0 1.000 1.000 1.000
v 84.0 -368.0 -149.0 1.000 1.000 1.000
v -258.0 -273.0 32.0 1.000 1.000 1.000
v 59.0 -386.0 74.0 1.000 1.000 1.000
v -180.0 -181.0 257.0 1.000 1.000 1.000
v 66.0 -243.0 334.0 1.000 1.000 1.000
v 55.0 -20.0 399.0 1.000 1.000 1.000
v -180.0 -181.0 257.0 1.000 1.000 1.000
v 66.0 -243.0 334.0 1.000 1.000 1.000
v -191.0 -54.0 351.0 1.000 1.000 1.000
v 55.0 -20.0 399.0 1.000 1.000 1.000
v -191.0 -54.0 351.0 1.000 1.000 1.000
v 55.0 -20.0 399.0 1.000 1.000 1.000
v 49.0 78.0 404.0 1.000 1.000 1.000
v 55.0 -121.0 -379.0 1.000 1.000 1.000
v -202.0 72.0 -194.0 1.000 1.000 1.000
v 48.0 -41.0 -374.0 1.000 1.000 1.000
v -942.0 -310.0 -120.0 1.000 1.000 1.000
v -180.0 -181.0 -194.0 1.000 1.000 1.000
v -258.0 -273.0 32.0 1.000 1.000 1.000
v -938.0 -373.0 32.0 1.000 1.000 1.000
v -945.0 -280.0 -232.0 1.000 1.000 1.000
v -950.0 -185.0 -295.0 1.000 1.000 1.000
v -191.0 -54.0 -288.0 1.000 1.000 1.000
v -953.0 -112.0 -341.0 1.000 1.000 1.000
v -942.0 -207.0 308.0 1.000 1.000 1.000
v -180.0 -181.0 257.0 1.000 1.000 1.000
v -191.0 -54.0 351.0 1.000 1.000 1.000
v -946.0 -112.0 372.0 1.000 1.000 1.000
v -939.0 -279.0 295.0 1.000 1.000 1.000
v -938.0 -345.0 134.0 1.000 1.000 1.000
v -180.0 -181.0 257.0 1.000 1.000 1.000
v -939.0 -279.0 295.0 1.000 1.000 1.000
v -1217.0 -112.0 542.0 1.000 1.000 1.000
v -1199.0 -403.0 431.0 1.000 1.000 1.000
v -635.0 -102.0 405.0 1.000 1.000 1.000
v -627.0 -212.0 341.0 1.000 1.000 1.000
v -619.0 -237.0 -258.0 1.000 1.000 1.000
v -1217.0 -112.0 -559.0 1.000 1.000 1.000
v -634.0 -102.0 -370.0 1.000 1.000 1.000
v -1192.0 -480.0 21.0 1.000 1.000 1.000
v -619.0 -322.0 285.0 1.000 1.000 1.000
v -1199.0 -403.0 -390.0 1.000 1.000 1.000
v -613.0 -377.0 14.0 1.000 1.000 1.000
v -946.0 -112.0 372.0 1.000 1.000 1.000
v -191.0 -54.0 351.0 1.000 1.000 1.000
v -949.0 -40.0 359.0 1.000 1.000 1.000
v -202.0 72.0 257.0 1.000 1.000 1.000
v -954.0 55.0 295.0 1.000 1.000 1.000
v -954.0 55.0 295.0 1.000 1.000 1.000
v -202.0 72.0 257.0 1.000 1.000 1.000
v -958.0 121.0 186.0 1.000 1.000 1.000
v -207.0 125.0 32.0 1.000 1.000 1.000
v -961.0 160.0 32.0 1.000 1.000 1.000
v -960.0 94.0 -77.0 1.000 1.000 1.000
v -202.0 72.0 -194.0 1.000 1.000 1.000
v -960.0 55.0 -231.0 1.000 1.000 1.000
v -957.0 -18.0 -277.0 1.000 1.000 1.000
v -191.0 -54.0 -288.0 1.000 1.000 1.000
v -953.0 -112.0 -341.0 1.000 1.000 1.000
v -642.0 30.0 366.0 1.000 1.000 1.000
v -649.0 134.0 285.0 1.000 1.000 1.000
v -1217.0 -112.0 542.0 1.000 1.000 1.000
v -1217.0 -112.0 -559.0 1.000 1.000 1.000
v -1235.0 213.0 -380.0 1.000 1.000 1.000
v -634.0 -102.0 -370.0 1.000 1.000 1.000
v -649.0 134.0 -258.0 1.000 1.000 1.000
v -642.0 30.0 366.0 1.000 1.000 1.000
v -1217.0 -112.0 542.0 1.000 1.000 1.000
v -635.0 -102.0 405.0 1.000 1.000 1.000
v -1235.0 201.0 431.0 1.000 1.000 1.000
v -649.0 134.0 285.0 1.000 1.000 1.000
v -655.0 190.0 14.0 1.000 1.000 1.000
v -1243.0 300.0 37.0 1.000 1.000 1.000
v -1192.0 -480.0 21.0 1.000 1.000 1.000
v -1510.0 -490.0 16.0 1.000 1.000 1.000
v -1510.0 -471.0 -98.0 1.000 1.000 1.000
v -1199.0 -403.0 431.0 1.000 1.000 1.000
v -1421.0 -434.0 290.0 1.000 1.000 1.000
v -1421.0 -434.0 290.0 1.000 1.000 1.000
v -1199.0 -403.0 431.0 1.000 1.000 1.000
v -1423.0 -415.0 404.0 1.000 1.000 1.000
v -1217.0 -112.0 542.0 1.000 1.000 1.000
v -1437.0 -203.0 485.0 1.000 1.000 1.000
v -1443.0 -116.0 533.0 1.000 1.000 1.000
v -1199.0 -403.0 -390.0 1.000 1.000 1.000
v -1518.0 -328.0 -445.0 1.000 1.000 1.000
v -1415.0 -116.0 -632.0 1.000 1.000 1.000
v -1217.0 -112.0 -559.0 1.000 1.000 1.000
v -1513.0 -415.0 -397.0 1.000 1.000 1.000
v -1192.0 -480.0 21.0 1.000 1.000 1.000
v -1510.0 -471.0 -98.0 1.000 1.000 1.000
v -1421.0 -18.0 -583.0 1.000 1.000 1.000
v -1552.0 217.0 -390.0 1.000 1.000 1.000
v -1235.0 213.0 -380.0 1.000 1.000 1.000
v -1555.0 245.0 -272.0 1.000 1.000 1.000
v -1235.0 213.0 -380.0 1.000 1.000 1.000
v -1552.0 217.0 -390.0 1.000 1.000 1.000
v -1560.0 307.0 28.0 1.000 1.000 1.000
v -1243.0 300.0 37.0 1.000 1.000 1.000
v -1558.0 265.0 152.0 1.000 1.000 1.000
v -1461.0 193.0 409.0 1.000 1.000 1.000
v -1235.0 201.0 431.0 1.000 1.000 1.000
v -1456.0 110.0 452.0 1.000 1.000 1.000
v -1217.0 -112.0 542.0 1.000 1.000 1.000
v -1443.0 -116.0 533.0 1.000 1.000 1.000
v -1510.0 -471.0 -98.0 1.000 1.000 1.000
v -1920.0 -460.0 -250.0 1.000 1.000 1.000
v -1785.0 -430.0 -396.0 1.000 1.000 1.000
v -1513.0 -415.0 -397.0 1.000 1.000 1.000
v -1797.0 -230.0 -506.0 1.000 1.000 1.000
v -1518.0 -328.0 -445.0 1.000 1.000 1.000
v -1513.0 -415.0 -397.0 1.000 1.000 1.000
v -1785.0 -430.0 -396.0 1.000 1.000 1.000
v -1804.0 -121.0 -569.0 1.000 1.000 1.000
v -1415.0 -116.0 -632.0 1.000 1.000 1.000
v -1443.0 -116.0 533.0 1.000 1.000 1.000
v -2104.0 -121.0 668.0 1.000 1.000 1.000
v -2091.0 -319.0 559.0 1.000 1.000 1.000
v -1437.0 -203.0 485.0 1.000 1.000 1.000
v -1925.0 -430.0 428.0 1.000 1.000 1.000
v -1423.0 -415.0 404.0 1.000 1.000 1.000
v -1921.0 -473.0 168.0 1.000 1.000 1.000
v -1421.0 -434.0 290.0 1.000 1.000 1.000
v -1918.0 -503.0 11.0 1.000 1.000 1.000
v -1510.0 -490.0 16.0 1.000 1.000 1.000
v -1510.0 -490.0 16.0 1.000 1.000 1.000
v -1918.0 -503.0 11.0 1.000 1.000 1.000
v -1920.0 -460.0 -250.0 1.000 1.000 1.000
v -1510.0 -471.0 -98.0 1.000 1.000 1.000
v -1456.0 110.0 452.0 1.000 1.000 1.000
v -2111.0 -6.0 626.0 1.000 1.000 1.000
v -2104.0 -121.0 668.0 1.000 1.000 1.000
v -1443.0 -116.0 533.0 1.000 1.000 1.000
v -1461.0 193.0 409.0 1.000 1.000 1.000
v -2123.0 184.0 530.0 1.000 1.000 1.000
v -1558.0 265.0 152.0 1.000 1.000 1.000
v -1965.0 220.0 300.0 1.000 1.000 1.000
v -1560.0 307.0 28.0 1.000 1.000 1.000
v -1970.0 317.0 16.0 1.000 1.000 1.000
v -1555.0 245.0 -272.0 1.000 1.000 1.000
v -1967.0 286.0 -132.0 1.000 1.000 1.000
v -1967.0 286.0 -132.0 1.000 1.000 1.000
v -1555.0 245.0 -272.0 1.000 1.000 1.000
v -1552.0 217.0 -390.0 1.000 1.000 1.000
v -1826.0 222.0 -392.0 1.000 1.000 1.000
v -1421.0 -18.0 -583.0 1.000 1.000 1.000
v -1819.0 104.0 -457.0 1.000 1.000 1.000
v -1415.0 -116.0 -632.0 1.000 1.000 1.000
v -1804.0 -121.0 -569.0 1.000 1.000 1.000
v -1920.0 -460.0 -250.0 1.000 1.000 1.000
v -3668.0 -447.0 -348.0 1.000 1.000 1.000
v -1785.0 -430.0 -396.0 1.000 1.000 1.000
v -3668.0 -127.0 -537.0 1.000 1.000 1.000
v -1797.0 -230.0 -506.0 1.000 1.000 1.000
v -2104.0 -121.0 668.0 1.000 1.000 1.000
v -3668.0 -127.0 752.0 1.000 1.000 1.000
v -3668.0 -447.0 564.0 1.000 1.000 1.000
v -2104.0 -121.0 668.0 1.000 1.000 1.000
v -3668.0 -447.0 564.0 1.000 1.000 1.000
v -2091.0 -319.0 559.0 1.000 1.000 1.000
v -1925.0 -430.0 428.0 1.000 1.000 1.000
v -3668.0 -518.0 108.0 1.000 1.000 1.000
v -1921.0 -473.0 168.0 1.000 1.000 1.000
v -1918.0 -503.0 11.0 1.000 1.000 1.000
v -3668.0 -447.0 -348.0 1.000 1.000 1.000
v -1920.0 -460.0 -250.0 1.000 1.000 1.000
v -2111.0 -6.0 626.0 1.000 1.000 1.000
v -3668.0 -127.0 752.0 1.000 1.000 1.000
v -3668.0 174.0 586.0 1.000 1.000 1.000
v -2123.0 184.0 530.0 1.000 1.000 1.000
v -1965.0 220.0 300.0 1.000 1.000 1.000
v -3668.0 326.0 108.0 1.000 1.000 1.000
v -1970.0 317.0 16.0 1.000 1.000 1.000
v -1967.0 286.0 -132.0 1.000 1.000 1.000
v -3668.0 326.0 108.0 1.000 1.000 1.000
v -1970.0 317.0 16.0 1.000 1.000 1.000
v -3668.0 227.0 -346.0 1.000 1.000 1.000
v -1826.0 222.0 -392.0 1.000 1.000 1.000
v -1819.0 104.0 -457.0 1.000 1.000 1.000
v -3668.0 -127.0 -537.0 1.000 1.000 1.000
v -1804.0 -121.0 -569.0 1.000 1.000 1.000
v -627.0 -230.0 428.0 1.000 1.000 1.000
v -1175.0 -374.0 366.0 1.000 1.000 1.000
v -619.0 -367.0 358.0 1.000 1.000 1.000
v -1175.0 -101.0 462.0 1.000 1.000 1.000
v -634.0 -93.0 439.0 1.000 1.000 1.000
v -619.0 -262.0 -320.0 1.000 1.000 1.000
v -1175.0 -104.0 -453.0 1.000 1.000 1.000
v -634.0 -93.0 -460.0 1.000 1.000 1.000
v -1175.0 -438.0 27.0 1.000 1.000 1.000
v -1175.0 -374.0 -312.0 1.000 1.000 1.000
v -613.0 -437.0 19.0 1.000 1.000 1.000
v -938.0 -373.0 32.0 1.000 1.000 1.000
v -258.0 -273.0 32.0 1.000 1.000 1.000
v -938.0 -345.0 134.0 1.000 1.000 1.000
v -180.0 -181.0 257.0 1.000 1.000 1.000
v -939.0 -279.0 295.0 1.000 1.000 1.000
v -939.0 -279.0 295.0 1.000 1.000 1.000
v -180.0 -181.0 257.0 1.000 1.000 1.000
v -942.0 -207.0 308.0 1.000 1.000 1.000
v -191.0 -54.0 351.0 1.000 1.000 1.000
v -946.0 -112.0 372.0 1.000 1.000 1.000
v -949.0 -40.0 359.0 1.000 1.000 1.000
v -202.0 72.0 257.0 1.000 1.000 1.000
v -954.0 55.0 295.0 1.000 1.000 1.000
v -958.0 121.0 186.0 1.000 1.000 1.000
v -207.0 125.0 32.0 1.000 1.000 1.000
v -961.0 160.0 32.0 1.000 1.000 1.000
v -960.0 94.0 -77.0 1.000 1.000 1.000
v -202.0 72.0 -194.0 1.000 1.000 1.000
v -960.0 55.0 -231.0 1.000 1.000 1.000
v -957.0 -18.0 -277.0 1.000 1.000 1.000
v -191.0 -54.0 -288.0 1.000 1.000 1.000
v -957.0 -18.0 -277.0 1.000 1.000 1.000
v -191.0 -54.0 -288.0 1.000 1.000 1.000
v -953.0 -112.0 -341.0 1.000 1.000 1.000
v -953.0 -112.0 -341.0 1.000 1.000 1.000
v -191.0 -54.0 -288.0 1.000 1.000 1.000
v -950.0 -185.0 -295.0 1.000 1.000 1.000
v -180.0 -181.0 -194.0 1.000 1.000 1.000
v -945.0 -280.0 -232.0 1.000 1.000 1.000
v -942.0 -310.0 -120.0 1.000 1.000 1.000
v -258.0 -273.0 32.0 1.000 1.000 1.000
v -938.0 -373.0 32.0 1.000 1.000 1.000
v -1175.0 -104.0 -453.0 1.000 1.000 1.000
v -1175.0 73.0 -312.0 1.000 1.000 1.000
v -634.0 -93.0 -460.0 1.000 1.000 1.000
v -649.0 203.0 -320.0 1.000 1.000 1.000
v -642.0 55.0 428.0 1.000 1.000 1.000
v -649.0 203.0 358.0 1.000 1.000 1.000
v -1175.0 -101.0 462.0 1.000 1.000 1.000
v -634.0 -93.0 439.0 1.000 1.000 1.000
v -1175.0 73.0 366.0 1.000 1.000 1.000
v -655.0 273.0 19.0 1.000 1.000 1.000
v -1175.0 265.0 27.0 1.000 1.000 1.000
v -649.0 203.0 -320.0 1.000 1.000 1.000
v -1175.0 73.0 -312.0 1.000 1.000 1.000
v -785.0 -480.0 13.0 1.000 1.000 1.000
v -3707.0 -460.0 2.0 1.000 1.000 1.000
v -3707.0 -396.0 -421.0 1.000 1.000 1.000
v -798.0 -403.0 385.0 1.000 1.000 1.000
v -3707.0 -396.0 424.0 1.000 1.000 1.000
v -813.0 -257.0 463.0 1.000 1.000 1.000
v -828.0 -112.0 487.0 1.000 1.000 1.000
v -828.0 -112.0 487.0 1.000 1.000 1.000
v -3707.0 -104.0 599.0 1.000 1.000 1.000
v -3707.0 -396.0 424.0 1.000 1.000 1.000
v -844.0 44.0 463.0 1.000 1.000 1.000
v -859.0 201.0 385.0 1.000 1.000 1.000
v -3707.0 94.0 424.0 1.000 1.000 1.000
v -872.0 300.0 28.0 1.000 1.000 1.000
v -3707.0 307.0 2.0 1.000 1.000 1.000
v -859.0 213.0 -351.0 1.000 1.000 1.000
v -3707.0 94.0 -421.0 1.000 1.000 1.000
v -828.0 -112.0 -515.0 1.000 1.000 1.000
v -3707.0 -104.0 -596.0 1.000 1.000 1.000
v -798.0 -403.0 -360.0 1.000 1.000 1.000
v -3707.0 -396.0 -421.0 1.000 1.000 1.000
v -785.0 -480.0 13.0 1.000 1.000 1.000
v -627.0 -230.0 428.0 1.000 1.000 1.000
v -1175.0 -374.0 366.0 1.000 1.000 1.000
v -619.0 -367.0 358.0 1.000 1.000 1.000
v -1175.0 -101.0 462.0 1.000 1.000 1.000
v -634.0 -93.0 439.0 1.000 1.000 1.000
v -619.0 -262.0 -320.0 1.000 1.000 1.000
v -1175.0 -104.0 -453.0 1.000 1.000 1.000
v -634.0 -93.0 -460.0 1.000 1.000 1.000
v -1175.0 -438.0 27.0 1.000 1.000 1.000
v -1175.0 -374.0 -312.0 1.000 1.000 1.000
v -613.0 -437.0 19.0 1.000 1.000 1.000
v -938.0 -373.0 32.0 1.000 1.000 1.000
v -258.0 -273.0 32.0 1.000 1.000 1.000
v -938.0 -345.0 134.0 1.000 1.000 1.000
v -180.0 -181.0 257.0 1.000 1.000 1.000
v -939.0 -279.0 295.0 1.000 1.000 1.000
v -939.0 -279.0 295.0 1.000 1.000 1.000
v -180.0 -181.0 257.0 1.000 1.000 1.000
v -942.0 -207.0 308.0 1.000 1.000 1.000
v -191.0 -54.0 351.0 1.000 1.000 1.000
v -946.0 -112.0 372.0 1.000 1.000 1.000
v -949.0 -40.0 359.0 1.000 1.000 1.000
v -202.0 72.0 257.0 1.000 1.000 1.000
v -954.0 55.0 295.0 1.000 1.000 1.000
v -958.0 121.0 186.0 1.000 1.000 1.000
v -207.0 125.0 32.0 1.000 1.000 1.000
v -961.0 160.0 32.0 1.000 1.000 1.000
v -960.0 94.0 -77.0 1.000 1.000 1.000
v -202.0 72.0 -194.0 1.000 1.000 1.000
v -960.0 55.0 -231.0 1.000 1.000 1.000
v -957.0 -18.0 -277.0 1.000 1.000 1.000
v -191.0 -54.0 -288.0 1.000 1.000 1.000
v -957.0 -18.0 -277.0 1.000 1.000 1.000
v -191.0 -54.0 -288.0 1.000 1.000 1.000
v -953.0 -112.0 -341.0 1.000 1.000 1.000
v -953.0 -112.0 -341.0 1.000 1.000 1.000
v -191.0 -54.0 -288.0 1.000 1.000 1.000
v -950.0 -185.0 -295.0 1.000 1.000 1.000
v -180.0 -181.0 -194.0 1.000 1.000 1.000
v -945.0 -280.0 -232.0 1.000 1.000 1.000
v -942.0 -310.0 -120.0 1.000 1.000 1.000
v -258.0 -273.0 32.0 1.000 1.000 1.000
v -938.0 -373.0 32.0 1.000 1.000 1.000
v -1175.0 -104.0 -453.0 1.000 1.000 1.000
v -1175.0 73.0 -312.0 1.000 1.000 1.000
v -634.0 -93.0 -460.0 1.000 1.000 1.000
v -649.0 203.0 -320.0 1.000 1.000 1.000
v -642.0 55.0 428.0 1.000 1.000 1.000
v -649.0 203.0 358.0 1.000 1.000 1.000
v -1175.0 -101.0 462.0 1.000 1.000 1.000
v -634.0 -93.0 439.0 1.000 1.000 1.000
v -1175.0 73.0 366.0 1.000 1.000 1.000
v -655.0 273.0 19.0 1.000 1.000 1.000
v -1175.0 265.0 27.0 1.000 1.000 1.000
v -649.0 203.0 -320.0 1.000 1.000 1.000
v -1175.0 73.0 -312.0 1.000 1.000 1.000
v -798.0 -403.0 385.0 1.000 1.000 1.000
v -3707.0 -460.0 2.0 1.000 1.000 1.000
v -785.0 -480.0 13.0 1.000 1.000 1.000
v -3707.0 -396.0 424.0 1.000 1.000 1.000
v -813.0 -257.0 463.0 1.000 1.000 1.000
v -828.0 -112.0 487.0 1.000 1.000 1.000
v -3707.0 -104.0 599.0 1.000 1.000 1.000
v -844.0 44.0 463.0 1.000 1.000 1.000
v -3707.0 -104.0 599.0 1.000 1.000 1.000
v -828.0 -112.0 487.0 1.000 1.000 1.000
v -859.0 201.0 385.0 1.000 1.000 1.000
v -3707.0 94.0 424.0 1.000 1.000 1.000
v -872.0 300.0 28.0 1.000 1.000 1.000
v -3707.0 307.0 2.0 1.000 1.000 1.000
v -859.0 213.0 -351.0 1.000 1.000 1.000
v -3707.0 94.0 -421.0 1.000 1.000 1.000
v -828.0 -112.0 -515.0 1.000 1.000 1.000
v -3707.0 -104.0 -596.0 1.000 1.000 1.000
v -798.0 -403.0 -360.0 1.000 1.000 1.000
v -3707.0 -396.0 -421.0 1.000 1.000 1.000
v -785.0 -480.0 13.0 1.000 1.000 1.000
v -3707.0 -460.0 2.0 1.000 1.000 1.000
v -627.0 -230.0 428.0 1.000 1.000 1.000
v -1175.0 -374.0 366.0 1.000 1.000 1.000
v -619.0 -367.0 358.0 1.000 1.000 1.000
v -1175.0 -101.0 462.0 1.000 1.000 1.000
v -634.0 -93.0 439.0 1.000 1.000 1.000
v -619.0 -262.0 -320.0 1.000 1.000 1.000
v -1175.0 -104.0 -453.0 1.000 1.000 1.000
v -634.0 -93.0 -460.0 1.000 1.000 1.000
v -1175.0 -438.0 27.0 1.000 1.000 1.000
v -1175.0 -374.0 -312.0 1.000 1.000 1.000
v -613.0 -437.0 19.0 1.000 1.000 1.000
v -938.0 -373.0 32.0 1.000 1.000 1.000
v -258.0 -273.0 32.0 1.000 1.000 1.000
v -938.0 -345.0 134.0 1.000 1.000 1.000
v -180.0 -181.0 257.0 1.000 1.000 1.000
v -939.0 -279.0 295.0 1.000 1.000 1.000
v -939.0 -279.0 295.0 1.000 1.000 1.000
v -180.0 -181.0 257.0 1.000 1.000 1.000
v -942.0 -207.0 308.0 1.000 1.000 1.000
v -191.0 -54.0 351.0 1.000 1.000 1.000
v -946.0 -112.0 372.0 1.000 1.000 1.000
v -949.0 -40.0 359.0 1.000 1.000 1.000
v -202.0 72.0 257.0 1.000 1.000 1.000
v -954.0 55.0 295.0 1.000 1.000 1.000
v -958.0 121.0 186.0 1.000 1.000 1.000
v -207.0 125.0 32.0 1.000 1.000 1.000
v -961.0 160.0 32.0 1.000 1.000 1.000
v -960.0 94.0 -77.0 1.000 1.000 1.000
v -202.0 72.0 -194.0 1.000 1.000 1.000
v -960.0 55.0 -231.0 1.000 1.000 1.000
v -957.0 -18.0 -277.0 1.000 1.000 1.000
v -191.0 -54.0 -288.0 1.000 1.000 1.000
v -957.0 -18.0 -277.0 1.000 1.000 1.000
v -191.0 -54.0 -288.0 1.000 1.000 1.000
v -953.0 -112.0 -341.0 1.000 1.000 1.000
v -953.0 -112.0 -341.0 1.000 1.000 1.000
v -191.0 -54.0 -288.0 1.000 1.000 1.000
v -950.0 -185.0 -295.0 1.000 1.000 1.000
v -180.0 -181.0 -194.0 1.000 1.000 1.000
v -945.0 -280.0 -232.0 1.000 1.000 1.000
v -942.0 -310.0 -120.0 1.000 1.000 1.000
v -258.0 -273.0 32.0 1.000 1.000 1.000
v -938.0 -373.0 32.0 1.000 1.000 1.000
v -1175.0 -104.0 -453.0 1.000 1.000 1.000
v -1175.0 73.0 -312.0 1.000 1.000 1.000
v -634.0 -93.0 -460.0 1.000 1.000 1.000
v -649.0 203.0 -320.0 1.000 1.000 1.000
v -642.0 55.0 428.0 1.000 1.000 1.000
v -649.0 203.0 358.0 1.000 1.000 1.000
v -1175.0 -101.0 462.0 1.000 1.000 1.000
v -634.0 -93.0 439.0 1.000 1.000 1.000
v -1175.0 73.0 366.0 1.000 1.000 1.000
v -655.0 273.0 19.0 1.000 1.000 1.000
v -1175.0 265.0 27.0 1.000 1.000 1.000
v -649.0 203.0 -320.0 1.000 1.000 1.000
v -1175.0 73.0 -312.0 1.000 1.000 1.000
v -798.0 -403.0 385.0 1.000 1.000 1.000
v -3707.0 -460.0 2.0 1.000 1.000 1.000
v -785.0 -480.0 13.0 1.000 1.000 1.000
v -3707.0 -396.0 424.0 1.000 1.000 1.000
v -798.0 -403.0 385.0 1.000 1.000 1.000
v -813.0 -257.0 463.0 1.000 1.000 1.000
v -3707.0 -396.0 424.0 1.000 1.000 1.000
v -3707.0 -396.0 424.0 1.000 1.000 1.000
v -813.0 -257.0 463.0 1.000 1.000 1.000
v -828.0 -112.0 487.0 1.000 1.000 1.000
v -3707.0 -104.0 599.0 1.000 1.000 1.000
v -844.0 44.0 463.0 1.000 1.000 1.000
v -3707.0 -104.0 599.0 1.000 1.000 1.000
v -828.0 -112.0 487.0 1.000 1.000 1.000
v -859.0 201.0 385.0 1.000 1.000 1.000
v -3707.0 94.0 424.0 1.000 1.000 1.000
v -872.0 300.0 28.0 1.000 1.000 1.000
v -3707.0 307.0 2.0 1.000 1.000 1.000
v -859.0 213.0 -351.0 1.000 1.000 1.000
v -3707.0 307.0 2.0 1.000 1.000 1.000
v -872.0 300.0 28.0 1.000 1.000 1.000
v -3707.0 94.0 -421.0 1.000 1.000 1.000
v -828.0 -112.0 -515.0 1.000 1.000 1.000
v -3707.0 94.0 -421.0 1.000 1.000 1.000
v -859.0 213.0 -351.0 1.000 1.000 1.000
v -3707.0 -104.0 -596.0 1.000 1.000 1.000
v -798.0 -403.0 -360.0 1.000 1.000 1.000
v -3707.0 -104.0 -596.0 1.000 1.000 1.000
v -828.0 -112.0 -515.0 1.000 1.000 1.000
v -3707.0 -396.0 -421.0 1.000 1.000 1.000
v -798.0 -403.0 -360.0 1.000 1.000 1.000
v -785.0 -480.0 13.0 1.000 1.000 1.000
v -3707.0 -396.0 -421.0 1.000 1.000 1.000
v -3707.0 -460.0 2.0 1.000 1.000 1.000
v -2525.0 -589.0 81.0 1.000 1.000 1.000
v -942.0 -310.0 -120.0 1.000 1.000 1.000
v -938.0 -373.0 32.0 1.000 1.000 1.000
v -2531.0 -486.0 -295.0 1.000 1.000 1.000
v -945.0 -280.0 -232.0 1.000 1.000 1.000
v -950.0 -185.0 -295.0 1.000 1.000 1.000
v -2544.0 -239.0 -450.0 1.000 1.000 1.000
v -953.0 -112.0 -341.0 1.000 1.000 1.000
v -2544.0 -239.0 501.0 1.000 1.000 1.000
v -942.0 -201.0 342.0 1.000 1.000 1.000
v -946.0 -112.0 372.0 1.000 1.000 1.000
v -2531.0 -486.0 457.0 1.000 1.000 1.000
v -939.0 -279.0 295.0 1.000 1.000 1.000
v -2531.0 -486.0 457.0 1.000 1.000 1.000
v -938.0 -345.0 134.0 1.000 1.000 1.000
v -939.0 -279.0 295.0 1.000 1.000 1.000
v -2533.0 -235.0 654.0 1.000 1.000 1.000
v -2515.0 -585.0 531.0 1.000 1.000 1.000
v -1951.0 -224.0 502.0 1.000 1.000 1.000
v -1943.0 -370.0 482.0 1.000 1.000 1.000
v -1935.0 -437.0 -276.0 1.000 1.000 1.000
v -2533.0 -235.0 -558.0 1.000 1.000 1.000
v -1950.0 -224.0 -435.0 1.000 1.000 1.000
v -2508.0 -677.0 80.0 1.000 1.000 1.000
v -1935.0 -487.0 370.0 1.000 1.000 1.000
v -2515.0 -585.0 -371.0 1.000 1.000 1.000
v -1929.0 -554.0 72.0 1.000 1.000 1.000
v -2713.0 -766.0 -7.0 1.000 1.000 1.000
v -2714.0 -728.0 -179.0 1.000 1.000 1.000
v -2625.0 -809.0 257.0 1.000 1.000 1.000
v -2627.0 -673.0 576.0 1.000 1.000 1.000
v -2661.0 -344.0 773.0 1.000 1.000 1.000
v -2533.0 -235.0 654.0 1.000 1.000 1.000
v -2666.0 -240.0 820.0 1.000 1.000 1.000
v -2661.0 -344.0 773.0 1.000 1.000 1.000
v -2515.0 -585.0 -371.0 1.000 1.000 1.000
v -2721.0 -446.0 -532.0 1.000 1.000 1.000
v -2619.0 -240.0 -665.0 1.000 1.000 1.000
v -2533.0 -235.0 -558.0 1.000 1.000 1.000
v -2716.0 -599.0 -430.0 1.000 1.000 1.000
v -2508.0 -677.0 80.0 1.000 1.000 1.000
v -2714.0 -728.0 -179.0 1.000 1.000 1.000
v -942.0 -310.0 -120.0 1.000 1.000 1.000
v -180.0 -181.0 -194.0 1.000 1.000 1.000
v -258.0 -273.0 32.0 1.000 1.000 1.000
v -938.0 -373.0 32.0 1.000 1.000 1.000
v -945.0 -280.0 -232.0 1.000 1.000 1.000
v -950.0 -185.0 -295.0 1.000 1.000 1.000
v -191.0 -54.0 -288.0 1.000 1.000 1.000
v -180.0 -181.0 -194.0 1.000 1.000 1.000
v -945.0 -280.0 -232.0 1.000 1.000 1.000
v -953.0 -112.0 -341.0 1.000 1.000 1.000
v -942.0 -201.0 342.0 1.000 1.000 1.000
v -180.0 -181.0 257.0 1.000 1.000 1.000
v -191.0 -54.0 351.0 1.000 1.000 1.000
v -946.0 -112.0 372.0 1.000 1.000 1.000
v -939.0 -279.0 295.0 1.000 1.000 1.000
v -938.0 -345.0 134.0 1.000 1.000 1.000
v -258.0 -273.0 32.0 1.000 1.000 1.000
v -180.0 -181.0 257.0 1.000 1.000 1.000
v -939.0 -279.0 295.0 1.000 1.000 1.000
v -938.0 -373.0 32.0 1.000 1.000 1.000
v -949.0 -40.0 359.0 1.000 1.000 1.000
v -949.0 -40.0 359.0 1.000 1.000 1.000
v -191.0 -54.0 351.0 1.000 1.000 1.000
v -202.0 72.0 257.0 1.000 1.000 1.000
v -954.0 55.0 295.0 1.000 1.000 1.000
v -958.0 121.0 186.0 1.000 1.000 1.000
v -207.0 125.0 32.0 1.000 1.000 1.000
v -961.0 160.0 32.0 1.000 1.000 1.000
v -960.0 123.0 -91.0 1.000 1.000 1.000
v -202.0 72.0 -194.0 1.000 1.000 1.000
v -960.0 55.0 -231.0 1.000 1.000 1.000
v -957.0 -18.0 -277.0 1.000 1.000 1.000
v -191.0 -54.0 -288.0 1.000 1.000 1.000
v -953.0 -112.0 -341.0 1.000 1.000 1.000
v -2544.0 -239.0 501.0 1.000 1.000 1.000
v -946.0 -112.0 372.0 1.000 1.000 1.000
v -2558.0 8.0 457.0 1.000 1.000 1.000
v -2558.0 8.0 457.0 1.000 1.000 1.000
v -958.0 121.0 186.0 1.000 1.000 1.000
v -2564.0 235.0 81.0 1.000 1.000 1.000
v -961.0 160.0 32.0 1.000 1.000 1.000
v -960.0 123.0 -91.0 1.000 1.000 1.000
v -2558.0 8.0 -295.0 1.000 1.000 1.000
v -960.0 55.0 -231.0 1.000 1.000 1.000
v -957.0 -18.0 -277.0 1.000 1.000 1.000
v -2544.0 -239.0 -450.0 1.000 1.000 1.000
v -953.0 -112.0 -341.0 1.000 1.000 1.000
v -1957.0 -80.0 515.0 1.000 1.000 1.000
v -1965.0 62.0 430.0 1.000 1.000 1.000
v -2533.0 -235.0 654.0 1.000 1.000 1.000
v -2533.0 -235.0 -558.0 1.000 1.000 1.000
v -2551.0 154.0 -361.0 1.000 1.000 1.000
v -1950.0 -224.0 -435.0 1.000 1.000 1.000
v -1950.0 -224.0 -435.0 1.000 1.000 1.000
v -2551.0 154.0 -361.0 1.000 1.000 1.000
v -1965.0 60.0 -299.0 1.000 1.000 1.000
v -1957.0 -80.0 515.0 1.000 1.000 1.000
v -2533.0 -235.0 654.0 1.000 1.000 1.000
v -1951.0 -224.0 502.0 1.000 1.000 1.000
v -2551.0 140.0 531.0 1.000 1.000 1.000
v -1965.0 62.0 430.0 1.000 1.000 1.000
v -1971.0 230.0 68.0 1.000 1.000 1.000
v -2558.0 259.0 98.0 1.000 1.000 1.000
v -2713.0 -766.0 -7.0 1.000 1.000 1.000
v -3058.0 -705.0 -2.0 1.000 1.000 1.000
v -3060.0 -653.0 -262.0 1.000 1.000 1.000
v -2714.0 -728.0 -179.0 1.000 1.000 1.000
v -2625.0 -809.0 257.0 1.000 1.000 1.000
v -3061.0 -669.0 156.0 1.000 1.000 1.000
v -3061.0 -669.0 156.0 1.000 1.000 1.000
v -2625.0 -809.0 257.0 1.000 1.000 1.000
v -2627.0 -673.0 576.0 1.000 1.000 1.000
v -3065.0 -618.0 416.0 1.000 1.000 1.000
v -2661.0 -344.0 773.0 1.000 1.000 1.000
v -3071.0 -484.0 601.0 1.000 1.000 1.000
v -2666.0 -240.0 820.0 1.000 1.000 1.000
v -3084.0 -247.0 710.0 1.000 1.000 1.000
v -2680.0 -3.0 806.0 1.000 1.000 1.000
v -3092.0 -108.0 669.0 1.000 1.000 1.000
v -2685.0 213.0 726.0 1.000 1.000 1.000
v -3103.0 119.0 572.0 1.000 1.000 1.000
v -2745.0 359.0 550.0 1.000 1.000 1.000
v -3105.0 162.0 287.0 1.000 1.000 1.000
v -2747.0 506.0 164.0 1.000 1.000 1.000
v -3110.0 279.0 4.0 1.000 1.000 1.000
v -2742.0 466.0 -102.0 1.000 1.000 1.000
v -3107.0 242.0 -145.0 1.000 1.000 1.000
v -3110.0 279.0 4.0 1.000 1.000 1.000
v -2747.0 506.0 164.0 1.000 1.000 1.000
v -2651.0 322.0 -405.0 1.000 1.000 1.000
v -2966.0 165.0 -404.0 1.000 1.000 1.000
v -2625.0 48.0 -570.0 1.000 1.000 1.000
v -2959.0 24.0 -469.0 1.000 1.000 1.000
v -2619.0 -240.0 -665.0 1.000 1.000 1.000
v -2944.0 -247.0 -582.0 1.000 1.000 1.000
v -2721.0 -446.0 -532.0 1.000 1.000 1.000
v -2937.0 -377.0 -518.0 1.000 1.000 1.000
v -2716.0 -599.0 -430.0 1.000 1.000 1.000
v -2925.0 -617.0 -408.0 1.000 1.000 1.000
v -2714.0 -728.0 -179.0 1.000 1.000 1.000
v -3060.0 -653.0 -262.0 1.000 1.000 1.000
v -3058.0 -705.0 -2.0 1.000 1.000 1.000
v -3688.0 -722.0 125.0 1.000 1.000 1.000
v -3688.0 -638.0 -382.0 1.000 1.000 1.000
v -3060.0 -653.0 -262.0 1.000 1.000 1.000
v -3061.0 -669.0 156.0 1.000 1.000 1.000
v -3688.0 -638.0 631.0 1.000 1.000 1.000
v -3065.0 -618.0 416.0 1.000 1.000 1.000
v -3071.0 -484.0 601.0 1.000 1.000 1.000
v -3084.0 -247.0 710.0 1.000 1.000 1.000
v -3688.0 -253.0 841.0 1.000 1.000 1.000
v -3092.0 -108.0 669.0 1.000 1.000 1.000
v -3688.0 108.0 657.0 1.000 1.000 1.000
v -3103.0 119.0 572.0 1.000 1.000 1.000
v -3105.0 162.0 287.0 1.000 1.000 1.000
v -3688.0 290.0 125.0 1.000 1.000 1.000
v -3110.0 279.0 4.0 1.000 1.000 1.000
v -3107.0 242.0 -145.0 1.000 1.000 1.000
v -3688.0 290.0 125.0 1.000 1.000 1.000
v -3110.0 279.0 4.0 1.000 1.000 1.000
v -3688.0 171.0 -379.0 1.000 1.000 1.000
v -2966.0 165.0 -404.0 1.000 1.000 1.000
v -2959.0 24.0 -469.0 1.000 1.000 1.000
v -3688.0 -253.0 -592.0 1.000 1.000 1.000
v -2944.0 -247.0 -582.0 1.000 1.000 1.000
v -2937.0 -377.0 -518.0 1.000 1.000 1.000
v -3688.0 -638.0 -382.0 1.000 1.000 1.000
v -2925.0 -617.0 -408.0 1.000 1.000 1.000
v -3060.0 -653.0 -262.0 1.000 1.000 1.000
v -2625.0 48.0 -570.0 1.000 1.000 1.000
v -2533.0 -235.0 -558.0 1.000 1.000 1.000
v -2619.0 -240.0 -665.0 1.000 1.000 1.000
v -2651.0 322.0 -405.0 1.000 1.000 1.000
v -2533.0 -235.0 -558.0 1.000 1.000 1.000
v -2651.0 322.0 -405.0 1.000 1.000 1.000
v -2551.0 154.0 -361.0 1.000 1.000 1.000
v -2742.0 466.0 -102.0 1.000 1.000 1.000
v -2747.0 506.0 164.0 1.000 1.000 1.000
v -2558.0 259.0 98.0 1.000 1.000 1.000
v -2745.0 359.0 550.0 1.000 1.000 1.000
v -2685.0 213.0 726.0 1.000 1.000 1.000
v -2551.0 140.0 531.0 1.000 1.000 1.000
v -2680.0 -3.0 806.0 1.000 1.000 1.000
v -2533.0 -235.0 654.0 1.000 1.000 1.000
v -2666.0 -240.0 820.0 1.000 1.000 1.000
v -942.0 -310.0 -120.0 1.000 1.000 1.000
v -180.0 -181.0 -194.0 1.000 1.000 1.000
v -258.0 -273.0 32.0 1.000 1.000 1.000
v -938.0 -373.0 32.0 1.000 1.000 1.000
v -945.0 -280.0 -232.0 1.000 1.000 1.000
v -950.0 -185.0 -295.0 1.000 1.000 1.000
v -191.0 -54.0 -288.0 1.000 1.000 1.000
v -953.0 -112.0 -341.0 1.000 1.000 1.000
v -942.0 -207.0 308.0 1.000 1.000 1.000
v -180.0 -181.0 257.0 1.000 1.000 1.000
v -191.0 -54.0 351.0 1.000 1.000 1.000
v -946.0 -112.0 372.0 1.000 1.000 1.000
v -939.0 -279.0 295.0 1.000 1.000 1.000
v -938.0 -345.0 134.0 1.000 1.000 1.000
v -180.0 -181.0 257.0 1.000 1.000 1.000
v -939.0 -279.0 295.0 1.000 1.000 1.000
v -1217.0 -112.0 542.0 1.000 1.000 1.000
v -1199.0 -403.0 431.0 1.000 1.000 1.000
v -635.0 -102.0 405.0 1.000 1.000 1.000
v -627.0 -212.0 341.0 1.000 1.000 1.000
v -619.0 -237.0 -258.0 1.000 1.000 1.000
v -1217.0 -112.0 -559.0 1.000 1.000 1.000
v -634.0 -102.0 -370.0 1.000 1.000 1.000
v -1192.0 -480.0 21.0 1.000 1.000 1.000
v -619.0 -322.0 285.0 1.000 1.000 1.000
v -1199.0 -403.0 -390.0 1.000 1.000 1.000
v -613.0 -377.0 14.0 1.000 1.000 1.000
v -946.0 -112.0 372.0 1.000 1.000 1.000
v -191.0 -54.0 351.0 1.000 1.000 1.000
v -949.0 -40.0 359.0 1.000 1.000 1.000
v -202.0 72.0 257.0 1.000 1.000 1.000
v -954.0 55.0 295.0 1.000 1.000 1.000
v -954.0 55.0 295.0 1.000 1.000 1.000
v -202.0 72.0 257.0 1.000 1.000 1.000
v -958.0 121.0 186.0 1.000 1.000 1.000
v -207.0 125.0 32.0 1.000 1.000 1.000
v -961.0 160.0 32.0 1.000 1.000 1.000
v -960.0 94.0 -77.0 1.000 1.000 1.000
v -202.0 72.0 -194.0 1.000 1.000 1.000
v -960.0 55.0 -231.0 1.000 1.000 1.000
v -957.0 -18.0 -277.0 1.000 1.000 1.000
v -191.0 -54.0 -288.0 1.000 1.000 1.000
v -953.0 -112.0 -341.0 1.000 1.000 1.000
v -642.0 30.0 366.0 1.000 1.000 1.000
v -649.0 134.0 285.0 1.000 1.000 1.000
v -1217.0 -112.0 542.0 1.000 1.000 1.000
v -1217.0 -112.0 -559.0 1.000 1.000 1.000
v -1235.0 213.0 -380.0 1.000 1.000 1.000
v -634.0 -102.0 -370.0 1.000 1.000 1.000
v -649.0 134.0 -258.0 1.000 1.000 1.000
v -642.0 30.0 366.0 1.000 1.000 1.000
v -1217.0 -112.0 542.0 1.000 1.000 1.000
v -635.0 -102.0 405.0 1.000 1.000 1.000
v -1235.0 201.0 431.0 1.000 1.000 1.000
v -649.0 134.0 285.0 1.000 1.000 1.000
v -655.0 190.0 14.0 1.000 1.000 1.000
v -1243.0 300.0 37.0 1.000 1.000 1.000
v -1192.0 -480.0 21.0 1.000 1.000 1.000
v -1510.0 -490.0 16.0 1.000 1.000 1.000
v -1510.0 -471.0 -98.0 1.000 1.000 1.000
v -1199.0 -403.0 431.0 1.000 1.000 1.000
v -1421.0 -434.0 290.0 1.000 1.000 1.000
v -1421.0 -434.0 290.0 1.000 1.000 1.000
v -1199.0 -403.0 431.0 1.000 1.000 1.000
v -1423.0 -415.0 404.0 1.000 1.000 1.000
v -1217.0 -112.0 542.0 1.000 1.000 1.000
v -1437.0 -203.0 485.0 1.000 1.000 1.000
v -1443.0 -116.0 533.0 1.000 1.000 1.000
v -1199.0 -403.0 -390.0 1.000 1.000 1.000
v -1518.0 -328.0 -445.0 1.000 1.000 1.000
v -1415.0 -116.0 -632.0 1.000 1.000 1.000
v -1217.0 -112.0 -559.0 1.000 1.000 1.000
v -1513.0 -415.0 -397.0 1.000 1.000 1.000
v -1192.0 -480.0 21.0 1.000 1.000 1.000
v -1510.0 -471.0 -98.0 1.000 1.000 1.000
v -1421.0 -18.0 -583.0 1.000 1.000 1.000
v -1552.0 217.0 -390.0 1.000 1.000 1.000
v -1235.0 213.0 -380.0 1.000 1.000 1.000
v -1555.0 245.0 -272.0 1.000 1.000 1.000
v -1235.0 213.0 -380.0 1.000 1.000 1.000
v -1552.0 217.0 -390.0 1.000 1.000 1.000
v -1560.0 307.0 28.0 1.000 1.000 1.000
v -1243.0 300.0 37.0 1.000 1.000 1.000
v -1558.0 265.0 152.0 1.000 1.000 1.000
v -1461.0 193.0 409.0 1.000 1.000 1.000
v -1235.0 201.0 431.0 1.000 1.000 1.000
v -1456.0 110.0 452.0 1.000 1.000 1.000
v -1217.0 -112.0 542.0 1.000 1.000 1.000
v -1443.0 -116.0 533.0 1.000 1.000 1.000
v -1510.0 -471.0 -98.0 1.000 1.000 1.000
v -1920.0 -460.0 -250.0 1.000 1.000 1.000
v -1785.0 -430.0 -396.0 1.000 1.000 1.000
v -1513.0 -415.0 -397.0 1.000 1.000 1.000
v -1797.0 -230.0 -506.0 1.000 1.000 1.000
v -1518.0 -328.0 -445.0 1.000 1.000 1.000
v -1513.0 -415.0 -397.0 1.000 1.000 1.000
v -1785.0 -430.0 -396.0 1.000 1.000 1.000
v -1804.0 -121.0 -569.0 1.000 1.000 1.000
v -1415.0 -116.0 -632.0 1.000 1.000 1.000
v -1443.0 -116.0 533.0 1.000 1.000 1.000
v -2104.0 -121.0 668.0 1.000 1.000 1.000
v -2091.0 -319.0 559.0 1.000 1.000 1.000
v -1437.0 -203.0 485.0 1.000 1.000 1.000
v -1925.0 -430.0 428.0 1.000 1.000 1.000
v -1423.0 -415.0 404.0 1.000 1.000 1.000
v -1921.0 -473.0 168.0 1.000 1.000 1.000
v -1421.0 -434.0 290.0 1.000 1.000 1.000
v -1918.0 -503.0 11.0 1.000 1.000 1.000
v -1510.0 -490.0 16.0 1.000 1.000 1.000
v -1510.0 -490.0 16.0 1.000 1.000 1.000
v -1918.0 -503.0 11.0 1.000 1.000 1.000
v -1920.0 -460.0 -250.0 1.000 1.000 1.000
v -1510.0 -471.0 -98.0 1.000 1.000 1.000
v -1456.0 110.0 452.0 1.000 1.000 1.000
v -2111.0 -6.0 626.0 1.000 1.000 1.000
v -2104.0 -121.0 668.0 1.000 1.000 1.000
v -1443.0 -116.0 533.0 1.000 1.000 1.000
v -1461.0 193.0 409.0 1.000 1.000 1.000
v -2123.0 184.0 530.0 1.000 1.000 1.000
v -1558.0 265.0 152.0 1.000 1.000 1.000
v -1965.0 220.0 300.0 1.000 1.000 1.000
v -1560.0 307.0 28.0 1.000 1.000 1.000
v -1970.0 317.0 16.0 1.000 1.000 1.000
v -1555.0 245.0 -272.0 1.000 1.000 1.000
v -1967.0 286.0 -132.0 1.000 1.000 1.000
v -1967.0 286.0 -132.0 1.000 1.000 1.000
v -1555.0 245.0 -272.0 1.000 1.000 1.000
v -1552.0 217.0 -390.0 1.000 1.000 1.000
v -1826.0 222.0 -392.0 1.000 1.000 1.000
v -1421.0 -18.0 -583.0 1.000 1.000 1.000
v -1819.0 104.0 -457.0 1.000 1.000 1.000
v -1415.0 -116.0 -632.0 1.000 1.000 1.000
v -1804.0 -121.0 -569.0 1.000 1.000 1.000
v -1920.0 -460.0 -250.0 1.000 1.000 1.000
v -3668.0 -447.0 -348.0 1.000 1.000 1.000
v -1785.0 -430.0 -396.0 1.000 1.000 1.000
v -3668.0 -127.0 -537.0 1.000 1.000 1.000
v -1797.0 -230.0 -506.0 1.000 1.000 1.000
v -2104.0 -121.0 668.0 1.000 1.000 1.000
v -3668.0 -127.0 752.0 1.000 1.000 1.000
v -3668.0 -447.0 564.0 1.000 1.000 1.000
v -2104.0 -121.0 668.0 1.000 1.000 1.000
v -3668.0 -447.0 564.0 1.000 1.000 1.000
v -2091.0 -319.0 559.0 1.000 1.000 1.000
v -1925.0 -430.0 428.0 1.000 1.000 1.000
v -3668.0 -518.0 108.0 1.000 1.000 1.000
v -1921.0 -473.0 168.0 1.000 1.000 1.000
v -1918.0 -503.0 11.0 1.000 1.000 1.000
v -3668.0 -447.0 -348.0 1.000 1.000 1.000
v -1920.0 -460.0 -250.0 1.000 1.000 1.000
v -2111.0 -6.0 626.0 1.000 1.000 1.000
v -3668.0 -127.0 752.0 1.000 1.000 1.000
v -3668.0 174.0 586.0 1.000 1.000 1.000
v -2123.0 184.0 530.0 1.000 1.000 1.000
v -1965.0 220.0 300.0 1.000 1.000 1.000
v -3668.0 326.0 108.0 1.000 1.000 1.000
v -1970.0 317.0 16.0 1.000 1.000 1.000
v -1967.0 286.0 -132.0 1.000 1.000 1.000
v -3668.0 326.0 108.0 1.000 1.000 1.000
v -1970.0 317.0 16.0 1.000 1.000 1.000
v -3668.0 227.0 -346.0 1.000 1.000 1.000
v -1826.0 222.0 -392.0 1.000 1.000 1.000
v -1819.0 104.0 -457.0 1.000 1.000 1.000
v -3668.0 -127.0 -537.0 1.000 1.000 1.000
v -1804.0 -121.0 -569.0 1.000 1.000 1.000
v -313.0 116.0 -184.0 1.000 1.000 1.000
v -526.0 116.0 -184.0 1.000 1.000 1.000
v -526.0 110.0 -182.0 1.000 1.000 1.000
v -313.0 110.0 -182.0 1.000 1.000 1.000
v -313.0 117.0 -199.0 1.000 1.000 1.000
v -526.0 117.0 -199.0 1.000 1.000 1.000
v -313.0 99.0 -249.0 1.000 1.000 1.000
v -526.0 99.0 -249.0 1.000 1.000 1.000
v -313.0 88.0 -259.0 1.000 1.000 1.000
v -526.0 88.0 -259.0 1.000 1.000 1.000
v -313.0 84.0 -274.0 1.000 1.000 1.000
v -526.0 84.0 -274.0 1.000 1.000 1.000
v -313.0 46.0 -311.0 1.000 1.000 1.000
v -526.0 46.0 -311.0 1.000 1.000 1.000
v -313.0 32.0 -316.0 1.000 1.000 1.000
v -526.0 32.0 -316.0 1.000 1.000 1.000
v -313.0 32.0 -316.0 1.000 1.000 1.000
v -526.0 20.0 -325.0 1.000 1.000 1.000
v -526.0 32.0 -316.0 1.000 1.000 1.000
v -313.0 20.0 -325.0 1.000 1.000 1.000
v -526.0 -32.0 -334.0 1.000 1.000 1.000
v -313.0 -32.0 -334.0 1.000 1.000 1.000
v -313.0 -47.0 -330.0 1.000 1.000 1.000
v -526.0 -47.0 -330.0 1.000 1.000 1.000
v -313.0 116.0 -184.0 1.000 1.000 1.000
v -313.0 110.0 -182.0 1.000 1.000 1.000
v -313.0 99.0 -192.0 1.000 1.000 1.000
v -313.0 117.0 -199.0 1.000 1.000 1.000
v -313.0 81.0 -242.0 1.000 1.000 1.000
v -313.0 99.0 -249.0 1.000 1.000 1.000
v -313.0 88.0 -259.0 1.000 1.000 1.000
v -313.0 82.0 -257.0 1.000 1.000 1.000
v -313.0 32.0 -297.0 1.000 1.000 1.000
v -313.0 27.0 -311.0 1.000 1.000 1.000
v -313.0 32.0 -316.0 1.000 1.000 1.000
v -313.0 46.0 -311.0 1.000 1.000 1.000
v -313.0 84.0 -274.0 1.000 1.000 1.000
v -313.0 70.0 -259.0 1.000 1.000 1.000
v -313.0 88.0 -259.0 1.000 1.000 1.000
v -313.0 82.0 -257.0 1.000 1.000 1.000
v -313.0 -36.0 -314.0 1.000 1.000 1.000
v -313.0 -48.0 -323.0 1.000 1.000 1.000
v -313.0 -47.0 -330.0 1.000 1.000 1.000
v -313.0 -32.0 -334.0 1.000 1.000 1.000
v -313.0 20.0 -325.0 1.000 1.000 1.000
v -313.0 17.0 -305.0 1.000 1.000 1.000
v -526.0 -47.0 -330.0 1.000 1.000 1.000
v -526.0 -48.0 -323.0 1.000 1.000 1.000
v -526.0 -36.0 -314.0 1.000 1.000 1.000
v -526.0 -32.0 -334.0 1.000 1.000 1.000
v -526.0 20.0 -325.0 1.000 1.000 1.000
v -526.0 16.0 -305.0 1.000 1.000 1.000
v -526.0 27.0 -311.0 1.000 1.000 1.000
v -526.0 32.0 -316.0 1.000 1.000 1.000
v -526.0 32.0 -316.0 1.000 1.000 1.000
v -526.0 32.0 -297.0 1.000 1.000 1.000
v -526.0 46.0 -311.0 1.000 1.000 1.000
v -526.0 84.0 -274.0 1.000 1.000 1.000
v -526.0 70.0 -259.0 1.000 1.000 1.000
v -526.0 82.0 -257.0 1.000 1.000 1.000
v -526.0 88.0 -259.0 1.000 1.000 1.000
v -526.0 80.0 -242.0 1.000 1.000 1.000
v -526.0 99.0 -249.0 1.000 1.000 1.000
v -526.0 88.0 -259.0 1.000 1.000 1.000
v -526.0 80.0 -242.0 1.000 1.000 1.000
v -526.0 117.0 -199.0 1.000 1.000 1.000
v -526.0 99.0 -192.0 1.000 1.000 1.000
v -526.0 116.0 -184.0 1.000 1.000 1.000
v -526.0 110.0 -182.0 1.000 1.000 1.000
v -526.0 116.0 249.0 1.000 1.000 1.000
v -313.0 116.0 249.0 1.000 1.000 1.000
v -313.0 110.0 246.0 1.000 1.000 1.000
v -526.0 110.0 246.0 1.000 1.000 1.000
v -526.0 117.0 264.0 1.000 1.000 1.000
v -313.0 117.0 264.0 1.000 1.000 1.000
v -526.0 99.0 314.0 1.000 1.000 1.000
v -313.0 99.0 314.0 1.000 1.000 1.000
v -526.0 99.0 314.0 1.000 1.000 1.000
v -526.0 88.0 324.0 1.000 1.000 1.000
v -313.0 88.0 324.0 1.000 1.000 1.000
v -313.0 99.0 314.0 1.000 1.000 1.000
v -526.0 84.0 338.0 1.000 1.000 1.000
v -313.0 84.0 338.0 1.000 1.000 1.000
v -526.0 46.0 376.0 1.000 1.000 1.000
v -313.0 46.0 376.0 1.000 1.000 1.000
v -526.0 32.0 380.0 1.000 1.000 1.000
v -313.0 32.0 380.0 1.000 1.000 1.000
v -313.0 20.0 389.0 1.000 1.000 1.000
v -526.0 20.0 389.0 1.000 1.000 1.000
v -313.0 -32.0 398.0 1.000 1.000 1.000
v -526.0 -32.0 398.0 1.000 1.000 1.000
v -526.0 -47.0 394.0 1.000 1.000 1.000
v -313.0 -47.0 394.0 1.000 1.000 1.000
v -526.0 116.0 249.0 1.000 1.000 1.000
v -526.0 110.0 246.0 1.000 1.000 1.000
v -526.0 99.0 257.0 1.000 1.000 1.000
v -526.0 117.0 264.0 1.000 1.000 1.000
v -526.0 81.0 307.0 1.000 1.000 1.000
v -526.0 99.0 314.0 1.000 1.000 1.000
v -526.0 88.0 324.0 1.000 1.000 1.000
v -526.0 82.0 322.0 1.000 1.000 1.000
v -526.0 32.0 361.0 1.000 1.000 1.000
v -526.0 27.0 376.0 1.000 1.000 1.000
v -526.0 32.0 380.0 1.000 1.000 1.000
v -526.0 46.0 376.0 1.000 1.000 1.000
v -526.0 84.0 338.0 1.000 1.000 1.000
v -526.0 70.0 324.0 1.000 1.000 1.000
v -526.0 -36.0 379.0 1.000 1.000 1.000
v -526.0 -48.0 388.0 1.000 1.000 1.000
v -526.0 -47.0 394.0 1.000 1.000 1.000
v -526.0 -32.0 398.0 1.000 1.000 1.000
v -526.0 20.0 389.0 1.000 1.000 1.000
v -526.0 17.0 369.0 1.000 1.000 1.000
v -526.0 32.0 380.0 1.000 1.000 1.000
v -526.0 27.0 376.0 1.000 1.000 1.000
v -313.0 -47.0 394.0 1.000 1.000 1.000
v -313.0 -48.0 388.0 1.000 1.000 1.000
v -313.0 -36.0 379.0 1.000 1.000 1.000
v -313.0 -32.0 398.0 1.000 1.000 1.000
v -313.0 20.0 389.0 1.000 1.000 1.000
v -313.0 16.0 369.0 1.000 1.000 1.000
v -313.0 27.0 376.0 1.000 1.000 1.000
v -313.0 32.0 380.0 1.000 1.000 1.000
v -313.0 32.0 380.0 1.000 1.000 1.000
v -313.0 27.0 376.0 1.000 1.000 1.000
v -313.0 32.0 361.0 1.000 1.000 1.000
v -313.0 46.0 376.0 1.000 1.000 1.000
v -313.0 84.0 338.0 1.000 1.000 1.000
v -313.0 70.0 324.0 1.000 1.000 1.000
v -313.0 82.0 322.0 1.000 1.000 1.000
v -313.0 88.0 324.0 1.000 1.000 1.000
v -313.0 80.0 307.0 1.000 1.000 1.000
v -313.0 99.0 314.0 1.000 1.000 1.000
v -313.0 117.0 264.0 1.000 1.000 1.000
v -313.0 99.0 257.0 1.000 1.000 1.000
v -313.0 116.0 249.0 1.000 1.000 1.000
v -313.0 110.0 246.0 1.000 1.000 1.000
v -280.0 112.0 283.0 1.000 1.000 1.000
v -313.0 99.0 285.0 1.000 1.000 1.000
v -280.0 99.0 283.0 1.000 1.000 1.000
v -313.0 112.0 285.0 1.000 1.000 1.000
v -269.0 139.0 183.0 1.000 1.000 1.000
v -313.0 139.0 208.0 1.000 1.000 1.000
v -269.0 112.0 183.0 1.000 1.000 1.000
v -313.0 112.0 208.0 1.000 1.000 1.000
v -558.0 112.0 -219.0 1.000 1.000 1.000
v -526.0 99.0 -221.0 1.000 1.000 1.000
v -558.0 99.0 -219.0 1.000 1.000 1.000
v -526.0 112.0 -221.0 1.000 1.000 1.000
v -570.0 139.0 -118.0 1.000 1.000 1.000
v -526.0 112.0 -221.0 1.000 1.000 1.000
v -558.0 112.0 -219.0 1.000 1.000 1.000
v -526.0 139.0 -144.0 1.000 1.000 1.000
v -558.0 112.0 -219.0 1.000 1.000 1.000
v -558.0 99.0 -219.0 1.000 1.000 1.000
v -570.0 112.0 -118.0 1.000 1.000 1.000
v -570.0 139.0 -118.0 1.000 1.000 1.000
v -526.0 112.0 -144.0 1.000 1.000 1.000
v -526.0 99.0 -221.0 1.000 1.000 1.000
v -526.0 112.0 -221.0 1.000 1.000 1.000
v -526.0 139.0 -144.0 1.000 1.000 1.000
v -558.0 99.0 283.0 1.000 1.000 1.000
v -526.0 99.0 285.0 1.000 1.000 1.000
v -558.0 112.0 283.0 1.000 1.000 1.000
v -526.0 112.0 285.0 1.000 1.000 1.000
v -570.0 139.0 183.0 1.000 1.000 1.000
v -526.0 139.0 208.0 1.000 1.000 1.000
v -570.0 112.0 183.0 1.000 1.000 1.000
v -526.0 112.0 208.0 1.000 1.000 1.000
v -280.0 99.0 -219.0 1.000 1.000 1.000
v -313.0 99.0 -221.0 1.000 1.000 1.000
v -280.0 112.0 -219.0 1.000 1.000 1.000
v -313.0 112.0 -221.0 1.000 1.000 1.000
v -280.0 112.0 -219.0 1.000 1.000 1.000
v -313.0 112.0 -221.0 1.000 1.000 1.000
v -269.0 139.0 -118.0 1.000 1.000 1.000
v -313.0 139.0 -144.0 1.000 1.000 1.000
v -269.0 112.0 -118.0 1.000 1.000 1.000
v -280.0 99.0 -219.0 1.000 1.000 1.000
v -313.0 99.0 -221.0 1.000 1.000 1.000
v -313.0 112.0 -144.0 1.000 1.000 1.000
v -419.0 152.0 -168.0 1.000 1.000 1.000
v -371.0 152.0 -148.0 1.000 1.000 1.000
v -364.0 139.0 -174.0 1.000 1.000 1.000
v -320.0 152.0 -141.0 1.000 1.000 1.000
v -320.0 152.0 -141.0 1.000 1.000 1.000
v -371.0 152.0 -148.0 1.000 1.000 1.000
v -288.0 152.0 -100.0 1.000 1.000 1.000
v -269.0 139.0 -118.0 1.000 1.000 1.000
v -364.0 139.0 -174.0 1.000 1.000 1.000
v -246.0 152.0 -68.0 1.000 1.000 1.000
v -239.0 152.0 -16.0 1.000 1.000 1.000
v -214.0 139.0 -23.0 1.000 1.000 1.000
v -220.0 152.0 32.0 1.000 1.000 1.000
v -214.0 139.0 87.0 1.000 1.000 1.000
v -239.0 152.0 80.0 1.000 1.000 1.000
v -246.0 152.0 132.0 1.000 1.000 1.000
v -269.0 139.0 183.0 1.000 1.000 1.000
v -288.0 152.0 164.0 1.000 1.000 1.000
v -320.0 152.0 205.0 1.000 1.000 1.000
v -371.0 152.0 212.0 1.000 1.000 1.000
v -364.0 139.0 238.0 1.000 1.000 1.000
v -269.0 139.0 183.0 1.000 1.000 1.000
v -320.0 152.0 205.0 1.000 1.000 1.000
v -371.0 152.0 212.0 1.000 1.000 1.000
v -419.0 152.0 232.0 1.000 1.000 1.000
v -468.0 152.0 212.0 1.000 1.000 1.000
v -475.0 139.0 238.0 1.000 1.000 1.000
v -519.0 152.0 205.0 1.000 1.000 1.000
v -551.0 152.0 164.0 1.000 1.000 1.000
v -570.0 139.0 183.0 1.000 1.000 1.000
v -592.0 152.0 132.0 1.000 1.000 1.000
v -599.0 152.0 80.0 1.000 1.000 1.000
v -625.0 139.0 87.0 1.000 1.000 1.000
v -619.0 152.0 32.0 1.000 1.000 1.000
v -599.0 152.0 -16.0 1.000 1.000 1.000
v -625.0 139.0 -23.0 1.000 1.000 1.000
v -599.0 152.0 -16.0 1.000 1.000 1.000
v -592.0 152.0 -68.0 1.000 1.000 1.000
v -625.0 139.0 -23.0 1.000 1.000 1.000
v -551.0 152.0 -100.0 1.000 1.000 1.000
v -570.0 139.0 -118.0 1.000 1.000 1.000
v -519.0 152.0 -141.0 1.000 1.000 1.000
v -468.0 152.0 -148.0 1.000 1.000 1.000
v -475.0 139.0 -174.0 1.000 1.000 1.000
v -419.0 152.0 -168.0 1.000 1.000 1.000
v -371.0 152.0 -148.0 1.000 1.000 1.000
v -364.0 139.0 -174.0 1.000 1.000 1.000
v -625.0 112.0 87.0 1.000 1.000 1.000
v -625.0 139.0 87.0 1.000 1.000 1.000
v -625.0 112.0 -23.0 1.000 1.000 1.000
v -570.0 112.0 -118.0 1.000 1.000 1.000
v -475.0 112.0 -174.0 1.000 1.000 1.000
v -364.0 112.0 -174.0 1.000 1.000 1.000
v -475.0 112.0 -174.0 1.000 1.000 1.000
v -364.0 139.0 -174.0 1.000 1.000 1.000
v -269.0 139.0 -118.0 1.000 1.000 1.000
v -269.0 112.0 -118.0 1.000 1.000 1.000
v -214.0 139.0 -23.0 1.000 1.000 1.000
v -214.0 112.0 -23.0 1.000 1.000 1.000
v -214.0 139.0 87.0 1.000 1.000 1.000
v -214.0 112.0 87.0 1.000 1.000 1.000
v -269.0 139.0 183.0 1.000 1.000 1.000
v -269.0 112.0 183.0 1.000 1.000 1.000
v -364.0 139.0 238.0 1.000 1.000 1.000
v -364.0 112.0 238.0 1.000 1.000 1.000
v -475.0 139.0 238.0 1.000 1.000 1.000
v -475.0 112.0 238.0 1.000 1.000 1.000
v -570.0 139.0 183.0 1.000 1.000 1.000
v -570.0 112.0 183.0 1.000 1.000 1.000
v -475.0 112.0 238.0 1.000 1.000 1.000
v -570.0 139.0 183.0 1.000 1.000 1.000
v -625.0 139.0 87.0 1.000 1.000 1.000
v -625.0 112.0 87.0 1.000 1.000 1.000
v -579.0 166.0 32.0 1.000 1.000 1.000
v -561.0 152.0 70.0 1.000 1.000 1.000
v -566.0 152.0 32.0 1.000 1.000 1.000
v -574.0 166.0 74.0 1.000 1.000 1.000
v -546.0 152.0 105.0 1.000 1.000 1.000
v -558.0 166.0 112.0 1.000 1.000 1.000
v -558.0 166.0 112.0 1.000 1.000 1.000
v -523.0 152.0 136.0 1.000 1.000 1.000
v -546.0 152.0 105.0 1.000 1.000 1.000
v -532.0 166.0 145.0 1.000 1.000 1.000
v -493.0 152.0 159.0 1.000 1.000 1.000
v -499.0 166.0 171.0 1.000 1.000 1.000
v -493.0 152.0 159.0 1.000 1.000 1.000
v -532.0 166.0 145.0 1.000 1.000 1.000
v -457.0 152.0 174.0 1.000 1.000 1.000
v -461.0 166.0 186.0 1.000 1.000 1.000
v -419.0 152.0 179.0 1.000 1.000 1.000
v -419.0 166.0 192.0 1.000 1.000 1.000
v -381.0 152.0 174.0 1.000 1.000 1.000
v -378.0 166.0 186.0 1.000 1.000 1.000
v -346.0 152.0 159.0 1.000 1.000 1.000
v -340.0 166.0 171.0 1.000 1.000 1.000
v -316.0 152.0 136.0 1.000 1.000 1.000
v -306.0 166.0 145.0 1.000 1.000 1.000
v -293.0 152.0 105.0 1.000 1.000 1.000
v -281.0 166.0 112.0 1.000 1.000 1.000
v -278.0 152.0 70.0 1.000 1.000 1.000
v -265.0 166.0 74.0 1.000 1.000 1.000
v -278.0 152.0 70.0 1.000 1.000 1.000
v -281.0 166.0 112.0 1.000 1.000 1.000
v -273.0 152.0 32.0 1.000 1.000 1.000
v -260.0 166.0 32.0 1.000 1.000 1.000
v -278.0 152.0 -6.0 1.000 1.000 1.000
v -265.0 166.0 -9.0 1.000 1.000 1.000
v -293.0 152.0 -41.0 1.000 1.000 1.000
v -281.0 166.0 -48.0 1.000 1.000 1.000
v -316.0 152.0 -71.0 1.000 1.000 1.000
v -306.0 166.0 -81.0 1.000 1.000 1.000
v -306.0 166.0 -81.0 1.000 1.000 1.000
v -346.0 152.0 -95.0 1.000 1.000 1.000
v -316.0 152.0 -71.0 1.000 1.000 1.000
v -340.0 166.0 -106.0 1.000 1.000 1.000
v -381.0 152.0 -109.0 1.000 1.000 1.000
v -378.0 166.0 -122.0 1.000 1.000 1.000
v -381.0 152.0 -109.0 1.000 1.000 1.000
v -340.0 166.0 -106.0 1.000 1.000 1.000
v -419.0 152.0 -114.0 1.000 1.000 1.000
v -419.0 166.0 -128.0 1.000 1.000 1.000
v -457.0 152.0 -109.0 1.000 1.000 1.000
v -461.0 166.0 -122.0 1.000 1.000 1.000
v -493.0 152.0 -95.0 1.000 1.000 1.000
v -499.0 166.0 -106.0 1.000 1.000 1.000
v -523.0 152.0 -71.0 1.000 1.000 1.000
v -532.0 166.0 -81.0 1.000 1.000 1.000
v -546.0 152.0 -41.0 1.000 1.000 1.000
v -558.0 166.0 -48.0 1.000 1.000 1.000
v -561.0 152.0 -6.0 1.000 1.000 1.000
v -574.0 166.0 -9.0 1.000 1.000 1.000
v -566.0 152.0 32.0 1.000 1.000 1.000
v -579.0 166.0 32.0 1.000 1.000 1.000
v -566.0 152.0 32.0 1.000 1.000 1.000
v -574.0 166.0 -9.0 1.000 1.000 1.000
v -606.0 152.0 32.0 1.000 1.000 1.000
v -574.0 166.0 74.0 1.000 1.000 1.000
v -599.0 152.0 80.0 1.000 1.000 1.000
v -558.0 166.0 112.0 1.000 1.000 1.000
v -581.0 152.0 125.0 1.000 1.000 1.000
v -581.0 152.0 125.0 1.000 1.000 1.000
v -532.0 166.0 145.0 1.000 1.000 1.000
v -558.0 166.0 112.0 1.000 1.000 1.000
v -551.0 152.0 164.0 1.000 1.000 1.000
v -499.0 166.0 171.0 1.000 1.000 1.000
v -513.0 152.0 194.0 1.000 1.000 1.000
v -461.0 166.0 186.0 1.000 1.000 1.000
v -468.0 152.0 212.0 1.000 1.000 1.000
v -468.0 152.0 212.0 1.000 1.000 1.000
v -419.0 166.0 192.0 1.000 1.000 1.000
v -461.0 166.0 186.0 1.000 1.000 1.000
v -419.0 152.0 219.0 1.000 1.000 1.000
v -378.0 166.0 186.0 1.000 1.000 1.000
v -371.0 152.0 212.0 1.000 1.000 1.000
v -340.0 166.0 171.0 1.000 1.000 1.000
v -326.0 152.0 194.0 1.000 1.000 1.000
v -306.0 166.0 145.0 1.000 1.000 1.000
v -288.0 152.0 164.0 1.000 1.000 1.000
v -281.0 166.0 112.0 1.000 1.000 1.000
v -258.0 152.0 125.0 1.000 1.000 1.000
v -265.0 166.0 74.0 1.000 1.000 1.000
v -239.0 152.0 80.0 1.000 1.000 1.000
v -260.0 166.0 32.0 1.000 1.000 1.000
v -233.0 152.0 32.0 1.000 1.000 1.000
v -233.0 152.0 32.0 1.000 1.000 1.000
v -265.0 166.0 -9.0 1.000 1.000 1.000
v -260.0 166.0 32.0 1.000 1.000 1.000
v -239.0 152.0 -16.0 1.000 1.000 1.000
v -281.0 166.0 -48.0 1.000 1.000 1.000
v -258.0 152.0 -61.0 1.000 1.000 1.000
v -306.0 166.0 -81.0 1.000 1.000 1.000
v -288.0 152.0 -100.0 1.000 1.000 1.000
v -288.0 152.0 -100.0 1.000 1.000 1.000
v -340.0 166.0 -106.0 1.000 1.000 1.000
v -306.0 166.0 -81.0 1.000 1.000 1.000
v -326.0 152.0 -129.0 1.000 1.000 1.000
v -378.0 166.0 -122.0 1.000 1.000 1.000
v -371.0 152.0 -148.0 1.000 1.000 1.000
v -419.0 166.0 -128.0 1.000 1.000 1.000
v -419.0 152.0 -154.0 1.000 1.000 1.000
v -419.0 152.0 -154.0 1.000 1.000 1.000
v -461.0 166.0 -122.0 1.000 1.000 1.000
v -419.0 166.0 -128.0 1.000 1.000 1.000
v -468.0 152.0 -148.0 1.000 1.000 1.000
v -499.0 166.0 -106.0 1.000 1.000 1.000
v -513.0 152.0 -129.0 1.000 1.000 1.000
v -532.0 166.0 -81.0 1.000 1.000 1.000
v -551.0 152.0 -100.0 1.000 1.000 1.000
v -558.0 166.0 -48.0 1.000 1.000 1.000
v -581.0 152.0 -61.0 1.000 1.000 1.000
v -574.0 166.0 -9.0 1.000 1.000 1.000
v -599.0 152.0 -16.0 1.000 1.000 1.000
v -579.0 166.0 32.0 1.000 1.000 1.000
v -606.0 152.0 32.0 1.000 1.000 1.000
v -551.0 152.0 163.0 1.000 1.000 1.000
v -419.0 152.0 213.0 1.000 1.000 1.000
v -239.0 152.0 32.0 1.000 1.000 1.000
v -288.0 152.0 -99.0 1.000 1.000 1.000
v -288.0 152.0 163.0 1.000 1.000 1.000
v -419.0 152.0 -148.0 1.000 1.000 1.000
v -600.0 152.0 32.0 1.000 1.000 1.000
v -551.0 152.0 -99.0 1.000 1.000 1.000
v -417.0 166.0 -128.0 1.000 1.000 1.000
v -417.0 152.0 -154.0 1.000 1.000 1.000
v -422.0 152.0 -154.0 1.000 1.000 1.000
v -422.0 166.0 -128.0 1.000 1.000 1.000
v -280.0 166.0 -45.0 1.000 1.000 1.000
v -257.0 152.0 -59.0 1.000 1.000 1.000
v -259.0 152.0 -63.0 1.000 1.000 1.000
v -282.0 166.0 -50.0 1.000 1.000 1.000
v -337.0 166.0 -105.0 1.000 1.000 1.000
v -324.0 152.0 -128.0 1.000 1.000 1.000
v -329.0 152.0 -131.0 1.000 1.000 1.000
v -342.0 166.0 -107.0 1.000 1.000 1.000
v -282.0 166.0 114.0 1.000 1.000 1.000
v -259.0 152.0 128.0 1.000 1.000 1.000
v -257.0 152.0 123.0 1.000 1.000 1.000
v -280.0 166.0 110.0 1.000 1.000 1.000
v -497.0 166.0 -107.0 1.000 1.000 1.000
v -510.0 152.0 -131.0 1.000 1.000 1.000
v -515.0 152.0 -128.0 1.000 1.000 1.000
v -502.0 166.0 -105.0 1.000 1.000 1.000
v -422.0 166.0 192.0 1.000 1.000 1.000
v -422.0 152.0 219.0 1.000 1.000 1.000
v -417.0 152.0 219.0 1.000 1.000 1.000
v -417.0 166.0 192.0 1.000 1.000 1.000
v -260.0 166.0 35.0 1.000 1.000 1.000
v -233.0 152.0 35.0 1.000 1.000 1.000
v -233.0 152.0 30.0 1.000 1.000 1.000
v -260.0 166.0 30.0 1.000 1.000 1.000
v -502.0 166.0 169.0 1.000 1.000 1.000
v -515.0 152.0 192.0 1.000 1.000 1.000
v -510.0 152.0 195.0 1.000 1.000 1.000
v -497.0 166.0 172.0 1.000 1.000 1.000
v -559.0 166.0 110.0 1.000 1.000 1.000
v -582.0 152.0 123.0 1.000 1.000 1.000
v -579.0 152.0 128.0 1.000 1.000 1.000
v -556.0 166.0 114.0 1.000 1.000 1.000
v -556.0 166.0 -50.0 1.000 1.000 1.000
v -579.0 152.0 -63.0 1.000 1.000 1.000
v -582.0 152.0 -59.0 1.000 1.000 1.000
v -559.0 166.0 -45.0 1.000 1.000 1.000
v -342.0 166.0 172.0 1.000 1.000 1.000
v -329.0 152.0 195.0 1.000 1.000 1.000
v -324.0 152.0 192.0 1.000 1.000 1.000
v -337.0 166.0 169.0 1.000 1.000 1.000
v -579.0 166.0 30.0 1.000 1.000 1.000
v -606.0 152.0 30.0 1.000 1.000 1.000
v -606.0 152.0 35.0 1.000 1.000 1.000
v -579.0 166.0 35.0 1.000 1.000 1.000
v -415.0 153.0 126.0 1.000 1.000 1.000
v -424.0 153.0 126.0 1.000 1.000 1.000
v -424.0 153.0 154.0 1.000 1.000 1.000
v -415.0 153.0 154.0 1.000 1.000 1.000
v -542.0 153.0 27.0 1.000 1.000 1.000
v -542.0 153.0 37.0 1.000 1.000 1.000
v -513.0 153.0 37.0 1.000 1.000 1.000
v -513.0 153.0 27.0 1.000 1.000 1.000
v -326.0 153.0 27.0 1.000 1.000 1.000
v -326.0 153.0 37.0 1.000 1.000 1.000
v -297.0 153.0 37.0 1.000 1.000 1.000
v -297.0 153.0 27.0 1.000 1.000 1.000
v -422.0 153.0 -90.0 1.000 1.000 1.000
v -431.0 153.0 -90.0 1.000 1.000 1.000
v -431.0 153.0 -61.0 1.000 1.000 1.000
v -422.0 153.0 -61.0 1.000 1.000 1.000
v -407.0 153.0 -90.0 1.000 1.000 1.000
v -417.0 153.0 -90.0 1.000 1.000 1.000
v -417.0 153.0 -61.0 1.000 1.000 1.000
v -407.0 153.0 -61.0 1.000 1.000 1.000
v -512.0 153.0 -19.0 1.000 1.000 1.000
v -512.0 153.0 -32.0 1.000 1.000 1.000
v -526.0 153.0 -32.0 1.000 1.000 1.000
v -526.0 153.0 -19.0 1.000 1.000 1.000
v -470.0 153.0 -60.0 1.000 1.000 1.000
v -470.0 153.0 -74.0 1.000 1.000 1.000
v -484.0 153.0 -74.0 1.000 1.000 1.000
v -484.0 153.0 -60.0 1.000 1.000 1.000
v -355.0 153.0 -60.0 1.000 1.000 1.000
v -355.0 153.0 -74.0 1.000 1.000 1.000
v -369.0 153.0 -74.0 1.000 1.000 1.000
v -369.0 153.0 -60.0 1.000 1.000 1.000
v -313.0 153.0 -19.0 1.000 1.000 1.000
v -313.0 153.0 -32.0 1.000 1.000 1.000
v -326.0 153.0 -32.0 1.000 1.000 1.000
v -326.0 153.0 -19.0 1.000 1.000 1.000
v -313.0 153.0 96.0 1.000 1.000 1.000
v -313.0 153.0 83.0 1.000 1.000 1.000
v -326.0 153.0 83.0 1.000 1.000 1.000
v -326.0 153.0 96.0 1.000 1.000 1.000
v -355.0 153.0 139.0 1.000 1.000 1.000
v -355.0 153.0 126.0 1.000 1.000 1.000
v -369.0 153.0 126.0 1.000 1.000 1.000
v -369.0 153.0 139.0 1.000 1.000 1.000
v -470.0 153.0 138.0 1.000 1.000 1.000
v -470.0 153.0 125.0 1.000 1.000 1.000
v -483.0 153.0 125.0 1.000 1.000 1.000
v -483.0 153.0 138.0 1.000 1.000 1.000
v -512.0 153.0 96.0 1.000 1.000 1.000
v -512.0 153.0 83.0 1.000 1.000 1.000
v -526.0 153.0 83.0 1.000 1.000 1.000
v -526.0 153.0 96.0 1.000 1.000 1.000
v -214.0 139.0 11.0 1.000 1.000 1.000
v -214.0 139.0 54.0 1.000 1.000 1.000
v -180.0 139.0 54.0 1.000 1.000 1.000
v -180.0 139.0 11.0 1.000 1.000 1.000
v -608.0 139.0 -52.0 1.000 1.000 1.000
v -587.0 139.0 -89.0 1.000 1.000 1.000
v -616.0 139.0 -106.0 1.000 1.000 1.000
v -638.0 139.0 -69.0 1.000 1.000 1.000
v -433.0 153.0 -97.0 1.000 1.000 1.000
v -432.0 153.0 -111.0 1.000 1.000 1.000
v -437.0 153.0 -111.0 1.000 1.000 1.000
v -446.0 153.0 -94.0 1.000 1.000 1.000
v -447.0 153.0 -109.0 1.000 1.000 1.000
v -452.0 153.0 -108.0 1.000 1.000 1.000
v -459.0 153.0 -91.0 1.000 1.000 1.000
v -462.0 153.0 -105.0 1.000 1.000 1.000
v -466.0 153.0 -104.0 1.000 1.000 1.000
v -472.0 153.0 -86.0 1.000 1.000 1.000
v -476.0 153.0 -100.0 1.000 1.000 1.000
v -480.0 153.0 -98.0 1.000 1.000 1.000
v -484.0 153.0 -80.0 1.000 1.000 1.000
v -489.0 153.0 -94.0 1.000 1.000 1.000
v -493.0 153.0 -91.0 1.000 1.000 1.000
v -307.0 153.0 -33.0 1.000 1.000 1.000
v -294.0 153.0 -38.0 1.000 1.000 1.000
v -296.0 153.0 -42.0 1.000 1.000 1.000
v -495.0 153.0 -73.0 1.000 1.000 1.000
v -502.0 153.0 -86.0 1.000 1.000 1.000
v -506.0 153.0 -83.0 1.000 1.000 1.000
v -506.0 153.0 -64.0 1.000 1.000 1.000
v -514.0 153.0 -76.0 1.000 1.000 1.000
v -517.0 153.0 -73.0 1.000 1.000 1.000
v -516.0 153.0 -54.0 1.000 1.000 1.000
v -525.0 153.0 -66.0 1.000 1.000 1.000
v -528.0 153.0 -62.0 1.000 1.000 1.000
v -524.0 153.0 -44.0 1.000 1.000 1.000
v -534.0 153.0 -54.0 1.000 1.000 1.000
v -537.0 153.0 -50.0 1.000 1.000 1.000
v -307.0 153.0 97.0 1.000 1.000 1.000
v -296.0 153.0 106.0 1.000 1.000 1.000
v -294.0 153.0 102.0 1.000 1.000 1.000
v -531.0 153.0 -33.0 1.000 1.000 1.000
v -543.0 153.0 -42.0 1.000 1.000 1.000
v -545.0 153.0 -38.0 1.000 1.000 1.000
v -538.0 153.0 -20.0 1.000 1.000 1.000
v -550.0 153.0 -28.0 1.000 1.000 1.000
v -552.0 153.0 -24.0 1.000 1.000 1.000
v -419.0 153.0 -97.0 1.000 1.000 1.000
v -417.0 153.0 -112.0 1.000 1.000 1.000
v -422.0 153.0 -112.0 1.000 1.000 1.000
v -542.0 153.0 -8.0 1.000 1.000 1.000
v -555.0 153.0 -15.0 1.000 1.000 1.000
v -557.0 153.0 -10.0 1.000 1.000 1.000
v -296.0 153.0 72.0 1.000 1.000 1.000
v -283.0 153.0 79.0 1.000 1.000 1.000
v -282.0 153.0 74.0 1.000 1.000 1.000
v -301.0 153.0 -20.0 1.000 1.000 1.000
v -287.0 153.0 -24.0 1.000 1.000 1.000
v -289.0 153.0 -28.0 1.000 1.000 1.000
v -546.0 153.0 5.0 1.000 1.000 1.000
v -560.0 153.0 0.0 1.000 1.000 1.000
v -561.0 153.0 5.0 1.000 1.000 1.000
v -301.0 153.0 85.0 1.000 1.000 1.000
v -289.0 153.0 93.0 1.000 1.000 1.000
v -287.0 153.0 88.0 1.000 1.000 1.000
v -548.0 153.0 19.0 1.000 1.000 1.000
v -562.0 153.0 15.0 1.000 1.000 1.000
v -563.0 153.0 20.0 1.000 1.000 1.000
v -315.0 153.0 108.0 1.000 1.000 1.000
v -304.0 153.0 119.0 1.000 1.000 1.000
v -302.0 153.0 115.0 1.000 1.000 1.000
v -549.0 153.0 32.0 1.000 1.000 1.000
v -563.0 153.0 30.0 1.000 1.000 1.000
v -563.0 153.0 35.0 1.000 1.000 1.000
v -548.0 153.0 46.0 1.000 1.000 1.000
v -563.0 153.0 45.0 1.000 1.000 1.000
v -562.0 153.0 50.0 1.000 1.000 1.000
v -546.0 153.0 59.0 1.000 1.000 1.000
v -561.0 153.0 60.0 1.000 1.000 1.000
v -560.0 153.0 64.0 1.000 1.000 1.000
v -291.0 153.0 46.0 1.000 1.000 1.000
v -277.0 153.0 50.0 1.000 1.000 1.000
v -276.0 153.0 45.0 1.000 1.000 1.000
v -542.0 153.0 72.0 1.000 1.000 1.000
v -557.0 153.0 74.0 1.000 1.000 1.000
v -555.0 153.0 79.0 1.000 1.000 1.000
v -538.0 153.0 85.0 1.000 1.000 1.000
v -552.0 153.0 88.0 1.000 1.000 1.000
v -550.0 153.0 93.0 1.000 1.000 1.000
v -367.0 153.0 -86.0 1.000 1.000 1.000
v -359.0 153.0 -98.0 1.000 1.000 1.000
v -363.0 153.0 -100.0 1.000 1.000 1.000
v -355.0 153.0 -80.0 1.000 1.000 1.000
v -345.0 153.0 -91.0 1.000 1.000 1.000
v -350.0 153.0 -94.0 1.000 1.000 1.000
v -379.0 153.0 155.0 1.000 1.000 1.000
v -377.0 153.0 170.0 1.000 1.000 1.000
v -373.0 153.0 168.0 1.000 1.000 1.000
v -531.0 153.0 97.0 1.000 1.000 1.000
v -545.0 153.0 102.0 1.000 1.000 1.000
v -543.0 153.0 106.0 1.000 1.000 1.000
v -323.0 153.0 -54.0 1.000 1.000 1.000
v -311.0 153.0 -62.0 1.000 1.000 1.000
v -314.0 153.0 -66.0 1.000 1.000 1.000
v -392.0 153.0 -94.0 1.000 1.000 1.000
v -387.0 153.0 -108.0 1.000 1.000 1.000
v -392.0 153.0 -109.0 1.000 1.000 1.000
v -343.0 153.0 -73.0 1.000 1.000 1.000
v -333.0 153.0 -83.0 1.000 1.000 1.000
v -337.0 153.0 -86.0 1.000 1.000 1.000
v -392.0 153.0 159.0 1.000 1.000 1.000
v -392.0 153.0 173.0 1.000 1.000 1.000
v -387.0 153.0 172.0 1.000 1.000 1.000
v -315.0 153.0 -44.0 1.000 1.000 1.000
v -302.0 153.0 -50.0 1.000 1.000 1.000
v -304.0 153.0 -54.0 1.000 1.000 1.000
v -333.0 153.0 -64.0 1.000 1.000 1.000
v -321.0 153.0 -73.0 1.000 1.000 1.000
v -325.0 153.0 -76.0 1.000 1.000 1.000
v -524.0 153.0 108.0 1.000 1.000 1.000
v -537.0 153.0 115.0 1.000 1.000 1.000
v -534.0 153.0 119.0 1.000 1.000 1.000
v -379.0 153.0 -91.0 1.000 1.000 1.000
v -373.0 153.0 -104.0 1.000 1.000 1.000
v -377.0 153.0 -105.0 1.000 1.000 1.000
v -290.0 153.0 32.0 1.000 1.000 1.000
v -276.0 153.0 35.0 1.000 1.000 1.000
v -276.0 153.0 30.0 1.000 1.000 1.000
v -516.0 153.0 119.0 1.000 1.000 1.000
v -528.0 153.0 127.0 1.000 1.000 1.000
v -525.0 153.0 130.0 1.000 1.000 1.000
v -506.0 153.0 128.0 1.000 1.000 1.000
v -517.0 153.0 137.0 1.000 1.000 1.000
v -514.0 153.0 141.0 1.000 1.000 1.000
v -495.0 153.0 137.0 1.000 1.000 1.000
v -506.0 153.0 147.0 1.000 1.000 1.000
v -502.0 153.0 150.0 1.000 1.000 1.000
v -323.0 153.0 119.0 1.000 1.000 1.000
v -314.0 153.0 130.0 1.000 1.000 1.000
v -311.0 153.0 127.0 1.000 1.000 1.000
v -343.0 153.0 137.0 1.000 1.000 1.000
v -337.0 153.0 150.0 1.000 1.000 1.000
v -333.0 153.0 147.0 1.000 1.000 1.000
v -406.0 153.0 161.0 1.000 1.000 1.000
v -407.0 153.0 175.0 1.000 1.000 1.000
v -402.0 153.0 175.0 1.000 1.000 1.000
v -484.0 153.0 144.0 1.000 1.000 1.000
v -493.0 153.0 155.0 1.000 1.000 1.000
v -489.0 153.0 158.0 1.000 1.000 1.000
v -472.0 153.0 150.0 1.000 1.000 1.000
v -480.0 153.0 163.0 1.000 1.000 1.000
v -476.0 153.0 165.0 1.000 1.000 1.000
v -459.0 153.0 155.0 1.000 1.000 1.000
v -466.0 153.0 168.0 1.000 1.000 1.000
v -462.0 153.0 170.0 1.000 1.000 1.000
v -446.0 153.0 159.0 1.000 1.000 1.000
v -452.0 153.0 172.0 1.000 1.000 1.000
v -447.0 153.0 173.0 1.000 1.000 1.000
v -406.0 153.0 -97.0 1.000 1.000 1.000
v -402.0 153.0 -111.0 1.000 1.000 1.000
v -407.0 153.0 -111.0 1.000 1.000 1.000
v -433.0 153.0 161.0 1.000 1.000 1.000
v -437.0 153.0 175.0 1.000 1.000 1.000
v -432.0 153.0 175.0 1.000 1.000 1.000
v -296.0 153.0 -8.0 1.000 1.000 1.000
v -282.0 153.0 -10.0 1.000 1.000 1.000
v -283.0 153.0 -15.0 1.000 1.000 1.000
v -333.0 153.0 128.0 1.000 1.000 1.000
v -325.0 153.0 141.0 1.000 1.000 1.000
v -321.0 153.0 137.0 1.000 1.000 1.000
v -293.0 153.0 5.0 1.000 1.000 1.000
v -278.0 153.0 5.0 1.000 1.000 1.000
v -279.0 153.0 0.0 1.000 1.000 1.000
v -419.0 153.0 162.0 1.000 1.000 1.000
v -422.0 153.0 176.0 1.000 1.000 1.000
v -417.0 153.0 176.0 1.000 1.000 1.000
v -291.0 153.0 19.0 1.000 1.000 1.000
v -276.0 153.0 20.0 1.000 1.000 1.000
v -277.0 153.0 15.0 1.000 1.000 1.000
v -355.0 153.0 144.0 1.000 1.000 1.000
v -350.0 153.0 158.0 1.000 1.000 1.000
v -345.0 153.0 155.0 1.000 1.000 1.000
v -367.0 153.0 150.0 1.000 1.000 1.000
v -363.0 153.0 165.0 1.000 1.000 1.000
v -359.0 153.0 163.0 1.000 1.000 1.000
v -293.0 153.0 59.0 1.000 1.000 1.000
v -279.0 153.0 64.0 1.000 1.000 1.000
v -278.0 153.0 60.0 1.000 1.000 1.000
v -6.0 5.0 -7.0 1.000 1.000 1.000
v -9.0 5.0 13.0 1.000 1.000 1.000
v 9.0 5.0 13.0 1.000 1.000 1.000
v 6.0 5.0 -7.0 1.000 1.000 1.000
v 2.0 5.0 -7.0 1.000 1.000 1.000
v 9.0 5.0 -47.0 1.000 1.000 1.000
v 6.0 5.0 -47.0 1.000 1.000 1.000
v -9.0 5.0 -47.0 1.000 1.000 1.000
v -2.0 5.0 -7.0 1.000 1.000 1.000
v -6.0 5.0 -47.0 1.000 1.000 1.000
v 6.01911078777961e-36 5.0 -60.0 1.000 1.000 1.000
v 9.0 11.0 13.0 1.000 1.000 1.000
v 6.0 11.0 -13.0 1.000 1.000 1.000
v -6.0 11.0 -13.0 1.000 1.000 1.000
v -9.0 11.0 13.0 1.000 1.000 1.000
v 9.0 11.0 -93.0 1.000 1.000 1.000
v 6.0 11.0 -93.0 1.000 1.000 1.000
v 2.0 11.0 -13.0 1.000 1.000 1.000
v -6.0 11.0 -93.0 1.000 1.000 1.000
v -9.0 11.0 -93.0 1.000 1.000 1.000
v -2.0 11.0 -13.0 1.000 1.000 1.000
v 0.0 11.0 -120.0 1.000 1.000 1.000
v 3.0 2.0 6.0 1.000 1.000 1.000
v 0.0 2.0 -121.0 1.000 1.000 1.000
v -3.0 2.0 6.0 1.000 1.000 1.000
vt 0.3164 0.8252
vt 0.3740 0.8271
vt 0.2363 0.8467
vt 0.3682 0.8545
vt 0.3652 0.9043
vt 0.2012 0.8945
vt 0.2324 0.9414
vt 0.3643 0.9502
vt 0.3701 0.9619
vt 0.3115 0.9600
vt 0.3799 0.8389
vt 0.6982 0.7793
vt 0.7988 0.7324
vt 0.7100 0.7998
vt 0.6973 0.8184
vt 0.7910 0.7764
vt 0.7109 0.8682
vt 0.8008 0.8320
vt 0.7070 0.9160
vt 0.8018 0.8857
vt 0.6992 0.9346
vt 0.7920 0.9062
vt 0.6904 0.8926
vt 0.7900 0.8584
vt 0.6875 0.7979
vt 0.7871 0.7529
vt 0.6475 0.9736
vt 0.6592 0.9385
vt 0.6699 0.8730
vt 0.6484 0.7852
vt 0.6846 0.7959
vt 0.4287 0.6309
vt 0.4707 0.6250
vt 0.3662 0.6504
vt 0.4648 0.6348
vt 0.4551 0.6855
vt 0.3477 0.7549
vt 0.3330 0.7021
vt 0.4463 0.7402
vt 0.4453 0.7725
vt 0.4023 0.7793
vt 0.4697 0.6572
vt 0.7227 0.5791
vt 0.8242 0.5605
vt 0.7363 0.6270
vt 0.8408 0.5869
vt 0.7510 0.6826
vt 0.8525 0.6475
vt 0.7471 0.7363
vt 0.8525 0.7080
vt 0.7363 0.7588
vt 0.8408 0.7324
vt 0.7568 0.7402
vt 0.8691 0.7109
vt 0.7432 0.7188
vt 0.8535 0.6865
vt 0.7119 0.6260
vt 0.8125 0.5850
vt 0.6992 0.6836
vt 0.6650 0.5986
vt 0.4492 0.4258
vt 0.4941 0.4160
vt 0.4873 0.4287
vt 0.3848 0.4512
vt 0.4766 0.4893
vt 0.3486 0.5146
vt 0.4648 0.5557
vt 0.3623 0.5791
vt 0.4619 0.5957
vt 0.4170 0.6064
vt 0.5039 0.4541
vt 0.7119 0.3701
vt 0.8428 0.3770
vt 0.7227 0.4229
vt 0.8516 0.4043
vt 0.7314 0.4785
vt 0.8584 0.4658
vt 0.7295 0.5332
vt 0.8594 0.5264
vt 0.8535 0.5508
vt 0.7168 0.5303
vt 0.8447 0.5244
vt 0.7109 0.4746
vt 0.8379 0.4619
vt 0.7100 0.4199
vt 0.8379 0.4014
vt 0.6846 0.4707
vt 0.6475 0.3564
vt 0.1758 0.1934
vt 0.0215 0.1699
vt 0.1777 0.1758
vt 0.0205 0.1865
vt 0.1738 0.2529
vt 0.0195 0.2461
vt 0.1719 0.3154
vt 0.0156 0.3086
vt 0.1709 0.3496
vt 0.0156 0.3428
vt 0.1729 0.3281
vt 0.0166 0.3252
vt 0.1748 0.2705
vt 0.0195 0.2676
vt 0.1768 0.2061
vt 0.0215 0.2031
vt 0.2275 0.2158
vt 0.2246 0.3027
vt 0.6963 0.2266
vt 0.6367 0.1914
vt 0.6709 0.2002
vt 0.6162 0.2080
vt 0.6914 0.2754
vt 0.6025 0.2559
vt 0.6758 0.3223
vt 0.5957 0.3047
vt 0.6084 0.3281
vt 0.6426 0.3359
vt 0.6494 0.2148
vt 0.4668 0.1406
vt 0.4404 0.1611
vt 0.4229 0.2197
vt 0.4141 0.2812
vt 0.4307 0.3096
vt 0.4570 0.2891
vt 0.6289 0.3115
vt 0.4785 0.2314
vt 0.6465 0.2646
vt 0.4824 0.1689
vt 0.4395 0.1367
vt 0.3867 0.1523
vt 0.3545 0.2080
vt 0.3613 0.2715
vt 0.4033 0.3066
vt 0.4824 0.1709
vt 0.6973 0.1855
vt 0.8154 0.1602
vt 0.6992 0.2061
vt 0.8174 0.1836
vt 0.7031 0.2598
vt 0.8223 0.2441
vt 0.7070 0.3164
vt 0.8262 0.3066
vt 0.8281 0.3340
vt 0.7070 0.3203
vt 0.8262 0.3105
vt 0.7031 0.2656
vt 0.8213 0.2500
vt 0.6992 0.2100
vt 0.8174 0.1885
vt 0.6348 0.1777
vt 0.6680 0.2305
vt 0.6836 0.3613
vt 0.4541 0.3516
vt 0.5205 0.2949
vt 0.6084 0.2471
vt 0.8193 0.3164
vt 0.5811 0.2256
vt 0.4209 0.2969
vt 0.4141 0.2422
vt 0.4570 0.2539
vt 0.4414 0.3154
vt 0.3750 0.2881
vt 0.3525 0.3193
vt 0.4248 0.4268
vt 0.3350 0.3340
vt 0.4062 0.4326
vt 0.3311 0.3232
vt 0.3398 0.2549
vt 0.8555 0.2588
vt 0.5098 0.2891
vt 0.4658 0.2803
vt 0.9561 0.2334
vt 0.6104 0.1523
vt 0.5518 0.1680
vt 0.6113 0.1318
vt 0.5557 0.1182
vt 0.2646 0.2627
vt 0.2617 0.2529
vt 0.2812 0.2500
vt 0.3008 0.2217
vt 0.3125 0.1953
vt 0.4707 0.1689
vt 0.9482 0.1426
vt 0.8496 0.0137
vt 0.9609 0.1338
vt 0.8369 0.0225
vt 0.8984 0.1787
vt 0.7891 0.0605
vt 0.8467 0.2168
vt 0.7354 0.0967
vt 0.8174 0.2383
vt 0.7061 0.1182
vt 0.8340 0.2266
vt 0.7188 0.1094
vt 0.8818 0.1914
vt 0.8008 0.1025
vt 0.9355 0.1523
vt 0.8203 0.0352
vt 0.9688 0.1953
vt 0.8965 0.2480
vt 0.2598 0.2139
vt 0.2529 0.1816
vt 0.5322 0.0918
vt 0.5967 0.0967
vt 0.2666 0.2363
vt 0.6201 0.1084
vt 0.5889 0.1201
vt 0.5254 0.1016
vt 0.3467 0.2656
vt 0.3594 0.2793
vt 0.3574 0.2705
vt 0.2500 0.2480
vt 0.5898 0.1562
vt 0.7617 0.1846
vt 0.6494 0.1621
vt 0.6338 0.2012
vt 0.7617 0.2090
vt 0.5625 0.1875
vt 0.3486 0.2471
vt 0.3477 0.2197
vt 0.5605 0.1602
vt 0.3594 0.3955
vt 0.5674 0.2461
vt 0.5752 0.3662
vt 0.5840 0.4854
vt 0.3770 0.6377
vt 0.5928 0.6084
vt 0.3896 0.8203
vt 0.5986 0.6992
vt 0.6055 0.7910
vt 0.6123 0.8818
vt 0.3984 0.9434
vt 0.6162 0.9443
vt 0.4004 0.9766
vt 0.6191 0.9775
vt 1.0225 0.3018
vt 0.9990 0.3447
vt 0.4111 0.8135
vt 0.4121 0.7949
vt 0.6855 0.7871
vt 0.6846 0.8057
vt 0.3574 0.7920
vt 0.3750 0.8115
vt 0.8076 0.6719
vt 0.6611 0.6670
vt 0.4990 0.6611
vt 0.7012 0.3193
vt 0.6973 0.4316
vt 0.6934 0.5547
vt 0.4209 0.5381
vt 0.4238 0.4756
vt 0.2109 0.5518
vt 0.2207 0.6875
vt 0.2012 0.4170
vt 0.2305 0.8252
vt 0.2373 0.9209
vt 0.8857 0.7637
vt 0.8857 0.7607
vt 0.8867 0.7344
vt 0.8896 0.6406
vt 0.8955 0.4805
vt 0.8994 0.3818
vt 0.4404 0.9082
vt 0.5488 0.9102
vt 0.1953 0.3320
vt 0.1953 0.3359
vt 0.1172 0.4541
vt 0.1123 0.3838
vt 0.1289 0.6260
vt 0.1416 0.7969
vt 0.5498 0.8008
vt 0.4648 0.7627
vt 0.4570 0.7080
vt 0.9873 0.7207
vt 0.8770 0.7637
vt 0.8779 0.7344
vt 0.9893 0.6709
vt 0.8809 0.6406
vt 0.9932 0.5498
vt 0.8867 0.4805
vt 0.9971 0.4287
vt 0.8896 0.3818
vt 0.5068 0.8848
vt 0.7139 0.8633
vt 0.5488 0.9111
vt 0.5469 0.7979
vt 0.8926 0.6094
vt 0.8477 0.6406
vt 0.8467 0.5195
vt 0.8887 0.5264
vt 0.8936 0.6582
vt 0.8936 0.6924
vt 0.8486 0.6914
vt 0.8936 0.7129
vt 0.3203 0.4209
vt 0.4473 0.4375
vt 0.4395 0.3828
vt 0.3154 0.3838
vt 0.3232 0.4453
vt 0.8877 0.4814
vt 0.8457 0.3984
vt 0.8906 0.3965
vt -0.3281 0.0156
vt -0.2930 -0.1797
vt 0.7617 -0.2500
vt 0.7773 -0.3594
vt 0.8008 -1.3828
vt -0.3086 -1.8750
vt 0.7773 -1.5781
vt -0.2734 -0.8828
vt 0.7930 -0.4570
vt -0.2812 -1.5859
vt 0.8086 -0.9219
vt 0.3164 0.4082
vt 0.4395 0.4395
vt 0.3164 0.4473
vt 0.3193 0.5059
vt 0.4473 0.5732
vt 0.3242 0.5977
vt 0.3291 0.6572
vt 0.3350 0.7480
vt 0.3379 0.7725
vt 0.3428 0.8096
vt 0.7500 -0.3164
vt 0.7383 -0.4531
vt -0.3477 -1.5664
vt 0.7461 -1.3828
vt -0.3594 -0.1758
vt 0.7305 -0.9180
vt -0.3672 -0.8516
vt 0.4219 0.8398
vt 0.4180 0.7617
vt 0.3320 0.7617
vt 0.7578 0.8359
vt 0.6641 0.7578
vt 0.7461 0.7578
vt 0.8516 0.8320
vt 0.8164 0.7539
vt 0.8516 0.7539
vt 0.0859 0.8398
vt 0.0508 0.7578
vt -0.0508 0.7578
vt -0.0547 0.8359
vt 0.0859 0.7617
vt -0.0156 0.7539
vt 0.0938 0.7500
vt 0.0938 0.8281
vt 0.1797 0.7500
vt 0.4258 0.7461
vt 0.4375 0.8281
vt 0.5195 0.7461
vt 0.7500 0.7461
vt 0.7578 0.8281
vt 0.7852 0.7500
vt 0.2148 0.6562
vt 0.0859 0.6562
vt 0.0039 0.6562
vt -0.0469 0.6523
vt 0.8477 0.6484
vt 0.7656 0.6523
vt 0.7305 0.6562
vt 0.5391 0.6562
vt 0.4102 0.6562
vt 0.8125 0.6484
vt 0.7422 0.6445
vt 0.6250 0.6445
vt 0.4141 0.6445
vt 0.2930 0.6445
vt 0.0898 0.6484
vt 0.0352 0.6484
vt 0.0859 0.5469
vt -0.0469 0.5469
vt 0.8438 0.5430
vt 0.7148 0.5430
vt 0.3984 0.5430
vt 0.7305 0.5430
vt 0.3975 -0.4443
vt 0.1885 0.9180
vt 0.2227 -0.4453
vt 0.5400 0.9180
vt 0.5732 -0.4443
vt 0.0430 0.9180
vt 0.0771 -0.4453
vt 0.8916 0.9180
vt 0.9248 -0.4443
vt 0.7490 -0.4443
vt 1.0703 -0.4443
vt 1.0371 0.9189
vt 0.4609 0.0586
vt 0.4492 0.8555
vt 0.1719 0.8555
vt 0.7344 0.0625
vt 0.7305 0.8555
vt 0.7891 0.0664
vt 0.8086 0.0703
vt 0.8438 0.8555
vt 0.7891 0.0742
vt 0.7344 0.0781
vt 0.4727 0.0820
vt 0.1992 0.0781
vt 0.0781 0.0703
vt 0.0547 0.8555
vt 0.1914 0.0625
vt 0.5625 0.0189
vt 0.3809 0.6224
vt 0.4043 0.0169
vt 0.5439 0.6217
vt 0.5957 0.0221
vt 0.6064 0.0254
vt 0.6113 0.6217
vt 0.5957 0.0286
vt 0.5625 0.0319
vt 0.4102 0.0352
vt 0.2490 0.0332
vt 0.2168 0.6230
vt 0.1797 0.0267
vt 0.1494 0.6230
vt 0.2451 0.0202
vt 1.0000 0.9922
vt 0.0000 0.0078
vt 0.0000 1.0000
vt 1.0000 0.0000
vt 0.0312 -0.0156
vt 0.5156 -0.0156
vt 0.0312 0.9141
vt 1.0000 -0.0156
vt 1.0000 0.9141
vt 0.5000 1.0000
vt 1.0000 1.0000
vt 0.0000 0.0000
vt -0.0078 0.0156
vt -0.0078 1.0156
vt 0.9844 1.0000
vt 0.0156 0.0000
vt 0.9863 0.5430
vt 0.9873 0.6943
vt 0.9883 0.7568
vt 0.0527 0.3857
vt 0.0625 0.4619
vt 0.9844 0.3916
vt 0.3594 0.4212
vt 0.4287 0.4258
vt 0.4463 0.6068
vt 0.4580 0.6094
vt 0.8887 0.6048
vt 1.0479 0.4102
vt 0.9785 0.5983
vt 0.6855 0.4245
vt 0.5215 0.6107
vt 0.9424 0.4180
vt 0.6904 0.6100
vt 0.7344 0.3574
vt 0.8320 0.3555
vt 0.5850 0.3880
vt 0.4033 0.3906
vt 0.2910 0.3815
vt 0.2637 0.3802
vt 1.0332 0.3503
vt 1.1084 0.3822
vt 0.9746 0.3529
vt 0.0537 0.4639
vt 0.0635 0.6484
vt 0.0771 0.8330
vt 0.0869 0.9092
vt 0.4385 0.6048
vt 0.4873 0.6016
vt 0.9355 0.4062
vt 0.9014 0.5951
vt 0.4287 0.4147
vt 0.6924 0.5964
vt 0.6748 0.4082
vt 0.7305 0.2467
vt 0.8789 0.2441
vt 0.6416 0.2474
vt 0.4932 0.2487
vt 0.3887 0.2480
vt 0.3262 0.2448
vt 0.2725 0.3757
vt 0.3496 0.2422
vt 0.3174 0.3730
vt 0.4043 0.2376
vt 0.4180 0.3522
vt 0.5664 0.2344
vt 0.6377 0.3483
vt 0.7275 0.2305
vt 0.7891 0.3477
vt 0.8125 0.2298
vt 0.9609 0.3737
vt 0.9600 0.2728
vt 1.0547 0.3809
vt 0.9971 0.2747
vt 1.0605 0.2780
vt 1.0244 0.2812
vt 0.9619 0.2858
vt 0.6582 0.0462
vt 0.9463 0.0417
vt 0.3701 0.0508
vt 0.2510 0.0527
vt 0.3555 0.0508
vt 0.9443 0.0417
vt 1.0654 0.0397
vt 0.8691 0.7129
vt 0.8232 0.7161
vt 0.8340 0.8340
vt 0.8076 0.8359
vt 0.5557 0.8379
vt 0.4062 0.7129
vt 0.5088 0.8346
vt 0.6504 0.7181
vt 0.7842 0.8372
vt 0.4775 0.7168
vt 0.6709 0.8385
vt 0.8174 0.8327
vt 0.7832 0.8314
vt 0.4805 0.7090
vt 0.5547 0.8314
vt 0.8213 0.7090
vt 0.6689 0.8301
vt 0.6562 0.7077
vt 0.6367 0.6517
vt 0.5889 0.6517
vt 0.7549 0.6699
vt 0.8027 0.6699
vt 0.8369 0.6667
vt 0.8564 0.6654
vt 0.4424 0.6504
vt 0.3672 0.6719
vt 0.4629 0.6510
vt 0.3877 0.6706
vt 0.4639 0.6426
vt 0.5137 0.6426
vt 0.6396 0.6413
vt 0.6914 0.6419
vt 0.8037 0.6615
vt 0.8223 0.6628
vt 0.5088 0.5664
vt 0.4521 0.5944
vt 0.4053 0.5918
vt 0.3789 0.5905
vt 0.8877 0.5273
vt 0.8418 0.5299
vt 0.7939 0.5651
vt 0.6846 0.5658
vt 0.6182 0.5664
vt 0.8701 0.5260
vt 0.8281 0.5234
vt 0.7383 0.5566
vt 0.6182 0.5560
vt 0.5557 0.5560
vt 0.4521 0.5859
vt 0.4258 0.5872
vt 0.3984 0.2012
vt 0.3193 0.2012
vt 0.8623 0.2012
vt 0.7822 0.2012
vt 0.5908 0.2012
vt 0.7920 0.2012
vt 0.4004 0.2012
vt 0.0405 0.0117
vt 0.9868 0.0078
vt 0.9868 0.0215
vt 0.0405 0.0244
vt 0.0400 0.0547
vt 0.9863 0.0518
vt 0.0376 0.2803
vt 0.9834 0.2773
vt 0.0366 0.3496
vt 0.9829 0.3467
vt 0.0356 0.4121
vt 0.9819 0.4092
vt 0.0332 0.6611
vt 0.9790 0.6582
vt 0.0322 0.7236
vt 0.9785 0.7197
vt 0.9775 0.7891
vt 0.0312 0.7920
vt 0.9756 0.9932
vt 0.0293 0.9961
vt 0.0288 1.0293
vt 0.9751 1.0264
vt 0.0396 0.0938
vt 0.0371 0.3203
vt 0.0366 0.3633
vt 0.0298 0.9424
vt 0.0288 1.0117
vt 0.0322 0.7383
vt 0.9751 1.0078
vt 0.9761 0.9395
vt 0.9785 0.7354
vt 0.9785 0.7207
vt 0.9829 0.3594
vt 0.9834 0.3164
vt 0.9858 0.0908
vt 0.0176 0.0000
vt 0.9829 0.0029
vt 0.9829 0.0156
vt 0.0181 0.0127
vt 0.0181 0.0430
vt 0.9829 0.0459
vt 0.0205 0.2656
vt 0.9854 0.2695
vt 0.0210 0.3350
vt 0.9858 0.3379
vt 0.0215 0.3965
vt 0.9863 0.4004
vt 0.0239 0.6436
vt 0.9888 0.6465
vt 0.0244 0.7051
vt 0.9893 0.7080
vt 0.9897 0.7764
vt 0.0249 0.7734
vt 0.9917 0.9785
vt 0.0269 0.9746
vt 0.0273 1.0078
vt 0.9922 1.0107
vt 0.0186 0.0820
vt 0.0205 0.3047
vt 0.0210 0.3477
vt 0.0264 0.9219
vt 0.0269 0.9902
vt 0.0249 0.7725
vt 0.0244 0.7197
vt 0.9917 0.9932
vt 0.9912 0.9258
vt 0.9893 0.7236
vt 0.9858 0.3516
vt 0.9854 0.3086
vt 0.9834 0.0850
vt 0.9829 0.0166
vt 0.8931 0.2822
vt 0.8960 0.3330
vt 0.7358 0.2646
vt 0.7759 0.3330
vt 0.9717 0.7607
vt 0.9751 0.7002
vt 0.2642 0.7354
vt 0.1040 0.6670
vt 0.1069 0.7178
vt 0.2246 0.6670
vt 0.8931 0.7178
vt 0.8960 0.6670
vt 0.7358 0.7354
vt 0.7749 0.6670
vt 0.9717 0.2393
vt 0.9751 0.2998
vt 0.1069 0.2822
vt 0.1040 0.3330
vt 0.2642 0.2646
vt 0.2241 0.3330
vt 0.1875 0.5000
vt 0.2183 0.4248
vt 0.1782 0.4141
vt 0.2295 0.3438
vt 0.2939 0.2939
vt 0.3438 0.2295
vt 0.4243 0.2188
vt 0.4136 0.1777
vt 0.5000 0.1875
vt 0.5864 0.1777
vt 0.5757 0.2188
vt 0.6562 0.2295
vt 0.7061 0.2939
vt 0.7705 0.3438
vt 0.7817 0.4248
vt 0.8218 0.4141
vt 0.8125 0.5000
vt 0.7817 0.5752
vt 0.8218 0.5859
vt 0.7705 0.6562
vt 0.7061 0.7061
vt 0.6562 0.7705
vt 0.5757 0.7812
vt 0.5864 0.8223
vt 0.5000 0.8125
vt 0.4243 0.7812
vt 0.4136 0.8223
vt 0.3438 0.7705
vt 0.2939 0.7061
vt 0.2295 0.6562
vt 0.2183 0.5752
vt 0.1782 0.5859
vt 0.4302 0.0244
vt 0.5288 0.0869
vt 0.4302 0.0664
vt 0.5376 0.0459
vt 0.6201 0.1367
vt 0.6372 0.1016
vt 0.7183 0.2100
vt 0.6475 0.1650
vt 0.6948 0.2227
vt 0.6660 0.1465
vt 0.5854 0.1211
vt 0.5986 0.0986
vt 0.5132 0.0947
vt 0.5200 0.0693
vt 0.4365 0.0859
vt 0.4360 0.0605
vt 0.3599 0.0977
vt 0.3525 0.0723
vt 0.2886 0.1270
vt 0.2749 0.1045
vt 0.2275 0.1729
vt 0.2080 0.1553
vt 0.1807 0.2324
vt 0.1572 0.2197
vt 0.1519 0.3018
vt 0.1255 0.2949
vt 0.1426 0.3750
vt 0.1152 0.3750
vt 0.1533 0.4482
vt 0.1274 0.4551
vt 0.1836 0.5156
vt 0.1602 0.5283
vt 0.2314 0.5732
vt 0.2124 0.5918
vt 0.1377 0.8701
vt 0.1016 0.7432
vt 0.1621 0.8418
vt 0.0718 0.7627
vt 0.0635 0.6299
vt 0.0303 0.6396
vt 0.0508 0.5098
vt 0.0161 0.5088
vt 0.0635 0.3916
vt 0.0303 0.3789
vt 0.1016 0.2812
vt 0.0718 0.2598
vt 0.1621 0.1885
vt 0.1377 0.1582
vt 0.2407 0.1191
vt 0.2231 0.0820
vt 0.3320 0.0771
vt 0.3232 0.0361
vt 0.4302 -0.0596
vt 0.5557 -0.0342
vt 0.6719 0.0303
vt 0.7646 0.1826
vt 0.7041 0.1094
vt 0.6250 0.0537
vt 0.5337 0.0195
vt 0.4355 0.0088
vt 0.3379 0.0234
vt 0.2471 0.0605
vt 0.1694 0.1191
vt 0.1104 0.1953
vt 0.0732 0.2832
vt 0.0615 0.3760
vt 0.0752 0.4688
vt 0.1138 0.5557
vt 0.1748 0.6289
vt 0.0889 0.9268
vt 0.0122 0.8018
vt -0.0361 0.6582
vt -0.0527 0.5049
vt -0.0361 0.3545
vt 0.0122 0.2148
vt 0.0889 0.0967
vt 0.1890 0.0078
vt 0.3052 -0.0449
vt -0.2188 0.8750
vt -0.1562 -1.0312
vt 2.3125 -3.2500
vt 3.3750 -2.3438
vt 0.8438 -2.7812
vt 3.3125 -0.4375
vt 0.8438 1.7812
vt 2.3125 1.3125
vt 0.4062 0.5625
vt 0.4062 0.5938
vt 0.3438 0.5312
vt 0.3750 0.5625
vt 0.3438 0.4375
vt 0.4375 0.5625
vt 0.4688 0.5625
vt 0.4062 0.4062
vt 0.3438 0.5000
vt 0.3125 0.5000
vt 0.4688 0.4062
vt 0.5000 0.4375
vt 0.4688 0.5312
vt 0.5000 0.5312
vt 0.3750 0.4062
vt 0.5000 0.5000
vt 1.0000 0.0186
vt 0.0186 0.0186
vt 0.0186 1.0000
vt 0.4375 0.5312
vt 0.3750 0.4688
vt 0.3438 0.4688
vt 0.4688 0.5000
vt 0.3750 0.4375
vt 0.4688 0.4688
vt 0.5000 0.4688
vt 0.3750 0.5312
vt 0.4062 0.4375
vt 0.4688 0.4375
vt 0.4375 0.4375
vt 0.4375 0.4062
vt 0.4062 0.5000
vt 0.4062 0.4688
vt 0.4062 0.5312
vn -0.577 -0.577 -0.577
vn -0.577 -0.577 -0.577
vn -0.577 -0.577 -0.577
vn -0.577 -0.577 -0.577
vn -0.577 -0.577 -0.577
vn -0.577 -0.577 -0.577
vn -0.577 -0.577 -0.577
vn -0.577 -0.577 -0.577
vn -0.577 -0.577 -0.577
vn -0.577 -0.577 -0.577
vn -0.577 -0.577 -0.577
vn -0.577 -0.577 -0.577
vn -0.577 -0.577 -0.577
vn -0.577 -0.577 -0.577
vn -0.577 -0.577 -0.577
vn -0.577 -0.577 -0.577
vn -0.577 -0.577 -0.577
vn -0.577 -0.577 -0.577
vn -0.577 -0.577 -0.577
vn -0.577 -0.577 -0.577
vn -0.577 -0.577 -0.577
vn -0.577 -0.577 -0.577
vn -0.577 -0.577 -0.577
vn -0.577 -0.577 -0.577
vn -0.577 -0.577 -0.577
vn -0.577 -0.577 -0.577
vn -0.577 -0.577 -0.577
vn -0.577 -0.577 -0.577
vn -0.577 -0.577 -0.577
vn -0.577 -0.577 -0.577
vn -0.577 -0.577 -0.577
vn -0.577 -0.577 -0.577
vn -0.577 -0.577 -0.577
vn -0.577 -0.577 -0.577
vn -0.577 -0.577 -0.577
vn -0.577 -0.577 -0.577
vn -0.577 -0.577 -0.577
vn -0.577 -0.577 -0.577
vn -0.577 -0.577 -0.577
vn -0.577 -0.577 -0.577
vn -0.577 -0.577 -0.577
vn -0.577 -0.577 -0.577
vn -0.577 -0.577 -0.577
vn -0.577 -0.577 -0.577
vn -0.577 -0.577 -0.577
vn -0.577 -0.577 -0.577
vn -0.577 -0.577 -0.577
vn -0.577 -0.577 -0.577
vn -0.577 -0.577 -0.577
vn -0.577 -0.577 -0.577
vn -0.577 -0.577 -0.577
vn -0.577 -0.577 -0.577
vn -0.577 -0.577 -0.577
vn -0.577 -0.577 -0.577
vn -0.577 -0.577 -0.577
vn -0.577 -0.577 -0.577
vn -0.577 -0.577 -0.577
vn -0.577 -0.577 -0.577
vn -0.577 -0.577 -0.577
vn -0.577 -0.577 -0.577
vn -0.577 -0.577 -0.577
vn -0.577 -0.577 -0.577
vn -0.577 -0.577 -0.577
vn -0.577 -0.577 -0.577
vn -0.577 -0.577 -0.577
vn -0.577 -0.577 -0.577
vn -0.577 -0.577 -0.577
vn -0.577 -0.577 -0.577
vn -0.577 -0.577 -0.577
vn -0.577 -0.577 -0.577
vn -0.577 -0.577 -0.577
vn -0.577 -0.577 -0.577
vn -0.577 -0.577 -0.577
vn -0.577 -0.577 -0.577
vn -0.577 -0.577 -0.577
vn -0.577 -0.577 -0.577
vn -0.577 -0.577 -0.577
vn -0.577 -0.577 -0.577
vn -0.577 -0.577 -0.577
vn -0.577 -0.577 -0.577
vn -0.577 -0.577 -0.577
vn -0.577 -0.577 -0.577
vn -0.577 -0.577 -0.577
vn -0.577 -0.577 -0.577
vn -0.577 -0.577 -0.577
vn -0.577 -0.577 -0.577
vn -0.577 -0.577 -0.577
vn -0.577 -0.577 -0.577
vn -0.577 -0.577 -0.577
vn -0.577 -0.577 -0.577
vn -0.577 -0.577 -0.577
vn -0.577 -0.577 -0.577
vn -0.577 -0.577 -0.577
vn -0.577 -0.577 -0.577
vn -0.577 -0.577 -0.577
vn -0.577 -0.577 -0.577
vn -0.577 -0.577 -0.577
vn -0.577 -0.577 -0.577
vn -0.577 -0.577 -0.577
vn -0.577 -0.577 -0.577
vn -0.577 -0.577 -0.577
vn -0.577 -0.577 -0.577
vn -0.577 -0.577 -0.577
vn -0.577 -0.577 -0.577
vn -0.577 -0.577 -0.577
vn -0.577 -0.577 -0.577
vn -0.577 -0.577 -0.577
vn -0.577 -0.577 -0.577
vn -0.577 -0.577 -0.577
vn -0.577 -0.577 -0.577
vn -0.577 -0.577 -0.577
vn -0.577 -0.577 -0.577
vn -0.577 -0.577 -0.577
vn -0.577 -0.577 -0.577
vn -0.577 -0.577 -0.577
vn -0.577 -0.577 -0.577
vn -0.577 -0.577 -0.577
vn -0.577 -0.577 -0.577
vn -0.577 -0.577 -0.577
vn -0.577 -0.577 -0.577
vn -0.577 -0.577 -0.577
vn -0.577 -0.577 -0.577
vn -0.577 -0.577 -0.577
vn -0.577 -0.577 -0.577
vn -0.577 -0.577 -0.577
vn -0.577 -0.577 -0.577
vn -0.577 -0.577 -0.577
vn -0.577 -0.577 -0.577
vn -0.577 -0.577 -0.577
vn -0.577 -0.577 -0.577
vn -0.577 -0.577 -0.577
vn -0.577 -0.577 -0.577
vn -0.577 -0.577 -0.577
vn -0.577 -0.577 -0.577
vn -0.577 -0.577 -0.577
vn -0.577 -0.577 -0.577
vn -0.577 -0.577 -0.577
vn -0.577 -0.577 -0.577
vn -0.577 -0.577 -0.577
vn -0.577 -0.577 -0.577
vn -0.577 -0.577 -0.577
vn -0.577 -0.577 -0.577
vn -0.577 -0.577 -0.577
vn -0.577 -0.577 -0.577
vn -0.577 -0.577 -0.577
vn -0.577 -0.577 -0.577
vn -0.577 -0.577 -0.577
vn -0.577 -0.577 -0.577
vn -0.577 -0.577 -0.577
vn -0.577 -0.577 -0.577
vn -0.577 -0.577 -0.577
vn -0.577 -0.577 -0.577
vn -0.577 -0.577 -0.577
vn -0.577 -0.577 -0.577
vn -0.577 -0.577 -0.577
vn -0.577 -0.577 -0.577
vn -0.577 -0.577 -0.577
vn -0.577 -0.577 -0.577
vn -0.577 -0.577 -0.577
vn -0.577 -0.577 -0.577
vn -0.577 -0.577 -0.577
vn -0.577 -0.577 -0.577
vn -0.577 -0.577 -0.577
vn -0.577 -0.577 -0.577
vn -0.577 -0.577 -0.577
vn -0.577 -0.577 -0.577
vn -0.577 -0.577 -0.577
vn -0.577 -0.577 -0.577
vn -0.577 -0.577 -0.577
vn -0.577 -0.577 -0.577
vn -0.577 -0.577 -0.577
vn -0.577 -0.577 -0.577
vn -0.577 -0.577 -0.577
vn -0.577 -0.577 -0.577
vn -0.577 -0.577 -0.577
vn -0.577 -0.577 -0.577
vn -0.577 -0.577 -0.577
vn -0.577 -0.577 -0.577
vn -0.577 -0.577 -0.577
vn -0.577 -0.577 -0.577
vn -0.577 -0.577 -0.577
vn -0.577 -0.577 -0.577
vn -0.577 -0.577 -0.577
vn -0.577 -0.577 -0.577
vn -0.577 -0.577 -0.577
vn -0.577 -0.577 -0.577
vn -0.577 -0.577 -0.577
vn -0.577 -0.577 -0.577
vn -0.577 -0.577 -0.577
vn -0.577 -0.577 -0.577
vn -0.577 -0.577 -0.577
vn -0.577 -0.577 -0.577
vn -0.577 -0.577 -0.577
vn -0.577 -0.577 -0.577
vn -0.577 -0.577 -0.577
vn -0.577 -0.577 -0.577
vn -0.577 -0.577 -0.577
vn -0.577 -0.577 -0.577
vn -0.577 -0.577 -0.577
vn -0.577 -0.577 -0.577
vn -0.577 -0.577 -0.577
vn -0.577 -0.577 -0.577
vn -0.577 -0.577 -0.577
vn -0.577 -0.577 -0.577
vn -0.577 -0.577 -0.577
vn -0.577 -0.577 -0.577
vn -0.577 -0.577 -0.577
vn -0.577 -0.577 -0.577
vn -0.577 -0.577 -0.577
vn -0.577 -0.577 -0.577
vn -0.577 -0.577 -0.577
vn -0.577 -0.577 -0.577
vn -0.577 -0.577 -0.577
vn -0.577 -0.577 -0.577
vn -0.577 -0.577 -0.577
vn -0.577 -0.577 -0.577
vn -0.577 -0.577 -0.577
vn -0.577 -0.577 -0.577
vn -0.577 -0.577 -0.577
vn -0.577 -0.577 -0.577
vn -0.577 -0.577 -0.577
vn -0.577 -0.577 -0.577
vn -0.577 -0.577 -0.577
vn -0.577 -0.577 -0.577
vn -0.577 -0.577 -0.577
vn -0.577 -0.577 -0.577
vn -0.577 -0.577 -0.577
vn -0.577 -0.577 -0.577
vn -0.577 -0.577 -0.577
vn -0.577 -0.577 -0.577
vn -0.577 -0.577 -0.577
vn -0.577 -0.577 -0.577
vn -0.577 -0.577 -0.577
vn -0.577 -0.577 -0.577
vn -0.577 -0.577 -0.577
vn -0.577 -0.577 -0.577
vn -0.577 -0.577 -0.577
vn -0.577 -0.577 -0.577
vn -0.577 -0.577 -0.577
vn -0.577 -0.577 -0.577
vn -0.577 -0.577 -0.577
vn -0.577 -0.577 -0.577
vn -0.577 -0.577 -0.577
vn -0.577 -0.577 -0.577
vn -0.577 -0.577 -0.577
vn -0.577 -0.577 -0.577
vn -0.577 -0.577 -0.577
vn -0.577 -0.577 -0.577
vn -0.577 -0.577 -0.577
vn -0.577 -0.577 -0.577
vn -0.577 -0.577 -0.577
vn -0.577 -0.577 -0.577
vn -0.577 -0.577 -0.577
vn -0.577 -0.577 -0.577
vn -0.577 -0.577 -0.577
vn -0.577 -0.577 -0.577
vn -0.577 -0.577 -0.577
vn -0.577 -0.577 -0.577
vn -0.577 -0.577 -0.577
vn -0.577 -0.577 -0.577
vn -0.577 -0.577 -0.577
vn -0.577 -0.577 -0.577
vn -0.577 -0.577 -0.577
vn -0.577 -0.577 -0.577
vn -0.577 -0.577 -0.577
vn -0.577 -0.577 -0.577
vn -0.577 -0.577 -0.577
vn -0.577 -0.577 -0.577
vn -0.577 -0.577 -0.577
vn -0.577 -0.577 -0.577
vn -0.577 -0.577 -0.577
vn -0.577 -0.577 -0.577
vn -0.577 -0.577 -0.577
vn -0.577 -0.577 -0.577
vn -0.577 -0.577 -0.577
vn -0.577 -0.577 -0.577
vn -0.577 -0.577 -0.577
vn -0.577 -0.577 -0.577
vn -0.577 -0.577 -0.577
vn -0.577 -0.577 -0.577
vn -0.577 -0.577 -0.577
vn -0.577 -0.577 -0.577
vn -0.577 -0.577 -0.577
vn -0.577 -0.577 -0.577
vn -0.577 -0.577 -0.577
vn -0.577 -0.577 -0.577
vn -0.577 -0.577 -0.577
vn -0.577 -0.577 -0.577
vn -0.577 -0.577 -0.577
vn -0.577 -0.577 -0.577
vn -0.577 -0.577 -0.577
vn -0.577 -0.577 -0.577
vn -0.577 -0.577 -0.577
vn -0.577 -0.577 -0.577
vn -0.577 -0.577 -0.577
vn -0.577 -0.577 -0.577
vn -0.577 -0.577 -0.577
vn -0.577 -0.577 -0.577
vn -0.577 -0.577 -0.577
vn -0.577 -0.577 -0.577
vn -0.577 -0.577 -0.577
vn -0.577 -0.577 -0.577
vn -0.577 -0.577 -0.577
vn -0.577 -0.577 -0.577
vn -0.577 -0.577 -0.577
vn -0.577 -0.577 -0.577
vn -0.577 -0.577 -0.577
vn -0.577 -0.577 -0.577
vn -0.577 -0.577 -0.577
vn -0.577 -0.577 -0.577
vn -0.577 -0.577 -0.577
vn -0.577 -0.577 -0.577
vn -0.577 -0.577 -0.577
vn -0.577 -0.577 -0.577
vn -0.577 -0.577 -0.577
vn -0.577 -0.577 -0.577
vn -0.577 -0.577 -0.577
vn -0.577 -0.577 -0.577
vn -0.577 -0.577 -0.577
vn -0.577 -0.577 -0.577
vn -0.577 -0.577 -0.577
vn -0.577 -0.577 -0.577
vn -0.577 -0.577 -0.577
vn -0.577 -0.577 -0.577
vn -0.577 -0.577 -0.577
vn -0.577 -0.577 -0.577
vn -0.577 -0.577 -0.577
vn -0.577 -0.577 -0.577
vn -0.577 -0.577 -0.577
vn -0.577 -0.577 -0.577
vn -0.577 -0.577 -0.577
vn -0.577 -0.577 -0.577
vn -0.577 -0.577 -0.577
vn -0.577 -0.577 -0.577
vn -0.577 -0.577 -0.577
vn -0.577 -0.577 -0.577
vn -0.577 -0.577 -0.577
vn -0.577 -0.577 -0.577
vn -0.577 -0.577 -0.577
vn -0.577 -0.577 -0.577
vn -0.577 -0.577 -0.577
vn -0.577 -0.577 -0.577
vn -0.577 -0.577 -0.577
vn -0.577 -0.577 -0.577
vn -0.577 -0.577 -0.577
vn -0.577 -0.577 -0.577
vn -0.577 -0.577 -0.577
vn -0.577 -0.577 -0.577
vn -0.577 -0.577 -0.577
vn -0.577 -0.577 -0.577
vn -0.577 -0.577 -0.577
vn -0.577 -0.577 -0.577
vn -0.577 -0.577 -0.577
vn -0.577 -0.577 -0.577
vn -0.577 -0.577 -0.577
vn -0.577 -0.577 -0.577
vn -0.577 -0.577 -0.577
vn -0.577 -0.577 -0.577
vn -0.577 -0.577 -0.577
vn -0.577 -0.577 -0.577
vn -0.577 -0.577 -0.577
vn -0.577 -0.577 -0.577
vn -0.577 -0.577 -0.577
vn -0.577 -0.577 -0.577
vn -0.577 -0.577 -0.577
vn -0.577 -0.577 -0.577
vn -0.577 -0.577 -0.577
vn -0.577 -0.577 -0.577
vn -0.577 -0.577 -0.577
vn -0.577 -0.577 -0.577
vn -0.577 -0.577 -0.577
vn -0.577 -0.577 -0.577
vn -0.577 -0.577 -0.577
vn -0.577 -0.577 -0.577
vn -0.577 -0.577 -0.577
vn -0.577 -0.577 -0.577
vn -0.577 -0.577 -0.577
vn -0.577 -0.577 -0.577
vn -0.577 -0.577 -0.577
vn -0.577 -0.577 -0.577
vn -0.577 -0.577 -0.577
vn -0.577 -0.577 -0.577
vn -0.577 -0.577 -0.577
vn -0.577 -0.577 -0.577
vn -0.577 -0.577 -0.577
vn -0.577 -0.577 -0.577
vn -0.577 -0.577 -0.577
vn -0.577 -0.577 -0.577
vn -0.577 -0.577 -0.577
vn -0.577 -0.577 -0.577
vn -0.577 -0.577 -0.577
vn -0.577 -0.577 -0.577
vn -0.577 -0.577 -0.577
vn -0.577 -0.577 -0.577
vn -0.577 -0.577 -0.577
vn -0.577 -0.577 -0.577
vn -0.577 -0.577 -0.577
vn -0.577 -0.577 -0.577
vn -0.577 -0.577 -0.577
vn -0.577 -0.577 -0.577
vn -0.577 -0.577 -0.577
vn -0.577 -0.577 -0.577
vn -0.577 -0.577 -0.577
vn -0.577 -0.577 -0.577
vn -0.577 -0.577 -0.577
vn -0.577 -0.577 -0.577
vn -0.577 -0.577 -0.577
vn -0.577 -0.577 -0.577
vn -0.577 -0.577 -0.577
vn -0.577 -0.577 -0.577
vn -0.577 -0.577 -0.577
vn -0.577 -0.577 -0.577
vn -0.577 -0.577 -0.577
vn -0.577 -0.577 -0.577
vn -0.577 -0.577 -0.577
vn -0.577 -0.577 -0.577
vn -0.577 -0.577 -0.577
vn -0.577 -0.577 -0.577
vn -0.577 -0.577 -0.577
vn -0.577 -0.577 -0.577
vn -0.577 -0.577 -0.577
vn -0.577 -0.577 -0.577
vn -0.577 -0.577 -0.577
vn -0.577 -0.577 -0.577
vn -0.577 -0.577 -0.577
vn -0.577 -0.577 -0.577
vn -0.577 -0.577 -0.577
vn -0.577 -0.577 -0.577
vn -0.577 -0.577 -0.577
vn -0.577 -0.577 -0.577
vn -0.577 -0.577 -0.577
vn -0.577 -0.577 -0.577
vn -0.577 -0.577 -0.577
vn -0.577 -0.577 -0.577
vn -0.577 -0.577 -0.577
vn -0.577 -0.577 -0.577
vn -0.577 -0.577 -0.577
vn -0.577 -0.577 -0.577
vn -0.577 -0.577 -0.577
vn -0.577 -0.577 -0.577
vn -0.577 -0.577 -0.577
vn -0.577 -0.577 -0.577
vn -0.577 -0.577 -0.577
vn -0.577 -0.577 -0.577
vn -0.577 -0.577 -0.577
vn -0.577 -0.577 -0.577
vn -0.577 -0.577 -0.577
vn -0.577 -0.577 -0.577
vn -0.577 -0.577 -0.577
vn -0.577 -0.577 -0.577
vn -0.577 -0.577 -0.577
vn -0.577 -0.577 -0.577
vn -0.577 -0.577 -0.577
vn -0.577 -0.577 -0.577
vn -0.577 -0.577 -0.577
vn -0.577 -0.577 -0.577
vn -0.577 -0.577 -0.577
vn -0.577 -0.577 -0.577
vn -0.577 -0.577 -0.577
vn -0.577 -0.577 -0.577
vn -0.577 -0.577 -0.577
vn -0.577 -0.577 -0.577
vn -0.577 -0.577 -0.577
vn -0.577 -0.577 -0.577
vn -0.577 -0.577 -0.577
vn -0.577 -0.577 -0.577
vn -0.577 -0.577 -0.577
vn -0.577 -0.577 -0.577
vn -0.577 -0.577 -0.577
vn -0.577 -0.577 -0.577
vn -0.577 -0.577 -0.577
vn -0.577 -0.577 -0.577
vn -0.577 -0.577 -0.577
vn -0.577 -0.577 -0.577
vn -0.577 -0.577 -0.577
vn -0.577 -0.577 -0.577
vn -0.577 -0.577 -0.577
vn -0.577 -0.577 -0.577
vn -0.577 -0.577 -0.577
vn -0.577 -0.577 -0.577
vn -0.577 -0.577 -0.577
vn -0.577 -0.577 -0.577
vn -0.577 -0.577 -0.577
vn -0.577 -0.577 -0.577
vn -0.577 -0.577 -0.577
vn -0.577 -0.577 -0.577
vn -0.577 -0.577 -0.577
vn -0.577 -0.577 -0.577
vn -0.577 -0.577 -0.577
vn -0.577 -0.577 -0.577
vn -0.577 -0.577 -0.577
vn -0.577 -0.577 -0.577
vn 0.577 0.577 0.577
vn 0.577 0.577 0.577
vn -0.577 -0.577 -0.577
vn -0.577 -0.577 -0.577
vn -0.577 -0.577 -0.577
vn 0.577 0.577 0.577
vn -0.577 -0.577 -0.577
vn 0.577 0.577 0.577
vn -0.577 -0.577 -0.577
vn 0.577 0.577 0.577
vn -0.577 -0.577 -0.577
vn -0.577 -0.577 -0.577
vn -0.577 -0.577 -0.577
vn -0.577 -0.577 -0.577
vn -0.577 -0.577 -0.577
vn -0.577 -0.577 -0.577
vn -0.577 -0.577 -0.577
vn -0.577 -0.577 -0.577
vn -0.577 -0.577 -0.577
vn -0.577 -0.577 -0.577
vn -0.577 -0.577 -0.577
vn -0.577 -0.577 -0.577
vn -0.577 -0.577 -0.577
vn -0.577 -0.577 -0.577
vn -0.577 -0.577 -0.577
vn -0.577 -0.577 -0.577
vn -0.577 -0.577 -0.577
vn -0.577 -0.577 -0.577
vn -0.577 -0.577 -0.577
vn 0.577 0.577 0.577
vn 0.577 0.577 0.577
vn 0.577 0.577 0.577
vn -0.577 -0.577 -0.577
vn -0.577 -0.577 -0.577
vn -0.577 -0.577 -0.577
vn 0.577 0.577 0.577
vn -0.577 -0.577 -0.577
vn 0.577 0.577 0.577
vn -0.577 -0.577 -0.577
vn -0.577 -0.577 -0.577
vn 0.577 0.577 0.577
vn 0.577 0.577 0.577
vn -0.577 -0.577 -0.577
vn -0.577 -0.577 -0.577
vn 0.577 0.577 0.577
vn -0.577 -0.577 -0.577
vn -0.577 -0.577 -0.577
vn 0.577 0.577 0.577
vn -0.577 -0.577 -0.577
vn 0.577 0.577 0.577
vn 0.577 0.577 0.577
vn 0.577 0.577 0.577
vn 0.577 0.577 0.577
vn -0.577 -0.577 -0.577
vn 0.577 0.577 0.577
vn 0.577 0.577 0.577
vn -0.577 -0.577 -0.577
vn 0.577 0.577 0.577
vn -0.577 -0.577 -0.577
vn 0.577 0.577 0.577
vn 0.577 0.577 0.577
vn 0.577 0.577 0.577
vn 0.577 0.577 0.577
vn 0.577 0.577 0.577
vn 0.577 0.577 0.577
vn 0.577 0.577 0.577
vn 0.577 0.577 0.577
vn 0.577 0.577 0.577
vn 0.577 0.577 0.577
vn 0.577 0.577 0.577
vn 0.577 0.577 0.577
vn 0.577 0.577 0.577
vn 0.577 0.577 0.577
vn -0.577 -0.577 -0.577
vn -0.577 -0.577 -0.577
vn -0.577 -0.577 -0.577
vn -0.577 -0.577 -0.577
vn -0.577 -0.577 -0.577
vn -0.577 -0.577 -0.577
vn -0.577 -0.577 -0.577
vn -0.577 -0.577 -0.577
vn 0.577 0.577 0.577
vn 0.577 0.577 0.577
vn 0.577 0.577 0.577
vn 0.577 0.577 0.577
vn 0.577 0.577 0.577
vn 0.577 0.577 0.577
vn -0.577 -0.577 -0.577
vn -0.577 -0.577 -0.577
vn -0.577 -0.577 -0.577
vn -0.577 -0.577 -0.577
vn -0.577 -0.577 -0.577
vn -0.577 -0.577 -0.577
vn -0.577 -0.577 -0.577
vn -0.577 -0.577 -0.577
vn -0.577 -0.577 -0.577
vn -0.577 -0.577 -0.577
vn 0.577 0.577 0.577
vn 0.577 0.577 0.577
vn 0.577 0.577 0.577
vn 0.577 0.577 0.577
vn 0.577 0.577 0.577
vn 0.577 0.577 0.577
vn 0.577 0.577 0.577
vn -0.577 -0.577 -0.577
vn 0.577 0.577 0.577
vn -0.577 -0.577 -0.577
vn 0.577 0.577 0.577
vn -0.577 -0.577 -0.577
vn -0.577 -0.577 -0.577
vn 0.577 0.577 0.577
vn 0.577 0.577 0.577
vn -0.577 -0.577 -0.577
vn 0.577 0.577 0.577
vn 0.577 0.577 0.577
vn 0.577 0.577 0.577
vn 0.577 0.577 0.577
vn -0.577 -0.577 -0.577
vn -0.577 -0.577 -0.577
vn -0.577 -0.577 -0.577
vn 0.577 0.577 0.577
vn -0.577 -0.577 -0.577
vn 0.577 0.577 0.577
vn 0.577 0.577 0.577
vn -0.577 -0.577 -0.577
vn 0.577 0.577 0.577
vn -0.577 -0.577 -0.577
vn 0.577 0.577 0.577
vn -0.577 -0.577 -0.577
vn -0.577 -0.577 -0.577
vn -0.577 -0.577 -0.577
vn -0.577 -0.577 -0.577
vn -0.577 -0.577 -0.577
vn -0.577 -0.577 -0.577
vn 0.577 0.577 0.577
vn 0.577 0.577 0.577
vn 0.577 0.577 0.577
vn 0.577 0.577 0.577
vn -0.577 -0.577 -0.577
vn -0.577 -0.577 -0.577
vn -0.577 -0.577 -0.577
vn -0.577 -0.577 -0.577
vn -0.577 -0.577 -0.577
vn -0.577 -0.577 -0.577
vn 0.577 0.577 0.577
vn -0.577 -0.577 -0.577
vn 0.577 0.577 0.577
vn 0.577 0.577 0.577
vn 0.577 0.577 0.577
vn -0.577 -0.577 -0.577
vn -0.577 -0.577 -0.577
vn -0.577 -0.577 -0.577
vn -0.577 -0.577 -0.577
vn -0.577 -0.577 -0.577
vn -0.577 -0.577 -0.577
vn -0.577 -0.577 -0.577
vn -0.577 -0.577 -0.577
vn -0.577 -0.577 -0.577
vn -0.577 -0.577 -0.577
vn -0.577 -0.577 -0.577
vn -0.577 -0.577 -0.577
vn -0.577 -0.577 -0.577
vn -0.577 -0.577 -0.577
vn -0.577 -0.577 -0.577
vn -0.577 -0.577 -0.577
vn -0.577 -0.577 -0.577
vn -0.577 -0.577 -0.577
vn -0.577 -0.577 -0.577
vn -0.577 -0.577 -0.577
vn -0.577 -0.577 -0.577
vn -0.577 -0.577 -0.577
vn -0.577 -0.577 -0.577
vn -0.577 -0.577 -0.577
vn -0.577 -0.577 -0.577
vn -0.577 -0.577 -0.577
vn -0.577 -0.577 -0.577
vn -0.577 -0.577 -0.577
vn -0.577 -0.577 -0.577
vn -0.577 -0.577 -0.577
vn -0.577 -0.577 -0.577
vn -0.577 -0.577 -0.577
vn -0.577 -0.577 -0.577
vn -0.577 -0.577 -0.577
vn -0.577 -0.577 -0.577
vn -0.577 -0.577 -0.577
vn -0.577 -0.577 -0.577
vn -0.577 -0.577 -0.577
vn -0.577 -0.577 -0.577
vn -0.577 -0.577 -0.577
vn -0.577 -0.577 -0.577
vn -0.577 -0.577 -0.577
vn -0.577 -0.577 -0.577
vn -0.577 -0.577 -0.577
vn -0.577 -0.577 -0.577
vn -0.577 -0.577 -0.577
vn -0.577 -0.577 -0.577
vn -0.577 -0.577 -0.577
vn -0.577 -0.577 -0.577
vn -0.577 -0.577 -0.577
vn -0.577 -0.577 -0.577
vn -0.577 -0.577 -0.577
vn -0.577 -0.577 -0.577
vn -0.577 -0.577 -0.577
vn -0.577 -0.577 -0.577
vn -0.577 -0.577 -0.577
vn -0.577 -0.577 -0.577
vn -0.577 -0.577 -0.577
vn -0.577 -0.577 -0.577
vn -0.577 -0.577 -0.577
vn -0.577 -0.577 -0.577
vn -0.577 -0.577 -0.577
vn -0.577 -0.577 -0.577
vn -0.577 -0.577 -0.577
vn -0.577 -0.577 -0.577
vn -0.577 -0.577 -0.577
vn -0.577 -0.577 -0.577
vn -0.577 -0.577 -0.577
vn -0.577 -0.577 -0.577
vn -0.577 -0.577 -0.577
vn -0.577 -0.577 -0.577
vn -0.577 -0.577 -0.577
vn -0.577 -0.577 -0.577
vn -0.577 -0.577 -0.577
vn -0.577 -0.577 -0.577
vn -0.577 -0.577 -0.577
vn -0.577 -0.577 -0.577
vn -0.577 -0.577 -0.577
vn -0.577 -0.577 -0.577
vn -0.577 -0.577 -0.577
vn -0.577 -0.577 -0.577
vn -0.577 -0.577 -0.577
vn -0.577 -0.577 -0.577
vn -0.577 -0.577 -0.577
vn -0.577 -0.577 -0.577
vn -0.577 -0.577 -0.577
vn -0.577 -0.577 -0.577
vn -0.577 -0.577 -0.577
vn -0.577 -0.577 -0.577
vn -0.577 -0.577 -0.577
vn -0.577 -0.577 -0.577
vn -0.577 -0.577 -0.577
vn -0.577 -0.577 -0.577
vn -0.577 -0.577 -0.577
vn -0.577 -0.577 -0.577
vn -0.577 -0.577 -0.577
vn -0.577 -0.577 -0.577
vn -0.577 -0.577 -0.577
vn -0.577 -0.577 -0.577
vn -0.577 -0.577 -0.577
vn -0.577 -0.577 -0.577
vn -0.577 -0.577 -0.577
vn -0.577 -0.577 -0.577
vn -0.577 -0.577 -0.577
vn -0.577 -0.577 -0.577
vn -0.577 -0.577 -0.577
vn -0.577 -0.577 -0.577
vn -0.577 -0.577 -0.577
vn -0.577 -0.577 -0.577
vn -0.577 -0.577 -0.577
vn -0.577 -0.577 -0.577
vn -0.577 -0.577 -0.577
vn -0.577 -0.577 -0.577
vn -0.577 -0.577 -0.577
vn -0.577 -0.577 -0.577
vn -0.577 -0.577 -0.577
vn -0.577 -0.577 -0.577
vn -0.577 -0.577 -0.577
vn -0.577 -0.577 -0.577
vn -0.577 -0.577 -0.577
vn -0.577 -0.577 -0.577
vn -0.577 -0.577 -0.577
vn -0.577 -0.577 -0.577
vn -0.577 -0.577 -0.577
vn -0.577 -0.577 -0.577
vn -0.577 -0.577 -0.577
vn -0.577 -0.577 -0.577
vn -0.577 -0.577 -0.577
vn -0.577 -0.577 -0.577
vn -0.577 -0.577 -0.577
vn -0.577 -0.577 -0.577
vn -0.577 -0.577 -0.577
vn -0.577 -0.577 -0.577
vn -0.577 -0.577 -0.577
vn -0.577 -0.577 -0.577
vn -0.577 -0.577 -0.577
vn -0.577 -0.577 -0.577
vn -0.577 -0.577 -0.577
vn -0.577 -0.577 -0.577
vn -0.577 -0.577 -0.577
vn -0.577 -0.577 -0.577
vn -0.577 -0.577 -0.577
vn -0.577 -0.577 -0.577
vn -0.577 -0.577 -0.577
vn -0.577 -0.577 -0.577
vn -0.577 -0.577 -0.577
vn -0.577 -0.577 -0.577
vn -0.577 -0.577 -0.577
vn -0.577 -0.577 -0.577
vn -0.577 -0.577 -0.577
vn -0.577 -0.577 -0.577
vn -0.577 -0.577 -0.577
vn -0.577 -0.577 -0.577
vn -0.577 -0.577 -0.577
vn -0.577 -0.577 -0.577
vn -0.577 -0.577 -0.577
vn -0.577 -0.577 -0.577
vn -0.577 -0.577 -0.577
vn -0.577 -0.577 -0.577
vn -0.577 -0.577 -0.577
vn -0.577 -0.577 -0.577
vn -0.577 -0.577 -0.577
vn -0.577 -0.577 -0.577
vn -0.577 -0.577 -0.577
vn -0.577 -0.577 -0.577
vn -0.577 -0.577 -0.577
vn -0.577 -0.577 -0.577
vn -0.577 -0.577 -0.577
vn -0.577 -0.577 -0.577
vn -0.577 -0.577 -0.577
vn -0.577 -0.577 -0.577
vn -0.577 -0.577 -0.577
vn -0.577 -0.577 -0.577
vn -0.577 -0.577 -0.577
vn -0.577 -0.577 -0.577
vn -0.577 -0.577 -0.577
vn -0.577 -0.577 -0.577
vn -0.577 -0.577 -0.577
vn -0.577 -0.577 -0.577
vn -0.577 -0.577 -0.577
vn -0.577 -0.577 -0.577
vn -0.577 -0.577 -0.577
vn -0.577 -0.577 -0.577
vn -0.577 -0.577 -0.577
vn -0.577 -0.577 -0.577
vn -0.577 -0.577 -0.577
vn -0.577 -0.577 -0.577
vn -0.577 -0.577 -0.577
vn -0.577 -0.577 -0.577
vn -0.577 -0.577 -0.577
vn -0.577 -0.577 -0.577
vn -0.577 -0.577 -0.577
vn -0.577 -0.577 -0.577
vn -0.577 -0.577 -0.577
vn -0.577 -0.577 -0.577
vn -0.577 -0.577 -0.577
vn -0.577 -0.577 -0.577
vn -0.577 -0.577 -0.577
vn -0.577 -0.577 -0.577
vn -0.577 -0.577 -0.577
vn -0.577 -0.577 -0.577
vn -0.577 -0.577 -0.577
vn -0.577 -0.577 -0.577
vn -0.577 -0.577 -0.577
vn -0.577 -0.577 -0.577
vn -0.577 -0.577 -0.577
vn -0.577 -0.577 -0.577
vn -0.577 -0.577 -0.577
vn -0.577 -0.577 -0.577
vn -0.577 -0.577 -0.577
vn -0.577 -0.577 -0.577
vn -0.577 -0.577 -0.577
vn -0.577 -0.577 -0.577
vn -0.577 -0.577 -0.577
vn -0.577 -0.577 -0.577
vn -0.577 -0.577 -0.577
vn -0.577 -0.577 -0.577
vn -0.577 -0.577 -0.577
vn -0.577 -0.577 -0.577
vn -0.577 -0.577 -0.577
vn -0.577 -0.577 -0.577
vn -0.577 -0.577 -0.577
vn -0.577 -0.577 -0.577
vn -0.577 -0.577 -0.577
vn -0.577 -0.577 -0.577
vn -0.577 -0.577 -0.577
vn -0.577 -0.577 -0.577
vn -0.577 -0.577 -0.577
vn -0.577 -0.577 -0.577
vn -0.577 -0.577 -0.577
vn -0.577 -0.577 -0.577
vn -0.577 -0.577 -0.577
vn -0.577 -0.577 -0.577
vn -0.577 -0.577 -0.577
vn -0.577 -0.577 -0.577
vn -0.577 -0.577 -0.577
vn -0.577 -0.577 -0.577
vn -0.577 -0.577 -0.577
vn -0.577 -0.577 -0.577
vn -0.577 -0.577 -0.577
vn -0.577 -0.577 -0.577
vn -0.577 -0.577 -0.577
vn -0.577 -0.577 -0.577
vn -0.577 -0.577 -0.577
vn -0.577 -0.577 -0.577
vn -0.577 -0.577 -0.577
vn -0.577 -0.577 -0.577
vn -0.577 -0.577 -0.577
vn -0.577 -0.577 -0.577
vn -0.577 -0.577 -0.577
vn -0.577 -0.577 -0.577
vn -0.577 -0.577 -0.577
vn -0.577 -0.577 -0.577
vn -0.577 -0.577 -0.577
vn -0.577 -0.577 -0.577
vn -0.577 -0.577 -0.577
vn -0.577 -0.577 -0.577
vn -0.577 -0.577 -0.577
vn -0.577 -0.577 -0.577
vn -0.577 -0.577 -0.577
vn -0.577 -0.577 -0.577
vn -0.577 -0.577 -0.577
vn 0.577 0.577 0.577
vn 0.577 0.577 0.577
vn -0.577 -0.577 -0.577
vn -0.577 -0.577 -0.577
vn -0.577 -0.577 -0.577
vn 0.577 0.577 0.577
vn -0.577 -0.577 -0.577
vn -0.577 -0.577 -0.577
vn -0.577 -0.577 -0.577
vn -0.577 -0.577 -0.577
vn -0.577 -0.577 -0.577
vn -0.577 -0.577 -0.577
vn -0.577 -0.577 -0.577
vn -0.577 -0.577 -0.577
vn -0.577 -0.577 -0.577
vn -0.577 -0.577 -0.577
vn 0.577 0.577 0.577
vn -0.577 -0.577 -0.577
vn -0.577 -0.577 -0.577
vn -0.577 -0.577 -0.577
vn -0.577 -0.577 -0.577
vn -0.577 -0.577 -0.577
vn 0.577 0.577 0.577
vn -0.577 -0.577 -0.577
vn -0.577 -0.577 -0.577
vn -0.577 -0.577 -0.577
vn -0.577 -0.577 -0.577
vn -0.577 -0.577 -0.577
vn -0.577 -0.577 -0.577
vn -0.577 -0.577 -0.577
vn -0.577 -0.577 -0.577
vn -0.577 -0.577 -0.577
vn -0.577 -0.577 -0.577
vn -0.577 -0.577 -0.577
vn -0.577 -0.577 -0.577
vn -0.577 -0.577 -0.577
vn -0.577 -0.577 -0.577
vn -0.577 -0.577 -0.577
vn -0.577 -0.577 -0.577
vn -0.577 -0.577 -0.577
vn -0.577 -0.577 -0.577
vn -0.577 -0.577 -0.577
vn -0.577 -0.577 -0.577
vn -0.577 -0.577 -0.577
vn -0.577 -0.577 -0.577
vn -0.577 -0.577 -0.577
vn -0.577 -0.577 -0.577
vn -0.577 -0.577 -0.577
vn -0.577 -0.577 -0.577
vn -0.577 -0.577 -0.577
vn -0.577 -0.577 -0.577
vn -0.577 -0.577 -0.577
vn -0.577 -0.577 -0.577
vn -0.577 -0.577 -0.577
vn -0.577 -0.577 -0.577
vn -0.577 -0.577 -0.577
vn -0.577 -0.577 -0.577
vn -0.577 -0.577 -0.577
vn -0.577 -0.577 -0.577
vn -0.577 -0.577 -0.577
vn -0.577 -0.577 -0.577
vn -0.577 -0.577 -0.577
vn -0.577 -0.577 -0.577
vn -0.577 -0.577 -0.577
vn -0.577 -0.577 -0.577
vn -0.577 -0.577 -0.577
vn -0.577 -0.577 -0.577
vn -0.577 -0.577 -0.577
vn -0.577 -0.577 -0.577
vn -0.577 -0.577 -0.577
vn -0.577 -0.577 -0.577
vn -0.577 -0.577 -0.577
vn -0.577 -0.577 -0.577
vn -0.577 -0.577 -0.577
vn -0.577 -0.577 -0.577
vn 0.577 0.577 0.577
vn 0.577 0.577 0.577
vn 0.577 0.577 0.577
vn -0.577 -0.577 -0.577
vn -0.577 -0.577 -0.577
vn 0.577 0.577 0.577
vn -0.577 -0.577 -0.577
vn -0.577 -0.577 -0.577
vn 0.577 0.577 0.577
vn -0.577 -0.577 -0.577
vn -0.577 -0.577 -0.577
vn -0.577 -0.577 -0.577
vn -0.577 -0.577 -0.577
vn -0.577 -0.577 -0.577
vn -0.577 -0.577 -0.577
vn -0.577 -0.577 -0.577
vn -0.577 -0.577 -0.577
vn -0.577 -0.577 -0.577
vn -0.577 -0.577 -0.577
vn -0.577 -0.577 -0.577
vn -0.577 -0.577 -0.577
vn -0.577 -0.577 -0.577
vn -0.577 -0.577 -0.577
vn 0.577 0.577 0.577
vn -0.577 -0.577 -0.577
vn 0.577 0.577 0.577
vn -0.577 -0.577 -0.577
vn 0.577 0.577 0.577
vn -0.577 -0.577 -0.577
vn 0.577 0.577 0.577
vn -0.577 -0.577 -0.577
vn 0.577 0.577 0.577
vn -0.577 -0.577 -0.577
vn -0.577 -0.577 -0.577
vn -0.577 -0.577 -0.577
vn -0.577 -0.577 -0.577
vn -0.577 -0.577 -0.577
vn -0.577 -0.577 -0.577
vn -0.577 -0.577 -0.577
vn -0.577 -0.577 -0.577
vn -0.577 -0.577 -0.577
vn 0.577 0.577 0.577
vn -0.577 -0.577 -0.577
vn 0.577 0.577 0.577
vn -0.577 -0.577 -0.577
vn 0.577 0.577 0.577
vn -0.577 -0.577 -0.577
vn 0.577 0.577 0.577
vn -0.577 -0.577 -0.577
vn -0.577 -0.577 -0.577
vn -0.577 -0.577 -0.577
vn -0.577 -0.577 -0.577
vn -0.577 -0.577 -0.577
vn -0.577 -0.577 -0.577
vn -0.577 -0.577 -0.577
vn -0.577 -0.577 -0.577
vn -0.577 -0.577 -0.577
vn -0.577 -0.577 -0.577
vn 0.577 0.577 0.577
vn 0.577 0.577 0.577
vn 0.577 0.577 0.577
vn -0.577 -0.577 -0.577
vn 0.577 0.577 0.577
vn -0.577 -0.577 -0.577
vn 0.577 0.577 0.577
vn -0.577 -0.577 -0.577
vn -0.577 -0.577 -0.577
vn -0.577 -0.577 -0.577
vn -0.577 -0.577 -0.577
vn -0.577 -0.577 -0.577
vn -0.577 -0.577 -0.577
vn -0.577 -0.577 -0.577
vn 0.577 0.577 0.577
vn 0.577 0.577 0.577
vn -0.577 -0.577 -0.577
vn 0.577 0.577 0.577
vn 0.577 0.577 0.577
vn -0.577 -0.577 -0.577
vn -0.577 -0.577 -0.577
vn -0.577 -0.577 -0.577
vn -0.577 -0.577 -0.577
vn 0.577 0.577 0.577
vn -0.577 -0.577 -0.577
vn -0.577 -0.577 -0.577
vn 0.577 0.577 0.577
vn -0.577 -0.577 -0.577
vn 0.577 0.577 0.577
vn -0.577 -0.577 -0.577
vn -0.577 -0.577 -0.577
vn -0.577 -0.577 -0.577
vn -0.577 -0.577 -0.577
vn -0.577 -0.577 -0.577
vn -0.577 -0.577 -0.577
vn -0.577 -0.577 -0.577
vn 0.577 0.577 0.577
vn -0.577 -0.577 -0.577
vn -0.577 -0.577 -0.577
vn -0.577 -0.577 -0.577
vn -0.577 -0.577 -0.577
vn -0.577 -0.577 -0.577
vn -0.577 -0.577 -0.577
vn -0.577 -0.577 -0.577
vn -0.577 -0.577 -0.577
vn -0.577 -0.577 -0.577
vn -0.577 -0.577 -0.577
vn -0.577 -0.577 -0.577
vn -0.577 -0.577 -0.577
vn -0.577 -0.577 -0.577
vn -0.577 -0.577 -0.577
vn -0.577 -0.577 -0.577
vn -0.577 -0.577 -0.577
vn -0.577 -0.577 -0.577
vn 0.577 0.577 0.577
vn 0.577 0.577 0.577
vn -0.577 -0.577 -0.577
vn -0.577 -0.577 -0.577
vn -0.577 -0.577 -0.577
vn 0.577 0.577 0.577
vn -0.577 -0.577 -0.577
vn 0.577 0.577 0.577
vn -0.577 -0.577 -0.577
vn 0.577 0.577 0.577
vn -0.577 -0.577 -0.577
vn -0.577 -0.577 -0.577
vn -0.577 -0.577 -0.577
vn -0.577 -0.577 -0.577
vn -0.577 -0.577 -0.577
vn -0.577 -0.577 -0.577
vn -0.577 -0.577 -0.577
vn -0.577 -0.577 -0.577
vn -0.577 -0.577 -0.577
vn -0.577 -0.577 -0.577
vn -0.577 -0.577 -0.577
vn -0.577 -0.577 -0.577
vn -0.577 -0.577 -0.577
vn -0.577 -0.577 -0.577
vn -0.577 -0.577 -0.577
vn -0.577 -0.577 -0.577
vn -0.577 -0.577 -0.577
vn -0.577 -0.577 -0.577
vn -0.577 -0.577 -0.577
vn 0.577 0.577 0.577
vn 0.577 0.577 0.577
vn 0.577 0.577 0.577
vn -0.577 -0.577 -0.577
vn -0.577 -0.577 -0.577
vn -0.577 -0.577 -0.577
vn 0.577 0.577 0.577
vn -0.577 -0.577 -0.577
vn 0.577 0.577 0.577
vn -0.577 -0.577 -0.577
vn -0.577 -0.577 -0.577
vn 0.577 0.577 0.577
vn 0.577 0.577 0.577
vn -0.577 -0.577 -0.577
vn -0.577 -0.577 -0.577
vn 0.577 0.577 0.577
vn -0.577 -0.577 -0.577
vn -0.577 -0.577 -0.577
vn 0.577 0.577 0.577
vn -0.577 -0.577 -0.577
vn 0.577 0.577 0.577
vn 0.577 0.577 0.577
vn 0.577 0.577 0.577
vn 0.577 0.577 0.577
vn -0.577 -0.577 -0.577
vn 0.577 0.577 0.577
vn 0.577 0.577 0.577
vn -0.577 -0.577 -0.577
vn 0.577 0.577 0.577
vn -0.577 -0.577 -0.577
vn 0.577 0.577 0.577
vn 0.577 0.577 0.577
vn 0.577 0.577 0.577
vn 0.577 0.577 0.577
vn 0.577 0.577 0.577
vn 0.577 0.577 0.577
vn 0.577 0.577 0.577
vn 0.577 0.577 0.577
vn 0.577 0.577 0.577
vn 0.577 0.577 0.577
vn 0.577 0.577 0.577
vn 0.577 0.577 0.577
vn 0.577 0.577 0.577
vn 0.577 0.577 0.577
vn -0.577 -0.577 -0.577
vn -0.577 -0.577 -0.577
vn -0.577 -0.577 -0.577
vn -0.577 -0.577 -0.577
vn -0.577 -0.577 -0.577
vn -0.577 -0.577 -0.577
vn -0.577 -0.577 -0.577
vn -0.577 -0.577 -0.577
vn 0.577 0.577 0.577
vn 0.577 0.577 0.577
vn 0.577 0.577 0.577
vn 0.577 0.577 0.577
vn 0.577 0.577 0.577
vn 0.577 0.577 0.577
vn -0.577 -0.577 -0.577
vn -0.577 -0.577 -0.577
vn -0.577 -0.577 -0.577
vn -0.577 -0.577 -0.577
vn -0.577 -0.577 -0.577
vn -0.577 -0.577 -0.577
vn -0.577 -0.577 -0.577
vn -0.577 -0.577 -0.577
vn -0.577 -0.577 -0.577
vn -0.577 -0.577 -0.577
vn 0.577 0.577 0.577
vn 0.577 0.577 0.577
vn 0.577 0.577 0.577
vn 0.577 0.577 0.577
vn 0.577 0.577 0.577
vn 0.577 0.577 0.577
vn 0.577 0.577 0.577
vn -0.577 -0.577 -0.577
vn 0.577 0.577 0.577
vn -0.577 -0.577 -0.577
vn 0.577 0.577 0.577
vn -0.577 -0.577 -0.577
vn -0.577 -0.577 -0.577
vn 0.577 0.577 0.577
vn 0.577 0.577 0.577
vn -0.577 -0.577 -0.577
vn 0.577 0.577 0.577
vn 0.577 0.577 0.577
vn 0.577 0.577 0.577
vn 0.577 0.577 0.577
vn -0.577 -0.577 -0.577
vn -0.577 -0.577 -0.577
vn -0.577 -0.577 -0.577
vn 0.577 0.577 0.577
vn -0.577 -0.577 -0.577
vn 0.577 0.577 0.577
vn 0.577 0.577 0.577
vn -0.577 -0.577 -0.577
vn 0.577 0.577 0.577
vn -0.577 -0.577 -0.577
vn 0.577 0.577 0.577
vn -0.577 -0.577 -0.577
vn -0.577 -0.577 -0.577
vn -0.577 -0.577 -0.577
vn -0.577 -0.577 -0.577
vn -0.577 -0.577 -0.577
vn -0.577 -0.577 -0.577
vn 0.577 0.577 0.577
vn 0.577 0.577 0.577
vn 0.577 0.577 0.577
vn 0.577 0.577 0.577
vn -0.577 -0.577 -0.577
vn -0.577 -0.577 -0.577
vn -0.577 -0.577 -0.577
vn -0.577 -0.577 -0.577
vn -0.577 -0.577 -0.577
vn -0.577 -0.577 -0.577
vn 0.577 0.577 0.577
vn -0.577 -0.577 -0.577
vn 0.577 0.577 0.577
vn 0.577 0.577 0.577
vn 0.577 0.577 0.577
vn -0.577 -0.577 -0.577
vn -0.577 -0.577 -0.577
vn -0.577 -0.577 -0.577
vn -0.577 -0.577 -0.577
vn -0.577 -0.577 -0.577
vn -0.577 -0.577 -0.577
vn -0.577 -0.577 -0.577
vn -0.577 -0.577 -0.577
vn -0.577 -0.577 -0.577
vn -0.577 -0.577 -0.577
vn -0.577 -0.577 -0.577
vn -0.577 -0.577 -0.577
vn -0.577 -0.577 -0.577
vn -0.577 -0.577 -0.577
vn -0.577 -0.577 -0.577
vn -0.577 -0.577 -0.577
vn -0.577 -0.577 -0.577
vn -0.577 -0.577 -0.577
vn -0.577 -0.577 -0.577
vn -0.577 -0.577 -0.577
vn -0.577 -0.577 -0.577
vn -0.577 -0.577 -0.577
vn -0.577 -0.577 -0.577
vn -0.577 -0.577 -0.577
vn -0.577 -0.577 -0.577
vn -0.577 -0.577 -0.577
vn -0.577 -0.577 -0.577
vn -0.577 -0.577 -0.577
vn -0.577 -0.577 -0.577
vn -0.577 -0.577 -0.577
vn -0.577 -0.577 -0.577
vn -0.577 -0.577 -0.577
vn -0.577 -0.577 -0.577
vn -0.577 -0.577 -0.577
vn -0.577 -0.577 -0.577
vn -0.577 -0.577 -0.577
vn -0.577 -0.577 -0.577
vn -0.577 -0.577 -0.577
vn -0.577 -0.577 -0.577
vn -0.577 -0.577 -0.577
vn -0.577 -0.577 -0.577
vn -0.577 -0.577 -0.577
vn -0.577 -0.577 -0.577
vn -0.577 -0.577 -0.577
vn -0.577 -0.577 -0.577
vn -0.577 -0.577 -0.577
vn -0.577 -0.577 -0.577
vn -0.577 -0.577 -0.577
vn -0.577 -0.577 -0.577
vn -0.577 -0.577 -0.577
vn -0.577 -0.577 -0.577
vn -0.577 -0.577 -0.577
vn -0.577 -0.577 -0.577
vn -0.577 -0.577 -0.577
vn -0.577 -0.577 -0.577
vn -0.577 -0.577 -0.577
vn -0.577 -0.577 -0.577
vn -0.577 -0.577 -0.577
vn -0.577 -0.577 -0.577
vn -0.577 -0.577 -0.577
vn -0.577 -0.577 -0.577
vn -0.577 -0.577 -0.577
vn -0.577 -0.577 -0.577
vn -0.577 -0.577 -0.577
vn -0.577 -0.577 -0.577
vn -0.577 -0.577 -0.577
vn -0.577 -0.577 -0.577
vn -0.577 -0.577 -0.577
vn -0.577 -0.577 -0.577
vn -0.577 -0.577 -0.577
vn -0.577 -0.577 -0.577
vn -0.577 -0.577 -0.577
vn -0.577 -0.577 -0.577
vn -0.577 -0.577 -0.577
vn -0.577 -0.577 -0.577
vn -0.577 -0.577 -0.577
vn -0.577 -0.577 -0.577
vn -0.577 -0.577 -0.577
vn -0.577 -0.577 -0.577
vn -0.577 -0.577 -0.577
vn -0.577 -0.577 -0.577
vn -0.577 -0.577 -0.577
vn -0.577 -0.577 -0.577
vn -0.577 -0.577 -0.577
vn -0.577 -0.577 -0.577
vn -0.577 -0.577 -0.577
vn -0.577 -0.577 -0.577
vn -0.577 -0.577 -0.577
vn -0.577 -0.577 -0.577
vn -0.577 -0.577 -0.577
vn -0.577 -0.577 -0.577
vn -0.577 -0.577 -0.577
vn -0.577 -0.577 -0.577
vn -0.577 -0.577 -0.577
vn -0.577 -0.577 -0.577
vn -0.577 -0.577 -0.577
vn -0.577 -0.577 -0.577
vn -0.577 -0.577 -0.577
vn -0.577 -0.577 -0.577
vn -0.577 -0.577 -0.577
vn -0.577 -0.577 -0.577
vn -0.577 -0.577 -0.577
vn -0.577 -0.577 -0.577
vn -0.577 -0.577 -0.577
vn -0.577 -0.577 -0.577
vn -0.577 -0.577 -0.577
vn -0.577 -0.577 -0.577
vn -0.577 -0.577 -0.577
vn -0.577 -0.577 -0.577
vn -0.577 -0.577 -0.577
vn -0.577 -0.577 -0.577
vn -0.577 -0.577 -0.577
vn -0.577 -0.577 -0.577
vn -0.577 -0.577 -0.577
vn -0.577 -0.577 -0.577
vn -0.577 -0.577 -0.577
vn -0.577 -0.577 -0.577
vn -0.577 -0.577 -0.577
vn -0.577 -0.577 -0.577
vn -0.577 -0.577 -0.577
vn -0.577 -0.577 -0.577
vn -0.577 -0.577 -0.577
vn -0.577 -0.577 -0.577
vn -0.577 -0.577 -0.577
vn -0.577 -0.577 -0.577
vn -0.577 -0.577 -0.577
vn -0.577 -0.577 -0.577
vn -0.577 -0.577 -0.577
vn -0.577 -0.577 -0.577
vn -0.577 -0.577 -0.577
vn -0.577 -0.577 -0.577
vn -0.577 -0.577 -0.577
vn -0.577 -0.577 -0.577
vn -0.577 -0.577 -0.577
vn -0.577 -0.577 -0.577
vn -0.577 -0.577 -0.577
vn -0.577 -0.577 -0.577
vn -0.577 -0.577 -0.577
vn -0.577 -0.577 -0.577
vn -0.577 -0.577 -0.577
vn -0.577 -0.577 -0.577
vn -0.577 -0.577 -0.577
vn -0.577 -0.577 -0.577
vn -0.577 -0.577 -0.577
vn -0.577 -0.577 -0.577
vn -0.577 -0.577 -0.577
vn -0.577 -0.577 -0.577
vn -0.577 -0.577 -0.577
vn -0.577 -0.577 -0.577
vn -0.577 -0.577 -0.577
vn -0.577 -0.577 -0.577
vn -0.577 -0.577 -0.577
vn -0.577 -0.577 -0.577
vn -0.577 -0.577 -0.577
vn -0.577 -0.577 -0.577
vn -0.577 -0.577 -0.577
vn -0.577 -0.577 -0.577
vn -0.577 -0.577 -0.577
vn -0.577 -0.577 -0.577
vn -0.577 -0.577 -0.577
vn -0.577 -0.577 -0.577
vn -0.577 -0.577 -0.577
vn -0.577 -0.577 -0.577
vn -0.577 -0.577 -0.577
vn -0.577 -0.577 -0.577
vn -0.577 -0.577 -0.577
vn -0.577 -0.577 -0.577
vn -0.577 -0.577 -0.577
vn -0.577 -0.577 -0.577
vn -0.577 -0.577 -0.577
vn -0.577 -0.577 -0.577
vn -0.577 -0.577 -0.577
vn -0.577 -0.577 -0.577
vn -0.577 -0.577 -0.577
vn -0.577 -0.577 -0.577
vn -0.577 -0.577 -0.577
vn -0.577 -0.577 -0.577
vn -0.577 -0.577 -0.577
vn -0.577 -0.577 -0.577
vn -0.577 -0.577 -0.577
vn -0.577 -0.577 -0.577
vn -0.577 -0.577 -0.577
vn -0.577 -0.577 -0.577
vn -0.577 -0.577 -0.577
vn -0.577 -0.577 -0.577
vn -0.577 -0.577 -0.577
vn -0.577 -0.577 -0.577
vn -0.577 -0.577 -0.577
vn -0.577 -0.577 -0.577
vn -0.577 -0.577 -0.577
vn -0.577 -0.577 -0.577
vn -0.577 -0.577 -0.577
vn -0.577 -0.577 -0.577
vn -0.577 -0.577 -0.577
vn -0.577 -0.577 -0.577
vn -0.577 -0.577 -0.577
vn -0.577 -0.577 -0.577
vn -0.577 -0.577 -0.577
vn -0.577 -0.577 -0.577
vn -0.577 -0.577 -0.577
vn -0.577 -0.577 -0.577
vn -0.577 -0.577 -0.577
vn -0.577 -0.577 -0.577
vn -0.577 -0.577 -0.577
vn -0.577 -0.577 -0.577
vn -0.577 -0.577 -0.577
vn -0.577 -0.577 -0.577
vn -0.577 -0.577 -0.577
vn -0.577 -0.577 -0.577
vn -0.577 -0.577 -0.577
vn -0.577 -0.577 -0.577
vn -0.577 -0.577 -0.577
vn -0.577 -0.577 -0.577
vn -0.577 -0.577 -0.577
vn -0.577 -0.577 -0.577
vn -0.577 -0.577 -0.577
vn -0.577 -0.577 -0.577
vn -0.577 -0.577 -0.577
vn -0.577 -0.577 -0.577
vn -0.577 -0.577 -0.577
vn -0.577 -0.577 -0.577
vn -0.577 -0.577 -0.577
vn -0.577 -0.577 -0.577
vn -0.577 -0.577 -0.577
vn -0.577 -0.577 -0.577
vn -0.577 -0.577 -0.577
vn -0.577 -0.577 -0.577
vn -0.577 -0.577 -0.577
vn -0.577 -0.577 -0.577
vn -0.577 -0.577 -0.577
vn -0.577 -0.577 -0.577
vn -0.577 -0.577 -0.577
vn -0.577 -0.577 -0.577
vn -0.577 -0.577 -0.577
vn -0.577 -0.577 -0.577
vn -0.577 -0.577 -0.577
vn -0.577 -0.577 -0.577
vn -0.577 -0.577 -0.577
vn -0.577 -0.577 -0.577
vn -0.577 -0.577 -0.577
vn -0.577 -0.577 -0.577
vn -0.577 -0.577 -0.577
vn -0.577 -0.577 -0.577
vn -0.577 -0.577 -0.577
vn -0.577 -0.577 -0.577
vn -0.577 -0.577 -0.577
vn -0.577 -0.577 -0.577
vn -0.577 -0.577 -0.577
vn -0.577 -0.577 -0.577
vn -0.577 -0.577 -0.577
vn -0.577 -0.577 -0.577
vn -0.577 -0.577 -0.577
vn -0.577 -0.577 -0.577
vn -0.577 -0.577 -0.577
vn -0.577 -0.577 -0.577
vn -0.577 -0.577 -0.577
vn -0.577 -0.577 -0.577
vn -0.577 -0.577 -0.577
vn -0.577 -0.577 -0.577
vn -0.577 -0.577 -0.577
vn -0.577 -0.577 -0.577
vn -0.577 -0.577 -0.577
vn -0.577 -0.577 -0.577
vn -0.577 -0.577 -0.577
vn -0.577 -0.577 -0.577
vn -0.577 -0.577 -0.577
vn -0.577 -0.577 -0.577
vn -0.577 -0.577 -0.577
vn -0.577 -0.577 -0.577
vn -0.577 -0.577 -0.577
vn -0.577 -0.577 -0.577
vn -0.577 -0.577 -0.577
vn -0.577 -0.577 -0.577
vn -0.577 -0.577 -0.577
vn -0.577 -0.577 -0.577
vn -0.577 -0.577 -0.577
vn -0.577 -0.577 -0.577
vn -0.577 -0.577 -0.577
vn -0.577 -0.577 -0.577
vn -0.577 -0.577 -0.577
vn -0.577 -0.577 -0.577
vn -0.577 -0.577 -0.577
vn -0.577 -0.577 -0.577
vn -0.577 -0.577 -0.577
vn -0.577 -0.577 -0.577
vn -0.577 -0.577 -0.577
vn -0.577 -0.577 -0.577
vn -0.577 -0.577 -0.577
vn -0.577 -0.577 -0.577
vn -0.577 -0.577 -0.577
vn -0.577 -0.577 -0.577
vn -0.577 -0.577 -0.577
vn -0.577 -0.577 -0.577
vn -0.577 -0.577 -0.577
vn -0.577 -0.577 -0.577
vn -0.577 -0.577 -0.577
vn -0.577 -0.577 -0.577
vn -0.577 -0.577 -0.577
vn -0.577 -0.577 -0.577
vn -0.577 -0.577 -0.577
vn -0.577 -0.577 -0.577
vn -0.577 -0.577 -0.577
vn -0.577 -0.577 -0.577
vn -0.577 -0.577 -0.577
vn -0.577 -0.577 -0.577
vn -0.577 -0.577 -0.577
vn -0.577 -0.577 -0.577
vn -0.577 -0.577 -0.577
vn -0.577 -0.577 -0.577
vn -0.577 -0.577 -0.577
vn -0.577 -0.577 -0.577
vn -0.577 -0.577 -0.577
vn -0.577 -0.577 -0.577
vn -0.577 -0.577 -0.577
vn -0.577 -0.577 -0.577
vn -0.577 -0.577 -0.577
vn -0.577 -0.577 -0.577
vn -0.577 -0.577 -0.577
vn -0.577 -0.577 -0.577
vn -0.577 -0.577 -0.577
vn -0.577 -0.577 -0.577
vn -0.577 -0.577 -0.577
vn -0.577 -0.577 -0.577
vn -0.577 -0.577 -0.577
vn -0.577 -0.577 -0.577
vn -0.577 -0.577 -0.577
vn -0.577 -0.577 -0.577
vn -0.577 -0.577 -0.577
vn -0.577 -0.577 -0.577
vn -0.577 -0.577 -0.577
vn -0.577 -0.577 -0.577
vn -0.577 -0.577 -0.577
vn -0.577 -0.577 -0.577
vn -0.577 -0.577 -0.577
vn -0.577 -0.577 -0.577
vn -0.577 -0.577 -0.577
vn -0.577 -0.577 -0.577
vn -0.577 -0.577 -0.577
vn -0.577 -0.577 -0.577
vn -0.577 -0.577 -0.577
vn -0.577 -0.577 -0.577
vn -0.577 -0.577 -0.577
vn -0.577 -0.577 -0.577
vn -0.577 -0.577 -0.577
vn -0.577 -0.577 -0.577
vn -0.577 -0.577 -0.577
vn -0.577 -0.577 -0.577
vn -0.577 -0.577 -0.577
vn -0.577 -0.577 -0.577
vn -0.577 -0.577 -0.577
vn -0.577 -0.577 -0.577
vn -0.577 -0.577 -0.577
vn -0.577 -0.577 -0.577
vn -0.577 -0.577 -0.577
vn -0.577 -0.577 -0.577
vn -0.577 -0.577 -0.577
vn -0.577 -0.577 -0.577
vn -0.577 -0.577 -0.577
vn -0.577 -0.577 -0.577
vn -0.577 -0.577 -0.577
vn -0.577 -0.577 -0.577
vn -0.577 -0.577 -0.577
vn -0.577 -0.577 -0.577
vn -0.577 -0.577 -0.577
vn -0.577 -0.577 -0.577
vn -0.577 -0.577 -0.577
vn -0.577 -0.577 -0.577
vn -0.577 -0.577 -0.577
vn -0.577 -0.577 -0.577
vn -0.577 -0.577 -0.577
vn -0.577 -0.577 -0.577
vn -0.577 -0.577 -0.577
vn -0.577 -0.577 -0.577
vn -0.577 -0.577 -0.577
vn -0.577 -0.577 -0.577
vn -0.577 -0.577 -0.577
vn -0.577 -0.577 -0.577
vn -0.577 -0.577 -0.577
vn -0.577 -0.577 -0.577
vn -0.577 -0.577 -0.577
vn -0.577 -0.577 -0.577
vn -0.577 -0.577 -0.577
vn -0.577 -0.577 -0.577
vn -0.577 -0.577 -0.577
vn -0.577 -0.577 -0.577
vn -0.577 -0.577 -0.577
vn -0.577 -0.577 -0.577
vn -0.577 -0.577 -0.577
vn -0.577 -0.577 -0.577
vn -0.577 -0.577 -0.577
vn -0.577 -0.577 -0.577
vn -0.577 -0.577 -0.577
vn -0.577 -0.577 -0.577
vn -0.577 -0.577 -0.577
vn -0.577 -0.577 -0.577
vn -0.577 -0.577 -0.577
vn -0.577 -0.577 -0.577
vn -0.577 -0.577 -0.577
vn -0.577 -0.577 -0.577
vn -0.577 -0.577 -0.577
vn -0.577 -0.577 -0.577
vn -0.577 -0.577 -0.577
vn -0.577 -0.577 -0.577
vn -0.577 -0.577 -0.577
vn -0.577 -0.577 -0.577
vn -0.577 -0.577 -0.577
vn -0.577 -0.577 -0.577
vn -0.577 -0.577 -0.577
vn -0.577 -0.577 -0.577
vn -0.577 -0.577 -0.577
vn -0.577 -0.577 -0.577
vn -0.577 -0.577 -0.577
vn -0.577 -0.577 -0.577
vn -0.577 -0.577 -0.577
vn -0.577 -0.577 -0.577
vn -0.577 -0.577 -0.577
vn -0.577 -0.577 -0.577
vn -0.577 -0.577 -0.577
vn -0.577 -0.577 -0.577
vn -0.577 -0.577 -0.577
vn -0.577 -0.577 -0.577
vn -0.577 -0.577 -0.577
vn -0.577 -0.577 -0.577
vn -0.577 -0.577 -0.577
vn -0.577 -0.577 -0.577
vn -0.577 -0.577 -0.577
vn -0.577 -0.577 -0.577
vn -0.577 -0.577 -0.577
vn -0.577 -0.577 -0.577
vn -0.577 -0.577 -0.577
vn -0.577 -0.577 -0.577
vn -0.577 -0.577 -0.577
vn -0.577 -0.577 -0.577
vn -0.577 -0.577 -0.577
vn -0.577 -0.577 -0.577
vn -0.577 -0.577 -0.577
vn -0.577 -0.577 -0.577
vn -0.577 -0.577 -0.577
vn -0.577 -0.577 -0.577
vn -0.577 -0.577 -0.577
vn -0.577 -0.577 -0.577
vn -0.577 -0.577 -0.577
vn -0.577 -0.577 -0.577
vn -0.577 -0.577 -0.577
vn -0.577 -0.577 -0.577
vn -0.577 -0.577 -0.577
vn -0.577 -0.577 -0.577
vn -0.577 -0.577 -0.577
vn -0.577 -0.577 -0.577
vn -0.577 -0.577 -0.577
vn -0.577 -0.577 -0.577
vn -0.577 -0.577 -0.577
vn -0.577 -0.577 -0.577
vn -0.577 -0.577 -0.577
vn -0.577 -0.577 -0.577
vn -0.577 -0.577 -0.577
vn -0.577 -0.577 -0.577
vn -0.577 -0.577 -0.577
vn -0.577 -0.577 -0.577
vn -0.577 -0.577 -0.577
vn -0.577 -0.577 -0.577
vn -0.577 -0.577 -0.577
vn -0.577 -0.577 -0.577
vn -0.577 -0.577 -0.577
vn -0.577 -0.577 -0.577
vn -0.577 -0.577 -0.577
vn -0.577 -0.577 -0.577
vn -0.577 -0.577 -0.577
vn -0.577 -0.577 -0.577
vn -0.577 -0.577 -0.577
vn -0.577 -0.577 -0.577
vn -0.577 -0.577 -0.577
vn -0.577 -0.577 -0.577
vn -0.577 -0.577 -0.577
vn -0.577 -0.577 -0.577
vn -0.577 -0.577 -0.577
vn -0.577 -0.577 -0.577
vn -0.577 -0.577 -0.577
vn -0.577 -0.577 -0.577
vn -0.577 -0.577 -0.577
vn -0.577 -0.577 -0.577
vn -0.577 -0.577 -0.577
vn -0.577 -0.577 -0.577
vn -0.577 -0.577 -0.577
vn -0.577 -0.577 -0.577
vn -0.577 -0.577 -0.577
vn -0.577 -0.577 -0.577
vn -0.577 -0.577 -0.577
vn -0.577 -0.577 -0.577
vn -0.577 -0.577 -0.577
vn -0.577 -0.577 -0.577
vn -0.577 -0.577 -0.577
vn -0.577 -0.577 -0.577
vn -0.577 -0.577 -0.577
vn -0.577 -0.577 -0.577
vn -0.577 -0.577 -0.577
vn -0.577 -0.577 -0.577
vn -0.577 -0.577 -0.577
vn -0.577 -0.577 -0.577
vn -0.577 -0.577 -0.577
vn -0.577 -0.577 -0.577
vn -0.577 -0.577 -0.577
vn -0.577 -0.577 -0.577
vn -0.577 -0.577 -0.577
vn -0.577 -0.577 -0.577
vn -0.577 -0.577 -0.577
vn -0.577 -0.577 -0.577
vn -0.577 -0.577 -0.577
vn -0.577 -0.577 -0.577
vn -0.577 -0.577 -0.577
vn -0.577 -0.577 -0.577
vn -0.577 -0.577 -0.577
vn -0.577 -0.577 -0.577
vn -0.577 -0.577 -0.577
vn -0.577 -0.577 -0.577
vn -0.577 -0.577 -0.577
vn -0.577 -0.577 -0.577
vn -0.577 -0.577 -0.577
vn -0.577 -0.577 -0.577
vn -0.577 -0.577 -0.577
vn -0.577 -0.577 -0.577
vn -0.577 -0.577 -0.577
vn -0.577 -0.577 -0.577
vn -0.577 -0.577 -0.577
vn -0.577 -0.577 -0.577
vn -0.577 -0.577 -0.577
vn -0.577 -0.577 -0.577
vn -0.577 -0.577 -0.577
vn -0.577 -0.577 -0.577
vn -0.577 -0.577 -0.577
vn -0.577 -0.577 -0.577
vn -0.577 -0.577 -0.577
vn -0.577 -0.577 -0.577
vn -0.577 -0.577 -0.577
vn -0.577 -0.577 -0.577
vn -0.577 -0.577 -0.577
vn -0.577 -0.577 -0.577
vn -0.577 -0.577 -0.577
vn -0.577 -0.577 -0.577
vn -0.577 -0.577 -0.577
vn -0.577 -0.577 -0.577
vn -0.577 -0.577 -0.577
vn -0.577 -0.577 -0.577
vn -0.577 -0.577 -0.577
vn -0.577 -0.577 -0.577
vn -0.577 -0.577 -0.577
vn -0.577 -0.577 -0.577
vn -0.577 -0.577 -0.577
vn -0.577 -0.577 -0.577
vn -0.577 -0.577 -0.577
vn -0.577 -0.577 -0.577
vn -0.577 -0.577 -0.577
vn -0.577 -0.577 -0.577
vn -0.577 -0.577 -0.577
vn -0.577 -0.577 -0.577
vn -0.577 -0.577 -0.577
vn -0.577 -0.577 -0.577
vn -0.577 -0.577 -0.577
vn -0.577 -0.577 -0.577
vn -0.577 -0.577 -0.577
vn -0.577 -0.577 -0.577
vn -0.577 -0.577 -0.577
vn -0.577 -0.577 -0.577
vn -0.577 -0.577 -0.577
vn -0.577 -0.577 -0.577
vn -0.577 -0.577 -0.577
vn -0.577 -0.577 -0.577
vn -0.577 -0.577 -0.577
vn -0.577 -0.577 -0.577
vn -0.577 -0.577 -0.577
vn -0.577 -0.577 -0.577
vn -0.577 -0.577 -0.577
vn -0.577 -0.577 -0.577
vn -0.577 -0.577 -0.577
vn -0.577 -0.577 -0.577
vn -0.577 -0.577 -0.577
vn -0.577 -0.577 -0.577
vn -0.577 -0.577 -0.577
vn -0.577 -0.577 -0.577
vn -0.577 -0.577 -0.577
vn -0.577 -0.577 -0.577
vn -0.577 -0.577 -0.577
vn -0.577 -0.577 -0.577
vn -0.577 -0.577 -0.577
vn -0.577 -0.577 -0.577
vn -0.577 -0.577 -0.577
vn -0.577 -0.577 -0.577
vn -0.577 -0.577 -0.577
vn -0.577 -0.577 -0.577
vn -0.577 -0.577 -0.577
vn -0.577 -0.577 -0.577
vn -0.577 -0.577 -0.577
vn -0.577 -0.577 -0.577
vn -0.577 -0.577 -0.577
vn -0.577 -0.577 -0.577
vn -0.577 -0.577 -0.577
vn -0.577 -0.577 -0.577
vn -0.577 -0.577 -0.577
vn -0.577 -0.577 -0.577
vn -0.577 -0.577 -0.577
vn -0.577 -0.577 -0.577
vn -0.577 -0.577 -0.577
vn -0.577 -0.577 -0.577
vn -0.577 -0.577 -0.577
vn -0.577 -0.577 -0.577
vn -0.577 -0.577 -0.577
vn -0.577 -0.577 -0.577
vn -0.577 -0.577 -0.577
vn -0.577 -0.577 -0.577
vn -0.577 -0.577 -0.577
vn -0.577 -0.577 -0.577
vn -0.577 -0.577 -0.577
vn -0.577 -0.577 -0.577
vn -0.577 -0.577 -0.577
vn -0.577 -0.577 -0.577
vn -0.577 -0.577 -0.577
vn -0.577 -0.577 -0.577
vn -0.577 -0.577 -0.577
vn -0.577 -0.577 -0.577
vn -0.577 -0.577 -0.577
vn -0.577 -0.577 -0.577
vn -0.577 -0.577 -0.577
vn -0.577 -0.577 -0.577
vn -0.577 -0.577 -0.577
vn -0.577 -0.577 -0.577
vn -0.577 -0.577 -0.577
vn -0.577 -0.577 -0.577
vn -0.577 -0.577 -0.577
vn -0.577 -0.577 -0.577
vn -0.577 -0.577 -0.577
vn -0.577 -0.577 -0.577
vn -0.577 -0.577 -0.577
vn -0.577 -0.577 -0.577
vn -0.577 -0.577 -0.577
vn -0.577 -0.577 -0.577
vn -0.577 -0.577 -0.577
vn -0.577 -0.577 -0.577
vn -0.577 -0.577 -0.577
vn -0.577 -0.577 -0.577
vn -0.577 -0.577 -0.577
vn -0.577 -0.577 -0.577
vn -0.577 -0.577 -0.577
vn -0.577 -0.577 -0.577
vn -0.577 -0.577 -0.577
vn -0.577 -0.577 -0.577
vn -0.577 -0.577 -0.577
vn -0.577 -0.577 -0.577
vn -0.577 -0.577 -0.577
vn -0.577 -0.577 -0.577
vn -0.577 -0.577 -0.577
vn -0.577 -0.577 -0.577
vn -0.577 -0.577 -0.577
vn -0.577 -0.577 -0.577
vn -0.577 -0.577 -0.577
vn -0.577 -0.577 -0.577
vn -0.577 -0.577 -0.577
vn -0.577 -0.577 -0.577
vn -0.577 -0.577 -0.577
vn -0.577 -0.577 -0.577
vn -0.577 -0.577 -0.577
vn -0.577 -0.577 -0.577
vn -0.577 -0.577 -0.577
vn -0.577 -0.577 -0.577
vn -0.577 -0.577 -0.577
vn -0.577 -0.577 -0.577
vn -0.577 -0.577 -0.577
vn -0.577 -0.577 -0.577
vn -0.577 -0.577 -0.577
vn -0.577 -0.577 -0.577
vn -0.577 -0.577 -0.577
vn -0.577 -0.577 -0.577
vn -0.577 -0.577 -0.577
vn -0.577 -0.577 -0.577
vn -0.577 -0.577 -0.577
vn -0.577 -0.577 -0.577
vn -0.577 -0.577 -0.577
vn -0.577 -0.577 -0.577
vn -0.577 -0.577 -0.577
vn -0.577 -0.577 -0.577
vn -0.577 -0.577 -0.577
vn -0.577 -0.577 -0.577
vn -0.577 -0.577 -0.577
vn -0.577 -0.577 -0.577
vn -0.577 -0.577 -0.577
vn -0.577 -0.577 -0.577
vn -0.577 -0.577 -0.577
vn -0.577 -0.577 -0.577
vn -0.577 -0.577 -0.577
vn -0.577 -0.577 -0.577
vn -0.577 -0.577 -0.577
vn -0.577 -0.577 -0.577
vn -0.577 -0.577 -0.577
vn -0.577 -0.577 -0.577
vn -0.577 -0.577 -0.577
vn -0.577 -0.577 -0.577
vn -0.577 -0.577 -0.577
usemtl tex_1795_lit_w11
f 1/1/1 2/2/2 3/3/3
f 3/3/3 2/2/2 4/4/4
f 5/5/5 3/3/3 4/4/4
f 6/6/6 3/3/3 5/5/5
f 6/6/6 5/5/5 7/7/7
f 7/7/7 5/5/5 8/8/8
f 9/9/9 7/7/7 8/8/8
f 10/10/10 7/7/7 9/9/9
f 11/11/11 2/2/2 1/1/1
usemtl tex_1794_lit_w11
f 12/12/12 13/13/13 14/14/14
f 15/15/15 13/13/13 16/16/16
f 17/15/17 18/16/18 19/17/19
f 19/17/19 18/16/18 20/18/20
f 19/17/19 20/18/20 21/19/21
f 21/19/21 20/18/20 22/20/22
f 21/19/21 22/20/22 23/21/23
f 23/21/23 22/20/22 24/22/24
f 23/21/23 24/22/24 25/23/25
f 25/23/25 24/22/24 26/24/26
f 27/25/27 28/26/28 29/12/29
f 29/12/29 28/26/28 30/13/30
f 21/19/21 23/21/23 31/27/31
f 32/28/32 21/19/21 31/27/31
f 33/28/33 34/29/34 35/19/35
f 34/29/34 36/17/36 35/19/35
f 37/15/37 36/17/36 34/29/34
f 38/30/38 37/15/37 34/29/34
f 39/31/39 37/15/37 38/30/38
usemtl tex_1795_lit_w11
f 40/32/40 41/33/41 42/34/42
f 42/34/42 41/33/41 43/35/43
f 44/36/44 42/34/42 43/35/43
f 45/37/45 46/38/46 44/36/44
f 45/37/45 44/36/44 47/39/47
f 47/39/47 48/40/48 45/37/45
f 49/40/49 50/41/50 51/37/51
f 52/42/52 53/33/53 54/32/54
f 55/38/55 56/34/56 57/36/57
usemtl tex_1794_lit_w11
f 58/43/58 59/44/59 60/45/60
f 60/45/60 59/44/59 61/46/61
f 60/45/60 61/46/61 62/47/62
f 62/47/62 61/46/61 63/48/63
f 62/47/62 63/48/63 64/49/64
f 65/49/65 66/48/66 67/50/67
f 65/49/65 67/50/67 68/51/68
f 68/51/68 67/50/67 69/52/69
f 70/53/70 71/54/71 72/55/72
f 72/55/72 71/54/71 73/56/73
f 74/57/74 75/58/75 76/43/76
f 76/43/76 75/58/75 77/44/77
f 68/51/68 78/31/78 79/30/79
f 65/49/65 68/51/68 79/30/79
f 65/49/65 79/30/79 80/59/80
f 81/47/81 82/49/82 83/59/83
f 83/59/83 84/45/84 81/47/81
f 85/60/85 84/45/84 83/59/83
f 85/60/85 86/43/86 84/45/84
usemtl tex_1795_lit_w11
f 87/61/87 88/62/88 89/63/89
f 90/64/90 87/61/87 89/63/89
f 90/64/90 89/63/89 91/65/91
f 92/66/92 90/64/90 91/65/91
f 92/66/92 91/65/91 93/67/93
f 94/68/94 92/66/92 93/67/93
f 94/68/94 93/67/93 95/69/95
f 96/70/96 94/68/94 95/69/95
f 97/62/97 98/61/98 99/71/99
usemtl tex_1794_lit_w11
f 100/72/100 101/73/101 102/74/102
f 102/74/102 101/73/101 103/75/103
f 102/74/102 103/75/103 104/76/104
f 104/76/104 103/75/103 105/77/105
f 104/76/104 105/77/105 106/78/106
f 106/78/106 105/77/105 107/79/107
f 106/78/106 107/79/107 108/43/108
f 108/43/108 107/79/107 109/80/109
f 108/43/108 109/80/109 110/81/110
f 110/81/110 109/80/109 111/82/111
f 110/81/110 111/82/111 112/83/112
f 113/83/113 114/82/114 115/84/115
f 113/83/113 115/84/115 116/85/116
f 116/85/116 115/84/115 117/86/117
f 116/85/116 117/86/117 118/72/118
f 118/72/118 117/86/117 119/73/119
f 120/60/120 121/78/121 122/43/122
f 120/60/120 123/87/123 121/78/121
f 121/78/121 123/87/123 124/76/124
f 123/87/123 125/74/125 124/76/124
f 123/87/123 126/88/126 125/74/125
f 126/88/126 118/72/118 125/74/125
usemtl tex_1796_lit_w11
f 127/89/127 128/90/128 129/91/129
f 130/92/130 128/90/128 127/89/127
f 131/93/131 130/92/130 127/89/127
f 132/94/132 130/92/130 131/93/131
f 133/95/133 132/94/132 131/93/131
f 134/96/134 132/94/132 133/95/133
f 135/97/135 134/96/134 133/95/133
f 136/98/136 134/96/134 135/97/135
f 137/99/137 136/98/136 135/97/135
f 138/100/138 136/98/136 137/99/137
f 139/101/139 138/100/138 137/99/137
f 140/102/140 138/100/138 139/101/139
f 141/103/141 140/102/140 139/101/139
f 142/104/142 140/102/140 141/103/141
f 129/91/129 142/104/142 141/103/141
f 128/90/128 142/104/142 129/91/129
f 143/105/143 144/106/144 145/89/145
f 145/89/145 144/106/144 146/93/146
f 146/93/146 144/106/144 147/95/147
f 148/91/148 143/105/143 145/89/145
f 148/91/148 149/103/149 143/105/143
f 150/97/150 147/95/147 144/106/144
f 150/97/150 144/106/144 151/99/151
f 151/99/151 144/106/144 152/101/152
f 152/101/152 144/106/144 143/105/143
f 149/103/149 152/101/152 143/105/143
usemtl tex_1795_lit_w11
f 153/107/153 154/108/154 155/109/155
f 153/107/153 156/110/156 154/108/154
f 157/111/157 156/110/156 153/107/153
f 158/112/158 156/110/156 157/111/157
f 159/112/159 160/111/160 161/113/161
f 162/114/162 159/112/159 161/113/161
f 161/113/161 163/115/163 162/114/162
f 161/113/161 164/116/164 163/115/163
f 165/117/165 166/109/166 167/108/167
f 168/118/168 167/108/167 169/119/169
f 169/119/169 167/108/167 170/110/170
f 169/119/169 170/110/170 171/120/171
f 171/120/171 170/110/170 159/112/159
f 171/120/171 159/112/159 172/121/172
f 172/121/172 159/112/159 162/114/162
f 172/121/172 162/114/162 173/122/173
f 173/122/173 162/114/162 163/115/163
f 173/122/173 163/115/163 174/123/174
f 175/123/175 176/115/176 177/124/177
f 175/123/175 177/124/177 178/125/178
f 178/125/178 177/124/177 179/126/179
f 178/125/178 179/126/179 180/127/180
f 180/127/180 179/126/179 181/117/181
f 180/127/180 181/117/181 182/118/182
f 182/118/182 181/117/181 183/108/183
f 184/128/184 185/119/185 186/129/186
f 186/129/186 185/119/185 187/120/187
f 188/130/188 186/129/186 187/120/187
f 188/130/188 187/120/187 189/131/189
f 189/131/189 187/120/187 190/121/190
f 191/132/191 192/131/192 193/121/193
f 193/121/193 194/122/194 191/132/191
f 195/118/195 196/119/196 197/128/197
f 197/128/197 198/133/198 195/118/195
usemtl tex_1794_lit_w11
f 199/134/199 200/135/200 201/136/201
f 201/136/201 200/135/200 202/137/202
f 201/136/201 202/137/202 203/138/203
f 203/138/203 202/137/202 204/139/204
f 203/138/203 204/139/204 205/140/205
f 205/140/205 204/139/204 206/141/206
f 207/140/207 208/141/208 209/72/209
f 209/72/209 208/141/208 210/142/210
f 209/72/209 210/142/210 211/143/211
f 211/143/211 210/142/210 212/144/212
f 211/143/211 212/144/212 213/145/213
f 213/145/213 212/144/212 214/146/214
f 213/145/213 214/146/214 215/147/215
f 215/147/215 214/146/214 216/148/216
f 215/147/215 216/148/216 217/134/217
f 217/134/217 216/148/216 218/135/218
f 209/72/209 219/88/219 207/140/207
f 217/134/217 220/136/220 221/149/221
f 220/136/220 222/150/222 221/149/221
f 223/138/223 224/140/224 225/88/225
f 225/88/225 226/150/226 223/138/223
f 223/138/223 226/150/226 227/136/227
usemtl tex_1798_lit_w11
f 228/151/228 229/152/229 230/153/230
f 228/151/228 230/153/230 231/154/231
f 232/155/232 228/151/228 231/154/231
f 232/155/232 231/154/231 233/156/233
f 234/157/234 230/153/230 229/152/229
usemtl tex_1797_lit_w11
f 235/158/235 236/159/236 237/160/237
f 238/161/238 235/158/235 237/160/237
f 239/162/239 240/161/240 241/160/241
f 241/160/241 242/163/242 239/162/239
f 242/163/242 243/164/243 239/162/239
f 243/164/243 244/165/244 245/166/245
f 245/166/245 244/165/244 246/167/246
usemtl tex_1798_lit_w11
f 247/168/247 248/169/248 249/170/249
f 250/156/250 251/171/251 252/155/252
f 253/172/253 254/153/254 255/173/255
f 256/154/256 254/153/254 253/172/253
f 257/174/257 256/154/256 253/172/253
f 258/156/258 256/154/256 257/174/257
f 259/175/259 258/156/258 257/174/257
f 260/156/260 258/156/258 259/175/259
usemtl tex_1797_lit_w11
f 261/176/261 262/166/262 263/177/263
f 264/164/264 262/166/262 261/176/261
f 265/178/265 264/164/264 261/176/261
f 266/162/266 264/164/264 265/178/265
f 267/179/267 266/162/266 265/178/265
f 268/161/268 266/162/266 267/179/267
f 269/180/269 270/161/270 271/179/271
f 272/158/272 270/161/270 269/180/269
usemtl tex_1798_lit_w11
f 273/173/273 274/157/274 275/181/275
f 276/153/276 274/157/274 273/173/273
usemtl tex_1795_lit_w11
f 277/182/277 278/183/278 279/184/279
f 280/185/280 278/183/278 277/182/277
f 281/186/281 280/185/280 277/182/277
f 282/187/282 280/185/280 281/186/281
f 283/188/283 282/187/282 281/186/281
f 284/189/284 282/187/282 283/188/283
f 285/190/285 286/189/286 287/188/287
f 288/191/288 286/189/286 285/190/285
f 289/192/289 288/191/288 285/190/285
f 290/193/290 288/191/288 289/192/289
f 291/194/291 290/193/290 289/192/289
f 292/195/292 290/193/290 291/194/291
f 293/196/293 292/195/292 291/194/291
f 294/197/294 292/195/292 293/196/293
f 295/184/295 294/197/294 293/196/293
f 296/183/296 294/197/294 295/184/295
f 297/198/297 298/199/298 299/182/299
f 299/182/299 298/199/298 300/186/300
f 300/186/300 298/199/298 287/188/287
f 295/184/295 297/198/297 299/182/299
f 295/184/295 293/196/293 297/198/297
f 285/190/285 287/188/287 298/199/298
f 285/190/285 298/199/298 289/192/289
f 289/192/289 298/199/298 291/194/291
f 291/194/291 298/199/298 297/198/297
f 293/196/293 291/194/291 297/198/297
usemtl tex_1797_lit_w11
f 301/180/301 302/179/302 303/200/303
f 303/200/303 304/201/304 301/180/301
usemtl tex_1798_lit_w11
f 305/181/305 306/202/306 307/181/307
f 307/181/307 306/202/306 308/203/308
f 309/173/309 307/181/307 308/203/308
usemtl tex_1797_lit_w11
f 303/200/303 302/179/302 310/178/310
f 311/204/311 303/200/303 310/178/310
f 311/204/311 310/178/310 312/176/312
usemtl tex_1798_lit_w11
f 313/205/313 309/173/309 308/203/308
f 314/172/314 313/205/313 315/206/315
f 314/172/314 309/173/309 313/205/313
f 316/174/316 317/206/317 318/207/318
f 318/207/318 319/175/319 316/174/316
usemtl tex_1797_lit_w11
f 320/208/320 321/209/321 322/210/322
f 323/204/323 324/176/324 325/211/325
usemtl tex_1798_lit_w11
f 317/206/317 316/174/316 326/172/326
usemtl tex_1794_lit_w11
f 331/134/331 332/149/332 333/212/333
f 334/213/334 335/214/335 336/215/336
f 337/216/337 334/213/334 336/215/336
f 338/217/338 339/218/339 340/219/340
f 340/219/340 341/220/341 338/217/338
f 339/218/339 338/217/338 342/221/342
f 342/221/342 338/217/338 343/222/343
f 342/221/342 343/222/343 344/223/344
f 345/224/345 346/225/346 342/221/342
f 347/224/347 348/226/348 349/225/349
f 348/226/348 350/227/350 349/225/349
f 348/226/348 351/228/351 350/227/350
f 350/227/350 351/228/351 352/229/352
f 353/230/353 350/227/350 352/229/352
f 354/231/354 350/227/350 353/230/353
f 353/230/353 355/232/355 354/231/354
f 356/233/356 354/231/354 355/232/355
f 356/233/356 355/232/355 357/234/357
f 355/232/355 358/27/358 357/234/357
f 359/28/359 358/27/358 355/232/355
f 353/230/353 359/28/359 355/232/355
f 360/29/360 359/28/359 353/230/353
f 360/29/360 353/230/353 352/229/352
f 361/30/361 360/29/360 352/229/352
f 352/229/352 351/228/351 361/30/361
f 351/228/351 362/59/362 361/30/361
f 348/226/348 362/59/362 351/228/351
f 363/226/363 364/60/364 365/59/365
f 364/60/364 363/226/363 366/224/366
f 367/87/367 364/60/364 366/224/366
f 367/87/367 366/224/366 368/223/368
f 369/88/369 367/87/367 368/223/368
f 369/88/369 368/223/368 370/222/370
f 370/222/370 371/217/371 372/150/372
f 371/217/371 373/149/373 372/150/372
f 373/149/373 371/217/371 374/220/374
f 374/220/374 375/212/375 373/149/373
usemtl tex_1798_lit_w11
f 376/155/376 377/235/377 378/236/378
f 379/155/379 380/171/380 381/235/381
usemtl tex_1797_lit_w11
f 382/237/382 383/238/383 384/239/384
f 384/239/384 385/240/385 382/237/382
f 386/241/386 383/238/383 387/242/387
f 383/238/383 382/237/382 387/242/387
usemtl tex_1798_lit_w11
f 379/155/379 388/236/388 389/243/389
f 379/155/379 389/243/389 390/244/390
f 390/244/390 391/245/391 379/155/379
f 379/155/379 391/245/391 392/151/392
f 392/151/392 391/245/391 393/152/393
usemtl tex_1797_lit_w11
f 394/159/394 395/246/395 396/247/396
f 397/160/397 394/159/394 396/247/396
f 396/247/396 398/163/398 397/160/397
f 399/248/399 398/163/398 396/247/396
f 400/249/400 401/250/401 399/248/399
usemtl tex_1794_lit_w11
f 402/150/402 403/88/403 404/222/404
f 405/224/405 406/221/406 407/223/407
f 408/251/408 406/221/406 409/225/409
f 410/252/410 411/251/411 412/225/412
f 413/221/413 411/251/411 414/253/414
f 415/254/415 410/252/410 416/227/416
f 415/254/415 416/227/416 417/231/417
f 415/254/415 417/231/417 418/255/418
f 418/255/418 417/231/417 419/233/419
usemtl tex_1797_lit_w11
f 420/256/420 421/257/421 422/240/422
f 420/256/420 422/240/422 423/239/423
f 424/258/424 420/256/420 423/239/423
f 425/259/425 426/248/426 427/260/427
f 427/260/427 426/248/426 428/247/428
f 429/246/429 427/260/427 428/247/428
f 427/260/427 429/246/429 430/261/430
usemtl tex_1798_lit_w11
f 431/262/431 432/245/432 433/263/433
f 432/245/432 434/244/434 433/263/433
f 435/243/435 433/263/433 434/244/434
usemtl tex_1794_lit_w11
f 436/264/436 437/265/437 438/219/438
f 436/264/436 438/219/438 439/218/439
f 436/264/436 439/218/439 440/221/440
f 441/253/441 442/264/442 443/221/443
f 444/227/444 445/252/445 446/225/446
f 447/266/447 448/267/448 442/264/442
f 442/264/442 441/253/441 447/266/447
f 449/251/449 447/266/447 441/253/441
f 450/268/450 447/266/447 449/251/449
f 450/268/450 449/251/449 445/252/445
f 451/269/451 450/268/450 445/252/445
f 451/269/451 445/252/445 452/254/452
f 453/255/453 451/269/451 452/254/452
usemtl tex_1793_lit_w11
f 454/270/454 455/271/455 456/272/456
usemtl tex_1797_lit_w11
f 457/273/457 458/274/458 459/275/459
f 460/276/460 457/273/457 459/275/459
f 460/276/460 459/275/459 461/277/461
f 462/278/462 460/276/460 461/277/461
f 462/278/462 461/277/461 463/279/463
f 464/280/464 462/278/462 463/279/463
f 464/280/464 463/279/463 465/281/465
usemtl tex_1798_lit_w11
f 466/263/466 467/282/467 468/262/468
f 469/283/469 467/282/467 470/284/470
usemtl tex_1794_lit_w11
f 471/267/471 472/265/472 473/264/473
usemtl tex_1793_lit_w11
f 474/270/474 475/272/475 476/285/476
usemtl tex_1796_sw0_0_lit_w11
f 477/286/477 478/287/478 479/288/479
f 477/286/477 479/288/479 480/289/480
f 481/290/481 478/287/478 477/286/477
f 482/291/482 483/292/483 478/287/478
f 482/291/482 478/287/478 481/290/481
f 484/293/484 483/292/483 482/291/482
usemtl tex_1793_sw0_0_lit_w11
f 485/294/485 486/295/486 487/296/487
f 485/294/485 487/296/487 488/297/488
f 489/298/489 486/295/486 485/294/485
usemtl tex_1796_sw0_0_lit_w11
f 490/299/490 479/288/479 491/300/491
f 490/299/490 491/300/491 492/301/492
f 480/289/480 479/288/479 490/299/490
usemtl tex_1651_sw0_0_lit_ds
f 493/302/493 494/303/494 495/304/495
f 496/305/496 495/304/495 494/303/494
f 497/306/497 498/307/498 499/308/499
f 494/303/494 500/309/500 501/310/501
f 502/311/502 498/307/498 497/306/497
f 501/310/501 500/309/500 503/312/503
f 503/312/503 502/311/502 497/306/497
f 500/309/500 502/311/502 503/312/503
f 496/305/496 494/303/494 501/310/501
usemtl tex_1793_sw0_0_lit_w11
f 504/297/504 505/296/505 506/313/506
f 506/313/506 505/296/505 507/314/507
f 506/313/506 507/314/507 508/315/508
f 509/315/509 510/314/510 511/316/511
f 511/316/511 510/314/510 512/317/512
f 511/316/511 512/317/512 513/318/513
f 513/318/513 512/317/512 514/319/514
f 514/319/514 512/317/512 515/272/515
f 514/319/514 515/272/515 516/320/516
f 516/320/516 515/272/515 517/321/517
f 517/321/517 515/272/515 518/271/518
f 517/321/517 518/271/518 519/322/519
usemtl tex_1651_sw0_0_lit_ds
f 520/323/520 521/324/521 522/302/522
f 523/307/523 524/325/524 525/308/525
f 525/308/525 524/325/524 526/326/526
f 527/323/527 528/302/528 529/304/529
f 530/327/530 528/302/528 531/324/531
f 532/328/532 530/327/530 531/324/531
f 533/329/533 530/327/530 532/328/532
f 526/326/526 533/329/533 532/328/532
f 524/325/524 533/329/533 526/326/526
usemtl tex_1598_sw0_0_lit_w11
f 534/330/534 535/331/535 536/332/536
f 537/333/537 538/334/538 535/331/535
f 537/333/537 535/331/535 534/330/534
f 539/334/539 540/333/540 541/335/541
f 540/333/540 542/336/542 543/337/543
f 540/333/540 543/337/543 541/335/541
f 542/336/542 544/338/544 543/337/543
f 545/339/545 546/340/546 547/341/547
f 545/339/545 547/341/547 548/342/548
f 546/340/546 545/339/545 549/343/549
f 545/339/545 550/330/550 551/332/551
f 545/339/545 551/332/551 549/343/549
f 552/344/552 548/342/548 547/341/547
f 548/342/548 552/344/552 553/345/553
f 548/342/548 553/345/553 554/346/554
f 555/347/555 556/346/556 557/345/557
f 556/346/556 555/347/555 558/348/558
f 556/346/556 558/348/558 559/349/559
f 560/350/560 559/349/559 558/348/558
f 559/349/559 560/350/560 561/351/561
f 559/349/559 561/351/561 562/352/562
f 563/353/563 562/352/562 561/351/561
f 564/336/564 562/352/562 563/353/563
f 564/336/564 563/353/563 565/338/565
f 566/332/566 567/354/567 568/355/568
f 566/332/566 568/355/568 569/343/569
f 570/356/570 571/340/571 572/343/572
f 570/356/570 572/343/572 573/355/573
f 571/340/571 570/356/570 574/357/574
f 571/340/571 574/357/574 575/341/575
f 576/338/576 577/358/577 578/359/578
f 576/338/576 578/359/578 579/337/579
f 579/337/579 578/359/578 580/360/580
f 579/337/579 580/360/580 581/335/581
f 582/361/582 583/334/583 581/335/581
f 582/361/582 581/335/581 580/360/580
f 583/334/583 582/361/582 584/362/584
f 583/334/583 584/362/584 585/331/585
f 586/331/586 587/362/587 588/354/588
f 586/331/586 588/354/588 589/332/589
f 590/353/590 591/363/591 592/358/592
f 590/353/590 592/358/592 593/338/593
f 591/363/591 590/353/590 594/351/594
f 591/363/591 594/351/594 595/364/595
f 596/350/596 597/365/597 595/364/595
f 596/350/596 595/364/595 594/351/594
f 597/365/597 596/350/596 598/348/598
f 597/365/597 598/348/598 599/366/599
f 600/347/600 601/367/601 599/366/599
f 600/347/600 599/366/599 598/348/598
f 602/367/602 603/347/603 604/345/604
f 602/367/602 604/345/604 605/368/605
f 606/344/606 607/369/607 605/368/605
f 606/344/606 605/368/605 604/345/604
f 607/369/607 606/344/606 608/341/608
f 607/369/607 608/341/608 609/357/609
f 610/354/610 611/370/611 612/355/612
f 611/370/611 613/371/613 614/356/614
f 611/370/611 614/356/614 612/355/612
f 614/356/614 613/371/613 609/357/609
f 615/358/615 616/372/616 617/373/617
f 618/358/618 619/373/619 620/359/620
f 620/359/620 619/373/619 621/360/621
f 619/373/619 622/374/622 623/361/623
f 619/373/619 623/361/623 621/360/621
f 623/361/623 622/374/622 624/362/624
f 624/362/624 622/374/622 625/370/625
f 624/362/624 625/370/625 626/354/626
f 627/363/627 628/372/628 618/358/618
f 629/375/629 628/372/628 627/363/627
f 629/375/629 627/363/627 630/364/630
f 631/365/631 629/375/629 630/364/630
f 632/374/632 629/375/629 631/365/631
f 632/374/632 631/365/631 633/366/633
f 634/367/634 635/374/635 636/366/636
f 637/370/637 635/374/635 634/367/634
f 637/370/637 634/367/634 638/368/638
f 639/369/639 637/370/637 638/368/638
f 640/371/640 637/370/637 639/369/639
f 640/371/640 639/369/639 641/357/641
usemtl tex_1605_sw1_0_lit_ds_w11
f 642/376/642 643/377/643 644/378/644
f 645/379/645 643/377/643 646/380/646
f 642/376/642 646/380/646 643/377/643
f 647/378/647 648/379/648 649/380/649
f 643/377/643 650/381/650 644/378/644
f 651/377/651 648/379/648 647/378/647
usemtl tex_1605_sw1_0_lit_ds_w11_ovl
f 644/378/644 650/381/650 652/382/652
usemtl tex_1605_sw1_0_lit_ds_w11
f 652/382/652 651/377/651 647/378/647
usemtl tex_1605_sw1_0_lit_ds_w11_ovl
f 650/381/650 651/377/651 652/382/652
usemtl tex_1796_sw1_0_lit_w11
f 653/289/653 654/288/654 655/299/655
f 655/299/655 654/288/654 656/300/656
f 655/299/655 656/300/656 657/301/657
usemtl tex_1793_sw1_0_lit_w11
f 658/298/658 659/295/659 660/294/660
f 660/294/660 659/295/659 661/296/661
f 660/294/660 661/296/661 662/297/662
f 662/297/662 661/296/661 663/313/663
f 663/313/663 661/296/661 664/314/664
f 663/313/663 664/314/664 665/315/665
f 665/315/665 664/314/664 666/316/666
f 666/316/666 664/314/664 667/317/667
f 666/316/666 667/317/667 668/318/668
f 668/318/668 667/317/667 669/319/669
f 669/319/669 667/317/667 670/272/670
f 669/319/669 670/272/670 671/320/671
f 671/320/671 670/272/670 672/321/672
f 672/321/672 670/272/670 673/271/673
f 674/321/674 675/271/675 676/322/676
usemtl tex_1796_sw1_0_lit_w11
f 677/293/677 678/292/678 679/291/679
f 679/291/679 678/292/678 680/287/680
f 679/291/679 680/287/680 681/290/681
f 681/290/681 680/287/680 682/286/682
f 682/286/682 680/287/680 683/288/683
f 682/286/682 683/288/683 684/289/684
usemtl tex_1605_sw1_0_lit_ds_w11
f 685/379/685 686/383/686 687/380/687
f 687/380/687 686/383/686 688/384/688
f 689/385/689 690/384/690 691/379/691
f 689/385/689 691/379/691 692/380/692
f 693/383/693 691/379/691 690/384/690
f 694/386/694 693/383/693 690/384/690
f 695/387/695 693/383/693 694/386/694
f 696/384/696 695/387/695 694/386/694
f 697/383/697 695/387/695 696/384/696
usemtl tex_1597_sw1_0_lit_w11
f 698/388/698 699/389/699 700/390/700
f 701/391/701 699/389/699 698/388/698
f 702/392/702 699/389/699 701/391/701
f 701/391/701 703/393/703 702/392/702
f 702/392/702 703/393/703 704/394/704
f 705/394/705 706/395/706 707/392/707
f 708/396/708 706/395/706 705/394/705
f 708/396/708 709/397/709 706/395/706
f 710/392/710 706/395/706 709/397/709
f 711/398/711 710/392/710 709/397/709
f 712/389/712 710/392/710 711/398/711
f 713/399/713 712/389/712 711/398/711
f 714/390/714 712/389/712 713/399/713
f 715/400/715 714/390/714 713/399/713
f 716/401/716 714/390/714 715/400/715
f 717/402/717 716/401/716 715/400/715
f 718/390/718 716/401/716 717/402/717
f 717/402/717 719/388/719 718/390/718
usemtl tex_1605_sw2_0_lit_ds_w11
f 720/376/720 721/377/721 722/378/722
f 723/379/723 721/377/721 724/380/724
f 720/376/720 724/380/724 721/377/721
f 725/378/725 726/379/726 727/380/727
f 721/377/721 728/381/728 722/378/722
f 729/377/729 726/379/726 725/378/725
usemtl tex_1605_sw2_0_lit_ds_w11_ovl
f 722/378/722 728/381/728 730/382/730
usemtl tex_1605_sw2_0_lit_ds_w11
f 730/382/730 729/377/729 725/378/725
usemtl tex_1605_sw2_0_lit_ds_w11_ovl
f 728/381/728 729/377/729 730/382/730
usemtl tex_1796_sw2_0_lit_w11
f 731/289/731 732/288/732 733/299/733
f 733/299/733 732/288/732 734/300/734
f 733/299/733 734/300/734 735/301/735
usemtl tex_1793_sw2_0_lit_w11
f 736/298/736 737/295/737 738/294/738
f 738/294/738 737/295/737 739/296/739
f 738/294/738 739/296/739 740/297/740
f 740/297/740 739/296/739 741/313/741
f 741/313/741 739/296/739 742/314/742
f 741/313/741 742/314/742 743/315/743
f 743/315/743 742/314/742 744/316/744
f 744/316/744 742/314/742 745/317/745
f 744/316/744 745/317/745 746/318/746
f 746/318/746 745/317/745 747/319/747
f 747/319/747 745/317/745 748/272/748
f 747/319/747 748/272/748 749/320/749
f 749/320/749 748/272/748 750/321/750
f 750/321/750 748/272/748 751/271/751
f 752/321/752 753/271/753 754/322/754
usemtl tex_1796_sw2_0_lit_w11
f 755/293/755 756/292/756 757/291/757
f 757/291/757 756/292/756 758/287/758
f 757/291/757 758/287/758 759/290/759
f 759/290/759 758/287/758 760/286/760
f 760/286/760 758/287/758 761/288/761
f 760/286/760 761/288/761 762/289/762
usemtl tex_1605_sw2_0_lit_ds_w11
f 763/379/763 764/383/764 765/380/765
f 765/380/765 764/383/764 766/384/766
f 767/385/767 768/384/768 769/379/769
f 767/385/767 769/379/769 770/380/770
f 771/383/771 769/379/769 768/384/768
f 772/386/772 771/383/771 768/384/768
f 773/387/773 771/383/771 772/386/772
f 774/384/774 773/387/773 772/386/772
f 775/383/775 773/387/773 774/384/774
usemtl tex_1695_sw2_0_lit_w01_ovl
f 776/403/776 777/404/777 778/405/778
f 779/406/779 777/404/777 776/403/776
f 776/403/776 780/407/780 779/406/779
f 779/406/779 780/407/780 781/408/781
f 781/408/781 782/409/782 779/406/779
f 783/410/783 784/409/784 785/408/785
f 783/410/783 786/411/786 784/409/784
f 787/406/787 784/409/784 786/411/786
f 788/412/788 787/406/787 786/411/786
f 789/404/789 787/406/787 788/412/788
f 790/413/790 789/404/789 788/412/788
f 791/414/791 789/404/789 790/413/790
f 792/415/792 791/414/791 790/413/790
f 793/416/793 791/414/791 792/415/792
f 794/417/794 793/416/793 792/415/792
f 795/414/795 793/416/793 794/417/794
f 794/417/794 796/405/796 795/414/795
f 796/405/796 797/404/797 795/414/795
usemtl tex_1605_sw3_0_lit_ds_w11
f 798/376/798 799/377/799 800/378/800
f 801/379/801 799/377/799 802/380/802
f 798/376/798 802/380/802 799/377/799
f 803/378/803 804/379/804 805/380/805
f 799/377/799 806/381/806 800/378/800
f 807/377/807 804/379/804 803/378/803
usemtl tex_1605_sw3_0_lit_ds_w11_ovl
f 800/378/800 806/381/806 808/382/808
usemtl tex_1605_sw3_0_lit_ds_w11
f 808/382/808 807/377/807 803/378/803
usemtl tex_1605_sw3_0_lit_ds_w11_ovl
f 806/381/806 807/377/807 808/382/808
usemtl tex_1796_sw3_0_lit_w11
f 809/289/809 810/288/810 811/299/811
f 811/299/811 810/288/810 812/300/812
f 811/299/811 812/300/812 813/301/813
usemtl tex_1793_sw3_0_lit_w11
f 814/298/814 815/295/815 816/294/816
f 816/294/816 815/295/815 817/296/817
f 816/294/816 817/296/817 818/297/818
f 818/297/818 817/296/817 819/313/819
f 819/313/819 817/296/817 820/314/820
f 819/313/819 820/314/820 821/315/821
f 821/315/821 820/314/820 822/316/822
f 822/316/822 820/314/820 823/317/823
f 822/316/822 823/317/823 824/318/824
f 824/318/824 823/317/823 825/319/825
f 825/319/825 823/317/823 826/272/826
f 825/319/825 826/272/826 827/320/827
f 827/320/827 826/272/826 828/321/828
f 828/321/828 826/272/826 829/271/829
f 830/321/830 831/271/831 832/322/832
usemtl tex_1796_sw3_0_lit_w11
f 833/293/833 834/292/834 835/291/835
f 835/291/835 834/292/834 836/287/836
f 835/291/835 836/287/836 837/290/837
f 837/290/837 836/287/836 838/286/838
f 838/286/838 836/287/836 839/288/839
f 838/286/838 839/288/839 840/289/840
usemtl tex_1605_sw3_0_lit_ds_w11
f 841/379/841 842/383/842 843/380/843
f 843/380/843 842/383/842 844/384/844
f 845/385/845 846/384/846 847/379/847
f 845/385/845 847/379/847 848/380/848
f 849/383/849 847/379/847 846/384/846
f 850/386/850 849/383/849 846/384/846
f 851/387/851 849/383/849 850/386/850
f 852/384/852 851/387/851 850/386/850
f 853/383/853 851/387/851 852/384/852
usemtl tex_1639_sw3_0_lit_w11_ovl
f 854/418/854 855/419/855 856/420/856
f 857/421/857 855/419/855 854/418/854
f 858/422/858 859/423/859 860/424/860
f 861/424/861 862/423/862 863/425/863
f 863/425/863 864/426/864 861/424/861
f 865/427/865 866/421/866 867/428/867
f 865/427/865 868/420/868 866/421/866
f 869/429/869 866/421/866 868/420/868
f 870/428/870 869/429/869 868/420/868
f 871/421/871 869/429/869 870/428/870
f 872/428/872 873/430/873 874/431/874
f 875/421/875 873/430/873 872/428/872
f 876/432/876 877/433/877 878/420/878
f 879/421/879 877/433/877 876/432/876
f 880/428/880 881/429/881 882/420/882
f 883/421/883 881/429/881 880/428/880
f 884/420/884 885/428/885 886/429/886
f 885/428/885 887/421/887 886/429/886
usemtl tex_1796_sw4_0_lit_w11
f 888/434/888 889/286/889 890/289/890
f 891/435/891 892/290/892 889/286/889
f 891/435/891 889/286/889 888/434/888
f 891/435/891 893/291/893 892/290/892
f 894/436/894 895/293/895 893/291/893
f 894/436/894 893/291/893 891/435/891
usemtl tex_1793_sw4_0_lit_w11
f 896/437/896 897/294/897 898/297/898
f 899/438/899 900/298/900 897/294/897
f 899/438/899 897/294/897 896/437/896
usemtl tex_1796_sw4_0_lit_w11
f 901/439/901 902/299/902 903/301/903
f 888/434/888 890/289/890 902/299/902
f 888/434/888 902/299/902 901/439/901
usemtl tex_1644_sw4_0_lit_ds_w11
f 904/440/904 905/441/905 906/442/906
f 907/443/907 906/442/906 905/441/905
f 908/444/908 909/445/909 910/446/910
f 905/441/905 911/447/911 912/448/912
f 913/449/913 909/445/909 908/444/908
f 912/448/912 911/447/911 914/450/914
f 914/450/914 913/449/913 908/444/908
f 911/447/911 913/449/913 914/450/914
f 907/443/907 905/441/905 912/448/912
usemtl tex_1644_sw4_0_lit_w11
f 911/447/911 915/451/915 916/452/916
f 917/453/917 915/451/915 911/447/911
f 905/441/905 917/453/917 911/447/911
f 917/453/917 905/441/905 918/454/918
f 905/441/905 904/440/904 919/455/919
f 905/441/905 919/455/919 918/454/918
f 920/440/920 921/456/921 922/455/922
f 923/449/923 924/457/924 925/458/925
f 923/449/923 925/458/925 926/445/926
f 924/457/924 923/449/923 927/459/927
f 923/449/923 928/447/928 929/452/929
f 923/449/923 929/452/929 927/459/927
usemtl tex_1796_sw4_0_lit_w11
f 930/286/930 931/287/931 932/288/932
f 930/286/930 932/288/932 933/289/933
f 934/290/934 931/287/931 930/286/930
f 935/291/935 936/292/936 937/287/937
f 935/291/935 937/287/937 938/290/938
f 939/293/939 936/292/936 935/291/935
usemtl tex_1793_sw4_0_lit_w11
f 940/294/940 941/295/941 942/296/942
f 940/294/940 942/296/942 943/297/943
f 944/298/944 941/295/941 940/294/940
usemtl tex_1796_sw4_0_lit_w11
f 945/299/945 946/288/946 947/300/947
f 945/299/945 947/300/947 948/301/948
f 949/289/949 946/288/946 945/299/945
usemtl tex_1793_sw4_0_lit_w11
f 943/297/943 942/296/942 950/313/950
f 951/313/951 952/296/952 953/314/953
f 951/313/951 953/314/953 954/315/954
f 954/315/954 953/314/953 955/316/955
f 955/316/955 953/314/953 956/317/956
f 955/316/955 956/317/956 957/318/957
f 957/318/957 956/317/956 958/319/958
f 958/319/958 956/317/956 959/272/959
f 958/319/958 959/272/959 960/320/960
f 960/320/960 959/272/959 961/321/961
f 961/321/961 959/272/959 962/271/962
f 961/321/961 962/271/962 963/322/963
f 964/437/964 965/297/965 951/313/951
f 964/437/964 951/313/951 966/460/966
f 966/460/966 951/313/951 954/315/954
f 966/460/966 954/315/954 955/316/955
f 967/460/967 968/316/968 969/461/969
f 969/461/969 968/316/968 970/318/970
f 969/461/969 970/318/970 971/319/971
f 969/461/969 971/319/971 972/462/972
f 972/462/972 971/319/971 973/320/973
f 972/462/972 973/320/973 974/321/974
f 972/462/972 974/321/974 975/463/975
f 975/463/975 974/321/974 976/322/976
usemtl tex_1644_sw4_0_lit_ds_w11
f 977/464/977 978/465/978 979/440/979
f 980/445/980 981/466/981 982/446/982
f 983/446/983 984/466/984 985/467/985
f 986/464/986 987/440/987 988/442/988
f 989/468/989 987/440/987 990/465/990
f 991/469/991 989/468/989 990/465/990
f 992/470/992 989/468/989 991/469/991
f 985/467/985 992/470/992 991/469/991
f 984/466/984 992/470/992 985/467/985
usemtl tex_1644_sw4_0_lit_w11
f 993/451/993 994/471/994 995/472/995
f 993/451/993 995/472/995 996/452/996
f 997/453/997 994/471/994 993/451/993
f 997/453/997 998/473/998 994/471/994
f 999/473/999 1000/453/1000 1001/454/1001
f 999/473/999 1001/454/1001 1002/474/1002
f 1003/455/1003 1004/475/1004 1001/454/1001
f 1004/475/1004 1002/474/1002 1001/454/1001
f 1005/456/1005 1006/476/1006 1004/475/1004
f 1005/456/1005 1004/475/1004 1003/455/1003
f 1007/477/1007 1008/478/1008 1006/476/1006
f 1007/477/1007 1006/476/1006 1005/456/1005
f 1008/478/1008 1007/477/1007 1009/479/1009
f 1008/478/1008 1009/479/1009 1010/480/1010
f 1011/481/1011 1012/482/1012 1010/480/1010
f 1011/481/1011 1010/480/1010 1009/479/1009
f 1012/482/1012 1011/481/1011 1013/483/1013
f 1012/482/1012 1013/483/1013 1014/484/1014
f 1015/485/1015 1016/486/1016 1017/484/1017
f 1015/485/1015 1017/484/1017 1018/483/1018
f 1016/486/1016 1015/485/1015 1019/487/1019
f 1016/486/1016 1019/487/1019 1020/488/1020
f 1021/489/1021 1022/490/1022 1020/488/1020
f 1021/489/1021 1020/488/1020 1019/487/1019
f 1022/490/1022 1021/489/1021 1023/458/1023
f 1022/490/1022 1023/458/1023 1024/491/1024
f 1025/457/1025 1026/492/1026 1024/491/1024
f 1025/457/1025 1024/491/1024 1023/458/1023
f 1026/492/1026 1025/457/1025 1027/459/1027
f 1026/492/1026 1027/459/1027 1028/493/1028
f 1029/452/1029 1028/493/1028 1027/459/1027
f 1029/452/1029 1030/472/1030 1028/493/1028
f 1031/471/1031 1032/494/1032 1033/495/1033
f 1031/471/1031 1033/495/1033 1034/472/1034
f 1035/473/1035 1032/494/1032 1031/471/1031
f 1036/496/1036 1032/494/1032 1035/473/1035
f 1036/496/1036 1035/473/1035 1037/474/1037
f 1038/475/1038 1036/496/1036 1037/474/1037
f 1039/476/1039 1040/497/1040 1036/496/1036
f 1039/476/1039 1036/496/1036 1038/475/1038
f 1041/478/1041 1040/497/1040 1039/476/1039
f 1042/498/1042 1040/497/1040 1041/478/1041
f 1042/498/1042 1041/478/1041 1043/480/1043
f 1044/482/1044 1042/498/1042 1043/480/1043
f 1045/494/1045 1042/498/1042 1044/482/1044
f 1045/494/1045 1044/482/1044 1046/484/1046
f 1047/486/1047 1048/494/1048 1049/484/1049
f 1050/499/1050 1048/494/1048 1047/486/1047
f 1050/499/1050 1047/486/1047 1051/488/1051
f 1052/490/1052 1050/499/1050 1051/488/1051
f 1053/500/1053 1050/499/1050 1052/490/1052
f 1053/500/1053 1052/490/1052 1054/491/1054
f 1055/492/1055 1053/500/1053 1054/491/1054
f 1056/495/1056 1053/500/1053 1055/492/1055
f 1056/495/1056 1055/492/1055 1057/493/1057
f 1058/472/1058 1056/495/1056 1057/493/1057
f 1059/489/1059 1060/445/1060 1061/458/1061
f 1060/445/1060 1059/489/1059 1062/487/1062
f 1063/445/1063 1064/487/1064 1065/466/1065
f 1066/485/1066 1065/466/1065 1064/487/1064
f 1065/466/1065 1066/485/1066 1067/483/1067
f 1065/466/1065 1067/483/1067 1068/470/1068
f 1069/481/1069 1068/470/1068 1067/483/1067
f 1068/470/1068 1069/481/1069 1070/479/1070
f 1068/470/1068 1070/479/1070 1071/468/1071
f 1072/477/1072 1071/468/1071 1070/479/1070
f 1073/440/1073 1071/468/1071 1072/477/1072
f 1073/440/1073 1072/477/1072 1074/456/1074
usemtl tex_1796_sw5_0_lit_w11
f 1075/286/1075 1076/287/1076 1077/288/1077
f 1075/286/1075 1077/288/1077 1078/289/1078
f 1079/290/1079 1076/287/1076 1075/286/1075
f 1080/291/1080 1081/292/1081 1076/287/1076
f 1080/291/1080 1076/287/1076 1079/290/1079
f 1082/293/1082 1081/292/1081 1080/291/1080
usemtl tex_1793_sw5_0_lit_w11
f 1083/294/1083 1084/295/1084 1085/296/1085
f 1083/294/1083 1085/296/1085 1086/297/1086
f 1087/298/1087 1084/295/1084 1083/294/1083
usemtl tex_1796_sw5_0_lit_w11
f 1088/299/1088 1077/288/1077 1089/300/1089
f 1088/299/1088 1089/300/1089 1090/301/1090
f 1078/289/1078 1077/288/1077 1088/299/1088
usemtl tex_1632_sw5_0_lit_ds_w01_ovl
f 1091/501/1091 1092/502/1092 1093/503/1093
f 1094/504/1094 1093/503/1093 1092/502/1092
f 1095/505/1095 1096/506/1096 1097/507/1097
f 1092/502/1092 1098/508/1098 1099/509/1099
f 1100/510/1100 1096/506/1096 1095/505/1095
f 1099/509/1099 1098/508/1098 1101/511/1101
f 1101/511/1101 1100/510/1100 1095/505/1095
f 1098/508/1098 1100/510/1100 1101/511/1101
f 1094/504/1094 1092/502/1092 1099/509/1099
usemtl tex_1793_sw5_0_lit_w11
f 1102/297/1102 1103/296/1103 1104/313/1104
f 1104/313/1104 1103/296/1103 1105/314/1105
f 1104/313/1104 1105/314/1105 1106/315/1106
f 1107/315/1107 1108/314/1108 1109/316/1109
f 1109/316/1109 1108/314/1108 1110/317/1110
f 1109/316/1109 1110/317/1110 1111/318/1111
f 1111/318/1111 1110/317/1110 1112/319/1112
f 1112/319/1112 1110/317/1110 1113/272/1113
f 1112/319/1112 1113/272/1113 1114/320/1114
f 1114/320/1114 1113/272/1113 1115/321/1115
f 1115/321/1115 1113/272/1113 1116/271/1116
f 1115/321/1115 1116/271/1116 1117/322/1117
usemtl tex_1632_sw5_0_lit_ds_w01_ovl
f 1118/512/1118 1119/513/1119 1120/501/1120
f 1121/506/1121 1122/514/1122 1123/507/1123
f 1123/507/1123 1122/514/1122 1124/515/1124
f 1125/512/1125 1126/501/1126 1127/503/1127
f 1128/516/1128 1126/501/1126 1129/513/1129
f 1130/517/1130 1128/516/1128 1129/513/1129
f 1131/518/1131 1128/516/1128 1130/517/1130
f 1124/515/1124 1131/518/1131 1130/517/1130
f 1122/514/1122 1131/518/1131 1124/515/1124
usemtl tex_1632_sw5_0_lit_w01_ovl
f 1132/508/1132 1133/519/1133 1134/520/1134
f 1135/502/1135 1136/521/1136 1133/519/1133
f 1135/502/1135 1133/519/1133 1132/508/1132
f 1137/521/1137 1138/502/1138 1139/522/1139
f 1138/502/1138 1140/501/1140 1141/523/1141
f 1138/502/1138 1141/523/1141 1139/522/1139
f 1140/501/1140 1142/524/1142 1141/523/1141
f 1143/510/1143 1144/525/1144 1145/526/1145
f 1143/510/1143 1145/526/1145 1146/506/1146
f 1144/525/1144 1143/510/1143 1147/527/1147
f 1143/510/1143 1148/508/1148 1149/520/1149
f 1143/510/1143 1149/520/1149 1147/527/1147
f 1150/528/1150 1146/506/1146 1145/526/1145
f 1146/506/1146 1150/528/1150 1151/529/1151
f 1146/506/1146 1151/529/1151 1152/514/1152
f 1153/530/1153 1154/514/1154 1155/529/1155
f 1154/514/1154 1153/530/1153 1156/531/1156
f 1154/514/1154 1156/531/1156 1157/518/1157
f 1158/532/1158 1157/518/1157 1156/531/1156
f 1157/518/1157 1158/532/1158 1159/533/1159
f 1157/518/1157 1159/533/1159 1160/516/1160
f 1161/534/1161 1160/516/1160 1159/533/1159
f 1162/501/1162 1160/516/1160 1161/534/1161
f 1162/501/1162 1161/534/1161 1163/524/1163
f 1164/520/1164 1165/535/1165 1166/536/1166
f 1164/520/1164 1166/536/1166 1167/527/1167
f 1168/537/1168 1169/525/1169 1170/527/1170
f 1168/537/1168 1170/527/1170 1171/536/1171
f 1169/525/1169 1168/537/1168 1172/538/1172
f 1169/525/1169 1172/538/1172 1173/526/1173
f 1174/524/1174 1175/539/1175 1176/540/1176
f 1174/524/1174 1176/540/1176 1177/523/1177
f 1177/523/1177 1176/540/1176 1178/541/1178
f 1177/523/1177 1178/541/1178 1179/522/1179
f 1180/542/1180 1181/521/1181 1179/522/1179
f 1180/542/1180 1179/522/1179 1178/541/1178
f 1181/521/1181 1180/542/1180 1182/543/1182
f 1181/521/1181 1182/543/1182 1183/519/1183
f 1184/519/1184 1185/543/1185 1186/535/1186
f 1184/519/1184 1186/535/1186 1187/520/1187
f 1188/534/1188 1189/544/1189 1190/539/1190
f 1188/534/1188 1190/539/1190 1191/524/1191
f 1189/544/1189 1188/534/1188 1192/533/1192
f 1189/544/1189 1192/533/1192 1193/545/1193
f 1194/532/1194 1195/546/1195 1193/545/1193
f 1194/532/1194 1193/545/1193 1192/533/1192
f 1195/546/1195 1194/532/1194 1196/531/1196
f 1195/546/1195 1196/531/1196 1197/547/1197
f 1198/530/1198 1199/548/1199 1197/547/1197
f 1198/530/1198 1197/547/1197 1196/531/1196
f 1200/548/1200 1201/530/1201 1202/529/1202
f 1200/548/1200 1202/529/1202 1203/549/1203
f 1204/528/1204 1205/550/1205 1203/549/1203
f 1204/528/1204 1203/549/1203 1202/529/1202
f 1205/550/1205 1204/528/1204 1206/526/1206
f 1205/550/1205 1206/526/1206 1207/538/1207
f 1208/535/1208 1209/551/1209 1210/536/1210
f 1209/551/1209 1211/552/1211 1212/537/1212
f 1209/551/1209 1212/537/1212 1210/536/1210
f 1212/537/1212 1211/552/1211 1207/538/1207
f 1213/539/1213 1214/553/1214 1215/554/1215
f 1216/539/1216 1217/554/1217 1218/540/1218
f 1218/540/1218 1217/554/1217 1219/541/1219
f 1217/554/1217 1220/555/1220 1221/542/1221
f 1217/554/1217 1221/542/1221 1219/541/1219
f 1221/542/1221 1220/555/1220 1222/543/1222
f 1222/543/1222 1220/555/1220 1223/551/1223
f 1222/543/1222 1223/551/1223 1224/535/1224
f 1225/544/1225 1226/553/1226 1216/539/1216
f 1227/556/1227 1226/553/1226 1225/544/1225
f 1227/556/1227 1225/544/1225 1228/545/1228
f 1229/546/1229 1227/556/1227 1228/545/1228
f 1230/555/1230 1227/556/1227 1229/546/1229
f 1230/555/1230 1229/546/1229 1231/547/1231
f 1232/548/1232 1233/555/1233 1234/547/1234
f 1235/557/1235 1233/555/1233 1232/548/1232
f 1235/557/1235 1232/548/1232 1236/549/1236
f 1237/550/1237 1235/557/1235 1236/549/1236
f 1238/552/1238 1235/557/1235 1237/550/1237
f 1238/552/1238 1237/550/1237 1239/538/1239
usemtl tex_1507_lit
f 1240/558/1240 1241/559/1241 1242/560/1242
f 1242/560/1242 1243/561/1243 1240/558/1240
f 1244/562/1244 1245/563/1245 1241/559/1241
f 1240/558/1240 1244/562/1244 1241/559/1241
f 1245/563/1245 1244/562/1244 1246/564/1246
f 1246/564/1246 1247/565/1247 1245/563/1245
f 1246/564/1246 1248/566/1248 1249/567/1249
f 1249/567/1249 1247/565/1247 1246/564/1246
f 1248/566/1248 1250/568/1250 1251/569/1251
f 1251/569/1251 1249/567/1249 1248/566/1248
f 1252/570/1252 1251/569/1251 1250/568/1250
f 1251/569/1251 1252/570/1252 1253/571/1253
f 1254/572/1254 1253/571/1253 1252/570/1252
f 1254/572/1254 1255/573/1255 1253/571/1253
f 1256/572/1256 1257/574/1257 1258/573/1258
f 1257/574/1257 1256/572/1256 1259/575/1259
f 1260/576/1260 1257/574/1257 1259/575/1259
f 1260/576/1260 1259/575/1259 1261/577/1261
f 1261/577/1261 1262/578/1262 1260/576/1260
f 1263/579/1263 1260/576/1260 1262/578/1262
f 1264/558/1264 1265/561/1265 1266/580/1266
f 1264/558/1264 1266/580/1266 1267/562/1267
f 1267/562/1267 1266/580/1266 1268/581/1268
f 1268/581/1268 1269/564/1269 1267/562/1267
f 1268/581/1268 1270/566/1270 1269/564/1269
f 1268/581/1268 1271/582/1271 1270/566/1270
f 1272/570/1272 1273/572/1273 1274/572/1274
f 1272/570/1272 1274/572/1274 1275/570/1275
f 1272/570/1272 1275/570/1275 1276/568/1276
f 1276/568/1276 1277/568/1277 1272/570/1272
f 1278/566/1278 1277/568/1277 1276/568/1276
f 1278/566/1278 1279/582/1279 1277/568/1277
f 1280/583/1280 1281/584/1281 1282/578/1282
f 1280/583/1280 1282/578/1282 1283/577/1283
f 1280/583/1280 1283/577/1283 1284/575/1284
f 1284/575/1284 1285/585/1285 1280/583/1280
f 1274/572/1274 1285/585/1285 1284/575/1284
f 1274/572/1274 1273/572/1273 1285/585/1285
f 1286/579/1286 1287/586/1287 1288/587/1288
f 1289/576/1289 1286/579/1286 1288/587/1288
f 1290/574/1290 1289/576/1289 1288/587/1288
f 1288/587/1288 1291/588/1291 1290/574/1290
f 1291/588/1291 1292/589/1292 1293/589/1293
f 1290/574/1290 1291/588/1291 1294/573/1294
f 1293/589/1293 1292/589/1292 1295/571/1295
f 1296/571/1296 1293/589/1293 1295/571/1295
f 1297/569/1297 1296/571/1296 1295/571/1295
f 1295/571/1295 1298/569/1298 1297/569/1297
f 1298/569/1298 1299/590/1299 1300/567/1300
f 1297/569/1297 1298/569/1298 1300/567/1300
f 1300/567/1300 1299/590/1299 1301/591/1301
f 1302/565/1302 1303/567/1303 1304/591/1304
f 1305/563/1305 1302/565/1302 1304/591/1304
f 1304/591/1304 1306/592/1306 1305/563/1305
f 1305/563/1305 1306/592/1306 1307/559/1307
f 1306/592/1306 1308/560/1308 1307/559/1307
f 1309/593/1309 1310/594/1310 1311/595/1311
f 1311/595/1311 1312/596/1312 1309/593/1309
f 1313/597/1313 1314/598/1314 1310/594/1310
f 1309/593/1309 1313/597/1313 1310/594/1310
f 1314/598/1314 1313/597/1313 1315/599/1315
f 1315/599/1315 1316/600/1316 1314/598/1314
f 1317/599/1317 1318/601/1318 1319/602/1319
f 1319/602/1319 1320/600/1320 1317/599/1317
f 1318/601/1318 1321/603/1321 1322/604/1322
f 1322/604/1322 1319/602/1319 1318/601/1318
f 1323/605/1323 1322/604/1322 1321/603/1321
f 1322/604/1322 1323/605/1323 1324/606/1324
f 1325/607/1325 1324/606/1324 1323/605/1323
f 1325/607/1325 1326/608/1326 1324/606/1324
f 1325/607/1325 1327/609/1327 1326/608/1326
f 1327/609/1327 1325/607/1325 1328/610/1328
f 1329/611/1329 1327/609/1327 1328/610/1328
f 1329/611/1329 1328/610/1328 1330/612/1330
f 1330/612/1330 1331/613/1331 1329/611/1329
f 1332/614/1332 1329/611/1329 1331/613/1331
f 1333/593/1333 1334/596/1334 1335/615/1335
f 1333/593/1333 1335/615/1335 1336/597/1336
f 1336/597/1336 1335/615/1335 1337/616/1337
f 1337/616/1337 1338/599/1338 1336/597/1336
f 1337/616/1337 1339/601/1339 1338/599/1338
f 1337/616/1337 1340/617/1340 1339/601/1339
f 1341/605/1341 1342/607/1342 1343/607/1343
f 1341/605/1341 1343/607/1343 1344/605/1344
f 1341/605/1341 1344/605/1344 1345/603/1345
f 1345/603/1345 1346/603/1346 1341/605/1341
f 1339/601/1339 1346/603/1346 1345/603/1345
f 1339/601/1339 1340/617/1340 1346/603/1346
f 1347/618/1347 1348/619/1348 1349/613/1349
f 1347/618/1347 1349/613/1349 1350/612/1350
f 1347/618/1347 1350/612/1350 1351/620/1351
f 1351/620/1351 1352/621/1352 1347/618/1347
f 1353/607/1353 1352/621/1352 1351/620/1351
f 1353/607/1353 1354/607/1354 1352/621/1352
f 1355/614/1355 1356/622/1356 1357/623/1357
f 1358/611/1358 1355/614/1355 1357/623/1357
f 1359/609/1359 1358/611/1358 1357/623/1357
f 1357/623/1357 1360/624/1360 1359/609/1359
f 1360/624/1360 1361/608/1361 1362/608/1362
f 1359/609/1359 1360/624/1360 1362/608/1362
f 1363/608/1363 1364/608/1364 1365/606/1365
f 1366/606/1366 1363/608/1363 1365/606/1365
f 1367/604/1367 1366/606/1366 1365/606/1365
f 1365/606/1365 1368/604/1368 1367/604/1367
f 1368/604/1368 1369/625/1369 1370/602/1370
f 1367/604/1367 1368/604/1368 1370/602/1370
f 1370/602/1370 1369/625/1369 1371/626/1371
f 1372/600/1372 1370/602/1370 1371/626/1371
f 1373/598/1373 1372/600/1372 1371/626/1371
f 1371/626/1371 1374/627/1374 1373/598/1373
f 1373/598/1373 1374/627/1374 1375/594/1375
f 1374/627/1374 1376/628/1376 1375/594/1375
usemtl tex_1501_lit
f 1377/629/1377 1378/630/1378 1379/629/1379
f 1380/630/1380 1378/630/1378 1377/629/1377
f 1381/631/1381 1380/630/1380 1377/629/1377
f 1382/632/1382 1380/630/1380 1381/631/1381
f 1377/629/1377 1379/629/1379 1383/631/1383
f 1383/631/1383 1381/631/1381 1377/629/1377
usemtl tex_1501_lit_ovl
f 1384/632/1384 1378/630/1378 1380/630/1380
f 1380/630/1380 1382/632/1382 1384/632/1384
usemtl tex_1501_lit
f 1385/633/1385 1386/634/1386 1387/633/1387
f 1388/634/1388 1386/634/1386 1385/633/1385
f 1389/635/1389 1390/636/1390 1391/637/1391
f 1392/638/1392 1390/636/1390 1389/635/1389
f 1393/637/1393 1394/637/1394 1395/635/1395
f 1395/635/1395 1396/635/1396 1393/637/1393
usemtl tex_1501_lit_ovl
f 1397/638/1397 1398/636/1398 1399/636/1399
f 1399/636/1399 1400/638/1400 1397/638/1397
usemtl tex_1501_lit
f 1401/639/1401 1402/640/1402 1403/639/1403
f 1403/639/1403 1402/640/1402 1404/640/1404
f 1403/639/1403 1404/640/1404 1405/641/1405
f 1405/641/1405 1404/640/1404 1406/642/1406
f 1407/641/1407 1401/639/1401 1403/639/1403
f 1403/639/1403 1405/641/1405 1407/641/1407
usemtl tex_1501_lit_ovl
f 1404/640/1404 1402/640/1402 1408/642/1408
f 1408/642/1408 1406/642/1406 1404/640/1404
usemtl tex_1501_lit
f 1409/643/1409 1410/644/1410 1411/643/1411
f 1411/643/1411 1410/644/1410 1412/644/1412
f 1413/645/1413 1414/646/1414 1415/647/1415
f 1415/647/1415 1414/646/1414 1416/648/1416
f 1417/647/1417 1418/645/1418 1413/645/1413
f 1413/645/1413 1415/647/1415 1417/647/1417
usemtl tex_1501_lit_ovl
f 1414/646/1414 1419/646/1419 1420/648/1420
f 1420/648/1420 1416/648/1416 1414/646/1414
usemtl tex_1501_lit
f 1421/649/1421 1422/650/1422 1423/651/1423
f 1423/651/1423 1422/650/1422 1424/652/1424
f 1425/652/1425 1426/650/1426 1427/653/1427
f 1427/653/1427 1428/647/1428 1425/652/1425
f 1428/647/1428 1429/651/1429 1425/652/1425
f 1430/654/1430 1428/647/1428 1427/653/1427
f 1430/654/1430 1427/653/1427 1431/655/1431
f 1428/647/1428 1430/654/1430 1432/656/1432
f 1430/654/1430 1431/655/1431 1432/656/1432
f 1431/655/1431 1433/657/1433 1432/656/1432
f 1432/656/1432 1433/657/1433 1434/658/1434
f 1431/655/1431 1435/659/1435 1433/657/1433
f 1434/658/1434 1433/657/1433 1435/659/1435
f 1435/659/1435 1436/660/1436 1434/658/1434
f 1434/658/1434 1436/660/1436 1437/631/1437
f 1436/660/1436 1438/661/1438 1437/631/1437
f 1435/659/1435 1438/661/1438 1436/660/1436
f 1438/661/1438 1439/662/1439 1437/631/1437
f 1438/661/1438 1440/663/1440 1439/662/1439
f 1441/664/1441 1442/631/1442 1443/662/1443
f 1441/664/1441 1443/662/1443 1444/663/1444
f 1445/665/1445 1441/664/1441 1444/663/1444
f 1445/665/1445 1444/663/1444 1446/666/1446
f 1447/667/1447 1445/665/1445 1446/666/1446
f 1441/664/1441 1445/665/1445 1447/667/1447
f 1446/666/1446 1448/668/1448 1447/667/1447
f 1449/669/1449 1448/668/1448 1446/666/1446
f 1450/641/1450 1448/668/1448 1449/669/1449
f 1450/641/1450 1447/667/1447 1448/668/1448
f 1450/641/1450 1449/669/1449 1451/670/1451
f 1451/670/1451 1449/669/1449 1452/671/1452
f 1453/672/1453 1451/670/1451 1452/671/1452
f 1450/641/1450 1451/670/1451 1453/672/1453
f 1452/671/1452 1454/673/1454 1453/672/1453
f 1455/674/1455 1454/673/1454 1452/671/1452
f 1455/674/1455 1456/675/1456 1454/673/1454
f 1456/675/1456 1453/672/1453 1454/673/1454
f 1457/674/1457 1458/676/1458 1459/675/1459
f 1460/677/1460 1458/676/1458 1457/674/1457
f 1460/677/1460 1461/635/1461 1458/676/1458
f 1461/635/1461 1459/675/1459 1458/676/1458
f 1461/635/1461 1460/677/1460 1462/678/1462
f 1462/678/1462 1460/677/1460 1463/679/1463
f 1464/680/1464 1462/678/1462 1463/679/1463
f 1464/680/1464 1461/635/1461 1462/678/1462
f 1464/680/1464 1463/679/1463 1465/649/1465
f 1465/649/1465 1463/679/1463 1466/650/1466
f 1464/680/1464 1465/649/1465 1467/651/1467
f 1459/675/1459 1468/672/1468 1469/672/1469
f 1470/675/1470 1468/672/1468 1459/675/1459
f 1461/635/1461 1470/675/1470 1459/675/1459
f 1471/635/1471 1470/675/1470 1461/635/1461
f 1464/680/1464 1471/635/1471 1461/635/1461
f 1472/680/1472 1471/635/1471 1464/680/1464
f 1467/651/1467 1472/680/1472 1464/680/1464
f 1473/651/1473 1474/680/1474 1475/651/1475
f 1476/647/1476 1473/651/1473 1475/651/1475
f 1477/647/1477 1473/651/1473 1476/647/1476
f 1478/656/1478 1477/647/1477 1476/647/1476
f 1479/656/1479 1477/647/1477 1478/656/1478
f 1480/658/1480 1479/656/1479 1478/656/1478
f 1481/658/1481 1479/656/1479 1480/658/1480
f 1482/631/1482 1481/658/1481 1480/658/1480
f 1483/631/1483 1481/658/1481 1482/631/1482
f 1484/664/1484 1483/631/1483 1482/631/1482
f 1485/664/1485 1483/631/1483 1484/664/1484
f 1486/667/1486 1485/664/1485 1484/664/1484
f 1487/667/1487 1485/664/1485 1486/667/1486
f 1488/641/1488 1487/667/1487 1486/667/1486
f 1489/641/1489 1490/667/1490 1491/641/1491
f 1492/672/1492 1489/641/1489 1491/641/1491
f 1493/672/1493 1489/641/1489 1492/672/1492
usemtl tex_1504_lit_w11
f 1494/681/1494 1495/682/1495 1496/683/1496
f 1497/684/1497 1495/682/1495 1494/681/1494
f 1497/684/1497 1498/685/1498 1495/682/1495
f 1499/686/1499 1498/685/1498 1497/684/1497
f 1500/687/1500 1501/688/1501 1502/689/1502
f 1503/690/1503 1501/688/1501 1500/687/1500
f 1503/690/1503 1504/691/1504 1501/688/1501
f 1505/692/1505 1506/691/1506 1507/690/1507
f 1505/692/1505 1508/693/1508 1506/691/1506
f 1509/694/1509 1508/693/1508 1505/692/1505
f 1509/694/1509 1510/695/1510 1508/693/1508
f 1511/696/1511 1510/695/1510 1509/694/1509
f 1511/696/1511 1512/697/1512 1510/695/1510
f 1513/698/1513 1512/697/1512 1511/696/1511
f 1513/698/1513 1514/699/1514 1512/697/1512
f 1515/700/1515 1514/699/1514 1513/698/1513
f 1515/700/1515 1516/701/1516 1514/699/1514
f 1517/702/1517 1516/701/1516 1515/700/1515
f 1517/702/1517 1518/703/1518 1516/701/1516
f 1519/704/1519 1518/703/1518 1517/702/1517
f 1519/704/1519 1520/705/1520 1518/703/1518
f 1521/706/1521 1522/705/1522 1523/704/1523
f 1521/706/1521 1524/707/1524 1522/705/1522
f 1525/708/1525 1524/707/1524 1521/706/1521
f 1525/708/1525 1526/709/1526 1524/707/1524
f 1527/710/1527 1526/709/1526 1525/708/1525
f 1527/710/1527 1528/711/1528 1526/709/1526
f 1529/712/1529 1528/711/1528 1527/710/1527
f 1529/712/1529 1530/713/1530 1528/711/1528
f 1531/714/1531 1530/713/1530 1529/712/1529
f 1532/715/1532 1533/716/1533 1534/717/1534
f 1535/718/1535 1533/716/1533 1532/715/1532
f 1535/718/1535 1536/719/1536 1533/716/1533
f 1537/720/1537 1538/719/1538 1539/718/1539
f 1537/720/1537 1540/721/1540 1538/719/1538
f 1541/722/1541 1540/721/1540 1537/720/1537
f 1541/722/1541 1542/723/1542 1540/721/1540
f 1543/724/1543 1542/723/1542 1541/722/1541
f 1543/724/1543 1544/725/1544 1542/723/1542
f 1545/726/1545 1544/725/1544 1543/724/1543
f 1545/726/1545 1546/727/1546 1544/725/1544
f 1547/728/1547 1546/727/1546 1545/726/1545
f 1547/728/1547 1548/729/1548 1546/727/1546
f 1549/730/1549 1548/729/1548 1547/728/1547
f 1549/730/1549 1550/731/1550 1548/729/1548
f 1551/732/1551 1550/731/1550 1549/730/1549
f 1551/732/1551 1552/683/1552 1550/731/1550
f 1553/681/1553 1554/683/1554 1555/732/1555
f 1556/733/1556 1557/684/1557 1553/681/1553
f 1558/734/1558 1557/684/1557 1556/733/1556
f 1558/734/1558 1559/686/1559 1557/684/1557
f 1560/735/1560 1559/686/1559 1558/734/1558
f 1561/736/1561 1562/690/1562 1563/687/1563
f 1564/737/1564 1562/690/1562 1561/736/1561
f 1564/737/1564 1565/692/1565 1562/690/1562
f 1566/738/1566 1565/692/1565 1564/737/1564
f 1566/738/1566 1567/694/1567 1565/692/1565
f 1568/739/1568 1567/694/1567 1566/738/1566
f 1569/739/1569 1570/696/1570 1571/694/1571
f 1572/740/1572 1570/696/1570 1569/739/1569
f 1572/740/1572 1573/698/1573 1570/696/1570
f 1574/741/1574 1573/698/1573 1572/740/1572
f 1574/741/1574 1575/700/1575 1573/698/1573
f 1576/742/1576 1575/700/1575 1574/741/1574
f 1576/742/1576 1577/702/1577 1575/700/1575
f 1578/743/1578 1577/702/1577 1576/742/1576
f 1578/743/1578 1579/704/1579 1577/702/1577
f 1580/744/1580 1579/704/1579 1578/743/1578
f 1580/744/1580 1581/706/1581 1579/704/1579
f 1582/745/1582 1581/706/1581 1580/744/1580
f 1582/745/1582 1583/708/1583 1581/706/1581
f 1584/746/1584 1583/708/1583 1582/745/1582
f 1585/746/1585 1586/710/1586 1587/708/1587
f 1588/747/1588 1586/710/1586 1585/746/1585
f 1588/747/1588 1589/712/1589 1586/710/1586
f 1590/748/1590 1589/712/1589 1588/747/1588
f 1590/748/1590 1591/714/1591 1589/712/1589
f 1592/749/1592 1591/714/1591 1590/748/1590
f 1593/750/1593 1594/718/1594 1595/715/1595
f 1596/751/1596 1594/718/1594 1593/750/1593
f 1596/751/1596 1597/720/1597 1594/718/1594
f 1598/752/1598 1597/720/1597 1596/751/1596
f 1598/752/1598 1599/722/1599 1597/720/1597
f 1600/753/1600 1599/722/1599 1598/752/1598
f 1601/753/1601 1602/724/1602 1603/722/1603
f 1604/754/1604 1602/724/1602 1601/753/1601
f 1604/754/1604 1605/726/1605 1602/724/1602
f 1606/755/1606 1605/726/1605 1604/754/1604
f 1606/755/1606 1607/728/1607 1605/726/1605
f 1608/756/1608 1607/728/1607 1606/755/1606
f 1608/756/1608 1609/730/1609 1607/728/1607
f 1610/757/1610 1609/730/1609 1608/756/1608
f 1610/757/1610 1611/732/1611 1609/730/1609
f 1612/758/1612 1611/732/1611 1610/757/1610
f 1612/758/1612 1613/681/1613 1611/732/1611
f 1614/733/1614 1613/681/1613 1612/758/1612
usemtl tex_1608_lit_ovl
f 1615/759/1615 1616/760/1616 1617/761/1617
f 1615/759/1615 1617/761/1617 1618/762/1618
f 1616/760/1616 1619/763/1619 1617/761/1617
f 1615/759/1615 1618/762/1618 1620/764/1620
f 1615/759/1615 1620/764/1620 1621/765/1621
f 1620/764/1620 1622/766/1622 1621/765/1621
usemtl tex_2057_lit
f 1623/767/1623 1624/768/1624 1625/768/1625
f 1623/767/1623 1625/768/1625 1626/767/1626
f 1627/769/1627 1628/769/1628 1629/769/1629
f 1627/769/1627 1629/769/1629 1630/769/1630
f 1631/770/1631 1632/770/1632 1633/770/1633
f 1631/770/1631 1633/770/1633 1634/770/1634
f 1635/771/1635 1636/771/1636 1637/771/1637
f 1635/771/1635 1637/771/1637 1638/771/1638
f 1639/772/1639 1640/773/1640 1641/773/1641
f 1639/772/1639 1641/773/1641 1642/773/1642
f 1643/774/1643 1644/774/1644 1645/774/1645
f 1643/774/1643 1645/774/1645 1646/774/1646
f 1647/775/1647 1648/776/1648 1649/776/1649
f 1647/775/1647 1649/776/1649 1650/775/1650
f 1651/777/1651 1652/777/1652 1653/777/1653
f 1651/777/1651 1653/777/1653 1654/777/1654
f 1655/778/1655 1656/778/1656 1657/778/1657
f 1655/778/1655 1657/778/1657 1658/778/1658
f 1659/779/1659 1660/780/1660 1661/780/1661
f 1659/779/1659 1661/780/1661 1662/780/1662
f 1663/781/1663 1664/781/1664 1665/781/1665
f 1663/781/1663 1665/781/1665 1666/781/1666
f 1667/782/1667 1668/782/1668 1669/782/1669
f 1667/782/1667 1669/782/1669 1670/782/1670
usemtl tex_1502_lit_w11
f 1671/421/1671 1672/429/1672 1673/420/1673
f 1671/421/1671 1673/420/1673 1674/428/1674
f 1675/428/1675 1676/420/1676 1677/429/1677
f 1675/428/1675 1677/429/1677 1678/421/1678
f 1679/428/1679 1680/420/1680 1681/429/1681
f 1679/428/1679 1681/429/1681 1682/421/1682
f 1683/783/1683 1684/784/1684 1685/785/1685
f 1683/783/1683 1685/785/1685 1686/428/1686
f 1687/421/1687 1688/429/1688 1689/420/1689
f 1687/421/1687 1689/420/1689 1690/428/1690
usemtl tex_1503_lit_ovl
f 1691/428/1691 1692/421/1692 1693/429/1693
f 1691/428/1691 1693/429/1693 1694/420/1694
f 1695/428/1695 1696/421/1696 1697/429/1697
f 1695/428/1695 1697/429/1697 1698/420/1698
f 1699/428/1699 1700/421/1700 1701/429/1701
f 1699/428/1699 1701/429/1701 1702/420/1702
f 1703/428/1703 1704/421/1704 1705/429/1705
f 1703/428/1703 1705/429/1705 1706/420/1706
f 1707/428/1707 1708/421/1708 1709/429/1709
f 1707/428/1707 1709/429/1709 1710/420/1710
f 1711/428/1711 1712/421/1712 1713/429/1713
f 1711/428/1711 1713/429/1713 1714/420/1714
f 1715/428/1715 1716/421/1716 1717/429/1717
f 1715/428/1715 1717/429/1717 1718/420/1718
f 1719/428/1719 1720/421/1720 1721/429/1721
f 1719/428/1719 1721/429/1721 1722/420/1722
usemtl tex_1505_lit_sec_w11
f 1723/429/1723 1724/420/1724 1725/428/1725
f 1723/429/1723 1725/428/1725 1726/421/1726
f 1727/429/1727 1728/420/1728 1729/428/1729
f 1727/429/1727 1729/428/1729 1730/421/1730
usemtl tex_2057_sw6_0_lit_ovl
f 1731/767/1731 1732/767/1732 1733/772/1733
f 1734/772/1734 1735/772/1735 1736/772/1736
f 1737/772/1737 1738/772/1738 1739/772/1739
f 1740/786/1740 1741/772/1741 1742/772/1742
f 1743/786/1743 1744/772/1744 1745/772/1745
f 1746/769/1746 1747/769/1747 1748/769/1748
f 1749/786/1749 1750/779/1750 1751/779/1751
f 1752/779/1752 1753/779/1753 1754/779/1754
f 1755/779/1755 1756/779/1756 1757/779/1757
f 1758/779/1758 1759/779/1759 1760/779/1760
f 1761/787/1761 1762/771/1762 1763/788/1763
f 1764/779/1764 1765/779/1765 1766/779/1766
f 1767/789/1767 1768/779/1768 1769/789/1769
f 1770/767/1770 1771/767/1771 1772/767/1772
f 1773/789/1773 1774/789/1774 1775/782/1775
f 1776/788/1776 1777/788/1777 1778/788/1778
f 1779/775/1779 1780/769/1780 1781/769/1781
f 1782/789/1782 1783/782/1783 1784/782/1784
f 1785/788/1785 1786/788/1786 1787/788/1787
f 1788/789/1788 1789/782/1789 1790/782/1790
f 1791/790/1791 1792/790/1792 1793/771/1793
f 1794/789/1794 1795/782/1795 1796/782/1796
f 1797/791/1797 1798/792/1798 1799/792/1799
f 1800/791/1800 1801/792/1801 1802/792/1802
f 1803/788/1803 1804/788/1804 1805/788/1805
f 1806/791/1806 1807/792/1807 1808/792/1808
f 1809/791/1809 1810/791/1810 1811/791/1811
f 1812/793/1812 1813/770/1813 1814/770/1814
f 1815/793/1815 1816/770/1816 1817/770/1817
f 1818/794/1818 1819/774/1819 1820/774/1820
f 1821/791/1821 1822/795/1822 1823/795/1823
f 1824/793/1824 1825/793/1825 1826/793/1826
f 1827/767/1827 1828/767/1828 1829/767/1829
f 1830/793/1830 1831/793/1831 1832/793/1832
f 1833/794/1833 1834/774/1834 1835/774/1835
f 1836/793/1836 1837/769/1837 1838/769/1838
f 1839/793/1839 1840/793/1840 1841/793/1841
f 1842/795/1842 1843/795/1843 1844/795/1844
f 1845/767/1845 1846/770/1846 1847/767/1847
f 1848/775/1848 1849/775/1849 1850/775/1850
f 1851/795/1851 1852/795/1852 1853/795/1853
f 1854/795/1854 1855/795/1855 1856/795/1856
f 1857/795/1857 1858/795/1858 1859/795/1859
f 1860/790/1860 1861/790/1861 1862/790/1862
f 1863/790/1863 1864/790/1864 1865/790/1865
f 1866/794/1866 1867/774/1867 1868/774/1868
f 1869/796/1869 1870/795/1870 1871/795/1871
f 1872/796/1872 1873/796/1873 1874/797/1874
f 1875/796/1875 1876/797/1876 1877/797/1877
f 1878/796/1878 1879/797/1879 1880/797/1880
f 1881/767/1881 1882/767/1882 1883/767/1883
f 1884/796/1884 1885/797/1885 1886/797/1886
f 1887/775/1887 1888/775/1888 1889/775/1889
f 1890/790/1890 1891/790/1891 1892/790/1892
f 1893/775/1893 1894/775/1894 1895/775/1895
f 1896/794/1896 1897/774/1897 1898/774/1898
f 1899/775/1899 1900/775/1900 1901/775/1901
f 1902/790/1902 1903/790/1903 1904/790/1904
f 1905/794/1905 1906/790/1906 1907/790/1907
f 1908/788/1908 1909/788/1909 1910/788/1910
usemtl tex_2057_lit
f 1911/798/1911 1912/799/1912 1913/799/1913
f 1911/798/1911 1913/799/1913 1914/798/1914
f 1915/798/1915 1914/798/1914 1916/798/1916
f 1915/798/1915 1916/798/1916 1917/798/1917
f 1918/798/1918 1911/798/1911 1919/798/1919
f 1918/798/1918 1919/798/1919 1920/798/1920
f 1918/798/1918 1916/798/1916 1921/800/1921
f 1922/799/1922 1923/798/1923 1924/798/1924
f 1922/799/1922 1924/798/1924 1925/799/1925
f 1926/800/1926 1927/800/1927 1928/798/1928
f 1926/800/1926 1928/798/1928 1923/798/1923
f 1929/800/1929 1930/800/1930 1924/798/1924
f 1929/800/1929 1924/798/1924 1931/798/1931
f 1930/800/1930 1926/800/1926 1932/767/1932
f 1933/798/1933 1934/767/1934 1935/798/1935
