mtllib CtrevelyanZ.mtl
v 1087.927879333496 -45.380823612213135 190.0 1.000 1.000 1.000
v 1087.927879333496 -183.38082361221313 -68.0 1.000 1.000 1.000
v 1087.927879333496 -89.38082361221313 -74.0 1.000 1.000 1.000
v 1087.927879333496 -175.38082361221313 200.0 1.000 1.000 1.000
v 995.9278793334961 -106.38082361221313 -62.0 1.000 1.000 1.000
v 1039.927879333496 -83.38082361221313 177.0 1.000 1.000 1.000
v 993.9278793334961 -100.38082361221313 4.0 1.000 1.000 1.000
v 990.9278793334961 -157.38082361221313 10.0 1.000 1.000 1.000
v 993.9278793334961 -152.38082361221313 -52.0 1.000 1.000 1.000
v 1041.927879333496 -135.38082361221313 203.0 1.000 1.000 1.000
v 990.9278793334961 -157.38082361221313 10.0 1.000 1.000 1.000
v 1000.3251266479492 -147.09517669677734 57.0 1.000 1.000 1.000
v 1001.3251266479492 -63.095176696777344 42.0 1.000 1.000 1.000
v 584.3251266479492 -35.095176696777344 66.0 1.000 1.000 1.000
v 988.3251266479492 -87.09517669677734 -75.0 1.000 1.000 1.000
v 600.3251266479492 -75.09517669677734 -81.0 1.000 1.000 1.000
v 588.3251266479492 -44.095176696777344 -15.0 1.000 1.000 1.000
v 993.3251266479492 -44.095176696777344 -8.0 1.000 1.000 1.000
v 983.3251266479492 -141.09517669677734 -73.0 1.000 1.000 1.000
v 588.3251266479492 -180.09517669677734 -3.0 1.000 1.000 1.000
v 598.3251266479492 -154.09517669677734 -68.0 1.000 1.000 1.000
v 584.3251266479492 -120.09517669677734 82.0 1.000 1.000 1.000
v 1002.3251266479492 -189.09517669677734 5.0 1.000 1.000 1.000
v 983.3251266479492 -141.09517669677734 -73.0 1.000 1.000 1.000
v 1002.3251266479492 -189.09517669677734 5.0 1.000 1.000 1.000
v 988.3251266479492 -87.09517669677734 -75.0 1.000 1.000 1.000
v 993.3251266479492 -44.095176696777344 -8.0 1.000 1.000 1.000
v 1001.3251266479492 -63.095176696777344 42.0 1.000 1.000 1.000
v 1000.3251266479492 -147.09517669677734 57.0 1.000 1.000 1.000
v 993.9278793334961 -152.38082361221313 -52.0 1.000 1.000 1.000
v 995.9278793334961 -106.38082361221313 -62.0 1.000 1.000 1.000
v 993.9278793334961 -100.38082361221313 4.0 1.000 1.000 1.000
v 990.9278793334961 -157.38082361221313 10.0 1.000 1.000 1.000
v 492.3251266479492 -38.095176696777344 -20.0 1.000 1.000 1.000
v 494.3251266479492 -70.09517669677734 -61.0 1.000 1.000 1.000
v 494.3251266479492 -111.09517669677734 -54.0 1.000 1.000 1.000
v 487.3251266479492 -178.09517669677734 9.0 1.000 1.000 1.000
v 481.3251266479492 -115.09517669677734 83.0 1.000 1.000 1.000
v 481.3251266479492 -68.09517669677734 77.0 1.000 1.000 1.000
v 588.3251266479492 -44.095176696777344 -15.0 1.000 1.000 1.000
v 584.3251266479492 -35.095176696777344 66.0 1.000 1.000 1.000
v 600.3251266479492 -75.09517669677734 -81.0 1.000 1.000 1.000
v 598.3251266479492 -154.09517669677734 -68.0 1.000 1.000 1.000
v 588.3251266479492 -180.09517669677734 -3.0 1.000 1.000 1.000
v 584.3251266479492 -120.09517669677734 82.0 1.000 1.000 1.000
v 1009.3251266479492 -50.095176696777344 32.0 1.000 1.000 1.000
v 536.3251266479492 -130.09517669677734 87.0 1.000 1.000 1.000
v 1009.3251266479492 -171.09517669677734 65.0 1.000 1.000 1.000
v 994.3251266479492 -83.09517669677734 -89.0 1.000 1.000 1.000
v 531.3251266479492 -106.09517669677734 -67.0 1.000 1.000 1.000
v 528.3251266479492 -31.095176696777344 38.0 1.000 1.000 1.000
v 531.3251266479492 -193.09517669677734 13.0 1.000 1.000 1.000
v 994.3251266479492 -195.09517669677734 -71.0 1.000 1.000 1.000
v 531.3251266479492 -193.09517669677734 13.0 1.000 1.000 1.000
v 536.3251266479492 -130.09517669677734 87.0 1.000 1.000 1.000
v -1.0 -235.0 88.0 1.000 1.000 1.000
v 22.0 -209.0 -25.0 1.000 1.000 1.000
v 32.0 -204.0 -82.0 1.000 1.000 1.000
v 128.0 -87.0 -70.0 1.000 1.000 1.000
v 91.0 -135.0 106.0 1.000 1.000 1.000
v 163.0 -64.0 13.0 1.000 1.000 1.000
v 41.0 -188.0 118.0 1.000 1.000 1.000
v 390.1657943725586 -180.35110473632812 22.0 1.000 1.000 1.000
v 387.1657943725586 -163.35110473632812 -39.0 1.000 1.000 1.000
v 217.1657943725586 -40.351104736328125 -59.0 1.000 1.000 1.000
v 387.1657943725586 -89.35110473632812 -39.0 1.000 1.000 1.000
v 388.1657943725586 -119.35110473632812 96.0 1.000 1.000 1.000
v 217.1657943725586 -24.351104736328125 21.0 1.000 1.000 1.000
v 217.1657943725586 -40.351104736328125 -59.0 1.000 1.000 1.000
v 387.1657943725586 -89.35110473632812 -39.0 1.000 1.000 1.000
v 387.1657943725586 -163.35110473632812 -39.0 1.000 1.000 1.000
v 390.1657943725586 -180.35110473632812 22.0 1.000 1.000 1.000
v 388.1657943725586 -119.35110473632812 96.0 1.000 1.000 1.000
v 217.1657943725586 -24.351104736328125 21.0 1.000 1.000 1.000
v 494.3251266479492 -70.09517669677734 -61.0 1.000 1.000 1.000
v 492.3251266479492 -38.095176696777344 -20.0 1.000 1.000 1.000
v 494.3251266479492 -111.09517669677734 -54.0 1.000 1.000 1.000
v 487.3251266479492 -178.09517669677734 9.0 1.000 1.000 1.000
v 481.3251266479492 -115.09517669677734 83.0 1.000 1.000 1.000
v 481.3251266479492 -68.09517669677734 77.0 1.000 1.000 1.000
v 233.1657943725586 -154.35110473632812 106.0 1.000 1.000 1.000
v 233.1657943725586 -196.35110473632812 0.0 1.000 1.000 1.000
v 537.1657943725586 -129.35110473632812 87.0 1.000 1.000 1.000
v 531.1657943725586 -193.35110473632812 13.0 1.000 1.000 1.000
v 234.1657943725586 -132.35110473632812 -64.0 1.000 1.000 1.000
v 234.1657943725586 -26.351104736328125 21.0 1.000 1.000 1.000
v 528.1657943725586 -31.351104736328125 38.0 1.000 1.000 1.000
v 531.1657943725586 -106.35110473632812 -67.0 1.000 1.000 1.000
v 234.1657943725586 -132.35110473632812 -64.0 1.000 1.000 1.000
v 233.1657943725586 -196.35110473632812 0.0 1.000 1.000 1.000
v 233.1657943725586 -154.35110473632812 106.0 1.000 1.000 1.000
v 234.1657943725586 -26.351104736328125 21.0 1.000 1.000 1.000
v 531.1657943725586 -193.35110473632812 13.0 1.000 1.000 1.000
v 537.1657943725586 -129.35110473632812 87.0 1.000 1.000 1.000
v -1078.8555908203125 -86.70243644714355 -74.0 1.000 1.000 1.000
v -1078.8555908203125 -184.70243644714355 -68.0 1.000 1.000 1.000
v -1078.8555908203125 -43.702436447143555 191.0 1.000 1.000 1.000
v -1078.8555908203125 -178.70243644714355 200.0 1.000 1.000 1.000
v -980.8555908203125 -98.70243644714355 -12.0 1.000 1.000 1.000
v -983.8555908203125 -103.70243644714355 -62.0 1.000 1.000 1.000
v -1030.8555908203125 -78.70243644714355 177.0 1.000 1.000 1.000
v -981.8555908203125 -152.70243644714355 -45.0 1.000 1.000 1.000
v -990.8555908203125 -159.70243644714355 -6.0 1.000 1.000 1.000
v -1032.8555908203125 -134.70243644714355 203.0 1.000 1.000 1.000
v -990.8555908203125 -159.70243644714355 -6.0 1.000 1.000 1.000
v -990.8555908203125 -159.70243644714355 -6.0 1.000 1.000 1.000
v -980.8555908203125 -98.70243644714355 -12.0 1.000 1.000 1.000
v -1030.8555908203125 -78.70243644714355 177.0 1.000 1.000 1.000
v -575.8883666992188 -42.47519826889038 66.0 1.000 1.000 1.000
v -992.8883666992188 -65.47519826889038 42.0 1.000 1.000 1.000
v -991.8883666992188 -132.47519826889038 56.0 1.000 1.000 1.000
v -579.8883666992188 -24.47519826889038 -15.0 1.000 1.000 1.000
v -590.8883666992188 -73.47519826889038 -81.0 1.000 1.000 1.000
v -979.8883666992188 -84.47519826889038 -74.0 1.000 1.000 1.000
v -984.8883666992188 -46.47519826889038 -7.0 1.000 1.000 1.000
v -589.8883666992188 -151.47519826889038 -68.0 1.000 1.000 1.000
v -579.8883666992188 -178.47519826889038 -3.0 1.000 1.000 1.000
v -974.8883666992188 -138.47519826889038 -72.0 1.000 1.000 1.000
v -575.8883666992188 -117.47519826889038 82.0 1.000 1.000 1.000
v -990.8883666992188 -185.47519826889038 5.0 1.000 1.000 1.000
v -984.8883666992188 -46.47519826889038 -7.0 1.000 1.000 1.000
v -992.8883666992188 -65.47519826889038 42.0 1.000 1.000 1.000
v -979.8883666992188 -84.47519826889038 -74.0 1.000 1.000 1.000
v -974.8883666992188 -138.47519826889038 -72.0 1.000 1.000 1.000
v -991.8883666992188 -132.47519826889038 56.0 1.000 1.000 1.000
v -990.8883666992188 -185.47519826889038 5.0 1.000 1.000 1.000
v -980.8555908203125 -98.70243644714355 -12.0 1.000 1.000 1.000
v -983.8555908203125 -103.70243644714355 -62.0 1.000 1.000 1.000
v -981.8555908203125 -152.70243644714355 -45.0 1.000 1.000 1.000
v -990.8555908203125 -159.70243644714355 -6.0 1.000 1.000 1.000
v -487.88836669921875 -31.47519826889038 -20.0 1.000 1.000 1.000
v -485.88836669921875 -67.47519826889038 -61.0 1.000 1.000 1.000
v -434.88836669921875 -108.47519826889038 -54.0 1.000 1.000 1.000
v -478.88836669921875 -178.47519826889038 9.0 1.000 1.000 1.000
v -471.88836669921875 -112.47519826889038 83.0 1.000 1.000 1.000
v -472.88836669921875 -65.47519826889038 77.0 1.000 1.000 1.000
v -575.8883666992188 -42.47519826889038 66.0 1.000 1.000 1.000
v -579.8883666992188 -24.47519826889038 -15.0 1.000 1.000 1.000
v -590.8883666992188 -73.47519826889038 -81.0 1.000 1.000 1.000
v -589.8883666992188 -151.47519826889038 -68.0 1.000 1.000 1.000
v -579.8883666992188 -178.47519826889038 -3.0 1.000 1.000 1.000
v -575.8883666992188 -117.47519826889038 82.0 1.000 1.000 1.000
v -1000.8883666992188 -165.47519826889038 65.0 1.000 1.000 1.000
v -527.8883666992188 -125.47519826889038 87.0 1.000 1.000 1.000
v -999.8883666992188 -48.47519826889038 32.0 1.000 1.000 1.000
v -518.8883666992188 -27.47519826889038 38.0 1.000 1.000 1.000
v -521.8883666992188 -101.47519826889038 -67.0 1.000 1.000 1.000
v -993.8883666992188 -79.47519826889038 -89.0 1.000 1.000 1.000
v -522.8883666992188 -188.47519826889038 13.0 1.000 1.000 1.000
v -993.8883666992188 -189.47519826889038 -71.0 1.000 1.000 1.000
v -527.8883666992188 -125.47519826889038 87.0 1.000 1.000 1.000
v -522.8883666992188 -188.47519826889038 13.0 1.000 1.000 1.000
v -21.0 -208.0 -25.0 1.000 1.000 1.000
v -1.0 -235.0 88.0 1.000 1.000 1.000
v -126.0 -86.0 -70.0 1.000 1.000 1.000
v -32.0 -205.0 -81.0 1.000 1.000 1.000
v -90.0 -137.0 107.0 1.000 1.000 1.000
v -157.0 -64.0 13.0 1.000 1.000 1.000
v -42.0 -188.0 118.0 1.000 1.000 1.000
v -380.5890197753906 -181.63739013671875 22.0 1.000 1.000 1.000
v -378.5890197753906 -144.63739013671875 -39.0 1.000 1.000 1.000
v -199.58901977539062 -52.63739013671875 -64.0 1.000 1.000 1.000
v -203.58901977539062 -34.63739013671875 -34.0 1.000 1.000 1.000
v -203.58901977539062 -18.63739013671875 21.0 1.000 1.000 1.000
v -350.5890197753906 -117.63739013671875 96.0 1.000 1.000 1.000
v -203.58901977539062 -34.63739013671875 -34.0 1.000 1.000 1.000
v -199.58901977539062 -52.63739013671875 -64.0 1.000 1.000 1.000
v -378.5890197753906 -144.63739013671875 -39.0 1.000 1.000 1.000
v -380.5890197753906 -181.63739013671875 22.0 1.000 1.000 1.000
v -350.5890197753906 -117.63739013671875 96.0 1.000 1.000 1.000
v -203.58901977539062 -18.63739013671875 21.0 1.000 1.000 1.000
v -487.88836669921875 -31.47519826889038 -20.0 1.000 1.000 1.000
v -485.88836669921875 -67.47519826889038 -61.0 1.000 1.000 1.000
v -434.88836669921875 -108.47519826889038 -54.0 1.000 1.000 1.000
v -478.88836669921875 -178.47519826889038 9.0 1.000 1.000 1.000
v -471.88836669921875 -112.47519826889038 83.0 1.000 1.000 1.000
v -472.88836669921875 -65.47519826889038 77.0 1.000 1.000 1.000
v -527.5890197753906 -125.63739013671875 87.0 1.000 1.000 1.000
v -224.58901977539062 -192.63739013671875 0.0 1.000 1.000 1.000
v -224.58901977539062 -149.63739013671875 106.0 1.000 1.000 1.000
v -224.58901977539062 -128.63739013671875 -64.0 1.000 1.000 1.000
v -522.5890197753906 -188.63739013671875 13.0 1.000 1.000 1.000
v -522.5890197753906 -101.63739013671875 -67.0 1.000 1.000 1.000
v -519.5890197753906 -27.63739013671875 38.0 1.000 1.000 1.000
v -223.58901977539062 -21.63739013671875 21.0 1.000 1.000 1.000
v -223.58901977539062 -21.63739013671875 21.0 1.000 1.000 1.000
v -224.58901977539062 -149.63739013671875 106.0 1.000 1.000 1.000
v -224.58901977539062 -192.63739013671875 0.0 1.000 1.000 1.000
v -224.58901977539062 -128.63739013671875 -64.0 1.000 1.000 1.000
v -527.5890197753906 -125.63739013671875 87.0 1.000 1.000 1.000
v -522.5890197753906 -188.63739013671875 13.0 1.000 1.000 1.000
v 4.423973083496094 552.4290161132812 127.0 1.000 1.000 1.000
v 4.423973083496094 545.4290161132812 123.0 1.000 1.000 1.000
v 50.423973083496094 548.4290161132812 96.0 1.000 1.000 1.000
v 43.423973083496094 563.4290161132812 115.0 1.000 1.000 1.000
v -8.576026916503906 545.4290161132812 123.0 1.000 1.000 1.000
v -7.576026916503906 552.4290161132812 127.0 1.000 1.000 1.000
v -54.576026916503906 544.4290161132812 96.0 1.000 1.000 1.000
v -31.576026916503906 564.4290161132812 131.0 1.000 1.000 1.000
v -51.576026916503906 562.4290161132812 115.0 1.000 1.000 1.000
v 10.423973083496094 506.42901611328125 153.0 1.000 1.000 1.000
v -9.576026916503906 506.42901611328125 153.0 1.000 1.000 1.000
v -18.576026916503906 511.42901611328125 129.0 1.000 1.000 1.000
v 19.423973083496094 512.4290161132812 129.0 1.000 1.000 1.000
v -22.576026916503906 529.4290161132812 121.0 1.000 1.000 1.000
v -45.576026916503906 532.4290161132812 105.0 1.000 1.000 1.000
v -38.576026916503906 480.42901611328125 117.0 1.000 1.000 1.000
v 20.423973083496094 535.4290161132812 122.0 1.000 1.000 1.000
v 50.423973083496094 548.4290161132812 96.0 1.000 1.000 1.000
v 4.423973083496094 545.4290161132812 123.0 1.000 1.000 1.000
v -9.576026916503906 506.42901611328125 153.0 1.000 1.000 1.000
v -18.576026916503906 511.42901611328125 129.0 1.000 1.000 1.000
v -4.576026916503906 498.42901611328125 136.0 1.000 1.000 1.000
v 36.423973083496094 649.4290161132812 118.0 1.000 1.000 1.000
v 5.423973083496094 634.4290161132812 138.0 1.000 1.000 1.000
v 42.423973083496094 605.4290161132812 105.0 1.000 1.000 1.000
v 41.423973083496094 537.4290161132812 105.0 1.000 1.000 1.000
v -14.576026916503906 485.42901611328125 134.0 1.000 1.000 1.000
v -38.576026916503906 480.42901611328125 117.0 1.000 1.000 1.000
v -29.576026916503906 481.42901611328125 130.0 1.000 1.000 1.000
v -64.5760269165039 596.4290161132812 92.0 1.000 1.000 1.000
v -45.576026916503906 604.4290161132812 102.0 1.000 1.000 1.000
v -33.576026916503906 646.4290161132812 118.0 1.000 1.000 1.000
v 4.423973083496094 485.42901611328125 135.0 1.000 1.000 1.000
v -1.5760269165039062 484.42901611328125 134.0 1.000 1.000 1.000
v -1.5760269165039062 481.42901611328125 133.0 1.000 1.000 1.000
v -9.576026916503906 506.42901611328125 153.0 1.000 1.000 1.000
v 4.423973083496094 552.4290161132812 127.0 1.000 1.000 1.000
v -7.576026916503906 552.4290161132812 127.0 1.000 1.000 1.000
v 18.423973083496094 468.42901611328125 128.0 1.000 1.000 1.000
v 22.423973083496094 441.42901611328125 134.0 1.000 1.000 1.000
v 38.423973083496094 481.42901611328125 117.0 1.000 1.000 1.000
v -20.576026916503906 441.42901611328125 134.0 1.000 1.000 1.000
v -1.5760269165039062 426.42901611328125 125.0 1.000 1.000 1.000
v 23.423973083496094 564.4290161132812 131.0 1.000 1.000 1.000
v 43.423973083496094 563.4290161132812 115.0 1.000 1.000 1.000
v 42.423973083496094 605.4290161132812 105.0 1.000 1.000 1.000
v -54.576026916503906 544.4290161132812 96.0 1.000 1.000 1.000
v -45.576026916503906 604.4290161132812 102.0 1.000 1.000 1.000
v -64.5760269165039 596.4290161132812 92.0 1.000 1.000 1.000
v 19.423973083496094 478.42901611328125 133.0 1.000 1.000 1.000
v 18.423973083496094 468.42901611328125 128.0 1.000 1.000 1.000
v 30.423973083496094 480.42901611328125 130.0 1.000 1.000 1.000
v -38.576026916503906 480.42901611328125 117.0 1.000 1.000 1.000
v -21.576026916503906 431.42901611328125 126.0 1.000 1.000 1.000
v -20.576026916503906 441.42901611328125 134.0 1.000 1.000 1.000
v 14.423973083496094 616.4290161132812 117.0 1.000 1.000 1.000
v 5.423973083496094 634.4290161132812 138.0 1.000 1.000 1.000
v 4.423973083496094 620.4290161132812 116.0 1.000 1.000 1.000
v 42.423973083496094 605.4290161132812 105.0 1.000 1.000 1.000
v 54.423973083496094 467.42901611328125 93.0 1.000 1.000 1.000
v 50.423973083496094 548.4290161132812 96.0 1.000 1.000 1.000
v 41.423973083496094 537.4290161132812 105.0 1.000 1.000 1.000
v -54.576026916503906 544.4290161132812 96.0 1.000 1.000 1.000
v -51.576026916503906 562.4290161132812 115.0 1.000 1.000 1.000
v -45.576026916503906 604.4290161132812 102.0 1.000 1.000 1.000
v -7.576026916503906 552.4290161132812 127.0 1.000 1.000 1.000
v 4.423973083496094 552.4290161132812 127.0 1.000 1.000 1.000
v 4.423973083496094 620.4290161132812 116.0 1.000 1.000 1.000
v 29.423973083496094 432.42901611328125 126.0 1.000 1.000 1.000
v 22.423973083496094 441.42901611328125 134.0 1.000 1.000 1.000
v -1.5760269165039062 426.42901611328125 125.0 1.000 1.000 1.000
v -20.576026916503906 612.4290161132812 117.0 1.000 1.000 1.000
v -31.576026916503906 564.4290161132812 131.0 1.000 1.000 1.000
v -9.576026916503906 506.42901611328125 153.0 1.000 1.000 1.000
v 0.42397308349609375 502.42901611328125 153.0 1.000 1.000 1.000
v 10.423973083496094 506.42901611328125 153.0 1.000 1.000 1.000
v 19.423973083496094 512.4290161132812 129.0 1.000 1.000 1.000
v 21.423973083496094 484.42901611328125 134.0 1.000 1.000 1.000
v 38.423973083496094 481.42901611328125 117.0 1.000 1.000 1.000
v 4.423973083496094 552.4290161132812 127.0 1.000 1.000 1.000
v 23.423973083496094 564.4290161132812 131.0 1.000 1.000 1.000
v 14.423973083496094 616.4290161132812 117.0 1.000 1.000 1.000
v 5.423973083496094 498.42901611328125 136.0 1.000 1.000 1.000
v 10.423973083496094 506.42901611328125 153.0 1.000 1.000 1.000
v 0.42397308349609375 502.42901611328125 153.0 1.000 1.000 1.000
v -3.5760269165039062 617.4290161132812 116.0 1.000 1.000 1.000
v 4.423973083496094 620.4290161132812 116.0 1.000 1.000 1.000
v 5.423973083496094 634.4290161132812 138.0 1.000 1.000 1.000
v -33.576026916503906 646.4290161132812 118.0 1.000 1.000 1.000
v -20.576026916503906 612.4290161132812 117.0 1.000 1.000 1.000
v -9.576026916503906 506.42901611328125 153.0 1.000 1.000 1.000
v -4.576026916503906 498.42901611328125 136.0 1.000 1.000 1.000
v 20.423973083496094 535.4290161132812 122.0 1.000 1.000 1.000
v 19.423973083496094 512.4290161132812 129.0 1.000 1.000 1.000
v 38.423973083496094 481.42901611328125 117.0 1.000 1.000 1.000
v 4.423973083496094 552.4290161132812 127.0 1.000 1.000 1.000
v 14.423973083496094 616.4290161132812 117.0 1.000 1.000 1.000
v 4.423973083496094 620.4290161132812 116.0 1.000 1.000 1.000
v -20.576026916503906 441.42901611328125 134.0 1.000 1.000 1.000
v 22.423973083496094 441.42901611328125 134.0 1.000 1.000 1.000
v 18.423973083496094 468.42901611328125 128.0 1.000 1.000 1.000
v -16.576026916503906 478.42901611328125 133.0 1.000 1.000 1.000
v -29.576026916503906 481.42901611328125 130.0 1.000 1.000 1.000
v -18.576026916503906 468.42901611328125 128.0 1.000 1.000 1.000
v 30.423973083496094 480.42901611328125 130.0 1.000 1.000 1.000
v -38.576026916503906 480.42901611328125 117.0 1.000 1.000 1.000
v 29.423973083496094 432.42901611328125 126.0 1.000 1.000 1.000
v 4.423973083496094 545.4290161132812 123.0 1.000 1.000 1.000
v 5.423973083496094 498.42901611328125 136.0 1.000 1.000 1.000
v 19.423973083496094 512.4290161132812 129.0 1.000 1.000 1.000
v 10.423973083496094 506.42901611328125 153.0 1.000 1.000 1.000
v -38.576026916503906 480.42901611328125 117.0 1.000 1.000 1.000
v -14.576026916503906 485.42901611328125 134.0 1.000 1.000 1.000
v -18.576026916503906 511.42901611328125 129.0 1.000 1.000 1.000
v 23.423973083496094 564.4290161132812 131.0 1.000 1.000 1.000
v 4.423973083496094 552.4290161132812 127.0 1.000 1.000 1.000
v 43.423973083496094 563.4290161132812 115.0 1.000 1.000 1.000
v -22.576026916503906 529.4290161132812 121.0 1.000 1.000 1.000
v -8.576026916503906 545.4290161132812 123.0 1.000 1.000 1.000
v -54.576026916503906 544.4290161132812 96.0 1.000 1.000 1.000
v 54.423973083496094 467.42901611328125 93.0 1.000 1.000 1.000
v 41.423973083496094 537.4290161132812 105.0 1.000 1.000 1.000
v 38.423973083496094 481.42901611328125 117.0 1.000 1.000 1.000
v 50.423973083496094 548.4290161132812 96.0 1.000 1.000 1.000
v 61.423973083496094 598.4290161132812 92.0 1.000 1.000 1.000
v 42.423973083496094 605.4290161132812 105.0 1.000 1.000 1.000
v 43.423973083496094 563.4290161132812 115.0 1.000 1.000 1.000
v -33.576026916503906 646.4290161132812 118.0 1.000 1.000 1.000
v 5.423973083496094 634.4290161132812 138.0 1.000 1.000 1.000
v 36.423973083496094 649.4290161132812 118.0 1.000 1.000 1.000
v -38.576026916503906 480.42901611328125 117.0 1.000 1.000 1.000
v -45.576026916503906 532.4290161132812 105.0 1.000 1.000 1.000
v -54.576026916503906 467.42901611328125 93.0 1.000 1.000 1.000
v -22.576026916503906 529.4290161132812 121.0 1.000 1.000 1.000
v -54.576026916503906 544.4290161132812 96.0 1.000 1.000 1.000
v -45.576026916503906 604.4290161132812 102.0 1.000 1.000 1.000
v -51.576026916503906 562.4290161132812 115.0 1.000 1.000 1.000
v -31.576026916503906 564.4290161132812 131.0 1.000 1.000 1.000
v 5.423973083496094 498.42901611328125 136.0 1.000 1.000 1.000
v 0.42397308349609375 502.42901611328125 153.0 1.000 1.000 1.000
v -4.576026916503906 498.42901611328125 136.0 1.000 1.000 1.000
v -20.576026916503906 612.4290161132812 117.0 1.000 1.000 1.000
v -31.576026916503906 564.4290161132812 131.0 1.000 1.000 1.000
v -7.576026916503906 552.4290161132812 127.0 1.000 1.000 1.000
v 23.423973083496094 564.4290161132812 131.0 1.000 1.000 1.000
v 42.423973083496094 605.4290161132812 105.0 1.000 1.000 1.000
v 14.423973083496094 616.4290161132812 117.0 1.000 1.000 1.000
v -3.5760269165039062 617.4290161132812 116.0 1.000 1.000 1.000
v 4.423973083496094 620.4290161132812 116.0 1.000 1.000 1.000
v -33.576026916503906 646.4290161132812 118.0 1.000 1.000 1.000
v -45.576026916503906 604.4290161132812 102.0 1.000 1.000 1.000
v 5.423973083496094 634.4290161132812 138.0 1.000 1.000 1.000
v -45.576026916503906 532.4290161132812 105.0 1.000 1.000 1.000
v -54.576026916503906 544.4290161132812 96.0 1.000 1.000 1.000
v -54.576026916503906 467.42901611328125 93.0 1.000 1.000 1.000
v -9.576026916503906 506.42901611328125 153.0 1.000 1.000 1.000
v 10.423973083496094 506.42901611328125 153.0 1.000 1.000 1.000
v 4.423973083496094 552.4290161132812 127.0 1.000 1.000 1.000
v -22.576026916503906 529.4290161132812 121.0 1.000 1.000 1.000
v -18.576026916503906 511.42901611328125 129.0 1.000 1.000 1.000
v -8.576026916503906 545.4290161132812 123.0 1.000 1.000 1.000
v -38.576026916503906 480.42901611328125 117.0 1.000 1.000 1.000
v -20.576026916503906 441.42901611328125 134.0 1.000 1.000 1.000
v -18.576026916503906 468.42901611328125 128.0 1.000 1.000 1.000
v 19.423973083496094 478.42901611328125 133.0 1.000 1.000 1.000
v 30.423973083496094 480.42901611328125 130.0 1.000 1.000 1.000
v -1.5760269165039062 481.42901611328125 133.0 1.000 1.000 1.000
v -16.576026916503906 478.42901611328125 133.0 1.000 1.000 1.000
v 4.423973083496094 485.42901611328125 135.0 1.000 1.000 1.000
v 21.423973083496094 484.42901611328125 134.0 1.000 1.000 1.000
v 19.423973083496094 512.4290161132812 129.0 1.000 1.000 1.000
v 49.423973083496094 648.4290161132812 92.0 1.000 1.000 1.000
v 42.423973083496094 605.4290161132812 105.0 1.000 1.000 1.000
v 61.423973083496094 598.4290161132812 92.0 1.000 1.000 1.000
v -16.576026916503906 478.42901611328125 133.0 1.000 1.000 1.000
v -1.5760269165039062 481.42901611328125 133.0 1.000 1.000 1.000
v -29.576026916503906 481.42901611328125 130.0 1.000 1.000 1.000
v 19.423973083496094 478.42901611328125 133.0 1.000 1.000 1.000
v 18.423973083496094 468.42901611328125 128.0 1.000 1.000 1.000
v -18.576026916503906 468.42901611328125 128.0 1.000 1.000 1.000
v -6.576026916503906 485.42901611328125 135.0 1.000 1.000 1.000
v -14.576026916503906 485.42901611328125 134.0 1.000 1.000 1.000
v -1.5760269165039062 484.42901611328125 134.0 1.000 1.000 1.000
v 30.423973083496094 480.42901611328125 130.0 1.000 1.000 1.000
v -14.576026916503906 485.42901611328125 134.0 1.000 1.000 1.000
v -6.576026916503906 485.42901611328125 135.0 1.000 1.000 1.000
v -18.576026916503906 511.42901611328125 129.0 1.000 1.000 1.000
v -4.576026916503906 498.42901611328125 136.0 1.000 1.000 1.000
v -1.5760269165039062 484.42901611328125 134.0 1.000 1.000 1.000
v 4.423973083496094 485.42901611328125 135.0 1.000 1.000 1.000
v 5.423973083496094 498.42901611328125 136.0 1.000 1.000 1.000
v 19.423973083496094 512.4290161132812 129.0 1.000 1.000 1.000
v -54.576026916503906 544.4290161132812 96.0 1.000 1.000 1.000
v -7.576026916503906 552.4290161132812 127.0 1.000 1.000 1.000
v -51.576026916503906 562.4290161132812 115.0 1.000 1.000 1.000
v 41.423973083496094 537.4290161132812 105.0 1.000 1.000 1.000
v 20.423973083496094 535.4290161132812 122.0 1.000 1.000 1.000
v 38.423973083496094 481.42901611328125 117.0 1.000 1.000 1.000
v -22.576026916503906 529.4290161132812 121.0 1.000 1.000 1.000
v -38.576026916503906 480.42901611328125 117.0 1.000 1.000 1.000
v 49.423973083496094 648.4290161132812 92.0 1.000 1.000 1.000
v 36.423973083496094 649.4290161132812 118.0 1.000 1.000 1.000
v 42.423973083496094 605.4290161132812 105.0 1.000 1.000 1.000
v -20.576026916503906 441.42901611328125 134.0 1.000 1.000 1.000
v -21.576026916503906 431.42901611328125 126.0 1.000 1.000 1.000
v -1.5760269165039062 426.42901611328125 125.0 1.000 1.000 1.000
v 40.423973083496094 438.42901611328125 84.0 1.000 1.000 1.000
v 29.423973083496094 432.42901611328125 126.0 1.000 1.000 1.000
v -6.576026916503906 485.42901611328125 135.0 1.000 1.000 1.000
v -1.5760269165039062 484.42901611328125 134.0 1.000 1.000 1.000
v 5.423973083496094 498.42901611328125 136.0 1.000 1.000 1.000
v -31.576026916503906 437.42901611328125 84.0 1.000 1.000 1.000
v -14.576026916503906 485.42901611328125 134.0 1.000 1.000 1.000
v -29.576026916503906 481.42901611328125 130.0 1.000 1.000 1.000
v -1.5760269165039062 481.42901611328125 133.0 1.000 1.000 1.000
v 21.423973083496094 484.42901611328125 134.0 1.000 1.000 1.000
v 30.423973083496094 480.42901611328125 130.0 1.000 1.000 1.000
v 38.423973083496094 481.42901611328125 117.0 1.000 1.000 1.000
v -31.576026916503906 437.42901611328125 84.0 1.000 1.000 1.000
v 40.423973083496094 438.42901611328125 84.0 1.000 1.000 1.000
v -1.5760269165039062 426.42901611328125 125.0 1.000 1.000 1.000
v -6.576026916503906 448.42901611328125 73.0 1.000 1.000 1.000
v 29.423973083496094 432.42901611328125 126.0 1.000 1.000 1.000
v 54.423973083496094 467.42901611328125 93.0 1.000 1.000 1.000
v -21.576026916503906 431.42901611328125 126.0 1.000 1.000 1.000
v -38.576026916503906 480.42901611328125 117.0 1.000 1.000 1.000
v -54.576026916503906 467.42901611328125 93.0 1.000 1.000 1.000
v -54.576026916503906 655.4290161132812 -20.0 1.000 1.000 1.000
v -60.576026916503906 662.4290161132812 57.0 1.000 1.000 1.000
v -15.576026916503906 682.4290161132812 22.0 1.000 1.000 1.000
v -67.5760269165039 541.4290161132812 30.0 1.000 1.000 1.000
v -54.576026916503906 544.4290161132812 96.0 1.000 1.000 1.000
v -64.5760269165039 596.4290161132812 92.0 1.000 1.000 1.000
v -83.5760269165039 540.4290161132812 3.0 1.000 1.000 1.000
v -73.5760269165039 504.42901611328125 18.0 1.000 1.000 1.000
v -74.5760269165039 609.4290161132812 71.0 1.000 1.000 1.000
v -60.576026916503906 662.4290161132812 57.0 1.000 1.000 1.000
v -86.5760269165039 615.4290161132812 -14.0 1.000 1.000 1.000
v -75.5760269165039 539.4290161132812 3.0 1.000 1.000 1.000
v -81.5760269165039 566.4290161132812 10.0 1.000 1.000 1.000
v -82.5760269165039 565.4290161132812 29.0 1.000 1.000 1.000
v -89.5760269165039 560.4290161132812 26.0 1.000 1.000 1.000
v -52.576026916503906 473.42901611328125 -39.0 1.000 1.000 1.000
v -54.576026916503906 655.4290161132812 -20.0 1.000 1.000 1.000
v -73.5760269165039 609.4290161132812 -45.0 1.000 1.000 1.000
v -58.576026916503906 551.4290161132812 -61.0 1.000 1.000 1.000
v -67.5760269165039 541.4290161132812 30.0 1.000 1.000 1.000
v -89.5760269165039 560.4290161132812 26.0 1.000 1.000 1.000
v -88.5760269165039 560.4290161132812 9.0 1.000 1.000 1.000
v -54.576026916503906 655.4290161132812 -20.0 1.000 1.000 1.000
v -73.5760269165039 609.4290161132812 -45.0 1.000 1.000 1.000
v -86.5760269165039 615.4290161132812 -14.0 1.000 1.000 1.000
v -54.576026916503906 544.4290161132812 96.0 1.000 1.000 1.000
v -54.576026916503906 467.42901611328125 93.0 1.000 1.000 1.000
v -31.576026916503906 437.42901611328125 84.0 1.000 1.000 1.000
v -43.576026916503906 456.42901611328125 62.0 1.000 1.000 1.000
v -57.576026916503906 476.42901611328125 52.0 1.000 1.000 1.000
v -75.5760269165039 539.4290161132812 3.0 1.000 1.000 1.000
v -83.5760269165039 540.4290161132812 3.0 1.000 1.000 1.000
v -58.576026916503906 551.4290161132812 -61.0 1.000 1.000 1.000
v -52.576026916503906 473.42901611328125 -39.0 1.000 1.000 1.000
v -67.5760269165039 541.4290161132812 30.0 1.000 1.000 1.000
v -73.5760269165039 504.42901611328125 18.0 1.000 1.000 1.000
v -64.5760269165039 499.42901611328125 41.0 1.000 1.000 1.000
v -57.576026916503906 476.42901611328125 52.0 1.000 1.000 1.000
v -81.5760269165039 566.4290161132812 10.0 1.000 1.000 1.000
v -75.5760269165039 539.4290161132812 3.0 1.000 1.000 1.000
v -88.5760269165039 560.4290161132812 9.0 1.000 1.000 1.000
v -89.5760269165039 560.4290161132812 26.0 1.000 1.000 1.000
v -83.5760269165039 540.4290161132812 3.0 1.000 1.000 1.000
v -74.5760269165039 609.4290161132812 71.0 1.000 1.000 1.000
v -33.576026916503906 646.4290161132812 118.0 1.000 1.000 1.000
v -60.576026916503906 662.4290161132812 57.0 1.000 1.000 1.000
v -64.5760269165039 596.4290161132812 92.0 1.000 1.000 1.000
v -43.576026916503906 456.42901611328125 62.0 1.000 1.000 1.000
v -6.576026916503906 448.42901611328125 73.0 1.000 1.000 1.000
v -31.576026916503906 437.42901611328125 84.0 1.000 1.000 1.000
v -51.576026916503906 475.42901611328125 44.0 1.000 1.000 1.000
v -6.576026916503906 448.42901611328125 73.0 1.000 1.000 1.000
v -43.576026916503906 456.42901611328125 62.0 1.000 1.000 1.000
v -57.576026916503906 476.42901611328125 52.0 1.000 1.000 1.000
v -64.5760269165039 499.42901611328125 41.0 1.000 1.000 1.000
v -73.5760269165039 504.42901611328125 18.0 1.000 1.000 1.000
v -46.576026916503906 468.42901611328125 -31.0 1.000 1.000 1.000
v -52.576026916503906 473.42901611328125 -39.0 1.000 1.000 1.000
v -31.576026916503906 437.42901611328125 84.0 1.000 1.000 1.000
v -21.576026916503906 431.42901611328125 126.0 1.000 1.000 1.000
v -54.576026916503906 467.42901611328125 93.0 1.000 1.000 1.000
v 54.423973083496094 467.42901611328125 93.0 1.000 1.000 1.000
v 67.4239730834961 540.4290161132812 30.0 1.000 1.000 1.000
v 50.423973083496094 548.4290161132812 96.0 1.000 1.000 1.000
v 60.423973083496094 474.42901611328125 52.0 1.000 1.000 1.000
v 65.4239730834961 500.42901611328125 41.0 1.000 1.000 1.000
v 54.423973083496094 467.42901611328125 93.0 1.000 1.000 1.000
v 49.423973083496094 457.42901611328125 62.0 1.000 1.000 1.000
v 60.423973083496094 474.42901611328125 52.0 1.000 1.000 1.000
v 40.423973083496094 438.42901611328125 84.0 1.000 1.000 1.000
v 87.4239730834961 540.4290161132812 3.0 1.000 1.000 1.000
v 67.4239730834961 540.4290161132812 30.0 1.000 1.000 1.000
v 71.4239730834961 501.42901611328125 18.0 1.000 1.000 1.000
v 71.4239730834961 621.4290161132812 56.0 1.000 1.000 1.000
v 61.423973083496094 598.4290161132812 92.0 1.000 1.000 1.000
v 82.4239730834961 565.4290161132812 29.0 1.000 1.000 1.000
v 90.4239730834961 566.4290161132812 10.0 1.000 1.000 1.000
v 87.4239730834961 614.4290161132812 30.0 1.000 1.000 1.000
v 80.4239730834961 637.4290161132812 -14.0 1.000 1.000 1.000
v 61.423973083496094 636.4290161132812 65.0 1.000 1.000 1.000
v 82.4239730834961 617.4290161132812 39.0 1.000 1.000 1.000
v 80.4239730834961 637.4290161132812 -14.0 1.000 1.000 1.000
v 39.423973083496094 681.4290161132812 -28.0 1.000 1.000 1.000
v 39.423973083496094 677.4290161132812 48.0 1.000 1.000 1.000
v 55.423973083496094 548.4290161132812 -61.0 1.000 1.000 1.000
v 65.4239730834961 633.4290161132812 -45.0 1.000 1.000 1.000
v 81.4239730834961 539.4290161132812 3.0 1.000 1.000 1.000
v 55.423973083496094 476.42901611328125 -40.0 1.000 1.000 1.000
v 82.4239730834961 617.4290161132812 39.0 1.000 1.000 1.000
v 71.4239730834961 621.4290161132812 56.0 1.000 1.000 1.000
v 67.4239730834961 540.4290161132812 30.0 1.000 1.000 1.000
v 90.4239730834961 566.4290161132812 10.0 1.000 1.000 1.000
v 87.4239730834961 540.4290161132812 3.0 1.000 1.000 1.000
v 93.4239730834961 560.4290161132812 9.0 1.000 1.000 1.000
v 71.4239730834961 501.42901611328125 18.0 1.000 1.000 1.000
v 82.4239730834961 565.4290161132812 29.0 1.000 1.000 1.000
v 84.4239730834961 560.4290161132812 27.0 1.000 1.000 1.000
v 50.423973083496094 548.4290161132812 96.0 1.000 1.000 1.000
v 67.4239730834961 540.4290161132812 30.0 1.000 1.000 1.000
v 61.423973083496094 598.4290161132812 92.0 1.000 1.000 1.000
v 61.423973083496094 636.4290161132812 65.0 1.000 1.000 1.000
v 39.423973083496094 677.4290161132812 48.0 1.000 1.000 1.000
v 49.423973083496094 648.4290161132812 92.0 1.000 1.000 1.000
v 82.4239730834961 617.4290161132812 39.0 1.000 1.000 1.000
v 81.4239730834961 539.4290161132812 3.0 1.000 1.000 1.000
v 87.4239730834961 540.4290161132812 3.0 1.000 1.000 1.000
v 71.4239730834961 501.42901611328125 18.0 1.000 1.000 1.000
v 87.4239730834961 614.4290161132812 30.0 1.000 1.000 1.000
v 80.4239730834961 637.4290161132812 -14.0 1.000 1.000 1.000
v 65.4239730834961 500.42901611328125 41.0 1.000 1.000 1.000
v 54.423973083496094 467.42901611328125 93.0 1.000 1.000 1.000
v 60.423973083496094 474.42901611328125 52.0 1.000 1.000 1.000
v 67.4239730834961 540.4290161132812 30.0 1.000 1.000 1.000
v 93.4239730834961 560.4290161132812 9.0 1.000 1.000 1.000
v 84.4239730834961 560.4290161132812 27.0 1.000 1.000 1.000
v 82.4239730834961 565.4290161132812 29.0 1.000 1.000 1.000
v 82.4239730834961 617.4290161132812 39.0 1.000 1.000 1.000
v 80.4239730834961 637.4290161132812 -14.0 1.000 1.000 1.000
v 39.423973083496094 677.4290161132812 48.0 1.000 1.000 1.000
v 87.4239730834961 614.4290161132812 30.0 1.000 1.000 1.000
v 90.4239730834961 566.4290161132812 10.0 1.000 1.000 1.000
v 81.4239730834961 539.4290161132812 3.0 1.000 1.000 1.000
v 87.4239730834961 540.4290161132812 3.0 1.000 1.000 1.000
v 55.423973083496094 548.4290161132812 -61.0 1.000 1.000 1.000
v 61.423973083496094 636.4290161132812 65.0 1.000 1.000 1.000
v 49.423973083496094 648.4290161132812 92.0 1.000 1.000 1.000
v 61.423973083496094 598.4290161132812 92.0 1.000 1.000 1.000
v 40.423973083496094 438.42901611328125 84.0 1.000 1.000 1.000
v -6.576026916503906 448.42901611328125 73.0 1.000 1.000 1.000
v 49.423973083496094 457.42901611328125 62.0 1.000 1.000 1.000
v 49.423973083496094 474.42901611328125 44.0 1.000 1.000 1.000
v 60.423973083496094 474.42901611328125 52.0 1.000 1.000 1.000
v 65.4239730834961 500.42901611328125 41.0 1.000 1.000 1.000
v 71.4239730834961 501.42901611328125 18.0 1.000 1.000 1.000
v 55.423973083496094 476.42901611328125 -40.0 1.000 1.000 1.000
v 27.423973083496094 467.42901611328125 -37.0 1.000 1.000 1.000
v 29.423973083496094 432.42901611328125 126.0 1.000 1.000 1.000
v 54.423973083496094 467.42901611328125 93.0 1.000 1.000 1.000
v 39.423973083496094 681.4290161132812 -28.0 1.000 1.000 1.000
v -0.5760269165039062 630.4290161132812 -70.0 1.000 1.000 1.000
v -1.5760269165039062 671.4290161132812 -29.0 1.000 1.000 1.000
v 39.423973083496094 681.4290161132812 -28.0 1.000 1.000 1.000
v -15.576026916503906 682.4290161132812 22.0 1.000 1.000 1.000
v 8.423973083496094 682.4290161132812 72.0 1.000 1.000 1.000
v 65.4239730834961 633.4290161132812 -45.0 1.000 1.000 1.000
v 55.423973083496094 548.4290161132812 -61.0 1.000 1.000 1.000
v -0.5760269165039062 630.4290161132812 -70.0 1.000 1.000 1.000
v -1.5760269165039062 671.4290161132812 -29.0 1.000 1.000 1.000
v -0.5760269165039062 630.4290161132812 -70.0 1.000 1.000 1.000
v -54.576026916503906 655.4290161132812 -20.0 1.000 1.000 1.000
v -60.576026916503906 662.4290161132812 57.0 1.000 1.000 1.000
v -73.5760269165039 609.4290161132812 -45.0 1.000 1.000 1.000
v -1.5760269165039062 671.4290161132812 -29.0 1.000 1.000 1.000
v -0.5760269165039062 538.4290161132812 -78.0 1.000 1.000 1.000
v 55.423973083496094 476.42901611328125 -40.0 1.000 1.000 1.000
v -58.576026916503906 551.4290161132812 -61.0 1.000 1.000 1.000
v 39.423973083496094 677.4290161132812 48.0 1.000 1.000 1.000
v 36.423973083496094 649.4290161132812 118.0 1.000 1.000 1.000
v 39.423973083496094 677.4290161132812 48.0 1.000 1.000 1.000
v 8.423973083496094 682.4290161132812 72.0 1.000 1.000 1.000
v -1.5760269165039062 671.4290161132812 -29.0 1.000 1.000 1.000
v -54.576026916503906 655.4290161132812 -20.0 1.000 1.000 1.000
v -15.576026916503906 682.4290161132812 22.0 1.000 1.000 1.000
v -0.5760269165039062 538.4290161132812 -78.0 1.000 1.000 1.000
v -52.576026916503906 473.42901611328125 -39.0 1.000 1.000 1.000
v -58.576026916503906 551.4290161132812 -61.0 1.000 1.000 1.000
v 55.423973083496094 476.42901611328125 -40.0 1.000 1.000 1.000
v -73.5760269165039 609.4290161132812 -45.0 1.000 1.000 1.000
v -0.5760269165039062 630.4290161132812 -70.0 1.000 1.000 1.000
v 65.4239730834961 633.4290161132812 -45.0 1.000 1.000 1.000
v -0.5760269165039062 630.4290161132812 -70.0 1.000 1.000 1.000
v 39.423973083496094 681.4290161132812 -28.0 1.000 1.000 1.000
v 49.423973083496094 648.4290161132812 92.0 1.000 1.000 1.000
v -33.576026916503906 646.4290161132812 118.0 1.000 1.000 1.000
v 8.423973083496094 682.4290161132812 72.0 1.000 1.000 1.000
v -60.576026916503906 662.4290161132812 57.0 1.000 1.000 1.000
v 36.423973083496094 649.4290161132812 118.0 1.000 1.000 1.000
v -46.576026916503906 468.42901611328125 -31.0 1.000 1.000 1.000
v -52.576026916503906 473.42901611328125 -39.0 1.000 1.000 1.000
v 55.423973083496094 476.42901611328125 -40.0 1.000 1.000 1.000
v 27.423973083496094 467.42901611328125 -37.0 1.000 1.000 1.000
v -51.576026916503906 424.42901611328125 137.0 1.000 1.000 1.000
v 52.423973083496094 424.42901611328125 137.0 1.000 1.000 1.000
v 74.4239730834961 656.4290161132812 110.0 1.000 1.000 1.000
v -75.5760269165039 656.4290161132812 110.0 1.000 1.000 1.000
v -75.5760269165039 656.4290161132812 110.0 1.000 1.000 1.000
v -64.5760269165039 655.4290161132812 -77.0 1.000 1.000 1.000
v -51.576026916503906 485.42901611328125 -63.0 1.000 1.000 1.000
v -51.576026916503906 424.42901611328125 137.0 1.000 1.000 1.000
v 52.423973083496094 424.42901611328125 137.0 1.000 1.000 1.000
v 51.423973083496094 486.42901611328125 -63.0 1.000 1.000 1.000
v 63.423973083496094 655.4290161132812 -77.0 1.000 1.000 1.000
v 74.4239730834961 656.4290161132812 110.0 1.000 1.000 1.000
v -75.5760269165039 656.4290161132812 110.0 1.000 1.000 1.000
v 74.4239730834961 656.4290161132812 110.0 1.000 1.000 1.000
v 63.423973083496094 655.4290161132812 -77.0 1.000 1.000 1.000
v -64.5760269165039 655.4290161132812 -77.0 1.000 1.000 1.000
v 51.423973083496094 486.42901611328125 -63.0 1.000 1.000 1.000
v -51.576026916503906 485.42901611328125 -63.0 1.000 1.000 1.000
v -64.5760269165039 655.4290161132812 -77.0 1.000 1.000 1.000
v 63.423973083496094 655.4290161132812 -77.0 1.000 1.000 1.000
v -51.576026916503906 485.42901611328125 -63.0 1.000 1.000 1.000
v 51.423973083496094 486.42901611328125 -63.0 1.000 1.000 1.000
v 52.423973083496094 424.42901611328125 137.0 1.000 1.000 1.000
v -51.576026916503906 424.42901611328125 137.0 1.000 1.000 1.000
v -254.86859130859375 382.30655002593994 70.0 1.000 1.000 1.000
v -198.86859130859375 443.30655002593994 0.0 1.000 1.000 1.000
v -226.86859130859375 419.30655002593994 -45.0 1.000 1.000 1.000
v -304.86859130859375 443.30655002593994 0.0 1.000 1.000 1.000
v -288.86859130859375 420.30655002593994 -41.0 1.000 1.000 1.000
v -6.576026916503906 448.42901611328125 73.0 1.000 1.000 1.000
v -51.576026916503906 475.42901611328125 44.0 1.000 1.000 1.000
v 27.423973083496094 467.42901611328125 -37.0 1.000 1.000 1.000
v 49.423973083496094 474.42901611328125 44.0 1.000 1.000 1.000
v -46.576026916503906 468.42901611328125 -31.0 1.000 1.000 1.000
v -782.0662807226181 357.1454210281372 55.0 1.000 1.000 1.000
v -750.0662807226181 434.1454210281372 -27.0 1.000 1.000 1.000
v -771.0662807226181 364.1454210281372 -44.0 1.000 1.000 1.000
v -764.0662807226181 456.1454210281372 52.0 1.000 1.000 1.000
v -750.0662807226181 434.1454210281372 -27.0 1.000 1.000 1.000
v -664.0662807226181 436.1454210281372 48.0 1.000 1.000 1.000
v -665.0662807226181 423.1454210281372 -32.0 1.000 1.000 1.000
v -764.0662807226181 456.1454210281372 52.0 1.000 1.000 1.000
v -665.0662807226181 423.1454210281372 -32.0 1.000 1.000 1.000
v -771.0662807226181 364.1454210281372 -44.0 1.000 1.000 1.000
v -750.0662807226181 434.1454210281372 -27.0 1.000 1.000 1.000
v -662.0662807226181 379.1454210281372 -39.0 1.000 1.000 1.000
v -664.0662807226181 436.1454210281372 48.0 1.000 1.000 1.000
v -782.0662807226181 357.1454210281372 55.0 1.000 1.000 1.000
v -663.0662807226181 363.1454210281372 55.0 1.000 1.000 1.000
v -764.0662807226181 456.1454210281372 52.0 1.000 1.000 1.000
v -771.0662807226181 364.1454210281372 -44.0 1.000 1.000 1.000
v -663.0662807226181 363.1454210281372 55.0 1.000 1.000 1.000
v -782.0662807226181 357.1454210281372 55.0 1.000 1.000 1.000
v -662.0662807226181 379.1454210281372 -39.0 1.000 1.000 1.000
v -474.19768941402435 396.83887100219727 67.0 1.000 1.000 1.000
v -475.19768941402435 450.83887100219727 59.0 1.000 1.000 1.000
v -476.19768941402435 403.83887100219727 -46.0 1.000 1.000 1.000
v -476.19768941402435 343.83887100219727 -10.0 1.000 1.000 1.000
v -475.19768941402435 455.83887100219727 5.0 1.000 1.000 1.000
v -475.19768941402435 346.83887100219727 55.0 1.000 1.000 1.000
v -664.0662807226181 436.1454210281372 48.0 1.000 1.000 1.000
v -662.0662807226181 379.1454210281372 -39.0 1.000 1.000 1.000
v -665.0662807226181 423.1454210281372 -32.0 1.000 1.000 1.000
v -665.0662807226181 423.1454210281372 -32.0 1.000 1.000 1.000
v -663.0662807226181 363.1454210281372 55.0 1.000 1.000 1.000
v -663.0662807226181 363.1454210281372 55.0 1.000 1.000 1.000
v -397.19768941402435 437.83887100219727 6.0 1.000 1.000 1.000
v -398.19768941402435 403.83887100219727 -46.0 1.000 1.000 1.000
v -397.19768941402435 351.83887100219727 -10.0 1.000 1.000 1.000
v -397.19768941402435 358.83887100219727 51.0 1.000 1.000 1.000
v -396.19768941402435 396.83887100219727 58.0 1.000 1.000 1.000
v -397.19768941402435 434.83887100219727 49.0 1.000 1.000 1.000
v -475.19768941402435 455.83887100219727 5.0 1.000 1.000 1.000
v -476.19768941402435 403.83887100219727 -46.0 1.000 1.000 1.000
v -476.19768941402435 343.83887100219727 -10.0 1.000 1.000 1.000
v -475.19768941402435 346.83887100219727 55.0 1.000 1.000 1.000
v -474.19768941402435 396.83887100219727 67.0 1.000 1.000 1.000
v -475.19768941402435 450.83887100219727 59.0 1.000 1.000 1.000
v -386.19768941402435 345.83887100219727 85.0 1.000 1.000 1.000
v -392.19768941402435 446.83887100219727 89.0 1.000 1.000 1.000
v -662.1976894140244 373.83887100219727 42.0 1.000 1.000 1.000
v -662.1976894140244 380.83887100219727 -25.0 1.000 1.000 1.000
v -386.19768941402435 342.83887100219727 -28.0 1.000 1.000 1.000
v -665.1976894140244 436.83887100219727 42.0 1.000 1.000 1.000
v -392.19768941402435 458.83887100219727 -49.0 1.000 1.000 1.000
v -664.1976894140244 420.83887100219727 -27.0 1.000 1.000 1.000
v -319.2357143163681 360.22493743896484 71.0 1.000 1.000 1.000
v -261.2357143163681 341.22493743896484 -16.0 1.000 1.000 1.000
v -252.2357143163681 345.22493743896484 78.0 1.000 1.000 1.000
v -175.2357143163681 399.22493743896484 69.0 1.000 1.000 1.000
v -320.2357143163681 395.22493743896484 75.0 1.000 1.000 1.000
v -296.2357143163681 403.22493743896484 -67.0 1.000 1.000 1.000
v -127.2357143163681 425.22493743896484 11.0 1.000 1.000 1.000
v -161.2357143163681 392.22493743896484 -54.0 1.000 1.000 1.000
v -319.2357143163681 347.22493743896484 -10.0 1.000 1.000 1.000
v -292.2357143163681 449.22493743896484 67.0 1.000 1.000 1.000
v -282.2357143163681 453.22493743896484 7.0 1.000 1.000 1.000
v -453.86859130859375 226.30655002593994 68.0 1.000 1.000 1.000
v -452.86859130859375 214.30655002593994 -19.0 1.000 1.000 1.000
v -459.86859130859375 360.30655002593994 -50.0 1.000 1.000 1.000
v -457.86859130859375 378.30655002593994 5.0 1.000 1.000 1.000
v -459.86859130859375 340.30655002593994 75.0 1.000 1.000 1.000
v -261.2357143163681 341.22493743896484 -16.0 1.000 1.000 1.000
v -252.2357143163681 345.22493743896484 78.0 1.000 1.000 1.000
v -161.2357143163681 392.22493743896484 -54.0 1.000 1.000 1.000
v -127.2357143163681 425.22493743896484 11.0 1.000 1.000 1.000
v -175.2357143163681 399.22493743896484 69.0 1.000 1.000 1.000
v -282.2357143163681 453.22493743896484 7.0 1.000 1.000 1.000
v -296.2357143163681 403.22493743896484 -67.0 1.000 1.000 1.000
v -319.2357143163681 347.22493743896484 -10.0 1.000 1.000 1.000
v -319.2357143163681 360.22493743896484 71.0 1.000 1.000 1.000
v -320.2357143163681 395.22493743896484 75.0 1.000 1.000 1.000
v -292.2357143163681 449.22493743896484 67.0 1.000 1.000 1.000
v -397.19768941402435 437.83887100219727 6.0 1.000 1.000 1.000
v -398.19768941402435 403.83887100219727 -46.0 1.000 1.000 1.000
v -397.19768941402435 351.83887100219727 -10.0 1.000 1.000 1.000
v -397.19768941402435 358.83887100219727 51.0 1.000 1.000 1.000
v -396.19768941402435 396.83887100219727 58.0 1.000 1.000 1.000
v -397.19768941402435 434.83887100219727 49.0 1.000 1.000 1.000
v -140.2357143163681 434.22493743896484 68.0 1.000 1.000 1.000
v -77.2357143163681 337.22493743896484 66.0 1.000 1.000 1.000
v -52.2357143163681 333.22493743896484 -45.0 1.000 1.000 1.000
v -136.2357143163681 447.22493743896484 -33.0 1.000 1.000 1.000
v -386.2357143163681 345.22493743896484 85.0 1.000 1.000 1.000
v -77.2357143163681 337.22493743896484 66.0 1.000 1.000 1.000
v -392.2357143163681 446.22493743896484 89.0 1.000 1.000 1.000
v -392.2357143163681 459.22493743896484 -49.0 1.000 1.000 1.000
v -386.2357143163681 342.22493743896484 -28.0 1.000 1.000 1.000
v 370.1021728515625 -28.755651995539665 -42.76123380661011 1.000 1.000 1.000
v 344.1021728515625 39.244348004460335 -27.761233806610107 1.000 1.000 1.000
v 379.1021728515625 -33.755651995539665 56.23876619338989 1.000 1.000 1.000
v 357.1021728515625 63.244348004460335 51.23876619338989 1.000 1.000 1.000
v 260.1021728515625 27.244348004460335 -33.76123380661011 1.000 1.000 1.000
v 258.1021728515625 38.244348004460335 52.23876619338989 1.000 1.000 1.000
v 344.1021728515625 39.244348004460335 -27.761233806610107 1.000 1.000 1.000
v 357.1021728515625 63.244348004460335 51.23876619338989 1.000 1.000 1.000
v 344.1021728515625 39.244348004460335 -27.761233806610107 1.000 1.000 1.000
v 370.1021728515625 -28.755651995539665 -42.76123380661011 1.000 1.000 1.000
v 260.1021728515625 27.244348004460335 -33.76123380661011 1.000 1.000 1.000
v 258.1021728515625 -17.755651995539665 -39.76123380661011 1.000 1.000 1.000
v 257.1021728515625 -30.755651995539665 54.23876619338989 1.000 1.000 1.000
v 379.1021728515625 -33.755651995539665 56.23876619338989 1.000 1.000 1.000
v 258.1021728515625 38.244348004460335 52.23876619338989 1.000 1.000 1.000
v 357.1021728515625 63.244348004460335 51.23876619338989 1.000 1.000 1.000
v 379.1021728515625 -33.755651995539665 56.23876619338989 1.000 1.000 1.000
v 257.1021728515625 -30.755651995539665 54.23876619338989 1.000 1.000 1.000
v 370.1021728515625 -28.755651995539665 -42.76123380661011 1.000 1.000 1.000
v 258.1021728515625 -17.755651995539665 -39.76123380661011 1.000 1.000 1.000
v 474.6571079492569 439.8121757507324 61.07913017272949 1.000 1.000 1.000
v 473.6571079492569 385.8121757507324 70.07913017272949 1.000 1.000 1.000
v 476.6571079492569 335.8121757507324 -4.920869827270508 1.000 1.000 1.000
v 477.6571079492569 391.8121757507324 -41.92086982727051 1.000 1.000 1.000
v 475.6571079492569 443.8121757507324 8.079130172729492 1.000 1.000 1.000
v 474.6571079492569 329.8121757507324 59.07913017272949 1.000 1.000 1.000
v 258.1021728515625 38.244348004460335 52.23876619338989 1.000 1.000 1.000
v 258.1021728515625 -17.755651995539665 -39.76123380661011 1.000 1.000 1.000
v 260.1021728515625 27.244348004460335 -33.76123380661011 1.000 1.000 1.000
v 260.1021728515625 27.244348004460335 -33.76123380661011 1.000 1.000 1.000
v 257.1021728515625 -30.755651995539665 54.23876619338989 1.000 1.000 1.000
v 257.1021728515625 -30.755651995539665 54.23876619338989 1.000 1.000 1.000
v 401.6571079492569 344.8121757507324 -6.920869827270508 1.000 1.000 1.000
v 406.6571079492569 390.8121757507324 -42.92086982727051 1.000 1.000 1.000
v 404.6571079492569 425.8121757507324 7.079130172729492 1.000 1.000 1.000
v 403.6571079492569 423.8121757507324 50.07913017272949 1.000 1.000 1.000
v 402.6571079492569 385.8121757507324 60.07913017272949 1.000 1.000 1.000
v 403.6571079492569 339.8121757507324 54.07913017272949 1.000 1.000 1.000
v 476.6571079492569 335.8121757507324 -4.920869827270508 1.000 1.000 1.000
v 477.6571079492569 391.8121757507324 -41.92086982727051 1.000 1.000 1.000
v 475.6571079492569 443.8121757507324 8.079130172729492 1.000 1.000 1.000
v 474.6571079492569 439.8121757507324 61.07913017272949 1.000 1.000 1.000
v 473.6571079492569 385.8121757507324 70.07913017272949 1.000 1.000 1.000
v 474.6571079492569 329.8121757507324 59.07913017272949 1.000 1.000 1.000
v 668.6571079492569 354.8121757507324 49.07913017272949 1.000 1.000 1.000
v 397.6571079492569 427.8121757507324 91.07913017272949 1.000 1.000 1.000
v 391.6571079492569 326.8121757507324 88.07913017272949 1.000 1.000 1.000
v 393.6571079492569 321.8121757507324 -24.920869827270508 1.000 1.000 1.000
v 669.6571079492569 359.8121757507324 -17.920869827270508 1.000 1.000 1.000
v 400.6571079492569 437.8121757507324 -47.92086982727051 1.000 1.000 1.000
v 671.6571079492569 417.8121757507324 48.07913017272949 1.000 1.000 1.000
v 672.6571079492569 400.8121757507324 -20.920869827270508 1.000 1.000 1.000
v 258.85553324222565 334.87169647216797 79.0 1.000 1.000 1.000
v 268.85553324222565 328.87169647216797 -15.0 1.000 1.000 1.000
v 325.85553324222565 349.87169647216797 73.0 1.000 1.000 1.000
v 326.85553324222565 383.87169647216797 76.0 1.000 1.000 1.000
v 181.85553324222565 388.87169647216797 68.0 1.000 1.000 1.000
v 169.85553324222565 379.87169647216797 -55.0 1.000 1.000 1.000
v 134.85553324222565 413.87169647216797 8.0 1.000 1.000 1.000
v 304.85553324222565 389.87169647216797 -67.0 1.000 1.000 1.000
v 326.85553324222565 334.87169647216797 -8.0 1.000 1.000 1.000
v 305.85553324222565 438.87169647216797 67.0 1.000 1.000 1.000
v 296.85553324222565 440.87169647216797 6.0 1.000 1.000 1.000
v -41.86859130859375 226.30655002593994 79.0 1.000 1.000 1.000
v -42.86859130859375 216.30655002593994 -17.0 1.000 1.000 1.000
v -40.86859130859375 359.30655002593994 -49.0 1.000 1.000 1.000
v -40.86859130859375 381.30655002593994 3.0 1.000 1.000 1.000
v -41.86859130859375 341.30655002593994 75.0 1.000 1.000 1.000
v 258.85553324222565 334.87169647216797 79.0 1.000 1.000 1.000
v 268.85553324222565 328.87169647216797 -15.0 1.000 1.000 1.000
v 169.85553324222565 379.87169647216797 -55.0 1.000 1.000 1.000
v 134.85553324222565 413.87169647216797 8.0 1.000 1.000 1.000
v 181.85553324222565 388.87169647216797 68.0 1.000 1.000 1.000
v 296.85553324222565 440.87169647216797 6.0 1.000 1.000 1.000
v 304.85553324222565 389.87169647216797 -67.0 1.000 1.000 1.000
v 326.85553324222565 334.87169647216797 -8.0 1.000 1.000 1.000
v 325.85553324222565 349.87169647216797 73.0 1.000 1.000 1.000
v 326.85553324222565 383.87169647216797 76.0 1.000 1.000 1.000
v 305.85553324222565 438.87169647216797 67.0 1.000 1.000 1.000
v 406.6571079492569 390.8121757507324 -42.92086982727051 1.000 1.000 1.000
v 404.6571079492569 425.8121757507324 7.079130172729492 1.000 1.000 1.000
v 401.6571079492569 344.8121757507324 -6.920869827270508 1.000 1.000 1.000
v 403.6571079492569 339.8121757507324 54.07913017272949 1.000 1.000 1.000
v 402.6571079492569 385.8121757507324 60.07913017272949 1.000 1.000 1.000
v 403.6571079492569 423.8121757507324 50.07913017272949 1.000 1.000 1.000
v 83.85553324222565 318.87169647216797 64.0 1.000 1.000 1.000
v 60.85553324222565 312.87169647216797 -48.0 1.000 1.000 1.000
v 391.85553324222565 326.87169647216797 88.0 1.000 1.000 1.000
v 397.85553324222565 427.87169647216797 91.0 1.000 1.000 1.000
v 146.85553324222565 415.87169647216797 66.0 1.000 1.000 1.000
v 143.85553324222565 426.87169647216797 -36.0 1.000 1.000 1.000
v 399.85553324222565 437.87169647216797 -48.0 1.000 1.000 1.000
v 393.85553324222565 321.87169647216797 -25.0 1.000 1.000 1.000
v 83.85553324222565 318.87169647216797 64.0 1.000 1.000 1.000
v -340.86859130859375 264.30655002593994 -102.0 1.000 1.000 1.000
v -321.86859130859375 65.30655002593994 -77.0 1.000 1.000 1.000
v -375.86859130859375 63.30655002593994 -65.0 1.000 1.000 1.000
v -150.86859130859375 264.30655002593994 -103.0 1.000 1.000 1.000
v -321.86859130859375 342.30655002593994 -78.0 1.000 1.000 1.000
v -452.86859130859375 214.30655002593994 -19.0 1.000 1.000 1.000
v -459.86859130859375 360.30655002593994 -50.0 1.000 1.000 1.000
v -250.86859130859375 65.30655002593994 -79.0 1.000 1.000 1.000
v -40.86859130859375 359.30655002593994 -49.0 1.000 1.000 1.000
v -170.86859130859375 342.30655002593994 -78.0 1.000 1.000 1.000
v -180.86859130859375 65.30655002593994 -80.0 1.000 1.000 1.000
v -457.86859130859375 378.30655002593994 5.0 1.000 1.000 1.000
v -288.86859130859375 420.30655002593994 -41.0 1.000 1.000 1.000
v -226.86859130859375 419.30655002593994 -45.0 1.000 1.000 1.000
v -40.86859130859375 381.30655002593994 3.0 1.000 1.000 1.000
v -129.86859130859375 65.30655002593994 -67.0 1.000 1.000 1.000
v -375.86859130859375 63.30655002593994 -65.0 1.000 1.000 1.000
v -415.86859130859375 60.30655002593994 24.0 1.000 1.000 1.000
v -452.86859130859375 214.30655002593994 -19.0 1.000 1.000 1.000
v -150.86859130859375 264.30655002593994 -103.0 1.000 1.000 1.000
v -40.86859130859375 359.30655002593994 -49.0 1.000 1.000 1.000
v -42.86859130859375 216.30655002593994 -17.0 1.000 1.000 1.000
v -129.86859130859375 65.30655002593994 -67.0 1.000 1.000 1.000
v -77.86859130859375 59.30655002593994 24.0 1.000 1.000 1.000
v -226.86859130859375 419.30655002593994 -45.0 1.000 1.000 1.000
v -170.86859130859375 342.30655002593994 -78.0 1.000 1.000 1.000
v -321.86859130859375 342.30655002593994 -78.0 1.000 1.000 1.000
v -340.86859130859375 264.30655002593994 -102.0 1.000 1.000 1.000
v -459.86859130859375 360.30655002593994 -50.0 1.000 1.000 1.000
v -250.86859130859375 65.30655002593994 -79.0 1.000 1.000 1.000
v -40.86859130859375 381.30655002593994 3.0 1.000 1.000 1.000
v -198.86859130859375 443.30655002593994 0.0 1.000 1.000 1.000
v -149.86859130859375 382.30655002593994 85.0 1.000 1.000 1.000
v -226.86859130859375 419.30655002593994 -45.0 1.000 1.000 1.000
v -41.86859130859375 341.30655002593994 75.0 1.000 1.000 1.000
v -253.86859130859375 235.30655002593994 170.0 1.000 1.000 1.000
v -93.86859130859375 222.30655002593994 157.0 1.000 1.000 1.000
v -414.86859130859375 222.30655002593994 157.0 1.000 1.000 1.000
v -415.86859130859375 60.30655002593994 24.0 1.000 1.000 1.000
v -332.86859130859375 70.30655002593994 160.0 1.000 1.000 1.000
v -351.86859130859375 381.30655002593994 85.0 1.000 1.000 1.000
v -254.86859130859375 382.30655002593994 70.0 1.000 1.000 1.000
v -288.86859130859375 420.30655002593994 -41.0 1.000 1.000 1.000
v -457.86859130859375 378.30655002593994 5.0 1.000 1.000 1.000
v -304.86859130859375 443.30655002593994 0.0 1.000 1.000 1.000
v -250.86859130859375 68.30655002593994 173.0 1.000 1.000 1.000
v -253.86859130859375 235.30655002593994 170.0 1.000 1.000 1.000
v -250.86859130859375 68.30655002593994 173.0 1.000 1.000 1.000
v -164.86859130859375 70.30655002593994 160.0 1.000 1.000 1.000
v -41.86859130859375 226.30655002593994 79.0 1.000 1.000 1.000
v -41.86859130859375 341.30655002593994 75.0 1.000 1.000 1.000
v -93.86859130859375 222.30655002593994 157.0 1.000 1.000 1.000
v -42.86859130859375 216.30655002593994 -17.0 1.000 1.000 1.000
v -414.86859130859375 222.30655002593994 157.0 1.000 1.000 1.000
v -332.86859130859375 70.30655002593994 160.0 1.000 1.000 1.000
v -459.86859130859375 340.30655002593994 75.0 1.000 1.000 1.000
v -453.86859130859375 226.30655002593994 68.0 1.000 1.000 1.000
v -452.86859130859375 214.30655002593994 -19.0 1.000 1.000 1.000
v -415.86859130859375 60.30655002593994 24.0 1.000 1.000 1.000
v -77.86859130859375 59.30655002593994 24.0 1.000 1.000 1.000
v -351.86859130859375 381.30655002593994 85.0 1.000 1.000 1.000
v -457.86859130859375 378.30655002593994 5.0 1.000 1.000 1.000
v -41.86859130859375 341.30655002593994 75.0 1.000 1.000 1.000
v -149.86859130859375 382.30655002593994 85.0 1.000 1.000 1.000
v -253.86859130859375 235.30655002593994 170.0 1.000 1.000 1.000
v -40.86859130859375 381.30655002593994 3.0 1.000 1.000 1.000
v -254.86859130859375 382.30655002593994 70.0 1.000 1.000 1.000
v -198.86859130859375 443.30655002593994 0.0 1.000 1.000 1.000
v -304.86859130859375 443.30655002593994 0.0 1.000 1.000 1.000
v -351.86859130859375 381.30655002593994 85.0 1.000 1.000 1.000
v -159.8220180273056 63.144371032714844 23.0 1.000 1.000 1.000
v -102.8220180273056 70.14437103271484 -70.0 1.000 1.000 1.000
v -32.8220180273056 72.14437103271484 -76.0 1.000 1.000 1.000
v -7.822018027305603 72.14437103271484 -74.0 1.000 1.000 1.000
v 53.1779819726944 72.14437103271484 -76.0 1.000 1.000 1.000
v 113.1779819726944 72.14437103271484 -73.0 1.000 1.000 1.000
v 170.1779819726944 66.14437103271484 25.0 1.000 1.000 1.000
v -415.86859130859375 60.30655002593994 24.0 1.000 1.000 1.000
v -375.86859130859375 63.30655002593994 -65.0 1.000 1.000 1.000
v -321.86859130859375 65.30655002593994 -77.0 1.000 1.000 1.000
v -250.86859130859375 65.30655002593994 -79.0 1.000 1.000 1.000
v -180.86859130859375 65.30655002593994 -80.0 1.000 1.000 1.000
v -129.86859130859375 65.30655002593994 -67.0 1.000 1.000 1.000
v -77.86859130859375 59.30655002593994 24.0 1.000 1.000 1.000
v 170.1779819726944 66.14437103271484 25.0 1.000 1.000 1.000
v 89.1779819726944 58.144371032714844 136.0 1.000 1.000 1.000
v -10.822018027305603 53.144371032714844 143.0 1.000 1.000 1.000
v -81.8220180273056 55.144371032714844 133.0 1.000 1.000 1.000
v -159.8220180273056 63.144371032714844 23.0 1.000 1.000 1.000
v -77.86859130859375 59.30655002593994 24.0 1.000 1.000 1.000
v -164.86859130859375 70.30655002593994 160.0 1.000 1.000 1.000
v -250.86859130859375 68.30655002593994 173.0 1.000 1.000 1.000
v -332.86859130859375 70.30655002593994 160.0 1.000 1.000 1.000
v -415.86859130859375 60.30655002593994 24.0 1.000 1.000 1.000
v -42.86859130859375 423.30655002593994 -70.0 1.000 1.000 1.000
v -88.86859130859375 -46.69344997406006 -57.0 1.000 1.000 1.000
v -423.86859130859375 -47.69344997406006 -55.0 1.000 1.000 1.000
v -461.86859130859375 420.30655002593994 -72.0 1.000 1.000 1.000
v -63.86859130859375 383.30655002593994 148.0 1.000 1.000 1.000
v -461.86859130859375 420.30655002593994 -72.0 1.000 1.000 1.000
v -441.86859130859375 380.30655002593994 147.0 1.000 1.000 1.000
v -411.86859130859375 -42.69344997406006 162.0 1.000 1.000 1.000
v -91.86859130859375 -41.69344997406006 162.0 1.000 1.000 1.000
v -42.86859130859375 423.30655002593994 -70.0 1.000 1.000 1.000
v -423.86859130859375 -47.69344997406006 -55.0 1.000 1.000 1.000
v -411.86859130859375 -42.69344997406006 162.0 1.000 1.000 1.000
v -88.86859130859375 -46.69344997406006 -57.0 1.000 1.000 1.000
v -91.86859130859375 -41.69344997406006 162.0 1.000 1.000 1.000
v -441.86859130859375 380.30655002593994 147.0 1.000 1.000 1.000
v -423.86859130859375 -47.69344997406006 -55.0 1.000 1.000 1.000
v -88.86859130859375 -46.69344997406006 -57.0 1.000 1.000 1.000
v -411.86859130859375 -42.69344997406006 162.0 1.000 1.000 1.000
v -91.86859130859375 -41.69344997406006 162.0 1.000 1.000 1.000
v 0.0 -188.0 124.0 1.000 1.000 1.000
v 41.0 -188.0 118.0 1.000 1.000 1.000
v 0.0 -188.0 124.0 1.000 1.000 1.000
v -155.0 7.0 23.0 1.000 1.000 1.000
v -126.0 -86.0 -70.0 1.000 1.000 1.000
v -157.0 -64.0 13.0 1.000 1.000 1.000
v 108.0 18.0 -73.0 1.000 1.000 1.000
v 165.0 11.0 25.0 1.000 1.000 1.000
v 128.0 -87.0 -70.0 1.000 1.000 1.000
v 91.0 -135.0 106.0 1.000 1.000 1.000
v 163.0 -64.0 13.0 1.000 1.000 1.000
v 165.0 11.0 25.0 1.000 1.000 1.000
v -1.0 -193.0 -73.0 1.000 1.000 1.000
v -1.0 -235.0 88.0 1.000 1.000 1.000
v -21.0 -208.0 -25.0 1.000 1.000 1.000
v -1.0 -193.0 -73.0 1.000 1.000 1.000
v -1.0 -81.0 -89.0 1.000 1.000 1.000
v 32.0 -204.0 -82.0 1.000 1.000 1.000
v -42.0 -188.0 118.0 1.000 1.000 1.000
v -1.0 -235.0 88.0 1.000 1.000 1.000
v 0.0 -188.0 124.0 1.000 1.000 1.000
v -1.0 -235.0 88.0 1.000 1.000 1.000
v 41.0 -188.0 118.0 1.000 1.000 1.000
v 0.0 -188.0 124.0 1.000 1.000 1.000
v -126.0 -86.0 -70.0 1.000 1.000 1.000
v -1.0 -81.0 -89.0 1.000 1.000 1.000
v -32.0 -205.0 -81.0 1.000 1.000 1.000
v -1.0 -193.0 -73.0 1.000 1.000 1.000
v -90.0 -137.0 107.0 1.000 1.000 1.000
v 1.0 -136.0 131.0 1.000 1.000 1.000
v 0.0 -188.0 124.0 1.000 1.000 1.000
v 91.0 -135.0 106.0 1.000 1.000 1.000
v 1.0 -136.0 131.0 1.000 1.000 1.000
v 41.0 -188.0 118.0 1.000 1.000 1.000
v -82.0 -1.0 133.0 1.000 1.000 1.000
v -90.0 -137.0 107.0 1.000 1.000 1.000
v -13.0 -3.0 143.0 1.000 1.000 1.000
v -155.0 7.0 23.0 1.000 1.000 1.000
v -157.0 -64.0 13.0 1.000 1.000 1.000
v 22.0 -209.0 -25.0 1.000 1.000 1.000
v -1.0 -235.0 88.0 1.000 1.000 1.000
v -1.0 -193.0 -73.0 1.000 1.000 1.000
v 83.0 3.0 136.0 1.000 1.000 1.000
v -13.0 -3.0 143.0 1.000 1.000 1.000
v 1.0 -136.0 131.0 1.000 1.000 1.000
v -8.0 17.0 -75.0 1.000 1.000 1.000
v 48.0 17.0 -76.0 1.000 1.000 1.000
v -1.0 -81.0 -89.0 1.000 1.000 1.000
v 128.0 -87.0 -70.0 1.000 1.000 1.000
v 32.0 -204.0 -82.0 1.000 1.000 1.000
v 165.0 11.0 25.0 1.000 1.000 1.000
v 163.0 -64.0 13.0 1.000 1.000 1.000
v -8.0 17.0 -75.0 1.000 1.000 1.000
v -1.0 -81.0 -89.0 1.000 1.000 1.000
v -126.0 -86.0 -70.0 1.000 1.000 1.000
v -155.0 7.0 23.0 1.000 1.000 1.000
v -109.0 16.0 -70.0 1.000 1.000 1.000
v -155.0 7.0 23.0 1.000 1.000 1.000
v -90.0 -137.0 107.0 1.000 1.000 1.000
v -82.0 -1.0 133.0 1.000 1.000 1.000
v -90.0 -137.0 107.0 1.000 1.000 1.000
v -42.0 -188.0 118.0 1.000 1.000 1.000
v 0.0 -188.0 124.0 1.000 1.000 1.000
v -109.0 16.0 -70.0 1.000 1.000 1.000
v -8.0 17.0 -75.0 1.000 1.000 1.000
v -126.0 -86.0 -70.0 1.000 1.000 1.000
v 108.0 18.0 -73.0 1.000 1.000 1.000
v 128.0 -87.0 -70.0 1.000 1.000 1.000
v 48.0 17.0 -76.0 1.000 1.000 1.000
v 83.0 3.0 136.0 1.000 1.000 1.000
v 91.0 -135.0 106.0 1.000 1.000 1.000
v 165.0 11.0 25.0 1.000 1.000 1.000
v -1.0 -193.0 -73.0 1.000 1.000 1.000
v -21.0 -208.0 -25.0 1.000 1.000 1.000
v -32.0 -205.0 -81.0 1.000 1.000 1.000
v 32.0 -204.0 -82.0 1.000 1.000 1.000
v 22.0 -209.0 -25.0 1.000 1.000 1.000
v -1.0 -193.0 -73.0 1.000 1.000 1.000
v -155.0 7.0 23.0 1.000 1.000 1.000
v -109.0 16.0 -70.0 1.000 1.000 1.000
v -8.0 17.0 -75.0 1.000 1.000 1.000
v -8.0 17.0 -75.0 1.000 1.000 1.000
v 48.0 17.0 -76.0 1.000 1.000 1.000
v 108.0 18.0 -73.0 1.000 1.000 1.000
v 165.0 11.0 25.0 1.000 1.000 1.000
v -159.8220180273056 63.144371032714844 23.0 1.000 1.000 1.000
v -102.8220180273056 70.14437103271484 -70.0 1.000 1.000 1.000
v -32.8220180273056 72.14437103271484 -76.0 1.000 1.000 1.000
v -7.822018027305603 72.14437103271484 -74.0 1.000 1.000 1.000
v 53.1779819726944 72.14437103271484 -76.0 1.000 1.000 1.000
v 113.1779819726944 72.14437103271484 -73.0 1.000 1.000 1.000
v 170.1779819726944 66.14437103271484 25.0 1.000 1.000 1.000
v 165.0 11.0 25.0 1.000 1.000 1.000
v 83.0 3.0 136.0 1.000 1.000 1.000
v -13.0 -3.0 143.0 1.000 1.000 1.000
v -82.0 -1.0 133.0 1.000 1.000 1.000
v -155.0 7.0 23.0 1.000 1.000 1.000
v 170.1779819726944 66.14437103271484 25.0 1.000 1.000 1.000
v 89.1779819726944 58.144371032714844 136.0 1.000 1.000 1.000
v -10.822018027305603 53.144371032714844 143.0 1.000 1.000 1.000
v -81.8220180273056 55.144371032714844 133.0 1.000 1.000 1.000
v -159.8220180273056 63.144371032714844 23.0 1.000 1.000 1.000
v -158.0 -3.0 162.0 1.000 1.000 1.000
v -155.0 -235.0 132.0 1.000 1.000 1.000
v 156.0 -235.0 143.0 1.000 1.000 1.000
v -191.0 -235.0 -80.0 1.000 1.000 1.000
v -170.0 -8.0 -55.0 1.000 1.000 1.000
v 166.0 -7.0 -57.0 1.000 1.000 1.000
v 188.0 -236.0 -80.0 1.000 1.000 1.000
v -170.0 -8.0 -55.0 1.000 1.000 1.000
v -191.0 -235.0 -80.0 1.000 1.000 1.000
v 188.0 -236.0 -80.0 1.000 1.000 1.000
v 166.0 -7.0 -57.0 1.000 1.000 1.000
v 156.0 -235.0 143.0 1.000 1.000 1.000
v 162.0 -2.0 162.0 1.000 1.000 1.000
v 162.0 -2.0 162.0 1.000 1.000 1.000
v 162.0 -2.0 162.0 1.000 1.000 1.000
v 166.0 -7.0 -57.0 1.000 1.000 1.000
v -170.0 -8.0 -55.0 1.000 1.000 1.000
v -158.0 -3.0 162.0 1.000 1.000 1.000
v 162.0 -2.0 162.0 1.000 1.000 1.000
v 188.0 -236.0 -80.0 1.000 1.000 1.000
v 156.0 -235.0 143.0 1.000 1.000 1.000
v -155.0 -235.0 132.0 1.000 1.000 1.000
v -191.0 -235.0 -80.0 1.000 1.000 1.000
vt 0.8223 0.9893
vt 0.0221 1.0088
vt 0.0007 1.0098
vt 0.8535 0.9883
vt -0.0072 0.0859
vt 0.7617 0.5928
vt 0.2044 0.2256
vt 0.2207 0.1973
vt 0.0326 0.0732
vt 0.8431 0.6094
vt 0.1699 0.1953
vt 0.5518 0.9818
vt 0.2500 0.9818
vt 0.2139 0.5736
vt 0.3525 0.9694
vt 0.3799 0.5885
vt 0.2500 0.5775
vt 0.1719 0.9746
vt 0.5801 0.9642
vt 0.8174 0.5775
vt 0.7061 0.5872
vt 0.5693 0.5736
vt 0.7764 0.9831
vt 0.2705 0.4629
vt 0.3652 0.4056
vt 0.6328 0.2676
vt 0.1777 0.6803
vt 0.2559 0.5918
vt 0.4824 0.6478
vt 0.3506 0.8783
vt 0.5625 0.8079
vt 0.7520 0.4622
vt 0.5938 0.4186
vt 0.2422 0.4831
vt 0.3779 0.4857
vt 0.5488 0.4857
vt 0.8291 0.4785
vt 0.5664 0.4720
vt 0.3701 0.4727
vt 0.7549 0.9805
vt 0.3828 0.5221
vt 0.2510 0.9844
vt 0.6172 0.9557
vt 0.4814 0.5163
vt 0.7910 0.5111
vt 0.1201 0.5189
vt 0.1494 0.9577
vt 0.9570 0.2285
vt 0.8682 0.2025
vt 0.8584 0.3822
vt 0.7852 0.3796
vt 0.8271 0.1979
vt 0.4492 0.0833
vt 0.3037 0.2135
vt 0.4766 0.3802
vt 0.5918 0.1309
vt 0.6035 0.3809
vt 0.2363 0.2135
vt 0.3047 0.0612
vt 0.7900 0.1823
vt 0.2734 0.1706
vt 0.1035 0.1693
vt 0.3936 0.1660
vt 0.7461 0.1641
vt 0.0632 0.9863
vt 0.0833 0.9854
vt 0.9349 0.9463
vt 0.9642 0.9443
vt 0.2181 0.2520
vt 0.0586 0.1680
vt 0.8711 0.5957
vt 0.0996 0.1553
vt 0.2487 0.2334
vt 0.9564 0.6055
vt 0.2428 0.2852
vt 0.2513 0.2344
vt 0.2370 0.2539
vt 0.5964 0.4297
vt 0.1855 0.5749
vt 0.2578 0.9889
vt 0.5527 0.9876
vt 0.1074 0.5794
vt 0.3213 0.5898
vt 0.3428 0.9759
vt 0.1738 0.9818
vt 0.6680 0.5872
vt 0.7891 0.5775
vt 0.5811 0.9707
vt 0.5205 0.5742
vt 0.7900 0.9863
vt 0.2422 0.4355
vt 0.4746 0.4232
vt 0.1357 0.8021
vt 0.6377 -0.0143
vt 0.6699 0.0814
vt 0.8525 0.0215
vt 0.8105 0.2233
vt 0.3545 0.9395
vt 0.6973 0.5065
vt 0.7549 0.6094
vt 0.1436 0.4883
vt 0.3057 0.4857
vt 0.4912 0.4342
vt 0.7988 0.4772
vt 0.5039 0.4714
vt 0.2959 0.4727
vt 0.7246 0.9733
vt 0.5498 0.4876
vt 0.2314 0.9785
vt 0.1377 0.4831
vt 0.4492 0.4824
vt 0.3633 0.9707
vt 0.8145 0.4792
vt 0.8223 0.9661
vt 0.8174 0.3796
vt 0.7861 0.1979
vt 0.8730 0.2240
vt 0.3311 0.0775
vt 0.7363 0.1947
vt 0.6533 0.3776
vt 0.2607 0.2018
vt 0.1816 0.2057
vt 0.1094 0.2051
vt 0.5371 0.3503
vt 0.4854 0.1276
vt 0.1914 0.0560
vt 0.6924 0.1777
vt 0.7959 0.1094
vt 0.6240 0.1133
vt 0.5029 0.1107
vt 0.1475 0.1152
vt 0.5195 0.3345
vt 0.5186 0.3657
vt 0.7832 0.3564
vt 0.7490 0.2900
vt 0.4482 0.3677
vt 0.4502 0.3354
vt 0.1816 0.3691
vt 0.3193 0.2817
vt 0.2012 0.2905
vt 0.5479 0.5391
vt 0.4355 0.5391
vt 0.3809 0.5132
vt 0.6025 0.5142
vt 0.3613 0.4346
vt 0.2295 0.4238
vt 0.2666 0.6509
vt 0.6074 0.4126
vt 0.4600 0.5742
vt 0.7197 -0.0879
vt 0.5391 -0.0239
vt 0.7480 0.1069
vt 0.7334 0.4053
vt 0.4004 0.6309
vt 0.3154 0.6470
vt 0.1328 0.1411
vt 0.2412 0.1094
vt 0.3174 -0.0767
vt 0.5098 0.6279
vt 0.4785 0.6353
vt 0.4785 0.6475
vt 0.5898 0.7036
vt 0.6064 0.8242
vt 0.7070 0.6475
vt 0.3613 0.8232
vt 0.4688 0.8857
vt 0.6338 0.2832
vt 0.5986 0.6621
vt 0.6611 0.6523
vt 0.3525 0.8657
vt 0.5908 0.0557
vt 0.5312 0.0405
vt 0.7949 0.7080
vt 0.6475 0.8613
vt 0.3867 0.0732
vt 0.4883 0.5552
vt 0.6094 0.6362
vt 0.5176 0.5742
vt 0.4834 0.0537
vt 0.3887 0.6616
vt 0.3740 0.7036
vt 0.8525 0.1362
vt 0.1680 0.7046
vt 0.7910 -0.0806
vt 0.4463 0.6313
vt 0.7109 0.8384
vt 0.2998 0.8379
vt 0.3232 0.7354
vt -0.2002 0.0059
vt 0.2148 -0.0366
vt 0.0107 -0.0991
vt 0.1553 0.4048
vt 0.5068 0.3765
vt 0.4482 0.1914
vt 0.0078 0.4136
vt 0.1152 0.5381
vt 0.3242 0.1514
vt -0.1357 0.1494
vt 0.0078 0.4155
vt 0.0254 0.3174
vt 0.1299 0.3179
vt 0.1201 0.3354
vt -0.1729 0.6626
vt -0.2998 0.1782
vt -0.3438 0.3877
vt 0.0283 0.3403
vt 0.5439 0.6523
vt 0.5205 0.7627
vt 0.3867 0.6992
vt 0.3154 0.6299
vt 0.2432 0.5498
vt 0.5547 0.0059
vt 0.4482 0.7251
vt 0.2773 0.6343
vt -0.1230 0.6792
vt 0.7480 0.7759
vt 0.5830 0.7852
vt 0.3965 0.4297
vt 0.6738 0.4775
vt 0.4199 0.7109
vt 0.4014 0.5967
vt 0.4453 0.7900
vt 0.5186 0.8896
vt 0.2822 0.3994
vt 0.3066 0.5684
vt 0.5801 0.1465
vt 0.7080 0.2793
vt 0.4141 0.3340
vt 0.3350 0.3076
vt 0.4648 0.1455
vt 0.3076 0.0049
vt 0.6338 0.1006
vt 0.5049 0.1436
vt 0.2910 -0.1816
vt 0.6016 -0.0791
vt 0.0244 0.2900
vt 0.1758 -0.0156
vt 0.2812 0.4014
vt 0.0439 0.5967
vt 0.3271 0.3281
vt 0.4004 0.3486
vt 0.7559 0.0869
vt 0.4814 0.8350
vt 0.3896 0.7012
vt 0.0439 0.6348
vt 0.6865 0.9600
vt -0.1621 0.2646
vt 0.3184 0.0850
vt 0.1602 0.3184
vt 1.1533 -0.0869
vt 1.4160 0.4072
vt 1.6152 0.3027
vt -0.0068 0.0039
vt 0.0664 0.5068
vt 0.5186 0.0254
vt 0.5898 0.3682
vt 1.6055 0.8018
vt 0.9014 0.1562
vt 1.1797 0.2217
vt 0.5088 0.5723
vt 0.0537 0.9395
vt 0.9668 0.4951
vt 1.4834 0.0283
vt 1.7939 0.1582
vt 1.2607 0.6387
vt 0.9092 0.9609
vt 1.0850 0.1533
vt -0.1592 -0.0723
vt 1.6689 0.0244
vt 1.8496 0.6904
vt 0.8564 0.9922
vt 0.2725 0.9961
vt 0.1963 0.8569
vt 0.7588 0.8521
vt 0.9414 -0.0024
vt 0.0410 0.0068
vt 0.4062 0.0146
vt -0.3066 -0.0220
vt -0.2314 0.5654
vt 0.5371 0.8242
vt 0.5312 0.9092
vt -0.0391 0.4766
vt 0.1074 -0.1592
vt 0.7109 0.0234
vt 0.9736 -0.0039
vt 0.1025 -0.0078
vt 0.2197 0.3281
vt 0.9492 0.3320
vt 0.5771 0.9736
vt 0.9570 0.9766
vt 1.0791 0.0078
vt 0.5107 0.0098
vt 0.2783 0.6318
vt 0.7676 0.6064
vt 0.9590 0.0508
vt 0.4658 0.0771
vt 0.4883 1.0117
vt 0.4561 0.6416
vt 0.1162 0.5020
vt 0.7090 0.5371
vt 0.9023 0.6709
vt 0.6973 0.8018
vt 0.8682 0.4912
vt 0.1133 0.6865
vt 0.1572 0.5430
vt 0.2324 0.8066
vt 1.0029 0.0117
vt 0.0576 0.7822
vt -0.0127 0.1553
vt 0.8457 0.8857
vt 0.1045 0.4092
vt 0.7549 0.9375
vt 0.1729 1.0029
vt 0.6680 0.2275
vt 0.2305 0.9844
vt 0.7725 0.1162
vt 0.1094 0.4092
vt 0.6533 0.9150
vt 0.2549 0.0879
vt 0.9775 0.9736
vt 0.8691 0.0195
vt 0.1289 0.9131
vt 0.9951 0.2090
vt 0.2412 1.2441
vt -0.0039 0.1875
vt 0.8506 1.1270
vt 0.3613 0.9590
vt 0.5615 0.6439
vt 0.2266 0.6452
vt 0.7168 0.9557
vt 0.5176 0.6478
vt 0.8936 0.6465
vt 0.2939 0.9577
vt 0.4395 0.9603
vt 0.1973 0.6452
vt 0.8584 0.9570
vt 0.9111 0.9551
vt 0.8760 0.6452
vt 0.2900 0.5254
vt 0.5010 0.5273
vt 0.8262 0.5260
vt 0.7822 0.5254
vt 0.5449 0.5241
vt 0.3096 0.5254
vt 0.8799 0.5397
vt 0.2617 0.5501
vt 0.8037 0.9642
vt 0.7627 0.9642
vt 0.8965 0.5397
vt 0.4150 0.9688
vt 0.1846 0.5501
vt 0.5156 0.9681
vt 0.7549 0.3958
vt 0.8633 0.3001
vt 0.8369 0.2852
vt 0.4834 0.1576
vt 0.5420 0.3984
vt 0.4834 0.3581
vt 0.3096 0.0781
vt 0.5215 0.1348
vt 0.8408 0.3965
vt 0.1963 0.3522
vt 0.1719 0.3353
vt 0.9033 0.2826
vt 0.9150 0.3027
vt 0.8418 0.0599
vt 0.8457 0.0299
vt 0.8457 0.0938
vt 0.2461 0.1641
vt 0.8154 0.0658
vt 0.8311 0.0273
vt 0.1631 0.1576
vt 0.0166 0.3105
vt 0.1104 0.9043
vt 1.0117 0.0967
vt 0.9121 0.9600
vt 0.2178 0.9893
vt 0.7568 0.9775
vt 0.2578 0.3643
vt 0.7627 0.2295
vt 0.2705 0.3691
vt 0.7842 0.0830
vt 0.3145 1.0059
vt 0.6377 0.9668
vt 0.7158 0.0264
vt 1.0039 0.9844
vt 0.1113 0.1035
vt 0.1055 0.9072
vt 0.0400 0.2295
vt 0.2158 1.3574
vt 0.9512 0.1777
vt 0.7773 1.1875
vt 0.8594 0.6289
vt 0.5166 0.6276
vt 0.6211 0.9642
vt 0.2012 0.6302
vt 0.5615 0.6309
vt 0.3535 0.9609
vt 0.7881 0.9629
vt 0.8896 0.6289
vt 0.6377 0.9655
vt 0.1885 0.9622
vt 0.1348 0.9596
vt 0.1572 0.6289
vt 0.2754 0.5117
vt 0.5762 0.5202
vt 0.7920 0.5176
vt 0.7725 0.5176
vt 0.5303 0.5163
vt 0.2334 0.5176
vt 0.1162 0.9674
vt 0.7549 0.5404
vt 0.0537 0.5254
vt 0.0352 0.5247
vt 0.1631 0.9674
vt 0.8428 0.5410
vt 0.5566 0.9753
vt 0.4424 0.9733
vt 0.2334 0.2702
vt 0.2051 0.2858
vt 0.3154 0.3848
vt 0.5342 0.3867
vt 0.5967 0.1387
vt 0.5576 0.1152
vt 0.7764 0.0566
vt 0.5947 0.3451
vt 0.2275 0.3848
vt 0.8887 0.3516
vt 0.9131 0.3346
vt 0.1992 0.2656
vt 0.1953 0.2839
vt 0.2393 0.0384
vt 0.2461 0.0013
vt 0.2314 0.0703
vt 0.1533 0.0326
vt 0.1377 -0.0072
vt 0.7949 0.1387
vt 0.8887 0.1328
vt 0.7002 0.3490
vt 0.6533 0.7383
vt 0.7617 0.7409
vt 0.3242 0.3483
vt 0.6660 0.1953
vt 0.9189 0.4473
vt 0.9375 0.1602
vt 0.5127 0.7376
vt 0.1094 0.1602
vt 0.3672 0.1934
vt 0.3740 0.7383
vt 0.9355 0.1243
vt 0.6035 0.0410
vt 0.4795 0.0430
vt 0.1104 0.1172
vt 0.2744 0.7376
vt 0.8398 0.7487
vt 0.1074 0.4414
vt 0.1699 0.7487
vt 0.9648 0.1237
vt 0.6162 0.0104
vt 0.7246 0.1191
vt 0.5547 0.0514
vt 0.9619 0.1960
vt 0.4932 0.3796
vt 0.8447 0.4062
vt 0.1387 0.3991
vt 0.1348 0.6875
vt 0.3184 0.6719
vt 0.2793 0.1165
vt 0.4922 0.1178
vt 0.4170 0.0482
vt 0.0449 0.1198
vt 0.3828 0.0078
vt 0.4971 0.6771
vt 0.6865 0.6751
vt 0.9590 0.3997
vt 0.9580 0.4180
vt 0.0420 0.1882
vt 0.0518 0.3906
vt 0.0547 0.4128
vt 0.8799 0.6966
vt 0.8047 0.8516
vt 0.7207 0.8359
vt 0.5820 0.8327
vt 0.5322 0.8340
vt 0.4121 0.8320
vt 0.2939 0.8327
vt 0.2100 0.8444
vt 0.8330 0.7826
vt 0.6875 0.7949
vt 0.4668 0.8014
vt 0.3105 0.7969
vt 0.1719 0.7819
vt 0.0215 0.0384
vt 0.1387 0.9596
vt 0.9131 0.9616
vt 0.9883 0.0430
vt 0.9209 0.0508
vt 0.0059 -0.0150
vt 0.0547 0.0618
vt 0.1348 0.7793
vt 0.8672 0.7754
vt 0.9678 -0.0234
vt 0.1064 0.7897
vt 0.8760 0.7839
vt 0.1719 0.0107
vt 0.3008 0.2910
vt 0.1689 0.2100
vt 0.4092 -0.0117
vt 0.2402 0.0098
vt 0.3721 0.2910
vt 0.4873 0.4170
vt 0.2168 0.2041
vt 0.2109 0.0176
vt 0.8203 0.6807
vt 0.8281 0.8330
vt 0.7432 0.7354
vt 0.7832 0.6562
vt 0.7559 0.2783
vt 0.6875 0.6943
vt 0.7070 0.6787
vt 0.8760 0.8594
vt 0.8877 0.6709
vt 0.8330 0.7188
vt 0.6748 0.5762
vt 0.8320 0.5713
vt 0.8057 0.2861
vt 0.6963 0.7236
vt 0.5146 0.4834
vt 0.9053 0.4639
vt 0.8271 0.4082
vt 0.5771 -0.0010
vt 0.8711 -0.0049
vt 0.2637 -0.0205
vt 0.2393 0.2041
vt 0.7178 0.7109
vt 0.7920 0.8018
vt 0.5195 0.0312
vt 0.8809 0.0352
vt 0.7559 -0.0039
vt 0.5879 -0.0078
vt 0.2598 0.2119
vt 0.7676 -0.0088
vt 0.3555 -0.0137
vt 0.8213 0.9603
vt 0.7314 0.9440
vt 0.5830 0.9408
vt 0.5352 0.9414
vt 0.4199 0.9401
vt 0.3018 0.9395
vt 0.1885 0.9525
vt 0.8535 0.8815
vt 0.6729 0.8939
vt 0.4609 0.9010
vt 0.3105 0.8958
vt 0.1494 0.8802
vt 0.2217 0.0107
vt 0.2148 0.8623
vt 1.7070 0.8721
vt 0.8232 0.8945
vt 0.7520 0.0166
vt 0.0762 0.0264
vt 0.0586 0.9131
vt 0.1621 0.0264
vt 0.0420 0.8623
vt 1.8623 0.8789
vt 1.7705 0.0352
vt 1.7539 0.0205
vn 0.773 0.629 0.086
vn 0.577 0.577 0.577
vn 0.577 0.577 0.577
vn 0.430 -0.880 0.202
vn 0.577 0.577 0.577
vn -0.758 0.621 0.200
vn 0.577 0.577 0.577
vn 0.577 0.577 0.577
vn 0.577 0.577 0.577
vn -0.577 -0.577 -0.577
vn 0.577 0.577 0.577
vn 0.577 0.577 0.577
vn 0.577 0.577 0.577
vn -0.577 -0.577 -0.577
vn 0.577 0.577 0.577
vn -0.577 -0.577 -0.577
vn -0.577 -0.577 -0.577
vn 0.577 0.577 0.577
vn 0.577 0.577 0.577
vn 0.577 0.577 0.577
vn -0.577 -0.577 -0.577
vn -0.577 -0.577 -0.577
vn 0.577 0.577 0.577
vn 0.577 0.577 0.577
vn 0.577 0.577 0.577
vn 0.577 0.577 0.577
vn 0.577 0.577 0.577
vn 0.577 0.577 0.577
vn 0.577 0.577 0.577
vn 0.577 0.577 0.577
vn 0.577 0.577 0.577
vn 0.577 0.577 0.577
vn 0.577 0.577 0.577
vn -0.577 -0.577 -0.577
vn -0.577 -0.577 -0.577
vn -0.577 -0.577 -0.577
vn 0.577 0.577 0.577
vn -0.577 -0.577 -0.577
vn -0.577 -0.577 -0.577
vn -0.577 -0.577 -0.577
vn -0.577 -0.577 -0.577
vn -0.577 -0.577 -0.577
vn -0.577 -0.577 -0.577
vn 0.577 0.577 0.577
vn -0.577 -0.577 -0.577
vn -0.577 -0.577 -0.577
vn -0.577 -0.577 -0.577
vn -0.577 -0.577 -0.577
vn -0.577 -0.577 -0.577
vn 0.577 0.577 0.577
vn 0.577 0.577 0.577
vn -0.577 -0.577 -0.577
vn -0.577 -0.577 -0.577
vn -0.577 -0.577 -0.577
vn -0.577 -0.577 -0.577
vn 0.577 0.577 0.577
vn 0.577 0.577 0.577
vn 0.577 0.577 0.577
vn -0.577 -0.577 -0.577
vn -0.577 -0.577 -0.577
vn 0.577 0.577 0.577
vn 0.577 0.577 0.577
vn 0.577 0.577 0.577
vn 0.577 0.577 0.577
vn -0.577 -0.577 -0.577
vn -0.577 -0.577 -0.577
vn -0.577 -0.577 -0.577
vn 0.577 0.577 0.577
vn -0.577 -0.577 -0.577
vn -0.577 -0.577 -0.577
vn 0.577 0.577 0.577
vn 0.577 0.577 0.577
vn -0.577 -0.577 -0.577
vn 0.577 0.577 0.577
vn -0.577 -0.577 -0.577
vn -0.577 -0.577 -0.577
vn -0.577 -0.577 -0.577
vn 0.577 0.577 0.577
vn -0.577 -0.577 -0.577
vn -0.577 -0.577 -0.577
vn -0.577 -0.577 -0.577
vn -0.577 -0.577 -0.577
vn -0.577 -0.577 -0.577
vn -0.577 -0.577 -0.577
vn -0.577 -0.577 -0.577
vn 0.577 0.577 0.577
vn 0.577 0.577 0.577
vn 0.577 0.577 0.577
vn -0.577 -0.577 -0.577
vn -0.577 -0.577 -0.577
vn -0.577 -0.577 -0.577
vn -0.577 -0.577 -0.577
vn -0.577 -0.577 -0.577
vn -0.577 -0.577 -0.577
vn 0.577 0.577 0.577
vn 0.577 0.577 0.577
vn -0.764 0.641 0.079
vn -0.483 -0.836 0.259
vn 0.577 0.577 0.577
vn 0.577 0.577 0.577
vn 0.618 0.738 0.273
vn 0.577 0.577 0.577
vn 0.577 0.577 0.577
vn -0.577 -0.577 -0.577
vn 0.577 0.577 0.577
vn 0.577 0.577 0.577
vn 0.577 0.577 0.577
vn 0.966 0.080 0.247
vn -0.577 -0.577 -0.577
vn 0.577 0.577 0.577
vn 0.577 0.577 0.577
vn -0.577 -0.577 -0.577
vn -0.577 -0.577 -0.577
vn 0.577 0.577 0.577
vn 0.577 0.577 0.577
vn -0.577 -0.577 -0.577
vn 0.577 0.577 0.577
vn 0.577 0.577 0.577
vn -0.577 -0.577 -0.577
vn 0.577 0.577 0.577
vn 0.577 0.577 0.577
vn 0.577 0.577 0.577
vn 0.577 0.577 0.577
vn 0.577 0.577 0.577
vn 0.577 0.577 0.577
vn 0.577 0.577 0.577
vn 0.577 0.577 0.577
vn 0.577 0.577 0.577
vn 0.577 0.577 0.577
vn 0.577 0.577 0.577
vn -0.577 -0.577 -0.577
vn -0.577 -0.577 -0.577
vn -0.577 -0.577 -0.577
vn 0.577 0.577 0.577
vn -0.577 -0.577 -0.577
vn -0.577 -0.577 -0.577
vn -0.577 -0.577 -0.577
vn -0.577 -0.577 -0.577
vn -0.577 -0.577 -0.577
vn -0.577 -0.577 -0.577
vn 0.577 0.577 0.577
vn -0.577 -0.577 -0.577
vn -0.577 -0.577 -0.577
vn -0.577 -0.577 -0.577
vn -0.577 -0.577 -0.577
vn 0.577 0.577 0.577
vn 0.577 0.577 0.577
vn -0.577 -0.577 -0.577
vn -0.577 -0.577 -0.577
vn -0.577 -0.577 -0.577
vn -0.577 -0.577 -0.577
vn -0.577 -0.577 -0.577
vn 0.577 0.577 0.577
vn 0.577 0.577 0.577
vn -0.577 -0.577 -0.577
vn 0.577 0.577 0.577
vn -0.577 -0.577 -0.577
vn 0.577 0.577 0.577
vn 0.577 0.577 0.577
vn 0.577 0.577 0.577
vn -0.577 -0.577 -0.577
vn -0.577 -0.577 -0.577
vn -0.577 -0.577 -0.577
vn 0.577 0.577 0.577
vn -0.577 -0.577 -0.577
vn -0.577 -0.577 -0.577
vn -0.577 -0.577 -0.577
vn -0.577 -0.577 -0.577
vn 0.577 0.577 0.577
vn -0.577 -0.577 -0.577
vn 0.577 0.577 0.577
vn -0.577 -0.577 -0.577
vn -0.577 -0.577 -0.577
vn -0.577 -0.577 -0.577
vn 0.577 0.577 0.577
vn -0.577 -0.577 -0.577
vn -0.577 -0.577 -0.577
vn -0.577 -0.577 -0.577
vn -0.577 -0.577 -0.577
vn -0.577 -0.577 -0.577
vn -0.577 -0.577 -0.577
vn -0.577 -0.577 -0.577
vn 0.577 0.577 0.577
vn 0.577 0.577 0.577
vn 0.577 0.577 0.577
vn -0.577 -0.577 -0.577
vn -0.577 -0.577 -0.577
vn -0.577 -0.577 -0.577
vn -0.577 -0.577 -0.577
vn -0.577 -0.577 -0.577
vn -0.577 -0.577 -0.577
vn -0.577 -0.577 -0.577
vn -0.577 -0.577 -0.577
vn -0.577 -0.577 -0.577
vn -0.577 -0.577 -0.577
vn -0.577 -0.577 -0.577
vn -0.577 -0.577 -0.577
vn -0.577 -0.577 -0.577
vn -0.577 -0.577 -0.577
vn -0.577 -0.577 -0.577
vn -0.577 -0.577 -0.577
vn -0.577 -0.577 -0.577
vn -0.577 -0.577 -0.577
vn -0.577 -0.577 -0.577
vn -0.577 -0.577 -0.577
vn -0.577 -0.577 -0.577
vn -0.577 -0.577 -0.577
vn -0.577 -0.577 -0.577
vn -0.577 -0.577 -0.577
vn -0.577 -0.577 -0.577
vn -0.577 -0.577 -0.577
vn -0.577 -0.577 -0.577
vn -0.577 -0.577 -0.577
vn -0.577 -0.577 -0.577
vn -0.577 -0.577 -0.577
vn -0.577 -0.577 -0.577
vn -0.577 -0.577 -0.577
vn -0.577 -0.577 -0.577
vn -0.577 -0.577 -0.577
vn -0.577 -0.577 -0.577
vn -0.577 -0.577 -0.577
vn -0.577 -0.577 -0.577
vn -0.577 -0.577 -0.577
vn -0.577 -0.577 -0.577
vn -0.577 -0.577 -0.577
vn -0.577 -0.577 -0.577
vn -0.577 -0.577 -0.577
vn -0.577 -0.577 -0.577
vn -0.577 -0.577 -0.577
vn -0.577 -0.577 -0.577
vn -0.577 -0.577 -0.577
vn -0.577 -0.577 -0.577
vn -0.577 -0.577 -0.577
vn -0.577 -0.577 -0.577
vn -0.577 -0.577 -0.577
vn -0.577 -0.577 -0.577
vn -0.577 -0.577 -0.577
vn -0.577 -0.577 -0.577
vn -0.577 -0.577 -0.577
vn -0.577 -0.577 -0.577
vn -0.577 -0.577 -0.577
vn -0.577 -0.577 -0.577
vn -0.577 -0.577 -0.577
vn -0.577 -0.577 -0.577
vn -0.577 -0.577 -0.577
vn -0.577 -0.577 -0.577
vn -0.577 -0.577 -0.577
vn -0.577 -0.577 -0.577
vn -0.577 -0.577 -0.577
vn -0.577 -0.577 -0.577
vn -0.577 -0.577 -0.577
vn -0.577 -0.577 -0.577
vn -0.577 -0.577 -0.577
vn -0.577 -0.577 -0.577
vn -0.577 -0.577 -0.577
vn -0.577 -0.577 -0.577
vn -0.577 -0.577 -0.577
vn -0.577 -0.577 -0.577
vn -0.577 -0.577 -0.577
vn -0.577 -0.577 -0.577
vn -0.577 -0.577 -0.577
vn -0.577 -0.577 -0.577
vn -0.577 -0.577 -0.577
vn -0.577 -0.577 -0.577
vn -0.577 -0.577 -0.577
vn -0.577 -0.577 -0.577
vn -0.577 -0.577 -0.577
vn -0.577 -0.577 -0.577
vn -0.577 -0.577 -0.577
vn -0.577 -0.577 -0.577
vn -0.577 -0.577 -0.577
vn -0.577 -0.577 -0.577
vn -0.577 -0.577 -0.577
vn -0.577 -0.577 -0.577
vn -0.577 -0.577 -0.577
vn -0.577 -0.577 -0.577
vn -0.577 -0.577 -0.577
vn -0.577 -0.577 -0.577
vn -0.577 -0.577 -0.577
vn -0.577 -0.577 -0.577
vn -0.577 -0.577 -0.577
vn -0.577 -0.577 -0.577
vn -0.577 -0.577 -0.577
vn -0.577 -0.577 -0.577
vn -0.577 -0.577 -0.577
vn -0.577 -0.577 -0.577
vn -0.577 -0.577 -0.577
vn -0.577 -0.577 -0.577
vn -0.577 -0.577 -0.577
vn -0.577 -0.577 -0.577
vn -0.577 -0.577 -0.577
vn -0.577 -0.577 -0.577
vn -0.577 -0.577 -0.577
vn -0.577 -0.577 -0.577
vn -0.577 -0.577 -0.577
vn -0.577 -0.577 -0.577
vn -0.577 -0.577 -0.577
vn -0.577 -0.577 -0.577
vn -0.577 -0.577 -0.577
vn -0.577 -0.577 -0.577
vn -0.577 -0.577 -0.577
vn -0.577 -0.577 -0.577
vn -0.577 -0.577 -0.577
vn -0.577 -0.577 -0.577
vn -0.577 -0.577 -0.577
vn -0.577 -0.577 -0.577
vn -0.577 -0.577 -0.577
vn -0.577 -0.577 -0.577
vn -0.577 -0.577 -0.577
vn -0.577 -0.577 -0.577
vn -0.577 -0.577 -0.577
vn -0.577 -0.577 -0.577
vn -0.577 -0.577 -0.577
vn -0.577 -0.577 -0.577
vn -0.577 -0.577 -0.577
vn -0.577 -0.577 -0.577
vn -0.577 -0.577 -0.577
vn -0.577 -0.577 -0.577
vn -0.577 -0.577 -0.577
vn -0.577 -0.577 -0.577
vn -0.577 -0.577 -0.577
vn -0.577 -0.577 -0.577
vn -0.577 -0.577 -0.577
vn -0.577 -0.577 -0.577
vn -0.577 -0.577 -0.577
vn -0.577 -0.577 -0.577
vn -0.577 -0.577 -0.577
vn -0.577 -0.577 -0.577
vn -0.577 -0.577 -0.577
vn -0.577 -0.577 -0.577
vn -0.577 -0.577 -0.577
vn -0.577 -0.577 -0.577
vn -0.577 -0.577 -0.577
vn -0.577 -0.577 -0.577
vn -0.577 -0.577 -0.577
vn -0.577 -0.577 -0.577
vn -0.577 -0.577 -0.577
vn -0.577 -0.577 -0.577
vn -0.577 -0.577 -0.577
vn -0.577 -0.577 -0.577
vn -0.577 -0.577 -0.577
vn -0.577 -0.577 -0.577
vn -0.577 -0.577 -0.577
vn -0.577 -0.577 -0.577
vn -0.577 -0.577 -0.577
vn -0.577 -0.577 -0.577
vn -0.577 -0.577 -0.577
vn -0.577 -0.577 -0.577
vn -0.577 -0.577 -0.577
vn -0.577 -0.577 -0.577
vn -0.577 -0.577 -0.577
vn -0.577 -0.577 -0.577
vn -0.577 -0.577 -0.577
vn -0.577 -0.577 -0.577
vn -0.577 -0.577 -0.577
vn -0.577 -0.577 -0.577
vn -0.577 -0.577 -0.577
vn -0.577 -0.577 -0.577
vn -0.577 -0.577 -0.577
vn -0.577 -0.577 -0.577
vn -0.577 -0.577 -0.577
vn -0.577 -0.577 -0.577
vn -0.577 -0.577 -0.577
vn -0.577 -0.577 -0.577
vn -0.577 -0.577 -0.577
vn -0.577 -0.577 -0.577
vn -0.577 -0.577 -0.577
vn -0.577 -0.577 -0.577
vn -0.577 -0.577 -0.577
vn -0.577 -0.577 -0.577
vn -0.577 -0.577 -0.577
vn -0.577 -0.577 -0.577
vn -0.577 -0.577 -0.577
vn -0.577 -0.577 -0.577
vn -0.577 -0.577 -0.577
vn -0.577 -0.577 -0.577
vn -0.577 -0.577 -0.577
vn -0.577 -0.577 -0.577
vn -0.577 -0.577 -0.577
vn -0.577 -0.577 -0.577
vn -0.577 -0.577 -0.577
vn -0.577 -0.577 -0.577
vn -0.577 -0.577 -0.577
vn -0.577 -0.577 -0.577
vn -0.577 -0.577 -0.577
vn -0.577 -0.577 -0.577
vn -0.577 -0.577 -0.577
vn -0.577 -0.577 -0.577
vn -0.577 -0.577 -0.577
vn -0.577 -0.577 -0.577
vn -0.577 -0.577 -0.577
vn -0.577 -0.577 -0.577
vn -0.577 -0.577 -0.577
vn -0.577 -0.577 -0.577
vn -0.577 -0.577 -0.577
vn -0.577 -0.577 -0.577
vn -0.577 -0.577 -0.577
vn -0.577 -0.577 -0.577
vn -0.577 -0.577 -0.577
vn -0.577 -0.577 -0.577
vn -0.577 -0.577 -0.577
vn -0.577 -0.577 -0.577
vn -0.577 -0.577 -0.577
vn -0.577 -0.577 -0.577
vn -0.577 -0.577 -0.577
vn -0.577 -0.577 -0.577
vn -0.577 -0.577 -0.577
vn -0.577 -0.577 -0.577
vn -0.577 -0.577 -0.577
vn -0.577 -0.577 -0.577
vn -0.577 -0.577 -0.577
vn -0.577 -0.577 -0.577
vn -0.577 -0.577 -0.577
vn -0.577 -0.577 -0.577
vn -0.577 -0.577 -0.577
vn -0.577 -0.577 -0.577
vn -0.577 -0.577 -0.577
vn -0.577 -0.577 -0.577
vn -0.577 -0.577 -0.577
vn -0.577 -0.577 -0.577
vn -0.577 -0.577 -0.577
vn -0.577 -0.577 -0.577
vn -0.577 -0.577 -0.577
vn -0.577 -0.577 -0.577
vn -0.577 -0.577 -0.577
vn -0.577 -0.577 -0.577
vn -0.577 -0.577 -0.577
vn -0.577 -0.577 -0.577
vn -0.577 -0.577 -0.577
vn -0.577 -0.577 -0.577
vn -0.577 -0.577 -0.577
vn -0.577 -0.577 -0.577
vn -0.577 -0.577 -0.577
vn -0.577 -0.577 -0.577
vn -0.577 -0.577 -0.577
vn -0.577 -0.577 -0.577
vn -0.577 -0.577 -0.577
vn -0.577 -0.577 -0.577
vn -0.577 -0.577 -0.577
vn -0.577 -0.577 -0.577
vn -0.577 -0.577 -0.577
vn -0.577 -0.577 -0.577
vn -0.577 -0.577 -0.577
vn -0.577 -0.577 -0.577
vn -0.577 -0.577 -0.577
vn -0.577 -0.577 -0.577
vn -0.577 -0.577 -0.577
vn -0.577 -0.577 -0.577
vn -0.577 -0.577 -0.577
vn -0.577 -0.577 -0.577
vn -0.577 -0.577 -0.577
vn -0.577 -0.577 -0.577
vn -0.577 -0.577 -0.577
vn -0.577 -0.577 -0.577
vn -0.577 -0.577 -0.577
vn -0.577 -0.577 -0.577
vn -0.577 -0.577 -0.577
vn -0.577 -0.577 -0.577
vn -0.577 -0.577 -0.577
vn -0.577 -0.577 -0.577
vn -0.577 -0.577 -0.577
vn -0.577 -0.577 -0.577
vn -0.577 -0.577 -0.577
vn -0.577 -0.577 -0.577
vn -0.577 -0.577 -0.577
vn -0.577 -0.577 -0.577
vn -0.577 -0.577 -0.577
vn -0.577 -0.577 -0.577
vn -0.577 -0.577 -0.577
vn -0.577 -0.577 -0.577
vn -0.577 -0.577 -0.577
vn -0.577 -0.577 -0.577
vn -0.577 -0.577 -0.577
vn -0.577 -0.577 -0.577
vn -0.577 -0.577 -0.577
vn -0.577 -0.577 -0.577
vn -0.577 -0.577 -0.577
vn -0.577 -0.577 -0.577
vn -0.577 -0.577 -0.577
vn -0.577 -0.577 -0.577
vn -0.577 -0.577 -0.577
vn -0.577 -0.577 -0.577
vn -0.577 -0.577 -0.577
vn -0.577 -0.577 -0.577
vn -0.577 -0.577 -0.577
vn -0.577 -0.577 -0.577
vn -0.577 -0.577 -0.577
vn -0.577 -0.577 -0.577
vn -0.577 -0.577 -0.577
vn -0.577 -0.577 -0.577
vn -0.577 -0.577 -0.577
vn -0.577 -0.577 -0.577
vn -0.577 -0.577 -0.577
vn -0.577 -0.577 -0.577
vn -0.577 -0.577 -0.577
vn -0.577 -0.577 -0.577
vn -0.577 -0.577 -0.577
vn -0.577 -0.577 -0.577
vn -0.577 -0.577 -0.577
vn -0.577 -0.577 -0.577
vn -0.577 -0.577 -0.577
vn -0.577 -0.577 -0.577
vn -0.577 -0.577 -0.577
vn -0.577 -0.577 -0.577
vn -0.577 -0.577 -0.577
vn -0.577 -0.577 -0.577
vn -0.577 -0.577 -0.577
vn -0.577 -0.577 -0.577
vn -0.577 -0.577 -0.577
vn -0.577 -0.577 -0.577
vn -0.577 -0.577 -0.577
vn -0.577 -0.577 -0.577
vn -0.577 -0.577 -0.577
vn -0.577 -0.577 -0.577
vn -0.577 -0.577 -0.577
vn -0.577 -0.577 -0.577
vn -0.577 -0.577 -0.577
vn -0.577 -0.577 -0.577
vn -0.577 -0.577 -0.577
vn -0.577 -0.577 -0.577
vn -0.577 -0.577 -0.577
vn -0.577 -0.577 -0.577
vn -0.577 -0.577 -0.577
vn -0.577 -0.577 -0.577
vn -0.577 -0.577 -0.577
vn -0.577 -0.577 -0.577
vn -0.577 -0.577 -0.577
vn -0.577 -0.577 -0.577
vn -0.577 -0.577 -0.577
vn -0.577 -0.577 -0.577
vn -0.577 -0.577 -0.577
vn -0.577 -0.577 -0.577
vn -0.577 -0.577 -0.577
vn -0.577 -0.577 -0.577
vn -0.577 -0.577 -0.577
vn -0.577 -0.577 -0.577
vn -0.577 -0.577 -0.577
vn -0.577 -0.577 -0.577
vn -0.577 -0.577 -0.577
vn -0.577 -0.577 -0.577
vn -0.577 -0.577 -0.577
vn -0.577 -0.577 -0.577
vn -0.577 -0.577 -0.577
vn -0.577 -0.577 -0.577
vn -0.577 -0.577 -0.577
vn -0.577 -0.577 -0.577
vn -0.577 -0.577 -0.577
vn -0.577 -0.577 -0.577
vn -0.577 -0.577 -0.577
vn -0.577 -0.577 -0.577
vn -0.577 -0.577 -0.577
vn -0.577 -0.577 -0.577
vn -0.577 -0.577 -0.577
vn -0.577 -0.577 -0.577
vn -0.577 -0.577 -0.577
vn -0.577 -0.577 -0.577
vn -0.577 -0.577 -0.577
vn -0.577 -0.577 -0.577
vn -0.577 -0.577 -0.577
vn -0.577 -0.577 -0.577
vn -0.577 -0.577 -0.577
vn -0.577 -0.577 -0.577
vn -0.577 -0.577 -0.577
vn -0.577 -0.577 -0.577
vn -0.577 -0.577 -0.577
vn -0.577 -0.577 -0.577
vn -0.577 -0.577 -0.577
vn -0.577 -0.577 -0.577
vn -0.577 -0.577 -0.577
vn -0.577 -0.577 -0.577
vn -0.577 -0.577 -0.577
vn -0.577 -0.577 -0.577
vn -0.577 -0.577 -0.577
vn -0.577 -0.577 -0.577
vn -0.577 -0.577 -0.577
vn -0.577 -0.577 -0.577
vn -0.577 -0.577 -0.577
vn -0.577 -0.577 -0.577
vn -0.577 -0.577 -0.577
vn -0.577 -0.577 -0.577
vn -0.577 -0.577 -0.577
vn -0.577 -0.577 -0.577
vn -0.577 -0.577 -0.577
vn -0.577 -0.577 -0.577
vn -0.577 -0.577 -0.577
vn -0.577 -0.577 -0.577
vn -0.577 -0.577 -0.577
vn -0.577 -0.577 -0.577
vn -0.577 -0.577 -0.577
vn -0.577 -0.577 -0.577
vn -0.577 -0.577 -0.577
vn -0.577 -0.577 -0.577
vn -0.577 -0.577 -0.577
vn -0.577 -0.577 -0.577
vn -0.577 -0.577 -0.577
vn -0.577 -0.577 -0.577
vn -0.577 -0.577 -0.577
vn -0.577 -0.577 -0.577
vn -0.577 -0.577 -0.577
vn -0.577 -0.577 -0.577
vn -0.577 -0.577 -0.577
vn -0.577 -0.577 -0.577
vn -0.577 -0.577 -0.577
vn -0.577 -0.577 -0.577
vn -0.577 -0.577 -0.577
vn -0.577 -0.577 -0.577
vn -0.577 -0.577 -0.577
vn -0.577 -0.577 -0.577
vn -0.577 -0.577 -0.577
vn -0.577 -0.577 -0.577
vn -0.577 -0.577 -0.577
vn -0.577 -0.577 -0.577
vn -0.577 -0.577 -0.577
vn -0.577 -0.577 -0.577
vn -0.577 -0.577 -0.577
vn -0.577 -0.577 -0.577
vn -0.577 -0.577 -0.577
vn -0.577 -0.577 -0.577
vn -0.577 -0.577 -0.577
vn -0.577 -0.577 -0.577
vn -0.577 -0.577 -0.577
vn -0.577 -0.577 -0.577
vn -0.577 -0.577 -0.577
vn 0.577 0.577 0.577
vn -0.577 -0.577 -0.577
vn -0.577 -0.577 -0.577
vn -0.577 -0.577 -0.577
vn -0.577 -0.577 -0.577
vn -0.577 -0.577 -0.577
vn -0.577 -0.577 -0.577
vn -0.577 -0.577 -0.577
vn -0.577 -0.577 -0.577
vn -0.577 -0.577 -0.577
vn -0.577 -0.577 -0.577
vn -0.577 -0.577 -0.577
vn -0.577 -0.577 -0.577
vn -0.577 -0.577 -0.577
vn -0.577 -0.577 -0.577
vn -0.577 -0.577 -0.577
vn -0.577 -0.577 -0.577
vn -0.577 -0.577 -0.577
vn -0.577 -0.577 -0.577
vn -0.577 -0.577 -0.577
vn -0.577 -0.577 -0.577
vn -0.577 -0.577 -0.577
vn -0.577 -0.577 -0.577
vn -0.577 -0.577 -0.577
vn -0.577 -0.577 -0.577
vn -0.577 -0.577 -0.577
vn -0.577 -0.577 -0.577
vn -0.577 -0.577 -0.577
vn -0.577 -0.577 -0.577
vn -0.577 -0.577 -0.577
vn -0.577 -0.577 -0.577
vn -0.577 -0.577 -0.577
vn -0.577 -0.577 -0.577
vn -0.577 -0.577 -0.577
vn -0.577 -0.577 -0.577
vn -0.577 -0.577 -0.577
vn 0.577 0.577 0.577
vn 0.577 0.577 0.577
vn 0.577 0.577 0.577
vn 0.577 0.577 0.577
vn 0.577 0.577 0.577
vn 0.577 0.577 0.577
vn -0.577 -0.577 -0.577
vn -0.577 -0.577 -0.577
vn 0.577 0.577 0.577
vn 0.577 0.577 0.577
vn -0.577 -0.577 -0.577
vn -0.577 -0.577 -0.577
vn -0.577 -0.577 -0.577
vn -0.577 -0.577 -0.577
vn -0.577 -0.577 -0.577
vn -0.577 -0.577 -0.577
vn -0.577 -0.577 -0.577
vn -0.577 -0.577 -0.577
vn -0.577 -0.577 -0.577
vn -0.577 -0.577 -0.577
vn 0.577 0.577 0.577
vn 0.577 0.577 0.577
vn -0.577 -0.577 -0.577
vn 0.577 0.577 0.577
vn -0.577 -0.577 -0.577
vn 0.577 0.577 0.577
vn 0.577 0.577 0.577
vn 0.577 0.577 0.577
vn 0.577 0.577 0.577
vn -0.577 -0.577 -0.577
vn -0.577 -0.577 -0.577
vn -0.577 -0.577 -0.577
vn -0.577 -0.577 -0.577
vn -0.577 -0.577 -0.577
vn 0.577 0.577 0.577
vn -0.577 -0.577 -0.577
vn -0.577 -0.577 -0.577
vn 0.577 0.577 0.577
vn 0.577 0.577 0.577
vn -0.577 -0.577 -0.577
vn -0.577 -0.577 -0.577
vn -0.577 -0.577 -0.577
vn 0.577 0.577 0.577
vn 0.577 0.577 0.577
vn -0.577 -0.577 -0.577
vn -0.577 -0.577 -0.577
vn -0.577 -0.577 -0.577
vn -0.577 -0.577 -0.577
vn -0.577 -0.577 -0.577
vn 0.577 0.577 0.577
vn 0.577 0.577 0.577
vn -0.577 -0.577 -0.577
vn -0.577 -0.577 -0.577
vn -0.577 -0.577 -0.577
vn -0.577 -0.577 -0.577
vn 0.577 0.577 0.577
vn 0.577 0.577 0.577
vn -0.577 -0.577 -0.577
vn -0.577 -0.577 -0.577
vn -0.577 -0.577 -0.577
vn -0.577 -0.577 -0.577
vn -0.577 -0.577 -0.577
vn -0.577 -0.577 -0.577
vn -0.577 -0.577 -0.577
vn -0.577 -0.577 -0.577
vn -0.577 -0.577 -0.577
vn -0.577 -0.577 -0.577
vn -0.577 -0.577 -0.577
vn -0.577 -0.577 -0.577
vn -0.577 -0.577 -0.577
vn -0.577 -0.577 -0.577
vn -0.577 -0.577 -0.577
vn -0.577 -0.577 -0.577
vn -0.577 -0.577 -0.577
vn -0.577 -0.577 -0.577
vn -0.577 -0.577 -0.577
vn -0.577 -0.577 -0.577
vn -0.577 -0.577 -0.577
vn -0.577 -0.577 -0.577
vn -0.577 -0.577 -0.577
vn -0.577 -0.577 -0.577
vn -0.577 -0.577 -0.577
vn -0.577 -0.577 -0.577
vn -0.577 -0.577 -0.577
vn -0.577 -0.577 -0.577
vn -0.577 -0.577 -0.577
vn -0.577 -0.577 -0.577
vn -0.577 -0.577 -0.577
vn -0.577 -0.577 -0.577
vn -0.577 -0.577 -0.577
vn 0.577 0.577 0.577
vn -0.577 -0.577 -0.577
vn -0.577 -0.577 -0.577
vn 0.577 0.577 0.577
vn -0.577 -0.577 -0.577
vn -0.577 -0.577 -0.577
vn -0.577 -0.577 -0.577
vn -0.577 -0.577 -0.577
vn -0.577 -0.577 -0.577
vn -0.577 -0.577 -0.577
vn 0.577 0.577 0.577
vn -0.577 -0.577 -0.577
vn -0.577 -0.577 -0.577
vn -0.577 -0.577 -0.577
vn -0.577 -0.577 -0.577
vn 0.577 0.577 0.577
vn 0.577 0.577 0.577
vn -0.577 -0.577 -0.577
vn -0.577 -0.577 -0.577
vn -0.577 -0.577 -0.577
vn -0.577 -0.577 -0.577
vn 0.577 0.577 0.577
vn 0.577 0.577 0.577
vn -0.577 -0.577 -0.577
vn -0.577 -0.577 -0.577
vn -0.577 -0.577 -0.577
vn 0.577 0.577 0.577
vn -0.577 -0.577 -0.577
vn 0.577 0.577 0.577
vn 0.577 0.577 0.577
vn 0.577 0.577 0.577
vn 0.577 0.577 0.577
vn 0.577 0.577 0.577
vn -0.577 -0.577 -0.577
vn -0.577 -0.577 -0.577
vn -0.577 -0.577 -0.577
vn -0.577 -0.577 -0.577
vn -0.577 -0.577 -0.577
vn 0.577 0.577 0.577
vn -0.577 -0.577 -0.577
vn -0.577 -0.577 -0.577
vn 0.577 0.577 0.577
vn 0.577 0.577 0.577
vn -0.577 -0.577 -0.577
vn -0.577 -0.577 -0.577
vn -0.577 -0.577 -0.577
vn 0.577 0.577 0.577
vn 0.577 0.577 0.577
vn -0.577 -0.577 -0.577
vn -0.577 -0.577 -0.577
vn -0.577 -0.577 -0.577
vn -0.577 -0.577 -0.577
vn -0.577 -0.577 -0.577
vn 0.577 0.577 0.577
vn 0.577 0.577 0.577
vn -0.577 -0.577 -0.577
vn -0.577 -0.577 -0.577
vn -0.577 -0.577 -0.577
vn -0.577 -0.577 -0.577
vn 0.577 0.577 0.577
vn 0.577 0.577 0.577
vn -0.577 -0.577 -0.577
vn -0.577 -0.577 -0.577
vn -0.577 -0.577 -0.577
vn -0.577 -0.577 -0.577
vn -0.577 -0.577 -0.577
vn -0.577 -0.577 -0.577
vn -0.577 -0.577 -0.577
vn -0.577 -0.577 -0.577
vn -0.577 -0.577 -0.577
vn -0.577 -0.577 -0.577
vn -0.577 -0.577 -0.577
vn -0.577 -0.577 -0.577
vn -0.577 -0.577 -0.577
vn -0.577 -0.577 -0.577
vn -0.577 -0.577 -0.577
vn -0.577 -0.577 -0.577
vn 0.577 0.577 0.577
vn -0.577 -0.577 -0.577
vn -0.577 -0.577 -0.577
vn -0.577 -0.577 -0.577
vn -0.577 -0.577 -0.577
vn -0.577 -0.577 -0.577
vn -0.577 -0.577 -0.577
vn -0.577 -0.577 -0.577
vn -0.577 -0.577 -0.577
vn -0.577 -0.577 -0.577
vn -0.577 -0.577 -0.577
vn -0.577 -0.577 -0.577
vn 0.577 0.577 0.577
vn 0.577 0.577 0.577
vn -0.577 -0.577 -0.577
vn -0.577 -0.577 -0.577
vn 0.577 0.577 0.577
vn -0.577 -0.577 -0.577
vn 0.577 0.577 0.577
vn -0.577 -0.577 -0.577
vn -0.577 -0.577 -0.577
vn -0.577 -0.577 -0.577
vn -0.577 -0.577 -0.577
vn -0.577 -0.577 -0.577
vn -0.577 -0.577 -0.577
vn -0.577 -0.577 -0.577
vn -0.577 -0.577 -0.577
vn -0.577 -0.577 -0.577
vn -0.577 -0.577 -0.577
vn -0.577 -0.577 -0.577
vn -0.577 -0.577 -0.577
vn 0.577 0.577 0.577
vn 0.577 0.577 0.577
vn 0.577 0.577 0.577
vn -0.577 -0.577 -0.577
vn -0.577 -0.577 -0.577
vn 0.577 0.577 0.577
vn -0.577 -0.577 -0.577
vn -0.577 -0.577 -0.577
vn -0.577 -0.577 -0.577
vn -0.577 -0.577 -0.577
vn -0.577 -0.577 -0.577
vn -0.577 -0.577 -0.577
vn -0.577 -0.577 -0.577
vn 0.577 0.577 0.577
vn -0.577 -0.577 -0.577
vn 0.577 0.577 0.577
vn 0.577 0.577 0.577
vn 0.577 0.577 0.577
vn -0.577 -0.577 -0.577
vn -0.577 -0.577 -0.577
vn 0.577 0.577 0.577
vn 0.577 0.577 0.577
vn 0.577 0.577 0.577
vn 0.577 0.577 0.577
vn -0.577 -0.577 -0.577
vn -0.577 -0.577 -0.577
vn -0.577 -0.577 -0.577
vn -0.577 -0.577 -0.577
vn -0.577 -0.577 -0.577
vn -0.577 -0.577 -0.577
vn 0.577 0.577 0.577
vn -0.577 -0.577 -0.577
vn -0.577 -0.577 -0.577
vn -0.577 -0.577 -0.577
vn 0.577 0.577 0.577
vn -0.577 -0.577 -0.577
vn -0.577 -0.577 -0.577
vn -0.577 -0.577 -0.577
vn -0.577 -0.577 -0.577
vn -0.577 -0.577 -0.577
vn 0.577 0.577 0.577
vn 0.577 0.577 0.577
vn -0.577 -0.577 -0.577
vn -0.577 -0.577 -0.577
vn -0.577 -0.577 -0.577
vn -0.577 -0.577 -0.577
vn -0.577 -0.577 -0.577
vn 0.577 0.577 0.577
vn 0.577 0.577 0.577
vn -0.577 -0.577 -0.577
vn -0.577 -0.577 -0.577
vn -0.577 -0.577 -0.577
vn 0.577 0.577 0.577
vn 0.577 0.577 0.577
vn -0.577 -0.577 -0.577
vn -0.577 -0.577 -0.577
vn -0.577 -0.577 -0.577
vn 0.577 0.577 0.577
vn -0.577 -0.577 -0.577
vn -0.577 -0.577 -0.577
vn -0.577 -0.577 -0.577
vn -0.577 -0.577 -0.577
vn -0.577 -0.577 -0.577
vn -0.577 -0.577 -0.577
vn -0.577 -0.577 -0.577
vn -0.577 -0.577 -0.577
vn -0.577 -0.577 -0.577
vn -0.577 -0.577 -0.577
vn -0.577 -0.577 -0.577
vn -0.577 -0.577 -0.577
vn -0.577 -0.577 -0.577
vn -0.577 -0.577 -0.577
vn -0.577 -0.577 -0.577
vn -0.577 -0.577 -0.577
vn -0.577 -0.577 -0.577
vn -0.577 -0.577 -0.577
vn -0.577 -0.577 -0.577
vn 0.577 0.577 0.577
vn 0.577 0.577 0.577
vn 0.577 0.577 0.577
vn 0.577 0.577 0.577
vn -0.577 -0.577 -0.577
vn 0.577 0.577 0.577
vn -0.577 -0.577 -0.577
vn 0.577 0.577 0.577
vn -0.577 -0.577 -0.577
vn -0.577 -0.577 -0.577
vn 0.577 0.577 0.577
vn 0.577 0.577 0.577
vn 0.577 0.577 0.577
vn 0.577 0.577 0.577
vn 0.577 0.577 0.577
vn 0.577 0.577 0.577
vn -0.577 -0.577 -0.577
vn 0.577 0.577 0.577
vn 0.577 0.577 0.577
vn 0.577 0.577 0.577
vn 0.577 0.577 0.577
vn 0.577 0.577 0.577
vn 0.577 0.577 0.577
vn 0.577 0.577 0.577
vn -0.577 -0.577 -0.577
vn -0.577 -0.577 -0.577
vn 0.577 0.577 0.577
vn 0.577 0.577 0.577
vn -0.577 -0.577 -0.577
vn -0.577 -0.577 -0.577
vn 0.577 0.577 0.577
vn -0.577 -0.577 -0.577
vn -0.577 -0.577 -0.577
vn 0.577 0.577 0.577
vn -0.577 -0.577 -0.577
vn -0.577 -0.577 -0.577
vn -0.577 -0.577 -0.577
vn 0.577 0.577 0.577
vn 0.577 0.577 0.577
vn 0.577 0.577 0.577
vn 0.577 0.577 0.577
vn 0.577 0.577 0.577
vn -0.577 -0.577 -0.577
vn -0.577 -0.577 -0.577
vn -0.577 -0.577 -0.577
vn -0.577 -0.577 -0.577
vn -0.577 -0.577 -0.577
vn -0.577 -0.577 -0.577
vn -0.577 -0.577 -0.577
vn 0.577 0.577 0.577
vn 0.577 0.577 0.577
vn 0.577 0.577 0.577
vn -0.577 -0.577 -0.577
vn -0.577 -0.577 -0.577
vn -0.577 -0.577 -0.577
vn 0.577 0.577 0.577
vn -0.577 -0.577 -0.577
vn 0.577 0.577 0.577
vn -0.577 -0.577 -0.577
vn -0.577 -0.577 -0.577
vn -0.577 -0.577 -0.577
vn 0.577 0.577 0.577
vn 0.577 0.577 0.577
vn -0.577 -0.577 -0.577
vn -0.577 -0.577 -0.577
vn -0.577 -0.577 -0.577
vn -0.577 -0.577 -0.577
vn -0.577 -0.577 -0.577
vn -0.577 -0.577 -0.577
vn -0.577 -0.577 -0.577
vn -0.577 -0.577 -0.577
vn 0.577 0.577 0.577
vn 0.577 0.577 0.577
vn 0.577 0.577 0.577
vn 0.577 0.577 0.577
vn 0.577 0.577 0.577
vn 0.577 0.577 0.577
vn 0.577 0.577 0.577
vn 0.577 0.577 0.577
vn -0.577 -0.577 -0.577
vn -0.577 -0.577 -0.577
vn -0.577 -0.577 -0.577
vn -0.577 -0.577 -0.577
vn -0.577 -0.577 -0.577
vn 0.577 0.577 0.577
vn 0.577 0.577 0.577
vn -0.577 -0.577 -0.577
vn -0.577 -0.577 -0.577
vn -0.577 -0.577 -0.577
vn -0.577 -0.577 -0.577
vn -0.577 -0.577 -0.577
vn 0.577 0.577 0.577
vn 0.577 0.577 0.577
vn -0.577 -0.577 -0.577
vn -0.577 -0.577 -0.577
vn -0.577 -0.577 -0.577
vn 0.577 0.577 0.577
vn 0.577 0.577 0.577
vn -0.577 -0.577 -0.577
vn -0.577 -0.577 -0.577
vn -0.577 -0.577 -0.577
vn 0.577 0.577 0.577
vn -0.577 -0.577 -0.577
vn -0.577 -0.577 -0.577
vn -0.577 -0.577 -0.577
vn 0.577 0.577 0.577
vn -0.577 -0.577 -0.577
vn -0.577 -0.577 -0.577
vn -0.577 -0.577 -0.577
vn -0.577 -0.577 -0.577
vn 0.577 0.577 0.577
vn -0.577 -0.577 -0.577
vn -0.577 -0.577 -0.577
vn -0.577 -0.577 -0.577
vn -0.577 -0.577 -0.577
vn -0.577 -0.577 -0.577
vn -0.577 -0.577 -0.577
vn -0.577 -0.577 -0.577
vn -0.577 -0.577 -0.577
vn -0.577 -0.577 -0.577
vn -0.577 -0.577 -0.577
vn 0.577 0.577 0.577
vn 0.577 0.577 0.577
vn 0.577 0.577 0.577
vn 0.577 0.577 0.577
usemtl tex_1631_lit_w10
f 1/1/1 2/2/2 3/3/3
f 4/4/4 2/2/2 1/1/1
f 5/5/5 6/6/6 1/1/1
f 5/5/5 7/7/7 6/6/6
f 4/4/4 8/8/8 9/9/9
f 4/4/4 10/10/10 8/8/8
f 10/10/10 1/1/1 6/6/6
f 4/4/4 1/1/1 10/10/10
f 9/9/9 5/5/5 3/3/3
f 9/9/9 3/3/3 2/2/2
f 2/2/2 4/4/4 9/9/9
f 10/10/10 6/6/6 7/7/7
f 10/10/10 7/7/7 11/11/11
f 3/3/3 5/5/5 1/1/1
usemtl tex_2039_lit_w11
f 12/12/12 13/13/13 14/14/14
f 15/15/15 16/16/16 17/17/17
f 18/18/18 15/15/15 17/17/17
f 19/19/19 20/20/20 21/21/21
f 12/12/12 22/22/22 20/20/20
f 13/13/13 18/18/18 17/17/17
f 13/13/13 17/17/17 14/14/14
f 19/19/19 23/23/23 20/20/20
f 15/15/15 21/21/21 16/16/16
f 12/12/12 14/14/14 22/22/22
f 23/23/23 12/12/12 20/20/20
f 15/15/15 19/19/19 21/21/21
f 24/24/24 30/25/30 25/26/25
f 30/25/30 24/24/24 26/27/26
f 31/28/31 30/25/30 26/27/26
f 32/29/32 31/28/31 26/27/26
f 27/30/27 32/29/32 26/27/26
f 32/29/32 27/30/27 28/31/28
f 32/29/32 28/31/28 29/32/29
f 32/29/32 29/32/29 33/33/33
f 25/26/25 33/33/33 29/32/29
f 33/33/33 25/26/25 30/25/30
f 40/17/40 34/34/34 41/14/41
f 35/35/35 34/34/34 40/17/40
f 42/16/42 35/35/35 40/17/40
f 36/36/36 35/35/35 42/16/42
f 43/21/43 36/36/36 42/16/42
f 37/37/37 36/36/36 43/21/43
f 44/20/44 37/37/37 43/21/43
f 38/38/38 37/37/37 44/20/44
f 45/22/45 38/38/38 44/20/44
f 39/39/39 38/38/38 45/22/45
f 41/14/41 39/39/39 45/22/45
f 34/34/34 39/39/39 41/14/41
f 46/40/46 47/41/47 48/42/48
f 49/43/49 50/44/50 51/45/51
f 47/41/47 52/46/52 48/42/48
f 51/45/51 47/41/47 46/40/46
f 53/47/53 50/44/50 49/43/49
f 52/46/52 50/44/50 53/47/53
f 48/42/48 52/46/52 53/47/53
f 49/43/49 51/45/51 46/40/46
f 46/40/46 48/42/48 53/47/53
f 46/40/46 53/47/53 49/43/49
f 54/46/54 55/41/55 51/45/51
f 54/46/54 51/45/51 50/44/50
f 56/48/56 57/49/57 63/50/63
f 64/51/64 58/52/58 59/53/59
f 65/54/65 66/55/66 59/53/59
f 57/49/57 58/52/58 64/51/64
f 60/56/60 67/57/67 68/58/68
f 65/54/65 59/53/59 61/59/61
f 61/59/61 60/56/60 68/58/68
f 61/59/61 68/58/68 65/54/65
f 66/55/66 64/51/64 59/53/59
f 56/48/56 67/57/67 62/60/62
f 67/57/67 60/56/60 62/60/62
f 57/49/57 64/51/64 63/50/63
f 67/57/67 56/48/56 63/50/63
f 75/35/75 69/54/69 76/34/76
f 70/55/70 69/54/69 75/35/75
f 77/36/77 70/55/70 75/35/75
f 71/51/71 70/55/70 77/36/77
f 78/37/78 71/51/71 77/36/77
f 72/50/72 71/51/71 78/37/78
f 79/38/79 72/50/72 78/37/78
f 73/57/73 72/50/72 79/38/79
f 80/39/80 73/57/73 79/38/79
f 74/58/74 73/57/73 80/39/80
f 76/34/76 74/58/74 80/39/80
f 69/54/69 74/58/74 76/34/76
f 81/61/81 82/62/82 83/41/83
f 84/46/84 82/62/82 85/63/85
f 86/64/86 87/45/87 88/44/88
f 88/44/88 84/46/84 85/63/85
f 81/61/81 83/41/83 87/45/87
f 82/62/82 84/46/84 83/41/83
f 86/64/86 81/61/81 87/45/87
f 86/64/86 88/44/88 85/63/85
f 89/63/89 90/62/90 91/61/91
f 89/63/89 91/61/91 92/64/92
f 93/46/93 88/44/88 87/45/87
f 93/46/93 87/45/87 94/41/94
usemtl tex_1631_lit_w10
f 95/65/95 96/66/96 97/67/97
f 97/67/97 96/66/96 98/68/98
f 97/67/97 99/69/99 100/70/100
f 97/67/97 101/71/101 99/69/99
f 102/72/102 103/73/103 104/74/104
f 102/72/102 104/74/104 98/68/98
f 102/72/102 98/68/98 105/75/105
f 101/71/101 97/67/97 104/74/104
f 104/74/104 97/67/97 98/68/98
f 95/65/95 100/70/100 102/72/102
f 96/66/96 95/65/95 102/72/102
f 102/72/102 105/75/105 96/66/96
f 105/75/105 98/68/98 96/66/96
f 104/74/104 106/76/106 107/77/107
f 104/74/104 107/77/107 108/78/108
f 97/67/97 100/70/100 95/65/95
usemtl tex_2039_lit_w11
f 109/79/109 110/80/110 111/81/111
f 112/82/112 113/83/113 114/84/114
f 112/82/112 114/84/114 115/85/115
f 116/86/116 117/87/117 118/88/118
f 117/87/117 119/89/119 111/81/111
f 112/82/112 115/85/115 110/80/110
f 109/79/109 112/82/112 110/80/110
f 117/87/117 120/90/120 118/88/118
f 113/83/113 116/86/116 114/84/114
f 119/89/119 109/79/109 111/81/111
f 117/87/117 111/81/111 120/90/120
f 116/86/116 118/88/118 114/84/114
f 121/91/121 127/92/127 122/93/122
f 121/91/121 123/94/123 127/92/127
f 128/95/128 127/92/127 123/94/123
f 124/96/124 128/95/128 123/94/123
f 129/97/129 128/95/128 124/96/124
f 125/98/125 122/93/122 127/92/127
f 125/98/125 127/92/127 130/99/130
f 125/98/125 130/99/130 126/100/126
f 129/97/129 126/100/126 130/99/130
f 126/100/126 129/97/129 124/96/124
f 137/79/137 131/101/131 138/82/138
f 138/82/138 131/101/131 132/102/132
f 138/82/138 132/102/132 139/83/139
f 139/83/139 132/102/132 133/103/133
f 139/83/139 133/103/133 140/86/140
f 140/86/140 133/103/133 134/104/134
f 140/86/140 134/104/134 141/87/141
f 141/87/141 134/104/134 135/105/135
f 141/87/141 135/105/135 142/89/142
f 142/89/142 135/105/135 136/106/136
f 142/89/142 136/106/136 137/79/137
f 137/79/137 136/106/136 131/101/131
f 143/107/143 144/108/144 145/109/145
f 146/110/146 147/111/147 148/112/148
f 143/107/143 149/113/149 144/108/144
f 145/109/145 144/108/144 146/110/146
f 148/112/148 147/111/147 150/114/150
f 150/114/150 147/111/147 149/113/149
f 150/114/150 149/113/149 143/107/143
f 145/109/145 146/110/146 148/112/148
f 148/112/148 150/114/150 143/107/143
f 148/112/148 143/107/143 145/109/145
f 147/111/147 146/110/146 151/108/151
f 147/111/147 151/108/151 152/113/152
f 160/115/160 153/116/153 154/117/154
f 155/118/155 156/119/156 161/120/161
f 155/118/155 162/121/162 163/122/163
f 161/120/161 156/119/156 153/116/153
f 164/123/164 165/124/165 157/125/157
f 158/126/158 155/118/155 163/122/163
f 164/123/164 157/125/157 158/126/158
f 163/122/163 164/123/164 158/126/158
f 155/118/155 161/120/161 162/121/162
f 157/125/157 165/124/165 159/127/159
f 165/124/165 154/117/154 159/127/159
f 160/115/160 161/120/161 153/116/153
f 160/115/160 154/117/154 165/124/165
f 172/101/172 166/122/166 173/102/173
f 173/102/173 166/122/166 167/121/167
f 173/102/173 167/121/167 174/103/174
f 174/103/174 167/121/167 168/120/168
f 174/103/174 168/120/168 175/104/175
f 175/104/175 168/120/168 169/115/169
f 175/104/175 169/115/169 176/105/176
f 176/105/176 169/115/169 170/124/170
f 176/105/176 170/124/170 177/106/177
f 177/106/177 170/124/170 171/123/171
f 177/106/177 171/123/171 172/101/172
f 172/101/172 171/123/171 166/122/166
f 178/108/178 179/128/179 180/129/180
f 181/130/181 179/128/179 182/113/182
f 183/111/183 184/110/184 185/131/185
f 181/130/181 182/113/182 183/111/183
f 184/110/184 178/108/178 180/129/180
f 178/108/178 182/113/182 179/128/179
f 184/110/184 180/129/180 185/131/185
f 181/130/181 183/111/183 185/131/185
f 186/131/186 187/129/187 188/128/188
f 186/131/186 188/128/188 189/130/189
f 190/108/190 184/110/184 183/111/183
f 190/108/190 183/111/183 191/113/191
usemtl tex_2040_lit
f 192/132/192 193/133/193 194/134/194
f 192/132/192 194/134/194 195/135/195
f 196/136/196 197/137/197 198/138/198
f 197/137/197 199/139/199 200/140/200
f 192/132/192 201/141/201 193/133/193
f 196/136/196 202/142/202 197/137/197
f 196/136/196 203/143/203 202/142/202
f 193/133/193 201/141/201 204/144/204
f 205/145/205 206/146/206 207/147/207
f 208/148/208 209/134/209 210/133/210
f 211/142/211 212/143/212 213/149/213
f 214/150/214 215/151/215 216/152/216
f 217/153/217 209/134/209 208/148/208
f 218/154/218 219/147/219 220/155/220
f 221/156/221 222/157/222 223/158/223
f 224/159/224 225/160/225 226/161/226
f 227/142/227 228/132/228 229/137/229
f 230/162/230 231/163/231 232/164/232
f 233/165/233 234/166/234 231/163/231
f 235/167/235 236/135/236 237/152/237
f 238/138/238 239/157/239 240/156/240
f 241/168/241 242/162/242 243/169/243
f 244/147/244 245/170/245 246/165/246
f 247/171/247 248/151/248 249/172/249
f 248/151/248 247/171/247 250/152/250
f 251/173/251 252/134/252 253/153/253
f 254/138/254 255/140/255 256/157/256
f 257/137/257 258/132/258 259/172/259
f 260/174/260 261/163/261 262/166/262
f 263/175/263 256/157/256 264/139/264
f 265/142/265 266/176/266 267/141/267
f 268/144/268 269/177/269 270/164/270
f 271/132/271 272/167/272 273/171/273
f 274/178/274 275/141/275 276/176/276
f 277/179/277 278/172/278 279/151/279
f 279/151/279 280/158/280 281/175/281
f 276/176/276 282/142/282 283/149/283
f 284/148/284 285/144/285 286/164/286
f 287/132/287 288/171/288 289/172/289
f 290/165/290 291/163/291 292/162/292
f 293/180/293 294/155/294 295/181/295
f 296/169/296 292/162/292 286/164/286
f 297/147/297 295/181/295 294/155/294
f 290/165/290 292/162/292 295/181/295
f 298/174/298 286/164/286 291/163/291
f 285/144/285 284/148/284 299/133/299
f 300/178/300 301/144/301 302/141/302
f 303/147/303 304/154/304 305/143/305
f 306/167/306 307/132/307 308/135/308
f 309/145/309 310/136/310 311/138/311
f 312/173/312 313/153/313 314/164/314
f 315/134/315 316/182/316 317/152/317
f 315/134/315 317/152/317 318/135/318
f 319/158/319 320/151/320 321/150/321
f 322/147/322 323/146/323 324/183/324
f 323/146/323 325/145/325 326/138/326
f 327/157/327 328/140/328 329/139/329
f 330/178/330 331/176/331 332/149/332
f 333/175/333 334/139/334 335/137/335
f 336/167/336 337/152/337 338/171/338
f 339/179/339 333/175/333 335/137/335
f 339/179/339 335/137/335 340/172/340
f 333/175/333 341/158/341 342/157/342
f 339/179/339 343/151/343 333/175/333
f 344/146/344 345/138/345 346/183/346
f 347/142/347 348/141/348 349/132/349
f 350/145/350 351/143/351 352/136/352
f 353/147/353 354/165/354 355/181/355
f 356/168/356 357/169/357 358/161/358
f 356/168/356 359/180/359 355/181/355
f 360/159/360 361/177/361 362/144/362
f 363/184/363 364/152/364 365/182/365
f 366/180/366 367/161/367 368/155/368
f 366/180/366 369/168/369 367/161/367
f 370/162/370 369/168/369 371/181/371
f 372/185/372 373/154/373 367/161/367
f 374/160/374 372/185/372 367/161/367
f 361/177/361 360/159/360 367/161/367
f 361/177/361 367/161/367 375/169/375
f 376/154/376 377/185/377 378/143/378
f 377/185/377 379/149/379 378/143/378
f 380/160/380 381/159/381 382/178/382
f 381/159/381 383/144/383 382/178/382
f 377/185/377 382/178/382 379/149/379
f 384/138/384 385/137/385 386/140/386
f 387/153/387 388/148/388 389/164/389
f 390/145/390 391/147/391 378/143/378
f 392/184/392 393/150/393 394/152/394
f 395/165/395 396/170/396 397/166/397
f 398/186/398 399/174/399 397/166/397
f 400/185/400 401/160/401 402/178/402
f 396/170/396 403/187/403 397/166/397
f 404/154/404 405/155/405 406/161/406
f 407/177/407 408/169/408 409/164/409
f 410/187/410 411/186/411 412/166/412
f 413/188/413 411/186/411 410/187/410
f 409/164/409 414/174/414 415/173/415
f 416/170/416 417/147/417 418/183/418
usemtl tex_2041_lit
f 419/189/419 420/190/420 421/191/421
f 422/192/422 423/193/423 424/194/424
f 422/192/422 425/195/425 426/196/426
f 427/197/427 428/190/428 429/198/429
f 430/199/430 431/200/431 429/198/429
f 432/201/432 433/202/433 422/192/422
f 422/192/422 427/197/427 432/201/432
f 434/203/434 426/196/426 430/199/430
f 422/192/422 424/194/424 427/197/427
f 432/201/432 427/197/427 429/198/429
f 428/190/428 435/189/435 429/198/429
f 436/204/436 437/205/437 429/198/429
f 430/199/430 426/196/426 425/195/425
f 432/201/432 429/198/429 431/200/431
f 433/202/433 432/201/432 431/200/431
f 438/192/438 439/202/439 440/206/440
f 441/189/441 442/204/442 443/198/443
f 444/193/444 438/192/438 445/207/445
f 446/208/446 445/207/445 447/209/447
f 448/210/448 447/209/447 445/207/445
f 449/199/449 450/195/450 440/206/440
f 451/205/451 452/203/452 449/199/449
f 449/199/449 443/198/443 451/205/451
f 438/192/438 448/210/448 445/207/445
f 453/192/453 454/196/454 455/211/455
f 453/192/453 455/211/455 456/210/456
f 457/200/457 458/199/458 459/206/459
f 460/202/460 457/200/457 459/206/459
f 453/192/453 459/206/459 461/195/461
f 462/197/462 463/212/463 464/190/464
f 462/197/462 465/194/465 463/212/463
f 466/209/466 467/213/467 468/208/468
f 469/214/469 470/213/470 471/209/471
f 469/214/469 471/209/471 472/210/472
f 469/214/469 472/210/472 473/211/473
f 469/214/469 473/211/473 474/196/474
f 475/215/475 469/214/469 474/196/474
f 475/215/475 474/196/474 476/203/476
f 477/208/477 478/216/478 479/207/479
usemtl tex_2044_lit
f 480/217/480 481/218/481 482/219/482
f 481/218/481 483/220/483 484/221/484
f 485/217/485 486/222/486 487/220/487
f 488/223/488 486/222/486 485/217/485
f 489/224/489 490/218/490 491/225/491
f 490/218/490 492/226/492 493/227/493
f 494/228/494 495/229/495 496/230/496
f 496/230/496 495/229/495 497/231/497
f 492/226/492 498/232/498 493/227/493
f 492/226/492 499/233/499 498/232/498
f 500/231/500 501/234/501 502/235/502
f 500/231/500 503/236/503 504/237/504
f 503/236/503 505/238/505 506/239/506
f 507/233/507 508/226/508 509/218/509
f 500/231/500 510/229/510 505/238/505
f 511/224/511 512/240/512 509/218/509
f 505/238/505 513/225/513 506/239/506
f 505/238/505 510/229/510 512/240/512
f 510/229/510 514/228/514 515/241/515
f 514/228/514 507/233/507 509/218/509
f 500/231/500 504/237/504 501/234/501
f 516/219/516 517/218/517 518/227/518
f 519/232/519 520/235/520 521/242/521
f 522/233/522 520/235/520 519/232/519
f 523/238/523 524/224/524 525/225/525
f 522/233/522 526/230/526 527/231/527
f 517/218/517 528/221/528 525/225/525
f 529/217/529 530/220/530 517/218/517
f 531/218/531 532/240/532 533/241/533
f 534/228/534 531/218/531 533/241/533
f 535/233/535 536/231/536 537/235/537
f 534/228/534 538/230/538 535/233/535
f 539/229/539 533/241/533 532/240/532
f 540/238/540 532/240/532 541/224/541
f 542/236/542 536/231/536 540/238/540
f 543/232/543 544/242/544 545/227/545
f 546/223/546 547/243/547 548/222/548
f 548/222/548 547/243/547 549/244/549
f 549/244/549 550/220/550 548/222/548
f 550/220/550 549/244/549 551/221/551
f 551/221/551 549/244/549 552/225/552
f 553/239/553 552/225/552 549/244/549
f 549/244/549 554/245/554 553/239/553
f 555/246/555 546/223/546 556/217/556
usemtl tex_2036_lit
f 557/247/557 558/248/558 559/249/559
f 560/250/560 561/251/561 562/252/562
f 563/253/563 564/254/564 565/255/565
f 566/249/566 567/248/567 568/256/568
f 562/252/562 561/251/561 569/257/569
f 570/258/570 568/256/568 567/248/567
f 560/250/560 571/259/571 561/251/561
f 572/260/572 564/254/564 573/261/573
f 572/260/572 565/255/565 564/254/564
f 572/260/572 574/262/574 565/255/565
f 575/263/575 560/250/560 562/252/562
f 576/264/576 577/263/577 578/252/578
f 579/259/579 580/265/580 581/251/581
f 582/260/582 583/266/583 584/262/584
f 582/260/582 585/261/585 583/266/583
f 586/267/586 587/255/587 584/262/584
f 588/268/588 589/248/589 590/247/590
f 591/269/591 577/263/577 576/264/576
f 592/270/592 593/252/593 594/257/594
f 595/264/595 593/252/593 592/270/592
f 596/271/596 597/266/597 598/261/598
f 598/261/598 599/272/599 596/271/596
usemtl tex_2040_lit
f 600/273/600 601/274/601 602/275/602
f 600/273/600 602/275/602 603/276/603
usemtl tex_2041_lit
f 604/277/604 605/278/605 606/279/606
f 604/277/604 606/279/606 607/280/607
usemtl tex_2044_lit
f 608/281/608 609/282/609 610/283/610
f 608/281/608 610/283/610 611/284/611
usemtl tex_2036_lit
f 612/285/612 613/286/613 614/287/614
f 612/285/612 614/287/614 615/288/615
f 616/289/616 617/290/617 618/291/618
f 616/289/616 618/291/618 619/292/619
usemtl tex_1979_lit
f 620/293/620 621/294/621 622/295/622
f 620/293/620 622/295/622 623/296/623
f 624/297/624 629/298/629 630/299/630
f 631/300/631 625/301/625 626/302/626
f 625/301/625 632/303/632 624/297/624
f 632/303/632 629/298/629 624/297/624
f 627/304/627 624/297/624 630/299/630
f 627/304/627 630/299/630 633/305/633
f 627/304/627 633/305/633 628/306/628
f 633/305/633 626/302/626 628/306/628
f 633/305/633 631/300/631 626/302/626
f 625/301/625 631/300/631 632/303/632
usemtl tex_2037_lit_w11
f 634/307/634 635/308/635 636/309/636
f 637/310/637 635/308/635 634/307/634
usemtl tex_1613_lit_w11
f 638/311/638 639/312/639 640/313/640
f 641/314/641 639/312/639 638/311/638
usemtl tex_1616_lit_w11
f 642/315/642 643/316/643 644/317/644
f 645/318/645 643/316/643 642/315/642
usemtl tex_1619_lit_w11
f 646/319/646 647/320/647 648/321/648
f 649/322/649 647/320/647 646/319/646
usemtl tex_1622_lit_w11
f 650/323/650 651/324/651 652/325/652
f 653/326/653 651/324/651 650/323/650
usemtl tex_2042_lit_w11
f 660/327/660 654/328/654 655/329/655
f 661/330/661 656/331/656 657/332/657
f 662/333/662 660/327/660 655/329/655
f 663/334/663 658/335/658 656/331/656
f 660/327/660 664/336/664 654/328/654
f 661/330/661 663/334/663 656/331/656
f 662/333/662 655/329/655 658/335/658
f 665/337/665 661/330/661 657/332/657
f 665/337/665 657/332/657 659/338/659
f 659/338/659 654/328/654 664/336/664
f 672/335/672 666/339/666 673/331/673
f 673/331/673 666/339/666 667/340/667
f 673/331/673 667/340/667 674/332/674
f 674/332/674 667/340/667 668/341/668
f 674/332/674 668/341/668 675/338/675
f 675/338/675 668/341/668 669/342/669
f 675/338/675 669/342/669 676/328/676
f 676/328/676 669/342/669 670/343/670
f 676/328/676 670/343/670 677/329/677
f 677/329/677 670/343/670 671/344/671
f 677/329/677 671/344/671 672/335/672
f 672/335/672 671/344/671 666/339/666
f 678/345/678 679/346/679 680/347/680
f 681/348/681 682/349/682 678/345/678
f 683/350/683 679/346/679 684/351/684
f 685/352/685 684/351/684 681/348/681
f 684/351/684 682/349/682 681/348/681
f 683/350/683 680/347/680 679/346/679
f 681/348/681 678/345/678 680/347/680
f 685/352/685 683/350/683 684/351/684
f 679/346/679 678/345/678 682/349/682
f 679/346/679 682/349/682 684/351/684
f 686/353/686 687/354/687 688/355/688
f 686/353/686 689/356/689 690/357/690
f 691/358/691 692/359/692 693/360/693
f 686/353/686 688/355/688 689/356/689
f 687/354/687 691/358/691 693/360/693
f 694/361/694 691/358/691 687/354/687
f 689/356/689 692/359/692 695/362/695
f 686/353/686 694/361/694 687/354/687
f 691/358/691 696/363/696 692/359/692
f 692/359/692 696/363/696 695/362/695
f 690/357/690 689/356/689 695/362/695
f 702/354/702 697/364/697 703/355/703
f 698/365/698 697/364/697 702/354/702
f 704/360/704 698/365/698 702/354/702
f 699/366/699 698/365/698 704/360/704
f 705/359/705 699/366/699 704/360/704
f 700/367/700 699/366/699 705/359/705
f 706/356/706 700/367/700 705/359/705
f 701/368/701 700/367/700 706/356/706
f 703/355/703 701/368/701 706/356/706
f 697/364/697 701/368/701 703/355/703
f 713/339/713 707/363/707 714/340/714
f 714/340/714 707/363/707 708/358/708
f 714/340/714 708/358/708 715/341/715
f 715/341/715 708/358/708 709/361/709
f 715/341/715 709/361/709 716/342/716
f 716/342/716 709/361/709 710/353/710
f 716/342/716 710/353/710 717/343/717
f 717/343/717 710/353/710 711/357/711
f 717/343/717 711/357/711 718/344/718
f 718/344/718 711/357/711 712/362/712
f 718/344/718 712/362/712 713/339/713
f 713/339/713 712/362/712 707/363/707
f 719/369/719 720/370/720 721/371/721
f 721/371/721 722/372/722 719/369/719
f 723/345/723 721/371/721 724/370/724
f 723/345/723 719/369/719 725/346/725
f 723/345/723 724/370/724 719/369/719
f 721/371/721 726/351/726 722/372/722
f 727/349/727 726/351/726 721/371/721
f 719/369/719 722/372/722 725/346/725
f 723/345/723 727/349/727 721/371/721
f 726/351/726 725/346/725 722/372/722
f 726/351/726 727/349/727 723/345/723
f 726/351/726 723/345/723 725/346/725
usemtl tex_2037_lit_w11
f 728/373/728 729/374/729 730/375/730
f 730/375/730 729/374/729 731/376/731
usemtl tex_1613_lit_w11
f 732/377/732 733/378/733 734/379/734
f 734/379/734 733/378/733 735/380/735
usemtl tex_1616_lit_w11
f 736/381/736 737/382/737 738/383/738
f 738/383/738 737/382/737 739/384/739
usemtl tex_1619_lit_w11
f 740/385/740 741/386/741 742/387/742
f 742/387/742 741/386/741 743/388/743
usemtl tex_1622_lit_w11
f 744/389/744 745/390/745 746/391/746
f 746/391/746 745/390/745 747/392/747
usemtl tex_2042_lit_w11
f 748/393/748 749/394/749 754/395/754
f 750/396/750 751/397/751 755/398/755
f 748/393/748 754/395/754 756/399/756
f 751/397/751 752/400/752 757/401/757
f 749/394/749 758/402/758 754/395/754
f 751/397/751 757/401/757 755/398/755
f 752/400/752 748/393/748 756/399/756
f 750/396/750 755/398/755 759/403/759
f 753/404/753 750/396/750 759/403/759
f 758/402/758 749/394/749 753/404/753
f 766/396/766 760/405/760 767/397/767
f 767/397/767 760/405/760 761/406/761
f 767/397/767 761/406/761 768/400/768
f 768/400/768 761/406/761 762/407/762
f 768/400/768 762/407/762 769/393/769
f 769/393/769 762/407/762 763/408/763
f 769/393/769 763/408/763 770/394/770
f 770/394/770 763/408/763 764/409/764
f 770/394/770 764/409/764 771/404/771
f 771/404/771 764/409/764 765/410/765
f 771/404/771 765/410/765 766/396/766
f 766/396/766 765/410/765 760/405/760
f 772/411/772 773/412/773 774/413/774
f 774/413/774 775/414/775 776/415/776
f 777/416/777 773/412/773 778/417/778
f 776/415/776 777/416/777 779/418/779
f 776/415/776 775/414/775 777/416/777
f 773/412/773 772/411/772 778/417/778
f 772/411/772 774/413/774 776/415/776
f 777/416/777 778/417/778 779/418/779
f 774/413/774 773/412/773 777/416/777
f 774/413/774 777/416/777 775/414/775
f 780/419/780 781/420/781 782/421/782
f 783/422/783 784/423/784 782/421/782
f 785/424/785 786/425/786 787/426/787
f 784/423/784 780/419/780 782/421/782
f 785/424/785 787/426/787 781/420/781
f 781/420/781 787/426/787 788/427/788
f 789/428/789 786/425/786 784/423/784
f 781/420/781 788/427/788 782/421/782
f 786/425/786 790/429/790 787/426/787
f 789/428/789 790/429/790 786/425/786
f 789/428/789 784/423/784 783/422/783
f 796/419/796 791/430/791 797/420/797
f 797/420/797 791/430/791 792/431/792
f 797/420/797 792/431/792 798/424/798
f 798/424/798 792/431/792 793/432/793
f 798/424/798 793/432/793 799/425/799
f 799/425/799 793/432/793 794/433/794
f 799/425/799 794/433/794 800/423/800
f 800/423/800 794/433/794 795/434/795
f 800/423/800 795/434/795 796/419/796
f 796/419/796 795/434/795 791/430/791
f 807/406/807 801/429/801 808/407/808
f 802/426/802 801/429/801 807/406/807
f 809/405/809 802/426/802 807/406/807
f 803/427/803 802/426/802 809/405/809
f 810/410/810 803/427/803 809/405/809
f 804/421/804 803/427/803 810/410/810
f 811/409/811 804/421/804 810/410/810
f 805/422/805 804/421/804 811/409/811
f 812/408/812 805/422/805 811/409/811
f 806/428/806 805/422/805 812/408/812
f 808/407/808 806/428/806 812/408/812
f 801/429/801 806/428/806 808/407/808
f 813/435/813 814/436/814 815/413/815
f 816/412/816 817/437/817 815/413/815
f 817/437/817 813/435/813 815/413/815
f 818/438/818 819/416/819 814/436/814
f 814/436/814 819/416/819 820/414/820
f 816/412/816 818/438/818 817/437/817
f 814/436/814 820/414/820 815/413/815
f 818/438/818 816/412/816 819/416/819
f 821/435/821 817/437/817 818/438/818
f 818/438/818 814/436/814 821/435/821
f 820/414/820 819/416/819 816/412/816
f 820/414/820 816/412/816 815/413/815
f 822/439/822 823/440/823 824/441/824
f 825/442/825 822/439/822 826/443/826
f 822/439/822 827/444/827 828/445/828
f 822/439/822 824/441/824 827/444/827
f 829/446/829 823/440/823 822/439/822
f 830/447/830 825/442/825 831/448/831
f 825/442/825 832/449/832 829/446/829
f 828/445/828 833/450/833 834/451/834
f 831/448/831 825/442/825 826/443/826
f 831/448/831 826/443/826 834/451/834
f 835/452/835 831/448/831 834/451/834
f 826/443/826 828/445/828 834/451/834
f 835/452/835 836/453/836 830/447/830
f 832/449/832 825/442/825 837/454/837
f 838/441/838 839/455/839 840/444/840
f 841/442/841 842/447/842 843/456/843
f 844/454/844 843/456/843 845/457/845
f 846/452/846 842/447/842 847/448/847
f 848/443/848 849/439/849 850/445/850
f 841/442/841 851/446/851 849/439/849
f 841/442/841 843/456/843 844/454/844
usemtl tex_2043_lit_w11
f 852/458/852 853/459/853 854/460/854
f 852/458/852 855/461/855 853/459/853
f 856/462/856 857/463/857 858/464/858
f 859/465/859 860/466/860 861/467/861
f 862/468/862 857/463/857 863/469/863
f 857/463/857 854/460/854 863/469/863
f 864/470/864 865/471/865 866/472/866
f 865/471/865 862/468/862 866/472/866
f 857/463/857 861/467/861 867/473/867
f 868/463/868 869/473/869 870/474/870
f 871/475/871 872/462/872 873/464/873
f 873/464/873 868/463/868 870/474/870
f 874/476/874 871/475/871 873/464/873
f 868/463/868 875/465/875 876/467/876
f 877/477/877 878/478/878 875/465/875
f 879/479/879 880/466/880 875/465/875
f 878/478/878 879/479/879 875/465/875
f 873/464/873 870/474/870 881/480/881
f 882/468/882 877/477/877 868/463/868
f 883/471/883 877/477/877 882/468/882
f 873/464/873 881/480/881 874/476/874
f 877/477/877 875/465/875 868/463/868
f 884/462/884 885/460/885 886/463/886
f 884/462/884 887/458/887 885/460/885
f 888/469/888 885/460/885 889/459/889
f 890/472/890 891/468/891 888/469/888
usemtl tex_2042_lit_w11
f 892/481/892 899/455/899 893/482/893
f 893/482/893 899/455/899 900/441/900
f 893/482/893 900/441/900 894/483/894
f 894/483/894 900/441/900 901/440/901
f 894/483/894 901/440/901 895/484/895
f 895/484/895 901/440/901 902/446/902
f 895/484/895 902/446/902 896/485/896
f 896/485/896 902/446/902 903/449/903
f 896/485/896 903/449/903 897/486/897
f 897/486/897 903/449/903 904/454/904
f 897/486/897 904/454/904 898/487/898
f 898/487/898 904/454/904 905/457/905
usemtl tex_2043_lit_w11_ovl
f 906/488/906 911/480/911 907/489/907
usemtl tex_2043_lit_w11
f 907/489/907 911/480/911 912/474/912
f 907/489/907 912/474/912 908/490/908
f 908/490/908 912/474/912 913/473/913
f 908/490/908 913/473/913 909/491/909
f 909/491/909 913/473/913 914/467/914
f 909/491/909 914/467/914 910/492/910
f 910/492/910 914/467/914 915/466/915
usemtl tex_2042_lit_w11
f 916/493/916 917/494/917 918/495/918
f 919/496/919 916/493/916 918/495/918
usemtl tex_2043_lit_w11
f 920/497/920 921/498/921 922/499/922
f 920/497/920 923/500/923 924/501/924
f 921/498/921 920/497/920 925/502/925
f 926/503/926 927/500/927 921/498/921
f 928/504/928 925/502/925 929/501/929
f 920/497/920 930/499/930 923/500/923
f 927/500/927 930/499/930 921/498/921
f 920/497/920 929/501/929 925/502/925
f 931/503/931 932/504/932 933/500/933
f 932/504/932 934/501/934 933/500/933
usemtl tex_2038_lit
f 938/505/938 939/506/939 940/507/940
f 941/508/941 942/509/942 943/510/943
f 944/511/944 945/512/945 946/513/946
f 947/514/947 948/515/948 949/516/949
f 950/517/950 951/518/951 952/519/952
f 953/520/953 954/521/954 955/522/955
f 956/523/956 957/524/957 958/525/958
f 959/506/959 960/526/960 961/527/961
f 960/526/960 962/514/962 961/527/961
f 963/528/963 955/522/955 964/529/964
f 965/525/965 966/511/966 967/530/967
f 965/525/965 968/524/968 966/511/966
f 969/531/969 970/528/970 971/532/971
f 972/533/972 973/534/973 970/528/970
f 974/535/974 975/536/975 976/517/976
f 966/511/966 977/537/977 978/538/978
f 978/538/978 967/530/967 966/511/966
f 971/532/971 970/528/970 979/529/979
f 980/539/980 981/540/981 982/518/982
f 982/518/982 983/510/983 984/519/984
f 983/510/983 982/518/982 981/540/981
f 983/510/983 985/509/985 986/541/986
f 987/542/987 988/526/988 989/506/989
f 989/506/989 990/505/990 991/543/991
f 992/533/992 993/528/993 994/531/994
f 995/528/995 996/520/996 997/522/997
f 998/543/998 999/542/999 1000/506/1000
f 1001/508/1001 1002/510/1002 1003/540/1003
f 1004/537/1004 1005/511/1005 1006/513/1006
f 1007/514/1007 1008/516/1008 1009/527/1009
f 1010/519/1010 1011/535/1011 1012/517/1012
usemtl tex_2042_lit_w11
f 1013/544/1013 1020/481/1020 1014/545/1014
f 1014/545/1014 1020/481/1020 1021/482/1021
usemtl tex_2042_lit_w11_ovl
f 1014/545/1014 1021/482/1021 1015/546/1015
usemtl tex_2042_lit_w11
f 1015/546/1015 1021/482/1021 1022/483/1022
f 1016/547/1016 1022/483/1022 1023/484/1023
usemtl tex_2042_lit_w11_ovl
f 1016/547/1016 1023/484/1023 1017/548/1017
usemtl tex_2042_lit_w11
f 1017/548/1017 1023/484/1023 1024/485/1024
usemtl tex_2042_lit_w11_ovl
f 1017/548/1017 1024/485/1024 1018/549/1018
usemtl tex_2042_lit_w11
f 1018/549/1018 1024/485/1024 1025/486/1025
f 1018/549/1018 1025/486/1025 1019/550/1019
f 1019/550/1019 1025/486/1025 1026/487/1026
usemtl tex_2043_lit_w11_ovl
f 1027/551/1027 1032/488/1032 1028/552/1028
usemtl tex_2043_lit_w11
f 1028/552/1028 1032/488/1032 1033/489/1033
f 1028/552/1028 1033/489/1033 1029/553/1029
f 1029/553/1029 1033/489/1033 1034/490/1034
f 1029/553/1029 1034/490/1034 1030/554/1030
f 1030/554/1030 1034/490/1034 1035/491/1035
f 1030/554/1030 1035/491/1035 1031/555/1031
f 1031/555/1031 1035/491/1035 1036/492/1036
usemtl tex_2038_lit
f 1037/556/1037 1038/557/1038 1039/558/1039
f 1040/559/1040 1041/560/1041 1042/561/1042
f 1040/559/1040 1042/561/1042 1043/562/1043
f 1038/557/1038 1044/563/1044 1045/564/1045
f 1038/557/1038 1037/556/1037 1044/563/1044
f 1046/565/1046 1047/566/1047 1048/558/1048
f 1048/558/1048 1047/566/1047 1049/567/1049
f 1050/567/1050 1037/556/1037 1039/558/1039
f 1044/563/1044 1051/567/1051 1052/566/1052
f 1053/563/1053 1054/556/1054 1055/567/1055
f 1056/565/1056 1057/558/1057 1058/557/1058
f 1056/565/1056 1058/557/1058 1059/564/1059
