mtllib CxeniaZ.mtl
v 1083.927879333496 -48.380823612213135 225.0 1.000 1.000 1.000
v 1083.927879333496 -169.38082361221313 -45.0 1.000 1.000 1.000
v 1083.927879333496 -112.38082361221313 -55.0 1.000 1.000 1.000
v 1083.927879333496 -151.38082361221313 225.0 1.000 1.000 1.000
v 990.9278793334961 -98.38082361221313 -35.0 1.000 1.000 1.000
v 1009.9278793334961 -95.38082361221313 33.0 1.000 1.000 1.000
v 1057.927879333496 -86.38082361221313 204.0 1.000 1.000 1.000
v 982.9278793334961 -162.38082361221313 -39.0 1.000 1.000 1.000
v 1045.927879333496 -125.38082361221313 215.0 1.000 1.000 1.000
v 1000.9278793334961 -152.38082361221313 33.0 1.000 1.000 1.000
v 666.3251266479492 -111.09517669677734 65.0 1.000 1.000 1.000
v 652.3251266479492 -177.09517669677734 0.0 1.000 1.000 1.000
v 650.3251266479492 -35.095176696777344 -8.0 1.000 1.000 1.000
v 677.3251266479492 -119.09517669677734 -94.0 1.000 1.000 1.000
v 650.3251266479492 -35.095176696777344 -8.0 1.000 1.000 1.000
v 652.3251266479492 -177.09517669677734 0.0 1.000 1.000 1.000
v 1000.9278793334961 -152.38082361221313 33.0 1.000 1.000 1.000
v 1009.9278793334961 -95.38082361221313 33.0 1.000 1.000 1.000
v 990.9278793334961 -98.38082361221313 -35.0 1.000 1.000 1.000
v 982.9278793334961 -162.38082361221313 -39.0 1.000 1.000 1.000
v 1000.9278793334961 -152.38082361221313 33.0 1.000 1.000 1.000
v 1009.9278793334961 -95.38082361221313 33.0 1.000 1.000 1.000
v 549.3251266479492 -139.09517669677734 -45.0 1.000 1.000 1.000
v 547.3251266479492 -162.09517669677734 -43.0 1.000 1.000 1.000
v 545.3251266479492 -164.09517669677734 11.0 1.000 1.000 1.000
v 543.3251266479492 -117.09517669677734 56.0 1.000 1.000 1.000
v 542.3251266479492 -96.09517669677734 65.0 1.000 1.000 1.000
v 545.3251266479492 -58.095176696777344 2.0 1.000 1.000 1.000
v 553.3251266479492 -71.09517669677734 -28.0 1.000 1.000 1.000
v 550.3251266479492 -92.09517669677734 -39.0 1.000 1.000 1.000
v 677.3251266479492 -119.09517669677734 -94.0 1.000 1.000 1.000
v 652.3251266479492 -177.09517669677734 0.0 1.000 1.000 1.000
v 666.3251266479492 -111.09517669677734 65.0 1.000 1.000 1.000
v 650.3251266479492 -35.095176696777344 -8.0 1.000 1.000 1.000
v 1029.3251266479492 -95.09517669677734 33.0 1.000 1.000 1.000
v 543.3251266479492 -125.09517669677734 68.0 1.000 1.000 1.000
v 1019.3251266479492 -152.09517669677734 33.0 1.000 1.000 1.000
v 543.3251266479492 -170.09517669677734 13.0 1.000 1.000 1.000
v 543.3251266479492 -56.095176696777344 29.0 1.000 1.000 1.000
v 1001.3251266479492 -163.09517669677734 -39.0 1.000 1.000 1.000
v 1010.3251266479492 -98.09517669677734 -35.0 1.000 1.000 1.000
v 543.3251266479492 -170.09517669677734 13.0 1.000 1.000 1.000
v 543.3251266479492 -125.09517669677734 68.0 1.000 1.000 1.000
v 543.3251266479492 -109.09517669677734 -55.0 1.000 1.000 1.000
v 2.0 -149.0 80.0 1.000 1.000 1.000
v 43.0 -141.0 -84.0 1.000 1.000 1.000
v 79.0 -69.0 90.0 1.000 1.000 1.000
v 156.0 -33.0 -72.0 1.000 1.000 1.000
v 237.1657943725586 -183.35110473632812 19.0 1.000 1.000 1.000
v 233.1657943725586 -89.35110473632812 103.0 1.000 1.000 1.000
v 214.1657943725586 -143.35110473632812 -53.0 1.000 1.000 1.000
v 191.1657943725586 -89.35110473632812 -105.0 1.000 1.000 1.000
v 208.1657943725586 -29.351104736328125 19.0 1.000 1.000 1.000
v 233.1657943725586 -89.35110473632812 103.0 1.000 1.000 1.000
v 208.1657943725586 -29.351104736328125 19.0 1.000 1.000 1.000
v 191.1657943725586 -89.35110473632812 -105.0 1.000 1.000 1.000
v 237.1657943725586 -183.35110473632812 19.0 1.000 1.000 1.000
v 214.1657943725586 -143.35110473632812 -53.0 1.000 1.000 1.000
v 542.3251266479492 -96.09517669677734 65.0 1.000 1.000 1.000
v 545.3251266479492 -58.095176696777344 2.0 1.000 1.000 1.000
v 553.3251266479492 -71.09517669677734 -28.0 1.000 1.000 1.000
v 550.3251266479492 -92.09517669677734 -39.0 1.000 1.000 1.000
v 549.3251266479492 -139.09517669677734 -45.0 1.000 1.000 1.000
v 543.3251266479492 -117.09517669677734 56.0 1.000 1.000 1.000
v 547.3251266479492 -162.09517669677734 -43.0 1.000 1.000 1.000
v 545.3251266479492 -164.09517669677734 11.0 1.000 1.000 1.000
v 132.1657943725586 -153.35110473632812 84.0 1.000 1.000 1.000
v 132.1657943725586 -196.35110473632812 0.0 1.000 1.000 1.000
v 543.1657943725586 -125.35110473632812 68.0 1.000 1.000 1.000
v 543.1657943725586 -169.35110473632812 13.0 1.000 1.000 1.000
v 133.1657943725586 -132.35110473632812 -80.0 1.000 1.000 1.000
v 133.1657943725586 -53.351104736328125 21.0 1.000 1.000 1.000
v 543.1657943725586 -56.351104736328125 29.0 1.000 1.000 1.000
v 543.1657943725586 -108.35110473632812 -55.0 1.000 1.000 1.000
v 133.1657943725586 -132.35110473632812 -80.0 1.000 1.000 1.000
v 132.1657943725586 -196.35110473632812 0.0 1.000 1.000 1.000
v 132.1657943725586 -153.35110473632812 84.0 1.000 1.000 1.000
v 133.1657943725586 -53.351104736328125 21.0 1.000 1.000 1.000
v 543.1657943725586 -169.35110473632812 13.0 1.000 1.000 1.000
v 543.1657943725586 -125.35110473632812 68.0 1.000 1.000 1.000
v -1074.8555908203125 -112.70243644714355 -55.0 1.000 1.000 1.000
v -1074.8555908203125 -169.70243644714355 -46.0 1.000 1.000 1.000
v -1074.8555908203125 -48.702436447143555 225.0 1.000 1.000 1.000
v -1074.8555908203125 -152.70243644714355 225.0 1.000 1.000 1.000
v -1048.8555908203125 -87.70243644714355 204.0 1.000 1.000 1.000
v -999.8555908203125 -95.70243644714355 31.0 1.000 1.000 1.000
v -982.8555908203125 -98.70243644714355 -33.0 1.000 1.000 1.000
v -973.8555908203125 -157.70243644714355 -34.0 1.000 1.000 1.000
v -1036.8555908203125 -126.70243644714355 215.0 1.000 1.000 1.000
v -990.8555908203125 -149.70243644714355 35.0 1.000 1.000 1.000
v -656.8883666992188 -112.47519826889038 66.0 1.000 1.000 1.000
v -642.8883666992188 -44.47519826889038 -6.0 1.000 1.000 1.000
v -642.8883666992188 -180.47519826889038 0.0 1.000 1.000 1.000
v -642.8883666992188 -180.47519826889038 0.0 1.000 1.000 1.000
v -642.8883666992188 -44.47519826889038 -6.0 1.000 1.000 1.000
v -665.8883666992188 -117.47519826889038 -94.0 1.000 1.000 1.000
v -999.8555908203125 -95.70243644714355 31.0 1.000 1.000 1.000
v -990.8555908203125 -149.70243644714355 35.0 1.000 1.000 1.000
v -990.8555908203125 -149.70243644714355 35.0 1.000 1.000 1.000
v -973.8555908203125 -157.70243644714355 -34.0 1.000 1.000 1.000
v -982.8555908203125 -98.70243644714355 -33.0 1.000 1.000 1.000
v -999.8555908203125 -95.70243644714355 31.0 1.000 1.000 1.000
v -543.8883666992188 -78.47519826889038 -28.0 1.000 1.000 1.000
v -535.8883666992188 -60.47519826889038 3.0 1.000 1.000 1.000
v -532.8883666992188 -95.47519826889038 65.0 1.000 1.000 1.000
v -532.8883666992188 -117.47519826889038 57.0 1.000 1.000 1.000
v -533.8883666992188 -162.47519826889038 11.0 1.000 1.000 1.000
v -536.8883666992188 -165.47519826889038 -43.0 1.000 1.000 1.000
v -540.8883666992188 -142.47519826889038 -45.0 1.000 1.000 1.000
v -541.8883666992188 -109.47519826889038 -39.0 1.000 1.000 1.000
v -642.8883666992188 -44.47519826889038 -6.0 1.000 1.000 1.000
v -656.8883666992188 -112.47519826889038 66.0 1.000 1.000 1.000
v -642.8883666992188 -180.47519826889038 0.0 1.000 1.000 1.000
v -665.8883666992188 -117.47519826889038 -94.0 1.000 1.000 1.000
v -1009.8883666992188 -149.47519826889038 35.0 1.000 1.000 1.000
v -546.8883666992188 -121.47519826889038 64.0 1.000 1.000 1.000
v -1018.8883666992188 -95.47519826889038 31.0 1.000 1.000 1.000
v -540.8883666992188 -165.47519826889038 13.0 1.000 1.000 1.000
v -537.8883666992188 -52.47519826889038 38.0 1.000 1.000 1.000
v -992.8883666992188 -158.47519826889038 -34.0 1.000 1.000 1.000
v -1001.8883666992188 -98.47519826889038 -33.0 1.000 1.000 1.000
v -540.8883666992188 -104.47519826889038 -44.0 1.000 1.000 1.000
v -546.8883666992188 -121.47519826889038 64.0 1.000 1.000 1.000
v -540.8883666992188 -165.47519826889038 13.0 1.000 1.000 1.000
v 2.0 -149.0 80.0 1.000 1.000 1.000
v -41.0 -141.0 -83.0 1.000 1.000 1.000
v -75.0 -68.0 91.0 1.000 1.000 1.000
v -149.0 -34.0 -73.0 1.000 1.000 1.000
v -223.58901977539062 -114.63739013671875 116.0 1.000 1.000 1.000
v -229.58901977539062 -183.63739013671875 19.0 1.000 1.000 1.000
v -205.58901977539062 -143.63739013671875 -53.0 1.000 1.000 1.000
v -180.58901977539062 -108.63739013671875 -117.0 1.000 1.000 1.000
v -197.58901977539062 -29.63739013671875 18.0 1.000 1.000 1.000
v -197.58901977539062 -29.63739013671875 18.0 1.000 1.000 1.000
v -180.58901977539062 -108.63739013671875 -117.0 1.000 1.000 1.000
v -223.58901977539062 -114.63739013671875 116.0 1.000 1.000 1.000
v -229.58901977539062 -183.63739013671875 19.0 1.000 1.000 1.000
v -205.58901977539062 -143.63739013671875 -53.0 1.000 1.000 1.000
v -543.8883666992188 -78.47519826889038 -28.0 1.000 1.000 1.000
v -535.8883666992188 -60.47519826889038 3.0 1.000 1.000 1.000
v -532.8883666992188 -95.47519826889038 65.0 1.000 1.000 1.000
v -540.8883666992188 -142.47519826889038 -45.0 1.000 1.000 1.000
v -541.8883666992188 -109.47519826889038 -39.0 1.000 1.000 1.000
v -532.8883666992188 -117.47519826889038 57.0 1.000 1.000 1.000
v -536.8883666992188 -165.47519826889038 -43.0 1.000 1.000 1.000
v -533.8883666992188 -162.47519826889038 11.0 1.000 1.000 1.000
v -546.5890197753906 -120.63739013671875 64.0 1.000 1.000 1.000
v -123.58901977539062 -192.63739013671875 0.0 1.000 1.000 1.000
v -123.58901977539062 -149.63739013671875 94.0 1.000 1.000 1.000
v -123.58901977539062 -128.63739013671875 -80.0 1.000 1.000 1.000
v -541.5890197753906 -165.63739013671875 13.0 1.000 1.000 1.000
v -540.5890197753906 -104.63739013671875 -44.0 1.000 1.000 1.000
v -537.5890197753906 -52.63739013671875 38.0 1.000 1.000 1.000
v -122.58901977539062 -45.63739013671875 21.0 1.000 1.000 1.000
v -122.58901977539062 -45.63739013671875 21.0 1.000 1.000 1.000
v -123.58901977539062 -149.63739013671875 94.0 1.000 1.000 1.000
v -123.58901977539062 -192.63739013671875 0.0 1.000 1.000 1.000
v -123.58901977539062 -128.63739013671875 -80.0 1.000 1.000 1.000
v -546.5890197753906 -120.63739013671875 64.0 1.000 1.000 1.000
v -541.5890197753906 -165.63739013671875 13.0 1.000 1.000 1.000
v 43.78190898895264 474.9573669433594 83.0 1.000 1.000 1.000
v 62.78190898895264 509.9573669433594 35.0 1.000 1.000 1.000
v 54.78190898895264 529.9573669433594 97.0 1.000 1.000 1.000
v 58.78190898895264 476.9573669433594 32.0 1.000 1.000 1.000
v 64.78190898895264 487.9573669433594 26.0 1.000 1.000 1.000
v 52.78190898895264 645.9573669433594 -7.0 1.000 1.000 1.000
v 8.781908988952637 634.9573669433594 -53.0 1.000 1.000 1.000
v 8.781908988952637 672.9573669433594 7.0 1.000 1.000 1.000
v 65.78190898895264 649.9573669433594 56.0 1.000 1.000 1.000
v 5.781908988952637 679.9573669433594 46.0 1.000 1.000 1.000
v 4.781908988952637 679.9573669433594 94.0 1.000 1.000 1.000
v 53.78190898895264 606.9573669433594 -49.0 1.000 1.000 1.000
v 56.78190898895264 554.9573669433594 -61.0 1.000 1.000 1.000
v 8.781908988952637 558.9573669433594 -70.0 1.000 1.000 1.000
v 48.78190898895264 445.9573669433594 55.0 1.000 1.000 1.000
v 33.78190898895264 433.9573669433594 75.0 1.000 1.000 1.000
v 43.78190898895264 474.9573669433594 83.0 1.000 1.000 1.000
v 54.78190898895264 529.9573669433594 97.0 1.000 1.000 1.000
v 47.78190898895264 501.9573669433594 112.0 1.000 1.000 1.000
v 8.781908988952637 672.9573669433594 7.0 1.000 1.000 1.000
v 5.781908988952637 679.9573669433594 46.0 1.000 1.000 1.000
v 65.78190898895264 649.9573669433594 56.0 1.000 1.000 1.000
v 21.781908988952637 536.9573669433594 -87.0 1.000 1.000 1.000
v 8.781908988952637 558.9573669433594 -70.0 1.000 1.000 1.000
v 56.78190898895264 554.9573669433594 -61.0 1.000 1.000 1.000
v -20.218091011047363 495.9573669433594 -59.0 1.000 1.000 1.000
v 33.78190898895264 496.9573669433594 -59.0 1.000 1.000 1.000
v 44.78190898895264 483.9573669433594 -36.0 1.000 1.000 1.000
v -32.21809101104736 483.9573669433594 -36.0 1.000 1.000 1.000
v 33.78190898895264 433.9573669433594 75.0 1.000 1.000 1.000
v 27.781908988952637 460.9573669433594 126.0 1.000 1.000 1.000
v 74.78190898895264 516.9573669433594 -5.0 1.000 1.000 1.000
v 80.78190898895264 545.9573669433594 -5.0 1.000 1.000 1.000
v 62.78190898895264 509.9573669433594 35.0 1.000 1.000 1.000
v 65.78190898895264 579.9573669433594 61.0 1.000 1.000 1.000
v 55.78190898895264 596.9573669433594 82.0 1.000 1.000 1.000
v 52.78190898895264 645.9573669433594 -7.0 1.000 1.000 1.000
v 65.78190898895264 649.9573669433594 56.0 1.000 1.000 1.000
v 90.78190898895264 571.9573669433594 17.0 1.000 1.000 1.000
v 24.781908988952637 427.9573669433594 99.0 1.000 1.000 1.000
v 27.781908988952637 460.9573669433594 126.0 1.000 1.000 1.000
v 12.781908988952637 422.9573669433594 138.0 1.000 1.000 1.000
v 87.78190898895264 614.9573669433594 69.0 1.000 1.000 1.000
v 70.78190898895264 541.9573669433594 25.0 1.000 1.000 1.000
v 79.78190898895264 569.9573669433594 -19.0 1.000 1.000 1.000
v 56.78190898895264 554.9573669433594 -61.0 1.000 1.000 1.000
v 53.78190898895264 606.9573669433594 -49.0 1.000 1.000 1.000
v 56.78190898895264 554.9573669433594 -61.0 1.000 1.000 1.000
v 74.78190898895264 516.9573669433594 -5.0 1.000 1.000 1.000
v 44.78190898895264 483.9573669433594 -36.0 1.000 1.000 1.000
v 43.78190898895264 474.9573669433594 83.0 1.000 1.000 1.000
v 47.78190898895264 501.9573669433594 112.0 1.000 1.000 1.000
v 27.781908988952637 460.9573669433594 126.0 1.000 1.000 1.000
v 24.781908988952637 427.9573669433594 99.0 1.000 1.000 1.000
v 33.78190898895264 433.9573669433594 75.0 1.000 1.000 1.000
v 79.78190898895264 569.9573669433594 -19.0 1.000 1.000 1.000
v 52.78190898895264 645.9573669433594 -7.0 1.000 1.000 1.000
v 90.78190898895264 571.9573669433594 17.0 1.000 1.000 1.000
v 65.78190898895264 649.9573669433594 56.0 1.000 1.000 1.000
v 4.781908988952637 679.9573669433594 94.0 1.000 1.000 1.000
v 53.78190898895264 667.9573669433594 139.0 1.000 1.000 1.000
v 8.781908988952637 672.9573669433594 7.0 1.000 1.000 1.000
v -12.218091011047363 535.9573669433594 -86.0 1.000 1.000 1.000
v 8.781908988952637 558.9573669433594 -70.0 1.000 1.000 1.000
v 21.781908988952637 536.9573669433594 -87.0 1.000 1.000 1.000
v 65.78190898895264 579.9573669433594 61.0 1.000 1.000 1.000
v 62.78190898895264 509.9573669433594 35.0 1.000 1.000 1.000
v 70.78190898895264 541.9573669433594 25.0 1.000 1.000 1.000
v 79.78190898895264 569.9573669433594 -19.0 1.000 1.000 1.000
v 80.78190898895264 545.9573669433594 -5.0 1.000 1.000 1.000
v 74.78190898895264 516.9573669433594 -5.0 1.000 1.000 1.000
v 69.78190898895264 485.9573669433594 10.0 1.000 1.000 1.000
v 44.78190898895264 483.9573669433594 -36.0 1.000 1.000 1.000
v 90.78190898895264 571.9573669433594 17.0 1.000 1.000 1.000
v 80.78190898895264 648.9573669433594 102.0 1.000 1.000 1.000
v 65.78190898895264 649.9573669433594 56.0 1.000 1.000 1.000
v 53.78190898895264 667.9573669433594 139.0 1.000 1.000 1.000
v -20.218091011047363 495.9573669433594 -59.0 1.000 1.000 1.000
v 21.781908988952637 536.9573669433594 -87.0 1.000 1.000 1.000
v 33.78190898895264 496.9573669433594 -59.0 1.000 1.000 1.000
v 53.78190898895264 606.9573669433594 -49.0 1.000 1.000 1.000
v 8.781908988952637 634.9573669433594 -53.0 1.000 1.000 1.000
v 52.78190898895264 645.9573669433594 -7.0 1.000 1.000 1.000
v 79.78190898895264 569.9573669433594 -19.0 1.000 1.000 1.000
v 87.78190898895264 614.9573669433594 69.0 1.000 1.000 1.000
v 80.78190898895264 648.9573669433594 102.0 1.000 1.000 1.000
v 55.78190898895264 596.9573669433594 82.0 1.000 1.000 1.000
v 54.78190898895264 529.9573669433594 97.0 1.000 1.000 1.000
v 62.78190898895264 509.9573669433594 35.0 1.000 1.000 1.000
v 80.78190898895264 545.9573669433594 -5.0 1.000 1.000 1.000
v 90.78190898895264 571.9573669433594 17.0 1.000 1.000 1.000
v 65.78190898895264 649.9573669433594 56.0 1.000 1.000 1.000
v 56.78190898895264 554.9573669433594 -61.0 1.000 1.000 1.000
v 79.78190898895264 569.9573669433594 -19.0 1.000 1.000 1.000
v 74.78190898895264 516.9573669433594 -5.0 1.000 1.000 1.000
v 62.78190898895264 509.9573669433594 35.0 1.000 1.000 1.000
v 64.78190898895264 487.9573669433594 26.0 1.000 1.000 1.000
v 69.78190898895264 485.9573669433594 10.0 1.000 1.000 1.000
v 43.78190898895264 474.9573669433594 83.0 1.000 1.000 1.000
v 58.78190898895264 476.9573669433594 32.0 1.000 1.000 1.000
v 80.78190898895264 545.9573669433594 -5.0 1.000 1.000 1.000
v 70.78190898895264 541.9573669433594 25.0 1.000 1.000 1.000
v 33.78190898895264 433.9573669433594 75.0 1.000 1.000 1.000
v 24.781908988952637 427.9573669433594 99.0 1.000 1.000 1.000
v 2.7819089889526367 422.9573669433594 85.0 1.000 1.000 1.000
v 48.78190898895264 445.9573669433594 55.0 1.000 1.000 1.000
v 33.78190898895264 496.9573669433594 -59.0 1.000 1.000 1.000
v 21.781908988952637 536.9573669433594 -87.0 1.000 1.000 1.000
v -20.218091011047363 495.9573669433594 -59.0 1.000 1.000 1.000
v -12.218091011047363 535.9573669433594 -86.0 1.000 1.000 1.000
v 21.781908988952637 536.9573669433594 -87.0 1.000 1.000 1.000
v 53.78190898895264 606.9573669433594 -49.0 1.000 1.000 1.000
v 8.781908988952637 558.9573669433594 -70.0 1.000 1.000 1.000
v 8.781908988952637 634.9573669433594 -53.0 1.000 1.000 1.000
v 33.78190898895264 496.9573669433594 -59.0 1.000 1.000 1.000
v 56.78190898895264 554.9573669433594 -61.0 1.000 1.000 1.000
v 44.78190898895264 483.9573669433594 -36.0 1.000 1.000 1.000
v 64.78190898895264 487.9573669433594 26.0 1.000 1.000 1.000
v 39.78190898895264 486.9573669433594 26.0 1.000 1.000 1.000
v 69.78190898895264 485.9573669433594 10.0 1.000 1.000 1.000
v 58.78190898895264 476.9573669433594 32.0 1.000 1.000 1.000
v 32.78190898895264 471.9573669433594 -29.0 1.000 1.000 1.000
v -32.21809101104736 483.9573669433594 -36.0 1.000 1.000 1.000
v 44.78190898895264 483.9573669433594 -36.0 1.000 1.000 1.000
v 32.78190898895264 471.9573669433594 -29.0 1.000 1.000 1.000
v -32.21809101104736 474.9573669433594 -28.0 1.000 1.000 1.000
v 2.7819089889526367 422.9573669433594 85.0 1.000 1.000 1.000
v -2.2180910110473633 441.9573669433594 72.0 1.000 1.000 1.000
v 48.78190898895264 445.9573669433594 55.0 1.000 1.000 1.000
v 39.78190898895264 486.9573669433594 26.0 1.000 1.000 1.000
v 58.78190898895264 476.9573669433594 32.0 1.000 1.000 1.000
v 0.7819089889526367 442.9573669433594 -54.0 1.000 1.000 1.000
v -33.21809101104736 478.9573669433594 -93.0 1.000 1.000 1.000
v -30.218091011047363 460.9573669433594 -106.0 1.000 1.000 1.000
v 1.7819089889526367 375.9573669433594 -114.0 1.000 1.000 1.000
v 0.7819089889526367 495.9573669433594 -59.0 1.000 1.000 1.000
v -1.2180910110473633 486.9573669433594 -95.0 1.000 1.000 1.000
v 0.7819089889526367 467.9573669433594 -108.0 1.000 1.000 1.000
v -1.2180910110473633 486.9573669433594 -95.0 1.000 1.000 1.000
v 33.78190898895264 477.9573669433594 -93.0 1.000 1.000 1.000
v 31.781908988952637 459.9573669433594 -106.0 1.000 1.000 1.000
v 0.7819089889526367 495.9573669433594 -59.0 1.000 1.000 1.000
v 0.7819089889526367 442.9573669433594 -54.0 1.000 1.000 1.000
v 1.7819089889526367 375.9573669433594 -114.0 1.000 1.000 1.000
v 0.7819089889526367 467.9573669433594 -108.0 1.000 1.000 1.000
v -30.218091011047363 460.9573669433594 -106.0 1.000 1.000 1.000
v -33.21809101104736 478.9573669433594 -93.0 1.000 1.000 1.000
v 1.7819089889526367 538.9573669433594 140.0 1.000 1.000 1.000
v 6.781908988952637 524.9573669433594 128.0 1.000 1.000 1.000
v 54.78190898895264 529.9573669433594 97.0 1.000 1.000 1.000
v 50.78190898895264 558.9573669433594 113.0 1.000 1.000 1.000
v -10.218091011047363 524.9573669433594 128.0 1.000 1.000 1.000
v -7.218091011047363 538.9573669433594 140.0 1.000 1.000 1.000
v -64.21809101104736 529.9573669433594 97.0 1.000 1.000 1.000
v -7.218091011047363 538.9573669433594 140.0 1.000 1.000 1.000
v -39.21809101104736 558.9573669433594 136.0 1.000 1.000 1.000
v -58.21809101104736 557.9573669433594 113.0 1.000 1.000 1.000
v 1.7819089889526367 538.9573669433594 140.0 1.000 1.000 1.000
v 10.781908988952637 496.9573669433594 165.0 1.000 1.000 1.000
v 6.781908988952637 524.9573669433594 128.0 1.000 1.000 1.000
v -10.218091011047363 524.9573669433594 128.0 1.000 1.000 1.000
v -11.218091011047363 496.9573669433594 165.0 1.000 1.000 1.000
v -18.218091011047363 495.9573669433594 141.0 1.000 1.000 1.000
v 16.781908988952637 495.9573669433594 141.0 1.000 1.000 1.000
v -33.21809101104736 514.9573669433594 127.0 1.000 1.000 1.000
v -48.21809101104736 500.9573669433594 112.0 1.000 1.000 1.000
v -29.218091011047363 460.9573669433594 126.0 1.000 1.000 1.000
v 28.781908988952637 514.9573669433594 127.0 1.000 1.000 1.000
v 54.78190898895264 529.9573669433594 97.0 1.000 1.000 1.000
v -4.218091011047363 485.9573669433594 149.0 1.000 1.000 1.000
v 53.78190898895264 667.9573669433594 139.0 1.000 1.000 1.000
v 6.781908988952637 633.9573669433594 165.0 1.000 1.000 1.000
v 45.78190898895264 611.9573669433594 121.0 1.000 1.000 1.000
v 47.78190898895264 501.9573669433594 112.0 1.000 1.000 1.000
v 54.78190898895264 529.9573669433594 97.0 1.000 1.000 1.000
v 28.781908988952637 514.9573669433594 127.0 1.000 1.000 1.000
v -15.218091011047363 466.9573669433594 146.0 1.000 1.000 1.000
v -29.218091011047363 460.9573669433594 126.0 1.000 1.000 1.000
v -24.218091011047363 459.9573669433594 139.0 1.000 1.000 1.000
v 6.781908988952637 470.9573669433594 151.0 1.000 1.000 1.000
v -0.21809101104736328 468.9573669433594 145.0 1.000 1.000 1.000
v -0.21809101104736328 460.9573669433594 148.0 1.000 1.000 1.000
v -11.218091011047363 496.9573669433594 165.0 1.000 1.000 1.000
v 1.7819089889526367 538.9573669433594 140.0 1.000 1.000 1.000
v -7.218091011047363 538.9573669433594 140.0 1.000 1.000 1.000
v 15.781908988952637 443.9573669433594 141.0 1.000 1.000 1.000
v 12.781908988952637 422.9573669433594 138.0 1.000 1.000 1.000
v 27.781908988952637 460.9573669433594 126.0 1.000 1.000 1.000
v -14.218091011047363 422.9573669433594 138.0 1.000 1.000 1.000
v 2.7819089889526367 422.9573669433594 85.0 1.000 1.000 1.000
v 39.78190898895264 561.9573669433594 136.0 1.000 1.000 1.000
v 50.78190898895264 558.9573669433594 113.0 1.000 1.000 1.000
v 45.78190898895264 611.9573669433594 121.0 1.000 1.000 1.000
v -58.21809101104736 557.9573669433594 113.0 1.000 1.000 1.000
v -55.21809101104736 613.9573669433594 121.0 1.000 1.000 1.000
v -67.21809101104736 596.9573669433594 83.0 1.000 1.000 1.000
v -74.21809101104736 648.9573669433594 102.0 1.000 1.000 1.000
v 8.781908988952637 448.9573669433594 148.0 1.000 1.000 1.000
v 21.781908988952637 460.9573669433594 138.0 1.000 1.000 1.000
v 25.781908988952637 606.9573669433594 138.0 1.000 1.000 1.000
v 6.781908988952637 633.9573669433594 165.0 1.000 1.000 1.000
v 8.781908988952637 604.9573669433594 137.0 1.000 1.000 1.000
v 45.78190898895264 611.9573669433594 121.0 1.000 1.000 1.000
v 54.78190898895264 529.9573669433594 97.0 1.000 1.000 1.000
v 55.78190898895264 596.9573669433594 82.0 1.000 1.000 1.000
v 50.78190898895264 558.9573669433594 113.0 1.000 1.000 1.000
v -7.218091011047363 538.9573669433594 140.0 1.000 1.000 1.000
v 1.7819089889526367 538.9573669433594 140.0 1.000 1.000 1.000
v 24.781908988952637 427.9573669433594 99.0 1.000 1.000 1.000
v 12.781908988952637 422.9573669433594 138.0 1.000 1.000 1.000
v 2.7819089889526367 422.9573669433594 85.0 1.000 1.000 1.000
v -28.218091011047363 605.9573669433594 138.0 1.000 1.000 1.000
v -55.21809101104736 613.9573669433594 121.0 1.000 1.000 1.000
v -39.21809101104736 558.9573669433594 136.0 1.000 1.000 1.000
v -11.218091011047363 496.9573669433594 165.0 1.000 1.000 1.000
v -1.2180910110473633 488.9573669433594 158.0 1.000 1.000 1.000
v 10.781908988952637 496.9573669433594 165.0 1.000 1.000 1.000
v 16.781908988952637 495.9573669433594 141.0 1.000 1.000 1.000
v 15.781908988952637 466.9573669433594 146.0 1.000 1.000 1.000
v 27.781908988952637 460.9573669433594 126.0 1.000 1.000 1.000
v 1.7819089889526367 538.9573669433594 140.0 1.000 1.000 1.000
v 39.78190898895264 561.9573669433594 136.0 1.000 1.000 1.000
v 25.781908988952637 606.9573669433594 138.0 1.000 1.000 1.000
v -33.21809101104736 514.9573669433594 127.0 1.000 1.000 1.000
v -29.218091011047363 460.9573669433594 126.0 1.000 1.000 1.000
v -18.218091011047363 495.9573669433594 141.0 1.000 1.000 1.000
v 2.7819089889526367 486.9573669433594 149.0 1.000 1.000 1.000
v -4.218091011047363 603.9573669433594 137.0 1.000 1.000 1.000
v 8.781908988952637 604.9573669433594 137.0 1.000 1.000 1.000
v 6.781908988952637 633.9573669433594 165.0 1.000 1.000 1.000
v 6.781908988952637 633.9573669433594 165.0 1.000 1.000 1.000
v -41.21809101104736 666.9573669433594 138.0 1.000 1.000 1.000
v -28.218091011047363 605.9573669433594 138.0 1.000 1.000 1.000
v -1.2180910110473633 488.9573669433594 158.0 1.000 1.000 1.000
v -11.218091011047363 496.9573669433594 165.0 1.000 1.000 1.000
v -4.218091011047363 485.9573669433594 149.0 1.000 1.000 1.000
v 28.781908988952637 514.9573669433594 127.0 1.000 1.000 1.000
v 16.781908988952637 495.9573669433594 141.0 1.000 1.000 1.000
v 27.781908988952637 460.9573669433594 126.0 1.000 1.000 1.000
v 1.7819089889526367 538.9573669433594 140.0 1.000 1.000 1.000
v 25.781908988952637 606.9573669433594 138.0 1.000 1.000 1.000
v 8.781908988952637 604.9573669433594 137.0 1.000 1.000 1.000
v -14.218091011047363 422.9573669433594 138.0 1.000 1.000 1.000
v 12.781908988952637 422.9573669433594 138.0 1.000 1.000 1.000
v 15.781908988952637 443.9573669433594 141.0 1.000 1.000 1.000
v -11.218091011047363 448.9573669433594 148.0 1.000 1.000 1.000
v -24.218091011047363 459.9573669433594 139.0 1.000 1.000 1.000
v -18.218091011047363 443.9573669433594 141.0 1.000 1.000 1.000
v 21.781908988952637 460.9573669433594 138.0 1.000 1.000 1.000
v 15.781908988952637 443.9573669433594 141.0 1.000 1.000 1.000
v 27.781908988952637 460.9573669433594 126.0 1.000 1.000 1.000
v -29.218091011047363 460.9573669433594 126.0 1.000 1.000 1.000
v -14.218091011047363 422.9573669433594 138.0 1.000 1.000 1.000
v 16.781908988952637 495.9573669433594 141.0 1.000 1.000 1.000
v 28.781908988952637 514.9573669433594 127.0 1.000 1.000 1.000
v 6.781908988952637 524.9573669433594 128.0 1.000 1.000 1.000
v 2.7819089889526367 486.9573669433594 149.0 1.000 1.000 1.000
v 10.781908988952637 496.9573669433594 165.0 1.000 1.000 1.000
v -15.218091011047363 466.9573669433594 146.0 1.000 1.000 1.000
v -18.218091011047363 495.9573669433594 141.0 1.000 1.000 1.000
v 39.78190898895264 561.9573669433594 136.0 1.000 1.000 1.000
v 1.7819089889526367 538.9573669433594 140.0 1.000 1.000 1.000
v 50.78190898895264 558.9573669433594 113.0 1.000 1.000 1.000
v -33.21809101104736 514.9573669433594 127.0 1.000 1.000 1.000
v -10.218091011047363 524.9573669433594 128.0 1.000 1.000 1.000
v -64.21809101104736 529.9573669433594 97.0 1.000 1.000 1.000
v -41.21809101104736 666.9573669433594 138.0 1.000 1.000 1.000
v -74.21809101104736 648.9573669433594 102.0 1.000 1.000 1.000
v -55.21809101104736 613.9573669433594 121.0 1.000 1.000 1.000
v 55.78190898895264 596.9573669433594 82.0 1.000 1.000 1.000
v 45.78190898895264 611.9573669433594 121.0 1.000 1.000 1.000
v 6.781908988952637 633.9573669433594 165.0 1.000 1.000 1.000
v 53.78190898895264 667.9573669433594 139.0 1.000 1.000 1.000
v 4.781908988952637 679.9573669433594 94.0 1.000 1.000 1.000
v -48.21809101104736 500.9573669433594 112.0 1.000 1.000 1.000
v 80.78190898895264 648.9573669433594 102.0 1.000 1.000 1.000
v -55.21809101104736 613.9573669433594 121.0 1.000 1.000 1.000
v -58.21809101104736 557.9573669433594 113.0 1.000 1.000 1.000
v -39.21809101104736 558.9573669433594 136.0 1.000 1.000 1.000
v 2.7819089889526367 486.9573669433594 149.0 1.000 1.000 1.000
v -1.2180910110473633 488.9573669433594 158.0 1.000 1.000 1.000
v -4.218091011047363 485.9573669433594 149.0 1.000 1.000 1.000
v -28.218091011047363 605.9573669433594 138.0 1.000 1.000 1.000
v -7.218091011047363 538.9573669433594 140.0 1.000 1.000 1.000
v 39.78190898895264 561.9573669433594 136.0 1.000 1.000 1.000
v 45.78190898895264 611.9573669433594 121.0 1.000 1.000 1.000
v 25.781908988952637 606.9573669433594 138.0 1.000 1.000 1.000
v -4.218091011047363 603.9573669433594 137.0 1.000 1.000 1.000
v 8.781908988952637 604.9573669433594 137.0 1.000 1.000 1.000
v -41.21809101104736 666.9573669433594 138.0 1.000 1.000 1.000
v 6.781908988952637 633.9573669433594 165.0 1.000 1.000 1.000
v -11.218091011047363 496.9573669433594 165.0 1.000 1.000 1.000
v 10.781908988952637 496.9573669433594 165.0 1.000 1.000 1.000
v 1.7819089889526367 538.9573669433594 140.0 1.000 1.000 1.000
v -33.21809101104736 514.9573669433594 127.0 1.000 1.000 1.000
v -18.218091011047363 495.9573669433594 141.0 1.000 1.000 1.000
v -10.218091011047363 524.9573669433594 128.0 1.000 1.000 1.000
v -29.218091011047363 460.9573669433594 126.0 1.000 1.000 1.000
v -14.218091011047363 422.9573669433594 138.0 1.000 1.000 1.000
v -18.218091011047363 443.9573669433594 141.0 1.000 1.000 1.000
v 8.781908988952637 448.9573669433594 148.0 1.000 1.000 1.000
v 21.781908988952637 460.9573669433594 138.0 1.000 1.000 1.000
v -0.21809101104736328 460.9573669433594 148.0 1.000 1.000 1.000
v -11.218091011047363 448.9573669433594 148.0 1.000 1.000 1.000
v 6.781908988952637 470.9573669433594 151.0 1.000 1.000 1.000
v 15.781908988952637 466.9573669433594 146.0 1.000 1.000 1.000
v 16.781908988952637 495.9573669433594 141.0 1.000 1.000 1.000
v -15.218091011047363 466.9573669433594 146.0 1.000 1.000 1.000
v -24.218091011047363 459.9573669433594 139.0 1.000 1.000 1.000
v -0.21809101104736328 460.9573669433594 148.0 1.000 1.000 1.000
v 80.78190898895264 648.9573669433594 102.0 1.000 1.000 1.000
v 45.78190898895264 611.9573669433594 121.0 1.000 1.000 1.000
v 55.78190898895264 596.9573669433594 82.0 1.000 1.000 1.000
v -11.218091011047363 448.9573669433594 148.0 1.000 1.000 1.000
v 8.781908988952637 448.9573669433594 148.0 1.000 1.000 1.000
v 15.781908988952637 443.9573669433594 141.0 1.000 1.000 1.000
v -18.218091011047363 443.9573669433594 141.0 1.000 1.000 1.000
v -7.218091011047363 469.9573669433594 151.0 1.000 1.000 1.000
v -0.21809101104736328 468.9573669433594 145.0 1.000 1.000 1.000
v 15.781908988952637 466.9573669433594 146.0 1.000 1.000 1.000
v 6.781908988952637 470.9573669433594 151.0 1.000 1.000 1.000
v 21.781908988952637 460.9573669433594 138.0 1.000 1.000 1.000
v -18.218091011047363 495.9573669433594 141.0 1.000 1.000 1.000
v -7.218091011047363 469.9573669433594 151.0 1.000 1.000 1.000
v -4.218091011047363 485.9573669433594 149.0 1.000 1.000 1.000
v -18.218091011047363 495.9573669433594 141.0 1.000 1.000 1.000
v -0.21809101104736328 468.9573669433594 145.0 1.000 1.000 1.000
v 2.7819089889526367 486.9573669433594 149.0 1.000 1.000 1.000
v 6.781908988952637 470.9573669433594 151.0 1.000 1.000 1.000
v 16.781908988952637 495.9573669433594 141.0 1.000 1.000 1.000
v -64.21809101104736 529.9573669433594 97.0 1.000 1.000 1.000
v -7.218091011047363 538.9573669433594 140.0 1.000 1.000 1.000
v -58.21809101104736 557.9573669433594 113.0 1.000 1.000 1.000
v -14.218091011047363 422.9573669433594 138.0 1.000 1.000 1.000
v -29.218091011047363 427.9573669433594 99.0 1.000 1.000 1.000
v 2.7819089889526367 422.9573669433594 85.0 1.000 1.000 1.000
v 15.781908988952637 466.9573669433594 146.0 1.000 1.000 1.000
v 21.781908988952637 460.9573669433594 138.0 1.000 1.000 1.000
v 27.781908988952637 460.9573669433594 126.0 1.000 1.000 1.000
v 47.78190898895264 501.9573669433594 112.0 1.000 1.000 1.000
v 28.781908988952637 514.9573669433594 127.0 1.000 1.000 1.000
v 27.781908988952637 460.9573669433594 126.0 1.000 1.000 1.000
v -64.21809101104736 529.9573669433594 97.0 1.000 1.000 1.000
v -58.21809101104736 557.9573669433594 113.0 1.000 1.000 1.000
v -67.21809101104736 596.9573669433594 83.0 1.000 1.000 1.000
v -87.21809101104736 613.9573669433594 69.0 1.000 1.000 1.000
v -67.21809101104736 596.9573669433594 83.0 1.000 1.000 1.000
v -74.21809101104736 648.9573669433594 102.0 1.000 1.000 1.000
v -29.218091011047363 460.9573669433594 126.0 1.000 1.000 1.000
v -29.218091011047363 427.9573669433594 99.0 1.000 1.000 1.000
v -14.218091011047363 422.9573669433594 138.0 1.000 1.000 1.000
v 8.781908988952637 672.9573669433594 7.0 1.000 1.000 1.000
v 8.781908988952637 634.9573669433594 -53.0 1.000 1.000 1.000
v -44.21809101104736 646.9573669433594 -6.0 1.000 1.000 1.000
v 4.781908988952637 679.9573669433594 94.0 1.000 1.000 1.000
v 5.781908988952637 679.9573669433594 46.0 1.000 1.000 1.000
v -68.21809101104736 649.9573669433594 56.0 1.000 1.000 1.000
v -47.21809101104736 606.9573669433594 -49.0 1.000 1.000 1.000
v -44.21809101104736 646.9573669433594 -6.0 1.000 1.000 1.000
v 8.781908988952637 634.9573669433594 -53.0 1.000 1.000 1.000
v 8.781908988952637 672.9573669433594 7.0 1.000 1.000 1.000
v 8.781908988952637 558.9573669433594 -70.0 1.000 1.000 1.000
v -52.21809101104736 554.9573669433594 -60.0 1.000 1.000 1.000
v -67.21809101104736 509.9573669433594 35.0 1.000 1.000 1.000
v -64.21809101104736 529.9573669433594 97.0 1.000 1.000 1.000
v -67.21809101104736 596.9573669433594 83.0 1.000 1.000 1.000
v -79.21809101104736 516.9573669433594 -6.0 1.000 1.000 1.000
v -76.21809101104736 485.9573669433594 9.0 1.000 1.000 1.000
v -87.21809101104736 613.9573669433594 69.0 1.000 1.000 1.000
v -74.21809101104736 648.9573669433594 102.0 1.000 1.000 1.000
v -40.21809101104736 433.9573669433594 75.0 1.000 1.000 1.000
v -29.218091011047363 460.9573669433594 126.0 1.000 1.000 1.000
v -50.21809101104736 475.9573669433594 83.0 1.000 1.000 1.000
v -81.21809101104736 570.9573669433594 -18.0 1.000 1.000 1.000
v -79.21809101104736 516.9573669433594 -6.0 1.000 1.000 1.000
v -86.21809101104736 545.9573669433594 -4.0 1.000 1.000 1.000
v -67.21809101104736 509.9573669433594 35.0 1.000 1.000 1.000
v -76.21809101104736 485.9573669433594 9.0 1.000 1.000 1.000
v -69.21809101104736 486.9573669433594 27.0 1.000 1.000 1.000
v -52.21809101104736 444.9573669433594 55.0 1.000 1.000 1.000
v 2.7819089889526367 422.9573669433594 85.0 1.000 1.000 1.000
v -72.21809101104736 579.9573669433594 60.0 1.000 1.000 1.000
v -67.21809101104736 596.9573669433594 83.0 1.000 1.000 1.000
v -87.21809101104736 613.9573669433594 69.0 1.000 1.000 1.000
v -32.21809101104736 483.9573669433594 -36.0 1.000 1.000 1.000
v -68.21809101104736 649.9573669433594 56.0 1.000 1.000 1.000
v -74.21809101104736 648.9573669433594 102.0 1.000 1.000 1.000
v -41.21809101104736 666.9573669433594 138.0 1.000 1.000 1.000
v -87.21809101104736 613.9573669433594 69.0 1.000 1.000 1.000
v -93.21809101104736 571.9573669433594 16.0 1.000 1.000 1.000
v -81.21809101104736 570.9573669433594 -18.0 1.000 1.000 1.000
v -44.21809101104736 646.9573669433594 -6.0 1.000 1.000 1.000
v -47.21809101104736 606.9573669433594 -49.0 1.000 1.000 1.000
v -52.21809101104736 554.9573669433594 -60.0 1.000 1.000 1.000
v -20.218091011047363 495.9573669433594 -59.0 1.000 1.000 1.000
v -32.21809101104736 483.9573669433594 -36.0 1.000 1.000 1.000
v -29.218091011047363 460.9573669433594 126.0 1.000 1.000 1.000
v -48.21809101104736 500.9573669433594 112.0 1.000 1.000 1.000
v -50.21809101104736 475.9573669433594 83.0 1.000 1.000 1.000
v -76.21809101104736 540.9573669433594 24.0 1.000 1.000 1.000
v -86.21809101104736 545.9573669433594 -4.0 1.000 1.000 1.000
v -67.21809101104736 509.9573669433594 35.0 1.000 1.000 1.000
v -69.21809101104736 486.9573669433594 27.0 1.000 1.000 1.000
v -63.21809101104736 476.9573669433594 32.0 1.000 1.000 1.000
v -76.21809101104736 540.9573669433594 24.0 1.000 1.000 1.000
v -86.21809101104736 545.9573669433594 -4.0 1.000 1.000 1.000
v -72.21809101104736 579.9573669433594 60.0 1.000 1.000 1.000
v -29.218091011047363 427.9573669433594 99.0 1.000 1.000 1.000
v -40.21809101104736 433.9573669433594 75.0 1.000 1.000 1.000
v 2.7819089889526367 422.9573669433594 85.0 1.000 1.000 1.000
v -93.21809101104736 571.9573669433594 16.0 1.000 1.000 1.000
v -68.21809101104736 649.9573669433594 56.0 1.000 1.000 1.000
v -44.21809101104736 646.9573669433594 -6.0 1.000 1.000 1.000
v -64.21809101104736 529.9573669433594 97.0 1.000 1.000 1.000
v -50.21809101104736 475.9573669433594 83.0 1.000 1.000 1.000
v -52.21809101104736 444.9573669433594 55.0 1.000 1.000 1.000
v -48.21809101104736 500.9573669433594 112.0 1.000 1.000 1.000
v -79.21809101104736 516.9573669433594 -6.0 1.000 1.000 1.000
v -81.21809101104736 570.9573669433594 -18.0 1.000 1.000 1.000
v -52.21809101104736 554.9573669433594 -60.0 1.000 1.000 1.000
v -40.21809101104736 433.9573669433594 75.0 1.000 1.000 1.000
v -29.218091011047363 427.9573669433594 99.0 1.000 1.000 1.000
v -29.218091011047363 460.9573669433594 126.0 1.000 1.000 1.000
v -32.21809101104736 483.9573669433594 -36.0 1.000 1.000 1.000
v -67.21809101104736 509.9573669433594 35.0 1.000 1.000 1.000
v -63.21809101104736 476.9573669433594 32.0 1.000 1.000 1.000
v -50.21809101104736 475.9573669433594 83.0 1.000 1.000 1.000
v -72.21809101104736 579.9573669433594 60.0 1.000 1.000 1.000
v -67.21809101104736 596.9573669433594 83.0 1.000 1.000 1.000
v -86.21809101104736 545.9573669433594 -4.0 1.000 1.000 1.000
v -93.21809101104736 571.9573669433594 16.0 1.000 1.000 1.000
v -47.21809101104736 606.9573669433594 -49.0 1.000 1.000 1.000
v -44.21809101104736 646.9573669433594 -6.0 1.000 1.000 1.000
v -72.21809101104736 579.9573669433594 60.0 1.000 1.000 1.000
v -87.21809101104736 613.9573669433594 69.0 1.000 1.000 1.000
v -93.21809101104736 571.9573669433594 16.0 1.000 1.000 1.000
v -76.21809101104736 540.9573669433594 24.0 1.000 1.000 1.000
v 4.781908988952637 679.9573669433594 94.0 1.000 1.000 1.000
v -68.21809101104736 649.9573669433594 56.0 1.000 1.000 1.000
v -41.21809101104736 666.9573669433594 138.0 1.000 1.000 1.000
v -44.21809101104736 646.9573669433594 -6.0 1.000 1.000 1.000
v 8.781908988952637 672.9573669433594 7.0 1.000 1.000 1.000
v 8.781908988952637 558.9573669433594 -70.0 1.000 1.000 1.000
v -12.218091011047363 535.9573669433594 -86.0 1.000 1.000 1.000
v -52.21809101104736 554.9573669433594 -60.0 1.000 1.000 1.000
v -47.21809101104736 606.9573669433594 -49.0 1.000 1.000 1.000
v 8.781908988952637 634.9573669433594 -53.0 1.000 1.000 1.000
v -20.218091011047363 495.9573669433594 -59.0 1.000 1.000 1.000
v -76.21809101104736 485.9573669433594 9.0 1.000 1.000 1.000
v -32.21809101104736 483.9573669433594 -36.0 1.000 1.000 1.000
v -32.21809101104736 474.9573669433594 -28.0 1.000 1.000 1.000
v -37.21809101104736 487.9573669433594 26.0 1.000 1.000 1.000
v -69.21809101104736 486.9573669433594 27.0 1.000 1.000 1.000
v -63.21809101104736 476.9573669433594 32.0 1.000 1.000 1.000
v -52.21809101104736 444.9573669433594 55.0 1.000 1.000 1.000
v -2.2180910110473633 441.9573669433594 72.0 1.000 1.000 1.000
v 2.7819089889526367 422.9573669433594 85.0 1.000 1.000 1.000
v -47.21809101104736 479.9573669433594 -39.0 1.000 1.000 1.000
v 45.78190898895264 480.9573669433594 -39.0 1.000 1.000 1.000
v 46.78190898895264 417.9573669433594 145.0 1.000 1.000 1.000
v -47.21809101104736 418.9573669433594 145.0 1.000 1.000 1.000
v -76.21809101104736 650.9573669433594 120.0 1.000 1.000 1.000
v -64.21809101104736 648.9573669433594 -52.0 1.000 1.000 1.000
v -47.21809101104736 479.9573669433594 -39.0 1.000 1.000 1.000
v -47.21809101104736 418.9573669433594 145.0 1.000 1.000 1.000
v 45.78190898895264 480.9573669433594 -39.0 1.000 1.000 1.000
v -47.21809101104736 479.9573669433594 -39.0 1.000 1.000 1.000
v -64.21809101104736 648.9573669433594 -52.0 1.000 1.000 1.000
v 62.78190898895264 648.9573669433594 -52.0 1.000 1.000 1.000
v -76.21809101104736 650.9573669433594 120.0 1.000 1.000 1.000
v 73.78190898895264 650.9573669433594 120.0 1.000 1.000 1.000
v 62.78190898895264 648.9573669433594 -52.0 1.000 1.000 1.000
v -64.21809101104736 648.9573669433594 -52.0 1.000 1.000 1.000
v -47.21809101104736 418.9573669433594 145.0 1.000 1.000 1.000
v 46.78190898895264 417.9573669433594 145.0 1.000 1.000 1.000
v 73.78190898895264 650.9573669433594 120.0 1.000 1.000 1.000
v -76.21809101104736 650.9573669433594 120.0 1.000 1.000 1.000
v 46.78190898895264 417.9573669433594 145.0 1.000 1.000 1.000
v 45.78190898895264 480.9573669433594 -39.0 1.000 1.000 1.000
v 62.78190898895264 648.9573669433594 -52.0 1.000 1.000 1.000
v 73.78190898895264 650.9573669433594 120.0 1.000 1.000 1.000
v -259.9364013671875 365.1250059604645 60.0 1.000 1.000 1.000
v -202.9364013671875 425.1250059604645 12.0 1.000 1.000 1.000
v -213.9364013671875 398.1250059604645 -37.0 1.000 1.000 1.000
v -313.9364013671875 425.1250059604645 12.0 1.000 1.000 1.000
v -306.9364013671875 398.1250059604645 -41.0 1.000 1.000 1.000
v -253.9364013671875 397.1250059604645 -50.0 1.000 1.000 1.000
v -2.2180910110473633 441.9573669433594 72.0 1.000 1.000 1.000
v -37.21809101104736 487.9573669433594 26.0 1.000 1.000 1.000
v 32.78190898895264 471.9573669433594 -29.0 1.000 1.000 1.000
v 39.78190898895264 486.9573669433594 26.0 1.000 1.000 1.000
v -32.21809101104736 474.9573669433594 -28.0 1.000 1.000 1.000
v 382.86492919921875 -42.782051995396614 -15.661061763763428 1.000 1.000 1.000
v 358.86492919921875 38.217948004603386 -19.661061763763428 1.000 1.000 1.000
v 385.86492919921875 -39.782051995396614 90.33893823623657 1.000 1.000 1.000
v 361.86492919921875 39.217948004603386 87.33893823623657 1.000 1.000 1.000
v 254.86492919921875 -35.782051995396614 67.33893823623657 1.000 1.000 1.000
v 385.86492919921875 -39.782051995396614 90.33893823623657 1.000 1.000 1.000
v 252.86492919921875 24.217948004603386 68.33893823623657 1.000 1.000 1.000
v 361.86492919921875 39.217948004603386 87.33893823623657 1.000 1.000 1.000
v 358.86492919921875 38.217948004603386 -19.661061763763428 1.000 1.000 1.000
v 382.86492919921875 -42.782051995396614 -15.661061763763428 1.000 1.000 1.000
v 262.86492919921875 24.217948004603386 -15.661061763763428 1.000 1.000 1.000
v 263.86492919921875 -36.782051995396614 -14.661061763763428 1.000 1.000 1.000
v 262.86492919921875 24.217948004603386 -15.661061763763428 1.000 1.000 1.000
v 252.86492919921875 24.217948004603386 68.33893823623657 1.000 1.000 1.000
v 358.86492919921875 38.217948004603386 -19.661061763763428 1.000 1.000 1.000
v 361.86492919921875 39.217948004603386 87.33893823623657 1.000 1.000 1.000
v 385.86492919921875 -39.782051995396614 90.33893823623657 1.000 1.000 1.000
v 254.86492919921875 -35.782051995396614 67.33893823623657 1.000 1.000 1.000
v 382.86492919921875 -42.782051995396614 -15.661061763763428 1.000 1.000 1.000
v 263.86492919921875 -36.782051995396614 -14.661061763763428 1.000 1.000 1.000
v 452.5048099756241 369.0037956237793 68.32201480865479 1.000 1.000 1.000
v 453.5048099756241 373.0037956237793 -26.677985191345215 1.000 1.000 1.000
v 438.5048099756241 449.0037956237793 60.322014808654785 1.000 1.000 1.000
v 454.5048099756241 437.0037956237793 -28.677985191345215 1.000 1.000 1.000
v 254.86492919921875 -35.782051995396614 67.33893823623657 1.000 1.000 1.000
v 252.86492919921875 24.217948004603386 68.33893823623657 1.000 1.000 1.000
v 262.86492919921875 24.217948004603386 -15.661061763763428 1.000 1.000 1.000
v 263.86492919921875 -36.782051995396614 -14.661061763763428 1.000 1.000 1.000
v 402.5048099756241 411.0037956237793 -26.677985191345215 1.000 1.000 1.000
v 398.5048099756241 375.0037956237793 -22.677985191345215 1.000 1.000 1.000
v 379.5048099756241 441.0037956237793 4.322014808654785 1.000 1.000 1.000
v 398.5048099756241 436.0037956237793 -24.677985191345215 1.000 1.000 1.000
v 398.5048099756241 444.0037956237793 38.322014808654785 1.000 1.000 1.000
v 394.5048099756241 418.0037956237793 59.322014808654785 1.000 1.000 1.000
v 401.5048099756241 373.0037956237793 27.322014808654785 1.000 1.000 1.000
v 396.5048099756241 371.0037956237793 64.32201480865479 1.000 1.000 1.000
v 453.5048099756241 373.0037956237793 -26.677985191345215 1.000 1.000 1.000
v 454.5048099756241 437.0037956237793 -28.677985191345215 1.000 1.000 1.000
v 438.5048099756241 449.0037956237793 60.322014808654785 1.000 1.000 1.000
v 452.5048099756241 369.0037956237793 68.32201480865479 1.000 1.000 1.000
v 369.5048099756241 366.0037956237793 68.32201480865479 1.000 1.000 1.000
v 375.5048099756241 447.0037956237793 70.32201480865479 1.000 1.000 1.000
v 377.5048099756241 456.0037956237793 -26.677985191345215 1.000 1.000 1.000
v 370.5048099756241 363.0037956237793 -24.677985191345215 1.000 1.000 1.000
v 658.5048099756241 392.0037956237793 76.32201480865479 1.000 1.000 1.000
v 375.5048099756241 447.0037956237793 70.32201480865479 1.000 1.000 1.000
v 369.5048099756241 366.0037956237793 68.32201480865479 1.000 1.000 1.000
v 370.5048099756241 363.0037956237793 -24.677985191345215 1.000 1.000 1.000
v 667.5048099756241 391.0037956237793 -5.677985191345215 1.000 1.000 1.000
v 377.5048099756241 456.0037956237793 -26.677985191345215 1.000 1.000 1.000
v 656.5048099756241 453.0037956237793 76.32201480865479 1.000 1.000 1.000
v 666.5048099756241 452.0037956237793 -6.677985191345215 1.000 1.000 1.000
v 185.69369852542877 356.9341049194336 -32.0 1.000 1.000 1.000
v 346.6936985254288 368.9341049194336 -18.0 1.000 1.000 1.000
v 343.6936985254288 364.9341049194336 61.0 1.000 1.000 1.000
v 182.69369852542877 349.9341049194336 61.0 1.000 1.000 1.000
v 103.69369852542877 411.9341049194336 -38.0 1.000 1.000 1.000
v 92.69369852542877 416.9341049194336 4.0 1.000 1.000 1.000
v 119.69369852542877 432.9341049194336 64.0 1.000 1.000 1.000
v 353.6936985254288 435.9341049194336 -27.0 1.000 1.000 1.000
v 292.6936985254288 436.9341049194336 36.0 1.000 1.000 1.000
v 97.69369852542877 420.9341049194336 35.0 1.000 1.000 1.000
v -107.9364013671875 277.1250059604645 -42.0 1.000 1.000 1.000
v -110.9364013671875 280.1250059604645 56.0 1.000 1.000 1.000
v -105.9364013671875 350.1250059604645 65.0 1.000 1.000 1.000
v -103.9364013671875 396.1250059604645 27.0 1.000 1.000 1.000
v -104.9364013671875 392.1250059604645 -20.0 1.000 1.000 1.000
v -106.9364013671875 355.1250059604645 -56.0 1.000 1.000 1.000
v 182.69369852542877 349.9341049194336 61.0 1.000 1.000 1.000
v 185.69369852542877 356.9341049194336 -32.0 1.000 1.000 1.000
v 119.69369852542877 432.9341049194336 64.0 1.000 1.000 1.000
v 97.69369852542877 420.9341049194336 35.0 1.000 1.000 1.000
v 92.69369852542877 416.9341049194336 4.0 1.000 1.000 1.000
v 103.69369852542877 411.9341049194336 -38.0 1.000 1.000 1.000
v 346.6936985254288 368.9341049194336 -18.0 1.000 1.000 1.000
v 353.6936985254288 435.9341049194336 -27.0 1.000 1.000 1.000
v 292.6936985254288 436.9341049194336 36.0 1.000 1.000 1.000
v 343.6936985254288 364.9341049194336 61.0 1.000 1.000 1.000
v 398.5048099756241 375.0037956237793 -22.677985191345215 1.000 1.000 1.000
v 401.5048099756241 373.0037956237793 27.322014808654785 1.000 1.000 1.000
v 402.5048099756241 411.0037956237793 -26.677985191345215 1.000 1.000 1.000
v 398.5048099756241 436.0037956237793 -24.677985191345215 1.000 1.000 1.000
v 379.5048099756241 441.0037956237793 4.322014808654785 1.000 1.000 1.000
v 398.5048099756241 444.0037956237793 38.322014808654785 1.000 1.000 1.000
v 394.5048099756241 418.0037956237793 59.322014808654785 1.000 1.000 1.000
v 396.5048099756241 371.0037956237793 64.32201480865479 1.000 1.000 1.000
v 59.69369852542877 337.9341049194336 63.0 1.000 1.000 1.000
v 37.69369852542877 341.9341049194336 -47.0 1.000 1.000 1.000
v 369.6936985254288 366.9341049194336 68.0 1.000 1.000 1.000
v 375.6936985254288 446.9341049194336 70.0 1.000 1.000 1.000
v 123.69369852542877 444.9341049194336 66.0 1.000 1.000 1.000
v 121.69369852542877 455.9341049194336 -35.0 1.000 1.000 1.000
v 377.6936985254288 455.9341049194336 -27.0 1.000 1.000 1.000
v 370.6936985254288 362.9341049194336 -25.0 1.000 1.000 1.000
v 59.69369852542877 337.9341049194336 63.0 1.000 1.000 1.000
v -772.50863301754 403.01042008399963 89.0 1.000 1.000 1.000
v -738.50863301754 481.01042008399963 -19.0 1.000 1.000 1.000
v -767.50863301754 402.01042008399963 -18.0 1.000 1.000 1.000
v -743.50863301754 480.01042008399963 87.0 1.000 1.000 1.000
v -634.50863301754 458.01042008399963 70.0 1.000 1.000 1.000
v -772.50863301754 403.01042008399963 89.0 1.000 1.000 1.000
v -641.50863301754 398.01042008399963 68.0 1.000 1.000 1.000
v -743.50863301754 480.01042008399963 87.0 1.000 1.000 1.000
v -643.50863301754 460.01042008399963 -14.0 1.000 1.000 1.000
v -767.50863301754 402.01042008399963 -18.0 1.000 1.000 1.000
v -738.50863301754 481.01042008399963 -19.0 1.000 1.000 1.000
v -653.50863301754 400.01042008399963 -14.0 1.000 1.000 1.000
v -738.50863301754 481.01042008399963 -19.0 1.000 1.000 1.000
v -634.50863301754 458.01042008399963 70.0 1.000 1.000 1.000
v -643.50863301754 460.01042008399963 -14.0 1.000 1.000 1.000
v -743.50863301754 480.01042008399963 87.0 1.000 1.000 1.000
v -767.50863301754 402.01042008399963 -18.0 1.000 1.000 1.000
v -641.50863301754 398.01042008399963 68.0 1.000 1.000 1.000
v -772.50863301754 403.01042008399963 89.0 1.000 1.000 1.000
v -653.50863301754 400.01042008399963 -14.0 1.000 1.000 1.000
v -446.5722316503525 381.88541412353516 -32.0 1.000 1.000 1.000
v -448.5722316503525 377.88541412353516 63.0 1.000 1.000 1.000
v -433.5722316503525 455.88541412353516 56.0 1.000 1.000 1.000
v -446.5722316503525 446.88541412353516 -29.0 1.000 1.000 1.000
v -641.50863301754 398.01042008399963 68.0 1.000 1.000 1.000
v -634.50863301754 458.01042008399963 70.0 1.000 1.000 1.000
v -643.50863301754 460.01042008399963 -14.0 1.000 1.000 1.000
v -653.50863301754 400.01042008399963 -14.0 1.000 1.000 1.000
v -393.5722316503525 447.88541412353516 50.0 1.000 1.000 1.000
v -395.5722316503525 443.88541412353516 5.0 1.000 1.000 1.000
v -394.5722316503525 439.88541412353516 -28.0 1.000 1.000 1.000
v -391.5722316503525 383.88541412353516 -20.0 1.000 1.000 1.000
v -391.5722316503525 381.88541412353516 10.0 1.000 1.000 1.000
v -389.5722316503525 379.88541412353516 57.0 1.000 1.000 1.000
v -390.5722316503525 419.88541412353516 55.0 1.000 1.000 1.000
v -392.5722316503525 421.88541412353516 -25.0 1.000 1.000 1.000
v -433.5722316503525 455.88541412353516 56.0 1.000 1.000 1.000
v -446.5722316503525 446.88541412353516 -29.0 1.000 1.000 1.000
v -446.5722316503525 381.88541412353516 -32.0 1.000 1.000 1.000
v -448.5722316503525 377.88541412353516 63.0 1.000 1.000 1.000
v -379.5722316503525 445.88541412353516 77.0 1.000 1.000 1.000
v -373.5722316503525 372.88541412353516 74.0 1.000 1.000 1.000
v -373.5722316503525 370.88541412353516 -5.0 1.000 1.000 1.000
v -379.5722316503525 454.88541412353516 -20.0 1.000 1.000 1.000
v -373.5722316503525 372.88541412353516 74.0 1.000 1.000 1.000
v -379.5722316503525 445.88541412353516 77.0 1.000 1.000 1.000
v -655.5722316503525 397.88541412353516 68.0 1.000 1.000 1.000
v -667.5722316503525 400.88541412353516 -14.0 1.000 1.000 1.000
v -373.5722316503525 370.88541412353516 -5.0 1.000 1.000 1.000
v -649.5722316503525 457.88541412353516 70.0 1.000 1.000 1.000
v -379.5722316503525 454.88541412353516 -20.0 1.000 1.000 1.000
v -658.5722316503525 459.88541412353516 -14.0 1.000 1.000 1.000
v -338.5000423192978 373.4158248901367 57.0 1.000 1.000 1.000
v -340.5000423192978 378.4158248901367 -20.0 1.000 1.000 1.000
v -174.5000423192978 360.4158248901367 -31.0 1.000 1.000 1.000
v -179.5000423192978 359.4158248901367 60.0 1.000 1.000 1.000
v -90.50004231929779 422.4158248901367 -37.0 1.000 1.000 1.000
v -345.5000423192978 440.4158248901367 -28.0 1.000 1.000 1.000
v -287.5000423192978 444.4158248901367 35.0 1.000 1.000 1.000
v -121.50004231929779 436.4158248901367 65.0 1.000 1.000 1.000
v -89.50004231929779 429.4158248901367 37.0 1.000 1.000 1.000
v -85.50004231929779 425.4158248901367 -4.0 1.000 1.000 1.000
v -406.9364013671875 396.1250059604645 -20.0 1.000 1.000 1.000
v -404.9364013671875 400.1250059604645 28.0 1.000 1.000 1.000
v -401.9364013671875 358.1250059604645 68.0 1.000 1.000 1.000
v -403.9364013671875 284.1250059604645 64.0 1.000 1.000 1.000
v -393.9364013671875 282.1250059604645 -39.0 1.000 1.000 1.000
v -402.9364013671875 362.1250059604645 -59.0 1.000 1.000 1.000
v -85.50004231929779 425.4158248901367 -4.0 1.000 1.000 1.000
v -89.50004231929779 429.4158248901367 37.0 1.000 1.000 1.000
v -121.50004231929779 436.4158248901367 65.0 1.000 1.000 1.000
v -179.5000423192978 359.4158248901367 60.0 1.000 1.000 1.000
v -174.5000423192978 360.4158248901367 -31.0 1.000 1.000 1.000
v -90.50004231929779 422.4158248901367 -37.0 1.000 1.000 1.000
v -340.5000423192978 378.4158248901367 -20.0 1.000 1.000 1.000
v -345.5000423192978 440.4158248901367 -28.0 1.000 1.000 1.000
v -287.5000423192978 444.4158248901367 35.0 1.000 1.000 1.000
v -338.5000423192978 373.4158248901367 57.0 1.000 1.000 1.000
v -392.5722316503525 421.88541412353516 -25.0 1.000 1.000 1.000
v -391.5722316503525 383.88541412353516 -20.0 1.000 1.000 1.000
v -395.5722316503525 443.88541412353516 5.0 1.000 1.000 1.000
v -394.5722316503525 439.88541412353516 -28.0 1.000 1.000 1.000
v -390.5722316503525 419.88541412353516 55.0 1.000 1.000 1.000
v -393.5722316503525 447.88541412353516 50.0 1.000 1.000 1.000
v -391.5722316503525 381.88541412353516 10.0 1.000 1.000 1.000
v -389.5722316503525 379.88541412353516 57.0 1.000 1.000 1.000
v -128.5000423192978 459.4158248901367 56.0 1.000 1.000 1.000
v -63.50004231929779 350.4158248901367 53.0 1.000 1.000 1.000
v -39.50004231929779 359.4158248901367 -58.0 1.000 1.000 1.000
v -123.50004231929779 472.4158248901367 -45.0 1.000 1.000 1.000
v -373.5000423192978 372.4158248901367 74.0 1.000 1.000 1.000
v -63.50004231929779 350.4158248901367 53.0 1.000 1.000 1.000
v -379.5000423192978 445.4158248901367 77.0 1.000 1.000 1.000
v -379.5000423192978 454.4158248901367 -20.0 1.000 1.000 1.000
v -373.5000423192978 370.4158248901367 -5.0 1.000 1.000 1.000
v -259.9364013671875 365.1250059604645 60.0 1.000 1.000 1.000
v -312.9364013671875 275.1250059604645 146.0 1.000 1.000 1.000
v -258.9364013671875 218.12500596046448 146.0 1.000 1.000 1.000
v -113.9364013671875 216.12500596046448 87.0 1.000 1.000 1.000
v -110.9364013671875 280.1250059604645 56.0 1.000 1.000 1.000
v -132.9364013671875 238.12500596046448 167.0 1.000 1.000 1.000
v -218.9364013671875 196.12500596046448 183.0 1.000 1.000 1.000
v -200.9364013671875 177.12500596046448 147.0 1.000 1.000 1.000
v -300.9364013671875 196.12500596046448 183.0 1.000 1.000 1.000
v -314.9364013671875 176.12500596046448 147.0 1.000 1.000 1.000
v -169.9364013671875 186.12500596046448 152.0 1.000 1.000 1.000
v -172.9364013671875 123.12500596046448 114.0 1.000 1.000 1.000
v -313.9364013671875 425.1250059604645 12.0 1.000 1.000 1.000
v -406.9364013671875 396.1250059604645 -20.0 1.000 1.000 1.000
v -404.9364013671875 400.1250059604645 28.0 1.000 1.000 1.000
v -314.9364013671875 176.12500596046448 147.0 1.000 1.000 1.000
v -350.9364013671875 122.12500596046448 114.0 1.000 1.000 1.000
v -303.9364013671875 123.12500596046448 140.0 1.000 1.000 1.000
v -322.9364013671875 372.1250059604645 58.0 1.000 1.000 1.000
v -313.9364013671875 425.1250059604645 12.0 1.000 1.000 1.000
v -404.9364013671875 400.1250059604645 28.0 1.000 1.000 1.000
v -312.9364013671875 275.1250059604645 146.0 1.000 1.000 1.000
v -259.9364013671875 365.1250059604645 60.0 1.000 1.000 1.000
v -113.9364013671875 216.12500596046448 87.0 1.000 1.000 1.000
v -136.9364013671875 141.12500596046448 -8.0 1.000 1.000 1.000
v -110.9364013671875 280.1250059604645 56.0 1.000 1.000 1.000
v -350.9364013671875 235.12500596046448 199.0 1.000 1.000 1.000
v -368.9364013671875 307.1250059604645 136.0 1.000 1.000 1.000
v -384.9364013671875 238.12500596046448 167.0 1.000 1.000 1.000
v -403.9364013671875 284.1250059604645 64.0 1.000 1.000 1.000
v -404.9364013671875 216.12500596046448 87.0 1.000 1.000 1.000
v -350.9364013671875 122.12500596046448 114.0 1.000 1.000 1.000
v -404.9364013671875 216.12500596046448 87.0 1.000 1.000 1.000
v -378.9364013671875 143.12500596046448 -8.0 1.000 1.000 1.000
v -169.9364013671875 186.12500596046448 152.0 1.000 1.000 1.000
v -113.9364013671875 216.12500596046448 87.0 1.000 1.000 1.000
v -132.9364013671875 238.12500596046448 167.0 1.000 1.000 1.000
v -258.9364013671875 218.12500596046448 146.0 1.000 1.000 1.000
v -218.9364013671875 196.12500596046448 183.0 1.000 1.000 1.000
v -205.9364013671875 275.1250059604645 148.0 1.000 1.000 1.000
v -136.9364013671875 141.12500596046448 -8.0 1.000 1.000 1.000
v -107.9364013671875 277.1250059604645 -42.0 1.000 1.000 1.000
v -110.9364013671875 280.1250059604645 56.0 1.000 1.000 1.000
v -322.9364013671875 372.1250059604645 58.0 1.000 1.000 1.000
v -259.9364013671875 365.1250059604645 60.0 1.000 1.000 1.000
v -313.9364013671875 425.1250059604645 12.0 1.000 1.000 1.000
v -214.9364013671875 124.12500596046448 140.0 1.000 1.000 1.000
v -172.9364013671875 123.12500596046448 114.0 1.000 1.000 1.000
v -200.9364013671875 177.12500596046448 147.0 1.000 1.000 1.000
v -103.9364013671875 396.1250059604645 27.0 1.000 1.000 1.000
v -104.9364013671875 392.1250059604645 -20.0 1.000 1.000 1.000
v -202.9364013671875 425.1250059604645 12.0 1.000 1.000 1.000
v -401.9364013671875 358.1250059604645 68.0 1.000 1.000 1.000
v -368.9364013671875 307.1250059604645 136.0 1.000 1.000 1.000
v -322.9364013671875 372.1250059604645 58.0 1.000 1.000 1.000
v -257.9364013671875 125.12500596046448 131.0 1.000 1.000 1.000
v -258.9364013671875 218.12500596046448 146.0 1.000 1.000 1.000
v -312.9364013671875 275.1250059604645 146.0 1.000 1.000 1.000
v -350.9364013671875 235.12500596046448 199.0 1.000 1.000 1.000
v -300.9364013671875 196.12500596046448 183.0 1.000 1.000 1.000
v -403.9364013671875 284.1250059604645 64.0 1.000 1.000 1.000
v -189.9364013671875 372.1250059604645 58.0 1.000 1.000 1.000
v -202.9364013671875 425.1250059604645 12.0 1.000 1.000 1.000
v -259.9364013671875 365.1250059604645 60.0 1.000 1.000 1.000
v -205.9364013671875 275.1250059604645 148.0 1.000 1.000 1.000
v -314.9364013671875 176.12500596046448 147.0 1.000 1.000 1.000
v -257.9364013671875 125.12500596046448 131.0 1.000 1.000 1.000
v -258.9364013671875 218.12500596046448 146.0 1.000 1.000 1.000
v -158.9364013671875 307.1250059604645 135.0 1.000 1.000 1.000
v -132.9364013671875 238.12500596046448 167.0 1.000 1.000 1.000
v -110.9364013671875 280.1250059604645 56.0 1.000 1.000 1.000
v -401.9364013671875 358.1250059604645 68.0 1.000 1.000 1.000
v -322.9364013671875 372.1250059604645 58.0 1.000 1.000 1.000
v -404.9364013671875 400.1250059604645 28.0 1.000 1.000 1.000
v -113.9364013671875 216.12500596046448 87.0 1.000 1.000 1.000
v -172.9364013671875 123.12500596046448 114.0 1.000 1.000 1.000
v -136.9364013671875 141.12500596046448 -8.0 1.000 1.000 1.000
v -169.9364013671875 235.12500596046448 199.0 1.000 1.000 1.000
v -169.9364013671875 186.12500596046448 152.0 1.000 1.000 1.000
v -132.9364013671875 238.12500596046448 167.0 1.000 1.000 1.000
v -105.9364013671875 350.1250059604645 65.0 1.000 1.000 1.000
v -158.9364013671875 307.1250059604645 135.0 1.000 1.000 1.000
v -110.9364013671875 280.1250059604645 56.0 1.000 1.000 1.000
v -103.9364013671875 396.1250059604645 27.0 1.000 1.000 1.000
v -189.9364013671875 372.1250059604645 58.0 1.000 1.000 1.000
v -202.9364013671875 425.1250059604645 12.0 1.000 1.000 1.000
v -205.9364013671875 275.1250059604645 148.0 1.000 1.000 1.000
v -218.9364013671875 196.12500596046448 183.0 1.000 1.000 1.000
v -404.9364013671875 216.12500596046448 87.0 1.000 1.000 1.000
v -403.9364013671875 284.1250059604645 64.0 1.000 1.000 1.000
v -378.9364013671875 143.12500596046448 -8.0 1.000 1.000 1.000
v -393.9364013671875 282.1250059604645 -39.0 1.000 1.000 1.000
v -384.9364013671875 238.12500596046448 167.0 1.000 1.000 1.000
v -350.9364013671875 235.12500596046448 199.0 1.000 1.000 1.000
v -368.9364013671875 307.1250059604645 136.0 1.000 1.000 1.000
v -312.9364013671875 275.1250059604645 146.0 1.000 1.000 1.000
v -300.9364013671875 196.12500596046448 183.0 1.000 1.000 1.000
v -258.9364013671875 218.12500596046448 146.0 1.000 1.000 1.000
v -322.9364013671875 372.1250059604645 58.0 1.000 1.000 1.000
v -403.9364013671875 284.1250059604645 64.0 1.000 1.000 1.000
v -350.9364013671875 122.12500596046448 114.0 1.000 1.000 1.000
v -314.9364013671875 176.12500596046448 147.0 1.000 1.000 1.000
v -356.9364013671875 188.12500596046448 150.0 1.000 1.000 1.000
v -404.9364013671875 216.12500596046448 87.0 1.000 1.000 1.000
v -303.9364013671875 123.12500596046448 140.0 1.000 1.000 1.000
v -257.9364013671875 125.12500596046448 131.0 1.000 1.000 1.000
v -205.9364013671875 275.1250059604645 148.0 1.000 1.000 1.000
v -259.9364013671875 365.1250059604645 60.0 1.000 1.000 1.000
v -205.9364013671875 275.1250059604645 148.0 1.000 1.000 1.000
v -158.9364013671875 307.1250059604645 135.0 1.000 1.000 1.000
v -189.9364013671875 372.1250059604645 58.0 1.000 1.000 1.000
v -105.9364013671875 350.1250059604645 65.0 1.000 1.000 1.000
v -169.9364013671875 235.12500596046448 199.0 1.000 1.000 1.000
v -132.9364013671875 238.12500596046448 167.0 1.000 1.000 1.000
v -169.9364013671875 186.12500596046448 152.0 1.000 1.000 1.000
v -200.9364013671875 177.12500596046448 147.0 1.000 1.000 1.000
v -218.9364013671875 196.12500596046448 183.0 1.000 1.000 1.000
v -172.9364013671875 123.12500596046448 114.0 1.000 1.000 1.000
v -255.9364013671875 183.12500596046448 -66.0 1.000 1.000 1.000
v -253.9364013671875 283.1250059604645 -86.0 1.000 1.000 1.000
v -123.9364013671875 283.1250059604645 -74.0 1.000 1.000 1.000
v -402.9364013671875 362.1250059604645 -59.0 1.000 1.000 1.000
v -306.9364013671875 398.1250059604645 -41.0 1.000 1.000 1.000
v -376.9364013671875 283.1250059604645 -75.0 1.000 1.000 1.000
v -378.9364013671875 143.12500596046448 -8.0 1.000 1.000 1.000
v -255.9364013671875 183.12500596046448 -66.0 1.000 1.000 1.000
v -256.9364013671875 131.12500596046448 -54.0 1.000 1.000 1.000
v -253.9364013671875 397.1250059604645 -50.0 1.000 1.000 1.000
v -213.9364013671875 398.1250059604645 -37.0 1.000 1.000 1.000
v -253.9364013671875 283.1250059604645 -86.0 1.000 1.000 1.000
v -306.9364013671875 398.1250059604645 -41.0 1.000 1.000 1.000
v -376.9364013671875 283.1250059604645 -75.0 1.000 1.000 1.000
v -402.9364013671875 362.1250059604645 -59.0 1.000 1.000 1.000
v -406.9364013671875 396.1250059604645 -20.0 1.000 1.000 1.000
v -393.9364013671875 282.1250059604645 -39.0 1.000 1.000 1.000
v -123.9364013671875 283.1250059604645 -74.0 1.000 1.000 1.000
v -107.9364013671875 277.1250059604645 -42.0 1.000 1.000 1.000
v -136.9364013671875 141.12500596046448 -8.0 1.000 1.000 1.000
v -106.9364013671875 355.1250059604645 -56.0 1.000 1.000 1.000
v -313.9364013671875 425.1250059604645 12.0 1.000 1.000 1.000
v -213.9364013671875 398.1250059604645 -37.0 1.000 1.000 1.000
v -202.9364013671875 425.1250059604645 12.0 1.000 1.000 1.000
v -104.9364013671875 392.1250059604645 -20.0 1.000 1.000 1.000
v -255.9364013671875 183.12500596046448 -66.0 1.000 1.000 1.000
v -136.9364013671875 141.12500596046448 -8.0 1.000 1.000 1.000
v -256.9364013671875 131.12500596046448 -54.0 1.000 1.000 1.000
v -123.9364013671875 283.1250059604645 -74.0 1.000 1.000 1.000
v -253.9364013671875 283.1250059604645 -86.0 1.000 1.000 1.000
v -306.9364013671875 398.1250059604645 -41.0 1.000 1.000 1.000
v -253.9364013671875 397.1250059604645 -50.0 1.000 1.000 1.000
v -376.9364013671875 283.1250059604645 -75.0 1.000 1.000 1.000
v -106.9364013671875 355.1250059604645 -56.0 1.000 1.000 1.000
v -378.9364013671875 143.12500596046448 -8.0 1.000 1.000 1.000
v -82.8220180273056 102.5184555053711 43.0 1.000 1.000 1.000
v -93.8220180273056 113.5184555053711 -13.0 1.000 1.000 1.000
v -35.8220180273056 100.5184555053711 115.0 1.000 1.000 1.000
v -68.8220180273056 99.5184555053711 86.0 1.000 1.000 1.000
v 35.1779819726944 100.5184555053711 115.0 1.000 1.000 1.000
v 1.177981972694397 100.5184555053711 115.0 1.000 1.000 1.000
v 88.1779819726944 102.5184555053711 42.0 1.000 1.000 1.000
v 67.1779819726944 99.5184555053711 86.0 1.000 1.000 1.000
v 97.1779819726944 113.5184555053711 -13.0 1.000 1.000 1.000
v -378.9364013671875 143.12500596046448 -8.0 1.000 1.000 1.000
v -350.9364013671875 122.12500596046448 114.0 1.000 1.000 1.000
v -257.9364013671875 125.12500596046448 131.0 1.000 1.000 1.000
v -303.9364013671875 123.12500596046448 140.0 1.000 1.000 1.000
v -172.9364013671875 123.12500596046448 114.0 1.000 1.000 1.000
v -214.9364013671875 124.12500596046448 140.0 1.000 1.000 1.000
v -136.9364013671875 141.12500596046448 -8.0 1.000 1.000 1.000
v 31.177981972694397 119.5184555053711 -30.0 1.000 1.000 1.000
v 97.1779819726944 113.5184555053711 -13.0 1.000 1.000 1.000
v -32.8220180273056 118.5184555053711 -31.0 1.000 1.000 1.000
v -93.8220180273056 113.5184555053711 -13.0 1.000 1.000 1.000
v -136.9364013671875 141.12500596046448 -8.0 1.000 1.000 1.000
v -256.9364013671875 131.12500596046448 -54.0 1.000 1.000 1.000
v -378.9364013671875 143.12500596046448 -8.0 1.000 1.000 1.000
v -126.9364013671875 384.1250059604645 157.0 1.000 1.000 1.000
v -404.9364013671875 417.1250059604645 -72.0 1.000 1.000 1.000
v -390.9364013671875 381.1250059604645 157.0 1.000 1.000 1.000
v -347.9364013671875 14.125005960464478 120.0 1.000 1.000 1.000
v -168.9364013671875 14.125005960464478 120.0 1.000 1.000 1.000
v -111.9364013671875 419.1250059604645 -70.0 1.000 1.000 1.000
v -354.9364013671875 9.125005960464478 -36.0 1.000 1.000 1.000
v -347.9364013671875 14.125005960464478 120.0 1.000 1.000 1.000
v -166.9364013671875 10.125005960464478 -36.0 1.000 1.000 1.000
v -168.9364013671875 14.125005960464478 120.0 1.000 1.000 1.000
v -390.9364013671875 381.1250059604645 157.0 1.000 1.000 1.000
v -166.9364013671875 10.125005960464478 -36.0 1.000 1.000 1.000
v -347.9364013671875 14.125005960464478 120.0 1.000 1.000 1.000
v -168.9364013671875 14.125005960464478 120.0 1.000 1.000 1.000
v -111.9364013671875 419.1250059604645 -70.0 1.000 1.000 1.000
v -166.9364013671875 10.125005960464478 -36.0 1.000 1.000 1.000
v -354.9364013671875 9.125005960464478 -36.0 1.000 1.000 1.000
v -404.9364013671875 417.1250059604645 -72.0 1.000 1.000 1.000
v 156.0 -33.0 -72.0 1.000 1.000 1.000
v 124.0 68.0 -20.0 1.000 1.000 1.000
v 82.0 38.0 70.0 1.000 1.000 1.000
v 2.0 -149.0 80.0 1.000 1.000 1.000
v 79.0 -69.0 90.0 1.000 1.000 1.000
v 2.0 -69.0 90.0 1.000 1.000 1.000
v 2.0 35.0 121.0 1.000 1.000 1.000
v -118.0 67.0 -20.0 1.000 1.000 1.000
v -149.0 -34.0 -73.0 1.000 1.000 1.000
v -86.0 37.0 70.0 1.000 1.000 1.000
v 2.0 74.0 -54.0 1.000 1.000 1.000
v 124.0 68.0 -20.0 1.000 1.000 1.000
v 156.0 -33.0 -72.0 1.000 1.000 1.000
v -149.0 -34.0 -73.0 1.000 1.000 1.000
v -118.0 67.0 -20.0 1.000 1.000 1.000
v 2.0 74.0 -54.0 1.000 1.000 1.000
v 0.0 -141.0 -84.0 1.000 1.000 1.000
v 2.0 -149.0 80.0 1.000 1.000 1.000
v -41.0 -141.0 -83.0 1.000 1.000 1.000
v 0.0 -141.0 -84.0 1.000 1.000 1.000
v 1.0 -35.0 -108.0 1.000 1.000 1.000
v 43.0 -141.0 -84.0 1.000 1.000 1.000
v -75.0 -68.0 91.0 1.000 1.000 1.000
v 2.0 -149.0 80.0 1.000 1.000 1.000
v 2.0 -69.0 90.0 1.000 1.000 1.000
v -149.0 -34.0 -73.0 1.000 1.000 1.000
v 1.0 -35.0 -108.0 1.000 1.000 1.000
v -149.0 -34.0 -73.0 1.000 1.000 1.000
v -86.0 37.0 70.0 1.000 1.000 1.000
v 2.0 35.0 121.0 1.000 1.000 1.000
v 2.0 -149.0 80.0 1.000 1.000 1.000
v 1.0 -35.0 -108.0 1.000 1.000 1.000
v 2.0 74.0 -54.0 1.000 1.000 1.000
v 156.0 -33.0 -72.0 1.000 1.000 1.000
v -149.0 -34.0 -73.0 1.000 1.000 1.000
v 2.0 74.0 -54.0 1.000 1.000 1.000
v 1.0 -35.0 -108.0 1.000 1.000 1.000
v 43.0 -141.0 -84.0 1.000 1.000 1.000
v 2.0 35.0 121.0 1.000 1.000 1.000
v -75.0 -68.0 91.0 1.000 1.000 1.000
v 2.0 -69.0 90.0 1.000 1.000 1.000
v -86.0 37.0 70.0 1.000 1.000 1.000
v -118.0 67.0 -20.0 1.000 1.000 1.000
v 124.0 68.0 -20.0 1.000 1.000 1.000
v 82.0 38.0 70.0 1.000 1.000 1.000
v 2.0 35.0 121.0 1.000 1.000 1.000
v -93.8220180273056 113.5184555053711 -13.0 1.000 1.000 1.000
v 88.1779819726944 102.5184555053711 42.0 1.000 1.000 1.000
v 97.1779819726944 113.5184555053711 -13.0 1.000 1.000 1.000
v 67.1779819726944 99.5184555053711 86.0 1.000 1.000 1.000
v 35.1779819726944 100.5184555053711 115.0 1.000 1.000 1.000
v 1.177981972694397 100.5184555053711 115.0 1.000 1.000 1.000
v -35.8220180273056 100.5184555053711 115.0 1.000 1.000 1.000
v -68.8220180273056 99.5184555053711 86.0 1.000 1.000 1.000
v -82.8220180273056 102.5184555053711 43.0 1.000 1.000 1.000
v 2.0 74.0 -54.0 1.000 1.000 1.000
v 124.0 68.0 -20.0 1.000 1.000 1.000
v -118.0 67.0 -20.0 1.000 1.000 1.000
v 31.177981972694397 119.5184555053711 -30.0 1.000 1.000 1.000
v -32.8220180273056 118.5184555053711 -31.0 1.000 1.000 1.000
v -93.8220180273056 113.5184555053711 -13.0 1.000 1.000 1.000
v 97.1779819726944 113.5184555053711 -13.0 1.000 1.000 1.000
v -88.0 101.0 120.0 1.000 1.000 1.000
v -130.0 -134.0 84.0 1.000 1.000 1.000
v 131.0 -134.0 84.0 1.000 1.000 1.000
v -161.0 -134.0 -80.0 1.000 1.000 1.000
v -95.0 96.0 -36.0 1.000 1.000 1.000
v 93.0 96.0 -36.0 1.000 1.000 1.000
v 158.0 -135.0 -80.0 1.000 1.000 1.000
v 131.0 -134.0 84.0 1.000 1.000 1.000
v 91.0 101.0 120.0 1.000 1.000 1.000
v 91.0 101.0 120.0 1.000 1.000 1.000
v 91.0 101.0 120.0 1.000 1.000 1.000
v 93.0 96.0 -36.0 1.000 1.000 1.000
v -88.0 101.0 120.0 1.000 1.000 1.000
v 158.0 -135.0 -80.0 1.000 1.000 1.000
v 131.0 -134.0 84.0 1.000 1.000 1.000
v -130.0 -134.0 84.0 1.000 1.000 1.000
vt 0.9271 0.9082
vt 0.0397 0.9248
vt 0.0098 0.9258
vt 0.9277 0.9082
vt 0.0983 0.4482
vt 0.3158 0.5400
vt 0.8672 0.7734
vt 0.0872 0.4023
vt 0.9036 0.7119
vt 0.3203 0.4912
vt 0.5957 0.9538
vt 0.4678 -0.0176
vt 0.8887 -0.0651
vt 0.2314 0.9876
vt -0.0049 -0.0540
vt 0.5098 -0.0339
vt -0.0332 -0.1478
vt 0.3623 0.9486
vt 0.7812 0.9434
vt 0.7119 0.9967
vt 0.8877 -0.0918
vt 0.3408 1.0059
vt 0.6895 0.8164
vt 0.5879 0.9870
vt 0.8193 0.8118
vt 0.9160 0.9499
vt 0.8330 0.8086
vt 0.5674 0.8086
vt 0.5430 0.9727
vt 0.4492 0.8092
vt 0.2334 0.8151
vt 0.1104 0.9570
vt 0.3057 0.8249
vt 0.4258 0.8210
vt 0.6689 0.9831
vt 0.3291 0.0026
vt 0.2529 0.9655
vt 0.0098 0.0052
vt 0.8271 -0.0007
vt 0.1719 0.9284
vt 0.6396 0.9434
vt 0.4502 0.0020
vt 0.9805 0.2773
vt 0.9238 0.3991
vt 0.3887 0.3991
vt 0.7471 0.2695
vt 0.6553 0.3711
vt 0.3867 0.3431
vt 0.5381 0.1771
vt 0.0479 0.3691
vt 0.0986 0.1335
vt 0.7168 0.1790
vt 0.9150 0.1777
vt 0.5859 0.7077
vt 0.7910 0.7064
vt 0.6182 0.1803
vt 0.2510 0.1836
vt 0.2666 0.7109
vt 0.5088 0.7083
vt 0.0397 0.9033
vt 0.0651 0.9062
vt 0.8255 1.0029
vt 0.7721 0.8379
vt 0.2917 0.4873
vt 0.1152 0.3594
vt 0.1139 0.3057
vt 0.8027 0.7715
vt 0.3034 0.4336
vt 0.4775 -0.0430
vt 0.2207 0.9954
vt 0.6084 0.9805
vt 0.0029 -0.1022
vt 0.9678 -0.0690
vt 0.8330 -0.0586
vt 0.5547 0.9297
vt 0.6191 0.8822
vt -0.1055 -0.0970
vt 0.2041 0.8906
vt 0.1797 0.9408
vt 0.3975 -0.0085
vt 0.4160 0.8294
vt 0.2686 0.9577
vt 0.3281 0.8171
vt 0.5908 0.9805
vt 0.4951 0.8158
vt 0.5996 0.8171
vt 0.9102 0.9655
vt 0.8125 0.8210
vt 0.8271 0.8242
vt 0.6191 0.9935
vt 0.7168 0.8281
vt 0.5596 0.8281
vt 0.6035 0.9661
vt 0.4844 0.0000
vt 0.2549 0.9941
vt 0.7705 -0.0182
vt 0.0410 -0.0091
vt 0.6631 0.9271
vt 0.2764 0.9551
vt 0.3770 -0.0104
vt 0.5449 0.4069
vt 0.8711 0.4180
vt 0.9102 0.2962
vt 0.6904 0.3835
vt 0.7021 0.2832
vt 0.5098 0.3490
vt 0.5322 0.1855
vt 0.0430 0.3665
vt 0.1768 0.1354
vt 0.5801 0.7337
vt 0.8877 0.1615
vt 0.6816 0.1602
vt 0.5791 0.1595
vt 0.7939 0.7279
vt 0.4990 0.7253
vt 0.2461 0.7201
vt 0.1787 0.1569
vt 0.6367 0.5850
vt 0.8428 0.5166
vt 0.6260 0.4043
vt 0.8291 0.6221
vt 0.8604 0.5933
vt 1.1064 0.1304
vt 1.2754 0.2021
vt 1.0771 0.0356
vt 0.8740 0.0669
vt 0.9336 -0.0171
vt 0.7529 -0.0581
vt 1.1846 0.2085
vt 1.2617 0.3940
vt 1.3018 0.3838
vt 0.7188 0.6997
vt 0.6348 0.7192
vt 0.5449 0.4790
vt 1.3838 0.4634
vt 0.3184 0.4316
vt 0.1016 0.4521
vt 0.0332 0.5728
vt 0.3408 0.5396
vt 0.4619 0.5923
vt 1.0010 0.5278
vt 1.0215 0.4395
vt 0.7998 0.2773
vt 0.7334 0.2085
vt 0.9619 0.3384
vt 0.5371 0.7168
vt 0.3877 0.7002
vt 0.7969 0.1641
vt 0.9072 0.4272
vt 1.0947 0.3745
vt 1.2422 0.4570
vt 1.2373 0.2856
vt 1.0908 0.6543
vt 0.5762 -0.0586
vt 0.3252 0.2505
vt 0.2402 0.2769
vt 0.1924 0.2603
vt 0.9219 0.6123
vt 0.6982 0.0312
vt 0.5869 0.7451
vt 1.1895 0.6367
vt 1.3242 0.5332
vt 1.1904 0.1113
vt 0.8623 0.5972
vt 1.0586 0.6865
vt 0.0723 0.6152
vt 0.3340 0.5884
vt 0.6514 0.6958
vt 0.8262 0.2954
vt 1.2529 0.0737
vt 1.3545 0.1768
vt 1.3154 0.6914
vt 0.9443 -0.0239
vt 1.2793 0.0229
vt 1.3779 0.1377
vt 1.2461 0.0781
vt 1.3545 0.1846
vt 0.4805 0.4458
vt 0.5156 0.4873
vt 0.7959 0.4644
vt 0.7588 0.3760
vt 0.4111 0.4927
vt 0.4277 0.4497
vt 0.0947 0.4883
vt 0.2305 0.3945
vt 0.1191 0.3999
vt 0.5469 0.5732
vt 0.4180 0.5781
vt 0.3809 0.5815
vt 0.5840 0.5747
vt 0.2812 0.5283
vt 0.2012 0.5728
vt 0.3252 0.6909
vt 0.6475 0.5156
vt 0.4668 0.6084
vt 0.7344 0.0430
vt 0.4727 0.1562
vt 0.7100 0.2144
vt 0.7646 0.5522
vt 0.4053 0.6704
vt 0.3535 0.6929
vt 0.5352 0.6543
vt 0.4932 0.6606
vt 0.4971 0.6865
vt 0.5947 0.7275
vt 0.5879 0.7974
vt 0.6602 0.6787
vt 0.4326 0.8037
vt 0.5273 0.8013
vt 0.6953 0.3706
vt 0.1162 0.2300
vt 0.0527 0.2847
vt -0.0098 0.1260
vt 0.5557 0.7183
vt 0.6299 0.6807
vt 0.5947 0.2339
vt 0.4941 0.2437
vt 0.7764 0.2598
vt 0.6582 0.7803
vt 0.2754 0.2480
vt 0.4814 0.5991
vt 0.5879 0.6646
vt 0.5068 0.6064
vt 0.4160 0.2490
vt 0.1758 0.0654
vt 0.4395 0.7227
vt 0.3975 0.7349
vt 0.4434 0.0171
vt 0.9014 0.0967
vt 0.4541 0.6592
vt 0.3408 0.7910
vt 0.7451 0.2173
vt 0.6807 0.2627
vt 0.6240 0.1035
vt 0.4512 0.6426
vt 0.5469 0.7471
vt 0.3877 0.7485
vt 1.0205 0.0679
vt 1.2500 0.1982
vt 1.0625 0.1479
vt 0.6680 0.0176
vt 0.8633 0.0347
vt 0.8096 0.1172
vt 1.2227 0.2778
vt 1.2881 0.4263
vt 1.2451 0.4336
vt 0.8398 0.5312
vt 0.5957 0.4526
vt 1.0098 0.5264
vt 0.9365 0.6099
vt 0.6484 0.7373
vt 0.6318 0.6143
vt 1.0811 0.3716
vt 1.0146 0.4409
vt 0.8662 0.6006
vt 0.7344 0.7119
vt 0.6025 0.7676
vt 0.7656 0.3198
vt 1.1182 0.6299
vt 0.4854 0.0396
vt 0.9424 0.3564
vt 1.2168 0.6050
vt 0.5244 0.5308
vt 0.8965 0.4438
vt 0.8389 0.6289
vt 1.3428 0.4976
vt 1.0820 0.6533
vt 0.8711 0.5986
vt 0.6641 0.7153
vt 0.2588 0.6201
vt 0.6826 0.6152
vt 0.6904 0.7979
vt 0.2637 0.7998
vt 0.7900 -0.0229
vt 1.3711 0.0137
vt 1.1992 0.6294
vt 0.5312 0.8198
vt 0.0498 0.5859
vt 0.2930 0.6182
vt 0.4385 0.0757
vt 0.1045 0.0347
vt 1.0234 0.2168
vt -0.0527 0.1885
vt 0.0254 0.1963
vt 0.9404 0.2207
vt 0.2637 0.8003
vt 0.6904 0.7974
vt 0.7979 0.1157
vt 0.1143 0.1216
vt -0.5518 0.7593
vt 0.3096 0.6079
vt 0.3984 0.1479
vt -0.3965 0.1255
vt 0.4717 1.0811
vt 0.4717 0.1982
vt 0.1621 0.0146
vt 0.7861 0.1670
vt 0.9844 0.5615
vt 0.8877 0.7373
vt 0.8506 0.0273
vt -0.0156 0.5596
vt 0.2031 0.1377
vt 0.0488 0.7363
vt 0.5234 0.7500
vt 0.9837 1.0439
vt 1.0195 -0.0850
vt 0.0508 1.0117
vt 0.0872 -0.1035
vt 0.2344 0.7627
vt 0.9492 0.8604
vt 0.3587 0.2422
vt 0.9993 0.1660
vt 0.9160 0.8037
vt 0.9590 -0.0107
vt 0.4062 0.8564
vt 0.3535 0.2744
vt 0.2233 0.2803
vt 0.1823 0.7461
vt 0.8132 0.2031
vt 0.8600 0.7842
vt 0.2461 0.1875
vt 0.3682 0.7565
vt 0.9951 0.0404
vt 0.9521 0.5892
vt 0.2656 0.3145
vt 0.3174 0.3118
vt 0.1709 0.8913
vt 0.6777 0.8809
vt 0.6729 0.9069
vt 0.9502 0.2676
vt 0.8486 0.3112
vt 0.1650 0.9147
vt 0.7061 0.1562
vt 0.4141 0.1465
vt 0.9863 0.0859
vt 0.9229 0.1445
vt 0.9795 0.1458
vt 0.7568 0.1374
vt 0.3799 0.1602
vt 0.3662 0.1465
vt 0.0537 0.5254
vt 0.7549 0.5404
vt 0.8428 0.5410
vt 0.0352 0.5247
vt 0.1650 0.8893
vt 1.0166 0.0885
vt 0.3252 0.0658
vt 0.3066 0.0651
vt 0.1602 0.9121
vt 1.1035 0.0885
vt 0.6914 0.8854
vt 0.6875 0.9115
vt 0.5215 0.3509
vt 0.4531 0.7904
vt 0.4277 0.7852
vt 0.4609 0.3841
vt 0.8477 0.1491
vt 0.8789 0.1224
vt 0.9258 0.2012
vt 0.7686 0.8314
vt 0.8164 0.6706
vt 0.8906 0.1380
vt 0.4883 0.3451
vt 0.4717 0.3359
vt 0.5508 0.1517
vt 0.5947 0.0273
vt 0.5879 0.0378
vt 0.5518 0.1335
vt 0.4453 0.9316
vt 0.4258 0.9427
vt 0.6133 0.9538
vt 0.7373 0.9538
vt 0.7725 0.9030
vt 0.7695 0.9570
vt 0.6416 0.9395
vt 0.4170 0.9297
vt 0.3359 0.0267
vt 0.3838 -0.0430
vt 0.3926 0.9108
vt 0.8965 0.9121
vt 0.9795 0.1908
vt 1.0635 0.1764
vt 0.9590 0.9102
vt 0.3789 0.9108
vt 0.0000 1.0000
vt 1.0000 0.0000
vt 1.0000 1.0000
vt 0.0007 0.0107
vt 0.3027 0.0576
vt 0.9603 0.9902
vt 0.2070 0.7275
vt 0.9668 0.0762
vt 0.1602 0.7500
vt 0.9753 -0.0205
vt 0.9622 0.9570
vt 0.0703 0.0195
vt 0.8717 0.7598
vt 0.1322 0.3545
vt 0.2246 0.7861
vt 0.8639 0.2031
vt 0.9736 1.0801
vt 0.2939 1.9486
vt 0.2139 1.1536
vt 0.8936 1.7962
vt 0.2148 0.8906
vt 0.4014 0.2520
vt 0.3662 0.2565
vt 0.6865 0.8900
vt 0.9844 0.2331
vt 0.6855 0.9193
vt 0.2148 0.9297
vt 0.8955 0.2747
vt 0.9932 0.1022
vt 0.9600 0.1061
vt 0.9277 0.1022
vt 0.5039 0.0736
vt 0.4863 0.0736
vt 0.4736 0.0658
vt 0.7803 0.0820
vt 0.7891 0.0905
vt 0.2617 0.5501
vt 0.8799 0.5397
vt 0.8965 0.5397
vt 0.1846 0.5501
vt 0.8672 0.0488
vt 0.3398 0.0977
vt 0.6465 0.8757
vt 0.6270 0.9128
vt 0.8818 0.0475
vt 0.2129 0.8809
vt 0.2744 0.1016
vt 0.1992 0.9089
vt 0.4561 0.7910
vt 0.4805 0.7956
vt 0.4209 0.3333
vt 0.4307 0.3717
vt 0.7939 0.0872
vt 0.8330 0.8138
vt 0.8701 0.6491
vt 0.8623 0.1771
vt 0.8311 0.0859
vt 0.8125 0.0736
vt 0.4473 -0.0033
vt 0.4375 -0.0130
vt 0.4102 0.1068
vt 0.4053 0.3171
vt 0.3594 0.3177
vt 0.4307 0.0892
vt 0.7148 0.9473
vt 0.5029 0.9414
vt 0.8438 0.9557
vt 0.8193 0.9531
vt 0.7070 0.9401
vt 0.8672 0.9518
vt 0.4902 0.9421
vt 0.4795 0.9355
vt 0.9678 0.1992
vt 0.2930 0.0312
vt 0.3379 -0.0365
vt 1.0459 0.1855
vt 0.4980 0.9017
vt 0.9404 0.9095
vt 0.9951 0.9082
vt 0.4863 0.9010
vt 0.4902 0.1921
vt 0.3340 0.3633
vt 0.4893 0.4701
vt 0.9082 0.4733
vt 0.9160 0.3529
vt 0.8525 0.4310
vt 0.6064 0.5104
vt 0.6572 0.5469
vt 0.3701 0.5111
vt 0.3281 0.5488
vt 0.7461 0.5293
vt 0.7383 0.6491
vt 0.3330 0.0794
vt 0.0674 0.1348
vt 0.0723 0.1283
vt 0.2256 0.6510
vt 0.3594 0.6484
vt 0.3066 0.1797
vt 0.8418 0.6133
vt 0.2275 0.4375
vt 0.1729 0.3034
vt 0.1289 0.4323
vt 0.0742 0.3464
vt 0.0703 0.4746
vt 0.1455 0.6107
vt 0.6445 0.3626
vt 0.9268 0.3587
vt 0.6172 0.6471
vt 0.9375 0.1328
vt 0.9355 0.1406
vt 0.6523 0.0794
vt 0.0811 0.2070
vt 0.4922 0.6445
vt 0.6904 0.1797
vt 0.7803 0.3021
vt 0.7471 0.4368
vt 0.9326 0.2201
vt 0.1035 0.3503
vt 0.2080 0.5273
vt 0.5391 0.5312
vt 0.5479 0.3366
vt 0.1533 0.3411
vt 1.0088 0.1771
vt 0.7227 0.1094
vt 0.9189 0.3327
vt 0.9072 0.6035
vt 0.5371 0.6328
vt 0.5635 0.1139
vt 0.4404 0.1126
vt 1.0244 0.1100
vt 0.9707 0.3333
vt 0.1025 0.3529
vt 0.1738 0.6159
vt 0.1113 0.2012
vt 0.7490 0.0560
vt 0.4121 0.0605
vt 0.1094 0.1276
vt 0.2480 0.8503
vt 0.2158 0.8301
vt 0.3838 0.8548
vt 0.2891 0.8561
vt 0.5869 0.8542
vt 0.4893 0.8542
vt 0.7412 0.8496
vt 0.6797 0.8555
vt 0.7656 0.8294
vt 0.4375 0.8249
vt 0.2373 0.8385
vt 0.6309 0.8236
vt 0.8174 0.8314
vt 0.9307 0.1484
vt 0.0312 0.0866
vt 0.0762 0.1549
vt 0.1270 0.8568
vt 0.8496 0.8568
vt 0.9795 0.0827
vt 0.0986 0.8659
vt 0.8574 0.8639
vt 0.0322 0.1237
vt 0.1445 0.8333
vt 0.9688 0.8392
vt 1.0615 0.1322
vt 0.2754 -0.0026
vt 0.5156 0.0352
vt 0.9766 0.1712
vt 0.9688 0.0521
vt 0.2930 -0.0576
vt 0.1328 0.2510
vt 0.4678 0.0312
vt 0.8525 0.1172
vt 0.2354 0.1426
vt 0.1191 0.3672
vt 0.1484 0.3770
vt 0.2891 0.0205
vt 0.8945 0.0244
vt 0.9229 0.7998
vt 0.9336 0.8281
vt 0.7109 0.7891
vt 0.9590 0.5859
vt 0.9092 0.3564
vt 0.7422 0.5918
vt 0.5371 0.3545
vt 0.9639 0.5947
vt 0.9561 0.3525
vt 0.9072 0.4189
vt 0.9512 0.0771
vt 0.9541 0.6035
vt 0.2373 0.9733
vt 0.1455 0.9180
vt 0.8428 0.9147
vt 0.7217 0.9720
vt 0.4922 0.9772
vt 0.5215 0.9121
vt 0.1504 0.9277
vt 0.8848 0.9212
vt 0.4482 -0.0273
vt 0.1699 0.8906
vt 1.8271 0.9023
vt -0.0225 0.8896
vt 0.4043 -0.0059
vt 1.5947 0.0010
vt 1.9990 0.9092
vt 1.5830 -0.0195
vn 0.577 0.577 0.577
vn 0.577 0.577 0.577
vn 0.577 0.577 0.577
vn 0.577 0.577 0.577
vn -0.577 -0.577 -0.577
vn -0.577 -0.577 -0.577
vn -0.577 -0.577 -0.577
vn -0.577 -0.577 -0.577
vn -0.577 -0.577 -0.577
vn -0.577 -0.577 -0.577
vn -0.577 -0.577 -0.577
vn 0.577 0.577 0.577
vn -0.577 -0.577 -0.577
vn -0.577 -0.577 -0.577
vn -0.577 -0.577 -0.577
vn 0.577 0.577 0.577
vn -0.577 -0.577 -0.577
vn -0.577 -0.577 -0.577
vn -0.577 -0.577 -0.577
vn -0.577 -0.577 -0.577
vn -0.577 -0.577 -0.577
vn -0.577 -0.577 -0.577
vn -0.577 -0.577 -0.577
vn 0.577 0.577 0.577
vn 0.577 0.577 0.577
vn -0.577 -0.577 -0.577
vn -0.577 -0.577 -0.577
vn 0.577 0.577 0.577
vn -0.577 -0.577 -0.577
vn -0.577 -0.577 -0.577
vn -0.577 -0.577 -0.577
vn 0.577 0.577 0.577
vn -0.577 -0.577 -0.577
vn -0.577 -0.577 -0.577
vn -0.577 -0.577 -0.577
vn -0.577 -0.577 -0.577
vn -0.577 -0.577 -0.577
vn -0.577 -0.577 -0.577
vn 0.577 0.577 0.577
vn -0.577 -0.577 -0.577
vn -0.577 -0.577 -0.577
vn -0.577 -0.577 -0.577
vn -0.577 -0.577 -0.577
vn 0.577 0.577 0.577
vn 0.577 0.577 0.577
vn 0.577 0.577 0.577
vn -0.577 -0.577 -0.577
vn 0.577 0.577 0.577
vn 0.577 0.577 0.577
vn -0.577 -0.577 -0.577
vn -0.577 -0.577 -0.577
vn -0.577 -0.577 -0.577
vn 0.577 0.577 0.577
vn -0.577 -0.577 -0.577
vn 0.577 0.577 0.577
vn -0.577 -0.577 -0.577
vn 0.577 0.577 0.577
vn -0.577 -0.577 -0.577
vn -0.577 -0.577 -0.577
vn 0.577 0.577 0.577
vn -0.577 -0.577 -0.577
vn -0.577 -0.577 -0.577
vn -0.577 -0.577 -0.577
vn -0.577 -0.577 -0.577
vn 0.577 0.577 0.577
vn 0.577 0.577 0.577
vn -0.577 -0.577 -0.577
vn -0.577 -0.577 -0.577
vn -0.577 -0.577 -0.577
vn -0.577 -0.577 -0.577
vn -0.577 -0.577 -0.577
vn 0.577 0.577 0.577
vn 0.577 0.577 0.577
vn 0.577 0.577 0.577
vn -0.577 -0.577 -0.577
vn -0.577 -0.577 -0.577
vn -0.577 -0.577 -0.577
vn -0.577 -0.577 -0.577
vn -0.577 -0.577 -0.577
vn -0.577 -0.577 -0.577
vn 0.577 0.577 0.577
vn 0.577 0.577 0.577
vn 0.577 0.577 0.577
vn 0.577 0.577 0.577
vn -0.577 -0.577 -0.577
vn -0.577 -0.577 -0.577
vn -0.577 -0.577 -0.577
vn -0.577 -0.577 -0.577
vn -0.577 -0.577 -0.577
vn -0.577 -0.577 -0.577
vn -0.577 -0.577 -0.577
vn -0.577 -0.577 -0.577
vn 0.577 0.577 0.577
vn 0.577 0.577 0.577
vn -0.577 -0.577 -0.577
vn -0.577 -0.577 -0.577
vn -0.577 -0.577 -0.577
vn -0.577 -0.577 -0.577
vn -0.577 -0.577 -0.577
vn -0.577 -0.577 -0.577
vn -0.577 -0.577 -0.577
vn -0.577 -0.577 -0.577
vn -0.577 -0.577 -0.577
vn 0.577 0.577 0.577
vn -0.577 -0.577 -0.577
vn -0.577 -0.577 -0.577
vn 0.577 0.577 0.577
vn 0.577 0.577 0.577
vn -0.577 -0.577 -0.577
vn -0.577 -0.577 -0.577
vn -0.577 -0.577 -0.577
vn -0.577 -0.577 -0.577
vn 0.577 0.577 0.577
vn -0.577 -0.577 -0.577
vn -0.577 -0.577 -0.577
vn -0.577 -0.577 -0.577
vn -0.577 -0.577 -0.577
vn -0.577 -0.577 -0.577
vn 0.577 0.577 0.577
vn -0.577 -0.577 -0.577
vn -0.577 -0.577 -0.577
vn 0.577 0.577 0.577
vn -0.577 -0.577 -0.577
vn -0.577 -0.577 -0.577
vn 0.577 0.577 0.577
vn 0.577 0.577 0.577
vn -0.577 -0.577 -0.577
vn 0.577 0.577 0.577
vn -0.577 -0.577 -0.577
vn 0.577 0.577 0.577
vn -0.577 -0.577 -0.577
vn -0.577 -0.577 -0.577
vn 0.577 0.577 0.577
vn 0.577 0.577 0.577
vn -0.577 -0.577 -0.577
vn -0.577 -0.577 -0.577
vn 0.577 0.577 0.577
vn -0.577 -0.577 -0.577
vn -0.577 -0.577 -0.577
vn 0.577 0.577 0.577
vn -0.577 -0.577 -0.577
vn -0.577 -0.577 -0.577
vn -0.577 -0.577 -0.577
vn -0.577 -0.577 -0.577
vn 0.577 0.577 0.577
vn 0.577 0.577 0.577
vn -0.577 -0.577 -0.577
vn -0.577 -0.577 -0.577
vn -0.577 -0.577 -0.577
vn -0.577 -0.577 -0.577
vn -0.577 -0.577 -0.577
vn 0.577 0.577 0.577
vn 0.577 0.577 0.577
vn 0.577 0.577 0.577
vn -0.577 -0.577 -0.577
vn -0.577 -0.577 -0.577
vn -0.577 -0.577 -0.577
vn -0.577 -0.577 -0.577
vn -0.577 -0.577 -0.577
vn -0.577 -0.577 -0.577
vn -0.577 -0.577 -0.577
vn -0.577 -0.577 -0.577
vn -0.577 -0.577 -0.577
vn -0.577 -0.577 -0.577
vn -0.577 -0.577 -0.577
vn -0.577 -0.577 -0.577
vn 0.577 0.577 0.577
vn 0.577 0.577 0.577
vn -0.577 -0.577 -0.577
vn -0.577 -0.577 -0.577
vn 0.577 0.577 0.577
vn -0.577 -0.577 -0.577
vn -0.577 -0.577 -0.577
vn -0.577 -0.577 -0.577
vn -0.577 -0.577 -0.577
vn -0.577 -0.577 -0.577
vn -0.577 -0.577 -0.577
vn -0.577 -0.577 -0.577
vn -0.577 -0.577 -0.577
vn 0.577 0.577 0.577
vn -0.577 -0.577 -0.577
vn -0.577 -0.577 -0.577
vn -0.577 -0.577 -0.577
vn -0.577 -0.577 -0.577
vn -0.577 -0.577 -0.577
vn -0.577 -0.577 -0.577
vn -0.577 -0.577 -0.577
vn -0.577 -0.577 -0.577
vn -0.577 -0.577 -0.577
vn -0.577 -0.577 -0.577
vn -0.577 -0.577 -0.577
vn -0.577 -0.577 -0.577
vn -0.577 -0.577 -0.577
vn -0.577 -0.577 -0.577
vn -0.577 -0.577 -0.577
vn -0.577 -0.577 -0.577
vn -0.577 -0.577 -0.577
vn -0.577 -0.577 -0.577
vn -0.577 -0.577 -0.577
vn -0.577 -0.577 -0.577
vn -0.577 -0.577 -0.577
vn -0.577 -0.577 -0.577
vn -0.577 -0.577 -0.577
vn -0.577 -0.577 -0.577
vn -0.577 -0.577 -0.577
vn -0.577 -0.577 -0.577
vn -0.577 -0.577 -0.577
vn -0.577 -0.577 -0.577
vn -0.577 -0.577 -0.577
vn -0.577 -0.577 -0.577
vn -0.577 -0.577 -0.577
vn -0.577 -0.577 -0.577
vn -0.577 -0.577 -0.577
vn -0.577 -0.577 -0.577
vn -0.577 -0.577 -0.577
vn -0.577 -0.577 -0.577
vn -0.577 -0.577 -0.577
vn -0.577 -0.577 -0.577
vn -0.577 -0.577 -0.577
vn 0.577 0.577 0.577
vn -0.577 -0.577 -0.577
vn 0.577 0.577 0.577
vn -0.577 -0.577 -0.577
vn -0.577 -0.577 -0.577
vn -0.577 -0.577 -0.577
vn -0.577 -0.577 -0.577
vn -0.577 -0.577 -0.577
vn -0.577 -0.577 -0.577
vn -0.577 -0.577 -0.577
vn -0.577 -0.577 -0.577
vn -0.577 -0.577 -0.577
vn -0.577 -0.577 -0.577
vn -0.577 -0.577 -0.577
vn -0.577 -0.577 -0.577
vn -0.577 -0.577 -0.577
vn -0.577 -0.577 -0.577
vn -0.577 -0.577 -0.577
vn -0.577 -0.577 -0.577
vn -0.577 -0.577 -0.577
vn -0.577 -0.577 -0.577
vn -0.577 -0.577 -0.577
vn 0.577 0.577 0.577
vn -0.577 -0.577 -0.577
vn -0.577 -0.577 -0.577
vn -0.577 -0.577 -0.577
vn -0.577 -0.577 -0.577
vn -0.577 -0.577 -0.577
vn -0.577 -0.577 -0.577
vn -0.577 -0.577 -0.577
vn -0.577 -0.577 -0.577
vn -0.577 -0.577 -0.577
vn -0.577 -0.577 -0.577
vn -0.577 -0.577 -0.577
vn -0.577 -0.577 -0.577
vn -0.577 -0.577 -0.577
vn -0.577 -0.577 -0.577
vn -0.577 -0.577 -0.577
vn -0.577 -0.577 -0.577
vn -0.577 -0.577 -0.577
vn -0.577 -0.577 -0.577
vn -0.577 -0.577 -0.577
vn -0.577 -0.577 -0.577
vn -0.577 -0.577 -0.577
vn -0.577 -0.577 -0.577
vn -0.577 -0.577 -0.577
vn -0.577 -0.577 -0.577
vn -0.577 -0.577 -0.577
vn -0.577 -0.577 -0.577
vn -0.577 -0.577 -0.577
vn -0.577 -0.577 -0.577
vn -0.577 -0.577 -0.577
vn -0.577 -0.577 -0.577
vn -0.577 -0.577 -0.577
vn 0.577 0.577 0.577
vn -0.577 -0.577 -0.577
vn -0.577 -0.577 -0.577
vn -0.577 -0.577 -0.577
vn -0.577 -0.577 -0.577
vn -0.577 -0.577 -0.577
vn -0.577 -0.577 -0.577
vn -0.577 -0.577 -0.577
vn -0.577 -0.577 -0.577
vn -0.577 -0.577 -0.577
vn -0.577 -0.577 -0.577
vn -0.577 -0.577 -0.577
vn -0.577 -0.577 -0.577
vn -0.577 -0.577 -0.577
vn -0.577 -0.577 -0.577
vn -0.577 -0.577 -0.577
vn -0.577 -0.577 -0.577
vn -0.577 -0.577 -0.577
vn 0.577 0.577 0.577
vn -0.577 -0.577 -0.577
vn -0.577 -0.577 -0.577
vn -0.577 -0.577 -0.577
vn -0.577 -0.577 -0.577
vn -0.577 -0.577 -0.577
vn -0.577 -0.577 -0.577
vn -0.577 -0.577 -0.577
vn -0.577 -0.577 -0.577
vn -0.577 -0.577 -0.577
vn -0.577 -0.577 -0.577
vn 0.577 0.577 0.577
vn -0.577 -0.577 -0.577
vn -0.577 -0.577 -0.577
vn -0.577 -0.577 -0.577
vn -0.577 -0.577 -0.577
vn -0.577 -0.577 -0.577
vn -0.577 -0.577 -0.577
vn -0.577 -0.577 -0.577
vn -0.577 -0.577 -0.577
vn -0.577 -0.577 -0.577
vn -0.577 -0.577 -0.577
vn -0.577 -0.577 -0.577
vn -0.577 -0.577 -0.577
vn -0.577 -0.577 -0.577
vn -0.577 -0.577 -0.577
vn -0.577 -0.577 -0.577
vn -0.577 -0.577 -0.577
vn -0.577 -0.577 -0.577
vn -0.577 -0.577 -0.577
vn -0.577 -0.577 -0.577
vn -0.577 -0.577 -0.577
vn -0.577 -0.577 -0.577
vn -0.577 -0.577 -0.577
vn -0.577 -0.577 -0.577
vn -0.577 -0.577 -0.577
vn -0.577 -0.577 -0.577
vn -0.577 -0.577 -0.577
vn -0.577 -0.577 -0.577
vn -0.577 -0.577 -0.577
vn -0.577 -0.577 -0.577
vn -0.577 -0.577 -0.577
vn -0.577 -0.577 -0.577
vn -0.577 -0.577 -0.577
vn -0.577 -0.577 -0.577
vn -0.577 -0.577 -0.577
vn -0.577 -0.577 -0.577
vn -0.577 -0.577 -0.577
vn -0.577 -0.577 -0.577
vn -0.577 -0.577 -0.577
vn -0.577 -0.577 -0.577
vn -0.577 -0.577 -0.577
vn -0.577 -0.577 -0.577
vn -0.577 -0.577 -0.577
vn -0.577 -0.577 -0.577
vn -0.577 -0.577 -0.577
vn -0.577 -0.577 -0.577
vn -0.577 -0.577 -0.577
vn -0.577 -0.577 -0.577
vn -0.577 -0.577 -0.577
vn -0.577 -0.577 -0.577
vn -0.577 -0.577 -0.577
vn -0.577 -0.577 -0.577
vn -0.577 -0.577 -0.577
vn -0.577 -0.577 -0.577
vn -0.577 -0.577 -0.577
vn -0.577 -0.577 -0.577
vn -0.577 -0.577 -0.577
vn -0.577 -0.577 -0.577
vn -0.577 -0.577 -0.577
vn -0.577 -0.577 -0.577
vn -0.577 -0.577 -0.577
vn -0.577 -0.577 -0.577
vn -0.577 -0.577 -0.577
vn -0.577 -0.577 -0.577
vn -0.577 -0.577 -0.577
vn -0.577 -0.577 -0.577
vn -0.577 -0.577 -0.577
vn -0.577 -0.577 -0.577
vn -0.577 -0.577 -0.577
vn -0.577 -0.577 -0.577
vn -0.577 -0.577 -0.577
vn -0.577 -0.577 -0.577
vn -0.577 -0.577 -0.577
vn -0.577 -0.577 -0.577
vn -0.577 -0.577 -0.577
vn -0.577 -0.577 -0.577
vn -0.577 -0.577 -0.577
vn -0.577 -0.577 -0.577
vn -0.577 -0.577 -0.577
vn -0.577 -0.577 -0.577
vn -0.577 -0.577 -0.577
vn -0.577 -0.577 -0.577
vn -0.577 -0.577 -0.577
vn -0.577 -0.577 -0.577
vn -0.577 -0.577 -0.577
vn -0.577 -0.577 -0.577
vn -0.577 -0.577 -0.577
vn -0.577 -0.577 -0.577
vn -0.577 -0.577 -0.577
vn -0.577 -0.577 -0.577
vn -0.577 -0.577 -0.577
vn -0.577 -0.577 -0.577
vn -0.577 -0.577 -0.577
vn -0.577 -0.577 -0.577
vn -0.577 -0.577 -0.577
vn -0.577 -0.577 -0.577
vn -0.577 -0.577 -0.577
vn -0.577 -0.577 -0.577
vn -0.577 -0.577 -0.577
vn -0.577 -0.577 -0.577
vn -0.577 -0.577 -0.577
vn -0.577 -0.577 -0.577
vn -0.577 -0.577 -0.577
vn -0.577 -0.577 -0.577
vn -0.577 -0.577 -0.577
vn -0.577 -0.577 -0.577
vn -0.577 -0.577 -0.577
vn -0.577 -0.577 -0.577
vn -0.577 -0.577 -0.577
vn -0.577 -0.577 -0.577
vn -0.577 -0.577 -0.577
vn -0.577 -0.577 -0.577
vn -0.577 -0.577 -0.577
vn -0.577 -0.577 -0.577
vn -0.577 -0.577 -0.577
vn -0.577 -0.577 -0.577
vn -0.577 -0.577 -0.577
vn -0.577 -0.577 -0.577
vn -0.577 -0.577 -0.577
vn -0.577 -0.577 -0.577
vn -0.577 -0.577 -0.577
vn -0.577 -0.577 -0.577
vn -0.577 -0.577 -0.577
vn -0.577 -0.577 -0.577
vn -0.577 -0.577 -0.577
vn -0.577 -0.577 -0.577
vn -0.577 -0.577 -0.577
vn -0.577 -0.577 -0.577
vn -0.577 -0.577 -0.577
vn -0.577 -0.577 -0.577
vn -0.577 -0.577 -0.577
vn 0.577 0.577 0.577
vn -0.577 -0.577 -0.577
vn -0.577 -0.577 -0.577
vn -0.577 -0.577 -0.577
vn -0.577 -0.577 -0.577
vn -0.577 -0.577 -0.577
vn -0.577 -0.577 -0.577
vn -0.577 -0.577 -0.577
vn -0.577 -0.577 -0.577
vn -0.577 -0.577 -0.577
vn -0.577 -0.577 -0.577
vn -0.577 -0.577 -0.577
vn -0.577 -0.577 -0.577
vn -0.577 -0.577 -0.577
vn -0.577 -0.577 -0.577
vn -0.577 -0.577 -0.577
vn -0.577 -0.577 -0.577
vn -0.577 -0.577 -0.577
vn -0.577 -0.577 -0.577
vn -0.577 -0.577 -0.577
vn -0.577 -0.577 -0.577
vn -0.577 -0.577 -0.577
vn -0.577 -0.577 -0.577
vn -0.577 -0.577 -0.577
vn -0.577 -0.577 -0.577
vn -0.577 -0.577 -0.577
vn -0.577 -0.577 -0.577
vn -0.577 -0.577 -0.577
vn -0.577 -0.577 -0.577
vn -0.577 -0.577 -0.577
vn -0.577 -0.577 -0.577
vn -0.577 -0.577 -0.577
vn -0.577 -0.577 -0.577
vn -0.577 -0.577 -0.577
vn -0.577 -0.577 -0.577
vn -0.577 -0.577 -0.577
vn -0.577 -0.577 -0.577
vn -0.577 -0.577 -0.577
vn -0.577 -0.577 -0.577
vn -0.577 -0.577 -0.577
vn -0.577 -0.577 -0.577
vn -0.577 -0.577 -0.577
vn -0.577 -0.577 -0.577
vn -0.577 -0.577 -0.577
vn -0.577 -0.577 -0.577
vn -0.577 -0.577 -0.577
vn -0.577 -0.577 -0.577
vn -0.577 -0.577 -0.577
vn -0.577 -0.577 -0.577
vn -0.577 -0.577 -0.577
vn -0.577 -0.577 -0.577
vn -0.577 -0.577 -0.577
vn -0.577 -0.577 -0.577
vn -0.577 -0.577 -0.577
vn -0.577 -0.577 -0.577
vn -0.577 -0.577 -0.577
vn -0.577 -0.577 -0.577
vn -0.577 -0.577 -0.577
vn -0.577 -0.577 -0.577
vn -0.577 -0.577 -0.577
vn -0.577 -0.577 -0.577
vn -0.577 -0.577 -0.577
vn -0.577 -0.577 -0.577
vn -0.577 -0.577 -0.577
vn -0.577 -0.577 -0.577
vn -0.577 -0.577 -0.577
vn -0.577 -0.577 -0.577
vn -0.577 -0.577 -0.577
vn -0.577 -0.577 -0.577
vn -0.577 -0.577 -0.577
vn -0.577 -0.577 -0.577
vn -0.577 -0.577 -0.577
vn -0.577 -0.577 -0.577
vn -0.577 -0.577 -0.577
vn -0.577 -0.577 -0.577
vn -0.577 -0.577 -0.577
vn -0.577 -0.577 -0.577
vn -0.577 -0.577 -0.577
vn 0.577 0.577 0.577
vn 0.577 0.577 0.577
vn -0.577 -0.577 -0.577
vn 0.577 0.577 0.577
vn -0.577 -0.577 -0.577
vn -0.577 -0.577 -0.577
vn -0.577 -0.577 -0.577
vn -0.577 -0.577 -0.577
vn 0.577 0.577 0.577
vn 0.577 0.577 0.577
vn -0.577 -0.577 -0.577
vn -0.577 -0.577 -0.577
vn -0.577 -0.577 -0.577
vn -0.577 -0.577 -0.577
vn -0.577 -0.577 -0.577
vn -0.577 -0.577 -0.577
vn -0.577 -0.577 -0.577
vn -0.577 -0.577 -0.577
vn -0.577 -0.577 -0.577
vn -0.577 -0.577 -0.577
vn -0.577 -0.577 -0.577
vn -0.577 -0.577 -0.577
vn -0.577 -0.577 -0.577
vn -0.577 -0.577 -0.577
vn -0.577 -0.577 -0.577
vn -0.577 -0.577 -0.577
vn -0.577 -0.577 -0.577
vn -0.577 -0.577 -0.577
vn -0.577 -0.577 -0.577
vn -0.577 -0.577 -0.577
vn -0.577 -0.577 -0.577
vn -0.577 -0.577 -0.577
vn -0.577 -0.577 -0.577
vn -0.577 -0.577 -0.577
vn -0.577 -0.577 -0.577
vn -0.577 -0.577 -0.577
vn -0.577 -0.577 -0.577
vn -0.577 -0.577 -0.577
vn -0.577 -0.577 -0.577
vn -0.577 -0.577 -0.577
vn -0.577 -0.577 -0.577
vn -0.577 -0.577 -0.577
vn -0.577 -0.577 -0.577
vn -0.577 -0.577 -0.577
vn -0.577 -0.577 -0.577
vn -0.577 -0.577 -0.577
vn -0.577 -0.577 -0.577
vn -0.577 -0.577 -0.577
vn -0.577 -0.577 -0.577
vn -0.577 -0.577 -0.577
vn -0.577 -0.577 -0.577
vn -0.577 -0.577 -0.577
vn -0.577 -0.577 -0.577
vn -0.577 -0.577 -0.577
vn -0.577 -0.577 -0.577
vn -0.577 -0.577 -0.577
vn -0.577 -0.577 -0.577
vn -0.577 -0.577 -0.577
vn -0.577 -0.577 -0.577
vn -0.577 -0.577 -0.577
vn -0.577 -0.577 -0.577
vn -0.577 -0.577 -0.577
vn -0.577 -0.577 -0.577
vn -0.577 -0.577 -0.577
vn -0.577 -0.577 -0.577
vn -0.577 -0.577 -0.577
vn -0.577 -0.577 -0.577
vn -0.577 -0.577 -0.577
vn -0.577 -0.577 -0.577
vn -0.577 -0.577 -0.577
vn -0.577 -0.577 -0.577
vn -0.577 -0.577 -0.577
vn -0.577 -0.577 -0.577
vn -0.577 -0.577 -0.577
vn -0.577 -0.577 -0.577
vn -0.577 -0.577 -0.577
vn -0.577 -0.577 -0.577
vn -0.577 -0.577 -0.577
vn -0.577 -0.577 -0.577
vn -0.577 -0.577 -0.577
vn -0.577 -0.577 -0.577
vn -0.577 -0.577 -0.577
vn -0.577 -0.577 -0.577
vn -0.577 -0.577 -0.577
vn -0.577 -0.577 -0.577
vn -0.577 -0.577 -0.577
vn 0.577 0.577 0.577
vn -0.577 -0.577 -0.577
vn -0.577 -0.577 -0.577
vn -0.577 -0.577 -0.577
vn 0.577 0.577 0.577
vn -0.577 -0.577 -0.577
vn -0.577 -0.577 -0.577
vn -0.577 -0.577 -0.577
vn -0.577 -0.577 -0.577
vn 0.577 0.577 0.577
vn -0.577 -0.577 -0.577
vn -0.577 -0.577 -0.577
vn -0.577 -0.577 -0.577
vn -0.577 -0.577 -0.577
vn -0.577 -0.577 -0.577
vn -0.577 -0.577 -0.577
vn -0.577 -0.577 -0.577
vn -0.577 -0.577 -0.577
vn -0.577 -0.577 -0.577
vn -0.577 -0.577 -0.577
vn -0.577 -0.577 -0.577
vn -0.577 -0.577 -0.577
vn -0.577 -0.577 -0.577
vn -0.577 -0.577 -0.577
vn -0.577 -0.577 -0.577
vn -0.577 -0.577 -0.577
vn -0.577 -0.577 -0.577
vn -0.577 -0.577 -0.577
vn -0.577 -0.577 -0.577
vn -0.577 -0.577 -0.577
vn -0.577 -0.577 -0.577
vn -0.577 -0.577 -0.577
vn -0.577 -0.577 -0.577
vn -0.577 -0.577 -0.577
vn -0.577 -0.577 -0.577
vn -0.577 -0.577 -0.577
vn -0.577 -0.577 -0.577
vn -0.577 -0.577 -0.577
vn -0.577 -0.577 -0.577
vn -0.577 -0.577 -0.577
vn -0.577 -0.577 -0.577
vn -0.577 -0.577 -0.577
vn -0.577 -0.577 -0.577
vn -0.577 -0.577 -0.577
vn -0.577 -0.577 -0.577
vn -0.577 -0.577 -0.577
vn -0.577 -0.577 -0.577
vn -0.577 -0.577 -0.577
vn -0.577 -0.577 -0.577
vn -0.577 -0.577 -0.577
vn -0.577 -0.577 -0.577
vn -0.577 -0.577 -0.577
vn -0.577 -0.577 -0.577
vn -0.577 -0.577 -0.577
vn -0.577 -0.577 -0.577
vn -0.577 -0.577 -0.577
vn -0.577 -0.577 -0.577
vn -0.577 -0.577 -0.577
vn -0.577 -0.577 -0.577
vn -0.577 -0.577 -0.577
vn -0.577 -0.577 -0.577
vn -0.577 -0.577 -0.577
vn -0.577 -0.577 -0.577
vn -0.577 -0.577 -0.577
vn -0.577 -0.577 -0.577
vn -0.577 -0.577 -0.577
vn -0.577 -0.577 -0.577
vn -0.577 -0.577 -0.577
vn -0.577 -0.577 -0.577
vn -0.577 -0.577 -0.577
vn -0.577 -0.577 -0.577
vn -0.577 -0.577 -0.577
vn -0.577 -0.577 -0.577
vn -0.577 -0.577 -0.577
vn -0.577 -0.577 -0.577
vn -0.577 -0.577 -0.577
vn -0.577 -0.577 -0.577
vn -0.577 -0.577 -0.577
vn -0.577 -0.577 -0.577
vn -0.577 -0.577 -0.577
vn -0.577 -0.577 -0.577
vn -0.577 -0.577 -0.577
vn -0.577 -0.577 -0.577
vn -0.577 -0.577 -0.577
vn -0.577 -0.577 -0.577
vn -0.577 -0.577 -0.577
vn -0.577 -0.577 -0.577
vn -0.577 -0.577 -0.577
vn -0.577 -0.577 -0.577
vn -0.577 -0.577 -0.577
vn -0.577 -0.577 -0.577
vn -0.577 -0.577 -0.577
vn -0.577 -0.577 -0.577
vn -0.577 -0.577 -0.577
vn -0.577 -0.577 -0.577
vn -0.577 -0.577 -0.577
vn -0.577 -0.577 -0.577
vn -0.577 -0.577 -0.577
vn -0.577 -0.577 -0.577
vn 0.577 0.577 0.577
vn -0.577 -0.577 -0.577
vn -0.577 -0.577 -0.577
vn -0.577 -0.577 -0.577
vn 0.577 0.577 0.577
vn -0.577 -0.577 -0.577
vn 0.577 0.577 0.577
vn 0.577 0.577 0.577
vn 0.577 0.577 0.577
vn -0.577 -0.577 -0.577
vn -0.577 -0.577 -0.577
vn 0.577 0.577 0.577
vn -0.577 -0.577 -0.577
vn -0.577 -0.577 -0.577
vn -0.577 -0.577 -0.577
vn -0.577 -0.577 -0.577
vn -0.577 -0.577 -0.577
vn -0.577 -0.577 -0.577
vn 0.577 0.577 0.577
vn -0.577 -0.577 -0.577
vn -0.577 -0.577 -0.577
vn -0.577 -0.577 -0.577
vn -0.577 -0.577 -0.577
vn -0.577 -0.577 -0.577
vn -0.577 -0.577 -0.577
vn 0.577 0.577 0.577
vn -0.577 -0.577 -0.577
vn -0.577 -0.577 -0.577
vn -0.577 -0.577 -0.577
vn -0.577 -0.577 -0.577
vn -0.577 -0.577 -0.577
vn -0.577 -0.577 -0.577
vn -0.577 -0.577 -0.577
vn -0.577 -0.577 -0.577
vn -0.577 -0.577 -0.577
vn -0.577 -0.577 -0.577
vn -0.577 -0.577 -0.577
vn -0.577 -0.577 -0.577
vn -0.577 -0.577 -0.577
vn -0.577 -0.577 -0.577
vn -0.577 -0.577 -0.577
vn -0.577 -0.577 -0.577
vn -0.577 -0.577 -0.577
vn -0.577 -0.577 -0.577
vn -0.577 -0.577 -0.577
vn -0.577 -0.577 -0.577
vn -0.577 -0.577 -0.577
vn -0.577 -0.577 -0.577
vn -0.577 -0.577 -0.577
vn -0.577 -0.577 -0.577
vn -0.577 -0.577 -0.577
vn -0.577 -0.577 -0.577
vn -0.577 -0.577 -0.577
vn -0.577 -0.577 -0.577
vn -0.577 -0.577 -0.577
vn -0.577 -0.577 -0.577
vn -0.577 -0.577 -0.577
vn -0.577 -0.577 -0.577
vn -0.577 -0.577 -0.577
vn -0.577 -0.577 -0.577
vn -0.577 -0.577 -0.577
vn -0.577 -0.577 -0.577
vn -0.577 -0.577 -0.577
vn -0.577 -0.577 -0.577
vn -0.577 -0.577 -0.577
vn -0.577 -0.577 -0.577
vn -0.577 -0.577 -0.577
vn -0.577 -0.577 -0.577
vn -0.577 -0.577 -0.577
vn -0.577 -0.577 -0.577
vn -0.577 -0.577 -0.577
vn -0.577 -0.577 -0.577
vn -0.577 -0.577 -0.577
vn -0.577 -0.577 -0.577
vn -0.577 -0.577 -0.577
vn -0.577 -0.577 -0.577
vn -0.577 -0.577 -0.577
vn -0.577 -0.577 -0.577
vn -0.577 -0.577 -0.577
vn -0.577 -0.577 -0.577
vn -0.577 -0.577 -0.577
vn -0.577 -0.577 -0.577
vn -0.577 -0.577 -0.577
vn -0.577 -0.577 -0.577
vn -0.577 -0.577 -0.577
vn -0.577 -0.577 -0.577
vn -0.577 -0.577 -0.577
vn -0.577 -0.577 -0.577
vn -0.577 -0.577 -0.577
vn -0.577 -0.577 -0.577
vn -0.577 -0.577 -0.577
vn -0.577 -0.577 -0.577
vn -0.577 -0.577 -0.577
vn -0.577 -0.577 -0.577
vn -0.577 -0.577 -0.577
vn -0.577 -0.577 -0.577
vn -0.577 -0.577 -0.577
vn 0.577 0.577 0.577
vn 0.577 0.577 0.577
vn -0.577 -0.577 -0.577
vn 0.577 0.577 0.577
vn -0.577 -0.577 -0.577
vn 0.577 0.577 0.577
vn -0.577 -0.577 -0.577
vn -0.577 -0.577 -0.577
vn 0.577 0.577 0.577
vn 0.577 0.577 0.577
vn -0.577 -0.577 -0.577
vn -0.577 -0.577 -0.577
vn -0.577 -0.577 -0.577
vn -0.577 -0.577 -0.577
vn -0.577 -0.577 -0.577
vn -0.577 -0.577 -0.577
vn -0.577 -0.577 -0.577
vn -0.577 -0.577 -0.577
vn -0.577 -0.577 -0.577
vn -0.577 -0.577 -0.577
vn 0.577 0.577 0.577
vn -0.577 -0.577 -0.577
vn -0.577 -0.577 -0.577
vn -0.577 -0.577 -0.577
vn -0.577 -0.577 -0.577
vn -0.577 -0.577 -0.577
vn -0.577 -0.577 -0.577
vn -0.577 -0.577 -0.577
vn -0.577 -0.577 -0.577
vn -0.577 -0.577 -0.577
vn -0.577 -0.577 -0.577
vn -0.577 -0.577 -0.577
vn -0.577 -0.577 -0.577
vn -0.577 -0.577 -0.577
vn -0.577 -0.577 -0.577
vn -0.577 -0.577 -0.577
vn -0.577 -0.577 -0.577
vn -0.577 -0.577 -0.577
vn -0.577 -0.577 -0.577
vn -0.577 -0.577 -0.577
vn -0.577 -0.577 -0.577
vn -0.577 -0.577 -0.577
vn -0.577 -0.577 -0.577
vn -0.577 -0.577 -0.577
vn -0.577 -0.577 -0.577
vn -0.577 -0.577 -0.577
vn -0.577 -0.577 -0.577
vn -0.577 -0.577 -0.577
vn -0.577 -0.577 -0.577
vn -0.577 -0.577 -0.577
vn -0.577 -0.577 -0.577
vn -0.577 -0.577 -0.577
vn -0.577 -0.577 -0.577
vn -0.577 -0.577 -0.577
vn -0.577 -0.577 -0.577
vn -0.577 -0.577 -0.577
vn -0.577 -0.577 -0.577
vn -0.577 -0.577 -0.577
vn -0.577 -0.577 -0.577
vn -0.577 -0.577 -0.577
vn -0.577 -0.577 -0.577
vn -0.577 -0.577 -0.577
vn -0.577 -0.577 -0.577
vn -0.577 -0.577 -0.577
vn -0.577 -0.577 -0.577
vn -0.577 -0.577 -0.577
vn -0.577 -0.577 -0.577
vn -0.577 -0.577 -0.577
vn -0.577 -0.577 -0.577
vn -0.577 -0.577 -0.577
vn -0.577 -0.577 -0.577
vn -0.577 -0.577 -0.577
vn -0.577 -0.577 -0.577
vn -0.577 -0.577 -0.577
vn -0.577 -0.577 -0.577
vn -0.577 -0.577 -0.577
vn -0.577 -0.577 -0.577
vn -0.577 -0.577 -0.577
vn -0.577 -0.577 -0.577
vn -0.577 -0.577 -0.577
vn -0.577 -0.577 -0.577
vn -0.577 -0.577 -0.577
vn -0.577 -0.577 -0.577
vn -0.577 -0.577 -0.577
vn -0.577 -0.577 -0.577
vn -0.577 -0.577 -0.577
vn -0.577 -0.577 -0.577
vn -0.577 -0.577 -0.577
vn -0.577 -0.577 -0.577
vn -0.577 -0.577 -0.577
vn 0.577 0.577 0.577
vn -0.577 -0.577 -0.577
vn -0.577 -0.577 -0.577
vn -0.577 -0.577 -0.577
vn -0.577 -0.577 -0.577
vn -0.577 -0.577 -0.577
vn -0.577 -0.577 -0.577
vn -0.577 -0.577 -0.577
vn -0.577 -0.577 -0.577
vn -0.577 -0.577 -0.577
vn -0.577 -0.577 -0.577
vn -0.577 -0.577 -0.577
vn -0.577 -0.577 -0.577
vn -0.577 -0.577 -0.577
vn -0.577 -0.577 -0.577
vn -0.577 -0.577 -0.577
vn -0.577 -0.577 -0.577
vn -0.577 -0.577 -0.577
vn -0.577 -0.577 -0.577
vn -0.577 -0.577 -0.577
vn -0.577 -0.577 -0.577
vn -0.577 -0.577 -0.577
vn -0.577 -0.577 -0.577
vn -0.577 -0.577 -0.577
vn -0.577 -0.577 -0.577
vn -0.577 -0.577 -0.577
vn -0.577 -0.577 -0.577
vn -0.577 -0.577 -0.577
vn -0.577 -0.577 -0.577
vn -0.577 -0.577 -0.577
vn -0.577 -0.577 -0.577
vn -0.577 -0.577 -0.577
vn -0.577 -0.577 -0.577
vn -0.577 -0.577 -0.577
vn -0.577 -0.577 -0.577
vn -0.577 -0.577 -0.577
vn -0.577 -0.577 -0.577
vn -0.577 -0.577 -0.577
vn -0.577 -0.577 -0.577
vn -0.577 -0.577 -0.577
vn -0.577 -0.577 -0.577
vn -0.577 -0.577 -0.577
vn -0.577 -0.577 -0.577
vn -0.577 -0.577 -0.577
vn -0.577 -0.577 -0.577
vn -0.577 -0.577 -0.577
vn -0.577 -0.577 -0.577
vn -0.577 -0.577 -0.577
vn -0.577 -0.577 -0.577
vn -0.577 -0.577 -0.577
vn 0.577 0.577 0.577
vn -0.577 -0.577 -0.577
vn -0.577 -0.577 -0.577
vn -0.577 -0.577 -0.577
vn -0.577 -0.577 -0.577
vn -0.577 -0.577 -0.577
vn -0.577 -0.577 -0.577
vn -0.577 -0.577 -0.577
vn -0.577 -0.577 -0.577
vn -0.577 -0.577 -0.577
vn -0.577 -0.577 -0.577
vn -0.577 -0.577 -0.577
vn -0.577 -0.577 -0.577
vn -0.577 -0.577 -0.577
vn -0.577 -0.577 -0.577
vn -0.577 -0.577 -0.577
vn -0.577 -0.577 -0.577
vn -0.577 -0.577 -0.577
vn -0.577 -0.577 -0.577
vn -0.577 -0.577 -0.577
vn -0.577 -0.577 -0.577
vn -0.577 -0.577 -0.577
vn -0.577 -0.577 -0.577
vn -0.577 -0.577 -0.577
vn -0.577 -0.577 -0.577
vn -0.577 -0.577 -0.577
vn -0.577 -0.577 -0.577
vn 0.577 0.577 0.577
vn -0.577 -0.577 -0.577
vn -0.577 -0.577 -0.577
vn -0.577 -0.577 -0.577
vn -0.577 -0.577 -0.577
vn -0.577 -0.577 -0.577
vn -0.577 -0.577 -0.577
vn 0.577 0.577 0.577
vn -0.577 -0.577 -0.577
vn -0.577 -0.577 -0.577
vn -0.577 -0.577 -0.577
vn -0.577 -0.577 -0.577
vn -0.577 -0.577 -0.577
vn -0.577 -0.577 -0.577
vn -0.577 -0.577 -0.577
vn -0.577 -0.577 -0.577
vn 0.577 0.577 0.577
vn -0.577 -0.577 -0.577
vn 0.577 0.577 0.577
vn -0.577 -0.577 -0.577
vn -0.577 -0.577 -0.577
vn -0.577 -0.577 -0.577
vn -0.577 -0.577 -0.577
vn -0.577 -0.577 -0.577
vn -0.577 -0.577 -0.577
vn 0.577 0.577 0.577
vn -0.577 -0.577 -0.577
vn -0.577 -0.577 -0.577
vn -0.577 -0.577 -0.577
vn -0.577 -0.577 -0.577
vn -0.577 -0.577 -0.577
vn -0.577 -0.577 -0.577
vn -0.577 -0.577 -0.577
vn -0.577 -0.577 -0.577
vn -0.577 -0.577 -0.577
vn -0.577 -0.577 -0.577
vn -0.577 -0.577 -0.577
vn -0.577 -0.577 -0.577
vn -0.577 -0.577 -0.577
vn -0.577 -0.577 -0.577
vn -0.577 -0.577 -0.577
vn -0.577 -0.577 -0.577
vn -0.577 -0.577 -0.577
vn -0.577 -0.577 -0.577
vn -0.577 -0.577 -0.577
vn -0.577 -0.577 -0.577
vn -0.577 -0.577 -0.577
vn -0.577 -0.577 -0.577
vn -0.577 -0.577 -0.577
vn -0.577 -0.577 -0.577
vn -0.577 -0.577 -0.577
vn -0.577 -0.577 -0.577
vn -0.577 -0.577 -0.577
vn -0.577 -0.577 -0.577
vn -0.577 -0.577 -0.577
vn -0.577 -0.577 -0.577
vn -0.577 -0.577 -0.577
vn -0.577 -0.577 -0.577
vn -0.577 -0.577 -0.577
vn -0.577 -0.577 -0.577
vn -0.577 -0.577 -0.577
vn -0.577 -0.577 -0.577
vn -0.577 -0.577 -0.577
vn -0.577 -0.577 -0.577
vn -0.577 -0.577 -0.577
vn -0.577 -0.577 -0.577
vn -0.577 -0.577 -0.577
vn -0.577 -0.577 -0.577
vn -0.577 -0.577 -0.577
vn -0.577 -0.577 -0.577
vn -0.577 -0.577 -0.577
vn -0.577 -0.577 -0.577
vn -0.577 -0.577 -0.577
vn -0.577 -0.577 -0.577
vn -0.577 -0.577 -0.577
vn -0.577 -0.577 -0.577
vn 0.577 0.577 0.577
vn 0.577 0.577 0.577
vn -0.577 -0.577 -0.577
vn 0.577 0.577 0.577
vn -0.577 -0.577 -0.577
vn -0.577 -0.577 -0.577
vn -0.577 -0.577 -0.577
vn 0.577 0.577 0.577
vn 0.577 0.577 0.577
vn 0.577 0.577 0.577
vn -0.577 -0.577 -0.577
vn 0.577 0.577 0.577
vn 0.577 0.577 0.577
vn 0.577 0.577 0.577
vn 0.577 0.577 0.577
vn -0.577 -0.577 -0.577
vn 0.577 0.577 0.577
vn 0.577 0.577 0.577
vn 0.577 0.577 0.577
vn 0.577 0.577 0.577
vn -0.577 -0.577 -0.577
vn 0.577 0.577 0.577
vn -0.577 -0.577 -0.577
vn 0.577 0.577 0.577
vn -0.577 -0.577 -0.577
vn 0.577 0.577 0.577
vn -0.577 -0.577 -0.577
vn 0.577 0.577 0.577
vn 0.577 0.577 0.577
vn -0.577 -0.577 -0.577
vn 0.577 0.577 0.577
vn -0.577 -0.577 -0.577
vn -0.577 -0.577 -0.577
vn 0.577 0.577 0.577
vn 0.577 0.577 0.577
vn -0.577 -0.577 -0.577
vn -0.577 -0.577 -0.577
vn 0.577 0.577 0.577
vn -0.577 -0.577 -0.577
vn -0.577 -0.577 -0.577
vn -0.577 -0.577 -0.577
vn 0.577 0.577 0.577
vn 0.577 0.577 0.577
vn 0.577 0.577 0.577
vn -0.577 -0.577 -0.577
vn -0.577 -0.577 -0.577
vn -0.577 -0.577 -0.577
vn -0.577 -0.577 -0.577
vn -0.577 -0.577 -0.577
vn -0.577 -0.577 -0.577
vn -0.577 -0.577 -0.577
vn -0.577 -0.577 -0.577
vn -0.577 -0.577 -0.577
vn -0.577 -0.577 -0.577
vn -0.577 -0.577 -0.577
vn -0.577 -0.577 -0.577
vn 0.577 0.577 0.577
vn 0.577 0.577 0.577
vn -0.577 -0.577 -0.577
vn -0.577 -0.577 -0.577
vn -0.577 -0.577 -0.577
vn -0.577 -0.577 -0.577
vn -0.577 -0.577 -0.577
vn -0.577 -0.577 -0.577
vn -0.577 -0.577 -0.577
vn 0.577 0.577 0.577
vn -0.577 -0.577 -0.577
vn -0.577 -0.577 -0.577
vn -0.577 -0.577 -0.577
vn -0.577 -0.577 -0.577
vn -0.577 -0.577 -0.577
vn -0.577 -0.577 -0.577
vn -0.577 -0.577 -0.577
vn -0.577 -0.577 -0.577
vn -0.577 -0.577 -0.577
vn 0.577 0.577 0.577
vn 0.577 0.577 0.577
vn 0.577 0.577 0.577
usemtl tex_2080_lit_w10
f 1/1/1 2/2/2 3/3/3
f 4/4/4 2/2/2 1/1/1
f 5/5/5 6/6/6 7/7/7
f 5/5/5 7/7/7 1/1/1
f 8/8/8 5/5/5 2/2/2
f 9/9/9 4/4/4 1/1/1
f 6/6/6 10/10/10 9/9/9
f 5/5/5 3/3/3 2/2/2
f 3/3/3 5/5/5 1/1/1
f 8/8/8 2/2/2 4/4/4
f 8/8/8 4/4/4 10/10/10
f 4/4/4 9/9/9 10/10/10
f 9/9/9 1/1/1 7/7/7
f 9/9/9 7/7/7 6/6/6
usemtl tex_2068_lit_w11
f 17/11/17 11/12/11 12/13/12
f 17/11/17 18/14/18 11/12/11
f 18/14/18 13/15/13 11/12/11
usemtl tex_2067_lit_w01
f 14/16/14 15/17/15 19/18/19
f 20/19/20 21/20/21 16/21/16
f 20/19/20 16/21/16 14/16/14
f 22/22/22 19/18/19 15/17/15
f 20/19/20 14/16/14 19/18/19
usemtl tex_2075_lit_w11
f 23/23/23 31/24/31 24/25/24
f 24/25/24 31/24/31 32/26/32
f 25/27/25 32/26/32 26/28/26
usemtl tex_2075_lit_w11_ovl
f 26/28/26 32/26/32 33/29/33
usemtl tex_2075_lit_w11
f 27/30/27 33/29/33 28/31/28
f 28/31/28 33/29/33 34/32/34
f 29/33/29 34/32/34 30/34/30
f 30/34/30 34/32/34 31/24/31
f 26/28/26 33/29/33 27/30/27
f 28/31/28 34/32/34 29/33/29
f 30/34/30 31/24/31 23/23/23
f 24/25/24 32/26/32 25/27/25
usemtl tex_2068_lit_w11
f 35/35/35 36/36/36 37/37/37
f 36/36/36 38/38/38 37/37/37
f 39/39/39 36/36/36 35/35/35
f 37/37/37 38/38/38 40/40/40
f 41/41/41 39/39/39 35/35/35
f 35/35/35 37/37/37 40/40/40
f 35/35/35 40/40/40 41/41/41
f 42/38/42 43/36/43 39/39/39
f 42/38/42 39/39/39 44/42/44
usemtl tex_2067_lit_w01
f 41/41/41 44/42/44 39/39/39
f 40/40/40 44/42/44 41/41/41
f 38/38/38 44/42/44 40/40/40
usemtl tex_2075_lit_w11
f 45/43/45 49/44/49 50/45/50
f 46/46/46 51/47/51 49/44/49
f 46/46/46 52/48/52 51/47/51
f 47/49/47 50/45/50 53/50/53
f 45/43/45 50/45/50 47/49/47
f 48/51/48 53/50/53 52/48/52
f 47/49/47 53/50/53 48/51/48
f 48/51/48 52/48/52 46/46/46
f 45/43/45 46/46/46 49/44/49
f 54/45/54 59/30/59 60/31/60
f 55/50/55 60/31/60 61/33/61
f 55/50/55 61/33/61 62/34/62
f 56/48/56 62/34/62 63/23/63
f 55/50/55 62/34/62 56/48/56
f 54/45/54 60/31/60 55/50/55
f 57/44/57 64/28/64 54/45/54
f 56/48/56 65/25/65 58/47/58
f 65/25/65 57/44/57 58/47/58
f 56/48/56 63/23/63 65/25/65
f 57/44/57 65/25/65 66/27/66
f 57/44/57 66/27/66 64/28/64
f 54/45/54 64/28/64 59/30/59
f 67/52/67 68/53/68 69/54/69
f 70/55/70 68/53/68 71/56/71
f 72/57/72 73/58/73 74/59/74
f 74/59/74 70/55/70 71/56/71
f 67/52/67 69/54/69 73/58/73
f 68/53/68 70/55/70 69/54/69
f 72/57/72 67/52/67 73/58/73
f 72/57/72 74/59/74 71/56/71
f 75/56/75 76/53/76 77/52/77
f 75/56/75 77/52/77 78/57/78
usemtl tex_2075_lit_w11_ovl
f 79/55/79 74/59/74 73/58/73
f 79/55/79 73/58/73 80/54/80
usemtl tex_2080_lit_w10
f 81/60/81 82/61/82 83/62/83
f 83/62/83 82/61/82 84/62/84
f 85/63/85 86/64/86 83/62/83
f 86/64/86 87/65/87 83/62/83
f 82/61/82 87/65/87 88/66/88
f 83/62/83 84/62/84 89/67/89
f 89/67/89 90/68/90 86/64/86
f 82/61/82 81/60/81 87/65/87
f 83/62/83 87/65/87 81/60/81
f 84/62/84 82/61/82 88/66/88
f 89/67/89 84/62/84 88/66/88
f 89/67/89 88/66/88 90/68/90
f 85/63/85 83/62/83 89/67/89
f 89/67/89 86/64/86 85/63/85
usemtl tex_2068_lit_w11
f 91/69/91 97/70/97 98/71/98
f 91/69/91 92/72/92 97/70/97
f 93/73/93 91/69/91 98/71/98
usemtl tex_2067_lit_w01
f 94/74/94 99/75/99 100/76/100
f 95/77/95 101/78/101 102/79/102
f 96/80/96 100/76/100 101/78/101
f 96/80/96 94/74/94 100/76/100
f 95/77/95 96/80/96 101/78/101
usemtl tex_2075_lit_w11
f 103/81/103 111/82/111 104/83/104
f 104/83/104 111/82/111 112/84/112
f 105/85/105 112/84/112 106/86/106
f 106/86/106 112/84/112 113/87/113
f 107/88/107 113/87/113 108/89/108
f 108/89/108 113/87/113 114/90/114
f 109/91/109 114/90/114 110/92/110
f 110/92/110 114/90/114 111/82/111
f 108/89/108 114/90/114 109/91/109
f 106/86/106 113/87/113 107/88/107
f 104/83/104 112/84/112 105/85/105
f 110/92/110 111/82/111 103/81/103
usemtl tex_2068_lit_w11
f 115/93/115 116/94/116 117/95/117
f 115/93/115 118/96/118 116/94/116
f 117/95/117 116/94/116 119/97/119
f 120/98/120 118/96/118 115/93/115
f 117/95/117 119/97/119 121/99/121
f 121/99/121 120/98/120 115/93/115
f 121/99/121 115/93/115 117/95/117
f 122/100/122 119/97/119 123/94/123
f 122/100/122 123/94/123 124/96/124
usemtl tex_2067_lit_w01
f 119/97/119 122/100/122 121/99/121
f 121/99/121 122/100/122 120/98/120
f 120/98/120 122/100/122 118/96/118
usemtl tex_2075_lit_w11
f 129/101/129 130/102/130 125/103/125
f 130/102/130 131/104/131 126/105/126
f 131/104/131 132/106/132 126/105/126
f 129/101/129 125/103/125 127/107/127
f 132/106/132 133/108/133 128/109/128
f 133/108/133 129/101/129 127/107/127
f 128/109/128 133/108/133 127/107/127
f 126/105/126 132/106/132 128/109/128
f 130/102/130 126/105/126 125/103/125
f 134/108/134 139/81/139 140/83/140
f 134/108/134 140/83/140 141/85/141
f 135/106/135 142/91/142 143/92/143
f 134/108/134 143/92/143 139/81/139
f 136/101/136 144/86/144 137/102/137
f 135/106/135 143/92/143 134/108/134
f 137/102/137 145/89/145 138/104/138
f 145/89/145 135/106/135 138/104/138
f 136/101/136 141/85/141 144/86/144
f 137/102/137 146/88/146 145/89/145
f 135/106/135 145/89/145 142/91/142
f 137/102/137 144/86/144 146/88/146
f 136/101/136 134/108/134 141/85/141
f 147/110/147 148/111/148 149/112/149
f 150/113/150 148/111/148 151/114/151
f 152/115/152 153/116/153 154/117/154
f 150/113/150 151/114/151 152/115/152
f 153/116/153 147/110/147 149/112/149
f 147/110/147 151/114/151 148/111/148
f 153/116/153 149/112/149 154/117/154
f 150/113/150 152/115/152 154/117/154
f 155/117/155 156/112/156 157/111/157
f 155/117/155 157/111/157 158/113/158
usemtl tex_2075_lit_w11_ovl
f 159/110/159 153/116/153 152/115/152
usemtl tex_2075_lit_w11
f 159/110/159 152/115/152 160/114/160
usemtl tex_2078_lit
f 161/118/161 162/119/162 163/120/163
f 162/119/162 164/121/164 165/122/165
f 166/123/166 167/124/167 168/125/168
f 169/126/169 170/127/170 171/128/171
f 172/129/172 173/130/173 174/131/174
f 161/118/161 175/132/175 164/121/164
f 176/133/176 175/132/175 161/118/161
f 177/118/177 178/120/178 179/134/179
f 180/125/180 181/127/181 182/126/182
f 183/135/183 184/131/184 185/130/185
f 186/136/186 187/137/187 188/138/188
f 186/136/186 188/138/188 189/139/189
f 190/133/190 177/118/177 191/140/191
f 192/141/192 193/142/193 194/119/194
f 194/119/194 195/143/195 196/144/196
f 197/123/197 198/126/198 199/145/199
f 200/146/200 201/140/201 202/147/202
f 195/143/195 203/148/203 196/144/196
f 195/143/195 199/145/199 203/148/203
f 204/149/204 193/142/193 199/145/199
f 205/150/205 206/151/206 207/152/207
f 208/151/208 209/141/209 210/153/210
f 211/118/211 212/134/212 213/140/213
f 214/146/214 215/133/215 213/140/213
f 216/150/216 217/123/217 218/145/218
f 219/126/219 220/128/220 221/154/221
f 217/123/217 222/125/222 219/126/219
f 223/155/223 224/156/224 225/157/225
f 226/143/226 227/119/227 228/149/228
f 229/150/229 230/142/230 231/141/231
f 231/141/231 232/158/232 233/153/233
f 234/145/234 226/143/226 228/149/228
f 235/159/235 236/126/236 237/154/237
f 238/136/238 239/157/239 240/137/240
f 241/152/241 242/124/242 243/123/243
f 244/150/244 241/152/241 243/123/243
f 245/148/245 246/159/246 247/144/247
f 248/120/248 249/119/249 247/144/247
f 250/142/250 244/150/244 251/145/251
f 245/148/245 252/126/252 246/159/246
f 251/145/251 252/126/252 245/148/245
f 253/151/253 254/150/254 255/141/255
f 256/119/256 257/122/257 258/158/258
f 259/118/259 260/121/260 256/119/256
f 256/119/256 261/142/261 262/149/262
f 263/133/263 264/146/264 265/160/265
f 263/133/263 265/160/265 266/132/266
f 255/141/255 256/119/256 258/158/258
f 267/161/267 268/162/268 253/151/253
f 269/136/269 270/155/270 271/157/271
f 272/129/272 273/131/273 274/163/274
f 275/161/275 276/151/276 277/153/277
f 278/122/278 279/164/279 280/158/280
f 279/164/279 278/122/278 281/121/281
f 277/153/277 280/158/280 279/164/279
f 282/165/282 277/153/277 279/164/279
f 283/139/283 284/138/284 285/166/285
f 283/139/283 285/166/285 286/167/286
f 287/160/287 288/168/288 289/132/289
f 290/164/290 289/132/289 288/168/288
f 290/164/290 291/121/291 289/132/289
f 292/169/292 293/170/293 294/171/294
f 295/172/295 292/169/292 294/171/294
f 296/173/296 293/170/293 292/169/292
f 297/174/297 293/170/293 296/173/296
f 295/172/295 294/171/294 298/175/298
f 299/174/299 300/176/300 301/177/301
f 299/174/299 302/173/302 300/176/300
f 302/173/302 303/169/303 300/176/300
f 303/169/303 304/172/304 301/177/301
f 299/174/299 305/175/305 306/171/306
f 307/170/307 299/174/299 306/171/306
f 299/174/299 301/177/301 305/175/305
f 301/177/301 304/172/304 305/175/305
f 303/169/303 301/177/301 300/176/300
usemtl tex_2077_lit
f 308/178/308 309/179/309 310/180/310
f 308/178/308 310/180/310 311/181/311
f 312/182/312 313/183/313 314/184/314
f 315/183/315 316/185/316 317/186/317
f 318/178/318 319/187/319 320/179/320
f 321/182/321 322/188/322 315/183/315
f 321/182/321 323/189/323 322/188/322
f 320/179/320 319/187/319 324/190/324
f 325/191/325 326/192/326 327/193/327
f 328/194/328 329/180/329 320/179/320
f 322/188/322 323/189/323 330/195/330
f 331/196/331 332/197/332 333/198/333
f 334/199/334 335/180/335 336/194/336
f 337/200/337 338/193/338 339/201/339
f 340/202/340 341/203/341 342/204/342
f 343/188/343 344/178/344 345/183/345
f 346/205/346 347/206/347 348/207/348
f 349/208/349 350/209/350 347/206/347
f 351/210/351 352/181/352 353/198/353
f 354/186/354 355/211/355 356/212/356
f 357/213/357 356/212/356 355/211/355
f 358/214/358 346/205/346 359/215/359
f 360/216/360 361/197/361 362/217/362
f 361/197/361 360/216/360 363/198/363
f 364/180/364 365/218/365 366/181/366
f 367/183/367 368/178/368 362/217/362
f 369/219/369 370/206/370 371/209/371
f 372/220/372 373/211/373 374/185/374
f 375/188/375 376/221/376 377/187/377
f 378/190/378 379/222/379 380/207/380
f 381/178/381 382/210/382 383/216/383
f 384/191/384 385/193/385 386/189/386
f 387/223/387 377/187/377 376/221/376
f 388/224/388 389/217/389 390/197/390
f 391/197/391 392/225/392 393/220/393
f 394/221/394 395/188/395 396/195/396
f 397/194/397 398/190/398 399/207/399
f 400/178/400 401/216/401 402/217/402
f 403/208/403 404/206/404 405/205/405
f 406/226/406 407/201/407 408/227/408
f 409/215/409 410/205/410 411/207/411
f 412/193/412 408/227/408 407/201/407
f 413/208/413 410/205/410 408/227/408
f 414/190/414 415/194/415 416/179/416
f 417/223/417 414/190/414 418/187/418
f 412/193/412 419/200/419 420/189/420
f 421/210/421 422/178/422 423/181/423
f 424/191/424 425/182/425 426/184/426
f 427/225/427 428/213/428 429/211/429
f 430/218/430 431/198/431 423/181/423
f 427/225/427 432/197/432 433/196/433
f 427/225/427 433/196/433 434/228/434
f 435/192/435 424/191/424 426/184/426
f 436/229/436 433/196/433 431/198/431
f 437/211/437 438/186/438 439/185/439
f 440/223/440 441/221/441 442/195/442
f 443/220/443 439/185/439 444/183/444
f 445/210/445 446/198/446 447/216/447
f 448/224/448 443/220/443 444/183/444
f 448/224/448 444/183/444 449/217/449
f 443/220/443 450/225/450 437/211/437
f 448/224/448 451/197/451 443/220/443
f 452/188/452 453/187/453 454/178/454
f 455/191/455 456/189/456 457/182/457
f 458/193/458 459/208/459 460/227/460
f 461/214/461 462/215/462 463/204/463
f 461/214/461 464/226/464 460/227/460
f 465/202/465 466/222/466 467/190/467
f 468/200/468 469/201/469 470/204/470
f 471/229/471 472/198/472 473/218/473
f 474/226/474 470/204/470 469/201/469
f 474/226/474 475/214/475 470/204/470
f 476/205/476 475/214/475 477/227/477
f 478/230/478 468/200/468 470/204/470
f 479/203/479 478/230/478 470/204/470
f 480/222/480 481/202/481 470/204/470
f 480/222/480 470/204/470 482/215/482
f 468/200/468 478/230/478 483/189/483
f 484/230/484 485/195/485 486/189/486
f 484/230/484 487/203/487 488/223/488
f 487/203/487 489/202/489 488/223/488
f 489/202/489 490/190/490 488/223/488
f 484/230/484 488/223/488 485/195/485
f 491/184/491 492/183/492 493/186/493
f 494/208/494 495/231/495 496/209/496
f 497/222/497 498/215/498 499/207/499
f 500/199/500 501/194/501 502/207/502
f 503/184/503 504/186/504 505/212/505
usemtl tex_2079_lit
f 506/232/506 507/233/507 508/234/508
f 509/235/509 510/236/510 511/237/511
f 512/238/512 513/239/513 514/240/514
f 515/241/515 516/242/516 517/243/517
f 518/244/518 519/240/519 520/239/520
f 517/243/517 516/242/516 521/238/521
f 522/245/522 523/246/523 518/244/518
f 524/247/524 525/248/525 526/233/526
f 524/247/524 527/249/527 528/250/528
f 529/232/529 530/234/530 517/243/517
f 531/251/531 532/235/532 533/252/533
f 534/253/534 535/249/535 536/254/536
f 537/247/537 538/250/538 539/255/539
f 531/251/531 540/256/540 541/257/541
f 542/258/542 543/233/543 544/232/544
f 545/259/545 538/250/538 535/249/535
f 546/243/546 547/234/547 548/260/548
f 549/232/549 546/243/546 550/261/550
f 551/253/551 550/261/550 552/240/552
f 553/244/553 554/246/554 551/253/551
f 555/262/555 556/259/556 554/246/554
f 557/235/557 558/263/558 559/252/559
f 560/264/560 550/261/550 561/254/561
f 562/247/562 563/255/563 564/265/564
f 562/247/562 565/264/565 566/254/566
f 567/258/567 565/264/565 562/247/562
usemtl tex_2079_lit_ovl
f 568/236/568 569/251/569 570/257/570
usemtl tex_2079_lit
f 571/261/571 572/243/572 573/240/573
f 574/248/574 562/247/562 575/252/575
f 569/251/569 575/252/575 576/256/576
f 564/265/564 576/256/576 575/252/575
f 577/263/577 574/248/574 575/252/575
f 578/249/578 579/253/579 580/246/580
f 581/251/581 582/236/582 583/235/583
f 584/259/584 578/249/578 580/246/580
f 585/247/585 586/265/586 587/252/587
f 588/258/588 585/247/585 589/233/589
f 585/247/585 590/254/590 578/249/578
f 579/253/579 590/254/590 591/261/591
f 592/244/592 579/253/579 593/240/593
f 594/258/594 595/232/595 596/261/596
f 594/258/594 596/261/596 597/264/597
f 598/241/598 599/243/599 600/260/600
f 601/240/601 599/243/599 602/238/602
f 603/245/603 604/266/604 605/246/605
f 603/245/603 606/244/606 607/239/607
f 604/266/604 608/262/608 605/246/605
f 609/250/609 610/259/610 611/267/611
f 611/267/611 612/268/612 609/250/609
f 612/268/612 613/255/613 609/250/609
f 613/255/613 612/268/612 614/265/614
f 614/265/614 612/268/612 615/256/615
f 616/269/616 615/256/615 612/268/612
f 615/256/615 616/269/616 617/257/617
usemtl tex_2065_lit_w11
f 618/270/618 619/271/619 620/272/620
f 618/270/618 620/272/620 621/273/621
usemtl tex_2078_lit
f 622/274/622 623/275/623 624/276/624
f 622/274/622 624/276/624 625/277/625
f 626/278/626 627/279/627 628/280/628
f 626/278/626 628/280/628 629/281/629
usemtl tex_2077_lit
f 630/282/630 631/283/631 632/284/632
f 630/282/630 632/284/632 633/285/633
f 634/286/634 635/287/635 636/288/636
f 634/286/634 636/288/636 637/289/637
usemtl tex_2079_lit
f 638/290/638 639/291/639 640/292/640
f 638/290/638 640/292/640 641/293/641
usemtl tex_2065_lit_w11
f 642/294/642 648/295/648 649/296/649
f 650/297/650 643/298/643 644/299/644
f 643/298/643 651/300/651 642/294/642
f 651/300/651 648/295/648 642/294/642
f 645/301/645 642/294/642 649/296/649
f 645/301/645 649/296/649 652/302/652
f 645/301/645 652/302/652 646/303/646
f 652/302/652 647/304/647 646/303/646
f 652/302/652 650/297/650 647/304/647
f 650/297/650 644/299/644 647/304/647
f 643/298/643 650/297/650 651/300/651
usemtl tex_2069_lit_w11
f 653/305/653 654/306/654 655/307/655
f 655/307/655 654/306/654 656/308/656
usemtl tex_2070_lit_w11
f 657/309/657 658/310/658 659/311/659
f 659/311/659 658/310/658 660/312/660
usemtl tex_2071_lit_w11
f 661/313/661 662/314/662 663/315/663
f 663/315/663 662/314/662 664/316/664
usemtl tex_2072_lit_w11
f 665/317/665 666/318/666 667/319/667
f 667/319/667 666/318/666 668/320/668
usemtl tex_2073_lit_w01
f 669/321/669 670/322/670 671/323/671
f 671/323/671 670/322/670 672/324/672
usemtl tex_2076_lit_w11
f 673/325/673 674/326/674 677/327/677
f 673/325/673 677/327/677 678/328/678
f 678/328/678 679/329/679 675/330/675
f 676/331/676 679/329/679 680/332/680
f 675/330/675 673/325/673 678/328/678
f 674/326/674 680/332/680 677/327/677
f 679/329/679 676/331/676 675/330/675
f 674/326/674 676/331/676 680/332/680
f 681/333/681 689/326/689 682/334/682
f 690/331/690 689/326/689 681/333/681
f 683/335/683 690/331/690 684/336/684
f 685/337/685 691/330/691 690/331/690
f 686/338/686 691/330/691 685/337/685
f 692/325/692 691/330/691 686/338/686
f 687/339/687 692/325/692 688/340/688
f 689/326/689 692/325/692 687/339/687
f 688/340/688 692/325/692 686/338/686
f 685/337/685 690/331/690 683/335/683
f 684/336/684 690/331/690 681/333/681
f 682/334/682 689/326/689 687/339/687
usemtl tex_2066_lit_w11
f 693/341/693 694/342/694 695/343/695
f 693/341/693 695/343/695 696/344/696
usemtl tex_2076_lit_w11
f 697/345/697 698/346/698 699/347/699
f 699/347/699 700/348/700 701/349/701
f 702/350/702 698/346/698 703/351/703
f 701/349/701 702/350/702 704/352/704
f 701/349/701 700/348/700 702/350/702
f 698/346/698 697/345/697 703/351/703
f 697/345/697 699/347/699 701/349/701
f 702/350/702 703/351/703 704/352/704
usemtl tex_2066_lit_w11
f 705/353/705 706/354/706 707/355/707
f 708/356/708 705/353/705 707/355/707
f 709/357/709 710/358/710 711/359/711
f 712/360/712 709/357/709 710/358/710
f 712/360/712 710/358/710 711/359/711
f 708/356/708 713/361/713 711/359/711
f 712/360/712 711/359/711 713/361/713
f 708/356/708 707/355/707 713/361/713
f 705/353/705 712/360/712 706/354/706
f 712/360/712 705/353/705 709/357/709
f 710/358/710 714/362/714 711/359/711
f 721/356/721 715/363/715 722/353/722
f 716/364/716 715/363/715 721/356/721
f 723/359/723 716/364/716 721/356/721
f 717/365/717 716/364/716 723/359/723
f 724/362/724 717/365/717 723/359/723
f 718/366/718 717/365/717 724/362/724
f 725/358/725 718/366/718 724/362/724
f 719/367/719 718/366/718 725/358/725
f 726/357/726 719/367/719 725/358/725
f 720/368/720 719/367/719 726/357/726
f 722/353/722 720/368/720 726/357/726
f 715/363/715 720/368/720 722/353/722
f 731/369/731 732/370/732 727/354/727
f 733/371/733 731/369/731 727/354/727
f 734/372/734 733/371/733 728/360/728
f 735/373/735 734/372/734 728/360/728
f 736/374/736 735/373/735 729/361/729
f 737/375/737 736/374/736 729/361/729
f 738/376/738 737/375/737 730/355/730
f 732/370/732 738/376/738 730/355/730
f 730/355/730 737/375/737 729/361/729
f 728/360/728 733/371/733 727/354/727
f 727/354/727 732/370/732 730/355/730
f 729/361/729 735/373/735 728/360/728
f 739/377/739 740/378/740 741/379/741
f 742/380/742 743/381/743 741/379/741
f 743/381/743 739/377/739 741/379/741
f 744/382/744 745/383/745 740/378/740
usemtl tex_2066_lit_w11_ovl
f 740/378/740 745/383/745 746/384/746
usemtl tex_2066_lit_w11
f 742/380/742 744/382/744 743/381/743
f 740/378/740 746/384/746 741/379/741
f 744/382/744 742/380/742 745/383/745
f 747/377/747 743/381/743 744/382/744
f 744/382/744 740/378/740 747/377/747
f 746/384/746 745/383/745 742/380/742
f 746/384/746 742/380/742 741/379/741
usemtl tex_2069_lit_w11
f 748/385/748 749/386/749 750/387/750
f 751/388/751 749/386/749 748/385/748
usemtl tex_2070_lit_w11
f 752/389/752 753/390/753 754/391/754
f 755/392/755 753/390/753 752/389/752
usemtl tex_2071_lit_w11
f 756/393/756 757/394/757 758/395/758
f 759/396/759 757/394/757 756/393/756
usemtl tex_2072_lit_w11
f 760/397/760 761/398/761 762/399/762
f 763/400/763 761/398/761 760/397/760
usemtl tex_2073_lit_w01
f 764/401/764 765/402/765 766/403/766
usemtl tex_2073_lit_w01_ovl
f 767/404/767 765/402/765 764/401/764
usemtl tex_2076_lit_w11
f 772/405/772 768/406/768 769/407/769
f 773/408/773 772/405/772 769/407/769
f 770/409/770 774/410/774 773/408/773
f 775/411/775 774/410/774 771/412/771
f 773/408/773 769/407/769 770/409/770
f 772/405/772 775/411/775 768/406/768
f 770/409/770 771/412/771 774/410/774
f 775/411/775 771/412/771 768/406/768
f 776/413/776 777/414/777 784/409/784
f 777/414/777 778/415/778 785/412/785
f 779/416/779 780/417/780 786/406/786
f 780/417/780 781/418/781 787/407/787
f 782/419/782 776/413/776 784/409/784
f 781/418/781 782/419/782 787/407/787
f 778/415/778 783/420/783 785/412/785
f 783/420/783 779/416/779 786/406/786
f 787/407/787 782/419/782 784/409/784
f 786/406/786 780/417/780 787/407/787
f 785/412/785 783/420/783 786/406/786
f 784/409/784 777/414/777 785/412/785
usemtl tex_2066_lit_w11
f 788/421/788 789/422/789 790/423/790
f 788/421/788 790/423/790 791/424/791
usemtl tex_2076_lit_w11
f 792/425/792 793/426/793 794/427/794
f 795/428/795 796/429/796 792/425/792
f 797/430/797 793/426/793 798/431/798
f 799/432/799 798/431/798 795/428/795
f 798/431/798 796/429/796 795/428/795
f 797/430/797 794/427/794 793/426/793
f 795/428/795 792/425/792 794/427/794
f 799/432/799 797/430/797 798/431/798
usemtl tex_2066_lit_w11
f 800/433/800 801/434/801 802/435/802
f 800/433/800 802/435/802 803/436/803
f 804/437/804 802/435/802 805/438/805
f 805/438/805 806/439/806 807/440/807
f 801/434/801 805/438/805 802/435/802
f 807/440/807 808/441/808 809/442/809
f 806/439/806 800/433/800 803/436/803
f 807/440/807 809/442/809 804/437/804
f 807/440/807 806/439/806 803/436/803
f 807/440/807 809/442/809 804/437/804
f 805/438/805 807/440/807 804/437/804
f 810/443/810 816/442/816 811/444/811
f 811/444/811 816/442/816 817/441/817
f 811/444/811 817/441/817 812/445/812
f 812/445/812 817/441/817 818/440/818
f 812/445/812 818/440/818 813/446/813
f 813/446/813 818/440/818 819/436/819
f 813/446/813 819/436/819 814/447/814
f 814/447/814 819/436/819 820/435/820
f 814/447/814 820/435/820 815/448/815
f 815/448/815 820/435/820 821/437/821
f 815/448/815 821/437/821 810/443/810
f 810/443/810 821/437/821 816/442/816
f 826/449/826 822/434/822 827/450/827
f 823/438/823 822/434/822 826/449/826
f 828/451/828 823/438/823 829/452/829
f 824/439/824 823/438/823 828/451/828
f 830/453/830 824/439/824 831/454/831
f 825/433/825 824/439/824 830/453/830
f 832/455/832 825/433/825 833/456/833
f 822/434/822 825/433/825 832/455/832
f 833/456/833 825/433/825 830/453/830
f 827/450/827 822/434/822 832/455/832
f 829/452/829 823/438/823 826/449/826
f 831/454/831 824/439/824 828/451/828
f 834/457/834 835/458/835 836/459/836
f 836/459/836 837/460/837 834/457/834
f 838/461/838 836/459/836 839/458/839
f 838/461/838 834/457/834 840/462/840
f 838/461/838 839/458/839 834/457/834
f 836/459/836 841/463/841 837/460/837
f 842/464/842 841/463/841 836/459/836
f 834/457/834 837/460/837 840/462/840
f 838/461/838 842/464/842 836/459/836
f 841/463/841 840/462/840 837/460/837
f 841/463/841 842/464/842 838/461/838
f 841/463/841 838/461/838 840/462/840
usemtl tex_2082_lit_w11
f 843/465/843 844/466/844 845/467/845
f 846/468/846 847/469/847 848/470/848
f 849/471/849 845/467/845 850/472/850
f 851/473/851 852/474/852 845/467/845
f 853/475/853 854/476/854 846/468/846
f 855/477/855 856/478/856 857/479/857
f 858/474/858 859/480/859 860/481/860
f 861/482/861 862/477/862 863/479/863
f 864/466/864 865/465/865 861/482/861
f 866/468/866 867/483/867 868/469/868
f 869/484/869 864/466/864 870/485/870
f 871/486/871 872/487/872 873/488/873
f 874/480/874 875/488/875 876/489/876
f 877/475/877 878/468/878 879/470/879
f 880/467/880 881/471/881 882/490/882
f 883/483/883 884/491/884 885/469/885
f 886/482/886 887/465/887 888/477/888
f 889/492/889 890/476/890 891/472/891
f 892/493/892 893/494/893 894/495/894
f 895/496/895 896/485/896 897/482/897
f 898/497/898 891/472/891 899/467/899
f 891/472/891 898/497/898 889/492/889
f 900/466/900 901/484/901 902/473/902
f 896/485/896 895/496/895 903/487/903
f 904/498/904 905/495/905 906/465/906
f 906/465/906 907/490/907 904/498/904
f 908/474/908 909/497/909 910/467/910
f 911/499/911 912/470/912 913/469/913
f 914/496/914 915/482/915 916/479/916
f 917/468/917 918/476/918 919/483/919
f 920/500/920 921/475/921 922/470/922
f 923/501/923 924/499/924 925/469/925
f 923/501/923 926/493/926 927/498/927
f 926/493/926 928/495/928 927/498/927
f 920/500/920 929/490/929 930/471/930
f 931/488/931 932/487/932 933/489/933
f 932/487/932 934/502/934 933/489/933
f 935/486/935 936/484/936 937/485/937
f 938/466/938 939/473/939 940/467/940
f 938/466/938 941/482/941 937/485/937
f 935/486/935 937/485/937 942/487/942
f 943/480/943 944/474/944 945/503/945
f 943/480/943 945/503/945 946/488/946
f 939/473/939 936/484/936 944/474/944
f 943/480/943 944/474/944 945/503/945
f 935/486/935 946/488/946 945/503/945
f 947/481/947 948/497/948 944/474/944
f 945/503/945 944/474/944 936/484/936
f 935/486/935 945/503/945 936/484/936
f 949/490/949 950/465/950 940/467/940
f 951/490/951 952/499/952 953/498/953
f 952/499/952 954/501/954 953/498/953
f 952/499/952 955/500/955 956/470/956
f 957/475/957 955/500/955 958/472/958
f 958/472/958 955/500/955 959/471/959
f 951/490/951 955/500/955 952/499/952
f 960/476/960 957/475/957 958/472/958
usemtl tex_2083_lit_w11
f 961/504/961 962/505/962 963/506/963
f 964/507/964 965/508/965 966/509/966
f 967/510/967 968/504/968 969/511/969
f 970/512/970 971/513/971 972/505/972
f 973/508/973 972/505/972 974/509/974
f 975/507/975 976/514/976 973/508/973
f 977/515/977 974/509/974 967/510/967
f 978/506/978 979/516/979 980/517/980
f 978/506/978 981/518/981 979/516/979
f 982/519/982 973/508/973 976/514/976
f 977/515/977 975/507/975 974/509/974
f 983/513/983 984/520/984 985/521/985
f 986/504/986 987/517/987 988/511/988
f 989/506/989 990/505/990 983/513/983
f 990/505/990 991/508/991 992/512/992
f 987/517/987 986/504/986 989/506/989
f 993/509/993 990/505/990 986/504/986
f 994/518/994 989/506/989 983/513/983
f 983/513/983 985/521/985 994/518/994
f 986/504/986 995/510/995 993/509/993
usemtl tex_2082_lit_w11
f 996/522/996 1005/489/1005 997/523/997
f 1006/480/1006 1005/489/1005 996/522/996
f 998/524/998 1006/480/1006 999/525/999
f 1007/497/1007 1008/481/1008 998/524/998
f 1008/481/1008 1006/480/1006 998/524/998
f 1000/526/1000 1007/497/1007 1001/527/1001
f 1009/476/1009 1010/492/1010 1000/526/1000
f 1010/492/1010 1007/497/1007 1000/526/1000
f 1002/528/1002 1009/476/1009 1003/529/1003
f 1011/483/1011 1009/476/1009 1002/528/1002
f 1004/530/1004 1011/483/1011 1002/528/1002
f 999/525/999 1006/480/1006 996/522/996
f 1003/529/1003 1009/476/1009 1000/526/1000
f 1001/527/1001 1007/497/1007 998/524/998
usemtl tex_2083_lit_w11
f 1012/531/1012 1016/517/1016 1013/532/1013
f 1017/511/1017 1016/517/1016 1012/531/1012
f 1014/533/1014 1017/511/1017 1012/531/1012
f 1018/510/1018 1017/511/1017 1014/533/1014
f 1015/534/1015 1018/510/1018 1014/533/1014
usemtl tex_2082_lit_w11
f 1019/535/1019 1020/536/1020 1021/537/1021
f 1019/535/1019 1022/538/1022 1023/539/1023
f 1020/536/1020 1019/535/1019 1024/540/1024
f 1025/541/1025 1026/538/1026 1020/536/1020
f 1027/542/1027 1024/540/1024 1028/539/1028
f 1019/535/1019 1029/537/1029 1022/538/1022
f 1026/538/1026 1029/537/1029 1020/536/1020
f 1019/535/1019 1028/539/1028 1024/540/1024
f 1025/541/1025 1030/542/1030 1031/538/1031
f 1030/542/1030 1032/539/1032 1031/538/1031
usemtl tex_2083_lit_w11
f 1033/543/1033 1034/544/1034 1035/545/1035
f 1036/546/1036 1033/543/1033 1035/545/1035
usemtl tex_2075_lit_w11
f 1037/51/1037 1038/547/1038 1039/548/1039
f 1040/43/1040 1041/49/1041 1042/549/1042
f 1041/49/1041 1037/51/1037 1039/548/1039
f 1041/49/1041 1039/548/1039 1043/550/1043
f 1043/550/1043 1042/549/1042 1041/49/1041
usemtl tex_2074_lit
f 1044/551/1044 1045/552/1045 1046/553/1046
f 1047/554/1047 1048/555/1048 1049/556/1049
f 1050/557/1050 1051/558/1051 1052/559/1052
f 1053/560/1053 1054/561/1054 1055/562/1055
f 1056/563/1056 1057/564/1057 1058/565/1058
usemtl tex_2074_lit_ovl
f 1059/566/1059 1060/567/1060 1061/568/1061
usemtl tex_2074_lit
f 1062/557/1062 1063/569/1063 1055/562/1055
f 1063/569/1063 1053/560/1053 1055/562/1055
f 1064/552/1064 1059/566/1059 1065/553/1065
f 1065/553/1065 1059/566/1059 1066/570/1066
f 1058/565/1058 1067/571/1067 1056/563/1056
f 1068/564/1068 1069/554/1069 1070/556/1070
f 1071/557/1071 1072/559/1072 1073/569/1073
f 1068/564/1068 1070/556/1070 1074/565/1074
usemtl tex_2074_lit_ovl
f 1075/570/1075 1076/566/1076 1077/568/1077
usemtl tex_2082_lit_w11
f 1078/572/1078 1083/523/1083 1079/573/1079
f 1080/574/1080 1084/528/1084 1081/575/1081
f 1085/530/1085 1084/528/1084 1080/574/1080
f 1084/528/1084 1086/529/1086 1081/575/1081
f 1086/529/1086 1087/526/1087 1081/575/1081
f 1087/526/1087 1088/527/1088 1082/576/1082
f 1088/527/1088 1089/524/1089 1082/576/1082
f 1089/524/1089 1090/525/1090 1078/572/1078
f 1090/525/1090 1091/522/1091 1078/572/1078
f 1078/572/1078 1091/522/1091 1083/523/1083
f 1081/575/1081 1087/526/1087 1082/576/1082
f 1082/576/1082 1089/524/1089 1078/572/1078
usemtl tex_2083_lit_w11
f 1092/577/1092 1095/531/1095 1093/578/1093
f 1094/579/1094 1096/533/1096 1095/531/1095
f 1094/579/1094 1095/531/1095 1092/577/1092
f 1097/534/1097 1096/533/1096 1094/579/1094
f 1096/533/1096 1095/531/1095 1092/577/1092
f 1095/531/1095 1098/532/1098 1093/578/1093
usemtl tex_2074_lit
f 1099/580/1099 1100/581/1100 1101/582/1101
f 1102/583/1102 1103/584/1103 1104/585/1104
f 1102/583/1102 1104/585/1104 1105/586/1105
f 1100/581/1100 1103/584/1103 1102/583/1102
f 1100/581/1100 1099/580/1099 1103/584/1103
f 1105/586/1105 1104/585/1104 1106/582/1106
f 1106/582/1106 1104/585/1104 1107/587/1107
f 1108/587/1108 1099/580/1099 1101/582/1101
f 1103/584/1103 1109/587/1109 1110/585/1110
f 1103/584/1103 1111/580/1111 1109/587/1109
f 1112/586/1112 1113/582/1113 1114/581/1114
f 1112/586/1112 1114/581/1114 1102/583/1102
