mtllib GjoypadZ.mtl
v -258.29998779296875 36.94997978210449 -98.4048080444336 1.000 1.000 1.000
v -234.29998779296875 36.94997978210449 -108.4048080444336 1.000 1.000 1.000
v -234.29998779296875 26.949979782104492 -108.4048080444336 1.000 1.000 1.000
v -258.29998779296875 26.949979782104492 -98.4048080444336 1.000 1.000 1.000
v -268.29998779296875 36.94997978210449 -74.4048080444336 1.000 1.000 1.000
v -268.29998779296875 26.949979782104492 -74.4048080444336 1.000 1.000 1.000
v -258.29998779296875 36.94997978210449 -50.404808044433594 1.000 1.000 1.000
v -258.29998779296875 26.949979782104492 -50.404808044433594 1.000 1.000 1.000
v -234.29998779296875 36.94997978210449 -40.404808044433594 1.000 1.000 1.000
v -234.29998779296875 26.949979782104492 -40.404808044433594 1.000 1.000 1.000
v -210.29998779296875 36.94997978210449 -50.404808044433594 1.000 1.000 1.000
v -210.29998779296875 26.949979782104492 -50.404808044433594 1.000 1.000 1.000
v -200.29998779296875 36.94997978210449 -74.4048080444336 1.000 1.000 1.000
v -200.29998779296875 26.949979782104492 -74.4048080444336 1.000 1.000 1.000
v -210.29998779296875 36.94997978210449 -98.4048080444336 1.000 1.000 1.000
v -210.29998779296875 26.949979782104492 -98.4048080444336 1.000 1.000 1.000
v -234.29998779296875 36.94997978210449 -40.404808044433594 1.000 1.000 1.000
v -210.29998779296875 36.94997978210449 -50.404808044433594 1.000 1.000 1.000
v -200.29998779296875 36.94997978210449 -74.4048080444336 1.000 1.000 1.000
v -258.29998779296875 36.94997978210449 -50.404808044433594 1.000 1.000 1.000
v -210.29998779296875 36.94997978210449 -98.4048080444336 1.000 1.000 1.000
v -234.29998779296875 36.94997978210449 -108.4048080444336 1.000 1.000 1.000
v -268.29998779296875 36.94997978210449 -74.4048080444336 1.000 1.000 1.000
v -258.29998779296875 36.94997978210449 -98.4048080444336 1.000 1.000 1.000
v 0.0 74.29999916357337 -32.0 1.000 1.000 1.000
v -19.0 80.29999916357337 -19.0 1.000 1.000 1.000
v 0.0 80.29999916357337 -27.0 1.000 1.000 1.000
v -23.0 74.29999916357337 -23.0 1.000 1.000 1.000
v -27.0 80.29999916357337 0.0 1.000 1.000 1.000
v -32.0 74.29999916357337 0.0 1.000 1.000 1.000
v -19.0 80.29999916357337 19.0 1.000 1.000 1.000
v -23.0 74.29999916357337 23.0 1.000 1.000 1.000
v 0.0 80.29999916357337 27.0 1.000 1.000 1.000
v 0.0 74.29999916357337 32.0 1.000 1.000 1.000
v 19.0 80.29999916357337 19.0 1.000 1.000 1.000
v 23.0 74.29999916357337 23.0 1.000 1.000 1.000
v 27.0 80.29999916357337 0.0 1.000 1.000 1.000
v 32.0 74.29999916357337 0.0 1.000 1.000 1.000
v 19.0 80.29999916357337 -19.0 1.000 1.000 1.000
v 23.0 74.29999916357337 -23.0 1.000 1.000 1.000
v 0.0 64.29999916357337 -11.0 1.000 1.000 1.000
v -23.0 74.29999916357337 -23.0 1.000 1.000 1.000
v 0.0 74.29999916357337 -32.0 1.000 1.000 1.000
v -8.0 64.29999916357337 -8.0 1.000 1.000 1.000
v -32.0 74.29999916357337 0.0 1.000 1.000 1.000
v -11.0 64.29999916357337 0.0 1.000 1.000 1.000
v -23.0 74.29999916357337 23.0 1.000 1.000 1.000
v -8.0 64.29999916357337 8.0 1.000 1.000 1.000
v 0.0 74.29999916357337 32.0 1.000 1.000 1.000
v 0.0 64.29999916357337 11.0 1.000 1.000 1.000
v 23.0 74.29999916357337 23.0 1.000 1.000 1.000
v 8.0 64.29999916357337 8.0 1.000 1.000 1.000
v 32.0 74.29999916357337 0.0 1.000 1.000 1.000
v 11.0 64.29999916357337 0.0 1.000 1.000 1.000
v 23.0 74.29999916357337 -23.0 1.000 1.000 1.000
v 8.0 64.29999916357337 -8.0 1.000 1.000 1.000
v 0.0 21.299999163573375 -5.0 1.000 1.000 1.000
v -8.0 64.29999916357337 -8.0 1.000 1.000 1.000
v 0.0 64.29999916357337 -11.0 1.000 1.000 1.000
v -4.0 21.299999163573375 -4.0 1.000 1.000 1.000
v -11.0 64.29999916357337 0.0 1.000 1.000 1.000
v -5.0 21.299999163573375 0.0 1.000 1.000 1.000
v -8.0 64.29999916357337 8.0 1.000 1.000 1.000
v -4.0 21.299999163573375 4.0 1.000 1.000 1.000
v 0.0 64.29999916357337 11.0 1.000 1.000 1.000
v 0.0 21.299999163573375 5.0 1.000 1.000 1.000
v 8.0 64.29999916357337 8.0 1.000 1.000 1.000
v 4.0 21.299999163573375 4.0 1.000 1.000 1.000
v 11.0 64.29999916357337 0.0 1.000 1.000 1.000
v 5.0 21.299999163573375 0.0 1.000 1.000 1.000
v 8.0 64.29999916357337 -8.0 1.000 1.000 1.000
v 4.0 21.299999163573375 -4.0 1.000 1.000 1.000
v -19.0 80.29999916357337 19.0 1.000 1.000 1.000
v 0.0 80.29999916357337 27.0 1.000 1.000 1.000
v 19.0 80.29999916357337 19.0 1.000 1.000 1.000
v -27.0 80.29999916357337 0.0 1.000 1.000 1.000
v 27.0 80.29999916357337 0.0 1.000 1.000 1.000
v -19.0 80.29999916357337 -19.0 1.000 1.000 1.000
v 19.0 80.29999916357337 -19.0 1.000 1.000 1.000
v 0.0 80.29999916357337 -27.0 1.000 1.000 1.000
v -213.29998779296875 52.94999878210365 -223.34999084472656 1.000 1.000 1.000
v -213.29998779296875 58.94999878210365 -266.34999084472656 1.000 1.000 1.000
v -255.29998779296875 58.94999878210365 -266.34999084472656 1.000 1.000 1.000
v -255.29998779296875 52.94999878210365 -223.34999084472656 1.000 1.000 1.000
v -298.29998779296875 58.94999878210365 -223.34999084472656 1.000 1.000 1.000
v -298.29998779296875 58.94999878210365 -181.34999084472656 1.000 1.000 1.000
v -255.29998779296875 52.94999878210365 -181.34999084472656 1.000 1.000 1.000
v -255.29998779296875 58.94999878210365 -138.34999084472656 1.000 1.000 1.000
v -213.29998779296875 58.94999878210365 -138.34999084472656 1.000 1.000 1.000
v -213.29998779296875 52.94999878210365 -181.34999084472656 1.000 1.000 1.000
v -170.29998779296875 58.94999878210365 -181.34999084472656 1.000 1.000 1.000
v -170.29998779296875 58.94999878210365 -223.34999084472656 1.000 1.000 1.000
v -213.29998779296875 39.94999878210365 -138.34999084472656 1.000 1.000 1.000
v -213.29998779296875 31.94999878210365 -181.34999084472656 1.000 1.000 1.000
v -170.29998779296875 39.94999878210365 -181.34999084472656 1.000 1.000 1.000
v -170.29998779296875 39.94999878210365 -223.34999084472656 1.000 1.000 1.000
v -213.29998779296875 52.94999878210365 -223.34999084472656 1.000 1.000 1.000
v -170.29998779296875 39.94999878210365 -223.34999084472656 1.000 1.000 1.000
v -213.29998779296875 31.94999878210365 -223.34999084472656 1.000 1.000 1.000
v -213.29998779296875 39.94999878210365 -266.34999084472656 1.000 1.000 1.000
v -213.29998779296875 58.94999878210365 -266.34999084472656 1.000 1.000 1.000
v -255.29998779296875 58.94999878210365 -266.34999084472656 1.000 1.000 1.000
v -255.29998779296875 39.94999878210365 -266.34999084472656 1.000 1.000 1.000
v -255.29998779296875 52.94999878210365 -223.34999084472656 1.000 1.000 1.000
v -255.29998779296875 31.94999878210365 -223.34999084472656 1.000 1.000 1.000
v -298.29998779296875 39.94999878210365 -223.34999084472656 1.000 1.000 1.000
v -298.29998779296875 58.94999878210365 -223.34999084472656 1.000 1.000 1.000
v -298.29998779296875 58.94999878210365 -181.34999084472656 1.000 1.000 1.000
v -298.29998779296875 39.94999878210365 -181.34999084472656 1.000 1.000 1.000
v -255.29998779296875 52.94999878210365 -181.34999084472656 1.000 1.000 1.000
v -255.29998779296875 31.94999878210365 -181.34999084472656 1.000 1.000 1.000
v -255.29998779296875 39.94999878210365 -138.34999084472656 1.000 1.000 1.000
v -255.29998779296875 58.94999878210365 -138.34999084472656 1.000 1.000 1.000
v -255.29998779296875 52.94999878210365 -181.34999084472656 1.000 1.000 1.000
v -255.29998779296875 31.94999878210365 -181.34999084472656 1.000 1.000 1.000
v -213.29998779296875 58.94999878210365 -138.34999084472656 1.000 1.000 1.000
v -213.29998779296875 39.94999878210365 -138.34999084472656 1.000 1.000 1.000
v 273.2749938964844 42.79998016357422 -138.30477905273438 1.000 1.000 1.000
v 267.2749938964844 63.79998016357422 -121.30477905273438 1.000 1.000 1.000
v 267.2749938964844 42.79998016357422 -121.30477905273438 1.000 1.000 1.000
v 273.2749938964844 63.79998016357422 -138.30477905273438 1.000 1.000 1.000
v 267.2749938964844 42.79998016357422 -155.30477905273438 1.000 1.000 1.000
v 267.2749938964844 63.79998016357422 -155.30477905273438 1.000 1.000 1.000
v 250.27499389648438 42.79998016357422 -161.30477905273438 1.000 1.000 1.000
v 250.27499389648438 63.79998016357422 -161.30477905273438 1.000 1.000 1.000
v 233.27499389648438 42.79998016357422 -155.30477905273438 1.000 1.000 1.000
v 233.27499389648438 63.79998016357422 -155.30477905273438 1.000 1.000 1.000
v 227.27499389648438 42.79998016357422 -138.30477905273438 1.000 1.000 1.000
v 227.27499389648438 63.79998016357422 -138.30477905273438 1.000 1.000 1.000
v 233.27499389648438 42.79998016357422 -121.30477905273438 1.000 1.000 1.000
v 233.27499389648438 63.79998016357422 -121.30477905273438 1.000 1.000 1.000
v 250.27499389648438 42.79998016357422 -115.30477905273438 1.000 1.000 1.000
v 250.27499389648438 63.79998016357422 -115.30477905273438 1.000 1.000 1.000
v 233.27499389648438 63.79998016357422 -121.30477905273438 1.000 1.000 1.000
v 250.27499389648438 63.79998016357422 -115.30477905273438 1.000 1.000 1.000
v 267.2749938964844 63.79998016357422 -121.30477905273438 1.000 1.000 1.000
v 273.2749938964844 63.79998016357422 -138.30477905273438 1.000 1.000 1.000
v 227.27499389648438 63.79998016357422 -138.30477905273438 1.000 1.000 1.000
v 267.2749938964844 63.79998016357422 -155.30477905273438 1.000 1.000 1.000
v 233.27499389648438 63.79998016357422 -155.30477905273438 1.000 1.000 1.000
v 250.27499389648438 63.79998016357422 -161.30477905273438 1.000 1.000 1.000
v 273.2749938964844 42.24998092651367 -42.454811096191406 1.000 1.000 1.000
v 267.2749938964844 64.24998092651367 -25.454811096191406 1.000 1.000 1.000
v 267.2749938964844 42.24998092651367 -25.454811096191406 1.000 1.000 1.000
v 273.2749938964844 64.24998092651367 -42.454811096191406 1.000 1.000 1.000
v 267.2749938964844 42.24998092651367 -59.454811096191406 1.000 1.000 1.000
v 267.2749938964844 64.24998092651367 -59.454811096191406 1.000 1.000 1.000
v 250.27499389648438 42.24998092651367 -65.4548110961914 1.000 1.000 1.000
v 250.27499389648438 64.24998092651367 -65.4548110961914 1.000 1.000 1.000
v 233.27499389648438 42.24998092651367 -59.454811096191406 1.000 1.000 1.000
v 233.27499389648438 64.24998092651367 -59.454811096191406 1.000 1.000 1.000
v 227.27499389648438 42.24998092651367 -42.454811096191406 1.000 1.000 1.000
v 227.27499389648438 64.24998092651367 -42.454811096191406 1.000 1.000 1.000
v 233.27499389648438 42.24998092651367 -25.454811096191406 1.000 1.000 1.000
v 233.27499389648438 64.24998092651367 -25.454811096191406 1.000 1.000 1.000
v 250.27499389648438 42.24998092651367 -19.454811096191406 1.000 1.000 1.000
v 250.27499389648438 64.24998092651367 -19.454811096191406 1.000 1.000 1.000
v 233.27499389648438 64.24998092651367 -25.454811096191406 1.000 1.000 1.000
v 250.27499389648438 64.24998092651367 -19.454811096191406 1.000 1.000 1.000
v 267.2749938964844 64.24998092651367 -25.454811096191406 1.000 1.000 1.000
v 273.2749938964844 64.24998092651367 -42.454811096191406 1.000 1.000 1.000
v 227.27499389648438 64.24998092651367 -42.454811096191406 1.000 1.000 1.000
v 267.2749938964844 64.24998092651367 -59.454811096191406 1.000 1.000 1.000
v 233.27499389648438 64.24998092651367 -59.454811096191406 1.000 1.000 1.000
v 250.27499389648438 64.24998092651367 -65.4548110961914 1.000 1.000 1.000
v 225.34999084472656 42.37997817993164 -90.37980651855469 1.000 1.000 1.000
v 219.34999084472656 64.37997817993164 -73.37980651855469 1.000 1.000 1.000
v 219.34999084472656 42.37997817993164 -73.37980651855469 1.000 1.000 1.000
v 225.34999084472656 64.37997817993164 -90.37980651855469 1.000 1.000 1.000
v 219.34999084472656 42.37997817993164 -107.37980651855469 1.000 1.000 1.000
v 219.34999084472656 64.37997817993164 -107.37980651855469 1.000 1.000 1.000
v 202.34999084472656 42.37997817993164 -113.37980651855469 1.000 1.000 1.000
v 202.34999084472656 64.37997817993164 -113.37980651855469 1.000 1.000 1.000
v 185.34999084472656 42.37997817993164 -107.37980651855469 1.000 1.000 1.000
v 185.34999084472656 64.37997817993164 -107.37980651855469 1.000 1.000 1.000
v 179.34999084472656 42.37997817993164 -90.37980651855469 1.000 1.000 1.000
v 179.34999084472656 64.37997817993164 -90.37980651855469 1.000 1.000 1.000
v 185.34999084472656 42.37997817993164 -73.37980651855469 1.000 1.000 1.000
v 185.34999084472656 64.37997817993164 -73.37980651855469 1.000 1.000 1.000
v 202.34999084472656 42.37997817993164 -67.37980651855469 1.000 1.000 1.000
v 202.34999084472656 64.37997817993164 -67.37980651855469 1.000 1.000 1.000
v 185.34999084472656 64.37997817993164 -73.37980651855469 1.000 1.000 1.000
v 202.34999084472656 64.37997817993164 -67.37980651855469 1.000 1.000 1.000
v 219.34999084472656 64.37997817993164 -73.37980651855469 1.000 1.000 1.000
v 225.34999084472656 64.37997817993164 -90.37980651855469 1.000 1.000 1.000
v 179.34999084472656 64.37997817993164 -90.37980651855469 1.000 1.000 1.000
v 219.34999084472656 64.37997817993164 -107.37980651855469 1.000 1.000 1.000
v 185.34999084472656 64.37997817993164 -107.37980651855469 1.000 1.000 1.000
v 202.34999084472656 64.37997817993164 -113.37980651855469 1.000 1.000 1.000
v 321.1999816894531 42.37997817993164 -90.37980651855469 1.000 1.000 1.000
v 315.1999816894531 64.37997817993164 -73.37980651855469 1.000 1.000 1.000
v 315.1999816894531 42.37997817993164 -73.37980651855469 1.000 1.000 1.000
v 321.1999816894531 64.37997817993164 -90.37980651855469 1.000 1.000 1.000
v 315.1999816894531 42.37997817993164 -107.37980651855469 1.000 1.000 1.000
v 315.1999816894531 64.37997817993164 -107.37980651855469 1.000 1.000 1.000
v 298.1999816894531 42.37997817993164 -113.37980651855469 1.000 1.000 1.000
v 298.1999816894531 64.37997817993164 -113.37980651855469 1.000 1.000 1.000
v 281.1999816894531 42.37997817993164 -107.37980651855469 1.000 1.000 1.000
v 281.1999816894531 64.37997817993164 -107.37980651855469 1.000 1.000 1.000
v 275.1999816894531 42.37997817993164 -90.37980651855469 1.000 1.000 1.000
v 275.1999816894531 64.37997817993164 -90.37980651855469 1.000 1.000 1.000
v 281.1999816894531 42.37997817993164 -73.37980651855469 1.000 1.000 1.000
v 281.1999816894531 64.37997817993164 -73.37980651855469 1.000 1.000 1.000
v 298.1999816894531 42.37997817993164 -67.37980651855469 1.000 1.000 1.000
v 298.1999816894531 64.37997817993164 -67.37980651855469 1.000 1.000 1.000
v 315.1999816894531 64.37997817993164 -107.37980651855469 1.000 1.000 1.000
v 298.1999816894531 64.37997817993164 -113.37980651855469 1.000 1.000 1.000
v 281.1999816894531 64.37997817993164 -107.37980651855469 1.000 1.000 1.000
v 275.1999816894531 64.37997817993164 -90.37980651855469 1.000 1.000 1.000
v 321.1999816894531 64.37997817993164 -90.37980651855469 1.000 1.000 1.000
v 281.1999816894531 64.37997817993164 -73.37980651855469 1.000 1.000 1.000
v 315.1999816894531 64.37997817993164 -73.37980651855469 1.000 1.000 1.000
v 298.1999816894531 64.37997817993164 -67.37980651855469 1.000 1.000 1.000
v 165.6999969482422 52.924999163573375 -132.4999942779541 1.000 1.000 1.000
v 191.6999969482422 52.924999163573375 -143.4999942779541 1.000 1.000 1.000
v 191.6999969482422 42.924999163573375 -143.4999942779541 1.000 1.000 1.000
v 165.6999969482422 42.924999163573375 -132.4999942779541 1.000 1.000 1.000
v 154.6999969482422 52.924999163573375 -106.4999942779541 1.000 1.000 1.000
v 154.6999969482422 42.924999163573375 -106.4999942779541 1.000 1.000 1.000
v 165.6999969482422 52.924999163573375 -80.4999942779541 1.000 1.000 1.000
v 165.6999969482422 42.924999163573375 -80.4999942779541 1.000 1.000 1.000
v 191.6999969482422 52.924999163573375 -69.4999942779541 1.000 1.000 1.000
v 191.6999969482422 42.924999163573375 -69.4999942779541 1.000 1.000 1.000
v 217.6999969482422 52.924999163573375 -80.4999942779541 1.000 1.000 1.000
v 217.6999969482422 42.924999163573375 -80.4999942779541 1.000 1.000 1.000
v 228.6999969482422 52.924999163573375 -106.4999942779541 1.000 1.000 1.000
v 228.6999969482422 42.924999163573375 -106.4999942779541 1.000 1.000 1.000
v 217.6999969482422 52.924999163573375 -132.4999942779541 1.000 1.000 1.000
v 217.6999969482422 42.924999163573375 -132.4999942779541 1.000 1.000 1.000
v 165.6999969482422 52.924999163573375 -80.4999942779541 1.000 1.000 1.000
v 191.6999969482422 52.924999163573375 -69.4999942779541 1.000 1.000 1.000
v 217.6999969482422 52.924999163573375 -80.4999942779541 1.000 1.000 1.000
v 228.6999969482422 52.924999163573375 -106.4999942779541 1.000 1.000 1.000
v 154.6999969482422 52.924999163573375 -106.4999942779541 1.000 1.000 1.000
v 217.6999969482422 52.924999163573375 -132.4999942779541 1.000 1.000 1.000
v 165.6999969482422 52.924999163573375 -132.4999942779541 1.000 1.000 1.000
v 191.6999969482422 52.924999163573375 -143.4999942779541 1.000 1.000 1.000
v 101.79998779296875 53.699996874755016 -196.39999389648438 1.000 1.000 1.000
v 153.79998779296875 53.699996874755016 -196.39999389648438 1.000 1.000 1.000
v 127.79998779296875 53.699996874755016 -207.39999389648438 1.000 1.000 1.000
v 90.79998779296875 53.699996874755016 -170.39999389648438 1.000 1.000 1.000
v 164.79998779296875 53.699996874755016 -170.39999389648438 1.000 1.000 1.000
v 101.79998779296875 53.699996874755016 -144.39999389648438 1.000 1.000 1.000
v 153.79998779296875 53.699996874755016 -144.39999389648438 1.000 1.000 1.000
v 127.79998779296875 53.699996874755016 -133.39999389648438 1.000 1.000 1.000
v 101.79998779296875 53.699996874755016 -196.39999389648438 1.000 1.000 1.000
v 127.79998779296875 53.699996874755016 -207.39999389648438 1.000 1.000 1.000
v 127.79998779296875 42.699996874755016 -207.39999389648438 1.000 1.000 1.000
v 101.79998779296875 42.699996874755016 -196.39999389648438 1.000 1.000 1.000
v 90.79998779296875 53.699996874755016 -170.39999389648438 1.000 1.000 1.000
v 90.79998779296875 42.699996874755016 -170.39999389648438 1.000 1.000 1.000
v 101.79998779296875 53.699996874755016 -144.39999389648438 1.000 1.000 1.000
v 101.79998779296875 42.699996874755016 -144.39999389648438 1.000 1.000 1.000
v 127.79998779296875 53.699996874755016 -133.39999389648438 1.000 1.000 1.000
v 101.79998779296875 53.699996874755016 -144.39999389648438 1.000 1.000 1.000
v 101.79998779296875 42.699996874755016 -144.39999389648438 1.000 1.000 1.000
v 127.79998779296875 42.699996874755016 -133.39999389648438 1.000 1.000 1.000
v 153.79998779296875 53.699996874755016 -144.39999389648438 1.000 1.000 1.000
v 153.79998779296875 42.699996874755016 -144.39999389648438 1.000 1.000 1.000
v 164.79998779296875 53.699996874755016 -170.39999389648438 1.000 1.000 1.000
v 164.79998779296875 42.699996874755016 -170.39999389648438 1.000 1.000 1.000
v 153.79998779296875 53.699996874755016 -196.39999389648438 1.000 1.000 1.000
v 153.79998779296875 42.699996874755016 -196.39999389648438 1.000 1.000 1.000
v 127.79998779296875 53.699996874755016 -207.39999389648438 1.000 1.000 1.000
v 127.79998779296875 42.699996874755016 -207.39999389648438 1.000 1.000 1.000
v 250.0749969482422 15.675001070922008 -399.0499801635742 1.000 1.000 1.000
v 160.0749969482422 15.675001070922008 -410.0499801635742 1.000 1.000 1.000
v 165.0749969482422 15.675001070922008 -394.0499801635742 1.000 1.000 1.000
v 250.0749969482422 15.675001070922008 -383.0499801635742 1.000 1.000 1.000
v 319.0749969482422 15.675001070922008 -378.0499801635742 1.000 1.000 1.000
v 319.0749969482422 15.675001070922008 -362.0499801635742 1.000 1.000 1.000
v 160.0749969482422 15.675001070922008 -410.0499801635742 1.000 1.000 1.000
v 250.0749969482422 15.675001070922008 -399.0499801635742 1.000 1.000 1.000
v 250.0749969482422 -16.324998929077992 -399.0499801635742 1.000 1.000 1.000
v 160.0749969482422 -26.324998929077992 -410.0499801635742 1.000 1.000 1.000
v 250.0749969482422 -16.324998929077992 -399.0499801635742 1.000 1.000 1.000
v 319.0749969482422 -10.324998929077992 -378.0499801635742 1.000 1.000 1.000
v 319.0749969482422 -10.324998929077992 -362.0499801635742 1.000 1.000 1.000
v 165.0749969482422 -26.324998929077992 -394.0499801635742 1.000 1.000 1.000
v 250.0749969482422 -16.324998929077992 -383.0499801635742 1.000 1.000 1.000
v -250.0749969482422 -16.324998929077992 -399.0499801635742 1.000 1.000 1.000
v -250.0749969482422 15.675001070922008 -399.0499801635742 1.000 1.000 1.000
v -160.0749969482422 15.675001070922008 -410.0499801635742 1.000 1.000 1.000
v -165.0749969482422 15.675001070922008 -394.0499801635742 1.000 1.000 1.000
v -160.0749969482422 15.675001070922008 -410.0499801635742 1.000 1.000 1.000
v -250.0749969482422 15.675001070922008 -399.0499801635742 1.000 1.000 1.000
v -250.0749969482422 15.675001070922008 -383.0499801635742 1.000 1.000 1.000
v -319.0749969482422 15.675001070922008 -378.0499801635742 1.000 1.000 1.000
v -319.0749969482422 15.675001070922008 -362.0499801635742 1.000 1.000 1.000
v -250.0749969482422 -16.324998929077992 -399.0499801635742 1.000 1.000 1.000
v -160.0749969482422 -26.324998929077992 -410.0499801635742 1.000 1.000 1.000
v -319.0749969482422 -10.324998929077992 -378.0499801635742 1.000 1.000 1.000
v -319.0749969482422 -10.324998929077992 -362.0499801635742 1.000 1.000 1.000
v -165.0749969482422 -26.324998929077992 -394.0499801635742 1.000 1.000 1.000
v -250.0749969482422 -16.324998929077992 -383.0499801635742 1.000 1.000 1.000
v 32.0 -127.29999931054772 -85.07499313354492 1.000 1.000 1.000
v -32.0 -127.29999931054772 -85.07499313354492 1.000 1.000 1.000
v -32.0 -143.29999931054772 -106.07499313354492 1.000 1.000 1.000
v 32.0 -143.29999931054772 -106.07499313354492 1.000 1.000 1.000
v 32.0 -21.29999931054772 -165.07499313354492 1.000 1.000 1.000
v -32.0 -21.29999931054772 -165.07499313354492 1.000 1.000 1.000
v 0.0 43.0 -271.0 1.000 1.000 1.000
v -96.0 43.0 -224.0 1.000 1.000 1.000
v 0.0 43.0 -224.0 1.000 1.000 1.000
v -96.0 43.0 -271.0 1.000 1.000 1.000
v 96.0 43.0 -224.0 1.000 1.000 1.000
v 96.0 43.0 -271.0 1.000 1.000 1.000
v 186.0 43.0 -74.0 1.000 1.000 1.000
v 218.0 43.0 -5.0 1.000 1.000 1.000
v 234.0 43.0 -26.0 1.000 1.000 1.000
v 202.0 43.0 -67.0 1.000 1.000 1.000
v 227.0 43.0 -42.0 1.000 1.000 1.000
v 250.0 61.0 -90.0 1.000 1.000 1.000
v 226.0 59.0 -90.0 1.000 1.000 1.000
v 250.0 59.0 -66.0 1.000 1.000 1.000
v 275.0 59.0 -90.0 1.000 1.000 1.000
v 250.0 59.0 -115.0 1.000 1.000 1.000
v 267.0 43.0 -26.0 1.000 1.000 1.000
v 298.0 43.0 -67.0 1.000 1.000 1.000
v 274.0 43.0 -42.0 1.000 1.000 1.000
v 315.0 43.0 -74.0 1.000 1.000 1.000
v 274.0 43.0 -138.0 1.000 1.000 1.000
v 298.0 43.0 -114.0 1.000 1.000 1.000
v 315.0 43.0 -107.0 1.000 1.000 1.000
v 267.0 43.0 -155.0 1.000 1.000 1.000
v 202.0 43.0 -114.0 1.000 1.000 1.000
v 227.0 43.0 -138.0 1.000 1.000 1.000
v 234.0 43.0 -155.0 1.000 1.000 1.000
v 186.0 43.0 -107.0 1.000 1.000 1.000
v 357.0 37.0 -16.0 1.000 1.000 1.000
v 144.0 32.0 -197.0 1.000 1.000 1.000
v 357.0 37.0 -165.0 1.000 1.000 1.000
v 154.0 43.0 -17.0 1.000 1.000 1.000
v 166.0 43.0 -5.0 1.000 1.000 1.000
v 192.0 43.0 -15.0 1.000 1.000 1.000
v 164.0 43.0 -43.0 1.000 1.000 1.000
v 128.0 43.0 -6.0 1.000 1.000 1.000
v 155.0 43.0 21.0 1.000 1.000 1.000
v -67.0 40.0 128.0 1.000 1.000 1.000
v -80.0 32.0 128.0 1.000 1.000 1.000
v -75.0 29.0 159.0 1.000 1.000 1.000
v 0.0 21.0 208.0 1.000 1.000 1.000
v 0.0 35.0 195.0 1.000 1.000 1.000
v -31.0 24.0 203.0 1.000 1.000 1.000
v -47.0 38.0 175.0 1.000 1.000 1.000
v -56.0 27.0 184.0 1.000 1.000 1.000
v 56.0 27.0 184.0 1.000 1.000 1.000
v 47.0 38.0 175.0 1.000 1.000 1.000
v 31.0 24.0 203.0 1.000 1.000 1.000
v 0.0 35.0 195.0 1.000 1.000 1.000
v 0.0 21.0 208.0 1.000 1.000 1.000
v 80.0 32.0 128.0 1.000 1.000 1.000
v 67.0 40.0 128.0 1.000 1.000 1.000
v 75.0 29.0 159.0 1.000 1.000 1.000
v 56.0 37.0 71.0 1.000 1.000 1.000
v 47.0 42.0 81.0 1.000 1.000 1.000
v 75.0 35.0 97.0 1.000 1.000 1.000
v 0.0 43.0 48.0 1.000 1.000 1.000
v 0.0 47.0 61.0 1.000 1.000 1.000
v 31.0 40.0 53.0 1.000 1.000 1.000
v -56.0 37.0 71.0 1.000 1.000 1.000
v -47.0 42.0 81.0 1.000 1.000 1.000
v -31.0 40.0 53.0 1.000 1.000 1.000
v 0.0 47.0 61.0 1.000 1.000 1.000
v 0.0 43.0 48.0 1.000 1.000 1.000
v -80.0 32.0 128.0 1.000 1.000 1.000
v -67.0 40.0 128.0 1.000 1.000 1.000
v -75.0 35.0 97.0 1.000 1.000 1.000
v -56.0 27.0 184.0 1.000 1.000 1.000
v -47.0 38.0 175.0 1.000 1.000 1.000
v -75.0 29.0 159.0 1.000 1.000 1.000
v 0.0 35.0 195.0 1.000 1.000 1.000
v 31.0 49.0 159.0 1.000 1.000 1.000
v 0.0 49.0 172.0 1.000 1.000 1.000
v 47.0 38.0 175.0 1.000 1.000 1.000
v 44.0 49.0 128.0 1.000 1.000 1.000
v 67.0 40.0 128.0 1.000 1.000 1.000
v 44.0 49.0 128.0 1.000 1.000 1.000
v 47.0 38.0 175.0 1.000 1.000 1.000
v 31.0 50.0 97.0 1.000 1.000 1.000
v 47.0 42.0 81.0 1.000 1.000 1.000
v 0.0 52.0 84.0 1.000 1.000 1.000
v 0.0 47.0 61.0 1.000 1.000 1.000
v -31.0 50.0 97.0 1.000 1.000 1.000
v -47.0 42.0 81.0 1.000 1.000 1.000
v -44.0 49.0 128.0 1.000 1.000 1.000
v -67.0 40.0 128.0 1.000 1.000 1.000
v -31.0 49.0 159.0 1.000 1.000 1.000
v -47.0 38.0 175.0 1.000 1.000 1.000
v 0.0 49.0 172.0 1.000 1.000 1.000
v 0.0 35.0 195.0 1.000 1.000 1.000
v 16.0 21.0 128.0 1.000 1.000 1.000
v 11.0 21.0 117.0 1.000 1.000 1.000
v 16.0 21.0 128.0 1.000 1.000 1.000
v 31.0 50.0 97.0 1.000 1.000 1.000
v 0.0 52.0 84.0 1.000 1.000 1.000
v 0.0 21.0 112.0 1.000 1.000 1.000
v -31.0 50.0 97.0 1.000 1.000 1.000
v -11.0 21.0 117.0 1.000 1.000 1.000
v -44.0 49.0 128.0 1.000 1.000 1.000
v -16.0 21.0 128.0 1.000 1.000 1.000
v -31.0 49.0 159.0 1.000 1.000 1.000
v -11.0 21.0 139.0 1.000 1.000 1.000
v 0.0 49.0 172.0 1.000 1.000 1.000
v 0.0 21.0 144.0 1.000 1.000 1.000
v 31.0 49.0 159.0 1.000 1.000 1.000
v 11.0 21.0 139.0 1.000 1.000 1.000
v 44.0 49.0 128.0 1.000 1.000 1.000
v -101.0 27.0 176.0 1.000 1.000 1.000
v -75.0 29.0 159.0 1.000 1.000 1.000
v -80.0 32.0 128.0 1.000 1.000 1.000
v -56.0 27.0 184.0 1.000 1.000 1.000
v -106.0 32.0 128.0 1.000 1.000 1.000
v -85.0 11.0 266.0 1.000 1.000 1.000
v 0.0 21.0 208.0 1.000 1.000 1.000
v -31.0 24.0 203.0 1.000 1.000 1.000
v 0.0 11.0 266.0 1.000 1.000 1.000
v 85.0 11.0 266.0 1.000 1.000 1.000
v 56.0 27.0 184.0 1.000 1.000 1.000
v 31.0 24.0 203.0 1.000 1.000 1.000
v 101.0 27.0 176.0 1.000 1.000 1.000
v 80.0 32.0 128.0 1.000 1.000 1.000
v 75.0 29.0 159.0 1.000 1.000 1.000
v 106.0 32.0 128.0 1.000 1.000 1.000
v -64.0 -27.0 384.0 1.000 1.000 1.000
v 0.0 11.0 266.0 1.000 1.000 1.000
v -85.0 11.0 266.0 1.000 1.000 1.000
v 0.0 -27.0 384.0 1.000 1.000 1.000
v 64.0 -27.0 384.0 1.000 1.000 1.000
v 85.0 11.0 266.0 1.000 1.000 1.000
v -43.0 -64.0 469.0 1.000 1.000 1.000
v 0.0 -64.0 469.0 1.000 1.000 1.000
v 43.0 -64.0 469.0 1.000 1.000 1.000
v -32.0 -85.0 495.0 1.000 1.000 1.000
v 0.0 -96.0 506.0 1.000 1.000 1.000
v 32.0 -85.0 495.0 1.000 1.000 1.000
v 192.0 43.0 58.0 1.000 1.000 1.000
v 166.0 43.0 47.0 1.000 1.000 1.000
v 138.0 37.0 85.0 1.000 1.000 1.000
v 164.0 43.0 -43.0 1.000 1.000 1.000
v 192.0 43.0 -15.0 1.000 1.000 1.000
v 186.0 43.0 -74.0 1.000 1.000 1.000
v -80.0 43.0 11.0 1.000 1.000 1.000
v -138.0 37.0 85.0 1.000 1.000 1.000
v -56.0 37.0 71.0 1.000 1.000 1.000
v -31.0 40.0 53.0 1.000 1.000 1.000
v 0.0 43.0 48.0 1.000 1.000 1.000
v 80.0 43.0 11.0 1.000 1.000 1.000
v 56.0 37.0 71.0 1.000 1.000 1.000
v 138.0 37.0 85.0 1.000 1.000 1.000
v 31.0 40.0 53.0 1.000 1.000 1.000
v 0.0 43.0 2.0 1.000 1.000 1.000
v 31.0 43.0 -11.0 1.000 1.000 1.000
v 44.0 43.0 -43.0 1.000 1.000 1.000
v -31.0 43.0 -11.0 1.000 1.000 1.000
v -80.0 43.0 11.0 1.000 1.000 1.000
v -31.0 43.0 -11.0 1.000 1.000 1.000
v -44.0 43.0 -43.0 1.000 1.000 1.000
v -44.0 43.0 -43.0 1.000 1.000 1.000
v -31.0 43.0 -11.0 1.000 1.000 1.000
v -34.0 32.0 -43.0 1.000 1.000 1.000
v -24.0 32.0 -19.0 1.000 1.000 1.000
v 0.0 43.0 2.0 1.000 1.000 1.000
v 0.0 32.0 -9.0 1.000 1.000 1.000
v 31.0 43.0 -11.0 1.000 1.000 1.000
v 24.0 32.0 -19.0 1.000 1.000 1.000
v 44.0 43.0 -43.0 1.000 1.000 1.000
v 34.0 32.0 -43.0 1.000 1.000 1.000
v 31.0 43.0 -74.0 1.000 1.000 1.000
v 24.0 32.0 -66.0 1.000 1.000 1.000
v 0.0 43.0 -87.0 1.000 1.000 1.000
v 0.0 32.0 -76.0 1.000 1.000 1.000
v 24.0 32.0 -66.0 1.000 1.000 1.000
v 0.0 43.0 -87.0 1.000 1.000 1.000
v -31.0 43.0 -74.0 1.000 1.000 1.000
v -24.0 32.0 -66.0 1.000 1.000 1.000
v -44.0 43.0 -43.0 1.000 1.000 1.000
v -34.0 32.0 -43.0 1.000 1.000 1.000
v 91.0 43.0 -43.0 1.000 1.000 1.000
v 44.0 43.0 -43.0 1.000 1.000 1.000
v 80.0 43.0 11.0 1.000 1.000 1.000
v 102.0 43.0 -17.0 1.000 1.000 1.000
v 128.0 43.0 -6.0 1.000 1.000 1.000
v 138.0 37.0 85.0 1.000 1.000 1.000
v 155.0 43.0 21.0 1.000 1.000 1.000
v 166.0 43.0 47.0 1.000 1.000 1.000
v 56.0 37.0 71.0 1.000 1.000 1.000
v 75.0 35.0 97.0 1.000 1.000 1.000
v 106.0 32.0 128.0 1.000 1.000 1.000
v 80.0 32.0 128.0 1.000 1.000 1.000
v 138.0 37.0 85.0 1.000 1.000 1.000
v -106.0 32.0 128.0 1.000 1.000 1.000
v -75.0 35.0 97.0 1.000 1.000 1.000
v -56.0 37.0 71.0 1.000 1.000 1.000
v -80.0 32.0 128.0 1.000 1.000 1.000
v -138.0 37.0 85.0 1.000 1.000 1.000
v 69.0 43.0 -90.0 1.000 1.000 1.000
v 44.0 43.0 -43.0 1.000 1.000 1.000
v 91.0 43.0 -43.0 1.000 1.000 1.000
v 102.0 43.0 -68.0 1.000 1.000 1.000
v 154.0 43.0 -68.0 1.000 1.000 1.000
v 164.0 43.0 -43.0 1.000 1.000 1.000
v 186.0 43.0 -74.0 1.000 1.000 1.000
v 69.0 43.0 -90.0 1.000 1.000 1.000
v 102.0 43.0 -68.0 1.000 1.000 1.000
v 128.0 43.0 -79.0 1.000 1.000 1.000
v 186.0 43.0 -74.0 1.000 1.000 1.000
v 192.0 43.0 -15.0 1.000 1.000 1.000
v 218.0 43.0 -5.0 1.000 1.000 1.000
v 31.0 43.0 -74.0 1.000 1.000 1.000
v 44.0 43.0 -43.0 1.000 1.000 1.000
v 53.0 43.0 -133.0 1.000 1.000 1.000
v 0.0 43.0 -87.0 1.000 1.000 1.000
v 0.0 43.0 -144.0 1.000 1.000 1.000
v -53.0 43.0 -133.0 1.000 1.000 1.000
v -31.0 43.0 -74.0 1.000 1.000 1.000
v -69.0 43.0 -90.0 1.000 1.000 1.000
v -31.0 43.0 -74.0 1.000 1.000 1.000
v -53.0 43.0 -133.0 1.000 1.000 1.000
v -44.0 43.0 -43.0 1.000 1.000 1.000
v 69.0 43.0 -90.0 1.000 1.000 1.000
v 128.0 43.0 -79.0 1.000 1.000 1.000
v 117.0 43.0 -90.0 1.000 1.000 1.000
v 53.0 43.0 -133.0 1.000 1.000 1.000
v -117.0 43.0 -90.0 1.000 1.000 1.000
v 0.0 43.0 -144.0 1.000 1.000 1.000
v 96.0 43.0 -224.0 1.000 1.000 1.000
v 0.0 43.0 -224.0 1.000 1.000 1.000
v 133.0 43.0 -192.0 1.000 1.000 1.000
v -96.0 43.0 -224.0 1.000 1.000 1.000
v -133.0 43.0 -192.0 1.000 1.000 1.000
v -128.0 43.0 -42.0 1.000 1.000 1.000
v -128.0 43.0 -42.0 1.000 1.000 1.000
v -80.0 43.0 11.0 1.000 1.000 1.000
v -44.0 43.0 -43.0 1.000 1.000 1.000
v 234.0 37.0 75.0 1.000 1.000 1.000
v 192.0 43.0 58.0 1.000 1.000 1.000
v 138.0 37.0 85.0 1.000 1.000 1.000
v -192.0 43.0 21.0 1.000 1.000 1.000
v -138.0 37.0 85.0 1.000 1.000 1.000
v -234.0 37.0 75.0 1.000 1.000 1.000
v 218.0 43.0 47.0 1.000 1.000 1.000
v 227.0 43.0 -42.0 1.000 1.000 1.000
v 219.0 53.0 -74.0 1.000 1.000 1.000
v 202.0 43.0 -67.0 1.000 1.000 1.000
v 234.0 53.0 -59.0 1.000 1.000 1.000
v 226.0 59.0 -90.0 1.000 1.000 1.000
v 250.0 59.0 -66.0 1.000 1.000 1.000
v 275.0 59.0 -90.0 1.000 1.000 1.000
v 250.0 59.0 -66.0 1.000 1.000 1.000
v 282.0 53.0 -74.0 1.000 1.000 1.000
v 267.0 53.0 -59.0 1.000 1.000 1.000
v 298.0 43.0 -67.0 1.000 1.000 1.000
v 274.0 43.0 -42.0 1.000 1.000 1.000
v 250.0 59.0 -115.0 1.000 1.000 1.000
v 282.0 53.0 -107.0 1.000 1.000 1.000
v 267.0 53.0 -122.0 1.000 1.000 1.000
v 298.0 43.0 -114.0 1.000 1.000 1.000
v 274.0 43.0 -138.0 1.000 1.000 1.000
v 226.0 59.0 -90.0 1.000 1.000 1.000
v 234.0 53.0 -122.0 1.000 1.000 1.000
v 219.0 53.0 -107.0 1.000 1.000 1.000
v 227.0 43.0 -138.0 1.000 1.000 1.000
v 202.0 43.0 -114.0 1.000 1.000 1.000
v 186.0 43.0 -74.0 1.000 1.000 1.000
v 179.0 43.0 -90.0 1.000 1.000 1.000
v 154.0 43.0 -68.0 1.000 1.000 1.000
v 128.0 43.0 -79.0 1.000 1.000 1.000
v 117.0 43.0 -90.0 1.000 1.000 1.000
v 186.0 43.0 -107.0 1.000 1.000 1.000
v 304.0 37.0 48.0 1.000 1.000 1.000
v 218.0 43.0 47.0 1.000 1.000 1.000
v 234.0 37.0 75.0 1.000 1.000 1.000
v 228.0 43.0 21.0 1.000 1.000 1.000
v 250.0 43.0 -19.0 1.000 1.000 1.000
v 234.0 43.0 -26.0 1.000 1.000 1.000
v 218.0 43.0 -5.0 1.000 1.000 1.000
v 267.0 43.0 -26.0 1.000 1.000 1.000
v 357.0 37.0 -16.0 1.000 1.000 1.000
v 367.0 37.0 -85.0 1.000 1.000 1.000
v 315.0 43.0 -74.0 1.000 1.000 1.000
v 357.0 37.0 -16.0 1.000 1.000 1.000
v 322.0 43.0 -90.0 1.000 1.000 1.000
v -133.0 43.0 -192.0 1.000 1.000 1.000
v -96.0 43.0 -224.0 1.000 1.000 1.000
v -96.0 43.0 -271.0 1.000 1.000 1.000
v -154.0 37.0 -298.0 1.000 1.000 1.000
v -85.0 37.0 -319.0 1.000 1.000 1.000
v 0.0 43.0 -271.0 1.000 1.000 1.000
v 0.0 37.0 -330.0 1.000 1.000 1.000
v 85.0 37.0 -319.0 1.000 1.000 1.000
v 96.0 43.0 -271.0 1.000 1.000 1.000
v 133.0 43.0 -192.0 1.000 1.000 1.000
v 96.0 43.0 -224.0 1.000 1.000 1.000
v 154.0 37.0 -298.0 1.000 1.000 1.000
v 144.0 32.0 -197.0 1.000 1.000 1.000
v 133.0 43.0 -192.0 1.000 1.000 1.000
v 117.0 43.0 -90.0 1.000 1.000 1.000
v 154.0 37.0 -298.0 1.000 1.000 1.000
v 165.0 21.0 -266.0 1.000 1.000 1.000
v 117.0 43.0 -90.0 1.000 1.000 1.000
v 186.0 43.0 -107.0 1.000 1.000 1.000
v 234.0 43.0 -155.0 1.000 1.000 1.000
v 250.0 43.0 -162.0 1.000 1.000 1.000
v 315.0 43.0 -107.0 1.000 1.000 1.000
v 322.0 43.0 -90.0 1.000 1.000 1.000
v 367.0 37.0 -85.0 1.000 1.000 1.000
v 357.0 37.0 -165.0 1.000 1.000 1.000
v 267.0 43.0 -155.0 1.000 1.000 1.000
v 319.0 27.0 -234.0 1.000 1.000 1.000
v 250.0 21.0 -255.0 1.000 1.000 1.000
v -117.0 43.0 -90.0 1.000 1.000 1.000
v -133.0 43.0 -192.0 1.000 1.000 1.000
v -144.0 32.0 -197.0 1.000 1.000 1.000
v -154.0 37.0 -298.0 1.000 1.000 1.000
v -165.0 21.0 -266.0 1.000 1.000 1.000
v -250.0 21.0 -255.0 1.000 1.000 1.000
v -128.0 43.0 -42.0 1.000 1.000 1.000
v -117.0 43.0 -90.0 1.000 1.000 1.000
v -149.0 43.0 -74.0 1.000 1.000 1.000
v -156.0 43.0 -107.0 1.000 1.000 1.000
v -174.0 43.0 -135.0 1.000 1.000 1.000
v -202.0 43.0 -153.0 1.000 1.000 1.000
v -156.0 43.0 -42.0 1.000 1.000 1.000
v -174.0 43.0 -14.0 1.000 1.000 1.000
v -192.0 43.0 21.0 1.000 1.000 1.000
v -202.0 43.0 4.0 1.000 1.000 1.000
v -234.0 43.0 11.0 1.000 1.000 1.000
v -192.0 43.0 21.0 1.000 1.000 1.000
v -202.0 43.0 4.0 1.000 1.000 1.000
v -202.0 43.0 -153.0 1.000 1.000 1.000
v -144.0 32.0 -197.0 1.000 1.000 1.000
v -250.0 21.0 -255.0 1.000 1.000 1.000
v -234.0 43.0 -160.0 1.000 1.000 1.000
v -267.0 43.0 -153.0 1.000 1.000 1.000
v -319.0 27.0 -234.0 1.000 1.000 1.000
v -295.0 43.0 -135.0 1.000 1.000 1.000
v -357.0 37.0 -165.0 1.000 1.000 1.000
v -313.0 43.0 -107.0 1.000 1.000 1.000
v -319.0 43.0 -74.0 1.000 1.000 1.000
v -367.0 37.0 -85.0 1.000 1.000 1.000
v -313.0 43.0 -42.0 1.000 1.000 1.000
v -357.0 37.0 -16.0 1.000 1.000 1.000
v -234.0 37.0 75.0 1.000 1.000 1.000
v -192.0 43.0 21.0 1.000 1.000 1.000
v -234.0 43.0 11.0 1.000 1.000 1.000
v -267.0 43.0 4.0 1.000 1.000 1.000
v -313.0 43.0 -42.0 1.000 1.000 1.000
v -357.0 37.0 -16.0 1.000 1.000 1.000
v -295.0 43.0 -14.0 1.000 1.000 1.000
v -304.0 37.0 48.0 1.000 1.000 1.000
v -256.0 39.0 -138.0 1.000 1.000 1.000
v -213.0 39.0 -138.0 1.000 1.000 1.000
v -234.0 43.0 -160.0 1.000 1.000 1.000
v -267.0 43.0 -153.0 1.000 1.000 1.000
v -256.0 32.0 -96.0 1.000 1.000 1.000
v -295.0 43.0 -135.0 1.000 1.000 1.000
v -313.0 43.0 -107.0 1.000 1.000 1.000
v -298.0 39.0 -96.0 1.000 1.000 1.000
v -298.0 39.0 -96.0 1.000 1.000 1.000
v -313.0 43.0 -107.0 1.000 1.000 1.000
v -319.0 43.0 -74.0 1.000 1.000 1.000
v -298.0 39.0 -53.0 1.000 1.000 1.000
v -313.0 43.0 -42.0 1.000 1.000 1.000
v -256.0 32.0 -53.0 1.000 1.000 1.000
v -295.0 43.0 -14.0 1.000 1.000 1.000
v -267.0 43.0 4.0 1.000 1.000 1.000
v -256.0 39.0 -11.0 1.000 1.000 1.000
v -234.0 43.0 11.0 1.000 1.000 1.000
v -213.0 39.0 -11.0 1.000 1.000 1.000
v -202.0 43.0 4.0 1.000 1.000 1.000
v -213.0 32.0 -53.0 1.000 1.000 1.000
v -174.0 43.0 -14.0 1.000 1.000 1.000
v -156.0 43.0 -42.0 1.000 1.000 1.000
v -170.0 39.0 -53.0 1.000 1.000 1.000
v -170.0 39.0 -53.0 1.000 1.000 1.000
v -156.0 43.0 -42.0 1.000 1.000 1.000
v -149.0 43.0 -74.0 1.000 1.000 1.000
v -170.0 39.0 -96.0 1.000 1.000 1.000
v -156.0 43.0 -107.0 1.000 1.000 1.000
v -213.0 32.0 -96.0 1.000 1.000 1.000
v -174.0 43.0 -135.0 1.000 1.000 1.000
v -202.0 43.0 -153.0 1.000 1.000 1.000
v -213.0 39.0 -138.0 1.000 1.000 1.000
v -234.0 43.0 -160.0 1.000 1.000 1.000
v -106.0 -21.0 128.0 1.000 1.000 1.000
v -106.0 32.0 128.0 1.000 1.000 1.000
v -138.0 37.0 85.0 1.000 1.000 1.000
v -138.0 -21.0 85.0 1.000 1.000 1.000
v -101.0 -60.0 176.0 1.000 1.000 1.000
v -101.0 27.0 176.0 1.000 1.000 1.000
v -138.0 -21.0 85.0 1.000 1.000 1.000
v -138.0 37.0 85.0 1.000 1.000 1.000
v -234.0 37.0 75.0 1.000 1.000 1.000
v -234.0 0.0 75.0 1.000 1.000 1.000
v -85.0 -119.0 266.0 1.000 1.000 1.000
v -85.0 11.0 266.0 1.000 1.000 1.000
v -101.0 27.0 176.0 1.000 1.000 1.000
v -101.0 -60.0 176.0 1.000 1.000 1.000
v 234.0 37.0 75.0 1.000 1.000 1.000
v 138.0 37.0 85.0 1.000 1.000 1.000
v 234.0 0.0 75.0 1.000 1.000 1.000
v 138.0 -21.0 85.0 1.000 1.000 1.000
v 106.0 32.0 128.0 1.000 1.000 1.000
v 106.0 -21.0 128.0 1.000 1.000 1.000
v 101.0 27.0 176.0 1.000 1.000 1.000
v 101.0 -60.0 176.0 1.000 1.000 1.000
v 101.0 -60.0 176.0 1.000 1.000 1.000
v 101.0 27.0 176.0 1.000 1.000 1.000
v 85.0 11.0 266.0 1.000 1.000 1.000
v 85.0 -119.0 266.0 1.000 1.000 1.000
v 64.0 -27.0 384.0 1.000 1.000 1.000
v 64.0 -145.0 384.0 1.000 1.000 1.000
v 43.0 -64.0 469.0 1.000 1.000 1.000
v 43.0 -139.0 469.0 1.000 1.000 1.000
v 32.0 -85.0 495.0 1.000 1.000 1.000
v 32.0 -131.0 495.0 1.000 1.000 1.000
v 0.0 -96.0 506.0 1.000 1.000 1.000
v 0.0 -128.0 506.0 1.000 1.000 1.000
v -32.0 -85.0 495.0 1.000 1.000 1.000
v -32.0 -131.0 495.0 1.000 1.000 1.000
v -43.0 -64.0 469.0 1.000 1.000 1.000
v -43.0 -139.0 469.0 1.000 1.000 1.000
v -43.0 -139.0 469.0 1.000 1.000 1.000
v -43.0 -64.0 469.0 1.000 1.000 1.000
v -64.0 -27.0 384.0 1.000 1.000 1.000
v -64.0 -145.0 384.0 1.000 1.000 1.000
v -85.0 11.0 266.0 1.000 1.000 1.000
v -85.0 -119.0 266.0 1.000 1.000 1.000
v 0.0 -154.0 501.0 1.000 1.000 1.000
v 0.0 -170.0 495.0 1.000 1.000 1.000
v 32.0 -131.0 495.0 1.000 1.000 1.000
v 0.0 -192.0 469.0 1.000 1.000 1.000
v 0.0 -192.0 384.0 1.000 1.000 1.000
v -138.0 -21.0 85.0 1.000 1.000 1.000
v -234.0 0.0 75.0 1.000 1.000 1.000
v -234.0 -27.0 75.0 1.000 1.000 1.000
v 0.0 -176.0 266.0 1.000 1.000 1.000
v 0.0 -176.0 266.0 1.000 1.000 1.000
v -101.0 -60.0 176.0 1.000 1.000 1.000
v 0.0 -128.0 176.0 1.000 1.000 1.000
v -106.0 -21.0 128.0 1.000 1.000 1.000
v -21.0 -80.0 128.0 1.000 1.000 1.000
v 32.0 -131.0 495.0 1.000 1.000 1.000
v 0.0 -170.0 495.0 1.000 1.000 1.000
v 43.0 -139.0 469.0 1.000 1.000 1.000
v 64.0 -145.0 384.0 1.000 1.000 1.000
v 0.0 -192.0 469.0 1.000 1.000 1.000
v 0.0 -192.0 384.0 1.000 1.000 1.000
v 85.0 -119.0 266.0 1.000 1.000 1.000
v 106.0 -21.0 128.0 1.000 1.000 1.000
v 101.0 -60.0 176.0 1.000 1.000 1.000
v 21.0 -80.0 128.0 1.000 1.000 1.000
v -85.0 -119.0 266.0 1.000 1.000 1.000
v 0.0 -128.0 506.0 1.000 1.000 1.000
v -32.0 -131.0 495.0 1.000 1.000 1.000
v 0.0 -154.0 501.0 1.000 1.000 1.000
v 85.0 -119.0 266.0 1.000 1.000 1.000
v 64.0 -145.0 384.0 1.000 1.000 1.000
v 0.0 -192.0 384.0 1.000 1.000 1.000
v 32.0 -128.0 43.0 1.000 1.000 1.000
v 21.0 -80.0 128.0 1.000 1.000 1.000
v -32.0 -128.0 43.0 1.000 1.000 1.000
v 106.0 -21.0 128.0 1.000 1.000 1.000
v 138.0 -21.0 85.0 1.000 1.000 1.000
v 0.0 -170.0 495.0 1.000 1.000 1.000
v -43.0 -139.0 469.0 1.000 1.000 1.000
v -21.0 -80.0 128.0 1.000 1.000 1.000
v 0.0 -128.0 176.0 1.000 1.000 1.000
v -21.0 -80.0 128.0 1.000 1.000 1.000
v -106.0 -21.0 128.0 1.000 1.000 1.000
v -138.0 -21.0 85.0 1.000 1.000 1.000
v -32.0 -128.0 43.0 1.000 1.000 1.000
v 21.0 -80.0 128.0 1.000 1.000 1.000
v -218.0 -16.0 -96.0 1.000 1.000 1.000
v -106.0 -16.0 5.0 1.000 1.000 1.000
v 48.0 -149.0 -293.0 1.000 1.000 1.000
v 53.0 -91.0 -325.0 1.000 1.000 1.000
v 75.0 -192.0 -309.0 1.000 1.000 1.000
v -234.0 -27.0 75.0 1.000 1.000 1.000
v 106.0 -21.0 5.0 1.000 1.000 1.000
v 138.0 -21.0 85.0 1.000 1.000 1.000
v 32.0 -128.0 43.0 1.000 1.000 1.000
v 218.0 -16.0 -96.0 1.000 1.000 1.000
v 101.0 -60.0 176.0 1.000 1.000 1.000
v 85.0 -119.0 266.0 1.000 1.000 1.000
v 0.0 -176.0 266.0 1.000 1.000 1.000
v 0.0 -128.0 176.0 1.000 1.000 1.000
v 43.0 -139.0 469.0 1.000 1.000 1.000
v 0.0 -170.0 495.0 1.000 1.000 1.000
v 0.0 -192.0 469.0 1.000 1.000 1.000
v 64.0 -145.0 384.0 1.000 1.000 1.000
v 0.0 -154.0 501.0 1.000 1.000 1.000
v 32.0 -131.0 495.0 1.000 1.000 1.000
v 0.0 -128.0 506.0 1.000 1.000 1.000
v 304.0 37.0 48.0 1.000 1.000 1.000
v 234.0 37.0 75.0 1.000 1.000 1.000
v 234.0 0.0 75.0 1.000 1.000 1.000
v 304.0 16.0 48.0 1.000 1.000 1.000
v 357.0 37.0 -16.0 1.000 1.000 1.000
v 357.0 27.0 -16.0 1.000 1.000 1.000
v 357.0 37.0 -16.0 1.000 1.000 1.000
v 304.0 16.0 48.0 1.000 1.000 1.000
v 367.0 37.0 -85.0 1.000 1.000 1.000
v 367.0 37.0 -85.0 1.000 1.000 1.000
v 357.0 27.0 -16.0 1.000 1.000 1.000
v 383.0 27.0 -16.0 1.000 1.000 1.000
v 394.0 11.0 85.0 1.000 1.000 1.000
v 319.0 11.0 165.0 1.000 1.000 1.000
v 394.0 -21.0 213.0 1.000 1.000 1.000
v 330.0 -53.0 298.0 1.000 1.000 1.000
v 383.0 -59.0 282.0 1.000 1.000 1.000
v 373.0 -80.0 314.0 1.000 1.000 1.000
v 335.0 -85.0 336.0 1.000 1.000 1.000
v 234.0 0.0 75.0 1.000 1.000 1.000
v 250.0 -11.0 176.0 1.000 1.000 1.000
v 330.0 -53.0 298.0 1.000 1.000 1.000
v 250.0 -11.0 176.0 1.000 1.000 1.000
v 288.0 -59.0 304.0 1.000 1.000 1.000
v 304.0 -80.0 330.0 1.000 1.000 1.000
v 335.0 -85.0 336.0 1.000 1.000 1.000
v 234.0 0.0 75.0 1.000 1.000 1.000
v 234.0 -27.0 75.0 1.000 1.000 1.000
v 250.0 -102.0 176.0 1.000 1.000 1.000
v 288.0 -131.0 304.0 1.000 1.000 1.000
v 304.0 -127.0 330.0 1.000 1.000 1.000
v 335.0 -128.0 336.0 1.000 1.000 1.000
v 373.0 -80.0 314.0 1.000 1.000 1.000
v 373.0 -134.0 314.0 1.000 1.000 1.000
v 383.0 -59.0 282.0 1.000 1.000 1.000
v 383.0 -141.0 282.0 1.000 1.000 1.000
v 394.0 -21.0 213.0 1.000 1.000 1.000
v 394.0 -144.0 213.0 1.000 1.000 1.000
v 394.0 -21.0 213.0 1.000 1.000 1.000
v 383.0 -141.0 282.0 1.000 1.000 1.000
v 394.0 11.0 85.0 1.000 1.000 1.000
v 394.0 -112.0 85.0 1.000 1.000 1.000
v 383.0 27.0 -16.0 1.000 1.000 1.000
v 383.0 -16.0 -16.0 1.000 1.000 1.000
v 367.0 37.0 -85.0 1.000 1.000 1.000
v 367.0 -11.0 -85.0 1.000 1.000 1.000
v 357.0 37.0 -165.0 1.000 1.000 1.000
v 357.0 -11.0 -165.0 1.000 1.000 1.000
v 319.0 27.0 -234.0 1.000 1.000 1.000
v 319.0 -21.0 -234.0 1.000 1.000 1.000
v 335.0 -154.0 330.0 1.000 1.000 1.000
v 335.0 -128.0 336.0 1.000 1.000 1.000
v 304.0 -127.0 330.0 1.000 1.000 1.000
v 335.0 -154.0 330.0 1.000 1.000 1.000
v 304.0 -127.0 330.0 1.000 1.000 1.000
v 335.0 -176.0 320.0 1.000 1.000 1.000
v 288.0 -131.0 304.0 1.000 1.000 1.000
v 330.0 -192.0 304.0 1.000 1.000 1.000
v 250.0 -102.0 176.0 1.000 1.000 1.000
v 319.0 -192.0 112.0 1.000 1.000 1.000
v 234.0 -27.0 75.0 1.000 1.000 1.000
v 304.0 -122.0 -26.0 1.000 1.000 1.000
v 373.0 -134.0 314.0 1.000 1.000 1.000
v 335.0 -128.0 336.0 1.000 1.000 1.000
v 383.0 -141.0 282.0 1.000 1.000 1.000
v 394.0 -144.0 213.0 1.000 1.000 1.000
v 394.0 -112.0 85.0 1.000 1.000 1.000
v 383.0 -16.0 -16.0 1.000 1.000 1.000
v 218.0 -16.0 -96.0 1.000 1.000 1.000
v -234.0 0.0 75.0 1.000 1.000 1.000
v -234.0 37.0 75.0 1.000 1.000 1.000
v -304.0 37.0 48.0 1.000 1.000 1.000
v -304.0 16.0 48.0 1.000 1.000 1.000
v -357.0 37.0 -16.0 1.000 1.000 1.000
v -357.0 27.0 -16.0 1.000 1.000 1.000
v -367.0 37.0 -85.0 1.000 1.000 1.000
v -383.0 27.0 -16.0 1.000 1.000 1.000
v -357.0 27.0 -16.0 1.000 1.000 1.000
v -367.0 37.0 -85.0 1.000 1.000 1.000
v -394.0 11.0 85.0 1.000 1.000 1.000
v -319.0 11.0 165.0 1.000 1.000 1.000
v -394.0 -21.0 213.0 1.000 1.000 1.000
v -330.0 -53.0 298.0 1.000 1.000 1.000
v -383.0 -59.0 282.0 1.000 1.000 1.000
v -373.0 -80.0 314.0 1.000 1.000 1.000
v -330.0 -53.0 298.0 1.000 1.000 1.000
v -373.0 -80.0 314.0 1.000 1.000 1.000
v -335.0 -85.0 336.0 1.000 1.000 1.000
v -234.0 0.0 75.0 1.000 1.000 1.000
v -304.0 16.0 48.0 1.000 1.000 1.000
v -319.0 11.0 165.0 1.000 1.000 1.000
v -250.0 -11.0 176.0 1.000 1.000 1.000
v -288.0 -59.0 304.0 1.000 1.000 1.000
v -304.0 -80.0 330.0 1.000 1.000 1.000
v -234.0 -27.0 75.0 1.000 1.000 1.000
v -250.0 -102.0 176.0 1.000 1.000 1.000
v -288.0 -131.0 304.0 1.000 1.000 1.000
v -304.0 -127.0 330.0 1.000 1.000 1.000
v -335.0 -128.0 336.0 1.000 1.000 1.000
v -373.0 -134.0 314.0 1.000 1.000 1.000
v -383.0 -59.0 282.0 1.000 1.000 1.000
v -373.0 -134.0 314.0 1.000 1.000 1.000
v -383.0 -59.0 282.0 1.000 1.000 1.000
v -383.0 -141.0 282.0 1.000 1.000 1.000
v -394.0 -21.0 213.0 1.000 1.000 1.000
v -394.0 -144.0 213.0 1.000 1.000 1.000
v -394.0 11.0 85.0 1.000 1.000 1.000
v -394.0 -112.0 85.0 1.000 1.000 1.000
v -383.0 27.0 -16.0 1.000 1.000 1.000
v -383.0 -16.0 -16.0 1.000 1.000 1.000
v -367.0 37.0 -85.0 1.000 1.000 1.000
v -367.0 -16.0 -96.0 1.000 1.000 1.000
v -357.0 37.0 -165.0 1.000 1.000 1.000
v -357.0 -11.0 -165.0 1.000 1.000 1.000
v -319.0 27.0 -234.0 1.000 1.000 1.000
v -319.0 -21.0 -234.0 1.000 1.000 1.000
v -304.0 -127.0 330.0 1.000 1.000 1.000
v -335.0 -128.0 336.0 1.000 1.000 1.000
v -335.0 -154.0 330.0 1.000 1.000 1.000
v -335.0 -176.0 320.0 1.000 1.000 1.000
v -288.0 -131.0 304.0 1.000 1.000 1.000
v -330.0 -192.0 304.0 1.000 1.000 1.000
v -250.0 -102.0 176.0 1.000 1.000 1.000
v -319.0 -192.0 112.0 1.000 1.000 1.000
v -234.0 -27.0 75.0 1.000 1.000 1.000
v -304.0 -122.0 -26.0 1.000 1.000 1.000
v -373.0 -134.0 314.0 1.000 1.000 1.000
v -383.0 -141.0 282.0 1.000 1.000 1.000
v -394.0 -144.0 213.0 1.000 1.000 1.000
v -394.0 -112.0 85.0 1.000 1.000 1.000
v -383.0 -16.0 -16.0 1.000 1.000 1.000
v -218.0 -16.0 -96.0 1.000 1.000 1.000
v 32.0 -21.0 -37.0 1.000 1.000 1.000
v 106.0 -21.0 5.0 1.000 1.000 1.000
v 32.0 -128.0 43.0 1.000 1.000 1.000
v -32.0 -128.0 43.0 1.000 1.000 1.000
v -106.0 -16.0 5.0 1.000 1.000 1.000
v -32.0 -21.0 -37.0 1.000 1.000 1.000
v 122.0 -21.0 -106.0 1.000 1.000 1.000
v -122.0 -21.0 -106.0 1.000 1.000 1.000
v 117.0 -192.0 -165.0 1.000 1.000 1.000
v -117.0 -192.0 -165.0 1.000 1.000 1.000
v -218.0 -16.0 -96.0 1.000 1.000 1.000
v -383.0 -16.0 -16.0 1.000 1.000 1.000
v -367.0 -16.0 -96.0 1.000 1.000 1.000
v -357.0 -11.0 -165.0 1.000 1.000 1.000
v 0.0 37.0 -330.0 1.000 1.000 1.000
v 85.0 37.0 -319.0 1.000 1.000 1.000
v 0.0 -64.0 -330.0 1.000 1.000 1.000
v 53.0 -91.0 -325.0 1.000 1.000 1.000
v 154.0 37.0 -298.0 1.000 1.000 1.000
v 117.0 -192.0 -309.0 1.000 1.000 1.000
v 75.0 -192.0 -309.0 1.000 1.000 1.000
v -85.0 37.0 -319.0 1.000 1.000 1.000
v -53.0 -91.0 -325.0 1.000 1.000 1.000
v -154.0 37.0 -298.0 1.000 1.000 1.000
v -117.0 -192.0 -309.0 1.000 1.000 1.000
v -75.0 -192.0 -309.0 1.000 1.000 1.000
v 218.0 -16.0 -96.0 1.000 1.000 1.000
v 106.0 -21.0 5.0 1.000 1.000 1.000
v 122.0 -21.0 -106.0 1.000 1.000 1.000
v 218.0 -16.0 -96.0 1.000 1.000 1.000
v 367.0 -11.0 -85.0 1.000 1.000 1.000
v 383.0 -16.0 -16.0 1.000 1.000 1.000
v -165.0 -43.0 -160.0 1.000 1.000 1.000
v -117.0 -192.0 -165.0 1.000 1.000 1.000
v -122.0 -21.0 -106.0 1.000 1.000 1.000
v -117.0 -192.0 -309.0 1.000 1.000 1.000
v -165.0 -43.0 -266.0 1.000 1.000 1.000
v -154.0 37.0 -298.0 1.000 1.000 1.000
v -165.0 21.0 -266.0 1.000 1.000 1.000
v -250.0 21.0 -255.0 1.000 1.000 1.000
v -218.0 -16.0 -96.0 1.000 1.000 1.000
v -250.0 -32.0 -255.0 1.000 1.000 1.000
v -319.0 27.0 -234.0 1.000 1.000 1.000
v -319.0 -21.0 -234.0 1.000 1.000 1.000
v -357.0 -11.0 -165.0 1.000 1.000 1.000
v 117.0 -192.0 -309.0 1.000 1.000 1.000
v 154.0 37.0 -298.0 1.000 1.000 1.000
v 165.0 -43.0 -266.0 1.000 1.000 1.000
v 165.0 21.0 -266.0 1.000 1.000 1.000
v 250.0 21.0 -255.0 1.000 1.000 1.000
v 250.0 -32.0 -255.0 1.000 1.000 1.000
v 319.0 27.0 -234.0 1.000 1.000 1.000
v 319.0 -21.0 -234.0 1.000 1.000 1.000
v 357.0 -11.0 -165.0 1.000 1.000 1.000
v 367.0 -11.0 -85.0 1.000 1.000 1.000
v 218.0 -16.0 -96.0 1.000 1.000 1.000
v 165.0 -43.0 -160.0 1.000 1.000 1.000
v 122.0 -21.0 -106.0 1.000 1.000 1.000
v 117.0 -192.0 -165.0 1.000 1.000 1.000
v 0.0 -112.0 -287.0 1.000 1.000 1.000
v 0.0 -64.0 -330.0 1.000 1.000 1.000
v 53.0 -91.0 -325.0 1.000 1.000 1.000
v -53.0 -91.0 -325.0 1.000 1.000 1.000
v -48.0 -149.0 -293.0 1.000 1.000 1.000
v -75.0 -192.0 -309.0 1.000 1.000 1.000
v 48.0 -149.0 -293.0 1.000 1.000 1.000
v 234.0 -27.0 75.0 1.000 1.000 1.000
v 234.0 0.0 75.0 1.000 1.000 1.000
v 138.0 -21.0 85.0 1.000 1.000 1.000
v 218.0 -16.0 -96.0 1.000 1.000 1.000
v -75.0 -192.0 -298.0 1.000 1.000 1.000
v 75.0 -192.0 -309.0 1.000 1.000 1.000
v 75.0 -192.0 -298.0 1.000 1.000 1.000
v 75.0 -192.0 -298.0 1.000 1.000 1.000
v 75.0 -192.0 -309.0 1.000 1.000 1.000
v 117.0 -192.0 -309.0 1.000 1.000 1.000
v 117.0 -192.0 -165.0 1.000 1.000 1.000
v -117.0 -192.0 -165.0 1.000 1.000 1.000
v -75.0 -192.0 -298.0 1.000 1.000 1.000
v -117.0 -192.0 -309.0 1.000 1.000 1.000
v -75.0 -192.0 -309.0 1.000 1.000 1.000
v -75.0 -192.0 -298.0 1.000 1.000 1.000
v 48.0 -149.0 -293.0 1.000 1.000 1.000
v 75.0 -192.0 -298.0 1.000 1.000 1.000
v -48.0 -149.0 -293.0 1.000 1.000 1.000
v 0.0 -112.0 -287.0 1.000 1.000 1.000
vt -0.5801 2.6191
vt -0.0352 2.9160
vt 0.1953 2.4961
vt -0.3496 2.1973
vt 0.7363 3.3359
vt 0.9648 2.9160
vt 1.2812 3.6328
vt 1.5098 3.2129
vt 0.4648 0.6289
vt 0.5000 0.6133
vt 0.5156 0.5781
vt 0.4316 0.6152
vt 0.5039 0.5449
vt 0.4707 0.5312
vt 0.4199 0.5820
vt 0.4355 0.5469
vt 0.4316 0.8574
vt 0.5156 1.1426
vt 0.5391 0.8047
vt 0.4043 1.2617
vt 0.4609 1.1445
vt 0.3379 1.2656
vt 0.4062 0.8105
vt 0.2734 0.8652
vt 0.3848 0.3359
vt 0.2461 0.2969
vt 0.4062 0.0000
vt 0.2734 -0.1094
vt 0.4609 -0.0020
vt 0.3379 -0.1113
vt 0.5156 0.3301
vt 0.4043 0.2891
vt 0.1230 0.6816
vt 0.1133 0.8164
vt 0.0918 0.8184
vt 0.0703 0.6836
vt 0.0605 0.4941
vt 0.0703 0.3594
vt 0.0918 0.3594
vt 0.1133 0.4922
vt -0.8770 0.6816
vt -0.8809 0.7500
vt -0.8926 0.7500
vt -0.9023 0.6836
vt -0.9082 0.5879
vt -0.9023 0.5215
vt -0.8926 0.5195
vt -0.8809 0.5879
vt 0.4277 0.8535
vt 0.4551 0.8633
vt 0.4824 0.8516
vt 0.4180 0.8262
vt 0.4941 0.8242
vt 0.4316 0.7988
vt 0.4844 0.7969
vt 0.4590 0.7871
vt 0.1680 0.5156
vt 0.1719 0.4531
vt 0.1113 0.4551
vt 0.1074 0.5176
vt 0.0488 0.5195
vt 0.0449 0.5801
vt 0.1055 0.5781
vt 0.1035 0.6406
vt 0.1641 0.6367
vt 0.1660 0.5762
vt 0.2266 0.5742
vt 0.2285 0.5117
vt -2.2812 1.6367
vt -1.5742 2.9434
vt -1.5742 1.6367
vt -2.2812 2.9434
vt -0.5742 1.6367
vt -0.5742 2.9434
vt 0.1328 1.6367
vt 0.1328 2.9434
vt 0.8047 0.4531
vt 0.8281 0.4629
vt 0.8516 0.4512
vt 0.8633 0.4277
vt 0.7969 0.4297
vt 0.8535 0.4043
vt 0.8066 0.4062
vt 0.8301 0.3945
vt -0.0312 1.6367
vt 0.6758 2.9434
vt 0.6758 1.6367
vt -0.0312 2.9434
vt 1.6758 1.6367
vt 1.6758 2.9434
vt 2.3828 1.6367
vt 2.3828 2.9434
vt 0.7988 0.5918
vt 0.8203 0.5996
vt 0.8457 0.5898
vt 0.8555 0.5645
vt 0.7891 0.5684
vt 0.8477 0.5410
vt 0.8008 0.5430
vt 0.8242 0.5332
vt 1.5586 1.6367
vt 2.2656 2.9434
vt 2.2656 1.6367
vt 1.5586 2.9434
vt 3.2656 1.6367
vt 3.2656 2.9434
vt 3.9727 1.6367
vt 3.9727 2.9434
vt 0.7324 0.5254
vt 0.7559 0.5332
vt 0.7812 0.5234
vt 0.7910 0.4980
vt 0.7246 0.5020
vt 0.7832 0.4746
vt 0.7363 0.4766
vt 0.7598 0.4668
vt -3.8730 1.6367
vt -3.1660 2.9434
vt -3.1660 1.6367
vt -3.8730 2.9434
vt -2.1660 1.6367
vt -2.1660 2.9434
vt -1.4590 1.6367
vt -1.4590 2.9434
vt 0.9180 0.4707
vt 0.8965 0.4609
vt 0.8711 0.4727
vt 0.8613 0.4961
vt 0.9277 0.4941
vt 0.8691 0.5195
vt 0.9160 0.5176
vt 0.8926 0.5293
vt -0.8945 1.6426
vt -0.3398 1.7676
vt -0.2598 1.4121
vt -0.8145 1.2871
vt 0.4453 1.9453
vt 0.5254 1.5879
vt 1.0000 2.0703
vt 1.0801 1.7129
vt 0.6973 0.7012
vt 0.7324 0.7148
vt 0.7695 0.6973
vt 0.7871 0.6602
vt 0.6836 0.6641
vt 0.7734 0.6230
vt 0.7012 0.6250
vt 0.7383 0.6094
vt 0.6133 0.5371
vt 0.6875 0.5332
vt 0.6523 0.5195
vt 0.5977 0.5742
vt 0.7012 0.5703
vt 0.6094 0.6113
vt 0.6836 0.6094
vt 0.6465 0.6250
vt -0.5938 1.6875
vt -0.0078 1.9531
vt 0.1621 1.5762
vt -0.4238 1.3105
vt 0.8203 2.3301
vt 0.9922 1.9531
vt 1.4062 2.5977
vt 1.5781 2.2207
vt -0.1406 0.5957
vt 0.8594 0.5957
vt 0.7812 0.4277
vt -0.1621 0.4199
vt -0.9219 0.4512
vt -0.9434 0.2773
vt 0.7109 0.2266
vt 0.8379 0.2363
vt 1.0000 1.0000
vt 1.0107 1.7871
vt 2.8130 2.1514
vt 0.2715 0.8652
vt 0.3223 1.0547
vt -0.7129 0.8672
vt -0.7012 0.6816
vt -1.4941 0.5703
vt -1.4824 0.3848
vt -0.6660 0.8691
vt 0.3828 1.0586
vt -1.4551 0.5723
vt -1.4434 0.3867
vt 0.3340 0.8691
vt -0.6543 0.6836
vt 0.5078 0.7012
vt 0.4160 0.7051
vt 0.4180 0.6738
vt 0.5078 0.6699
vt 0.5117 0.5859
vt 0.4219 0.5898
vt 0.5000 0.0000
vt 0.0000 1.0000
vt 0.5000 1.0000
vt 0.0000 0.0000
vt 1.0000 0.0000
vt -0.9194 0.1357
vt -1.4780 0.8936
vt -0.8599 0.8477
vt -0.7944 0.2930
vt -0.7612 0.6885
vt 0.2915 0.5146
vt -0.2085 0.5107
vt 0.2915 1.0088
vt 0.7915 0.5107
vt 0.2915 0.0127
vt -0.8276 0.7744
vt -0.7959 0.3916
vt -0.7637 0.6631
vt -0.8857 0.2852
vt 0.2114 0.6641
vt 0.2100 0.4014
vt 0.1294 0.3037
vt 0.1323 0.7764
vt 0.1841 0.6279
vt 0.1968 0.3438
vt 0.1475 0.2314
vt 0.1235 0.7422
vt -1.7778 0.3926
vt -0.7056 0.5078
vt -0.8013 0.4727
vt 0.1719 0.5010
vt 0.1763 0.2852
vt -0.0249 0.2275
vt -0.0322 0.5771
vt 0.3726 0.5586
vt 0.3804 0.2090
vt 0.3613 0.8281
vt 0.3438 0.8301
vt 0.3477 0.8750
vt 0.4512 0.9395
vt 0.4512 0.9219
vt 0.4062 0.9355
vt 0.3867 0.8965
vt 0.3730 0.9102
vt 0.5332 0.9043
vt 0.5195 0.8906
vt 0.4961 0.9316
vt 0.5703 0.8203
vt 0.5508 0.8223
vt 0.5605 0.8652
vt 0.5410 0.7402
vt 0.5254 0.7539
vt 0.5645 0.7773
vt 0.4609 0.7109
vt 0.4609 0.7285
vt 0.5059 0.7148
vt 0.3789 0.7461
vt 0.3926 0.7598
vt 0.4180 0.7188
vt 0.3516 0.7852
vt 0.4980 0.8672
vt 0.4531 0.8887
vt 0.5176 0.8223
vt 0.5020 0.7793
vt 0.4590 0.7617
vt 0.4141 0.7832
vt 0.3945 0.8281
vt 0.4102 0.8711
vt 0.4785 0.8242
vt 0.4727 0.8086
vt 0.4570 0.8027
vt 0.4414 0.8105
vt 0.4336 0.8262
vt 0.4395 0.8418
vt 0.4551 0.8477
vt 0.4707 0.8418
vt 2.4082 0.4570
vt 2.6445 0.6035
vt 2.7832 0.4355
vt 2.5059 0.7695
vt 2.6934 0.2656
vt 1.8789 0.8633
vt 2.5410 1.2109
vt 2.5234 0.9902
vt 2.1621 1.4082
vt 2.4453 1.9531
vt 2.8809 1.4941
vt 2.7109 1.3535
vt 3.0820 1.7520
vt 3.3145 1.4590
vt 3.0977 1.4766
vt 3.4023 1.6289
vt 1.1621 1.4082
vt 1.3750 1.8164
vt 1.5879 2.2266
vt 0.6406 1.8516
vt 0.7832 2.1250
vt 0.9238 2.3984
vt 0.4727 2.0273
vt 0.4922 2.2754
vt 0.6855 2.4355
vt 4.1699 1.9238
vt 4.1523 1.7559
vt 3.7793 1.6934
vt 4.6367 1.4102
vt 4.5430 1.7285
vt 4.9336 1.4922
vt 3.5176 0.0527
vt 2.8574 -0.0801
vt 3.2148 0.4004
vt 3.3867 0.5430
vt 3.5566 0.6836
vt 4.0488 1.0762
vt 3.5918 1.1250
vt 3.5742 0.9043
vt 3.9219 0.4941
vt 4.0488 0.6035
vt 4.2109 0.5918
vt 3.9043 0.3262
vt 4.0078 0.2012
vt 4.0039 0.2441
vt 3.9180 0.3496
vt 3.9316 0.4883
vt 4.0391 0.5801
vt 4.1738 0.5703
vt 4.3125 0.4668
vt 4.2578 0.4648
vt 4.2949 0.2988
vt 4.2441 0.3262
vt 4.1680 0.1895
vt 4.1387 0.2344
vt 4.4316 1.0195
vt 4.3301 1.1445
vt 4.3477 1.3125
vt 4.2559 1.6309
vt 3.4531 1.2910
vt 2.9980 0.4180
vt 4.6309 0.6875
vt 4.5938 1.0078
vt 4.7383 1.2852
vt 4.7207 1.1172
vt -0.8301 0.7305
vt 0.1699 0.7305
vt 0.3262 0.4121
vt 4.8379 0.4492
vt 4.7266 0.0762
vt 4.4844 -0.2324
vt 4.1699 -0.1992
vt 4.7910 0.9941
vt 4.0117 -0.5059
vt 5.5332 0.4355
vt 5.2129 -0.1777
vt 5.4609 0.7754
vt 4.8945 -0.7910
vt 4.5762 -0.9297
vt 3.6836 -0.4219
vt 4.1641 2.2734
vt 3.0801 -0.6289
vt 2.6035 -0.7266
vt 4.2969 2.0332
vt 4.8711 1.8633
vt 5.0547 1.6738
vt 4.9453 1.6074
vt 5.0039 1.8438
vt 5.1758 1.6602
vt 5.1035 1.9160
vt 5.3535 2.0020
vt 5.2734 2.0938
vt 5.1055 2.0371
vt 5.2637 2.2207
vt 5.0137 2.1348
vt 5.4277 1.7461
vt 5.4570 1.9980
vt 5.5059 1.8281
vt 5.5234 2.0859
vt 5.5977 1.8320
vt 5.4062 1.6348
vt 5.2383 1.5781
vt 5.4551 1.5586
vt 5.2051 1.4727
vt 5.0039 1.4043
vt 5.1172 1.3965
vt 4.5566 2.6328
vt 4.4590 2.0234
vt 4.8125 2.0664
vt 4.8008 1.9512
vt 4.5605 1.8965
vt 4.9004 2.1426
vt 5.1230 2.7715
vt 5.5820 2.6191
vt 5.3516 2.2988
vt 5.4648 2.2910
vt 5.1875 -0.9434
vt 5.1445 -1.3984
vt 5.5039 -1.0215
vt 5.5059 -0.3301
vt 5.8535 -0.5098
vt 6.0723 0.0684
vt 5.8262 0.2832
vt 6.1719 0.5801
vt 5.5098 0.8379
vt 5.9824 0.7656
vt 5.5684 1.5508
vt 5.6562 1.6270
vt 5.5352 2.2031
vt 6.0332 2.2988
vt 5.6680 1.7441
vt 6.3105 1.8496
vt 6.2012 1.3457
vt 4.5527 -1.0039
vt 4.8828 -1.3496
vt 4.5352 -1.8613
vt 3.8066 -0.6602
vt 3.9844 -0.8047
vt 4.0918 -1.0117
vt 4.1133 -1.2461
vt 3.5859 -0.5977
vt 3.3574 -0.6289
vt 3.1523 -0.7480
vt 3.0039 -0.9355
vt 4.0430 -1.4766
vt 3.8965 -1.6641
vt 4.1836 -2.2422
vt 3.6914 -1.7832
vt 3.6582 -2.2715
vt 3.4609 -1.8125
vt 3.2402 -1.7520
vt 3.1348 -2.0859
vt 3.0625 -1.6055
vt 2.7480 -1.7988
vt 2.9355 -1.1641
vt 2.9551 -1.4004
vt 2.5352 -1.2559
vt 3.8359 -1.5410
vt 3.9785 -1.2695
vt 3.5625 -1.3984
vt 3.4355 -1.6797
vt 3.1758 -1.5449
vt 3.3027 -1.2637
vt 3.0566 -1.1367
vt 3.1992 -0.8633
vt 3.4434 -0.9902
vt 3.5996 -0.7266
vt 3.8613 -0.8613
vt 3.7031 -1.1270
vt 2.5898 0.3184
vt 2.7441 -0.0215
vt 2.2402 0.5449
vt 2.5312 -0.6895
vt 1.6270 0.9922
vt 4.0918 2.3105
vt 3.6660 1.7520
vt 3.2988 1.6836
vt 2.9141 1.8398
vt 2.1953 2.0840
vt 1.3574 2.3457
vt 0.7793 2.4727
vt 0.5957 2.4824
vt 0.4316 2.3086
vt 0.3828 2.0723
vt 0.4961 1.9277
vt 0.9316 1.5273
vt 0.4121 2.3184
vt 0.4121 2.3164
vt 0.5352 2.2539
vt 1.0547 1.9844
vt 2.4805 -0.6621
vt 1.8008 1.5957
vt 2.4453 1.2598
vt 2.7598 0.9238
vt 2.9023 1.1973
vt 3.3652 1.0430
vt 3.1523 0.6348
vt 3.5938 -1.1113
vt 3.3477 -0.0742
vt 5.4238 0.1035
vt 5.7500 -0.0234
vt 5.5273 0.2656
vt 4.0469 1.2949
vt 5.0469 1.6836
vt 4.5156 2.6543
vt 5.1035 2.7812
vt 5.1914 2.9512
vt 4.5781 3.3574
vt 3.8438 3.1328
vt 3.7363 3.7949
vt 2.9414 3.6875
vt 3.2070 3.9844
vt 2.9336 4.0391
vt 2.6699 3.8730
vt 3.5059 2.7461
vt 2.7578 3.4375
vt 2.6074 3.6465
vt 4.0391 2.3379
vt 3.3301 2.8379
vt 2.6172 3.5098
vt 2.5156 3.6934
vt 2.5879 3.9160
vt 2.8301 4.0938
vt 3.0469 4.0664
vt 3.4980 3.9199
vt 4.3398 3.4824
vt 5.1094 2.9941
vt 5.4883 2.6680
vt 5.9395 2.3457
vt 6.2188 1.8984
vt 2.5684 3.9258
vt 2.5918 3.9141
vt 2.6406 3.8457
vt 3.7754 3.1680
vt 4.7012 2.5566
vt 2.4941 -1.2344
vt 2.7285 -1.7871
vt 2.6387 -1.9590
vt 1.9551 -1.6895
vt 1.7168 -0.9590
vt 1.1133 -1.2520
vt 0.7441 -0.5410
vt 0.6543 -0.9258
vt 0.4531 -0.7363
vt 0.4375 -0.4238
vt 1.8398 -0.4609
vt 0.8438 -0.2461
vt 0.5859 -0.2422
vt 1.6621 -0.3691
vt 0.7031 -0.1719
vt 0.4941 -0.1934
vt 0.3535 -0.3809
vt 0.3477 -0.6816
vt 0.4941 -0.8438
vt 0.8750 -1.1270
vt 1.7168 -1.5664
vt 2.5566 -1.9160
vt 3.0977 -2.0664
vt 3.5645 -2.2227
vt 4.0918 -2.1934
vt 0.3340 -0.3711
vt 0.3594 -0.3828
vt 0.4434 -0.3828
vt 1.6484 -0.9238
vt 2.6797 -1.3301
vt 4.0586 0.6816
vt 3.8457 0.2734
vt 4.7832 1.0430
vt 3.9668 -0.5254
vt 5.6562 -0.4082
vt 5.6680 0.5391
vt 5.3945 -0.7051
vt 4.8887 -0.9629
vt 5.0312 -0.6895
vt 4.1094 -0.9473
vt 4.7578 -1.2852
vt 4.4316 -1.8066
vt 5.8574 0.8301
vt 6.0977 1.3984
vt 5.2070 1.1680
vt 5.3047 -0.2246
vt 5.1035 -0.5117
vt 4.9648 -0.6562
vt 5.4609 0.2988
vn -1.000 0.000 0.000
vn -1.000 0.000 0.000
vn 1.000 0.000 0.000
vn 1.000 0.000 0.000
vn -1.000 0.000 0.000
vn 1.000 0.000 0.000
vn -1.000 0.000 0.000
vn 1.000 0.000 0.000
vn -1.000 0.000 0.000
vn 1.000 0.000 0.000
vn -1.000 0.000 0.000
vn 1.000 0.000 0.000
vn -1.000 0.000 0.000
vn 1.000 0.000 0.000
vn -1.000 0.000 0.000
vn 1.000 0.000 0.000
vn -1.000 0.000 0.000
vn -1.000 0.000 0.000
vn -1.000 0.000 0.000
vn -1.000 0.000 0.000
vn -1.000 0.000 0.000
vn -1.000 0.000 0.000
vn -1.000 0.000 0.000
vn -1.000 0.000 0.000
vn -0.577 -0.577 -0.577
vn -0.577 -0.577 -0.577
vn -0.577 -0.577 -0.577
vn -0.577 -0.577 -0.577
vn -0.577 -0.577 -0.577
vn -0.577 -0.577 -0.577
vn -0.577 -0.577 -0.577
vn -0.577 -0.577 -0.577
vn -0.577 -0.577 -0.577
vn -0.577 -0.577 -0.577
vn -0.577 -0.577 -0.577
vn -0.577 -0.577 -0.577
vn -0.577 -0.577 -0.577
vn -0.577 -0.577 -0.577
vn -0.577 -0.577 -0.577
vn -0.577 -0.577 -0.577
vn 0.577 0.577 0.577
vn -0.577 -0.577 -0.577
vn -0.577 -0.577 -0.577
vn 0.577 0.577 0.577
vn -0.577 -0.577 -0.577
vn 0.577 0.577 0.577
vn -0.577 -0.577 -0.577
vn 0.577 0.577 0.577
vn -0.577 -0.577 -0.577
vn 0.577 0.577 0.577
vn -0.577 -0.577 -0.577
vn 0.577 0.577 0.577
vn -0.577 -0.577 -0.577
vn 0.577 0.577 0.577
vn -0.577 -0.577 -0.577
vn 0.577 0.577 0.577
vn -0.577 -0.577 -0.577
vn 0.577 0.577 0.577
vn 0.577 0.577 0.577
vn -0.577 -0.577 -0.577
vn 0.577 0.577 0.577
vn -0.577 -0.577 -0.577
vn 0.577 0.577 0.577
vn -0.577 -0.577 -0.577
vn 0.577 0.577 0.577
vn -0.577 -0.577 -0.577
vn 0.577 0.577 0.577
vn -0.577 -0.577 -0.577
vn 0.577 0.577 0.577
vn -0.577 -0.577 -0.577
vn 0.577 0.577 0.577
vn -0.577 -0.577 -0.577
vn -0.577 -0.577 -0.577
vn -0.577 -0.577 -0.577
vn -0.577 -0.577 -0.577
vn -0.577 -0.577 -0.577
vn -0.577 -0.577 -0.577
vn -0.577 -0.577 -0.577
vn -0.577 -0.577 -0.577
vn -0.577 -0.577 -0.577
vn 0.577 0.577 0.577
vn 0.577 0.577 0.577
vn 0.577 0.577 0.577
vn 0.577 0.577 0.577
vn 0.577 0.577 0.577
vn 0.577 0.577 0.577
vn 0.577 0.577 0.577
vn 0.577 0.577 0.577
vn 0.577 0.577 0.577
vn 0.577 0.577 0.577
vn 0.577 0.577 0.577
vn 0.577 0.577 0.577
vn 0.577 0.577 0.577
vn 0.577 0.577 0.577
vn 0.577 0.577 0.577
vn 0.577 0.577 0.577
vn 0.577 0.577 0.577
vn 0.577 0.577 0.577
vn 0.577 0.577 0.577
vn 0.577 0.577 0.577
vn 0.577 0.577 0.577
vn 0.577 0.577 0.577
vn 0.577 0.577 0.577
vn 0.577 0.577 0.577
vn 0.577 0.577 0.577
vn 0.577 0.577 0.577
vn 0.577 0.577 0.577
vn 0.577 0.577 0.577
vn 0.577 0.577 0.577
vn 0.577 0.577 0.577
vn 0.577 0.577 0.577
vn 0.577 0.577 0.577
vn 0.577 0.577 0.577
vn 0.577 0.577 0.577
vn 0.577 0.577 0.577
vn 0.577 0.577 0.577
vn 0.577 0.577 0.577
vn 0.707 0.707 0.000
vn -0.027 -1.000 0.000
vn 0.707 0.707 0.000
vn -0.027 -1.000 0.000
vn 0.707 0.707 0.000
vn -0.027 -1.000 0.000
vn 0.707 0.707 0.000
vn -0.027 -1.000 0.000
vn 0.707 0.707 0.000
vn -0.027 -1.000 0.000
vn 0.707 0.707 0.000
vn -0.027 -1.000 0.000
vn 0.707 0.707 0.000
vn -0.027 -1.000 0.000
vn 0.707 0.707 0.000
vn -0.027 -1.000 0.000
vn -0.027 -1.000 0.000
vn -0.027 -1.000 0.000
vn -0.027 -1.000 0.000
vn -0.027 -1.000 0.000
vn -0.027 -1.000 0.000
vn -0.027 -1.000 0.000
vn -0.027 -1.000 0.000
vn -0.027 -1.000 0.000
vn 0.707 0.707 0.000
vn -0.027 -1.000 0.000
vn 0.707 0.707 0.000
vn -0.027 -1.000 0.000
vn 0.707 0.707 0.000
vn -0.027 -1.000 0.000
vn 0.707 0.707 0.000
vn -0.027 -1.000 0.000
vn 0.707 0.707 0.000
vn -0.027 -1.000 0.000
vn 0.707 0.707 0.000
vn -0.027 -1.000 0.000
vn 0.707 0.707 0.000
vn -0.027 -1.000 0.000
vn 0.707 0.707 0.000
vn -0.027 -1.000 0.000
vn -0.027 -1.000 0.000
vn -0.027 -1.000 0.000
vn -0.027 -1.000 0.000
vn -0.027 -1.000 0.000
vn -0.027 -1.000 0.000
vn -0.027 -1.000 0.000
vn -0.027 -1.000 0.000
vn -0.027 -1.000 0.000
vn 0.707 0.707 0.000
vn -0.027 -1.000 0.000
vn 0.707 0.707 0.000
vn -0.027 -1.000 0.000
vn 0.707 0.707 0.000
vn -0.027 -1.000 0.000
vn 0.707 0.707 0.000
vn -0.027 -1.000 0.000
vn 0.707 0.707 0.000
vn -0.027 -1.000 0.000
vn 0.707 0.707 0.000
vn -0.027 -1.000 0.000
vn 0.707 0.707 0.000
vn -0.027 -1.000 0.000
vn 0.707 0.707 0.000
vn -0.027 -1.000 0.000
vn -0.027 -1.000 0.000
vn -0.027 -1.000 0.000
vn -0.027 -1.000 0.000
vn -0.027 -1.000 0.000
vn -0.027 -1.000 0.000
vn -0.027 -1.000 0.000
vn -0.027 -1.000 0.000
vn -0.027 -1.000 0.000
vn 0.707 0.707 0.000
vn -0.027 -1.000 0.000
vn 0.707 0.707 0.000
vn -0.027 -1.000 0.000
vn 0.707 0.707 0.000
vn -0.027 -1.000 0.000
vn 0.707 0.707 0.000
vn -0.027 -1.000 0.000
vn 0.707 0.707 0.000
vn -0.027 -1.000 0.000
vn 0.707 0.707 0.000
vn -0.027 -1.000 0.000
vn 0.707 0.707 0.000
vn -0.027 -1.000 0.000
vn 0.707 0.707 0.000
vn -0.027 -1.000 0.000
vn -0.027 -1.000 0.000
vn -0.027 -1.000 0.000
vn -0.027 -1.000 0.000
vn -0.027 -1.000 0.000
vn -0.027 -1.000 0.000
vn -0.027 -1.000 0.000
vn -0.027 -1.000 0.000
vn -0.027 -1.000 0.000
vn 0.000 0.000 -1.000
vn 0.000 0.000 -1.000
vn 0.000 0.000 1.000
vn 0.000 0.000 1.000
vn 0.000 0.000 -1.000
vn 0.000 0.000 1.000
vn 0.000 0.000 -1.000
vn 0.000 0.000 1.000
vn 0.000 0.000 -1.000
vn 0.000 0.000 1.000
vn 0.000 0.000 -1.000
vn 0.000 0.000 1.000
vn 0.000 0.000 -1.000
vn 0.000 0.000 1.000
vn 0.000 0.000 -1.000
vn 0.000 0.000 1.000
vn 0.000 0.000 -1.000
vn 0.000 0.000 -1.000
vn 0.000 0.000 -1.000
vn 0.000 0.000 -1.000
vn 0.000 0.000 -1.000
vn 0.000 0.000 -1.000
vn 0.000 0.000 -1.000
vn 0.000 0.000 -1.000
vn 0.000 -1.000 0.000
vn 0.000 -1.000 0.000
vn 0.000 -1.000 0.000
vn 0.000 -1.000 0.000
vn 0.000 -1.000 0.000
vn 0.000 -1.000 0.000
vn 0.000 -1.000 0.000
vn 0.000 -1.000 0.000
vn 0.000 -1.000 0.000
vn 0.000 -1.000 0.000
vn 0.000 1.000 0.000
vn 0.000 1.000 0.000
vn 0.000 -1.000 0.000
vn 0.000 1.000 0.000
vn 0.000 -1.000 0.000
vn 0.000 1.000 0.000
vn 0.000 -1.000 0.000
vn 0.000 -1.000 0.000
vn 0.000 1.000 0.000
vn 0.000 1.000 0.000
vn 0.000 -1.000 0.000
vn 0.000 1.000 0.000
vn 0.000 -1.000 0.000
vn 0.000 1.000 0.000
vn 0.000 -1.000 0.000
vn 0.000 1.000 0.000
vn 0.000 -1.000 0.000
vn 0.000 1.000 0.000
vn 0.577 0.577 0.577
vn 0.577 0.577 0.577
vn 0.577 0.577 0.577
vn 0.577 0.577 0.577
vn 0.577 0.577 0.577
vn 0.577 0.577 0.577
vn 0.577 0.577 0.577
vn 0.577 0.577 0.577
vn 0.577 0.577 0.577
vn 0.577 0.577 0.577
vn 0.577 0.577 0.577
vn 0.577 0.577 0.577
vn 0.577 0.577 0.577
vn 0.577 0.577 0.577
vn 0.577 0.577 0.577
vn 0.577 0.577 0.577
vn 0.577 0.577 0.577
vn 0.577 0.577 0.577
vn 0.577 0.577 0.577
vn 0.577 0.577 0.577
vn 0.577 0.577 0.577
vn 0.577 0.577 0.577
vn 0.577 0.577 0.577
vn 0.577 0.577 0.577
vn 0.577 0.577 0.577
vn 0.577 0.577 0.577
vn 0.577 0.577 0.577
vn 0.577 0.577 0.577
vn 0.577 0.577 0.577
vn 0.577 0.577 0.577
vn 0.577 0.577 0.577
vn 0.577 0.577 0.577
vn 0.577 0.577 0.577
vn 0.577 0.577 0.577
vn 0.577 0.577 0.577
vn 0.577 0.577 0.577
vn -0.577 -0.577 -0.577
vn -0.577 -0.577 -0.577
vn -0.577 -0.577 -0.577
vn -0.577 -0.577 -0.577
vn -0.577 -0.577 -0.577
vn -0.577 -0.577 -0.577
vn -0.577 -0.577 -0.577
vn -0.577 -0.577 -0.577
vn -0.577 -0.577 -0.577
vn -0.577 -0.577 -0.577
vn -0.577 -0.577 -0.577
vn -0.577 -0.577 -0.577
vn -0.577 -0.577 -0.577
vn -0.577 -0.577 -0.577
vn -0.577 -0.577 -0.577
vn -0.577 -0.577 -0.577
vn -0.577 -0.577 -0.577
vn -0.577 -0.577 -0.577
vn -0.577 -0.577 -0.577
vn -0.577 -0.577 -0.577
vn -0.577 -0.577 -0.577
vn -0.577 -0.577 -0.577
vn -0.577 -0.577 -0.577
vn -0.577 -0.577 -0.577
vn -0.577 -0.577 -0.577
vn -0.577 -0.577 -0.577
vn -0.577 -0.577 -0.577
vn -0.577 -0.577 -0.577
vn -0.577 -0.577 -0.577
vn -0.577 -0.577 -0.577
vn -0.577 -0.577 -0.577
vn -0.577 -0.577 -0.577
vn -0.577 -0.577 -0.577
vn -0.577 -0.577 -0.577
vn -0.577 -0.577 -0.577
vn -0.577 -0.577 -0.577
vn -0.577 -0.577 -0.577
vn 0.577 0.577 0.577
vn 0.577 0.577 0.577
vn 0.577 0.577 0.577
vn 0.577 0.577 0.577
vn 0.577 0.577 0.577
vn 0.577 0.577 0.577
vn 0.577 0.577 0.577
vn 0.577 0.577 0.577
vn 0.577 0.577 0.577
vn 0.577 0.577 0.577
vn 0.577 0.577 0.577
vn 0.577 0.577 0.577
vn 0.577 0.577 0.577
vn 0.577 0.577 0.577
vn 0.577 0.577 0.577
vn 0.577 0.577 0.577
vn 0.577 0.577 0.577
vn 0.577 0.577 0.577
vn 0.577 0.577 0.577
vn 0.577 0.577 0.577
vn 0.577 0.577 0.577
vn 0.577 0.577 0.577
vn 0.577 0.577 0.577
vn 0.577 0.577 0.577
vn 0.577 0.577 0.577
vn 0.577 0.577 0.577
vn 0.577 0.577 0.577
vn 0.577 0.577 0.577
vn 0.577 0.577 0.577
vn 0.577 0.577 0.577
vn 0.577 0.577 0.577
vn 0.577 0.577 0.577
vn 0.577 0.577 0.577
vn 0.577 0.577 0.577
vn 0.577 0.577 0.577
vn 0.577 0.577 0.577
vn 0.577 0.577 0.577
vn 0.577 0.577 0.577
vn 0.577 0.577 0.577
vn 0.577 0.577 0.577
vn 0.577 0.577 0.577
vn 0.577 0.577 0.577
vn 0.577 0.577 0.577
vn 0.577 0.577 0.577
vn 0.577 0.577 0.577
vn 0.577 0.577 0.577
vn 0.577 0.577 0.577
vn 0.577 0.577 0.577
vn 0.577 0.577 0.577
vn 0.577 0.577 0.577
vn 0.577 0.577 0.577
vn 0.577 0.577 0.577
vn 0.577 0.577 0.577
vn 0.577 0.577 0.577
vn 0.577 0.577 0.577
vn 0.577 0.577 0.577
vn 0.577 0.577 0.577
vn 0.577 0.577 0.577
vn 0.577 0.577 0.577
vn 0.577 0.577 0.577
vn 0.577 0.577 0.577
vn 0.577 0.577 0.577
vn 0.577 0.577 0.577
vn 0.577 0.577 0.577
vn 0.577 0.577 0.577
vn 0.577 0.577 0.577
vn 0.577 0.577 0.577
vn 0.577 0.577 0.577
vn 0.577 0.577 0.577
vn 0.577 0.577 0.577
vn -0.577 -0.577 -0.577
vn -0.577 -0.577 -0.577
vn -0.577 -0.577 -0.577
vn -0.577 -0.577 -0.577
vn -0.577 -0.577 -0.577
vn -0.577 -0.577 -0.577
vn -0.577 -0.577 -0.577
vn -0.577 -0.577 -0.577
vn -0.577 -0.577 -0.577
vn -0.577 -0.577 -0.577
vn -0.577 -0.577 -0.577
vn -0.577 -0.577 -0.577
vn -0.577 -0.577 -0.577
vn -0.577 -0.577 -0.577
vn -0.577 -0.577 -0.577
vn -0.577 -0.577 -0.577
vn -0.577 -0.577 -0.577
vn -0.577 -0.577 -0.577
vn -0.577 -0.577 -0.577
vn -0.577 -0.577 -0.577
vn -0.577 -0.577 -0.577
vn -0.577 -0.577 -0.577
vn -0.577 -0.577 -0.577
vn -0.577 -0.577 -0.577
vn -0.577 -0.577 -0.577
vn -0.577 -0.577 -0.577
vn -0.577 -0.577 -0.577
vn -0.577 -0.577 -0.577
vn -0.577 -0.577 -0.577
vn -0.577 -0.577 -0.577
vn -0.577 -0.577 -0.577
vn -0.577 -0.577 -0.577
vn -0.577 -0.577 -0.577
vn -0.577 -0.577 -0.577
vn -0.577 -0.577 -0.577
vn -0.577 -0.577 -0.577
vn -0.577 -0.577 -0.577
vn -0.577 -0.577 -0.577
vn -0.577 -0.577 -0.577
vn -0.577 -0.577 -0.577
vn -0.577 -0.577 -0.577
vn -0.577 -0.577 -0.577
vn -0.577 -0.577 -0.577
vn -0.577 -0.577 -0.577
vn -0.577 -0.577 -0.577
vn -0.577 -0.577 -0.577
vn -0.577 -0.577 -0.577
vn -0.577 -0.577 -0.577
vn -0.577 -0.577 -0.577
vn -0.577 -0.577 -0.577
vn -0.577 -0.577 -0.577
vn -0.577 -0.577 -0.577
vn -0.577 -0.577 -0.577
vn -0.577 -0.577 -0.577
vn -0.577 -0.577 -0.577
vn -0.577 -0.577 -0.577
vn -0.577 -0.577 -0.577
vn -0.577 -0.577 -0.577
vn -0.577 -0.577 -0.577
vn -0.577 -0.577 -0.577
vn -0.577 -0.577 -0.577
vn -0.577 -0.577 -0.577
vn -0.577 -0.577 -0.577
vn -0.577 -0.577 -0.577
vn -0.577 -0.577 -0.577
vn -0.577 -0.577 -0.577
vn -0.577 -0.577 -0.577
vn -0.577 -0.577 -0.577
vn -0.577 -0.577 -0.577
vn -0.577 -0.577 -0.577
vn -0.577 -0.577 -0.577
vn -0.577 -0.577 -0.577
vn -0.577 -0.577 -0.577
vn -0.577 -0.577 -0.577
vn -0.577 -0.577 -0.577
vn -0.577 -0.577 -0.577
vn -0.577 -0.577 -0.577
vn -0.577 -0.577 -0.577
vn -0.577 -0.577 -0.577
vn -0.577 -0.577 -0.577
vn -0.577 -0.577 -0.577
vn -0.577 -0.577 -0.577
vn -0.577 -0.577 -0.577
vn -0.577 -0.577 -0.577
vn -0.577 -0.577 -0.577
vn -0.577 -0.577 -0.577
vn -0.577 -0.577 -0.577
vn -0.577 -0.577 -0.577
vn -0.577 -0.577 -0.577
vn -0.577 -0.577 -0.577
vn -0.577 -0.577 -0.577
vn -0.577 -0.577 -0.577
vn -0.577 -0.577 -0.577
vn -0.577 -0.577 -0.577
vn -0.577 -0.577 -0.577
vn -0.577 -0.577 -0.577
vn -0.577 -0.577 -0.577
vn -0.577 -0.577 -0.577
vn -0.577 -0.577 -0.577
vn -0.577 -0.577 -0.577
vn -0.577 -0.577 -0.577
vn -0.577 -0.577 -0.577
vn -0.577 -0.577 -0.577
vn -0.577 -0.577 -0.577
vn -0.577 -0.577 -0.577
vn -0.577 -0.577 -0.577
vn -0.577 -0.577 -0.577
vn -0.577 -0.577 -0.577
vn -0.577 -0.577 -0.577
vn -0.577 -0.577 -0.577
vn -0.577 -0.577 -0.577
vn -0.577 -0.577 -0.577
vn -0.577 -0.577 -0.577
vn -0.577 -0.577 -0.577
vn -0.577 -0.577 -0.577
vn -0.577 -0.577 -0.577
vn -0.577 -0.577 -0.577
vn -0.577 -0.577 -0.577
vn -0.577 -0.577 -0.577
vn -0.577 -0.577 -0.577
vn -0.577 -0.577 -0.577
vn -0.577 -0.577 -0.577
vn -0.577 -0.577 -0.577
vn -0.577 -0.577 -0.577
vn -0.577 -0.577 -0.577
vn -0.577 -0.577 -0.577
vn -0.577 -0.577 -0.577
vn -0.577 -0.577 -0.577
vn -0.577 -0.577 -0.577
vn -0.577 -0.577 -0.577
vn -0.577 -0.577 -0.577
vn -0.577 -0.577 -0.577
vn -0.577 -0.577 -0.577
vn -0.577 -0.577 -0.577
vn -0.577 -0.577 -0.577
vn -0.577 -0.577 -0.577
vn -0.577 -0.577 -0.577
vn -0.577 -0.577 -0.577
vn -0.577 -0.577 -0.577
vn -0.577 -0.577 -0.577
vn -0.577 -0.577 -0.577
vn -0.577 -0.577 -0.577
vn -0.577 -0.577 -0.577
vn -0.577 -0.577 -0.577
vn -0.577 -0.577 -0.577
vn -0.577 -0.577 -0.577
vn -0.577 -0.577 -0.577
vn -0.577 -0.577 -0.577
vn -0.577 -0.577 -0.577
vn -0.577 -0.577 -0.577
vn -0.577 -0.577 -0.577
vn -0.577 -0.577 -0.577
vn -0.577 -0.577 -0.577
vn -0.577 -0.577 -0.577
vn -0.577 -0.577 -0.577
vn -0.577 -0.577 -0.577
vn -0.577 -0.577 -0.577
vn -0.577 -0.577 -0.577
vn -0.577 -0.577 -0.577
vn -0.577 -0.577 -0.577
vn -0.577 -0.577 -0.577
vn -0.577 -0.577 -0.577
vn -0.577 -0.577 -0.577
vn -0.577 -0.577 -0.577
vn -0.577 -0.577 -0.577
vn -0.577 -0.577 -0.577
vn -0.577 -0.577 -0.577
vn -0.577 -0.577 -0.577
vn -0.577 -0.577 -0.577
vn -0.577 -0.577 -0.577
vn -0.577 -0.577 -0.577
vn -0.577 -0.577 -0.577
vn -0.577 -0.577 -0.577
vn -0.577 -0.577 -0.577
vn -0.577 -0.577 -0.577
vn -0.577 -0.577 -0.577
vn -0.577 -0.577 -0.577
vn -0.577 -0.577 -0.577
vn -0.577 -0.577 -0.577
vn -0.577 -0.577 -0.577
vn -0.577 -0.577 -0.577
vn -0.577 -0.577 -0.577
vn -0.577 -0.577 -0.577
vn -0.577 -0.577 -0.577
vn -0.577 -0.577 -0.577
vn -0.577 -0.577 -0.577
vn -0.577 -0.577 -0.577
vn -0.577 -0.577 -0.577
vn -0.577 -0.577 -0.577
vn -0.577 -0.577 -0.577
vn -0.577 -0.577 -0.577
vn -0.577 -0.577 -0.577
vn -0.577 -0.577 -0.577
vn -0.577 -0.577 -0.577
vn -0.577 -0.577 -0.577
vn -0.577 -0.577 -0.577
vn -0.577 -0.577 -0.577
vn -0.577 -0.577 -0.577
vn -0.577 -0.577 -0.577
vn -0.577 -0.577 -0.577
vn -0.577 -0.577 -0.577
vn -0.577 -0.577 -0.577
vn -0.577 -0.577 -0.577
vn -0.577 -0.577 -0.577
vn -0.577 -0.577 -0.577
vn -0.577 -0.577 -0.577
vn -0.577 -0.577 -0.577
vn -0.577 -0.577 -0.577
vn -0.577 -0.577 -0.577
vn -0.577 -0.577 -0.577
vn -0.577 -0.577 -0.577
vn -0.577 -0.577 -0.577
vn -0.577 -0.577 -0.577
vn -0.577 -0.577 -0.577
vn -0.577 -0.577 -0.577
vn -0.577 -0.577 -0.577
vn -0.577 -0.577 -0.577
vn -0.577 -0.577 -0.577
vn -0.577 -0.577 -0.577
vn -0.577 -0.577 -0.577
vn -0.577 -0.577 -0.577
vn -0.577 -0.577 -0.577
vn -0.577 -0.577 -0.577
vn -0.577 -0.577 -0.577
vn -0.577 -0.577 -0.577
vn -0.577 -0.577 -0.577
vn -0.577 -0.577 -0.577
vn -0.577 -0.577 -0.577
vn -0.577 -0.577 -0.577
vn -0.577 -0.577 -0.577
vn -0.577 -0.577 -0.577
vn -0.577 -0.577 -0.577
vn -0.577 -0.577 -0.577
vn -0.577 -0.577 -0.577
vn -0.577 -0.577 -0.577
vn -0.577 -0.577 -0.577
vn -0.577 -0.577 -0.577
vn -0.577 -0.577 -0.577
vn -0.577 -0.577 -0.577
vn -0.577 -0.577 -0.577
vn -0.577 -0.577 -0.577
vn -0.577 -0.577 -0.577
vn -0.577 -0.577 -0.577
vn -0.577 -0.577 -0.577
vn -0.577 -0.577 -0.577
vn -0.577 -0.577 -0.577
vn -0.577 -0.577 -0.577
vn -0.577 -0.577 -0.577
vn -0.577 -0.577 -0.577
vn -0.577 -0.577 -0.577
vn -0.577 -0.577 -0.577
vn -0.577 -0.577 -0.577
vn -0.577 -0.577 -0.577
vn -0.577 -0.577 -0.577
vn -0.577 -0.577 -0.577
vn -0.577 -0.577 -0.577
vn -0.577 -0.577 -0.577
vn -0.577 -0.577 -0.577
vn -0.577 -0.577 -0.577
vn -0.577 -0.577 -0.577
vn -0.577 -0.577 -0.577
vn -0.577 -0.577 -0.577
vn -0.577 -0.577 -0.577
vn -0.577 -0.577 -0.577
vn -0.577 -0.577 -0.577
vn -0.577 -0.577 -0.577
vn -0.577 -0.577 -0.577
vn -0.577 -0.577 -0.577
vn -0.577 -0.577 -0.577
vn -0.577 -0.577 -0.577
vn -0.577 -0.577 -0.577
vn -0.577 -0.577 -0.577
vn -0.577 -0.577 -0.577
vn -0.577 -0.577 -0.577
vn -0.577 -0.577 -0.577
vn -0.577 -0.577 -0.577
vn -0.577 -0.577 -0.577
vn -0.577 -0.577 -0.577
vn -0.577 -0.577 -0.577
vn -0.577 -0.577 -0.577
vn -0.577 -0.577 -0.577
vn -0.577 -0.577 -0.577
vn -0.577 -0.577 -0.577
vn -0.577 -0.577 -0.577
vn -0.577 -0.577 -0.577
vn -0.577 -0.577 -0.577
vn -0.577 -0.577 -0.577
vn -0.577 -0.577 -0.577
vn -0.577 -0.577 -0.577
vn -0.577 -0.577 -0.577
vn -0.577 -0.577 -0.577
vn -0.577 -0.577 -0.577
vn -0.577 -0.577 -0.577
vn -0.577 -0.577 -0.577
vn -0.577 -0.577 -0.577
vn -0.577 -0.577 -0.577
vn -0.577 -0.577 -0.577
vn -0.577 -0.577 -0.577
vn -0.577 -0.577 -0.577
vn -0.577 -0.577 -0.577
vn -0.577 -0.577 -0.577
vn -0.577 -0.577 -0.577
vn -0.577 -0.577 -0.577
vn -0.577 -0.577 -0.577
vn -0.577 -0.577 -0.577
vn -0.577 -0.577 -0.577
vn -0.577 -0.577 -0.577
vn -0.577 -0.577 -0.577
vn -0.577 -0.577 -0.577
vn -0.577 -0.577 -0.577
vn -0.577 -0.577 -0.577
vn -0.577 -0.577 -0.577
vn -0.577 -0.577 -0.577
vn -0.577 -0.577 -0.577
vn -0.577 -0.577 -0.577
vn -0.577 -0.577 -0.577
vn -0.577 -0.577 -0.577
vn -0.577 -0.577 -0.577
vn -0.577 -0.577 -0.577
vn -0.577 -0.577 -0.577
vn -0.577 -0.577 -0.577
vn -0.577 -0.577 -0.577
vn 0.577 0.577 0.577
vn -0.577 -0.577 -0.577
vn -0.577 -0.577 -0.577
vn 0.577 0.577 0.577
vn -0.577 -0.577 -0.577
vn -0.577 -0.577 -0.577
vn -0.577 -0.577 -0.577
vn 0.577 0.577 0.577
vn 0.577 0.577 0.577
vn -0.577 -0.577 -0.577
vn 0.577 0.577 0.577
vn -0.577 -0.577 -0.577
vn 0.577 0.577 0.577
vn -0.577 -0.577 -0.577
vn 0.577 0.577 0.577
vn -0.577 -0.577 -0.577
vn -0.577 -0.577 -0.577
vn -0.577 -0.577 -0.577
vn 0.577 0.577 0.577
vn -0.577 -0.577 -0.577
vn -0.577 -0.577 -0.577
vn -0.577 -0.577 -0.577
vn 0.577 0.577 0.577
vn -0.577 -0.577 -0.577
vn -0.577 -0.577 -0.577
vn -0.577 -0.577 -0.577
vn -0.577 -0.577 -0.577
vn -0.577 -0.577 -0.577
vn -0.577 -0.577 -0.577
vn 0.577 0.577 0.577
vn -0.577 -0.577 -0.577
vn 0.577 0.577 0.577
vn -0.577 -0.577 -0.577
vn -0.577 -0.577 -0.577
vn -0.577 -0.577 -0.577
vn 0.577 0.577 0.577
vn -0.577 -0.577 -0.577
vn 0.577 0.577 0.577
vn 0.577 0.577 0.577
vn 0.577 0.577 0.577
vn -0.577 -0.577 -0.577
vn -0.577 -0.577 -0.577
vn -0.577 -0.577 -0.577
vn 0.577 0.577 0.577
vn 0.577 0.577 0.577
vn 0.577 0.577 0.577
vn 0.577 0.577 0.577
vn -0.577 -0.577 -0.577
vn 0.577 0.577 0.577
vn -0.577 -0.577 -0.577
vn 0.577 0.577 0.577
vn -0.577 -0.577 -0.577
vn -0.577 -0.577 -0.577
vn 0.577 0.577 0.577
vn -0.577 -0.577 -0.577
vn -0.577 -0.577 -0.577
vn 0.577 0.577 0.577
vn 0.577 0.577 0.577
vn -0.577 -0.577 -0.577
vn 0.577 0.577 0.577
vn -0.577 -0.577 -0.577
vn -0.577 -0.577 -0.577
vn -0.577 -0.577 -0.577
vn -0.577 -0.577 -0.577
vn -0.577 -0.577 -0.577
vn -0.577 -0.577 -0.577
vn -0.577 -0.577 -0.577
vn -0.577 -0.577 -0.577
vn -0.577 -0.577 -0.577
vn -0.577 -0.577 -0.577
vn -0.577 -0.577 -0.577
vn -0.577 -0.577 -0.577
vn -0.577 -0.577 -0.577
vn -0.577 -0.577 -0.577
vn -0.577 -0.577 -0.577
vn -0.577 -0.577 -0.577
vn -0.577 -0.577 -0.577
vn -0.577 -0.577 -0.577
vn -0.577 -0.577 -0.577
vn -0.577 -0.577 -0.577
vn -0.577 -0.577 -0.577
vn -0.577 -0.577 -0.577
vn -0.577 -0.577 -0.577
vn -0.577 -0.577 -0.577
vn -0.577 -0.577 -0.577
vn -0.577 -0.577 -0.577
vn -0.577 -0.577 -0.577
vn -0.577 -0.577 -0.577
vn -0.577 -0.577 -0.577
vn -0.577 -0.577 -0.577
vn -0.577 -0.577 -0.577
vn -0.577 -0.577 -0.577
vn -0.577 -0.577 -0.577
vn -0.577 -0.577 -0.577
vn -0.577 -0.577 -0.577
vn -0.577 -0.577 -0.577
vn -0.577 -0.577 -0.577
vn -0.577 -0.577 -0.577
vn -0.577 -0.577 -0.577
vn -0.577 -0.577 -0.577
vn -0.577 -0.577 -0.577
vn -0.577 -0.577 -0.577
vn -0.577 -0.577 -0.577
vn -0.577 -0.577 -0.577
vn -0.577 -0.577 -0.577
vn -0.577 -0.577 -0.577
vn -0.577 -0.577 -0.577
vn -0.577 -0.577 -0.577
vn -0.577 -0.577 -0.577
vn -0.577 -0.577 -0.577
vn -0.577 -0.577 -0.577
vn -0.577 -0.577 -0.577
vn -0.577 -0.577 -0.577
vn -0.577 -0.577 -0.577
vn -0.577 -0.577 -0.577
vn -0.577 -0.577 -0.577
vn -0.577 -0.577 -0.577
vn -0.577 -0.577 -0.577
vn -0.577 -0.577 -0.577
vn -0.577 -0.577 -0.577
vn 0.577 0.577 0.577
vn -0.577 -0.577 -0.577
vn 0.577 0.577 0.577
vn -0.577 -0.577 -0.577
vn 0.577 0.577 0.577
vn -0.577 -0.577 -0.577
vn 0.577 0.577 0.577
vn -0.577 -0.577 -0.577
vn -0.577 -0.577 -0.577
vn -0.577 -0.577 -0.577
vn -0.577 -0.577 -0.577
vn -0.577 -0.577 -0.577
vn -0.577 -0.577 -0.577
vn 0.577 0.577 0.577
vn -0.577 -0.577 -0.577
vn -0.577 -0.577 -0.577
vn -0.577 -0.577 -0.577
vn -0.577 -0.577 -0.577
vn -0.577 -0.577 -0.577
vn -0.577 -0.577 -0.577
vn -0.577 -0.577 -0.577
vn -0.577 -0.577 -0.577
vn -0.577 -0.577 -0.577
vn -0.577 -0.577 -0.577
vn -0.577 -0.577 -0.577
vn -0.577 -0.577 -0.577
vn -0.577 -0.577 -0.577
vn -0.577 -0.577 -0.577
vn -0.577 -0.577 -0.577
vn -0.577 -0.577 -0.577
vn -0.577 -0.577 -0.577
vn -0.577 -0.577 -0.577
vn -0.577 -0.577 -0.577
vn -0.577 -0.577 -0.577
vn -0.577 -0.577 -0.577
vn -0.577 -0.577 -0.577
vn -0.577 -0.577 -0.577
vn -0.577 -0.577 -0.577
vn -0.577 -0.577 -0.577
vn -0.577 -0.577 -0.577
vn -0.577 -0.577 -0.577
vn -0.577 -0.577 -0.577
vn -0.577 -0.577 -0.577
vn -0.577 -0.577 -0.577
vn -0.577 -0.577 -0.577
vn -0.577 -0.577 -0.577
vn -0.577 -0.577 -0.577
vn -0.577 -0.577 -0.577
vn -0.577 -0.577 -0.577
vn -0.577 -0.577 -0.577
vn -0.577 -0.577 -0.577
vn -0.577 -0.577 -0.577
vn -0.577 -0.577 -0.577
vn -0.577 -0.577 -0.577
vn -0.577 -0.577 -0.577
vn -0.577 -0.577 -0.577
vn -0.577 -0.577 -0.577
vn -0.577 -0.577 -0.577
vn -0.577 -0.577 -0.577
vn -0.577 -0.577 -0.577
vn -0.577 -0.577 -0.577
vn -0.577 -0.577 -0.577
vn -0.577 -0.577 -0.577
vn -0.577 -0.577 -0.577
vn 0.577 0.577 0.577
vn -0.577 -0.577 -0.577
vn 0.577 0.577 0.577
vn -0.577 -0.577 -0.577
vn 0.577 0.577 0.577
vn -0.577 -0.577 -0.577
vn 0.577 0.577 0.577
vn -0.577 -0.577 -0.577
vn -0.577 -0.577 -0.577
vn -0.577 -0.577 -0.577
vn -0.577 -0.577 -0.577
vn -0.577 -0.577 -0.577
vn 0.577 0.577 0.577
vn 0.577 0.577 0.577
vn 0.577 0.577 0.577
vn -0.577 -0.577 -0.577
vn -0.577 -0.577 -0.577
vn 0.577 0.577 0.577
vn 0.577 0.577 0.577
vn 0.577 0.577 0.577
vn 0.577 0.577 0.577
vn -0.577 -0.577 -0.577
vn -0.577 -0.577 -0.577
vn 0.577 0.577 0.577
vn -0.577 -0.577 -0.577
vn -0.577 -0.577 -0.577
vn -0.577 -0.577 -0.577
vn -0.577 -0.577 -0.577
vn -0.577 -0.577 -0.577
vn -0.577 -0.577 -0.577
vn -0.577 -0.577 -0.577
vn -0.577 -0.577 -0.577
vn -0.577 -0.577 -0.577
vn -0.577 -0.577 -0.577
vn -0.577 -0.577 -0.577
vn -0.577 -0.577 -0.577
vn -0.577 -0.577 -0.577
vn -0.577 -0.577 -0.577
vn -0.577 -0.577 -0.577
vn 0.577 0.577 0.577
vn 0.577 0.577 0.577
vn 0.577 0.577 0.577
vn 0.577 0.577 0.577
vn -0.577 -0.577 -0.577
vn -0.577 -0.577 -0.577
vn -0.577 -0.577 -0.577
vn -0.577 -0.577 -0.577
vn 0.577 0.577 0.577
vn -0.577 -0.577 -0.577
vn -0.577 -0.577 -0.577
vn -0.577 -0.577 -0.577
vn -0.577 -0.577 -0.577
vn -0.577 -0.577 -0.577
vn 0.577 0.577 0.577
vn -0.577 -0.577 -0.577
vn -0.577 -0.577 -0.577
vn -0.577 -0.577 -0.577
vn -0.577 -0.577 -0.577
vn -0.577 -0.577 -0.577
vn -0.577 -0.577 -0.577
vn -0.577 -0.577 -0.577
vn -0.577 -0.577 -0.577
vn -0.577 -0.577 -0.577
vn -0.577 -0.577 -0.577
vn -0.577 -0.577 -0.577
vn -0.577 -0.577 -0.577
vn -0.577 -0.577 -0.577
vn -0.577 -0.577 -0.577
vn 0.577 0.577 0.577
vn -0.577 -0.577 -0.577
vn 0.577 0.577 0.577
vn -0.577 -0.577 -0.577
vn 0.577 0.577 0.577
vn -0.577 -0.577 -0.577
vn -0.577 -0.577 -0.577
vn -0.577 -0.577 -0.577
vn 0.577 0.577 0.577
vn 0.577 0.577 0.577
vn 0.577 0.577 0.577
vn -0.577 -0.577 -0.577
vn -0.577 -0.577 -0.577
vn -0.577 -0.577 -0.577
vn 0.577 0.577 0.577
vn 0.577 0.577 0.577
vn 0.577 0.577 0.577
vn 0.577 0.577 0.577
vn -0.577 -0.577 -0.577
vn -0.577 -0.577 -0.577
vn -0.577 -0.577 -0.577
vn -0.577 -0.577 -0.577
vn -0.577 -0.577 -0.577
vn -0.577 -0.577 -0.577
vn -0.577 -0.577 -0.577
vn -0.577 -0.577 -0.577
vn 0.577 0.577 0.577
vn 0.577 0.577 0.577
vn 0.577 0.577 0.577
vn 0.577 0.577 0.577
vn 0.577 0.577 0.577
usemtl tex_821_lit
f 1/1/1 2/2/2 3/3/3
f 4/4/4 1/1/1 3/3/3
f 5/1/5 1/1/1 4/4/4
f 5/1/5 4/4/4 6/4/6
f 7/2/7 5/1/5 6/4/6
f 7/2/7 6/4/6 8/3/8
f 9/5/9 7/2/7 8/3/8
f 9/5/9 8/3/8 10/6/10
f 11/7/11 9/5/9 10/6/10
f 11/7/11 10/6/10 12/8/12
f 13/7/13 11/7/11 12/8/12
f 13/7/13 12/8/12 14/8/14
f 15/5/15 13/7/13 14/8/14
f 15/5/15 14/8/14 16/6/16
f 2/2/2 15/5/15 16/6/16
f 2/2/2 16/6/16 3/3/3
f 17/9/17 18/10/18 19/11/19
f 17/9/17 19/11/19 20/12/20
f 20/12/20 19/11/19 21/13/21
f 20/12/20 21/13/21 22/14/22
f 22/14/22 23/15/23 20/12/20
f 23/15/23 22/14/22 24/16/24
f 25/17/25 26/18/26 27/19/27
f 28/20/28 26/18/26 25/17/25
f 28/20/28 29/21/29 26/18/26
f 30/22/30 29/21/29 28/20/28
f 30/22/30 31/23/31 29/21/29
f 32/24/32 31/23/31 30/22/30
f 32/24/32 33/25/33 31/23/31
f 34/26/34 33/25/33 32/24/32
f 34/26/34 35/27/35 33/25/33
f 36/28/36 35/27/35 34/26/34
f 36/28/36 37/29/37 35/27/35
f 38/30/38 37/29/37 36/28/36
f 38/30/38 39/31/39 37/29/37
f 40/32/40 39/31/39 38/30/38
f 40/32/40 27/19/27 39/31/39
f 25/17/25 27/19/27 40/32/40
f 41/33/41 42/20/42 43/17/43
f 44/34/44 42/20/42 41/33/41
f 44/34/44 45/22/45 42/20/42
f 46/35/46 45/22/45 44/34/44
f 46/35/46 47/24/47 45/22/45
f 48/36/48 47/24/47 46/35/46
f 48/36/48 49/26/49 47/24/47
f 50/37/50 49/26/49 48/36/48
f 50/37/50 51/28/51 49/26/49
f 52/38/52 51/28/51 50/37/50
f 52/38/52 53/30/53 51/28/51
f 54/39/54 53/30/53 52/38/52
f 54/39/54 55/32/55 53/30/53
f 56/40/56 55/32/55 54/39/54
f 56/40/56 43/17/43 55/32/55
f 41/33/41 43/17/43 56/40/56
f 57/41/57 58/34/58 59/33/59
f 60/42/60 58/34/58 57/41/57
f 60/42/60 61/35/61 58/34/58
f 62/43/62 61/35/61 60/42/60
f 62/43/62 63/36/63 61/35/61
f 64/44/64 63/36/63 62/43/62
f 64/44/64 65/37/65 63/36/63
f 66/45/66 65/37/65 64/44/64
f 66/45/66 67/38/67 65/37/65
f 68/46/68 67/38/67 66/45/66
f 68/46/68 69/39/69 67/38/67
f 70/47/70 69/39/69 68/46/68
f 70/47/70 71/40/71 69/39/69
f 72/48/72 71/40/71 70/47/70
f 72/48/72 59/33/59 71/40/71
f 57/41/57 59/33/59 72/48/72
f 73/49/73 74/50/74 75/51/75
f 73/49/73 75/51/75 76/52/76
f 76/52/76 75/51/75 77/53/77
f 77/53/77 78/54/78 76/52/76
f 78/54/78 77/53/77 79/55/79
f 78/54/78 79/55/79 80/56/80
f 81/57/81 82/58/82 83/59/83
f 84/60/84 81/57/81 83/59/83
f 84/60/84 85/61/85 86/62/86
f 87/63/87 84/60/84 86/62/86
f 87/63/87 88/64/88 89/65/89
f 90/66/90 87/63/87 89/65/89
f 90/66/90 91/67/91 92/68/92
f 81/57/81 90/66/90 92/68/92
f 81/57/81 84/60/84 87/63/87
f 87/63/87 90/66/90 81/57/81
f 90/66/90 89/65/89 93/65/93
f 94/66/94 90/66/90 93/65/93
f 95/67/95 91/67/91 90/66/90
f 95/67/95 90/66/90 94/66/94
f 92/68/92 91/67/91 95/67/95
f 92/68/92 95/67/95 96/68/96
f 81/57/81 92/68/92 96/68/96
f 97/57/97 98/68/98 99/57/99
f 100/58/100 101/58/101 97/57/97
f 100/58/100 97/57/97 99/57/99
f 102/59/102 101/58/101 100/58/100
f 102/59/102 100/58/100 103/59/103
f 104/60/104 102/59/102 103/59/103
f 104/60/104 103/59/103 105/60/105
f 106/61/106 107/61/107 104/60/104
f 106/61/106 104/60/104 105/60/105
f 108/62/108 107/61/107 106/61/106
f 108/62/108 106/61/106 109/62/109
f 110/63/110 108/62/108 109/62/109
f 110/63/110 109/62/109 111/63/111
f 112/64/112 113/64/113 114/63/114
f 112/64/112 114/63/114 115/63/115
f 116/65/116 113/64/113 112/64/112
f 116/65/116 112/64/112 117/65/117
f 118/69/118 119/70/119 120/71/120
f 121/72/121 119/70/119 118/69/118
f 121/72/121 118/69/118 122/69/122
f 123/72/123 121/72/121 122/69/122
f 123/72/123 122/69/122 124/71/124
f 125/70/125 123/72/123 124/71/124
f 125/70/125 124/71/124 126/73/126
f 127/74/127 125/70/125 126/73/126
f 127/74/127 126/73/126 128/75/128
f 129/76/129 127/74/127 128/75/128
f 129/76/129 128/75/128 130/75/130
f 131/76/131 129/76/129 130/75/130
f 131/76/131 130/75/130 132/73/132
f 133/74/133 131/76/131 132/73/132
f 133/74/133 132/73/132 120/71/120
f 119/70/119 133/74/133 120/71/120
f 134/77/134 135/78/135 136/79/136
f 134/77/134 136/79/136 137/80/137
f 138/81/138 134/77/134 137/80/137
f 138/81/138 137/80/137 139/82/139
f 138/81/138 139/82/139 140/83/140
f 139/82/139 141/84/141 140/83/140
f 142/85/142 143/86/143 144/87/144
f 145/88/145 143/86/143 142/85/142
f 145/88/145 142/85/142 146/85/146
f 147/88/147 145/88/145 146/85/146
f 147/88/147 146/85/146 148/87/148
f 149/86/149 147/88/147 148/87/148
f 149/86/149 148/87/148 150/89/150
f 151/90/151 149/86/149 150/89/150
f 151/90/151 150/89/150 152/91/152
f 153/92/153 151/90/151 152/91/152
f 153/92/153 152/91/152 154/91/154
f 155/92/155 153/92/153 154/91/154
f 155/92/155 154/91/154 156/89/156
f 157/90/157 155/92/155 156/89/156
f 157/90/157 156/89/156 144/87/144
f 143/86/143 157/90/157 144/87/144
f 158/93/158 159/94/159 160/95/160
f 158/93/158 160/95/160 161/96/161
f 162/97/162 158/93/158 161/96/161
f 162/97/162 161/96/161 163/98/163
f 162/97/162 163/98/163 164/99/164
f 163/98/163 165/100/165 164/99/164
f 166/101/166 167/102/167 168/103/168
f 169/104/169 167/102/167 166/101/166
f 169/104/169 166/101/166 170/101/170
f 171/104/171 169/104/169 170/101/170
f 171/104/171 170/101/170 172/103/172
f 173/102/173 171/104/171 172/103/172
f 173/102/173 172/103/172 174/105/174
f 175/106/175 173/102/173 174/105/174
f 175/106/175 174/105/174 176/107/176
f 177/108/177 175/106/175 176/107/176
f 177/108/177 176/107/176 178/107/178
f 179/108/179 177/108/177 178/107/178
f 179/108/179 178/107/178 180/105/180
f 181/106/181 179/108/179 180/105/180
f 181/106/181 180/105/180 168/103/168
f 167/102/167 181/106/181 168/103/168
f 182/109/182 183/110/183 184/111/184
f 182/109/182 184/111/184 185/112/185
f 186/113/186 182/109/182 185/112/185
f 186/113/186 185/112/185 187/114/187
f 186/113/186 187/114/187 188/115/188
f 187/114/187 189/116/189 188/115/188
f 190/117/190 191/118/191 192/119/192
f 193/120/193 191/118/191 190/117/190
f 193/120/193 190/117/190 194/117/194
f 195/120/195 193/120/193 194/117/194
f 195/120/195 194/117/194 196/119/196
f 197/118/197 195/120/195 196/119/196
f 197/118/197 196/119/196 198/121/198
f 199/122/199 197/118/197 198/121/198
f 199/122/199 198/121/198 200/123/200
f 201/124/201 199/122/199 200/123/200
f 201/124/201 200/123/200 202/123/202
f 203/124/203 201/124/201 202/123/202
f 203/124/203 202/123/202 204/121/204
f 205/122/205 203/124/203 204/121/204
f 205/122/205 204/121/204 192/119/192
f 191/118/191 205/122/205 192/119/192
f 206/125/206 207/126/207 208/127/208
f 209/128/209 206/125/206 208/127/208
f 209/128/209 210/129/210 206/125/206
f 209/128/209 211/130/211 210/129/210
f 211/130/211 212/131/212 210/129/210
f 211/130/211 213/132/213 212/131/212
f 214/133/214 215/134/215 216/135/216
f 217/136/217 214/133/214 216/135/216
f 218/133/218 214/133/214 217/136/217
f 218/133/218 217/136/217 219/136/219
f 220/134/220 218/133/218 219/136/219
f 220/134/220 219/136/219 221/135/221
f 222/137/222 220/134/220 221/135/221
f 222/137/222 221/135/221 223/138/223
f 224/139/224 222/137/222 223/138/223
f 224/139/224 223/138/223 225/140/225
f 226/139/226 224/139/224 225/140/225
f 226/139/226 225/140/225 227/140/227
f 228/137/228 226/139/226 227/140/227
f 228/137/228 227/140/227 229/138/229
f 215/134/215 228/137/228 229/138/229
f 215/134/215 229/138/229 216/135/216
f 230/141/230 231/142/231 232/143/232
f 230/141/230 232/143/232 233/144/233
f 234/145/234 230/141/230 233/144/233
f 234/145/234 233/144/233 235/146/235
f 235/146/235 236/147/236 234/145/234
f 236/147/236 235/146/235 237/148/237
f 238/149/238 239/150/239 240/151/240
f 239/150/239 238/149/238 241/152/241
f 241/152/241 242/153/242 239/150/239
f 241/152/241 243/154/243 242/153/242
f 243/154/243 244/155/244 242/153/242
f 243/154/243 245/156/245 244/155/244
f 246/157/246 247/158/247 248/159/248
f 249/160/249 246/157/246 248/159/248
f 250/157/250 246/157/246 249/160/249
f 250/157/250 249/160/249 251/160/251
f 252/158/252 250/157/250 251/160/251
f 252/158/252 251/160/251 253/159/253
f 254/161/254 255/158/255 256/159/256
f 254/161/254 256/159/256 257/162/257
f 258/163/258 254/161/254 257/162/257
f 258/163/258 257/162/257 259/164/259
f 260/163/260 258/163/258 259/164/259
f 260/163/260 259/164/259 261/164/261
f 262/161/262 260/163/260 261/164/261
f 262/161/262 261/164/261 263/162/263
f 264/158/264 262/161/262 263/162/263
f 264/158/264 263/162/263 265/159/265
f 266/165/266 267/166/267 268/167/268
f 266/165/266 268/167/268 269/168/269
f 270/169/270 266/165/266 269/168/269
f 270/169/270 269/168/269 271/170/271
f 272/171/272 273/172/273 274/172/274
f 275/166/275 267/166/267 276/165/276
f 276/165/276 266/165/266 270/169/270
f 276/165/276 270/169/270 277/169/277
f 277/169/277 270/169/270 271/170/271
f 277/169/277 271/170/271 278/170/278
f 276/165/276 279/167/279 275/166/275
f 280/168/280 279/167/279 276/165/276
f 280/168/280 276/165/276 277/169/277
f 280/168/280 277/169/277 278/170/278
usemtl tex_823_lit
f 281/173/281 282/174/282 283/175/283
usemtl tex_821_lit
f 284/176/284 285/177/285 286/178/286
f 287/179/287 284/176/284 286/178/286
f 287/179/287 286/178/286 288/180/288
f 289/181/289 287/179/287 288/180/288
usemtl tex_821_lit_ovl
f 290/182/290 285/177/285 291/183/291
usemtl tex_821_lit
f 288/180/288 286/178/286 290/182/290
f 292/184/292 288/180/288 290/182/290
f 289/181/289 288/180/288 292/184/292
f 293/185/293 289/181/289 292/184/292
f 291/183/291 294/186/294 290/182/290
f 290/182/290 294/186/294 295/187/295
f 292/184/292 290/182/290 295/187/295
f 293/185/293 292/184/292 295/187/295
f 296/188/296 297/189/297 298/190/298
f 299/191/299 296/188/296 298/190/298
f 300/192/300 296/188/296 299/191/299
f 301/193/301 298/190/298 297/189/297
f 301/193/301 300/192/300 299/191/299
f 301/193/301 299/191/299 298/190/298
usemtl tex_1455_sw0_0_lit_w11
f 302/194/302 303/195/303 304/196/304
f 305/197/305 303/195/303 302/194/302
f 302/194/302 304/196/304 306/173/306
f 307/198/307 302/194/302 306/173/306
usemtl tex_822_sw0_0_lit_ovl
f 308/199/308 309/200/309 310/201/310
f 310/201/310 311/202/311 308/199/308
f 312/203/312 311/202/311 310/201/310
usemtl tex_822_sw0_0_lit
f 313/204/313 314/205/314 315/206/315
f 313/204/313 315/206/315 316/207/316
f 313/204/313 316/207/316 317/208/317
f 314/205/314 313/204/313 317/208/317
usemtl tex_822_sw0_0_lit_ovl
f 318/209/318 319/210/319 320/211/320
f 321/212/321 319/210/319 318/209/318
f 322/213/322 323/214/323 324/215/324
f 322/213/322 324/215/324 325/216/325
f 326/217/326 327/218/327 328/219/328
f 328/219/328 329/220/329 326/217/326
usemtl tex_822_sw0_0_lit
f 321/212/321 318/209/318 330/221/330
f 329/220/329 328/219/328 331/222/331
f 325/216/325 324/215/324 332/223/332
usemtl tex_823_sw0_0_lit_ovl
f 333/224/333 334/225/334 335/226/335
f 336/227/336 333/224/333 335/226/335
f 337/228/337 338/229/338 334/225/334
f 333/224/333 337/228/337 334/225/334
usemtl tex_821_sw0_0_lit
f 339/230/339 340/231/340 341/232/341
f 342/233/342 343/234/343 344/235/344
f 343/234/343 345/236/345 344/235/344
f 345/236/345 346/237/346 344/235/344
f 347/238/347 348/239/348 349/240/349
f 348/239/348 350/234/350 349/240/349
f 350/234/350 351/233/351 349/240/349
f 352/241/352 353/242/353 354/243/354
f 353/242/353 348/239/348 354/243/354
f 348/239/348 347/238/347 354/243/354
f 355/244/355 356/245/356 357/246/357
f 356/245/356 353/242/353 357/246/357
f 353/242/353 352/241/352 357/246/357
f 358/247/358 359/248/359 360/249/360
f 359/248/359 356/245/356 360/249/360
f 356/245/356 355/244/355 360/249/360
f 361/250/361 362/251/362 363/252/363
f 362/251/362 364/248/364 363/252/363
f 364/248/364 365/247/365 363/252/363
f 366/231/366 367/230/367 368/253/368
f 367/230/367 362/251/362 368/253/368
f 362/251/362 361/250/361 368/253/368
f 369/237/369 370/236/370 371/232/371
f 370/236/370 367/230/367 371/232/371
f 372/234/372 373/254/373 374/255/374
f 372/234/372 375/239/375 373/254/373
f 375/239/375 376/256/376 373/254/373
f 377/242/377 378/256/378 379/239/379
f 377/242/377 380/257/380 378/256/378
f 381/245/381 380/257/380 377/242/377
f 381/245/381 382/258/382 380/257/380
f 383/248/383 382/258/382 381/245/381
f 383/248/383 384/259/384 382/258/382
f 385/251/385 384/259/384 383/248/383
f 385/251/385 386/260/386 384/259/384
f 387/230/387 386/260/386 385/251/385
f 387/230/387 388/261/388 386/260/386
f 389/236/389 388/261/388 387/230/387
f 389/236/389 390/255/390 388/261/388
f 391/234/391 390/255/390 389/236/389
f 380/257/380 392/262/392 378/256/378
f 393/263/393 394/262/394 395/257/395
f 396/258/396 393/263/393 395/257/395
f 397/264/397 393/263/393 396/258/396
f 398/259/398 397/264/397 396/258/396
f 399/265/399 397/264/397 398/259/398
f 400/260/400 399/265/399 398/259/398
f 401/266/401 399/265/399 400/260/400
f 402/261/402 401/266/401 400/260/400
f 403/267/403 401/266/401 402/261/402
f 404/255/404 403/267/403 402/261/402
f 405/268/405 403/267/403 404/255/404
f 406/254/406 405/268/405 404/255/404
f 407/269/407 405/268/405 406/254/406
f 408/256/408 407/269/407 406/254/406
f 394/262/394 407/269/407 408/256/408
f 403/267/403 399/265/399 401/266/401
f 397/264/397 399/265/399 403/267/403
f 397/264/397 403/267/403 405/268/405
f 393/263/393 397/264/397 405/268/405
f 393/263/393 405/268/405 407/269/407
f 394/262/394 393/263/393 407/269/407
f 409/270/409 410/271/410 411/272/411
f 409/270/409 412/273/412 410/271/410
f 409/270/409 411/272/411 413/274/413
f 414/275/414 412/273/412 409/270/409
f 415/276/415 416/277/416 414/275/414
f 416/277/416 412/273/412 414/275/414
f 415/276/415 414/275/414 417/278/417
f 418/279/418 415/276/415 417/278/417
f 419/280/419 420/281/420 418/279/418
f 420/281/420 415/276/415 418/279/418
f 419/280/419 418/279/418 421/282/421
f 422/283/422 423/284/423 421/282/421
f 423/284/423 419/280/419 421/282/421
f 422/283/422 421/282/421 424/285/424
f 425/286/425 426/278/426 427/275/427
f 428/287/428 426/278/426 425/286/425
f 429/288/429 426/278/426 428/287/428
f 430/279/430 426/278/426 429/288/429
f 431/289/431 428/287/428 425/286/425
f 432/290/432 428/287/428 431/289/431
f 433/291/433 428/287/428 432/290/432
f 429/288/429 428/287/428 433/291/433
f 432/290/432 431/289/431 434/292/434
f 435/293/435 432/290/432 434/292/434
f 436/294/436 432/290/432 435/293/435
f 433/291/433 432/290/432 436/294/436
f 437/295/437 438/296/438 439/297/439
usemtl tex_821_sw0_0_lit_ovl
f 440/298/440 441/299/441 442/300/442
usemtl tex_821_sw0_0_lit
f 443/301/443 444/302/444 445/303/445
f 443/301/443 446/304/446 447/305/447
f 443/301/443 445/303/445 446/304/446
f 448/306/448 449/307/449 450/297/450
f 447/305/447 451/308/451 448/306/448
f 451/308/451 449/307/449 448/306/448
usemtl tex_821_sw0_0_lit_ovl
f 447/305/447 452/309/452 443/301/443
f 448/306/448 452/309/452 447/305/447
f 453/310/453 452/309/452 448/306/448
f 448/306/448 454/311/454 453/310/453
f 452/309/452 455/312/455 443/301/443
f 456/301/456 457/312/457 458/313/458
usemtl tex_821_sw0_0_lit
f 459/313/459 460/312/460 461/314/461
f 461/314/461 460/312/460 462/315/462
f 462/315/462 460/312/460 463/309/463
f 464/316/464 462/315/462 463/309/463
f 464/316/464 463/309/463 465/310/465
f 466/317/466 464/316/464 465/310/465
f 466/317/466 465/310/465 467/311/467
f 468/318/468 466/317/466 467/311/467
f 468/318/468 467/311/467 469/319/469
f 470/320/470 468/318/468 469/319/469
f 470/320/470 469/319/469 471/321/471
f 472/322/472 473/320/473 474/321/474
f 472/322/472 474/321/474 475/323/475
f 476/324/476 472/322/472 475/323/475
f 476/324/476 475/323/475 477/313/477
f 478/314/478 476/324/476 477/313/477
usemtl tex_821_sw0_0_lit_ovl
f 479/325/479 480/311/480 481/306/481
f 481/306/481 482/326/482 479/325/479
f 483/327/483 482/326/482 481/306/481
usemtl tex_821_sw0_0_lit
f 484/297/484 485/328/485 483/327/483
f 483/327/483 481/306/481 484/297/484
f 484/297/484 486/296/486 485/328/485
f 487/307/487 488/329/488 489/285/489
f 488/329/488 490/283/490 489/285/489
f 491/297/491 487/307/487 489/285/489
f 492/274/492 493/330/493 494/303/494
f 492/274/492 495/272/495 493/330/493
f 492/274/492 494/303/494 496/302/496
usemtl tex_821_sw0_0_lit_ovl
f 497/331/497 498/311/498 499/325/499
f 497/331/497 499/325/499 500/332/500
f 501/333/501 502/298/502 503/300/503
f 504/331/504 505/332/505 506/334/506
f 507/335/507 508/336/508 509/337/509
f 510/319/510 511/311/511 504/331/504
f 510/319/510 504/331/504 512/338/512
f 513/321/513 510/319/510 512/338/512
f 513/321/513 512/338/512 514/339/514
f 515/340/515 513/321/513 514/339/514
f 516/323/516 513/321/513 515/340/515
f 517/341/517 518/323/518 519/340/519
f 520/313/520 518/323/518 517/341/517
f 521/331/521 522/334/522 523/342/523
f 524/338/524 521/331/521 523/342/523
f 517/341/517 519/340/519 525/343/525
f 526/339/526 524/338/524 527/344/527
f 528/345/528 526/339/526 527/344/527
f 529/346/529 527/344/527 524/338/524
f 529/346/529 524/338/524 523/342/523
f 526/339/526 528/345/528 530/347/530
f 519/340/519 526/339/526 530/347/530
f 519/340/519 530/347/530 531/348/531
f 525/343/525 519/340/519 531/348/531
f 520/313/520 517/341/517 532/349/532
f 532/349/532 517/341/517 525/343/525
f 533/349/533 534/301/534 535/313/535
usemtl tex_821_sw0_0_lit
f 536/350/536 537/295/537 538/297/538
f 539/351/539 540/302/540 534/301/534
usemtl tex_821_sw0_0_lit_ovl
f 539/351/539 534/301/534 533/349/533
usemtl tex_821_sw0_0_lit
f 540/302/540 539/351/539 541/352/541
f 542/353/542 537/295/537 536/350/536
f 543/354/543 544/355/544 545/356/545
f 546/357/546 544/355/544 543/354/543
f 547/358/547 544/355/544 546/357/546
f 548/359/548 547/358/547 546/357/546
f 549/360/549 550/359/550 551/361/551
f 551/361/551 550/359/550 552/362/552
f 553/363/553 551/361/551 552/362/552
f 553/363/553 552/362/552 554/364/554
f 555/365/555 549/360/549 556/366/556
f 557/367/557 555/365/555 556/366/556
f 557/367/557 556/366/556 558/368/558
f 559/369/559 557/367/557 558/368/558
f 560/358/560 555/365/555 561/370/561
f 562/371/562 560/358/560 561/370/561
f 562/371/562 561/370/561 563/372/563
f 564/373/564 562/371/562 563/372/563
usemtl tex_821_sw0_0_lit_ovl
f 565/300/565 566/374/566 567/333/567
f 568/334/568 567/333/567 566/374/566
f 566/374/566 569/342/569 568/334/568
f 569/342/569 566/374/566 570/375/570
usemtl tex_821_sw0_0_lit
f 571/376/571 572/353/572 573/350/573
f 574/377/574 572/353/572 571/376/571
usemtl tex_821_sw0_0_lit_ovl
f 575/378/575 576/379/576 577/380/577
f 575/378/575 577/380/577 574/377/574
usemtl tex_821_sw0_0_lit
f 571/376/571 575/378/575 574/377/574
f 578/381/578 575/378/575 571/376/571
f 579/382/579 578/381/578 571/376/571
f 580/383/580 581/384/581 582/382/582
f 583/385/583 581/384/581 580/383/580
usemtl tex_821_sw0_0_lit_ovl
f 584/348/584 585/347/585 586/386/586
usemtl tex_821_sw0_0_lit
f 587/387/587 584/348/584 586/386/586
f 588/388/588 587/387/587 586/386/586
f 588/388/588 586/386/586 589/389/589
f 588/388/588 589/389/589 590/390/590
f 591/391/591 590/390/590 589/389/589
f 591/391/591 589/389/589 592/392/592
usemtl tex_821_sw0_0_lit_ovl
f 593/346/593 592/392/592 594/344/594
usemtl tex_821_sw0_0_lit
f 595/393/595 591/391/591 592/392/592
f 595/393/595 592/392/592 593/346/593
f 596/394/596 597/346/597 598/342/598
f 599/393/599 597/346/597 596/394/596
f 599/393/599 596/394/596 600/395/600
f 596/394/596 601/342/601 602/375/602
f 603/396/603 604/397/604 596/394/596
f 605/398/605 606/385/606 607/383/607
f 605/398/605 607/383/607 608/399/608
f 609/400/609 608/399/608 610/401/610
f 604/397/604 609/400/609 610/401/610
f 604/397/604 610/401/610 611/402/611
f 596/394/596 604/397/604 611/402/611
f 611/402/611 600/395/600 596/394/596
f 612/343/612 613/348/613 614/403/614
f 614/403/614 613/348/613 615/387/615
f 616/404/616 614/403/614 615/387/615
f 614/403/614 616/404/616 617/405/617
usemtl tex_821_sw0_0_lit_ovl
f 618/349/618 619/343/619 620/406/620
f 620/406/620 619/343/619 621/407/621
usemtl tex_821_sw0_0_lit
f 621/407/621 619/343/619 614/403/614
f 622/408/622 621/407/621 614/403/614
f 622/408/622 614/403/614 623/409/623
usemtl tex_821_sw0_0_lit_ovl
f 618/349/618 620/406/620 624/410/624
f 618/349/618 624/410/624 625/411/625
f 626/351/626 618/349/618 625/411/625
f 626/351/626 625/411/625 627/412/627
f 628/413/628 629/351/629 630/412/630
usemtl tex_821_sw0_0_lit
f 631/409/631 632/403/632 633/405/633
f 634/414/634 631/409/631 633/405/633
f 634/414/634 633/405/633 635/415/635
f 635/415/635 633/405/633 636/416/636
f 637/417/637 635/415/635 636/416/636
f 637/417/637 636/416/636 638/418/638
f 639/419/639 637/417/637 638/418/638
f 640/420/640 639/419/639 638/418/638
f 640/420/640 638/418/638 641/421/641
f 642/422/642 640/420/640 641/421/641
f 642/422/642 641/421/641 643/423/643
f 644/352/644 645/351/645 646/413/646
f 644/352/644 646/413/646 647/424/647
f 648/422/648 649/423/649 650/425/650
f 650/425/650 649/423/649 651/426/651
f 647/424/647 650/425/650 651/426/651
f 647/424/647 651/426/651 644/352/644
f 652/427/652 653/428/653 654/414/654
f 655/415/655 652/427/652 654/414/654
f 656/429/656 652/427/652 655/415/655
f 656/429/656 655/415/655 657/417/657
f 658/419/658 656/429/656 657/417/657
f 659/430/659 656/429/656 658/419/658
f 660/430/660 661/419/661 662/420/662
f 663/431/663 660/430/660 662/420/662
f 663/431/663 662/420/662 664/422/664
f 663/431/663 664/422/664 665/432/665
f 665/432/665 664/422/664 666/425/666
f 667/424/667 665/432/665 666/425/666
f 667/424/667 668/433/668 665/432/665
f 668/433/668 667/424/667 669/413/669
f 670/434/670 668/433/668 669/413/669
f 670/434/670 669/413/669 671/412/671
f 672/435/672 670/434/670 671/412/671
f 672/435/672 671/412/671 673/411/673
f 674/410/674 672/435/672 673/411/673
f 675/436/675 672/435/672 674/410/674
f 676/436/676 677/410/677 678/406/678
f 679/437/679 676/436/676 678/406/678
f 679/437/679 678/406/678 680/407/680
f 681/438/681 679/437/679 680/407/680
f 681/438/681 680/407/680 682/408/682
f 683/409/683 681/438/681 682/408/682
f 684/428/684 681/438/681 683/409/683
f 684/428/684 683/409/683 685/414/685
f 686/439/686 687/274/687 688/302/688
f 686/439/686 688/302/688 689/440/689
f 690/441/690 691/270/691 687/274/687
f 690/441/690 687/274/687 686/439/686
f 692/440/692 693/302/693 694/352/694
f 692/440/692 694/352/694 695/442/695
f 696/443/696 697/275/697 698/270/698
f 696/443/696 698/270/698 699/441/699
f 700/350/700 701/297/701 702/444/702
f 702/444/702 701/297/701 703/445/703
f 703/445/703 701/297/701 704/285/704
f 703/445/703 704/285/704 705/446/705
f 705/446/705 704/285/704 706/282/706
f 705/446/705 706/282/706 707/447/707
f 708/447/708 709/282/709 710/279/710
f 708/447/708 710/279/710 711/448/711
f 711/448/711 710/279/710 712/288/712
f 711/448/711 712/288/712 713/449/713
f 713/449/713 712/288/712 714/291/714
f 713/449/713 714/291/714 715/450/715
f 715/450/715 714/291/714 716/294/716
f 715/450/715 716/294/716 717/451/717
f 717/451/717 716/294/716 718/293/718
f 717/451/717 718/293/718 719/452/719
f 719/452/719 718/293/718 720/292/720
f 719/452/719 720/292/720 721/453/721
f 721/453/721 720/292/720 722/289/722
f 721/453/721 722/289/722 723/454/723
f 724/454/724 725/289/725 726/286/726
f 724/454/724 726/286/726 727/455/727
f 727/455/727 726/286/726 728/275/728
f 727/455/727 728/275/728 729/443/729
f 730/456/730 731/457/731 732/451/732
f 731/457/731 724/454/724 733/458/733
f 733/458/733 724/454/724 727/455/727
f 733/458/733 727/455/727 734/459/734
f 734/459/734 727/455/727 729/443/729
f 735/440/735 736/442/736 737/460/737
f 734/459/734 729/443/729 738/461/738
f 739/461/739 740/441/740 741/462/741
f 741/462/741 740/441/740 742/439/742
f 741/462/741 742/439/742 743/463/743
f 744/451/744 745/457/745 746/450/746
f 747/449/747 748/458/748 749/459/749
f 750/448/750 749/459/749 739/461/739
f 751/446/751 752/447/752 741/462/741
f 751/446/751 741/462/741 753/464/753
f 739/461/739 754/443/754 740/441/740
f 755/452/755 756/453/756 757/456/757
f 758/448/758 759/449/759 760/459/760
f 761/465/761 762/464/762 763/466/763
f 764/446/764 762/464/762 761/465/761
f 765/445/765 764/446/764 761/465/761
f 757/456/757 756/453/756 766/457/766
f 766/457/766 756/453/756 767/454/767
f 768/463/768 762/464/762 769/462/769
f 770/463/770 771/439/771 772/440/772
f 770/463/770 772/440/772 773/466/773
f 774/464/774 770/463/770 773/466/773
f 772/440/772 775/467/775 776/468/776
f 773/466/773 772/440/772 776/468/776
f 777/469/777 778/470/778 779/471/779
f 772/440/772 780/460/780 775/467/775
f 781/472/781 782/445/782 783/465/783
f 784/473/784 782/445/782 781/472/781
f 785/447/785 786/448/786 787/461/787
f 785/447/785 787/461/787 788/462/788
f 789/450/789 790/457/790 791/458/791
f 792/449/792 789/450/789 791/458/791
f 793/456/793 794/451/794 795/452/795
f 796/376/796 797/350/797 798/444/798
f 799/474/799 796/376/796 798/444/798
f 800/382/800 796/376/796 799/474/799
f 801/475/801 802/382/802 803/474/803
f 804/383/804 802/382/802 801/475/801
f 805/383/805 806/475/806 807/476/807
f 807/476/807 806/475/806 803/474/803
f 808/477/808 807/476/807 803/474/803
f 808/477/808 803/474/803 809/478/809
f 810/479/810 808/477/808 809/478/809
f 811/480/811 810/479/810 809/478/809
f 812/481/812 810/479/810 811/480/811
f 813/482/813 812/481/812 811/480/811
f 814/483/814 813/482/813 811/480/811
f 809/478/809 803/474/803 815/444/815
f 809/478/809 815/444/815 816/484/816
f 811/480/811 809/478/809 816/484/816
f 817/480/817 818/484/818 819/485/819
f 820/486/820 817/480/817 819/485/819
f 821/483/821 817/480/817 820/486/820
f 818/484/818 822/444/822 823/487/823
f 824/488/824 818/484/818 823/487/823
f 819/485/819 818/484/818 824/488/824
f 825/489/825 819/485/819 824/488/824
f 820/486/820 819/485/819 825/489/825
f 826/490/826 820/486/820 825/489/825
f 821/483/821 820/486/820 826/490/826
f 827/491/827 821/483/821 826/490/826
f 828/482/828 821/483/821 827/491/827
f 829/492/829 828/482/828 827/491/827
f 830/481/830 828/482/828 829/492/829
f 831/493/831 830/481/830 829/492/829
f 832/479/832 830/481/830 831/493/831
f 833/494/833 834/479/834 835/493/835
f 836/477/836 834/479/834 833/494/833
f 837/495/837 836/477/836 833/494/833
f 838/476/838 836/477/836 837/495/837
f 839/496/839 838/476/838 837/495/837
f 840/383/840 838/476/838 839/496/839
f 841/497/841 840/383/840 839/496/839
f 842/399/842 840/383/840 841/497/841
f 843/498/843 842/399/842 841/497/841
f 844/401/844 842/399/842 843/498/843
f 845/499/845 844/401/844 843/498/843
f 846/500/846 847/491/847 848/490/848
f 849/500/849 850/490/850 851/501/851
f 851/501/851 850/490/850 852/489/852
f 851/501/851 852/489/852 853/502/853
f 853/502/853 852/489/852 854/488/854
f 853/502/853 854/488/854 855/503/855
f 855/503/855 854/488/854 856/487/856
f 855/503/855 856/487/856 857/504/857
f 849/500/849 858/492/858 859/491/859
f 858/492/858 849/500/849 851/501/851
f 860/493/860 858/492/858 851/501/851
f 860/493/860 851/501/851 853/502/853
f 861/494/861 860/493/860 853/502/853
f 861/494/861 853/502/853 855/503/855
f 862/495/862 861/494/861 855/503/855
f 862/495/862 855/503/855 857/504/857
f 863/496/863 862/495/862 857/504/857
f 864/473/864 863/496/863 857/504/857
f 864/473/864 857/504/857 856/487/856
f 865/442/865 866/352/866 867/426/867
f 865/442/865 867/426/867 868/505/868
f 868/505/868 867/426/867 869/423/869
f 868/505/868 869/423/869 870/506/870
f 870/506/870 869/423/869 871/421/871
f 872/507/872 873/506/873 874/421/874
f 868/505/868 873/506/873 872/507/872
f 868/505/868 872/507/872 875/508/875
f 876/509/876 868/505/868 875/508/875
f 876/509/876 875/508/875 877/510/877
f 876/509/876 877/510/877 878/511/878
f 878/511/878 877/510/877 879/512/879
f 878/511/878 879/512/879 880/513/880
f 881/511/881 882/513/882 883/514/883
f 884/442/884 885/505/885 886/509/886
f 887/515/887 884/442/884 886/509/886
f 887/515/887 886/509/886 881/511/881
f 888/516/888 887/515/887 881/511/881
f 888/516/888 881/511/881 889/517/889
f 889/517/889 881/511/881 883/514/883
f 890/460/890 884/442/884 887/515/887
f 890/460/890 887/515/887 891/518/891
f 891/518/891 887/515/887 888/516/888
f 891/518/891 888/516/888 892/519/892
f 892/519/892 888/516/888 889/517/889
f 892/519/892 889/517/889 893/520/893
f 893/520/893 889/517/889 883/514/883
f 893/520/893 883/514/883 894/521/894
f 894/521/894 883/514/883 882/513/882
f 894/521/894 882/513/882 895/522/895
f 895/522/895 882/513/882 896/512/896
f 897/522/897 898/512/898 899/523/899
f 899/523/899 898/512/898 900/510/900
f 899/523/899 900/510/900 901/524/901
f 901/524/901 900/510/900 902/508/902
f 901/524/901 902/508/902 903/525/903
f 903/525/903 902/508/902 904/507/904
f 903/525/903 904/507/904 905/526/905
f 905/526/905 904/507/904 906/421/906
f 905/526/905 906/421/906 907/527/907
f 907/527/907 906/421/906 908/418/908
f 907/527/907 908/418/908 909/528/909
f 909/528/909 908/418/908 910/416/910
f 909/528/909 910/416/910 911/529/911
f 912/520/912 913/521/913 914/530/914
f 915/531/915 912/520/912 914/530/914
f 916/519/916 912/520/912 915/531/915
f 917/532/917 916/519/916 915/531/915
f 918/518/918 916/519/916 917/532/917
f 919/533/919 918/518/918 917/532/917
f 920/460/920 918/518/918 919/533/919
f 921/534/921 920/460/920 919/533/919
f 913/521/913 922/522/922 914/530/914
f 915/531/915 914/530/914 922/522/922
f 915/531/915 922/522/922 923/523/923
f 917/532/917 915/531/915 923/523/923
f 917/532/917 923/523/923 924/524/924
f 919/533/919 917/532/917 924/524/924
f 919/533/919 924/524/924 925/525/925
f 921/534/921 919/533/919 925/525/925
f 921/534/921 925/525/925 926/526/926
f 921/534/921 926/526/926 927/467/927
f 920/460/920 921/534/921 927/467/927
f 928/535/928 929/472/929 930/465/930
f 931/466/931 932/468/932 933/536/933
f 934/537/934 929/472/929 928/535/928
f 934/537/934 928/535/928 933/536/933
f 934/537/934 933/536/933 935/538/935
f 936/342/936 935/538/935 937/343/937
f 936/342/936 934/537/934 935/538/935
f 932/468/932 935/538/935 933/536/933
f 938/467/938 935/538/935 932/468/932
f 938/467/938 939/526/939 940/527/940
f 940/527/940 941/528/941 938/467/938
f 942/390/942 943/391/943 944/539/944
f 944/539/944 943/391/943 945/470/945
f 945/470/945 943/391/943 946/393/946
f 947/540/947 945/470/945 946/393/946
f 945/470/945 947/540/947 948/471/948
f 949/388/949 942/390/942 944/539/944
f 949/388/949 944/539/944 950/541/950
f 951/387/951 949/388/949 950/541/950
f 951/387/951 950/541/950 952/542/952
f 952/542/952 950/541/950 953/543/953
f 954/473/954 955/472/955 956/537/956
f 957/473/957 958/497/958 959/496/959
f 960/544/960 961/343/961 962/538/962
f 961/343/961 960/544/960 963/542/963
f 963/542/963 960/544/960 964/545/964
f 965/387/965 963/542/963 964/545/964
f 966/404/966 965/387/965 964/545/964
f 967/405/967 966/404/966 964/545/964
f 960/544/960 962/538/962 968/467/968
f 964/545/964 960/544/960 968/467/968
f 964/545/964 968/467/968 969/546/969
f 967/405/967 964/545/964 969/546/969
f 970/416/970 967/405/967 969/546/969
f 971/529/971 970/416/970 969/546/969
f 968/467/968 972/528/972 971/529/971
f 969/546/969 968/467/968 971/529/971
f 973/540/973 974/393/974 975/547/975
f 975/547/975 974/393/974 976/395/976
f 975/547/975 976/395/976 977/402/977
f 975/547/975 977/402/977 978/548/978
f 978/548/978 977/402/977 979/401/979
f 980/499/980 978/548/978 979/401/979
f 981/498/981 982/497/982 983/473/983
f 981/498/981 983/473/983 980/499/980
f 980/499/980 983/473/983 978/548/978
f 975/547/975 978/548/978 983/473/983
f 984/549/984 983/473/983 985/537/985
f 984/549/984 985/537/985 986/342/986
f 975/547/975 983/473/983 984/549/984
f 973/540/973 975/547/975 984/549/984
f 973/540/973 984/549/984 986/342/986
f 987/550/987 988/539/988 989/470/989
f 990/541/990 988/539/988 987/550/987
f 991/551/991 990/541/990 987/550/987
f 992/543/992 990/541/990 991/551/991
f 987/550/987 989/470/989 993/469/993
f 994/487/994 995/444/995 996/445/996
f 994/487/994 996/445/996 997/473/997
f 998/552/998 992/543/992 991/551/991
f 993/469/993 999/471/999 1000/553/1000
f 1001/553/1001 1002/471/1002 1003/540/1003
f 1004/342/1004 1001/553/1001 1003/540/1003
f 1005/343/1005 1001/553/1001 1004/342/1004
f 1006/552/1006 1001/553/1001 1005/343/1005
f 1006/552/1006 1005/343/1005 1007/542/1007
f 1008/543/1008 1006/552/1006 1007/542/1007
f 1009/552/1009 1010/469/1010 1011/553/1011
f 1012/551/1012 1010/469/1010 1009/552/1009
f 1013/550/1013 1010/469/1010 1012/551/1012
