mtllib GtriggerZ.mtl
v -33.0 78.0 92.0 1.000 1.000 1.000
v -42.0 65.0 95.0 1.000 1.000 1.000
v -58.0 85.0 104.0 1.000 1.000 1.000
v -47.0 93.0 103.0 1.000 1.000 1.000
v -32.0 99.0 111.0 1.000 1.000 1.000
v -13.0 88.0 98.0 1.000 1.000 1.000
v -17.0 104.0 118.0 1.000 1.000 1.000
v 6.0 89.0 111.0 1.000 1.000 1.000
v -1.0 106.0 128.0 1.000 1.000 1.000
v 9.0 94.0 143.0 1.000 1.000 1.000
v 9.0 88.0 148.0 1.000 1.000 1.000
v 14.0 81.0 122.0 1.000 1.000 1.000
v 6.0 89.0 111.0 1.000 1.000 1.000
v 14.0 81.0 122.0 1.000 1.000 1.000
v 9.0 88.0 148.0 1.000 1.000 1.000
v 4.0 80.0 150.0 1.000 1.000 1.000
v 5.0 68.0 126.0 1.000 1.000 1.000
v 14.0 81.0 122.0 1.000 1.000 1.000
v 4.0 80.0 150.0 1.000 1.000 1.000
v -12.0 62.0 153.0 1.000 1.000 1.000
v -11.0 51.0 115.0 1.000 1.000 1.000
v -30.0 54.0 142.0 1.000 1.000 1.000
v -34.0 57.0 106.0 1.000 1.000 1.000
v -53.0 60.0 124.0 1.000 1.000 1.000
v -58.0 77.0 109.0 1.000 1.000 1.000
v -34.0 57.0 106.0 1.000 1.000 1.000
v -53.0 60.0 124.0 1.000 1.000 1.000
v -42.0 65.0 95.0 1.000 1.000 1.000
v -58.0 77.0 109.0 1.000 1.000 1.000
v -42.0 65.0 95.0 1.000 1.000 1.000
v -58.0 77.0 109.0 1.000 1.000 1.000
v -58.0 85.0 104.0 1.000 1.000 1.000
v 9.0 88.0 148.0 1.000 1.000 1.000
v 6.0 89.0 111.0 1.000 1.000 1.000
v 9.0 94.0 143.0 1.000 1.000 1.000
v -6.0 27.0 40.0 1.000 1.000 1.000
v -42.0 65.0 95.0 1.000 1.000 1.000
v -4.0 33.0 37.0 1.000 1.000 1.000
v -33.0 78.0 92.0 1.000 1.000 1.000
v 1.0 43.0 34.0 1.000 1.000 1.000
v 11.0 51.0 36.0 1.000 1.000 1.000
v -13.0 88.0 98.0 1.000 1.000 1.000
v 24.0 58.0 40.0 1.000 1.000 1.000
v 35.0 58.0 47.0 1.000 1.000 1.000
v 47.0 55.0 57.0 1.000 1.000 1.000
v 51.0 50.0 63.0 1.000 1.000 1.000
v 14.0 81.0 122.0 1.000 1.000 1.000
v 56.0 44.0 70.0 1.000 1.000 1.000
v 11.0 88.0 100.0 1.000 1.000 1.000
v 21.0 78.0 84.0 1.000 1.000 1.000
v 21.0 78.0 85.0 1.000 1.000 1.000
v 11.0 87.0 100.0 1.000 1.000 1.000
v 12.0 88.0 101.0 1.000 1.000 1.000
v 23.0 79.0 85.0 1.000 1.000 1.000
v 16.0 88.0 104.0 1.000 1.000 1.000
v 27.0 79.0 88.0 1.000 1.000 1.000
v 17.0 87.0 105.0 1.000 1.000 1.000
v 28.0 78.0 89.0 1.000 1.000 1.000
v 18.0 87.0 106.0 1.000 1.000 1.000
v 29.0 78.0 90.0 1.000 1.000 1.000
v 22.0 85.0 109.0 1.000 1.000 1.000
v 32.0 75.0 93.0 1.000 1.000 1.000
v 22.0 84.0 110.0 1.000 1.000 1.000
v 33.0 74.0 94.0 1.000 1.000 1.000
v 22.0 84.0 110.0 1.000 1.000 1.000
v 34.0 74.0 95.0 1.000 1.000 1.000
v 33.0 74.0 94.0 1.000 1.000 1.000
v 23.0 83.0 111.0 1.000 1.000 1.000
v 34.0 69.0 98.0 1.000 1.000 1.000
v 24.0 78.0 114.0 1.000 1.000 1.000
v 23.0 77.0 115.0 1.000 1.000 1.000
v 34.0 68.0 99.0 1.000 1.000 1.000
v 11.0 88.0 100.0 1.000 1.000 1.000
v 11.0 87.0 100.0 1.000 1.000 1.000
v 11.0 86.0 101.0 1.000 1.000 1.000
v 12.0 88.0 101.0 1.000 1.000 1.000
v 16.0 86.0 105.0 1.000 1.000 1.000
v 16.0 88.0 104.0 1.000 1.000 1.000
v 17.0 87.0 105.0 1.000 1.000 1.000
v 17.0 86.0 105.0 1.000 1.000 1.000
v 21.0 83.0 109.0 1.000 1.000 1.000
v 22.0 83.0 110.0 1.000 1.000 1.000
v 22.0 84.0 110.0 1.000 1.000 1.000
v 22.0 85.0 109.0 1.000 1.000 1.000
v 18.0 87.0 106.0 1.000 1.000 1.000
v 17.0 85.0 106.0 1.000 1.000 1.000
v 17.0 87.0 105.0 1.000 1.000 1.000
v 17.0 86.0 105.0 1.000 1.000 1.000
v 22.0 78.0 113.0 1.000 1.000 1.000
v 23.0 77.0 114.0 1.000 1.000 1.000
v 23.0 77.0 115.0 1.000 1.000 1.000
v 24.0 78.0 114.0 1.000 1.000 1.000
v 23.0 83.0 111.0 1.000 1.000 1.000
v 21.0 82.0 110.0 1.000 1.000 1.000
v 34.0 68.0 99.0 1.000 1.000 1.000
v 33.0 68.0 98.0 1.000 1.000 1.000
v 33.0 68.0 98.0 1.000 1.000 1.000
v 34.0 69.0 98.0 1.000 1.000 1.000
v 34.0 74.0 95.0 1.000 1.000 1.000
v 32.0 73.0 94.0 1.000 1.000 1.000
v 32.0 74.0 94.0 1.000 1.000 1.000
v 33.0 74.0 94.0 1.000 1.000 1.000
v 33.0 74.0 94.0 1.000 1.000 1.000
v 31.0 74.0 93.0 1.000 1.000 1.000
v 32.0 75.0 93.0 1.000 1.000 1.000
v 29.0 78.0 90.0 1.000 1.000 1.000
v 28.0 76.0 90.0 1.000 1.000 1.000
v 28.0 77.0 89.0 1.000 1.000 1.000
v 28.0 78.0 89.0 1.000 1.000 1.000
v 26.0 77.0 89.0 1.000 1.000 1.000
v 27.0 79.0 88.0 1.000 1.000 1.000
v 28.0 78.0 89.0 1.000 1.000 1.000
v 26.0 77.0 89.0 1.000 1.000 1.000
v 23.0 79.0 85.0 1.000 1.000 1.000
v 22.0 77.0 86.0 1.000 1.000 1.000
v 21.0 78.0 84.0 1.000 1.000 1.000
v 21.0 78.0 85.0 1.000 1.000 1.000
v -124.0 84.0 201.0 1.000 1.000 1.000
v -126.0 91.0 194.0 1.000 1.000 1.000
v -126.0 79.0 199.0 1.000 1.000 1.000
v -128.0 83.0 195.0 1.000 1.000 1.000
v -129.0 87.0 191.0 1.000 1.000 1.000
v -120.0 79.0 200.0 1.000 1.000 1.000
v -118.0 82.0 199.0 1.000 1.000 1.000
v -124.0 91.0 190.0 1.000 1.000 1.000
v -117.0 91.0 186.0 1.000 1.000 1.000
v -117.0 91.0 186.0 1.000 1.000 1.000
v -126.0 91.0 194.0 1.000 1.000 1.000
v -114.0 85.0 192.0 1.000 1.000 1.000
v -124.0 84.0 201.0 1.000 1.000 1.000
v -118.0 82.0 199.0 1.000 1.000 1.000
v -126.0 79.0 199.0 1.000 1.000 1.000
v -114.0 67.0 186.0 1.000 1.000 1.000
v -120.0 79.0 200.0 1.000 1.000 1.000
v -120.0 67.0 184.0 1.000 1.000 1.000
v -128.0 83.0 195.0 1.000 1.000 1.000
v -123.0 71.0 181.0 1.000 1.000 1.000
v -129.0 87.0 191.0 1.000 1.000 1.000
v -123.0 77.0 176.0 1.000 1.000 1.000
v -124.0 91.0 190.0 1.000 1.000 1.000
v -118.0 80.0 173.0 1.000 1.000 1.000
v -114.0 85.0 176.0 1.000 1.000 1.000
v -109.0 79.0 186.0 1.000 1.000 1.000
v -114.0 85.0 176.0 1.000 1.000 1.000
v -114.0 85.0 192.0 1.000 1.000 1.000
v -118.0 82.0 199.0 1.000 1.000 1.000
v -110.0 71.0 184.0 1.000 1.000 1.000
v -120.0 79.0 200.0 1.000 1.000 1.000
v -114.0 67.0 186.0 1.000 1.000 1.000
v -113.0 65.0 174.0 1.000 1.000 1.000
v -109.0 64.0 179.0 1.000 1.000 1.000
v -114.0 67.0 186.0 1.000 1.000 1.000
v -120.0 67.0 184.0 1.000 1.000 1.000
v -120.0 67.0 184.0 1.000 1.000 1.000
v -123.0 71.0 181.0 1.000 1.000 1.000
v -113.0 65.0 174.0 1.000 1.000 1.000
v -123.0 77.0 176.0 1.000 1.000 1.000
v -115.0 71.0 170.0 1.000 1.000 1.000
v -114.0 67.0 186.0 1.000 1.000 1.000
v -109.0 64.0 179.0 1.000 1.000 1.000
v -106.0 68.0 184.0 1.000 1.000 1.000
v -110.0 71.0 184.0 1.000 1.000 1.000
v -104.0 74.0 182.0 1.000 1.000 1.000
v -118.0 80.0 173.0 1.000 1.000 1.000
v -115.0 71.0 170.0 1.000 1.000 1.000
v -123.0 77.0 176.0 1.000 1.000 1.000
v -114.0 80.0 168.0 1.000 1.000 1.000
v -114.0 85.0 176.0 1.000 1.000 1.000
v -111.0 83.0 173.0 1.000 1.000 1.000
v -109.0 79.0 186.0 1.000 1.000 1.000
v -106.0 79.0 178.0 1.000 1.000 1.000
v -109.0 79.0 186.0 1.000 1.000 1.000
v -104.0 74.0 182.0 1.000 1.000 1.000
v -106.0 79.0 178.0 1.000 1.000 1.000
v -110.0 71.0 184.0 1.000 1.000 1.000
v -104.0 74.0 182.0 1.000 1.000 1.000
v -109.0 79.0 186.0 1.000 1.000 1.000
v -114.0 85.0 176.0 1.000 1.000 1.000
v -111.0 83.0 173.0 1.000 1.000 1.000
v -114.0 80.0 168.0 1.000 1.000 1.000
v -99.0 65.0 153.0 1.000 1.000 1.000
v -115.0 71.0 170.0 1.000 1.000 1.000
v -106.0 74.0 156.0 1.000 1.000 1.000
v -93.0 82.0 166.0 1.000 1.000 1.000
v -106.0 79.0 178.0 1.000 1.000 1.000
v -90.0 81.0 173.0 1.000 1.000 1.000
v -90.0 81.0 173.0 1.000 1.000 1.000
v -106.0 79.0 178.0 1.000 1.000 1.000
v -88.0 75.0 177.0 1.000 1.000 1.000
v -106.0 68.0 184.0 1.000 1.000 1.000
v -89.0 67.0 176.0 1.000 1.000 1.000
v -88.0 75.0 177.0 1.000 1.000 1.000
v -106.0 68.0 184.0 1.000 1.000 1.000
v -109.0 64.0 179.0 1.000 1.000 1.000
v -92.0 62.0 171.0 1.000 1.000 1.000
v -113.0 65.0 174.0 1.000 1.000 1.000
v -95.0 60.0 159.0 1.000 1.000 1.000
v -115.0 71.0 170.0 1.000 1.000 1.000
v -95.0 60.0 159.0 1.000 1.000 1.000
v -113.0 65.0 174.0 1.000 1.000 1.000
v -99.0 65.0 153.0 1.000 1.000 1.000
v -92.0 75.0 137.0 1.000 1.000 1.000
v -89.0 60.0 150.0 1.000 1.000 1.000
v -106.0 74.0 156.0 1.000 1.000 1.000
v -93.0 90.0 139.0 1.000 1.000 1.000
v -93.0 82.0 166.0 1.000 1.000 1.000
v -95.0 60.0 159.0 1.000 1.000 1.000
v -89.0 60.0 150.0 1.000 1.000 1.000
v -81.0 57.0 162.0 1.000 1.000 1.000
v -92.0 62.0 171.0 1.000 1.000 1.000
v -89.0 67.0 176.0 1.000 1.000 1.000
v -63.0 70.0 169.0 1.000 1.000 1.000
v -88.0 75.0 177.0 1.000 1.000 1.000
v -63.0 98.0 154.0 1.000 1.000 1.000
v -90.0 81.0 173.0 1.000 1.000 1.000
v -99.0 106.0 146.0 1.000 1.000 1.000
v -99.0 106.0 146.0 1.000 1.000 1.000
v -93.0 82.0 166.0 1.000 1.000 1.000
v -90.0 81.0 173.0 1.000 1.000 1.000
v -93.0 82.0 166.0 1.000 1.000 1.000
v -99.0 106.0 146.0 1.000 1.000 1.000
v -93.0 90.0 139.0 1.000 1.000 1.000
v -29.0 133.0 178.0 1.000 1.000 1.000
v -47.0 134.0 202.0 1.000 1.000 1.000
v -28.0 140.0 179.0 1.000 1.000 1.000
v -28.0 140.0 179.0 1.000 1.000 1.000
v -45.0 142.0 202.0 1.000 1.000 1.000
v -23.0 146.0 181.0 1.000 1.000 1.000
v -40.0 146.0 206.0 1.000 1.000 1.000
v -17.0 142.0 186.0 1.000 1.000 1.000
v -33.0 145.0 210.0 1.000 1.000 1.000
v -14.0 136.0 188.0 1.000 1.000 1.000
v -30.0 138.0 213.0 1.000 1.000 1.000
v -15.0 129.0 188.0 1.000 1.000 1.000
v -32.0 130.0 212.0 1.000 1.000 1.000
v -20.0 125.0 185.0 1.000 1.000 1.000
v -37.0 126.0 209.0 1.000 1.000 1.000
v -26.0 127.0 181.0 1.000 1.000 1.000
v -26.0 127.0 181.0 1.000 1.000 1.000
v -37.0 126.0 209.0 1.000 1.000 1.000
v -44.0 128.0 205.0 1.000 1.000 1.000
v -29.0 133.0 178.0 1.000 1.000 1.000
v -47.0 134.0 202.0 1.000 1.000 1.000
v -17.0 142.0 186.0 1.000 1.000 1.000
v -14.0 136.0 188.0 1.000 1.000 1.000
v -3.0 134.0 177.0 1.000 1.000 1.000
v -8.0 142.0 173.0 1.000 1.000 1.000
v -17.0 147.0 169.0 1.000 1.000 1.000
v -23.0 146.0 181.0 1.000 1.000 1.000
v -28.0 140.0 179.0 1.000 1.000 1.000
v -25.0 139.0 163.0 1.000 1.000 1.000
v -29.0 133.0 178.0 1.000 1.000 1.000
v -60.0 137.0 174.0 1.000 1.000 1.000
v -76.0 137.0 204.0 1.000 1.000 1.000
v -56.0 143.0 177.0 1.000 1.000 1.000
v -74.0 145.0 204.0 1.000 1.000 1.000
v -51.0 150.0 180.0 1.000 1.000 1.000
v -68.0 150.0 208.0 1.000 1.000 1.000
v -44.0 146.0 184.0 1.000 1.000 1.000
v -61.0 149.0 213.0 1.000 1.000 1.000
v -40.0 140.0 187.0 1.000 1.000 1.000
v -57.0 141.0 215.0 1.000 1.000 1.000
v -40.0 140.0 187.0 1.000 1.000 1.000
v -57.0 141.0 215.0 1.000 1.000 1.000
v -41.0 132.0 186.0 1.000 1.000 1.000
v -58.0 133.0 215.0 1.000 1.000 1.000
v -47.0 128.0 183.0 1.000 1.000 1.000
v -64.0 128.0 211.0 1.000 1.000 1.000
v -47.0 128.0 183.0 1.000 1.000 1.000
v -64.0 128.0 211.0 1.000 1.000 1.000
v -54.0 129.0 179.0 1.000 1.000 1.000
v -54.0 129.0 179.0 1.000 1.000 1.000
v -64.0 128.0 211.0 1.000 1.000 1.000
v -72.0 129.0 207.0 1.000 1.000 1.000
v -60.0 137.0 174.0 1.000 1.000 1.000
v -76.0 137.0 204.0 1.000 1.000 1.000
v -40.0 140.0 187.0 1.000 1.000 1.000
v -29.0 133.0 178.0 1.000 1.000 1.000
v -25.0 139.0 163.0 1.000 1.000 1.000
v -44.0 146.0 184.0 1.000 1.000 1.000
v -44.0 149.0 165.0 1.000 1.000 1.000
v -51.0 150.0 180.0 1.000 1.000 1.000
v -56.0 143.0 177.0 1.000 1.000 1.000
v -50.0 139.0 156.0 1.000 1.000 1.000
v -115.0 89.0 210.0 1.000 1.000 1.000
v -107.0 91.0 213.0 1.000 1.000 1.000
v -120.0 94.0 213.0 1.000 1.000 1.000
v -115.0 96.0 216.0 1.000 1.000 1.000
v -109.0 98.0 218.0 1.000 1.000 1.000
v -121.0 96.0 206.0 1.000 1.000 1.000
v -118.0 98.0 205.0 1.000 1.000 1.000
v -105.0 101.0 214.0 1.000 1.000 1.000
v -107.0 101.0 210.0 1.000 1.000 1.000
v -112.0 100.0 206.0 1.000 1.000 1.000
v -130.0 115.0 213.0 1.000 1.000 1.000
v -130.0 114.0 219.0 1.000 1.000 1.000
v -124.0 115.0 223.0 1.000 1.000 1.000
v -119.0 117.0 225.0 1.000 1.000 1.000
v -115.0 120.0 221.0 1.000 1.000 1.000
v -115.0 122.0 214.0 1.000 1.000 1.000
v -120.0 121.0 210.0 1.000 1.000 1.000
v -115.0 122.0 214.0 1.000 1.000 1.000
v -112.0 100.0 206.0 1.000 1.000 1.000
v -118.0 98.0 205.0 1.000 1.000 1.000
v -127.0 118.0 209.0 1.000 1.000 1.000
v -121.0 96.0 206.0 1.000 1.000 1.000
v -130.0 115.0 213.0 1.000 1.000 1.000
v -130.0 114.0 219.0 1.000 1.000 1.000
v -132.0 121.0 211.0 1.000 1.000 1.000
v -130.0 115.0 213.0 1.000 1.000 1.000
v -132.0 127.0 215.0 1.000 1.000 1.000
v -124.0 115.0 223.0 1.000 1.000 1.000
v -127.0 130.0 218.0 1.000 1.000 1.000
v -119.0 117.0 225.0 1.000 1.000 1.000
v -121.0 131.0 220.0 1.000 1.000 1.000
v -116.0 126.0 219.0 1.000 1.000 1.000
v -119.0 117.0 225.0 1.000 1.000 1.000
v -115.0 120.0 221.0 1.000 1.000 1.000
v -116.0 126.0 219.0 1.000 1.000 1.000
v -127.0 117.0 210.0 1.000 1.000 1.000
v -130.0 115.0 213.0 1.000 1.000 1.000
v -132.0 121.0 211.0 1.000 1.000 1.000
v -126.0 137.0 183.0 1.000 1.000 1.000
v -127.0 145.0 187.0 1.000 1.000 1.000
v -132.0 127.0 215.0 1.000 1.000 1.000
v -121.0 149.0 191.0 1.000 1.000 1.000
v -127.0 130.0 218.0 1.000 1.000 1.000
v -113.0 149.0 194.0 1.000 1.000 1.000
v -121.0 131.0 220.0 1.000 1.000 1.000
v -106.0 144.0 192.0 1.000 1.000 1.000
v -106.0 136.0 188.0 1.000 1.000 1.000
v -115.0 120.0 215.0 1.000 1.000 1.000
v -106.0 136.0 188.0 1.000 1.000 1.000
v -115.0 120.0 215.0 1.000 1.000 1.000
v -111.0 131.0 183.0 1.000 1.000 1.000
v -120.0 116.0 212.0 1.000 1.000 1.000
v -120.0 132.0 181.0 1.000 1.000 1.000
v -127.0 117.0 210.0 1.000 1.000 1.000
v -126.0 137.0 183.0 1.000 1.000 1.000
v -132.0 121.0 211.0 1.000 1.000 1.000
v -123.0 138.0 177.0 1.000 1.000 1.000
v -127.0 145.0 187.0 1.000 1.000 1.000
v -120.0 146.0 173.0 1.000 1.000 1.000
v -121.0 149.0 191.0 1.000 1.000 1.000
v -113.0 151.0 175.0 1.000 1.000 1.000
v -106.0 150.0 180.0 1.000 1.000 1.000
v -113.0 149.0 194.0 1.000 1.000 1.000
v -103.0 145.0 186.0 1.000 1.000 1.000
v -113.0 149.0 194.0 1.000 1.000 1.000
v -106.0 144.0 192.0 1.000 1.000 1.000
v -103.0 145.0 186.0 1.000 1.000 1.000
v -126.0 137.0 183.0 1.000 1.000 1.000
v -127.0 145.0 187.0 1.000 1.000 1.000
v -123.0 138.0 177.0 1.000 1.000 1.000
v -120.0 133.0 183.0 1.000 1.000 1.000
v -106.0 122.0 154.0 1.000 1.000 1.000
v -123.0 138.0 177.0 1.000 1.000 1.000
v -103.0 129.0 151.0 1.000 1.000 1.000
v -120.0 146.0 173.0 1.000 1.000 1.000
v -97.0 136.0 151.0 1.000 1.000 1.000
v -113.0 151.0 175.0 1.000 1.000 1.000
v -90.0 133.0 157.0 1.000 1.000 1.000
v -106.0 150.0 180.0 1.000 1.000 1.000
v -85.0 131.0 163.0 1.000 1.000 1.000
v -85.0 131.0 163.0 1.000 1.000 1.000
v -106.0 150.0 180.0 1.000 1.000 1.000
v -103.0 145.0 186.0 1.000 1.000 1.000
v -91.0 121.0 165.0 1.000 1.000 1.000
v -106.0 137.0 189.0 1.000 1.000 1.000
v -97.0 117.0 164.0 1.000 1.000 1.000
v -113.0 132.0 188.0 1.000 1.000 1.000
v -103.0 117.0 159.0 1.000 1.000 1.000
v -120.0 133.0 183.0 1.000 1.000 1.000
v -106.0 122.0 154.0 1.000 1.000 1.000
v -123.0 138.0 177.0 1.000 1.000 1.000
v -78.0 129.0 144.0 1.000 1.000 1.000
v -90.0 133.0 157.0 1.000 1.000 1.000
v -103.0 129.0 151.0 1.000 1.000 1.000
v -99.0 119.0 137.0 1.000 1.000 1.000
v -96.0 131.0 141.0 1.000 1.000 1.000
v -97.0 136.0 151.0 1.000 1.000 1.000
v -90.0 133.0 157.0 1.000 1.000 1.000
v -78.0 129.0 144.0 1.000 1.000 1.000
v -96.0 131.0 141.0 1.000 1.000 1.000
v -103.0 129.0 151.0 1.000 1.000 1.000
v -85.0 131.0 163.0 1.000 1.000 1.000
v -98.0 146.0 194.0 1.000 1.000 1.000
v -79.0 142.0 162.0 1.000 1.000 1.000
v -95.0 154.0 193.0 1.000 1.000 1.000
v -73.0 148.0 163.0 1.000 1.000 1.000
v -88.0 159.0 195.0 1.000 1.000 1.000
v -66.0 145.0 168.0 1.000 1.000 1.000
v -81.0 157.0 200.0 1.000 1.000 1.000
v -60.0 137.0 174.0 1.000 1.000 1.000
v -78.0 150.0 204.0 1.000 1.000 1.000
v -66.0 131.0 173.0 1.000 1.000 1.000
v -66.0 131.0 173.0 1.000 1.000 1.000
v -78.0 150.0 204.0 1.000 1.000 1.000
v -80.0 142.0 205.0 1.000 1.000 1.000
v -72.0 127.0 171.0 1.000 1.000 1.000
v -87.0 137.0 203.0 1.000 1.000 1.000
v -78.0 128.0 167.0 1.000 1.000 1.000
v -94.0 139.0 198.0 1.000 1.000 1.000
v -85.0 131.0 163.0 1.000 1.000 1.000
v -98.0 146.0 194.0 1.000 1.000 1.000
v -50.0 139.0 156.0 1.000 1.000 1.000
v -66.0 145.0 168.0 1.000 1.000 1.000
v -60.0 137.0 174.0 1.000 1.000 1.000
v -68.0 144.0 152.0 1.000 1.000 1.000
v -73.0 148.0 163.0 1.000 1.000 1.000
v -79.0 142.0 162.0 1.000 1.000 1.000
v -78.0 129.0 144.0 1.000 1.000 1.000
v -25.0 123.0 175.0 1.000 1.000 1.000
v -30.0 113.0 161.0 1.000 1.000 1.000
v -19.0 113.0 168.0 1.000 1.000 1.000
v -17.0 125.0 184.0 1.000 1.000 1.000
v -54.0 125.0 164.0 1.000 1.000 1.000
v -44.0 108.0 155.0 1.000 1.000 1.000
v -47.0 126.0 179.0 1.000 1.000 1.000
v -27.0 91.0 151.0 1.000 1.000 1.000
v -18.0 90.0 162.0 1.000 1.000 1.000
v -89.0 109.0 122.0 1.000 1.000 1.000
v -77.0 99.0 114.0 1.000 1.000 1.000
v -80.0 91.0 117.0 1.000 1.000 1.000
v -92.0 101.0 126.0 1.000 1.000 1.000
v -60.0 108.0 120.0 1.000 1.000 1.000
v -82.0 115.0 123.0 1.000 1.000 1.000
v -68.0 119.0 130.0 1.000 1.000 1.000
v -54.0 127.0 134.0 1.000 1.000 1.000
v -32.0 117.0 132.0 1.000 1.000 1.000
v -60.0 108.0 120.0 1.000 1.000 1.000
v -40.0 129.0 142.0 1.000 1.000 1.000
v -11.0 121.0 144.0 1.000 1.000 1.000
v -30.0 132.0 147.0 1.000 1.000 1.000
v -20.0 133.0 154.0 1.000 1.000 1.000
v -9.0 136.0 159.0 1.000 1.000 1.000
v 3.0 123.0 153.0 1.000 1.000 1.000
v -2.0 136.0 165.0 1.000 1.000 1.000
v 6.0 118.0 159.0 1.000 1.000 1.000
v 1.0 130.0 171.0 1.000 1.000 1.000
v -3.0 134.0 177.0 1.000 1.000 1.000
v -8.0 142.0 173.0 1.000 1.000 1.000
v -17.0 147.0 169.0 1.000 1.000 1.000
v -25.0 139.0 163.0 1.000 1.000 1.000
v -30.0 132.0 147.0 1.000 1.000 1.000
v -44.0 149.0 165.0 1.000 1.000 1.000
v -25.0 139.0 163.0 1.000 1.000 1.000
v -40.0 129.0 142.0 1.000 1.000 1.000
v -50.0 139.0 156.0 1.000 1.000 1.000
v -54.0 127.0 134.0 1.000 1.000 1.000
v -68.0 144.0 152.0 1.000 1.000 1.000
v -68.0 119.0 130.0 1.000 1.000 1.000
v -78.0 129.0 144.0 1.000 1.000 1.000
v -82.0 115.0 123.0 1.000 1.000 1.000
v -89.0 109.0 122.0 1.000 1.000 1.000
v -96.0 131.0 141.0 1.000 1.000 1.000
v -99.0 119.0 137.0 1.000 1.000 1.000
v -92.0 101.0 126.0 1.000 1.000 1.000
v -96.0 105.0 131.0 1.000 1.000 1.000
v -93.0 90.0 139.0 1.000 1.000 1.000
v -96.0 105.0 131.0 1.000 1.000 1.000
v -92.0 101.0 126.0 1.000 1.000 1.000
v -99.0 106.0 146.0 1.000 1.000 1.000
v -19.0 113.0 168.0 1.000 1.000 1.000
v -30.0 113.0 161.0 1.000 1.000 1.000
v -18.0 90.0 162.0 1.000 1.000 1.000
v -4.0 98.0 166.0 1.000 1.000 1.000
v -9.0 117.0 173.0 1.000 1.000 1.000
v -2.0 123.0 174.0 1.000 1.000 1.000
v 3.0 110.0 162.0 1.000 1.000 1.000
v 1.0 130.0 171.0 1.000 1.000 1.000
v 6.0 118.0 159.0 1.000 1.000 1.000
v -78.0 113.0 155.0 1.000 1.000 1.000
v -92.0 111.0 159.0 1.000 1.000 1.000
v -63.0 98.0 154.0 1.000 1.000 1.000
v -68.0 122.0 167.0 1.000 1.000 1.000
v -78.0 113.0 155.0 1.000 1.000 1.000
v -63.0 98.0 154.0 1.000 1.000 1.000
v -47.0 105.0 158.0 1.000 1.000 1.000
v -44.0 108.0 155.0 1.000 1.000 1.000
v -54.0 125.0 164.0 1.000 1.000 1.000
v -47.0 126.0 179.0 1.000 1.000 1.000
v -30.0 113.0 161.0 1.000 1.000 1.000
v -25.0 123.0 175.0 1.000 1.000 1.000
v -9.0 117.0 173.0 1.000 1.000 1.000
v -17.0 125.0 184.0 1.000 1.000 1.000
v -19.0 113.0 168.0 1.000 1.000 1.000
v -8.0 129.0 182.0 1.000 1.000 1.000
v -2.0 123.0 174.0 1.000 1.000 1.000
v -3.0 134.0 177.0 1.000 1.000 1.000
v 1.0 130.0 171.0 1.000 1.000 1.000
v -93.0 90.0 139.0 1.000 1.000 1.000
v -92.0 101.0 126.0 1.000 1.000 1.000
v -80.0 91.0 117.0 1.000 1.000 1.000
v -80.0 81.0 123.0 1.000 1.000 1.000
v -67.0 57.0 127.0 1.000 1.000 1.000
v -92.0 75.0 137.0 1.000 1.000 1.000
v -89.0 60.0 150.0 1.000 1.000 1.000
v -89.0 60.0 150.0 1.000 1.000 1.000
v -67.0 57.0 127.0 1.000 1.000 1.000
v -53.0 52.0 144.0 1.000 1.000 1.000
v -81.0 57.0 162.0 1.000 1.000 1.000
v -63.0 70.0 169.0 1.000 1.000 1.000
v -27.0 91.0 151.0 1.000 1.000 1.000
v -63.0 98.0 154.0 1.000 1.000 1.000
v -44.0 108.0 155.0 1.000 1.000 1.000
v -47.0 105.0 158.0 1.000 1.000 1.000
v -44.0 108.0 155.0 1.000 1.000 1.000
v -27.0 91.0 151.0 1.000 1.000 1.000
v -30.0 113.0 161.0 1.000 1.000 1.000
v -96.0 131.0 141.0 1.000 1.000 1.000
v -78.0 129.0 144.0 1.000 1.000 1.000
v -82.0 115.0 123.0 1.000 1.000 1.000
v -54.0 127.0 134.0 1.000 1.000 1.000
v -60.0 108.0 120.0 1.000 1.000 1.000
v -68.0 119.0 130.0 1.000 1.000 1.000
v -60.0 137.0 174.0 1.000 1.000 1.000
v -60.0 137.0 174.0 1.000 1.000 1.000
v -60.0 137.0 174.0 1.000 1.000 1.000
v -50.0 139.0 156.0 1.000 1.000 1.000
v -106.0 122.0 154.0 1.000 1.000 1.000
v -99.0 119.0 137.0 1.000 1.000 1.000
v -96.0 105.0 131.0 1.000 1.000 1.000
v -106.0 122.0 154.0 1.000 1.000 1.000
v -96.0 105.0 131.0 1.000 1.000 1.000
v -99.0 106.0 146.0 1.000 1.000 1.000
v -103.0 117.0 159.0 1.000 1.000 1.000
v -32.0 99.0 111.0 1.000 1.000 1.000
v -60.0 108.0 120.0 1.000 1.000 1.000
v -32.0 117.0 132.0 1.000 1.000 1.000
v -17.0 104.0 118.0 1.000 1.000 1.000
v -47.0 93.0 103.0 1.000 1.000 1.000
v -1.0 106.0 128.0 1.000 1.000 1.000
v -11.0 121.0 144.0 1.000 1.000 1.000
v 3.0 123.0 153.0 1.000 1.000 1.000
v 9.0 94.0 143.0 1.000 1.000 1.000
v 6.0 118.0 159.0 1.000 1.000 1.000
v 9.0 88.0 148.0 1.000 1.000 1.000
v 9.0 94.0 143.0 1.000 1.000 1.000
v 6.0 118.0 159.0 1.000 1.000 1.000
v 3.0 110.0 162.0 1.000 1.000 1.000
v 4.0 80.0 150.0 1.000 1.000 1.000
v -4.0 98.0 166.0 1.000 1.000 1.000
v -12.0 62.0 153.0 1.000 1.000 1.000
v -18.0 90.0 162.0 1.000 1.000 1.000
v -27.0 91.0 151.0 1.000 1.000 1.000
v -30.0 54.0 142.0 1.000 1.000 1.000
v -53.0 52.0 144.0 1.000 1.000 1.000
v -67.0 57.0 127.0 1.000 1.000 1.000
v -53.0 60.0 124.0 1.000 1.000 1.000
v -53.0 60.0 124.0 1.000 1.000 1.000
v -67.0 57.0 127.0 1.000 1.000 1.000
v -58.0 77.0 109.0 1.000 1.000 1.000
v -67.0 57.0 127.0 1.000 1.000 1.000
v -80.0 81.0 123.0 1.000 1.000 1.000
v -58.0 77.0 109.0 1.000 1.000 1.000
v -80.0 91.0 117.0 1.000 1.000 1.000
v -58.0 85.0 104.0 1.000 1.000 1.000
v -58.0 77.0 109.0 1.000 1.000 1.000
v -80.0 91.0 117.0 1.000 1.000 1.000
v -77.0 99.0 114.0 1.000 1.000 1.000
v -60.0 108.0 120.0 1.000 1.000 1.000
v -47.0 93.0 103.0 1.000 1.000 1.000
v -11.0 121.0 144.0 1.000 1.000 1.000
v -17.0 104.0 118.0 1.000 1.000 1.000
v -32.0 117.0 132.0 1.000 1.000 1.000
v 77.0 38.0 58.0 1.000 1.000 1.000
v 65.0 50.0 43.0 1.000 1.000 1.000
v 51.0 62.0 99.0 1.000 1.000 1.000
v 39.0 84.0 77.0 1.000 1.000 1.000
v -26.0 53.0 52.0 1.000 1.000 1.000
v -19.0 67.0 47.0 1.000 1.000 1.000
v -2.0 15.0 18.0 1.000 1.000 1.000
v -27.0 40.0 60.0 1.000 1.000 1.000
v 6.0 33.0 14.0 1.000 1.000 1.000
v 10.0 81.0 58.0 1.000 1.000 1.000
v 36.0 58.0 19.0 1.000 1.000 1.000
v -19.0 42.0 36.0 1.000 1.000 1.000
v 113.0 -98.0 -177.0 1.000 1.000 1.000
v -22.0 29.0 44.0 1.000 1.000 1.000
v -11.0 57.0 30.0 1.000 1.000 1.000
v 128.0 -77.0 -180.0 1.000 1.000 1.000
v 20.0 74.0 40.0 1.000 1.000 1.000
v 128.0 -77.0 -180.0 1.000 1.000 1.000
v -11.0 57.0 30.0 1.000 1.000 1.000
v 164.0 -48.0 -172.0 1.000 1.000 1.000
v 53.0 76.0 62.0 1.000 1.000 1.000
v 201.0 -55.0 -143.0 1.000 1.000 1.000
v 65.0 54.0 87.0 1.000 1.000 1.000
v 216.0 -68.0 -125.0 1.000 1.000 1.000
v 63.0 -57.0 -79.0 1.000 1.000 1.000
v -6.0 27.0 40.0 1.000 1.000 1.000
v -4.0 33.0 37.0 1.000 1.000 1.000
v 67.0 -35.0 -90.0 1.000 1.000 1.000
v 1.0 43.0 34.0 1.000 1.000 1.000
v 11.0 51.0 36.0 1.000 1.000 1.000
v 100.0 -6.0 -86.0 1.000 1.000 1.000
v 24.0 58.0 40.0 1.000 1.000 1.000
v 35.0 58.0 47.0 1.000 1.000 1.000
v 133.0 -16.0 -58.0 1.000 1.000 1.000
v 47.0 55.0 57.0 1.000 1.000 1.000
v 51.0 50.0 63.0 1.000 1.000 1.000
v 145.0 -33.0 -38.0 1.000 1.000 1.000
v 56.0 44.0 70.0 1.000 1.000 1.000
v 32.0 -18.0 -44.0 1.000 1.000 1.000
v 40.0 -4.0 -48.0 1.000 1.000 1.000
v 49.0 -60.0 -85.0 1.000 1.000 1.000
v 154.0 -30.0 -32.0 1.000 1.000 1.000
v 138.0 -2.0 -62.0 1.000 1.000 1.000
v 114.0 -6.0 5.0 1.000 1.000 1.000
v 103.0 14.0 -16.0 1.000 1.000 1.000
v 33.0 -30.0 -35.0 1.000 1.000 1.000
v 61.0 -25.0 -100.0 1.000 1.000 1.000
v 72.0 19.0 -41.0 1.000 1.000 1.000
v 99.0 -4.0 -88.0 1.000 1.000 1.000
v 43.0 -50.0 -114.0 1.000 1.000 1.000
v 76.0 -73.0 -134.0 1.000 1.000 1.000
v 72.0 -86.0 -128.0 1.000 1.000 1.000
v 41.0 -70.0 -102.0 1.000 1.000 1.000
v 51.0 -29.0 -122.0 1.000 1.000 1.000
v 76.0 -73.0 -134.0 1.000 1.000 1.000
v 51.0 -29.0 -122.0 1.000 1.000 1.000
v 85.0 -52.0 -142.0 1.000 1.000 1.000
v 69.0 -15.0 -126.0 1.000 1.000 1.000
v 110.0 -41.0 -132.0 1.000 1.000 1.000
v 102.0 7.0 -117.0 1.000 1.000 1.000
v 134.0 -24.0 -126.0 1.000 1.000 1.000
v 125.0 11.0 -103.0 1.000 1.000 1.000
v 147.0 -24.0 -117.0 1.000 1.000 1.000
v 147.0 10.0 -76.0 1.000 1.000 1.000
v 162.0 -18.0 -92.0 1.000 1.000 1.000
v 160.0 -9.0 -53.0 1.000 1.000 1.000
v 168.0 -28.0 -81.0 1.000 1.000 1.000
v 168.0 -31.0 -34.0 1.000 1.000 1.000
v 177.0 -48.0 -62.0 1.000 1.000 1.000
v 76.0 -73.0 -134.0 1.000 1.000 1.000
v 91.0 -116.0 -179.0 1.000 1.000 1.000
v 72.0 -86.0 -128.0 1.000 1.000 1.000
v 107.0 -80.0 -189.0 1.000 1.000 1.000
v 85.0 -52.0 -142.0 1.000 1.000 1.000
v 110.0 -41.0 -132.0 1.000 1.000 1.000
v 153.0 -51.0 -175.0 1.000 1.000 1.000
v 134.0 -24.0 -126.0 1.000 1.000 1.000
v 147.0 -24.0 -117.0 1.000 1.000 1.000
v 196.0 -49.0 -147.0 1.000 1.000 1.000
v 162.0 -18.0 -92.0 1.000 1.000 1.000
v 168.0 -28.0 -81.0 1.000 1.000 1.000
v 215.0 -80.0 -117.0 1.000 1.000 1.000
v 177.0 -48.0 -62.0 1.000 1.000 1.000
v 160.0 -9.0 -53.0 1.000 1.000 1.000
v 154.0 -30.0 -32.0 1.000 1.000 1.000
v 168.0 -31.0 -34.0 1.000 1.000 1.000
v 138.0 -2.0 -62.0 1.000 1.000 1.000
v 147.0 10.0 -76.0 1.000 1.000 1.000
v 125.0 11.0 -103.0 1.000 1.000 1.000
v 102.0 7.0 -117.0 1.000 1.000 1.000
v 99.0 -4.0 -88.0 1.000 1.000 1.000
v 69.0 -15.0 -126.0 1.000 1.000 1.000
v 51.0 -29.0 -122.0 1.000 1.000 1.000
v 61.0 -25.0 -100.0 1.000 1.000 1.000
v 43.0 -50.0 -114.0 1.000 1.000 1.000
v 49.0 -60.0 -85.0 1.000 1.000 1.000
v 41.0 -70.0 -102.0 1.000 1.000 1.000
v 77.0 38.0 58.0 1.000 1.000 1.000
v 65.0 50.0 43.0 1.000 1.000 1.000
v 51.0 62.0 99.0 1.000 1.000 1.000
v 39.0 84.0 77.0 1.000 1.000 1.000
v -26.0 53.0 52.0 1.000 1.000 1.000
v -19.0 67.0 47.0 1.000 1.000 1.000
v -2.0 15.0 18.0 1.000 1.000 1.000
v -27.0 40.0 60.0 1.000 1.000 1.000
v 6.0 33.0 14.0 1.000 1.000 1.000
v 10.0 81.0 58.0 1.000 1.000 1.000
v 36.0 58.0 19.0 1.000 1.000 1.000
v -19.0 42.0 36.0 1.000 1.000 1.000
v 113.0 -98.0 -177.0 1.000 1.000 1.000
v -22.0 29.0 44.0 1.000 1.000 1.000
v -11.0 57.0 30.0 1.000 1.000 1.000
v 128.0 -77.0 -180.0 1.000 1.000 1.000
v 20.0 74.0 40.0 1.000 1.000 1.000
v 128.0 -77.0 -180.0 1.000 1.000 1.000
v -11.0 57.0 30.0 1.000 1.000 1.000
v 164.0 -48.0 -172.0 1.000 1.000 1.000
v 53.0 76.0 62.0 1.000 1.000 1.000
v 164.0 -48.0 -172.0 1.000 1.000 1.000
v 20.0 74.0 40.0 1.000 1.000 1.000
v 201.0 -55.0 -143.0 1.000 1.000 1.000
v 65.0 54.0 87.0 1.000 1.000 1.000
v 201.0 -55.0 -143.0 1.000 1.000 1.000
v 53.0 76.0 62.0 1.000 1.000 1.000
v 216.0 -68.0 -125.0 1.000 1.000 1.000
v 77.0 38.0 58.0 1.000 1.000 1.000
v 65.0 50.0 43.0 1.000 1.000 1.000
v 51.0 62.0 99.0 1.000 1.000 1.000
v 39.0 84.0 77.0 1.000 1.000 1.000
v -26.0 53.0 52.0 1.000 1.000 1.000
v -19.0 67.0 47.0 1.000 1.000 1.000
v -2.0 15.0 18.0 1.000 1.000 1.000
v -27.0 40.0 60.0 1.000 1.000 1.000
v 6.0 33.0 14.0 1.000 1.000 1.000
v 10.0 81.0 58.0 1.000 1.000 1.000
v 36.0 58.0 19.0 1.000 1.000 1.000
v -19.0 42.0 36.0 1.000 1.000 1.000
v 113.0 -98.0 -177.0 1.000 1.000 1.000
v -22.0 29.0 44.0 1.000 1.000 1.000
v -11.0 57.0 30.0 1.000 1.000 1.000
v 128.0 -77.0 -180.0 1.000 1.000 1.000
v 20.0 74.0 40.0 1.000 1.000 1.000
v 128.0 -77.0 -180.0 1.000 1.000 1.000
v -11.0 57.0 30.0 1.000 1.000 1.000
v 164.0 -48.0 -172.0 1.000 1.000 1.000
v 53.0 76.0 62.0 1.000 1.000 1.000
v 201.0 -55.0 -143.0 1.000 1.000 1.000
v 65.0 54.0 87.0 1.000 1.000 1.000
v 216.0 -68.0 -125.0 1.000 1.000 1.000
v -20.0 52.0 56.0 1.000 1.000 1.000
v -13.0 63.0 54.0 1.000 1.000 1.000
v -7.0 11.0 12.0 1.000 1.000 1.000
v 88.0 38.0 60.0 1.000 1.000 1.000
v 74.0 61.0 35.0 1.000 1.000 1.000
v 43.0 59.0 95.0 1.000 1.000 1.000
v 34.0 76.0 77.0 1.000 1.000 1.000
v -24.0 40.0 61.0 1.000 1.000 1.000
v 4.0 40.0 0.0 1.000 1.000 1.000
v 11.0 74.0 62.0 1.000 1.000 1.000
v 38.0 58.0 12.0 1.000 1.000 1.000
v 101.0 38.0 41.0 1.000 1.000 1.000
v 105.0 31.0 49.0 1.000 1.000 1.000
v 91.0 48.0 11.0 1.000 1.000 1.000
v 80.0 47.0 4.0 1.000 1.000 1.000
v 55.0 45.0 -12.0 1.000 1.000 1.000
v 44.0 38.0 -15.0 1.000 1.000 1.000
v 38.0 58.0 12.0 1.000 1.000 1.000
v 55.0 45.0 -12.0 1.000 1.000 1.000
v 17.0 30.0 -15.0 1.000 1.000 1.000
v 4.0 40.0 0.0 1.000 1.000 1.000
v 13.0 22.0 -13.0 1.000 1.000 1.000
v -7.0 11.0 12.0 1.000 1.000 1.000
v 5.0 1.0 -4.0 1.000 1.000 1.000
v 30.0 -21.0 -64.0 1.000 1.000 1.000
v 27.0 -32.0 -59.0 1.000 1.000 1.000
v 39.0 -3.0 -70.0 1.000 1.000 1.000
v 51.0 13.0 -50.0 1.000 1.000 1.000
v 76.0 28.0 -43.0 1.000 1.000 1.000
v 80.0 47.0 4.0 1.000 1.000 1.000
v 89.0 29.0 -35.0 1.000 1.000 1.000
v 91.0 48.0 11.0 1.000 1.000 1.000
v 89.0 29.0 -35.0 1.000 1.000 1.000
v 91.0 48.0 11.0 1.000 1.000 1.000
v 104.0 36.0 -10.0 1.000 1.000 1.000
v 101.0 38.0 41.0 1.000 1.000 1.000
v 110.0 28.0 0.0 1.000 1.000 1.000
v 105.0 31.0 49.0 1.000 1.000 1.000
v 119.0 12.0 17.0 1.000 1.000 1.000
v 30.0 -21.0 -64.0 1.000 1.000 1.000
v 97.0 -102.0 -180.0 1.000 1.000 1.000
v 27.0 -32.0 -59.0 1.000 1.000 1.000
v 112.0 -72.0 -188.0 1.000 1.000 1.000
v 39.0 -3.0 -70.0 1.000 1.000 1.000
v 51.0 13.0 -50.0 1.000 1.000 1.000
v 153.0 -47.0 -174.0 1.000 1.000 1.000
v 76.0 28.0 -43.0 1.000 1.000 1.000
v 192.0 -44.0 -150.0 1.000 1.000 1.000
v 209.0 -70.0 -124.0 1.000 1.000 1.000
v 192.0 -44.0 -150.0 1.000 1.000 1.000
v 110.0 28.0 0.0 1.000 1.000 1.000
v 119.0 12.0 17.0 1.000 1.000 1.000
v -20.0 52.0 56.0 1.000 1.000 1.000
v -13.0 63.0 54.0 1.000 1.000 1.000
v -7.0 11.0 12.0 1.000 1.000 1.000
v 88.0 38.0 60.0 1.000 1.000 1.000
v 74.0 61.0 35.0 1.000 1.000 1.000
v 43.0 59.0 95.0 1.000 1.000 1.000
v 34.0 76.0 77.0 1.000 1.000 1.000
v -24.0 40.0 61.0 1.000 1.000 1.000
v 4.0 40.0 0.0 1.000 1.000 1.000
v 11.0 74.0 62.0 1.000 1.000 1.000
v 38.0 58.0 12.0 1.000 1.000 1.000
v 101.0 38.0 41.0 1.000 1.000 1.000
v 105.0 31.0 49.0 1.000 1.000 1.000
v 91.0 48.0 11.0 1.000 1.000 1.000
v 80.0 47.0 4.0 1.000 1.000 1.000
v 55.0 45.0 -12.0 1.000 1.000 1.000
v 44.0 38.0 -15.0 1.000 1.000 1.000
v 38.0 58.0 12.0 1.000 1.000 1.000
v 55.0 45.0 -12.0 1.000 1.000 1.000
v 17.0 30.0 -15.0 1.000 1.000 1.000
v 4.0 40.0 0.0 1.000 1.000 1.000
v 13.0 22.0 -13.0 1.000 1.000 1.000
v -7.0 11.0 12.0 1.000 1.000 1.000
v 5.0 1.0 -4.0 1.000 1.000 1.000
v 30.0 -21.0 -64.0 1.000 1.000 1.000
v 27.0 -32.0 -59.0 1.000 1.000 1.000
v 39.0 -3.0 -70.0 1.000 1.000 1.000
v 51.0 13.0 -50.0 1.000 1.000 1.000
v 76.0 28.0 -43.0 1.000 1.000 1.000
v 80.0 47.0 4.0 1.000 1.000 1.000
v 89.0 29.0 -35.0 1.000 1.000 1.000
v 91.0 48.0 11.0 1.000 1.000 1.000
v 89.0 29.0 -35.0 1.000 1.000 1.000
v 91.0 48.0 11.0 1.000 1.000 1.000
v 104.0 36.0 -10.0 1.000 1.000 1.000
v 101.0 38.0 41.0 1.000 1.000 1.000
v 110.0 28.0 0.0 1.000 1.000 1.000
v 105.0 31.0 49.0 1.000 1.000 1.000
v 119.0 12.0 17.0 1.000 1.000 1.000
v 30.0 -21.0 -64.0 1.000 1.000 1.000
v 97.0 -102.0 -180.0 1.000 1.000 1.000
v 27.0 -32.0 -59.0 1.000 1.000 1.000
v 112.0 -72.0 -188.0 1.000 1.000 1.000
v 39.0 -3.0 -70.0 1.000 1.000 1.000
v 51.0 13.0 -50.0 1.000 1.000 1.000
v 153.0 -47.0 -174.0 1.000 1.000 1.000
v 76.0 28.0 -43.0 1.000 1.000 1.000
v 192.0 -44.0 -150.0 1.000 1.000 1.000
v 209.0 -70.0 -124.0 1.000 1.000 1.000
v 192.0 -44.0 -150.0 1.000 1.000 1.000
v 110.0 28.0 0.0 1.000 1.000 1.000
v 119.0 12.0 17.0 1.000 1.000 1.000
v 3.0 88.0 101.0 1.000 1.000 1.000
v 12.0 88.0 105.0 1.000 1.000 1.000
v 12.0 90.0 104.0 1.000 1.000 1.000
v 3.0 90.0 100.0 1.000 1.000 1.000
v 14.0 88.0 102.0 1.000 1.000 1.000
v 14.0 87.0 103.0 1.000 1.000 1.000
v 7.0 86.0 99.0 1.000 1.000 1.000
v 7.0 89.0 97.0 1.000 1.000 1.000
v 12.0 88.0 105.0 1.000 1.000 1.000
v 14.0 87.0 103.0 1.000 1.000 1.000
v 12.0 90.0 104.0 1.000 1.000 1.000
v 14.0 88.0 102.0 1.000 1.000 1.000
v -31.0 77.0 83.0 1.000 1.000 1.000
v -31.0 76.0 83.0 1.000 1.000 1.000
v -23.0 80.0 88.0 1.000 1.000 1.000
v -23.0 82.0 87.0 1.000 1.000 1.000
v -23.0 77.0 83.0 1.000 1.000 1.000
v -30.0 74.0 81.0 1.000 1.000 1.000
v -30.0 76.0 80.0 1.000 1.000 1.000
v -23.0 80.0 82.0 1.000 1.000 1.000
v -31.0 77.0 83.0 1.000 1.000 1.000
v -31.0 76.0 83.0 1.000 1.000 1.000
v -23.0 82.0 87.0 1.000 1.000 1.000
v 26.0 77.0 84.0 1.000 1.000 1.000
v 26.0 76.0 84.0 1.000 1.000 1.000
v 18.0 74.0 78.0 1.000 1.000 1.000
v 18.0 77.0 77.0 1.000 1.000 1.000
v 18.0 77.0 83.0 1.000 1.000 1.000
v 25.0 78.0 87.0 1.000 1.000 1.000
v 25.0 79.0 86.0 1.000 1.000 1.000
v 18.0 79.0 81.0 1.000 1.000 1.000
v 26.0 77.0 84.0 1.000 1.000 1.000
v 25.0 78.0 87.0 1.000 1.000 1.000
v 26.0 76.0 84.0 1.000 1.000 1.000
v 25.0 79.0 86.0 1.000 1.000 1.000
v 18.0 77.0 77.0 1.000 1.000 1.000
v 25.0 79.0 86.0 1.000 1.000 1.000
v 26.0 77.0 84.0 1.000 1.000 1.000
v 18.0 79.0 81.0 1.000 1.000 1.000
v -8.0 67.0 65.0 1.000 1.000 1.000
v -17.0 64.0 62.0 1.000 1.000 1.000
v -17.0 65.0 62.0 1.000 1.000 1.000
v -8.0 69.0 64.0 1.000 1.000 1.000
v -19.0 66.0 64.0 1.000 1.000 1.000
v -19.0 65.0 65.0 1.000 1.000 1.000
v -13.0 68.0 67.0 1.000 1.000 1.000
v -13.0 71.0 66.0 1.000 1.000 1.000
v 12.0 72.0 69.0 1.000 1.000 1.000
v 3.0 67.0 65.0 1.000 1.000 1.000
v 3.0 69.0 64.0 1.000 1.000 1.000
v 12.0 70.0 70.0 1.000 1.000 1.000
v 18.0 77.0 77.0 1.000 1.000 1.000
v 18.0 74.0 78.0 1.000 1.000 1.000
v 18.0 82.0 87.0 1.000 1.000 1.000
v 18.0 80.0 88.0 1.000 1.000 1.000
v 12.0 87.0 95.0 1.000 1.000 1.000
v 12.0 85.0 96.0 1.000 1.000 1.000
v 3.0 90.0 100.0 1.000 1.000 1.000
v 3.0 88.0 101.0 1.000 1.000 1.000
v -8.0 90.0 100.0 1.000 1.000 1.000
v -8.0 88.0 101.0 1.000 1.000 1.000
v -18.0 87.0 95.0 1.000 1.000 1.000
v -18.0 85.0 96.0 1.000 1.000 1.000
v -23.0 82.0 87.0 1.000 1.000 1.000
v -18.0 85.0 96.0 1.000 1.000 1.000
v -18.0 87.0 95.0 1.000 1.000 1.000
v -23.0 80.0 88.0 1.000 1.000 1.000
v -23.0 77.0 77.0 1.000 1.000 1.000
v -23.0 74.0 78.0 1.000 1.000 1.000
v -18.0 72.0 69.0 1.000 1.000 1.000
v -18.0 70.0 70.0 1.000 1.000 1.000
v -8.0 69.0 64.0 1.000 1.000 1.000
v -8.0 67.0 65.0 1.000 1.000 1.000
v 3.0 69.0 64.0 1.000 1.000 1.000
v 3.0 67.0 65.0 1.000 1.000 1.000
v -7.0 72.0 66.0 1.000 1.000 1.000
v -18.0 76.0 73.0 1.000 1.000 1.000
v -12.0 89.0 95.0 1.000 1.000 1.000
v 2.0 90.0 97.0 1.000 1.000 1.000
v -18.0 76.0 73.0 1.000 1.000 1.000
v -21.0 83.0 85.0 1.000 1.000 1.000
v -12.0 89.0 95.0 1.000 1.000 1.000
v -7.0 72.0 66.0 1.000 1.000 1.000
v 2.0 90.0 97.0 1.000 1.000 1.000
v 13.0 85.0 89.0 1.000 1.000 1.000
v 6.0 73.0 68.0 1.000 1.000 1.000
v 15.0 78.0 77.0 1.000 1.000 1.000
v 15.0 86.0 90.0 1.000 1.000 1.000
v 11.0 87.0 93.0 1.000 1.000 1.000
v 12.0 87.0 95.0 1.000 1.000 1.000
v 7.0 89.0 96.0 1.000 1.000 1.000
v 2.0 90.0 97.0 1.000 1.000 1.000
v 3.0 90.0 100.0 1.000 1.000 1.000
v -3.0 91.0 98.0 1.000 1.000 1.000
v -7.0 90.0 97.0 1.000 1.000 1.000
v 3.0 90.0 100.0 1.000 1.000 1.000
v -3.0 91.0 98.0 1.000 1.000 1.000
v -8.0 90.0 100.0 1.000 1.000 1.000
v -7.0 90.0 97.0 1.000 1.000 1.000
v -13.0 89.0 96.0 1.000 1.000 1.000
v -18.0 87.0 95.0 1.000 1.000 1.000
v -16.0 87.0 93.0 1.000 1.000 1.000
v -20.0 86.0 90.0 1.000 1.000 1.000
v -23.0 82.0 87.0 1.000 1.000 1.000
v -21.0 83.0 85.0 1.000 1.000 1.000
v -23.0 81.0 81.0 1.000 1.000 1.000
v -21.0 78.0 77.0 1.000 1.000 1.000
v -23.0 77.0 77.0 1.000 1.000 1.000
v -20.0 76.0 72.0 1.000 1.000 1.000
v -16.0 74.0 70.0 1.000 1.000 1.000
v -18.0 72.0 69.0 1.000 1.000 1.000
v -16.0 74.0 70.0 1.000 1.000 1.000
v -13.0 72.0 66.0 1.000 1.000 1.000
v -18.0 72.0 69.0 1.000 1.000 1.000
v -7.0 72.0 66.0 1.000 1.000 1.000
v -8.0 69.0 64.0 1.000 1.000 1.000
v -3.0 71.0 64.0 1.000 1.000 1.000
v 2.0 72.0 66.0 1.000 1.000 1.000
v 3.0 69.0 64.0 1.000 1.000 1.000
v 7.0 72.0 66.0 1.000 1.000 1.000
v 11.0 74.0 70.0 1.000 1.000 1.000
v 12.0 72.0 69.0 1.000 1.000 1.000
v 15.0 76.0 72.0 1.000 1.000 1.000
v 15.0 78.0 77.0 1.000 1.000 1.000
v 18.0 77.0 77.0 1.000 1.000 1.000
v 17.0 81.0 81.0 1.000 1.000 1.000
v 15.0 83.0 85.0 1.000 1.000 1.000
v 18.0 82.0 87.0 1.000 1.000 1.000
v 17.0 81.0 81.0 1.000 1.000 1.000
v 15.0 83.0 85.0 1.000 1.000 1.000
v 18.0 77.0 77.0 1.000 1.000 1.000
v 15.0 86.0 90.0 1.000 1.000 1.000
v 11.0 87.0 93.0 1.000 1.000 1.000
v 12.0 87.0 95.0 1.000 1.000 1.000
v 7.0 73.0 67.0 1.000 1.000 1.000
v 1.0 74.0 69.0 1.000 1.000 1.000
v 5.0 74.0 70.0 1.000 1.000 1.000
v 2.0 72.0 66.0 1.000 1.000 1.000
v -3.0 73.0 68.0 1.000 1.000 1.000
v -3.0 71.0 65.0 1.000 1.000 1.000
v -6.0 74.0 69.0 1.000 1.000 1.000
v -7.0 72.0 66.0 1.000 1.000 1.000
v -10.0 74.0 70.0 1.000 1.000 1.000
v -12.0 73.0 67.0 1.000 1.000 1.000
v -10.0 74.0 70.0 1.000 1.000 1.000
v -7.0 72.0 66.0 1.000 1.000 1.000
v -13.0 76.0 72.0 1.000 1.000 1.000
v -16.0 74.0 70.0 1.000 1.000 1.000
v -15.0 77.0 75.0 1.000 1.000 1.000
v -19.0 76.0 73.0 1.000 1.000 1.000
v -17.0 79.0 78.0 1.000 1.000 1.000
v -21.0 78.0 77.0 1.000 1.000 1.000
v -17.0 81.0 81.0 1.000 1.000 1.000
v -21.0 81.0 81.0 1.000 1.000 1.000
v -17.0 83.0 84.0 1.000 1.000 1.000
v -21.0 83.0 85.0 1.000 1.000 1.000
v -15.0 84.0 87.0 1.000 1.000 1.000
v -19.0 85.0 89.0 1.000 1.000 1.000
v -13.0 86.0 90.0 1.000 1.000 1.000
v -16.0 87.0 93.0 1.000 1.000 1.000
v -13.0 86.0 90.0 1.000 1.000 1.000
v -19.0 85.0 89.0 1.000 1.000 1.000
v -10.0 87.0 92.0 1.000 1.000 1.000
v -12.0 89.0 95.0 1.000 1.000 1.000
v -6.0 88.0 93.0 1.000 1.000 1.000
v -7.0 90.0 97.0 1.000 1.000 1.000
v -3.0 88.0 94.0 1.000 1.000 1.000
v -3.0 90.0 97.0 1.000 1.000 1.000
v 1.0 88.0 93.0 1.000 1.000 1.000
v 2.0 90.0 97.0 1.000 1.000 1.000
v 5.0 87.0 92.0 1.000 1.000 1.000
v 7.0 89.0 95.0 1.000 1.000 1.000
v 8.0 86.0 90.0 1.000 1.000 1.000
v 11.0 87.0 93.0 1.000 1.000 1.000
v 10.0 84.0 87.0 1.000 1.000 1.000
v 13.0 85.0 89.0 1.000 1.000 1.000
v 10.0 84.0 87.0 1.000 1.000 1.000
v 11.0 87.0 93.0 1.000 1.000 1.000
v 11.0 83.0 84.0 1.000 1.000 1.000
v 15.0 83.0 85.0 1.000 1.000 1.000
v 12.0 81.0 81.0 1.000 1.000 1.000
v 16.0 81.0 81.0 1.000 1.000 1.000
v 11.0 79.0 78.0 1.000 1.000 1.000
v 15.0 78.0 77.0 1.000 1.000 1.000
v 10.0 77.0 75.0 1.000 1.000 1.000
v 13.0 76.0 73.0 1.000 1.000 1.000
v 8.0 76.0 72.0 1.000 1.000 1.000
v 11.0 74.0 70.0 1.000 1.000 1.000
v 5.0 74.0 70.0 1.000 1.000 1.000
v 7.0 73.0 67.0 1.000 1.000 1.000
v -4.0 87.0 91.0 1.000 1.000 1.000
v -2.0 87.0 92.0 1.000 1.000 1.000
v -2.0 86.0 91.0 1.000 1.000 1.000
v -3.0 86.0 90.0 1.000 1.000 1.000
v 2.0 86.0 90.0 1.000 1.000 1.000
v 3.0 86.0 90.0 1.000 1.000 1.000
v 4.0 86.0 89.0 1.000 1.000 1.000
v 3.0 85.0 89.0 1.000 1.000 1.000
v -13.0 84.0 86.0 1.000 1.000 1.000
v -12.0 84.0 87.0 1.000 1.000 1.000
v -12.0 84.0 86.0 1.000 1.000 1.000
v -13.0 83.0 85.0 1.000 1.000 1.000
v -15.0 81.0 81.0 1.000 1.000 1.000
v -14.0 81.0 82.0 1.000 1.000 1.000
v -13.0 81.0 81.0 1.000 1.000 1.000
v -14.0 80.0 80.0 1.000 1.000 1.000
v 8.0 81.0 81.0 1.000 1.000 1.000
v 9.0 81.0 82.0 1.000 1.000 1.000
v 10.0 81.0 81.0 1.000 1.000 1.000
v 9.0 80.0 80.0 1.000 1.000 1.000
v 6.0 78.0 76.0 1.000 1.000 1.000
v 8.0 78.0 77.0 1.000 1.000 1.000
v 8.0 78.0 76.0 1.000 1.000 1.000
v 7.0 77.0 75.0 1.000 1.000 1.000
v -9.0 76.0 73.0 1.000 1.000 1.000
v -8.0 76.0 73.0 1.000 1.000 1.000
v -7.0 76.0 72.0 1.000 1.000 1.000
v -9.0 75.0 72.0 1.000 1.000 1.000
v -4.0 75.0 71.0 1.000 1.000 1.000
v -2.0 75.0 72.0 1.000 1.000 1.000
v -2.0 75.0 71.0 1.000 1.000 1.000
v -3.0 75.0 70.0 1.000 1.000 1.000
v -7.0 85.0 88.0 1.000 1.000 1.000
v -8.0 85.0 88.0 1.000 1.000 1.000
v -9.0 86.0 90.0 1.000 1.000 1.000
v -8.0 86.0 90.0 1.000 1.000 1.000
v 7.0 84.0 87.0 1.000 1.000 1.000
v 8.0 84.0 87.0 1.000 1.000 1.000
v 5.0 83.0 85.0 1.000 1.000 1.000
v 5.0 84.0 86.0 1.000 1.000 1.000
v 8.0 84.0 86.0 1.000 1.000 1.000
v 9.0 83.0 85.0 1.000 1.000 1.000
v 6.0 83.0 84.0 1.000 1.000 1.000
v 6.0 83.0 85.0 1.000 1.000 1.000
v -11.0 79.0 77.0 1.000 1.000 1.000
v -11.0 78.0 77.0 1.000 1.000 1.000
v -13.0 77.0 75.0 1.000 1.000 1.000
v -13.0 78.0 76.0 1.000 1.000 1.000
v 4.0 76.0 72.0 1.000 1.000 1.000
v 3.0 75.0 72.0 1.000 1.000 1.000
v 2.0 77.0 74.0 1.000 1.000 1.000
v 2.0 77.0 74.0 1.000 1.000 1.000
v 6.0 84.0 84.0 1.000 1.000 1.000
v 5.0 84.0 85.0 1.000 1.000 1.000
v 8.0 85.0 86.0 1.000 1.000 1.000
v -2.0 82.0 81.0 1.000 1.000 1.000
v -2.0 82.0 82.0 1.000 1.000 1.000
v -1.0 82.0 81.0 1.000 1.000 1.000
v -4.0 82.0 81.0 1.000 1.000 1.000
v -3.0 81.0 79.0 1.000 1.000 1.000
v -3.0 81.0 81.0 1.000 1.000 1.000
v 8.0 84.0 86.0 1.000 1.000 1.000
v -3.0 81.0 81.0 1.000 1.000 1.000
v 2.0 82.0 82.0 1.000 1.000 1.000
v 1.0 83.0 84.0 1.000 1.000 1.000
v 3.0 83.0 83.0 1.000 1.000 1.000
v -2.0 81.0 81.0 1.000 1.000 1.000
v -2.0 82.0 82.0 1.000 1.000 1.000
v 1.0 83.0 83.0 1.000 1.000 1.000
v -3.0 80.0 80.0 1.000 1.000 1.000
v -4.0 81.0 81.0 1.000 1.000 1.000
v -95.0 19.0 39.0 1.000 1.000 1.000
v -95.0 31.0 30.0 1.000 1.000 1.000
v -101.0 41.0 52.0 1.000 1.000 1.000
v -92.0 51.0 44.0 1.000 1.000 1.000
v -74.0 60.0 37.0 1.000 1.000 1.000
v -86.0 51.0 44.0 1.000 1.000 1.000
v -50.0 40.0 31.0 1.000 1.000 1.000
v -57.0 33.0 1.0 1.000 1.000 1.000
v -101.0 41.0 52.0 1.000 1.000 1.000
v -92.0 51.0 44.0 1.000 1.000 1.000
v -89.0 54.0 74.0 1.000 1.000 1.000
v -91.0 64.0 61.0 1.000 1.000 1.000
v -79.0 72.0 62.0 1.000 1.000 1.000
v -86.0 51.0 44.0 1.000 1.000 1.000
v -74.0 60.0 37.0 1.000 1.000 1.000
v -73.0 79.0 46.0 1.000 1.000 1.000
v -60.0 88.0 47.0 1.000 1.000 1.000
v -120.0 14.0 51.0 1.000 1.000 1.000
v -107.0 11.0 47.0 1.000 1.000 1.000
v -119.0 20.0 68.0 1.000 1.000 1.000
v -111.0 22.0 64.0 1.000 1.000 1.000
v -105.0 30.0 58.0 1.000 1.000 1.000
v -95.0 19.0 39.0 1.000 1.000 1.000
v -71.0 44.0 -10.0 1.000 1.000 1.000
v -59.0 53.0 -10.0 1.000 1.000 1.000
v -74.0 17.0 1.0 1.000 1.000 1.000
v -57.0 33.0 1.0 1.000 1.000 1.000
v -95.0 31.0 30.0 1.000 1.000 1.000
v -86.0 4.0 14.0 1.000 1.000 1.000
v -95.0 19.0 39.0 1.000 1.000 1.000
v -107.0 11.0 47.0 1.000 1.000 1.000
v -108.0 1.0 24.0 1.000 1.000 1.000
v -16.0 68.0 66.0 1.000 1.000 1.000
v -27.0 77.0 82.0 1.000 1.000 1.000
v -27.0 76.0 82.0 1.000 1.000 1.000
v -16.0 67.0 66.0 1.000 1.000 1.000
v -17.0 67.0 65.0 1.000 1.000 1.000
v -28.0 77.0 81.0 1.000 1.000 1.000
v -22.0 64.0 64.0 1.000 1.000 1.000
v -22.0 64.0 64.0 1.000 1.000 1.000
v -32.0 74.0 80.0 1.000 1.000 1.000
v -28.0 77.0 81.0 1.000 1.000 1.000
v -23.0 63.0 64.0 1.000 1.000 1.000
v -33.0 72.0 80.0 1.000 1.000 1.000
v -24.0 63.0 63.0 1.000 1.000 1.000
v -34.0 72.0 79.0 1.000 1.000 1.000
v -27.0 58.0 64.0 1.000 1.000 1.000
v -38.0 68.0 80.0 1.000 1.000 1.000
v -27.0 57.0 64.0 1.000 1.000 1.000
v -38.0 66.0 80.0 1.000 1.000 1.000
v -39.0 65.0 80.0 1.000 1.000 1.000
v -28.0 56.0 64.0 1.000 1.000 1.000
v -40.0 60.0 82.0 1.000 1.000 1.000
v -29.0 51.0 66.0 1.000 1.000 1.000
v -29.0 50.0 67.0 1.000 1.000 1.000
v -39.0 59.0 83.0 1.000 1.000 1.000
v -40.0 60.0 82.0 1.000 1.000 1.000
v -29.0 50.0 67.0 1.000 1.000 1.000
v -16.0 68.0 66.0 1.000 1.000 1.000
v -16.0 67.0 66.0 1.000 1.000 1.000
v -17.0 66.0 66.0 1.000 1.000 1.000
v -17.0 67.0 65.0 1.000 1.000 1.000
v -21.0 63.0 65.0 1.000 1.000 1.000
v -22.0 64.0 64.0 1.000 1.000 1.000
v -23.0 63.0 64.0 1.000 1.000 1.000
v -22.0 63.0 64.0 1.000 1.000 1.000
v -26.0 57.0 65.0 1.000 1.000 1.000
v -27.0 57.0 64.0 1.000 1.000 1.000
v -27.0 57.0 64.0 1.000 1.000 1.000
v -27.0 58.0 64.0 1.000 1.000 1.000
v -24.0 63.0 63.0 1.000 1.000 1.000
v -24.0 63.0 63.0 1.000 1.000 1.000
v -23.0 62.0 65.0 1.000 1.000 1.000
v -26.0 57.0 65.0 1.000 1.000 1.000
v -23.0 63.0 64.0 1.000 1.000 1.000
v -22.0 63.0 64.0 1.000 1.000 1.000
v -27.0 51.0 68.0 1.000 1.000 1.000
v -28.0 50.0 68.0 1.000 1.000 1.000
v -29.0 50.0 67.0 1.000 1.000 1.000
v -29.0 51.0 66.0 1.000 1.000 1.000
v -28.0 56.0 64.0 1.000 1.000 1.000
v -27.0 56.0 65.0 1.000 1.000 1.000
v -27.0 57.0 64.0 1.000 1.000 1.000
v -39.0 59.0 83.0 1.000 1.000 1.000
v -39.0 59.0 84.0 1.000 1.000 1.000
v -38.0 60.0 83.0 1.000 1.000 1.000
v -40.0 60.0 82.0 1.000 1.000 1.000
v -39.0 65.0 80.0 1.000 1.000 1.000
v -40.0 60.0 82.0 1.000 1.000 1.000
v -38.0 60.0 83.0 1.000 1.000 1.000
v -37.0 65.0 81.0 1.000 1.000 1.000
v -38.0 66.0 80.0 1.000 1.000 1.000
v -38.0 66.0 80.0 1.000 1.000 1.000
v -36.0 67.0 81.0 1.000 1.000 1.000
v -38.0 68.0 80.0 1.000 1.000 1.000
v -34.0 72.0 79.0 1.000 1.000 1.000
v -33.0 71.0 81.0 1.000 1.000 1.000
v -33.0 72.0 80.0 1.000 1.000 1.000
v -33.0 72.0 80.0 1.000 1.000 1.000
v -32.0 72.0 81.0 1.000 1.000 1.000
v -32.0 74.0 80.0 1.000 1.000 1.000
v -28.0 77.0 81.0 1.000 1.000 1.000
v -27.0 75.0 82.0 1.000 1.000 1.000
v -28.0 77.0 81.0 1.000 1.000 1.000
v -27.0 75.0 82.0 1.000 1.000 1.000
v -27.0 77.0 82.0 1.000 1.000 1.000
v -27.0 76.0 82.0 1.000 1.000 1.000
v -110.0 46.0 82.0 1.000 1.000 1.000
v -84.0 49.0 96.0 1.000 1.000 1.000
v -105.0 44.0 77.0 1.000 1.000 1.000
v -89.0 52.0 101.0 1.000 1.000 1.000
v -110.0 46.0 82.0 1.000 1.000 1.000
v -116.0 45.0 88.0 1.000 1.000 1.000
v -94.0 49.0 107.0 1.000 1.000 1.000
v -115.0 37.0 89.0 1.000 1.000 1.000
v -95.0 41.0 110.0 1.000 1.000 1.000
v -113.0 30.0 87.0 1.000 1.000 1.000
v -92.0 34.0 108.0 1.000 1.000 1.000
v -108.0 28.0 83.0 1.000 1.000 1.000
v -86.0 31.0 103.0 1.000 1.000 1.000
v -92.0 34.0 108.0 1.000 1.000 1.000
v -108.0 28.0 83.0 1.000 1.000 1.000
v -104.0 31.0 78.0 1.000 1.000 1.000
v -82.0 35.0 97.0 1.000 1.000 1.000
v -103.0 37.0 76.0 1.000 1.000 1.000
v -81.0 42.0 95.0 1.000 1.000 1.000
v -105.0 44.0 77.0 1.000 1.000 1.000
v -84.0 49.0 96.0 1.000 1.000 1.000
v -75.0 47.0 104.0 1.000 1.000 1.000
v -52.0 36.0 95.0 1.000 1.000 1.000
v -78.0 47.0 97.0 1.000 1.000 1.000
v -52.0 37.0 102.0 1.000 1.000 1.000
v -78.0 42.0 109.0 1.000 1.000 1.000
v -54.0 33.0 106.0 1.000 1.000 1.000
v -81.0 36.0 112.0 1.000 1.000 1.000
v -57.0 29.0 108.0 1.000 1.000 1.000
v -54.0 33.0 106.0 1.000 1.000 1.000
v -81.0 36.0 112.0 1.000 1.000 1.000
v -86.0 32.0 108.0 1.000 1.000 1.000
v -58.0 23.0 105.0 1.000 1.000 1.000
v -89.0 32.0 101.0 1.000 1.000 1.000
v -61.0 24.0 98.0 1.000 1.000 1.000
v -88.0 36.0 94.0 1.000 1.000 1.000
v -60.0 27.0 93.0 1.000 1.000 1.000
v -83.0 42.0 93.0 1.000 1.000 1.000
v -56.0 32.0 92.0 1.000 1.000 1.000
v -78.0 47.0 97.0 1.000 1.000 1.000
v -52.0 36.0 95.0 1.000 1.000 1.000
v -89.0 52.0 101.0 1.000 1.000 1.000
v -84.0 49.0 96.0 1.000 1.000 1.000
v -75.0 47.0 104.0 1.000 1.000 1.000
v -75.0 47.0 104.0 1.000 1.000 1.000
v -89.0 52.0 101.0 1.000 1.000 1.000
v -78.0 42.0 109.0 1.000 1.000 1.000
v -94.0 49.0 107.0 1.000 1.000 1.000
v -95.0 41.0 110.0 1.000 1.000 1.000
v -81.0 36.0 112.0 1.000 1.000 1.000
v -86.0 32.0 108.0 1.000 1.000 1.000
v -92.0 34.0 108.0 1.000 1.000 1.000
v -84.0 49.0 96.0 1.000 1.000 1.000
v -78.0 47.0 97.0 1.000 1.000 1.000
v -83.0 42.0 93.0 1.000 1.000 1.000
v -52.0 37.0 102.0 1.000 1.000 1.000
v -52.0 34.0 92.0 1.000 1.000 1.000
v -52.0 36.0 95.0 1.000 1.000 1.000
v -48.0 28.0 92.0 1.000 1.000 1.000
v -54.0 33.0 106.0 1.000 1.000 1.000
v -50.0 23.0 94.0 1.000 1.000 1.000
v -48.0 28.0 92.0 1.000 1.000 1.000
v -54.0 33.0 106.0 1.000 1.000 1.000
v -57.0 29.0 108.0 1.000 1.000 1.000
v -53.0 19.0 97.0 1.000 1.000 1.000
v -58.0 23.0 105.0 1.000 1.000 1.000
v -60.0 21.0 98.0 1.000 1.000 1.000
v -52.0 36.0 95.0 1.000 1.000 1.000
v -52.0 34.0 92.0 1.000 1.000 1.000
v -57.0 35.0 94.0 1.000 1.000 1.000
v -62.0 31.0 74.0 1.000 1.000 1.000
v -60.0 26.0 73.0 1.000 1.000 1.000
v -62.0 21.0 75.0 1.000 1.000 1.000
v -66.0 17.0 78.0 1.000 1.000 1.000
v -71.0 18.0 80.0 1.000 1.000 1.000
v -71.0 22.0 80.0 1.000 1.000 1.000
v -71.0 22.0 80.0 1.000 1.000 1.000
v -60.0 21.0 98.0 1.000 1.000 1.000
v -63.0 26.0 99.0 1.000 1.000 1.000
v -70.0 27.0 79.0 1.000 1.000 1.000
v -62.0 32.0 97.0 1.000 1.000 1.000
v -66.0 31.0 76.0 1.000 1.000 1.000
v -57.0 35.0 94.0 1.000 1.000 1.000
v -62.0 31.0 74.0 1.000 1.000 1.000
v -52.0 34.0 92.0 1.000 1.000 1.000
v -60.0 26.0 73.0 1.000 1.000 1.000
v -70.0 18.0 71.0 1.000 1.000 1.000
v -66.0 24.0 68.0 1.000 1.000 1.000
v -62.0 21.0 75.0 1.000 1.000 1.000
v -66.0 17.0 78.0 1.000 1.000 1.000
v -71.0 18.0 80.0 1.000 1.000 1.000
v -57.0 69.0 108.0 1.000 1.000 1.000
v -41.0 50.0 87.0 1.000 1.000 1.000
v -60.0 69.0 100.0 1.000 1.000 1.000
v -39.0 50.0 94.0 1.000 1.000 1.000
v -59.0 64.0 114.0 1.000 1.000 1.000
v -41.0 45.0 98.0 1.000 1.000 1.000
v -64.0 57.0 117.0 1.000 1.000 1.000
v -45.0 40.0 101.0 1.000 1.000 1.000
v -69.0 53.0 112.0 1.000 1.000 1.000
v -49.0 36.0 97.0 1.000 1.000 1.000
v -72.0 53.0 104.0 1.000 1.000 1.000
v -51.0 37.0 90.0 1.000 1.000 1.000
v -71.0 57.0 97.0 1.000 1.000 1.000
v -50.0 40.0 85.0 1.000 1.000 1.000
v -65.0 64.0 95.0 1.000 1.000 1.000
v -46.0 46.0 83.0 1.000 1.000 1.000
v -71.0 75.0 105.0 1.000 1.000 1.000
v -60.0 69.0 100.0 1.000 1.000 1.000
v -66.0 72.0 99.0 1.000 1.000 1.000
v -57.0 69.0 108.0 1.000 1.000 1.000
v -59.0 64.0 114.0 1.000 1.000 1.000
v -77.0 71.0 111.0 1.000 1.000 1.000
v -78.0 63.0 113.0 1.000 1.000 1.000
v -64.0 57.0 117.0 1.000 1.000 1.000
v -69.0 53.0 112.0 1.000 1.000 1.000
v -75.0 55.0 112.0 1.000 1.000 1.000
v -65.0 64.0 95.0 1.000 1.000 1.000
v -39.0 50.0 94.0 1.000 1.000 1.000
v -41.0 47.0 83.0 1.000 1.000 1.000
v -41.0 50.0 87.0 1.000 1.000 1.000
v -38.0 41.0 82.0 1.000 1.000 1.000
v -41.0 45.0 98.0 1.000 1.000 1.000
v -41.0 35.0 85.0 1.000 1.000 1.000
v -38.0 41.0 82.0 1.000 1.000 1.000
v -41.0 45.0 98.0 1.000 1.000 1.000
v -44.0 31.0 88.0 1.000 1.000 1.000
v -45.0 40.0 101.0 1.000 1.000 1.000
v -50.0 33.0 91.0 1.000 1.000 1.000
v -49.0 36.0 97.0 1.000 1.000 1.000
v -41.0 50.0 87.0 1.000 1.000 1.000
v -41.0 47.0 83.0 1.000 1.000 1.000
v -46.0 48.0 86.0 1.000 1.000 1.000
v -52.0 43.0 64.0 1.000 1.000 1.000
v -41.0 47.0 83.0 1.000 1.000 1.000
v -50.0 37.0 63.0 1.000 1.000 1.000
v -38.0 41.0 82.0 1.000 1.000 1.000
v -52.0 32.0 66.0 1.000 1.000 1.000
v -41.0 35.0 85.0 1.000 1.000 1.000
v -52.0 32.0 66.0 1.000 1.000 1.000
v -41.0 35.0 85.0 1.000 1.000 1.000
v -56.0 27.0 69.0 1.000 1.000 1.000
v -44.0 31.0 88.0 1.000 1.000 1.000
v -61.0 29.0 72.0 1.000 1.000 1.000
v -50.0 33.0 91.0 1.000 1.000 1.000
v -62.0 33.0 72.0 1.000 1.000 1.000
v -52.0 39.0 92.0 1.000 1.000 1.000
v -61.0 39.0 70.0 1.000 1.000 1.000
v -51.0 45.0 90.0 1.000 1.000 1.000
v -56.0 43.0 66.0 1.000 1.000 1.000
v -46.0 48.0 86.0 1.000 1.000 1.000
v -52.0 43.0 64.0 1.000 1.000 1.000
v -41.0 47.0 83.0 1.000 1.000 1.000
v -50.0 37.0 63.0 1.000 1.000 1.000
v -60.0 29.0 62.0 1.000 1.000 1.000
v -56.0 35.0 58.0 1.000 1.000 1.000
v -52.0 32.0 66.0 1.000 1.000 1.000
v -56.0 27.0 69.0 1.000 1.000 1.000
v -52.0 43.0 64.0 1.000 1.000 1.000
v -56.0 43.0 66.0 1.000 1.000 1.000
v -61.0 29.0 72.0 1.000 1.000 1.000
v -62.0 33.0 72.0 1.000 1.000 1.000
v -61.0 39.0 70.0 1.000 1.000 1.000
v -95.0 70.0 82.0 1.000 1.000 1.000
v -66.0 72.0 99.0 1.000 1.000 1.000
v -90.0 71.0 76.0 1.000 1.000 1.000
v -71.0 75.0 105.0 1.000 1.000 1.000
v -101.0 69.0 88.0 1.000 1.000 1.000
v -77.0 71.0 111.0 1.000 1.000 1.000
v -101.0 60.0 90.0 1.000 1.000 1.000
v -77.0 71.0 111.0 1.000 1.000 1.000
v -101.0 69.0 88.0 1.000 1.000 1.000
v -78.0 63.0 113.0 1.000 1.000 1.000
v -99.0 53.0 88.0 1.000 1.000 1.000
v -75.0 55.0 112.0 1.000 1.000 1.000
v -93.0 50.0 83.0 1.000 1.000 1.000
v -75.0 55.0 112.0 1.000 1.000 1.000
v -99.0 53.0 88.0 1.000 1.000 1.000
v -70.0 52.0 106.0 1.000 1.000 1.000
v -88.0 53.0 78.0 1.000 1.000 1.000
v -64.0 55.0 100.0 1.000 1.000 1.000
v -87.0 60.0 75.0 1.000 1.000 1.000
v -63.0 64.0 97.0 1.000 1.000 1.000
v -64.0 55.0 100.0 1.000 1.000 1.000
v -87.0 60.0 75.0 1.000 1.000 1.000
v -90.0 71.0 76.0 1.000 1.000 1.000
v -63.0 64.0 97.0 1.000 1.000 1.000
v -87.0 60.0 75.0 1.000 1.000 1.000
v -66.0 72.0 99.0 1.000 1.000 1.000
v -54.0 96.0 108.0 1.000 1.000 1.000
v -31.0 66.0 86.0 1.000 1.000 1.000
v -55.0 95.0 100.0 1.000 1.000 1.000
v -30.0 66.0 93.0 1.000 1.000 1.000
v -57.0 90.0 114.0 1.000 1.000 1.000
v -33.0 62.0 97.0 1.000 1.000 1.000
v -62.0 84.0 116.0 1.000 1.000 1.000
v -37.0 57.0 99.0 1.000 1.000 1.000
v -66.0 79.0 111.0 1.000 1.000 1.000
v -40.0 53.0 95.0 1.000 1.000 1.000
v -67.0 78.0 102.0 1.000 1.000 1.000
v -41.0 52.0 88.0 1.000 1.000 1.000
v -64.0 83.0 95.0 1.000 1.000 1.000
v -41.0 52.0 88.0 1.000 1.000 1.000
v -67.0 78.0 102.0 1.000 1.000 1.000
v -39.0 56.0 82.0 1.000 1.000 1.000
v -59.0 90.0 94.0 1.000 1.000 1.000
v -35.0 62.0 81.0 1.000 1.000 1.000
v -55.0 95.0 100.0 1.000 1.000 1.000
v -31.0 66.0 86.0 1.000 1.000 1.000
v -31.0 66.0 86.0 1.000 1.000 1.000
v -29.0 61.0 82.0 1.000 1.000 1.000
v -35.0 62.0 81.0 1.000 1.000 1.000
v -37.0 57.0 99.0 1.000 1.000 1.000
v -40.0 53.0 95.0 1.000 1.000 1.000
v -38.0 48.0 91.0 1.000 1.000 1.000
v -32.0 46.0 89.0 1.000 1.000 1.000
v -33.0 62.0 97.0 1.000 1.000 1.000
v -33.0 62.0 97.0 1.000 1.000 1.000
v -32.0 46.0 89.0 1.000 1.000 1.000
v -28.0 50.0 86.0 1.000 1.000 1.000
v -25.0 56.0 82.0 1.000 1.000 1.000
v -30.0 66.0 93.0 1.000 1.000 1.000
v -29.0 61.0 82.0 1.000 1.000 1.000
v -31.0 66.0 86.0 1.000 1.000 1.000
v -40.0 55.0 63.0 1.000 1.000 1.000
v -37.0 49.0 63.0 1.000 1.000 1.000
v -39.0 44.0 66.0 1.000 1.000 1.000
v -43.0 40.0 70.0 1.000 1.000 1.000
v -49.0 42.0 72.0 1.000 1.000 1.000
v -38.0 48.0 91.0 1.000 1.000 1.000
v -50.0 46.0 71.0 1.000 1.000 1.000
v -42.0 54.0 90.0 1.000 1.000 1.000
v -49.0 52.0 68.0 1.000 1.000 1.000
v -49.0 52.0 68.0 1.000 1.000 1.000
v -42.0 54.0 90.0 1.000 1.000 1.000
v -40.0 62.0 86.0 1.000 1.000 1.000
v -44.0 55.0 65.0 1.000 1.000 1.000
v -36.0 63.0 83.0 1.000 1.000 1.000
v -40.0 55.0 63.0 1.000 1.000 1.000
v -29.0 61.0 82.0 1.000 1.000 1.000
v -37.0 49.0 63.0 1.000 1.000 1.000
v -48.0 41.0 64.0 1.000 1.000 1.000
v -44.0 48.0 59.0 1.000 1.000 1.000
v -39.0 44.0 66.0 1.000 1.000 1.000
v -43.0 40.0 70.0 1.000 1.000 1.000
v -49.0 42.0 72.0 1.000 1.000 1.000
v -50.0 46.0 71.0 1.000 1.000 1.000
v -54.0 96.0 108.0 1.000 1.000 1.000
v -55.0 95.0 100.0 1.000 1.000 1.000
v -61.0 97.0 96.0 1.000 1.000 1.000
v -69.0 100.0 100.0 1.000 1.000 1.000
v -57.0 90.0 114.0 1.000 1.000 1.000
v -75.0 96.0 105.0 1.000 1.000 1.000
v -62.0 84.0 116.0 1.000 1.000 1.000
v -77.0 88.0 108.0 1.000 1.000 1.000
v -66.0 79.0 111.0 1.000 1.000 1.000
v -73.0 80.0 108.0 1.000 1.000 1.000
v -57.0 89.0 96.0 1.000 1.000 1.000
v -86.0 93.0 69.0 1.000 1.000 1.000
v -61.0 97.0 96.0 1.000 1.000 1.000
v -76.0 91.0 63.0 1.000 1.000 1.000
v -69.0 100.0 100.0 1.000 1.000 1.000
v -94.0 91.0 74.0 1.000 1.000 1.000
v -75.0 96.0 105.0 1.000 1.000 1.000
v -69.0 100.0 100.0 1.000 1.000 1.000
v -94.0 91.0 74.0 1.000 1.000 1.000
v -93.0 82.0 76.0 1.000 1.000 1.000
v -77.0 88.0 108.0 1.000 1.000 1.000
v -90.0 71.0 76.0 1.000 1.000 1.000
v -73.0 80.0 108.0 1.000 1.000 1.000
v -83.0 73.0 72.0 1.000 1.000 1.000
v -65.0 77.0 104.0 1.000 1.000 1.000
v -77.0 76.0 67.0 1.000 1.000 1.000
v -59.0 81.0 99.0 1.000 1.000 1.000
v -76.0 83.0 65.0 1.000 1.000 1.000
v -57.0 89.0 96.0 1.000 1.000 1.000
v -76.0 91.0 63.0 1.000 1.000 1.000
v -61.0 97.0 96.0 1.000 1.000 1.000
v 9.0 70.0 49.0 1.000 1.000 1.000
v 5.0 83.0 58.0 1.000 1.000 1.000
v 10.0 72.0 56.0 1.000 1.000 1.000
v 8.0 77.0 50.0 1.000 1.000 1.000
v 5.0 83.0 52.0 1.000 1.000 1.000
v 6.0 66.0 53.0 1.000 1.000 1.000
v 3.0 67.0 56.0 1.000 1.000 1.000
v 0.0 84.0 57.0 1.000 1.000 1.000
v -8.0 81.0 59.0 1.000 1.000 1.000
v -6.0 71.0 58.0 1.000 1.000 1.000
v -10.0 61.0 35.0 1.000 1.000 1.000
v -6.0 66.0 31.0 1.000 1.000 1.000
v -8.0 73.0 32.0 1.000 1.000 1.000
v -12.0 81.0 35.0 1.000 1.000 1.000
v -19.0 82.0 40.0 1.000 1.000 1.000
v -19.0 81.0 48.0 1.000 1.000 1.000
v -6.0 71.0 58.0 1.000 1.000 1.000
v -19.0 81.0 48.0 1.000 1.000 1.000
v -15.0 67.0 50.0 1.000 1.000 1.000
v 3.0 67.0 56.0 1.000 1.000 1.000
v -15.0 62.0 40.0 1.000 1.000 1.000
v 6.0 66.0 53.0 1.000 1.000 1.000
v -10.0 61.0 35.0 1.000 1.000 1.000
v -10.0 61.0 35.0 1.000 1.000 1.000
v -20.0 59.0 31.0 1.000 1.000 1.000
v -19.0 65.0 24.0 1.000 1.000 1.000
v -6.0 66.0 31.0 1.000 1.000 1.000
v -19.0 65.0 24.0 1.000 1.000 1.000
v -8.0 73.0 32.0 1.000 1.000 1.000
v -6.0 66.0 31.0 1.000 1.000 1.000
v -12.0 81.0 35.0 1.000 1.000 1.000
v -23.0 77.0 28.0 1.000 1.000 1.000
v -18.0 57.0 39.0 1.000 1.000 1.000
v -20.0 59.0 31.0 1.000 1.000 1.000
v -10.0 61.0 35.0 1.000 1.000 1.000
v -15.0 62.0 40.0 1.000 1.000 1.000
v -22.0 61.0 45.0 1.000 1.000 1.000
v -12.0 81.0 35.0 1.000 1.000 1.000
v -23.0 77.0 28.0 1.000 1.000 1.000
v -19.0 82.0 40.0 1.000 1.000 1.000
v -19.0 81.0 48.0 1.000 1.000 1.000
v -25.0 80.0 32.0 1.000 1.000 1.000
v -15.0 67.0 50.0 1.000 1.000 1.000
v -25.0 79.0 46.0 1.000 1.000 1.000
v -24.0 69.0 47.0 1.000 1.000 1.000
v -24.0 69.0 47.0 1.000 1.000 1.000
v -22.0 61.0 45.0 1.000 1.000 1.000
v -15.0 67.0 50.0 1.000 1.000 1.000
v -15.0 67.0 50.0 1.000 1.000 1.000
v -22.0 61.0 45.0 1.000 1.000 1.000
v -15.0 62.0 40.0 1.000 1.000 1.000
v -25.0 80.0 32.0 1.000 1.000 1.000
v -25.0 79.0 46.0 1.000 1.000 1.000
v -19.0 81.0 48.0 1.000 1.000 1.000
v -23.0 77.0 28.0 1.000 1.000 1.000
v -31.0 71.0 15.0 1.000 1.000 1.000
v -38.0 82.0 22.0 1.000 1.000 1.000
v -47.0 83.0 36.0 1.000 1.000 1.000
v -24.0 69.0 47.0 1.000 1.000 1.000
v -44.0 64.0 40.0 1.000 1.000 1.000
v -24.0 69.0 47.0 1.000 1.000 1.000
v -44.0 64.0 40.0 1.000 1.000 1.000
v -32.0 59.0 37.0 1.000 1.000 1.000
v -18.0 57.0 39.0 1.000 1.000 1.000
v -18.0 57.0 39.0 1.000 1.000 1.000
v -32.0 59.0 37.0 1.000 1.000 1.000
v -28.0 56.0 31.0 1.000 1.000 1.000
v -20.0 59.0 31.0 1.000 1.000 1.000
v -27.0 57.0 24.0 1.000 1.000 1.000
v -19.0 65.0 24.0 1.000 1.000 1.000
v -28.0 63.0 16.0 1.000 1.000 1.000
v -19.0 65.0 24.0 1.000 1.000 1.000
v -28.0 63.0 16.0 1.000 1.000 1.000
v -23.0 77.0 28.0 1.000 1.000 1.000
v -31.0 71.0 15.0 1.000 1.000 1.000
v -37.0 62.0 10.0 1.000 1.000 1.000
v -49.0 77.0 8.0 1.000 1.000 1.000
v -38.0 82.0 22.0 1.000 1.000 1.000
v -57.0 84.0 19.0 1.000 1.000 1.000
v -47.0 83.0 36.0 1.000 1.000 1.000
v -34.0 49.0 17.0 1.000 1.000 1.000
v -37.0 62.0 10.0 1.000 1.000 1.000
v -28.0 63.0 16.0 1.000 1.000 1.000
v -27.0 57.0 24.0 1.000 1.000 1.000
v -28.0 56.0 31.0 1.000 1.000 1.000
v -50.0 40.0 31.0 1.000 1.000 1.000
v -32.0 59.0 37.0 1.000 1.000 1.000
v -74.0 60.0 37.0 1.000 1.000 1.000
v -44.0 64.0 40.0 1.000 1.000 1.000
v -60.0 95.0 34.0 1.000 1.000 1.000
v -44.0 64.0 40.0 1.000 1.000 1.000
v -47.0 83.0 36.0 1.000 1.000 1.000
v -60.0 95.0 34.0 1.000 1.000 1.000
v -57.0 84.0 19.0 1.000 1.000 1.000
v -60.0 95.0 34.0 1.000 1.000 1.000
v -47.0 83.0 36.0 1.000 1.000 1.000
v -86.0 93.0 69.0 1.000 1.000 1.000
v -76.0 91.0 63.0 1.000 1.000 1.000
v -88.0 92.0 47.0 1.000 1.000 1.000
v -95.0 70.0 82.0 1.000 1.000 1.000
v -90.0 71.0 76.0 1.000 1.000 1.000
v -106.0 72.0 63.0 1.000 1.000 1.000
v -93.0 82.0 76.0 1.000 1.000 1.000
v -112.0 69.0 76.0 1.000 1.000 1.000
v -101.0 69.0 88.0 1.000 1.000 1.000
v -101.0 60.0 90.0 1.000 1.000 1.000
v -119.0 50.0 69.0 1.000 1.000 1.000
v -99.0 53.0 88.0 1.000 1.000 1.000
v -105.0 44.0 77.0 1.000 1.000 1.000
v -115.0 37.0 89.0 1.000 1.000 1.000
v -116.0 45.0 88.0 1.000 1.000 1.000
v -126.0 46.0 78.0 1.000 1.000 1.000
v -115.0 37.0 89.0 1.000 1.000 1.000
v -126.0 46.0 78.0 1.000 1.000 1.000
v -127.0 35.0 79.0 1.000 1.000 1.000
v -124.0 25.0 77.0 1.000 1.000 1.000
v -113.0 30.0 87.0 1.000 1.000 1.000
v -106.0 72.0 63.0 1.000 1.000 1.000
v -90.0 71.0 76.0 1.000 1.000 1.000
v -90.0 71.0 76.0 1.000 1.000 1.000
v -86.0 93.0 69.0 1.000 1.000 1.000
v -88.0 92.0 47.0 1.000 1.000 1.000
v -99.0 90.0 62.0 1.000 1.000 1.000
v -94.0 91.0 74.0 1.000 1.000 1.000
v -93.0 82.0 76.0 1.000 1.000 1.000
v -76.0 91.0 63.0 1.000 1.000 1.000
v -76.0 91.0 63.0 1.000 1.000 1.000
v -76.0 91.0 63.0 1.000 1.000 1.000
v -76.0 84.0 2.0 1.000 1.000 1.000
v -84.0 87.0 5.0 1.000 1.000 1.000
v -79.0 98.0 17.0 1.000 1.000 1.000
v -70.0 95.0 15.0 1.000 1.000 1.000
v -98.0 76.0 15.0 1.000 1.000 1.000
v -86.0 95.0 21.0 1.000 1.000 1.000
v -95.0 85.0 30.0 1.000 1.000 1.000
v -116.0 56.0 31.0 1.000 1.000 1.000
v -107.0 77.0 38.0 1.000 1.000 1.000
v -113.0 64.0 46.0 1.000 1.000 1.000
v -126.0 37.0 43.0 1.000 1.000 1.000
v -119.0 56.0 52.0 1.000 1.000 1.000
v -123.0 46.0 58.0 1.000 1.000 1.000
v -130.0 38.0 64.0 1.000 1.000 1.000
v -132.0 24.0 52.0 1.000 1.000 1.000
v -131.0 30.0 68.0 1.000 1.000 1.000
v -131.0 30.0 68.0 1.000 1.000 1.000
v -132.0 24.0 52.0 1.000 1.000 1.000
v -128.0 16.0 54.0 1.000 1.000 1.000
v -127.0 22.0 70.0 1.000 1.000 1.000
v -124.0 25.0 77.0 1.000 1.000 1.000
v -127.0 35.0 79.0 1.000 1.000 1.000
v -130.0 38.0 64.0 1.000 1.000 1.000
v -126.0 46.0 78.0 1.000 1.000 1.000
v -123.0 46.0 58.0 1.000 1.000 1.000
v -119.0 50.0 69.0 1.000 1.000 1.000
v -119.0 56.0 52.0 1.000 1.000 1.000
v -112.0 69.0 76.0 1.000 1.000 1.000
v -113.0 64.0 46.0 1.000 1.000 1.000
v -106.0 72.0 63.0 1.000 1.000 1.000
v -107.0 77.0 38.0 1.000 1.000 1.000
v -99.0 90.0 62.0 1.000 1.000 1.000
v -95.0 85.0 30.0 1.000 1.000 1.000
v -107.0 77.0 38.0 1.000 1.000 1.000
v -99.0 90.0 62.0 1.000 1.000 1.000
v -88.0 92.0 47.0 1.000 1.000 1.000
v -86.0 95.0 21.0 1.000 1.000 1.000
v -79.0 108.0 46.0 1.000 1.000 1.000
v -79.0 98.0 17.0 1.000 1.000 1.000
v -72.0 106.0 34.0 1.000 1.000 1.000
v -70.0 95.0 15.0 1.000 1.000 1.000
v -67.0 98.0 22.0 1.000 1.000 1.000
v -70.0 95.0 15.0 1.000 1.000 1.000
v -67.0 98.0 22.0 1.000 1.000 1.000
v -57.0 84.0 19.0 1.000 1.000 1.000
v -60.0 95.0 34.0 1.000 1.000 1.000
v -120.0 14.0 51.0 1.000 1.000 1.000
v -119.0 20.0 68.0 1.000 1.000 1.000
v -127.0 22.0 70.0 1.000 1.000 1.000
v -128.0 16.0 54.0 1.000 1.000 1.000
v -111.0 22.0 64.0 1.000 1.000 1.000
v -106.0 28.0 78.0 1.000 1.000 1.000
v -115.0 24.0 78.0 1.000 1.000 1.000
v -124.0 25.0 77.0 1.000 1.000 1.000
v -76.0 84.0 2.0 1.000 1.000 1.000
v -70.0 95.0 15.0 1.000 1.000 1.000
v -57.0 84.0 19.0 1.000 1.000 1.000
v -67.0 76.0 1.0 1.000 1.000 1.000
v -59.0 53.0 -10.0 1.000 1.000 1.000
v -49.0 77.0 8.0 1.000 1.000 1.000
v -37.0 62.0 10.0 1.000 1.000 1.000
v -57.0 33.0 1.0 1.000 1.000 1.000
v -59.0 53.0 -10.0 1.000 1.000 1.000
v -37.0 62.0 10.0 1.000 1.000 1.000
v -34.0 49.0 17.0 1.000 1.000 1.000
v -50.0 40.0 31.0 1.000 1.000 1.000
v -86.0 95.0 21.0 1.000 1.000 1.000
v -88.0 92.0 47.0 1.000 1.000 1.000
v -79.0 108.0 46.0 1.000 1.000 1.000
v -95.0 85.0 30.0 1.000 1.000 1.000
v -98.0 76.0 15.0 1.000 1.000 1.000
v -107.0 77.0 38.0 1.000 1.000 1.000
v -116.0 56.0 31.0 1.000 1.000 1.000
v -115.0 54.0 3.0 1.000 1.000 1.000
v -125.0 42.0 12.0 1.000 1.000 1.000
v -105.0 66.0 -7.0 1.000 1.000 1.000
v -126.0 37.0 43.0 1.000 1.000 1.000
v -125.0 42.0 12.0 1.000 1.000 1.000
v -132.0 28.0 21.0 1.000 1.000 1.000
v -132.0 24.0 52.0 1.000 1.000 1.000
v -123.0 8.0 27.0 1.000 1.000 1.000
v -128.0 16.0 54.0 1.000 1.000 1.000
v -128.0 16.0 54.0 1.000 1.000 1.000
v -123.0 8.0 27.0 1.000 1.000 1.000
v -117.0 3.0 27.0 1.000 1.000 1.000
v -120.0 14.0 51.0 1.000 1.000 1.000
v -108.0 1.0 24.0 1.000 1.000 1.000
v -107.0 11.0 47.0 1.000 1.000 1.000
v -85.0 63.0 -12.0 1.000 1.000 1.000
v -59.0 53.0 -10.0 1.000 1.000 1.000
v -71.0 44.0 -10.0 1.000 1.000 1.000
v -67.0 76.0 1.0 1.000 1.000 1.000
v -67.0 76.0 1.0 1.000 1.000 1.000
v -85.0 63.0 -12.0 1.000 1.000 1.000
v -76.0 84.0 2.0 1.000 1.000 1.000
v -76.0 84.0 2.0 1.000 1.000 1.000
v -85.0 63.0 -12.0 1.000 1.000 1.000
v -93.0 69.0 -11.0 1.000 1.000 1.000
v -84.0 87.0 5.0 1.000 1.000 1.000
v -98.0 76.0 15.0 1.000 1.000 1.000
v -105.0 66.0 -7.0 1.000 1.000 1.000
v -116.0 56.0 31.0 1.000 1.000 1.000
v -125.0 42.0 12.0 1.000 1.000 1.000
v -126.0 37.0 43.0 1.000 1.000 1.000
v -11.0 89.0 98.0 1.000 1.000 1.000
v -15.0 88.0 96.0 1.000 1.000 1.000
v -16.0 89.0 99.0 1.000 1.000 1.000
v -13.0 90.0 101.0 1.000 1.000 1.000
v 14.0 73.0 71.0 1.000 1.000 1.000
v 16.0 75.0 74.0 1.000 1.000 1.000
v 19.0 74.0 73.0 1.000 1.000 1.000
v 17.0 73.0 70.0 1.000 1.000 1.000
v -19.688705444335938 97.926513671875 110.64244842529297 1.000 1.000 1.000
v -15.688705444335938 84.926513671875 107.64244842529297 1.000 1.000 1.000
v -12.688705444335938 93.926513671875 107.64244842529297 1.000 1.000 1.000
v -21.688705444335938 91.926513671875 110.64244842529297 1.000 1.000 1.000
v -22.688705444335938 85.926513671875 109.64244842529297 1.000 1.000 1.000
v -19.688705444335938 100.926513671875 104.64244842529297 1.000 1.000 1.000
v -19.688705444335938 97.926513671875 101.64244842529297 1.000 1.000 1.000
v -23.688705444335938 82.926513671875 104.64244842529297 1.000 1.000 1.000
v -23.688705444335938 85.926513671875 101.64244842529297 1.000 1.000 1.000
v -21.688705444335938 91.926513671875 98.64244842529297 1.000 1.000 1.000
v -35.68870544433594 111.926513671875 100.64244842529297 1.000 1.000 1.000
v -41.68870544433594 110.926513671875 106.64244842529297 1.000 1.000 1.000
v -42.68870544433594 104.926513671875 107.64244842529297 1.000 1.000 1.000
v -44.68870544433594 98.926513671875 106.64244842529297 1.000 1.000 1.000
v -45.68870544433594 95.926513671875 100.64244842529297 1.000 1.000 1.000
v -44.68870544433594 98.926513671875 95.64244842529297 1.000 1.000 1.000
v -21.688705444335938 91.926513671875 98.64244842529297 1.000 1.000 1.000
v -44.68870544433594 98.926513671875 95.64244842529297 1.000 1.000 1.000
v -43.68870544433594 107.926513671875 91.64244842529297 1.000 1.000 1.000
v -19.688705444335938 97.926513671875 101.64244842529297 1.000 1.000 1.000
v -40.68870544433594 109.926513671875 95.64244842529297 1.000 1.000 1.000
v -19.688705444335938 100.926513671875 104.64244842529297 1.000 1.000 1.000
v -35.68870544433594 111.926513671875 100.64244842529297 1.000 1.000 1.000
v -35.68870544433594 111.926513671875 100.64244842529297 1.000 1.000 1.000
v -44.68870544433594 117.926513671875 93.64244842529297 1.000 1.000 1.000
v -41.68870544433594 110.926513671875 106.64244842529297 1.000 1.000 1.000
v -51.68870544433594 115.926513671875 98.64244842529297 1.000 1.000 1.000
v -42.68870544433594 104.926513671875 107.64244842529297 1.000 1.000 1.000
v -55.68870544433594 110.926513671875 99.64244842529297 1.000 1.000 1.000
v -44.68870544433594 98.926513671875 106.64244842529297 1.000 1.000 1.000
v -58.68870544433594 102.926513671875 100.64244842529297 1.000 1.000 1.000
v -53.68870544433594 99.926513671875 94.64244842529297 1.000 1.000 1.000
v -53.68870544433594 99.926513671875 94.64244842529297 1.000 1.000 1.000
v -45.68870544433594 95.926513671875 100.64244842529297 1.000 1.000 1.000
v -44.68870544433594 98.926513671875 106.64244842529297 1.000 1.000 1.000
v -44.68870544433594 117.926513671875 93.64244842529297 1.000 1.000 1.000
v -35.68870544433594 111.926513671875 100.64244842529297 1.000 1.000 1.000
v -43.68870544433594 107.926513671875 91.64244842529297 1.000 1.000 1.000
v -54.68870544433594 119.926513671875 88.64244842529297 1.000 1.000 1.000
v -44.68870544433594 117.926513671875 93.64244842529297 1.000 1.000 1.000
v -49.68870544433594 116.926513671875 81.64244842529297 1.000 1.000 1.000
v -51.68870544433594 115.926513671875 98.64244842529297 1.000 1.000 1.000
v -58.68870544433594 115.926513671875 94.64244842529297 1.000 1.000 1.000
v -55.68870544433594 110.926513671875 99.64244842529297 1.000 1.000 1.000
v -64.68870544433594 107.926513671875 96.64244842529297 1.000 1.000 1.000
v -58.68870544433594 102.926513671875 100.64244842529297 1.000 1.000 1.000
v -60.68870544433594 99.926513671875 87.64244842529297 1.000 1.000 1.000
v -58.68870544433594 96.926513671875 79.64244842529297 1.000 1.000 1.000
v -49.68870544433594 96.926513671875 93.64244842529297 1.000 1.000 1.000
v -53.68870544433594 99.926513671875 94.64244842529297 1.000 1.000 1.000
v -58.68870544433594 96.926513671875 79.64244842529297 1.000 1.000 1.000
v -53.68870544433594 99.926513671875 72.64244842529297 1.000 1.000 1.000
v -44.68870544433594 100.926513671875 91.64244842529297 1.000 1.000 1.000
v -49.68870544433594 107.926513671875 71.64244842529297 1.000 1.000 1.000
v -43.68870544433594 107.926513671875 91.64244842529297 1.000 1.000 1.000
v -49.68870544433594 116.926513671875 81.64244842529297 1.000 1.000 1.000
v -44.68870544433594 117.926513671875 93.64244842529297 1.000 1.000 1.000
v -61.68870544433594 117.926513671875 73.64244842529297 1.000 1.000 1.000
v -54.68870544433594 119.926513671875 88.64244842529297 1.000 1.000 1.000
v -53.68870544433594 114.926513671875 71.64244842529297 1.000 1.000 1.000
v -58.68870544433594 115.926513671875 94.64244842529297 1.000 1.000 1.000
v -68.68870544433594 114.926513671875 77.64244842529297 1.000 1.000 1.000
v -70.68870544433594 107.926513671875 81.64244842529297 1.000 1.000 1.000
v -64.68870544433594 107.926513671875 96.64244842529297 1.000 1.000 1.000
v -64.68870544433594 107.926513671875 96.64244842529297 1.000 1.000 1.000
v -70.68870544433594 107.926513671875 81.64244842529297 1.000 1.000 1.000
v -65.68870544433594 99.926513671875 82.64244842529297 1.000 1.000 1.000
v -60.68870544433594 99.926513671875 87.64244842529297 1.000 1.000 1.000
v -53.68870544433594 114.926513671875 71.64244842529297 1.000 1.000 1.000
v -54.68870544433594 119.926513671875 88.64244842529297 1.000 1.000 1.000
v -49.68870544433594 116.926513671875 81.64244842529297 1.000 1.000 1.000
v -49.68870544433594 107.926513671875 72.64244842529297 1.000 1.000 1.000
v -67.68870544433594 108.926513671875 51.64244842529297 1.000 1.000 1.000
v -60.68870544433594 105.926513671875 49.64244842529297 1.000 1.000 1.000
v -61.68870544433594 117.926513671875 73.64244842529297 1.000 1.000 1.000
v -75.68870544433594 106.926513671875 55.64244842529297 1.000 1.000 1.000
v -68.68870544433594 114.926513671875 77.64244842529297 1.000 1.000 1.000
v -75.68870544433594 98.926513671875 59.64244842529297 1.000 1.000 1.000
v -75.68870544433594 90.926513671875 62.64244842529297 1.000 1.000 1.000
v -64.68870544433594 89.926513671875 58.64244842529297 1.000 1.000 1.000
v -57.68870544433594 96.926513671875 80.64244842529297 1.000 1.000 1.000
v -65.68870544433594 99.926513671875 82.64244842529297 1.000 1.000 1.000
v -64.68870544433594 89.926513671875 58.64244842529297 1.000 1.000 1.000
v -58.68870544433594 91.926513671875 54.64244842529297 1.000 1.000 1.000
v -50.68870544433594 99.926513671875 76.64244842529297 1.000 1.000 1.000
v -56.68870544433594 98.926513671875 51.64244842529297 1.000 1.000 1.000
v -49.68870544433594 107.926513671875 72.64244842529297 1.000 1.000 1.000
v -60.68870544433594 105.926513671875 49.64244842529297 1.000 1.000 1.000
v -53.68870544433594 114.926513671875 71.64244842529297 1.000 1.000 1.000
v -72.0 106.0 34.0 1.000 1.000 1.000
v -79.0 108.0 46.0 1.000 1.000 1.000
v -60.0 95.0 34.0 1.000 1.000 1.000
v -67.0 98.0 22.0 1.000 1.000 1.000
v -67.0 98.0 22.0 1.000 1.000 1.000
v -88.0 92.0 47.0 1.000 1.000 1.000
v -76.0 91.0 63.0 1.000 1.000 1.000
v -67.68870544433594 108.926513671875 51.64244842529297 1.000 1.000 1.000
v -60.68870544433594 105.926513671875 49.64244842529297 1.000 1.000 1.000
v -56.68870544433594 98.926513671875 51.64244842529297 1.000 1.000 1.000
v -60.68870544433594 105.926513671875 49.64244842529297 1.000 1.000 1.000
v -75.68870544433594 98.926513671875 59.64244842529297 1.000 1.000 1.000
v -75.68870544433594 106.926513671875 55.64244842529297 1.000 1.000 1.000
v -58.68870544433594 91.926513671875 54.64244842529297 1.000 1.000 1.000
v -65.68870544433594 80.926513671875 35.64244842529297 1.000 1.000 1.000
vt 0.1172 0.4541
vt 0.1123 0.3838
vt 0.1953 0.3320
vt 0.2012 0.4170
vt 0.2109 0.5518
vt 0.1289 0.6260
vt 0.2207 0.6875
vt 0.1416 0.7969
vt 0.2305 0.8252
vt 0.2373 0.9209
vt 0.5498 0.8008
vt 0.4648 0.7627
vt 0.4570 0.7080
vt 0.9873 0.7207
vt 0.8770 0.7637
vt 0.8779 0.7344
vt 0.9893 0.6709
vt 0.8809 0.6406
vt 0.9932 0.5498
vt 0.8867 0.4805
vt 0.9971 0.4287
vt 0.8896 0.3818
vt 0.5488 0.9102
vt 0.5068 0.8848
vt 0.4404 0.9082
vt 0.7139 0.8633
vt 0.5488 0.9111
vt 0.1953 0.3359
vt 0.5469 0.7979
vt 0.3154 0.3838
vt 0.4395 0.3828
vt 0.3164 0.4082
vt 0.4395 0.4395
vt 0.3164 0.4473
vt 0.3193 0.5059
vt 0.4473 0.5732
vt 0.3242 0.5977
vt 0.3291 0.6572
vt 0.3350 0.7480
vt 0.3379 0.7725
vt 0.3428 0.8096
vt 0.0405 0.0117
vt 0.9868 0.0078
vt 0.9868 0.0215
vt 0.0405 0.0244
vt 0.0400 0.0547
vt 0.9863 0.0518
vt 0.0376 0.2803
vt 0.9834 0.2773
vt 0.0366 0.3496
vt 0.9829 0.3467
vt 0.0356 0.4121
vt 0.9819 0.4092
vt 0.0332 0.6611
vt 0.9790 0.6582
vt 0.0322 0.7236
vt 0.9785 0.7197
vt 0.9775 0.7891
vt 0.0312 0.7920
vt 0.9756 0.9932
vt 0.0293 0.9961
vt 0.0288 1.0293
vt 0.9751 1.0264
vt 0.0396 0.0938
vt 0.0371 0.3203
vt 0.0366 0.3633
vt 0.0298 0.9424
vt 0.0288 1.0117
vt 0.0322 0.7383
vt 0.9761 0.9395
vt 0.9785 0.7354
vt 0.9785 0.7207
vt 0.9829 0.3594
vt 0.9834 0.3164
vt 0.9858 0.0908
vt 0.9688 0.1953
vt 0.8965 0.2480
vt 0.9482 0.1426
vt 0.8984 0.1787
vt 0.8467 0.2168
vt 0.9609 0.1338
vt 0.9355 0.1523
vt 0.8174 0.2383
vt 0.8340 0.2266
vt 0.8818 0.1914
vt 0.8496 0.0137
vt 0.8369 0.0225
vt 0.7891 0.0605
vt 0.7354 0.0967
vt 0.7061 0.1182
vt 0.7188 0.1094
vt 0.8008 0.1025
vt 0.8203 0.0352
vt 0.3125 0.1953
vt 0.3008 0.2217
vt 0.2598 0.2139
vt 0.2529 0.1816
vt 0.4707 0.1689
vt 0.5322 0.0918
vt 0.5967 0.0967
vt 0.5518 0.1680
vt 0.2812 0.2500
vt 0.2666 0.2363
vt 0.2646 0.2627
vt 0.6201 0.1084
vt 0.6104 0.1523
vt 0.5889 0.1201
vt 0.6113 0.1318
vt 0.5254 0.1016
vt 0.5557 0.1182
vt 0.3467 0.2656
vt 0.3594 0.2793
vt 0.3574 0.2705
vt 0.2500 0.2480
vt 0.5205 0.2949
vt 0.6084 0.2471
vt 0.5811 0.2256
vt 0.3311 0.3232
vt 0.2617 0.2529
vt 0.3350 0.3340
vt 0.3525 0.3193
vt 0.3750 0.2881
vt 0.4141 0.2422
vt 0.4209 0.2969
vt 0.6836 0.3613
vt 0.4541 0.3516
vt 0.8193 0.3164
vt 0.4570 0.2539
vt 0.4414 0.3154
vt 0.4248 0.4268
vt 0.4062 0.4326
vt 0.3398 0.2549
vt 0.8555 0.2588
vt 0.5098 0.2891
vt 0.4658 0.2803
vt 0.9561 0.2334
vt 0.6982 0.7793
vt 0.7988 0.7324
vt 0.7100 0.7998
vt 0.6973 0.8184
vt 0.7910 0.7764
vt 0.7109 0.8682
vt 0.8008 0.8320
vt 0.7070 0.9160
vt 0.8018 0.8857
vt 0.6992 0.9346
vt 0.7920 0.9062
vt 0.6904 0.8926
vt 0.7900 0.8584
vt 0.6846 0.8447
vt 0.7832 0.8047
vt 0.6875 0.7979
vt 0.7871 0.7529
vt 0.6475 0.9736
vt 0.6592 0.9385
vt 0.6699 0.8730
vt 0.6484 0.7852
vt 0.6846 0.7959
vt 0.7227 0.5791
vt 0.8242 0.5605
vt 0.7363 0.6270
vt 0.8408 0.5869
vt 0.7510 0.6826
vt 0.8525 0.6475
vt 0.7471 0.7363
vt 0.8525 0.7080
vt 0.7363 0.7588
vt 0.8408 0.7324
vt 0.7568 0.7402
vt 0.8691 0.7109
vt 0.7432 0.7188
vt 0.8535 0.6865
vt 0.7363 0.6660
vt 0.8467 0.6270
vt 0.7402 0.6123
vt 0.7119 0.6260
vt 0.8125 0.6455
vt 0.8125 0.5850
vt 0.6992 0.6836
vt 0.6650 0.5986
vt 0.2275 0.2158
vt 0.2246 0.3027
vt 0.1758 0.1934
vt 0.1738 0.2529
vt 0.1719 0.3154
vt 0.1777 0.1758
vt 0.1768 0.2061
vt 0.1709 0.3496
vt 0.1729 0.3281
vt 0.1748 0.2705
vt 0.0215 0.1699
vt 0.0205 0.1865
vt 0.0195 0.2461
vt 0.0156 0.3086
vt 0.0156 0.3428
vt 0.0166 0.3252
vt 0.0195 0.2676
vt 0.0215 0.2031
vt 0.6963 0.2266
vt 0.6367 0.1914
vt 0.6709 0.2002
vt 0.6162 0.2080
vt 0.6914 0.2754
vt 0.6025 0.2559
vt 0.6758 0.3223
vt 0.5957 0.3047
vt 0.6084 0.3281
vt 0.6426 0.3359
vt 0.6494 0.2148
vt 0.4668 0.1406
vt 0.4404 0.1611
vt 0.4229 0.2197
vt 0.4141 0.2812
vt 0.4307 0.3096
vt 0.4570 0.2891
vt 0.6289 0.3115
vt 0.4785 0.2314
vt 0.6465 0.2646
vt 0.4824 0.1689
vt 0.4395 0.1367
vt 0.3867 0.1523
vt 0.3545 0.2080
vt 0.3613 0.2715
vt 0.4033 0.3066
vt 0.4824 0.1709
vt 0.6973 0.1855
vt 0.8154 0.1602
vt 0.6992 0.2061
vt 0.8174 0.1836
vt 0.7031 0.2598
vt 0.8223 0.2441
vt 0.7070 0.3164
vt 0.8262 0.3066
vt 0.7119 0.3701
vt 0.8281 0.3340
vt 0.7070 0.3203
vt 0.8262 0.3105
vt 0.7031 0.2656
vt 0.8213 0.2500
vt 0.6992 0.2100
vt 0.8174 0.1885
vt 0.6475 0.3564
vt 0.6348 0.1777
vt 0.6680 0.2305
vt 0.8428 0.3770
vt 0.7227 0.4229
vt 0.8516 0.4043
vt 0.7314 0.4785
vt 0.8584 0.4658
vt 0.7295 0.5332
vt 0.8594 0.5264
vt 0.8535 0.5508
vt 0.7168 0.5303
vt 0.8447 0.5244
vt 0.7109 0.4746
vt 0.8379 0.4619
vt 0.7100 0.4199
vt 0.8379 0.4014
vt 0.6846 0.4707
vt 0.3613 0.6855
vt 0.4180 0.6240
vt 0.4160 0.6895
vt 0.3408 0.7500
vt 0.3311 0.5312
vt 0.4209 0.5381
vt 0.2920 0.5957
vt 0.6934 0.5547
vt 0.6895 0.6631
vt 0.5625 0.1875
vt 0.3486 0.2471
vt 0.3477 0.2197
vt 0.5605 0.1602
vt 0.3594 0.3955
vt 0.5674 0.2461
vt 0.5752 0.3662
vt 0.5840 0.4854
vt 0.3770 0.6377
vt 0.5928 0.6084
vt 0.3896 0.8203
vt 0.5986 0.6992
vt 0.6055 0.7910
vt 0.6123 0.8818
vt 0.3984 0.9434
vt 0.6162 0.9443
vt 0.4004 0.9766
vt 0.6191 0.9775
vt 0.5898 0.1562
vt 1.0225 0.3018
vt 0.9990 0.3447
vt 0.6865 0.7471
vt 0.4141 0.7529
vt 0.4121 0.7949
vt 0.6855 0.7871
vt 0.4111 0.8135
vt 0.6846 0.8057
vt 0.3359 0.3828
vt 0.3018 0.3184
vt 0.2969 0.4668
vt 0.4238 0.4756
vt 0.3574 0.7920
vt 0.3750 0.8115
vt 0.8076 0.6719
vt 0.6611 0.6670
vt 0.4990 0.6611
vt 0.7012 0.3193
vt 0.6973 0.4316
vt 0.7617 0.1846
vt 0.6494 0.1621
vt 0.6338 0.2012
vt 0.7617 0.2090
vt 0.8857 0.7637
vt 0.8857 0.7607
vt 0.8867 0.7344
vt 0.8896 0.6406
vt 0.8955 0.4805
vt 0.8994 0.3818
vt 0.5400 0.9180
vt 0.8916 0.9180
vt 0.5732 -0.4443
vt 0.9248 -0.4443
vt 0.7490 -0.4443
vt 1.0703 -0.4443
vt 1.0371 0.9189
vt 0.7891 0.0742
vt 0.8438 0.8555
vt 0.8086 0.0703
vt 0.7344 0.0781
vt 0.7305 0.8555
vt 0.4727 0.0820
vt 0.4492 0.8555
vt 0.1992 0.0781
vt 0.1719 0.8555
vt 0.0781 0.0703
vt 0.0547 0.8555
vt 0.0527 0.3857
vt 0.0537 0.4639
vt 0.0635 0.6484
vt 0.0771 0.8330
vt 0.0869 0.9092
vt 0.4385 0.6048
vt 0.4873 0.6016
vt 0.3594 0.4212
vt 1.0479 0.4102
vt 0.9355 0.4062
vt 0.9785 0.5983
vt 0.9014 0.5951
vt 0.4463 0.6068
vt 0.4287 0.4147
vt 0.6924 0.5964
vt 0.6748 0.4082
vt 0.2725 0.3757
vt 0.3496 0.2422
vt 0.3262 0.2448
vt 0.2637 0.3802
vt 0.3174 0.3730
vt 0.4043 0.2376
vt 0.4180 0.3522
vt 0.5664 0.2344
vt 0.6377 0.3483
vt 0.7275 0.2305
vt 0.7891 0.3477
vt 0.8125 0.2298
vt 0.9609 0.3737
vt 0.9600 0.2728
vt 1.0547 0.3809
vt 0.9971 0.2747
vt 1.1084 0.3822
vt 1.0605 0.2780
vt 0.2510 0.0527
vt 0.3555 0.0508
vt 0.6582 0.0462
vt 0.9443 0.0417
vt 1.0654 0.0397
vt 0.5000 1.0000
vt 1.0000 0.0000
vt 1.0000 1.0000
vt 0.0000 1.0000
vt 0.0000 0.0000
vt -0.0078 0.0156
vt -0.0078 1.0156
vt 0.9844 1.0000
vt 0.0156 0.0000
vt 0.5957 0.0286
vt 0.6113 0.6217
vt 0.6064 0.0254
vt 0.5625 0.0319
vt 0.5439 0.6217
vt 0.4102 0.0352
vt 0.3809 0.6224
vt 0.2490 0.0332
vt 0.2168 0.6230
vt 0.1797 0.0267
vt 0.1494 0.6230
vt 1.1445 -5.9336
vt 1.1484 -5.9180
vt 1.2109 -4.5977
vt -0.0117 -4.6406
vt 0.4844 -4.5938
vt 0.2070 -5.9727
vt 0.5469 -5.9375
vt 1.0664 -5.9453
vt 1.3711 -4.5664
vt 0.8984 -5.9141
vt 1.0234 -4.5625
vt 0.0469 -4.1719
vt -0.0977 -4.1875
vt 0.4766 -3.8633
vt 0.6328 -3.8555
vt 1.0195 -3.8320
vt 1.1211 -3.8320
vt 1.3398 -4.0469
vt 1.3125 -4.0547
vt 1.1953 -4.0820
vt 1.4023 -2.5391
vt 1.3438 -2.5547
vt 1.4648 -2.5195
vt 1.2422 -2.8906
vt 1.0156 -2.8906
vt 0.8242 -2.9023
vt 0.4766 -3.2344
vt 0.2969 -3.2539
vt -0.0312 -3.2891
vt 1.4336 1.0469
vt 1.5195 1.0391
vt 1.1289 1.0195
vt 0.5352 1.0039
vt 0.7070 0.9271
vt 0.6348 0.9251
vt 0.8350 0.7533
vt 0.1523 0.7650
vt 0.1943 0.7559
vt 0.2793 0.9382
vt 0.2988 0.9310
vt 0.7598 0.9290
vt 0.6992 0.7474
vt 0.4541 0.9258
vt 0.4336 0.7487
vt 0.1133 0.7038
vt 0.1045 0.7070
vt 0.1807 0.6608
vt 0.2480 0.6589
vt 0.4199 0.6536
vt 0.5059 0.6530
vt 0.6826 0.6797
vt 0.7275 0.6810
vt 0.8252 0.6855
vt 0.8467 0.4837
vt 0.8975 0.4857
vt 0.7461 0.4805
vt 0.5996 0.5299
vt 0.4033 0.5306
vt 0.3174 0.5332
vt 0.1729 0.5788
vt 0.1582 0.5827
vt 0.1367 0.5892
vt 0.9199 0.0163
vt 0.7529 0.0163
vt 0.4238 0.0208
vt 0.1641 0.0260
vt 0.1211 0.0306
vt 0.2642 0.2646
vt 0.1069 0.2822
vt 0.1040 0.3330
vt 0.2241 0.3330
vt 0.9717 0.2393
vt 0.9751 0.2998
vt 0.8931 0.2822
vt 0.7358 0.2646
vt 0.7759 0.3330
vt 0.8960 0.3330
vt 0.1069 0.7178
vt 0.2642 0.7354
vt 0.2246 0.6670
vt 0.1040 0.6670
vt 0.9717 0.7607
vt 0.9751 0.7002
vt 0.7358 0.7354
vt 0.8931 0.7178
vt 0.8960 0.6670
vt 0.7749 0.6670
vt 0.4136 0.8223
vt 0.5864 0.8223
vt 0.1782 0.5859
vt 0.1782 0.4141
vt 0.4136 0.1777
vt 0.5864 0.1777
vt 0.8218 0.4141
vt 0.8218 0.5859
vt -0.2188 0.8750
vt -0.1562 -1.0312
vt 2.3125 -3.2500
vt 3.3750 -2.3438
vt 0.8438 -2.7812
vt 3.3125 -0.4375
vt 0.8438 1.7812
vt 2.3125 1.3125
vt 0.1875 0.5000
vt 0.2183 0.4248
vt 0.2295 0.3438
vt 0.2939 0.2939
vt 0.3438 0.2295
vt 0.4243 0.2188
vt 0.5000 0.1875
vt 0.5757 0.2188
vt 0.6562 0.2295
vt 0.7061 0.2939
vt 0.7705 0.3438
vt 0.7817 0.4248
vt 0.8125 0.5000
vt 0.7817 0.5752
vt 0.7705 0.6562
vt 0.7061 0.7061
vt 0.6562 0.7705
vt 0.5757 0.7812
vt 0.5000 0.8125
vt 0.4243 0.7812
vt 0.3438 0.7705
vt 0.2939 0.7061
vt 0.2295 0.6562
vt 0.2183 0.5752
vt 0.8730 0.0469
vt 0.6943 0.0908
vt 0.7939 0.1484
vt 0.7461 -0.0273
vt 0.5815 0.0615
vt 0.6025 -0.0635
vt 0.4639 0.0645
vt 0.4526 -0.0596
vt 0.3486 0.0986
vt 0.3062 -0.0166
vt 0.2441 0.1611
vt 0.1729 0.0635
vt 0.1572 0.2490
vt 0.0625 0.1748
vt 0.0942 0.3545
vt -0.0176 0.3096
vt 0.0591 0.4717
vt -0.0625 0.4590
vt 0.0542 0.5928
vt -0.0684 0.6123
vt 0.0801 0.7090
vt -0.0356 0.7598
vt 0.1353 0.8115
vt 0.0342 0.8906
vt 0.2148 0.8955
vt 0.1362 0.9971
vt 0.3154 0.9531
vt 0.2632 1.0713
vt 0.4272 0.9814
vt 0.4062 1.1074
vt 0.5454 0.9785
vt 0.5566 1.1035
vt 0.6621 0.9502
vt 0.7031 1.0605
vt 0.7646 0.8818
vt 0.8359 0.9805
vt 0.8516 0.7949
vt 0.9463 0.8691
vt 0.9146 0.6885
vt 1.0264 0.7344
vt 0.9497 0.5713
vt 1.0713 0.5850
vt 0.9546 0.4512
vt 1.0771 0.4316
vt 0.9287 0.3350
vt 1.0444 0.2842
vt 0.8740 0.2314
vt 0.9746 0.1523
vt 1.0000 0.0186
vt 0.0186 0.0186
vt 0.0186 1.0000
vt 0.4062 0.5312
vt 0.4062 0.5625
vt 0.4062 0.5000
vt 0.4062 0.4688
vt 0.0176 0.0000
vt 0.9829 0.0029
vt 0.9829 0.0156
vt 0.0181 0.0127
vt 0.0181 0.0430
vt 0.9829 0.0459
vt 0.0205 0.2656
vt 0.9854 0.2695
vt 0.0210 0.3350
vt 0.9858 0.3379
vt 0.0215 0.3965
vt 0.9863 0.4004
vt 0.0239 0.6436
vt 0.9888 0.6465
vt 0.0244 0.7051
vt 0.9893 0.7080
vt 0.9897 0.7764
vt 0.0249 0.7734
vt 0.9917 0.9785
vt 0.0269 0.9746
vt 0.0273 1.0078
vt 0.9922 1.0107
vt 0.0186 0.0820
vt 0.0205 0.3047
vt 0.0210 0.3477
vt 0.0264 0.9219
vt 0.0269 0.9902
vt 0.0249 0.7725
vt 0.0244 0.7197
vt 0.9917 0.9932
vt 0.9912 0.9258
vt 0.9893 0.7236
vt 0.9854 0.3086
vt 0.9834 0.0850
vt 0.9829 0.0166
vt 0.3682 0.8545
vt 0.6973 0.8438
vt 0.3740 0.8271
vt 0.6924 0.8662
vt 0.3652 0.9043
vt 0.6904 0.9053
vt 0.3643 0.9502
vt 0.6895 0.9424
vt 0.3701 0.9619
vt 0.6934 0.9521
vt 0.3760 0.9346
vt 0.6992 0.9297
vt 0.3809 0.8838
vt 0.7021 0.8887
vt 0.3799 0.8389
vt 0.7012 0.8535
vt 0.2363 0.8467
vt 0.3164 0.8252
vt 0.2012 0.8945
vt 0.2324 0.9414
vt 0.3115 0.9600
vt 0.1699 0.8252
vt 0.2178 0.7725
vt 0.1992 0.7881
vt 0.2207 0.7871
vt 0.1680 0.8828
vt 0.2295 0.8379
vt 0.1777 0.9365
vt 0.2363 0.8936
vt 0.2100 0.9453
vt 0.2402 0.9229
vt 0.2217 0.8018
vt 0.3252 0.6982
vt 0.3271 0.7129
vt 0.3350 0.7646
vt 0.3438 0.8193
vt 0.3477 0.8486
vt 0.3447 0.8301
vt 0.2373 0.9082
vt 0.3369 0.7803
vt 0.2305 0.8574
vt 0.3281 0.7236
vt 0.3818 0.7783
vt 0.3701 0.7031
vt 0.4648 0.6348
vt 0.7139 0.6357
vt 0.4707 0.6250
vt 0.7090 0.6445
vt 0.4551 0.6855
vt 0.7012 0.6855
vt 0.4463 0.7402
vt 0.6943 0.7285
vt 0.4453 0.7725
vt 0.6924 0.7549
vt 0.4512 0.7627
vt 0.6973 0.7471
vt 0.4609 0.7148
vt 0.7061 0.7080
vt 0.4697 0.6572
vt 0.7129 0.6631
vt 0.3662 0.6504
vt 0.4287 0.6309
vt 0.3330 0.7021
vt 0.3477 0.7549
vt 0.4023 0.7793
vt 0.7402 0.6396
vt 0.7812 0.6562
vt 0.7812 0.6992
vt 0.7666 0.7422
vt 0.7197 0.7598
vt 0.6943 0.6572
vt 0.3389 0.5381
vt 0.1582 0.5898
vt 0.3408 0.5547
vt 0.1592 0.6074
vt 0.3428 0.6172
vt 0.1641 0.6689
vt 0.3457 0.6816
vt 0.1641 0.7334
vt 0.3467 0.7158
vt 0.1650 0.7686
vt 0.3447 0.6943
vt 0.1641 0.7510
vt 0.3428 0.6348
vt 0.1611 0.6914
vt 0.3398 0.5684
vt 0.1592 0.6250
vt 0.4053 0.6484
vt 0.4014 0.5586
vt 0.4873 0.4287
vt 0.7686 0.4229
vt 0.4941 0.4160
vt 0.7637 0.4336
vt 0.4766 0.4893
vt 0.7539 0.4834
vt 0.4648 0.5557
vt 0.7451 0.5361
vt 0.4619 0.5957
vt 0.7422 0.5684
vt 0.4678 0.5830
vt 0.7471 0.5576
vt 0.4795 0.5254
vt 0.7568 0.5117
vt 0.4902 0.4561
vt 0.7656 0.4561
vt 0.1465 0.4033
vt 0.1709 0.3975
vt 0.1826 0.4238
vt 0.1221 0.5537
vt 0.1592 0.5742
vt 0.1797 0.5674
vt 0.1777 0.5332
vt 0.1123 0.4941
vt 0.1758 0.4707
vt 0.1719 0.4121
vt 0.1133 0.4336
vt 0.2949 0.3896
vt 0.2959 0.4043
vt 0.2988 0.4639
vt 0.3027 0.5254
vt 0.3037 0.5605
vt 0.3027 0.5400
vt 0.1787 0.5527
vt 0.2998 0.4844
vt 0.1758 0.4971
vt 0.2969 0.4199
vt 0.1729 0.4326
vt 0.3389 0.5117
vt 0.3340 0.4258
vt 0.4492 0.4258
vt 0.3848 0.4512
vt 0.3486 0.5146
vt 0.3623 0.5791
vt 0.4170 0.6064
vt 0.5039 0.4541
vt 0.8271 0.2354
vt 0.8232 0.2217
vt 0.8223 0.2227
vt 0.8223 0.2236
vt 0.8242 0.2080
vt 0.8213 0.2227
vt 0.8252 0.2559
vt 0.8223 0.2217
vt 0.8203 0.2646
vt 0.8242 0.2148
vt 0.7090 0.1914
vn -0.577 -0.577 -0.577
vn -0.577 -0.577 -0.577
vn -0.577 -0.577 -0.577
vn -0.577 -0.577 -0.577
vn -0.577 -0.577 -0.577
vn -0.577 -0.577 -0.577
vn -0.577 -0.577 -0.577
vn -0.577 -0.577 -0.577
vn -0.577 -0.577 -0.577
vn -0.577 -0.577 -0.577
vn -0.577 -0.577 -0.577
vn -0.577 -0.577 -0.577
vn -0.577 -0.577 -0.577
vn -0.577 -0.577 -0.577
vn -0.577 -0.577 -0.577
vn -0.577 -0.577 -0.577
vn -0.577 -0.577 -0.577
vn -0.577 -0.577 -0.577
vn -0.577 -0.577 -0.577
vn -0.577 -0.577 -0.577
vn -0.577 -0.577 -0.577
vn -0.577 -0.577 -0.577
vn -0.577 -0.577 -0.577
vn -0.577 -0.577 -0.577
vn -0.577 -0.577 -0.577
vn -0.577 -0.577 -0.577
vn -0.577 -0.577 -0.577
vn -0.577 -0.577 -0.577
vn -0.577 -0.577 -0.577
vn -0.577 -0.577 -0.577
vn -0.577 -0.577 -0.577
vn -0.577 -0.577 -0.577
vn -0.577 -0.577 -0.577
vn -0.577 -0.577 -0.577
vn -0.577 -0.577 -0.577
vn -0.577 -0.577 -0.577
vn -0.577 -0.577 -0.577
vn -0.577 -0.577 -0.577
vn -0.577 -0.577 -0.577
vn -0.577 -0.577 -0.577
vn -0.577 -0.577 -0.577
vn -0.577 -0.577 -0.577
vn -0.577 -0.577 -0.577
vn -0.577 -0.577 -0.577
vn -0.577 -0.577 -0.577
vn -0.577 -0.577 -0.577
vn -0.577 -0.577 -0.577
vn -0.577 -0.577 -0.577
vn -0.577 -0.577 -0.577
vn -0.577 -0.577 -0.577
vn -0.577 -0.577 -0.577
vn -0.577 -0.577 -0.577
vn -0.577 -0.577 -0.577
vn -0.577 -0.577 -0.577
vn -0.577 -0.577 -0.577
vn -0.577 -0.577 -0.577
vn -0.577 -0.577 -0.577
vn -0.577 -0.577 -0.577
vn -0.577 -0.577 -0.577
vn -0.577 -0.577 -0.577
vn -0.577 -0.577 -0.577
vn -0.577 -0.577 -0.577
vn -0.577 -0.577 -0.577
vn -0.577 -0.577 -0.577
vn -0.577 -0.577 -0.577
vn -0.577 -0.577 -0.577
vn -0.577 -0.577 -0.577
vn -0.577 -0.577 -0.577
vn -0.577 -0.577 -0.577
vn -0.577 -0.577 -0.577
vn -0.577 -0.577 -0.577
vn -0.577 -0.577 -0.577
vn -0.577 -0.577 -0.577
vn -0.577 -0.577 -0.577
vn -0.577 -0.577 -0.577
vn -0.577 -0.577 -0.577
vn -0.577 -0.577 -0.577
vn -0.577 -0.577 -0.577
vn -0.577 -0.577 -0.577
vn -0.577 -0.577 -0.577
vn -0.577 -0.577 -0.577
vn -0.577 -0.577 -0.577
vn -0.577 -0.577 -0.577
vn -0.577 -0.577 -0.577
vn -0.577 -0.577 -0.577
vn -0.577 -0.577 -0.577
vn -0.577 -0.577 -0.577
vn -0.577 -0.577 -0.577
vn -0.577 -0.577 -0.577
vn -0.577 -0.577 -0.577
vn -0.577 -0.577 -0.577
vn -0.577 -0.577 -0.577
vn -0.577 -0.577 -0.577
vn -0.577 -0.577 -0.577
vn -0.577 -0.577 -0.577
vn -0.577 -0.577 -0.577
vn -0.577 -0.577 -0.577
vn -0.577 -0.577 -0.577
vn -0.577 -0.577 -0.577
vn -0.577 -0.577 -0.577
vn -0.577 -0.577 -0.577
vn -0.577 -0.577 -0.577
vn -0.577 -0.577 -0.577
vn -0.577 -0.577 -0.577
vn -0.577 -0.577 -0.577
vn -0.577 -0.577 -0.577
vn -0.577 -0.577 -0.577
vn -0.577 -0.577 -0.577
vn -0.577 -0.577 -0.577
vn -0.577 -0.577 -0.577
vn -0.577 -0.577 -0.577
vn -0.577 -0.577 -0.577
vn -0.577 -0.577 -0.577
vn -0.577 -0.577 -0.577
vn -0.577 -0.577 -0.577
vn -0.577 -0.577 -0.577
vn -0.577 -0.577 -0.577
vn -0.577 -0.577 -0.577
vn -0.577 -0.577 -0.577
vn -0.577 -0.577 -0.577
vn -0.577 -0.577 -0.577
vn -0.577 -0.577 -0.577
vn -0.577 -0.577 -0.577
vn -0.577 -0.577 -0.577
vn -0.577 -0.577 -0.577
vn -0.577 -0.577 -0.577
vn -0.577 -0.577 -0.577
vn -0.577 -0.577 -0.577
vn -0.577 -0.577 -0.577
vn -0.577 -0.577 -0.577
vn -0.577 -0.577 -0.577
vn -0.577 -0.577 -0.577
vn -0.577 -0.577 -0.577
vn -0.577 -0.577 -0.577
vn -0.577 -0.577 -0.577
vn -0.577 -0.577 -0.577
vn -0.577 -0.577 -0.577
vn -0.577 -0.577 -0.577
vn -0.577 -0.577 -0.577
vn -0.577 -0.577 -0.577
vn -0.577 -0.577 -0.577
vn -0.577 -0.577 -0.577
vn -0.577 -0.577 -0.577
vn -0.577 -0.577 -0.577
vn -0.577 -0.577 -0.577
vn -0.577 -0.577 -0.577
vn -0.577 -0.577 -0.577
vn -0.577 -0.577 -0.577
vn -0.577 -0.577 -0.577
vn -0.577 -0.577 -0.577
vn -0.577 -0.577 -0.577
vn -0.577 -0.577 -0.577
vn -0.577 -0.577 -0.577
vn -0.577 -0.577 -0.577
vn -0.577 -0.577 -0.577
vn -0.577 -0.577 -0.577
vn -0.577 -0.577 -0.577
vn -0.577 -0.577 -0.577
vn -0.577 -0.577 -0.577
vn -0.577 -0.577 -0.577
vn -0.577 -0.577 -0.577
vn -0.577 -0.577 -0.577
vn -0.577 -0.577 -0.577
vn -0.577 -0.577 -0.577
vn -0.577 -0.577 -0.577
vn -0.577 -0.577 -0.577
vn -0.577 -0.577 -0.577
vn -0.577 -0.577 -0.577
vn -0.577 -0.577 -0.577
vn -0.577 -0.577 -0.577
vn -0.577 -0.577 -0.577
vn -0.577 -0.577 -0.577
vn -0.577 -0.577 -0.577
vn -0.577 -0.577 -0.577
vn -0.577 -0.577 -0.577
vn -0.577 -0.577 -0.577
vn -0.577 -0.577 -0.577
vn -0.577 -0.577 -0.577
vn -0.577 -0.577 -0.577
vn -0.577 -0.577 -0.577
vn -0.577 -0.577 -0.577
vn -0.577 -0.577 -0.577
vn -0.577 -0.577 -0.577
vn -0.577 -0.577 -0.577
vn -0.577 -0.577 -0.577
vn -0.577 -0.577 -0.577
vn -0.577 -0.577 -0.577
vn -0.577 -0.577 -0.577
vn -0.577 -0.577 -0.577
vn -0.577 -0.577 -0.577
vn -0.577 -0.577 -0.577
vn -0.577 -0.577 -0.577
vn -0.577 -0.577 -0.577
vn -0.577 -0.577 -0.577
vn -0.577 -0.577 -0.577
vn -0.577 -0.577 -0.577
vn -0.577 -0.577 -0.577
vn -0.577 -0.577 -0.577
vn -0.577 -0.577 -0.577
vn -0.577 -0.577 -0.577
vn -0.577 -0.577 -0.577
vn -0.577 -0.577 -0.577
vn -0.577 -0.577 -0.577
vn -0.577 -0.577 -0.577
vn -0.577 -0.577 -0.577
vn -0.577 -0.577 -0.577
vn -0.577 -0.577 -0.577
vn -0.577 -0.577 -0.577
vn -0.577 -0.577 -0.577
vn -0.577 -0.577 -0.577
vn -0.577 -0.577 -0.577
vn -0.577 -0.577 -0.577
vn -0.577 -0.577 -0.577
vn -0.577 -0.577 -0.577
vn -0.577 -0.577 -0.577
vn -0.577 -0.577 -0.577
vn -0.577 -0.577 -0.577
vn -0.577 -0.577 -0.577
vn -0.577 -0.577 -0.577
vn -0.577 -0.577 -0.577
vn -0.577 -0.577 -0.577
vn -0.577 -0.577 -0.577
vn -0.577 -0.577 -0.577
vn -0.577 -0.577 -0.577
vn -0.577 -0.577 -0.577
vn -0.577 -0.577 -0.577
vn -0.577 -0.577 -0.577
vn -0.577 -0.577 -0.577
vn -0.577 -0.577 -0.577
vn -0.577 -0.577 -0.577
vn -0.577 -0.577 -0.577
vn -0.577 -0.577 -0.577
vn -0.577 -0.577 -0.577
vn -0.577 -0.577 -0.577
vn -0.577 -0.577 -0.577
vn -0.577 -0.577 -0.577
vn -0.577 -0.577 -0.577
vn -0.577 -0.577 -0.577
vn -0.577 -0.577 -0.577
vn -0.577 -0.577 -0.577
vn -0.577 -0.577 -0.577
vn -0.577 -0.577 -0.577
vn -0.577 -0.577 -0.577
vn -0.577 -0.577 -0.577
vn -0.577 -0.577 -0.577
vn -0.577 -0.577 -0.577
vn -0.577 -0.577 -0.577
vn -0.577 -0.577 -0.577
vn -0.577 -0.577 -0.577
vn -0.577 -0.577 -0.577
vn -0.577 -0.577 -0.577
vn -0.577 -0.577 -0.577
vn -0.577 -0.577 -0.577
vn -0.577 -0.577 -0.577
vn -0.577 -0.577 -0.577
vn -0.577 -0.577 -0.577
vn -0.577 -0.577 -0.577
vn -0.577 -0.577 -0.577
vn -0.577 -0.577 -0.577
vn -0.577 -0.577 -0.577
vn -0.577 -0.577 -0.577
vn -0.577 -0.577 -0.577
vn -0.577 -0.577 -0.577
vn -0.577 -0.577 -0.577
vn -0.577 -0.577 -0.577
vn -0.577 -0.577 -0.577
vn -0.577 -0.577 -0.577
vn -0.577 -0.577 -0.577
vn -0.577 -0.577 -0.577
vn -0.577 -0.577 -0.577
vn -0.577 -0.577 -0.577
vn -0.577 -0.577 -0.577
vn -0.577 -0.577 -0.577
vn -0.577 -0.577 -0.577
vn -0.577 -0.577 -0.577
vn -0.577 -0.577 -0.577
vn -0.577 -0.577 -0.577
vn -0.577 -0.577 -0.577
vn -0.577 -0.577 -0.577
vn -0.577 -0.577 -0.577
vn -0.577 -0.577 -0.577
vn -0.577 -0.577 -0.577
vn -0.577 -0.577 -0.577
vn -0.577 -0.577 -0.577
vn -0.577 -0.577 -0.577
vn -0.577 -0.577 -0.577
vn -0.577 -0.577 -0.577
vn -0.577 -0.577 -0.577
vn -0.577 -0.577 -0.577
vn -0.577 -0.577 -0.577
vn -0.577 -0.577 -0.577
vn -0.577 -0.577 -0.577
vn -0.577 -0.577 -0.577
vn -0.577 -0.577 -0.577
vn -0.577 -0.577 -0.577
vn -0.577 -0.577 -0.577
vn -0.577 -0.577 -0.577
vn -0.577 -0.577 -0.577
vn -0.577 -0.577 -0.577
vn -0.577 -0.577 -0.577
vn -0.577 -0.577 -0.577
vn -0.577 -0.577 -0.577
vn -0.577 -0.577 -0.577
vn -0.577 -0.577 -0.577
vn -0.577 -0.577 -0.577
vn -0.577 -0.577 -0.577
vn -0.577 -0.577 -0.577
vn -0.577 -0.577 -0.577
vn -0.577 -0.577 -0.577
vn -0.577 -0.577 -0.577
vn -0.577 -0.577 -0.577
vn -0.577 -0.577 -0.577
vn -0.577 -0.577 -0.577
vn -0.577 -0.577 -0.577
vn -0.577 -0.577 -0.577
vn -0.577 -0.577 -0.577
vn -0.577 -0.577 -0.577
vn -0.577 -0.577 -0.577
vn -0.577 -0.577 -0.577
vn -0.577 -0.577 -0.577
vn -0.577 -0.577 -0.577
vn -0.577 -0.577 -0.577
vn -0.577 -0.577 -0.577
vn -0.577 -0.577 -0.577
vn -0.577 -0.577 -0.577
vn -0.577 -0.577 -0.577
vn -0.577 -0.577 -0.577
vn -0.577 -0.577 -0.577
vn -0.577 -0.577 -0.577
vn -0.577 -0.577 -0.577
vn -0.577 -0.577 -0.577
vn -0.577 -0.577 -0.577
vn -0.577 -0.577 -0.577
vn -0.577 -0.577 -0.577
vn -0.577 -0.577 -0.577
vn -0.577 -0.577 -0.577
vn -0.577 -0.577 -0.577
vn -0.577 -0.577 -0.577
vn -0.577 -0.577 -0.577
vn -0.577 -0.577 -0.577
vn -0.577 -0.577 -0.577
vn -0.577 -0.577 -0.577
vn -0.577 -0.577 -0.577
vn -0.577 -0.577 -0.577
vn -0.577 -0.577 -0.577
vn -0.577 -0.577 -0.577
vn -0.577 -0.577 -0.577
vn -0.577 -0.577 -0.577
vn -0.577 -0.577 -0.577
vn -0.577 -0.577 -0.577
vn -0.577 -0.577 -0.577
vn -0.577 -0.577 -0.577
vn -0.577 -0.577 -0.577
vn -0.577 -0.577 -0.577
vn -0.577 -0.577 -0.577
vn -0.577 -0.577 -0.577
vn -0.577 -0.577 -0.577
vn -0.577 -0.577 -0.577
vn -0.577 -0.577 -0.577
vn -0.577 -0.577 -0.577
vn -0.577 -0.577 -0.577
vn -0.577 -0.577 -0.577
vn -0.577 -0.577 -0.577
vn -0.577 -0.577 -0.577
vn -0.577 -0.577 -0.577
vn -0.577 -0.577 -0.577
vn -0.577 -0.577 -0.577
vn -0.577 -0.577 -0.577
vn -0.577 -0.577 -0.577
vn -0.577 -0.577 -0.577
vn -0.577 -0.577 -0.577
vn -0.577 -0.577 -0.577
vn -0.577 -0.577 -0.577
vn -0.577 -0.577 -0.577
vn -0.577 -0.577 -0.577
vn -0.577 -0.577 -0.577
vn -0.577 -0.577 -0.577
vn -0.577 -0.577 -0.577
vn -0.577 -0.577 -0.577
vn -0.577 -0.577 -0.577
vn -0.577 -0.577 -0.577
vn -0.577 -0.577 -0.577
vn -0.577 -0.577 -0.577
vn -0.577 -0.577 -0.577
vn -0.577 -0.577 -0.577
vn -0.577 -0.577 -0.577
vn -0.577 -0.577 -0.577
vn -0.577 -0.577 -0.577
vn -0.577 -0.577 -0.577
vn -0.577 -0.577 -0.577
vn -0.577 -0.577 -0.577
vn -0.577 -0.577 -0.577
vn -0.577 -0.577 -0.577
vn -0.577 -0.577 -0.577
vn -0.577 -0.577 -0.577
vn -0.577 -0.577 -0.577
vn -0.577 -0.577 -0.577
vn -0.577 -0.577 -0.577
vn -0.577 -0.577 -0.577
vn -0.577 -0.577 -0.577
vn -0.577 -0.577 -0.577
vn -0.577 -0.577 -0.577
vn -0.577 -0.577 -0.577
vn -0.577 -0.577 -0.577
vn -0.577 -0.577 -0.577
vn -0.577 -0.577 -0.577
vn -0.577 -0.577 -0.577
vn -0.577 -0.577 -0.577
vn -0.577 -0.577 -0.577
vn -0.577 -0.577 -0.577
vn -0.577 -0.577 -0.577
vn -0.577 -0.577 -0.577
vn -0.577 -0.577 -0.577
vn -0.577 -0.577 -0.577
vn -0.577 -0.577 -0.577
vn -0.577 -0.577 -0.577
vn -0.577 -0.577 -0.577
vn -0.577 -0.577 -0.577
vn -0.577 -0.577 -0.577
vn -0.577 -0.577 -0.577
vn -0.577 -0.577 -0.577
vn -0.577 -0.577 -0.577
vn -0.577 -0.577 -0.577
vn -0.577 -0.577 -0.577
vn -0.577 -0.577 -0.577
vn -0.577 -0.577 -0.577
vn -0.577 -0.577 -0.577
vn -0.577 -0.577 -0.577
vn -0.577 -0.577 -0.577
vn -0.577 -0.577 -0.577
vn -0.577 -0.577 -0.577
vn -0.577 -0.577 -0.577
vn -0.577 -0.577 -0.577
vn -0.577 -0.577 -0.577
vn -0.577 -0.577 -0.577
vn -0.577 -0.577 -0.577
vn -0.577 -0.577 -0.577
vn -0.577 -0.577 -0.577
vn -0.577 -0.577 -0.577
vn -0.577 -0.577 -0.577
vn -0.577 -0.577 -0.577
vn -0.577 -0.577 -0.577
vn -0.577 -0.577 -0.577
vn -0.577 -0.577 -0.577
vn -0.577 -0.577 -0.577
vn -0.577 -0.577 -0.577
vn -0.577 -0.577 -0.577
vn -0.577 -0.577 -0.577
vn -0.577 -0.577 -0.577
vn -0.577 -0.577 -0.577
vn -0.577 -0.577 -0.577
vn -0.577 -0.577 -0.577
vn -0.577 -0.577 -0.577
vn -0.577 -0.577 -0.577
vn -0.577 -0.577 -0.577
vn -0.577 -0.577 -0.577
vn -0.577 -0.577 -0.577
vn -0.577 -0.577 -0.577
vn -0.577 -0.577 -0.577
vn -0.577 -0.577 -0.577
vn -0.577 -0.577 -0.577
vn -0.577 -0.577 -0.577
vn -0.577 -0.577 -0.577
vn -0.577 -0.577 -0.577
vn -0.577 -0.577 -0.577
vn -0.577 -0.577 -0.577
vn -0.577 -0.577 -0.577
vn -0.577 -0.577 -0.577
vn -0.577 -0.577 -0.577
vn -0.577 -0.577 -0.577
vn -0.577 -0.577 -0.577
vn -0.577 -0.577 -0.577
vn -0.577 -0.577 -0.577
vn -0.577 -0.577 -0.577
vn -0.577 -0.577 -0.577
vn -0.577 -0.577 -0.577
vn -0.577 -0.577 -0.577
vn -0.577 -0.577 -0.577
vn -0.577 -0.577 -0.577
vn -0.577 -0.577 -0.577
vn -0.577 -0.577 -0.577
vn -0.577 -0.577 -0.577
vn -0.577 -0.577 -0.577
vn -0.577 -0.577 -0.577
vn -0.577 -0.577 -0.577
vn -0.577 -0.577 -0.577
vn -0.577 -0.577 -0.577
vn -0.577 -0.577 -0.577
vn -0.577 -0.577 -0.577
vn -0.577 -0.577 -0.577
vn -0.577 -0.577 -0.577
vn -0.577 -0.577 -0.577
vn -0.577 -0.577 -0.577
vn -0.577 -0.577 -0.577
vn -0.577 -0.577 -0.577
vn -0.577 -0.577 -0.577
vn -0.577 -0.577 -0.577
vn -0.577 -0.577 -0.577
vn -0.577 -0.577 -0.577
vn -0.577 -0.577 -0.577
vn -0.577 -0.577 -0.577
vn -0.577 -0.577 -0.577
vn -0.577 -0.577 -0.577
vn -0.577 -0.577 -0.577
vn -0.577 -0.577 -0.577
vn -0.577 -0.577 -0.577
vn -0.577 -0.577 -0.577
vn -0.577 -0.577 -0.577
vn -0.577 -0.577 -0.577
vn -0.577 -0.577 -0.577
vn -0.577 -0.577 -0.577
vn -0.577 -0.577 -0.577
vn -0.577 -0.577 -0.577
vn -0.577 -0.577 -0.577
vn -0.577 -0.577 -0.577
vn -0.577 -0.577 -0.577
vn -0.577 -0.577 -0.577
vn -0.577 -0.577 -0.577
vn -0.577 -0.577 -0.577
vn -0.577 -0.577 -0.577
vn -0.577 -0.577 -0.577
vn -0.577 -0.577 -0.577
vn -0.577 -0.577 -0.577
vn -0.577 -0.577 -0.577
vn -0.577 -0.577 -0.577
vn -0.577 -0.577 -0.577
vn -0.577 -0.577 -0.577
vn -0.577 -0.577 -0.577
vn -0.577 -0.577 -0.577
vn -0.577 -0.577 -0.577
vn -0.577 -0.577 -0.577
vn -0.577 -0.577 -0.577
vn -0.577 -0.577 -0.577
vn -0.577 -0.577 -0.577
vn -0.577 -0.577 -0.577
vn -0.577 -0.577 -0.577
vn -0.577 -0.577 -0.577
vn -0.577 -0.577 -0.577
vn -0.577 -0.577 -0.577
vn -0.577 -0.577 -0.577
vn -0.577 -0.577 -0.577
vn -0.577 -0.577 -0.577
vn -0.577 -0.577 -0.577
vn -0.577 -0.577 -0.577
vn -0.577 -0.577 -0.577
vn -0.577 -0.577 -0.577
vn -0.577 -0.577 -0.577
vn -0.577 -0.577 -0.577
vn -0.577 -0.577 -0.577
vn -0.577 -0.577 -0.577
vn -0.577 -0.577 -0.577
vn -0.577 -0.577 -0.577
vn -0.577 -0.577 -0.577
vn -0.577 -0.577 -0.577
vn -0.577 -0.577 -0.577
vn -0.577 -0.577 -0.577
vn -0.577 -0.577 -0.577
vn -0.577 -0.577 -0.577
vn -0.577 -0.577 -0.577
vn -0.577 -0.577 -0.577
vn -0.577 -0.577 -0.577
vn -0.577 -0.577 -0.577
vn -0.577 -0.577 -0.577
vn -0.577 -0.577 -0.577
vn -0.577 -0.577 -0.577
vn -0.577 -0.577 -0.577
vn -0.577 -0.577 -0.577
vn -0.577 -0.577 -0.577
vn -0.577 -0.577 -0.577
vn -0.577 -0.577 -0.577
vn -0.577 -0.577 -0.577
vn -0.577 -0.577 -0.577
vn -0.577 -0.577 -0.577
vn -0.577 -0.577 -0.577
vn -0.577 -0.577 -0.577
vn -0.577 -0.577 -0.577
vn -0.577 -0.577 -0.577
vn -0.577 -0.577 -0.577
vn -0.577 -0.577 -0.577
vn -0.577 -0.577 -0.577
vn -0.577 -0.577 -0.577
vn -0.577 -0.577 -0.577
vn -0.577 -0.577 -0.577
vn -0.577 -0.577 -0.577
vn -0.577 -0.577 -0.577
vn -0.577 -0.577 -0.577
vn -0.577 -0.577 -0.577
vn -0.577 -0.577 -0.577
vn -0.577 -0.577 -0.577
vn -0.577 -0.577 -0.577
vn -0.577 -0.577 -0.577
vn -0.577 -0.577 -0.577
vn -0.577 -0.577 -0.577
vn -0.577 -0.577 -0.577
vn -0.577 -0.577 -0.577
vn -0.577 -0.577 -0.577
vn -0.577 -0.577 -0.577
vn -0.577 -0.577 -0.577
vn -0.577 -0.577 -0.577
vn -0.577 -0.577 -0.577
vn -0.577 -0.577 -0.577
vn -0.577 -0.577 -0.577
vn -0.577 -0.577 -0.577
vn -0.577 -0.577 -0.577
vn -0.577 -0.577 -0.577
vn -0.577 -0.577 -0.577
vn 0.577 0.577 0.577
vn 0.577 0.577 0.577
vn 0.577 0.577 0.577
vn -0.577 -0.577 -0.577
vn -0.577 -0.577 -0.577
vn -0.577 -0.577 -0.577
vn -0.577 -0.577 -0.577
vn -0.577 -0.577 -0.577
vn -0.577 -0.577 -0.577
vn -0.577 -0.577 -0.577
vn 0.577 0.577 0.577
vn 0.577 0.577 0.577
vn -0.577 -0.577 -0.577
vn -0.577 -0.577 -0.577
vn 0.577 0.577 0.577
vn -0.577 -0.577 -0.577
vn 0.577 0.577 0.577
vn -0.577 -0.577 -0.577
vn -0.577 -0.577 -0.577
vn -0.577 -0.577 -0.577
vn -0.577 -0.577 -0.577
vn -0.577 -0.577 -0.577
vn -0.577 -0.577 -0.577
vn -0.577 -0.577 -0.577
vn 0.577 0.577 0.577
vn -0.577 -0.577 -0.577
vn 0.577 0.577 0.577
vn -0.577 -0.577 -0.577
vn 0.577 0.577 0.577
vn 0.577 0.577 0.577
vn -0.577 -0.577 -0.577
vn 0.577 0.577 0.577
vn -0.577 -0.577 -0.577
vn 0.577 0.577 0.577
vn -0.577 -0.577 -0.577
vn -0.577 -0.577 -0.577
vn -0.577 -0.577 -0.577
vn -0.577 -0.577 -0.577
vn -0.577 -0.577 -0.577
vn 0.577 0.577 0.577
vn 0.577 0.577 0.577
vn -0.577 -0.577 -0.577
vn 0.577 0.577 0.577
vn -0.577 -0.577 -0.577
vn 0.577 0.577 0.577
vn -0.577 -0.577 -0.577
vn 0.577 0.577 0.577
vn -0.577 -0.577 -0.577
vn -0.577 -0.577 -0.577
vn -0.577 -0.577 -0.577
vn -0.577 -0.577 -0.577
vn -0.577 -0.577 -0.577
vn -0.577 -0.577 -0.577
vn -0.577 -0.577 -0.577
vn -0.577 -0.577 -0.577
vn 0.577 0.577 0.577
vn -0.577 -0.577 -0.577
vn -0.577 -0.577 -0.577
vn -0.577 -0.577 -0.577
vn -0.577 -0.577 -0.577
vn -0.577 -0.577 -0.577
vn -0.577 -0.577 -0.577
vn -0.577 -0.577 -0.577
vn -0.577 -0.577 -0.577
vn -0.577 -0.577 -0.577
vn -0.577 -0.577 -0.577
vn -0.577 -0.577 -0.577
vn -0.577 -0.577 -0.577
vn -0.577 -0.577 -0.577
vn -0.577 -0.577 -0.577
vn -0.577 -0.577 -0.577
vn -0.577 -0.577 -0.577
vn -0.577 -0.577 -0.577
vn -0.577 -0.577 -0.577
vn -0.577 -0.577 -0.577
vn -0.577 -0.577 -0.577
vn -0.577 -0.577 -0.577
vn -0.577 -0.577 -0.577
vn -0.577 -0.577 -0.577
vn -0.577 -0.577 -0.577
vn -0.577 -0.577 -0.577
vn -0.577 -0.577 -0.577
vn -0.577 -0.577 -0.577
vn -0.577 -0.577 -0.577
vn -0.577 -0.577 -0.577
vn -0.577 -0.577 -0.577
vn -0.577 -0.577 -0.577
vn -0.577 -0.577 -0.577
vn -0.577 -0.577 -0.577
vn -0.577 -0.577 -0.577
vn -0.577 -0.577 -0.577
vn -0.577 -0.577 -0.577
vn -0.577 -0.577 -0.577
vn -0.577 -0.577 -0.577
vn -0.577 -0.577 -0.577
vn -0.577 -0.577 -0.577
vn -0.577 -0.577 -0.577
vn -0.577 -0.577 -0.577
vn -0.577 -0.577 -0.577
vn -0.577 -0.577 -0.577
vn -0.577 -0.577 -0.577
vn -0.577 -0.577 -0.577
vn -0.577 -0.577 -0.577
vn -0.577 -0.577 -0.577
vn -0.577 -0.577 -0.577
vn -0.577 -0.577 -0.577
vn -0.577 -0.577 -0.577
vn -0.577 -0.577 -0.577
vn -0.577 -0.577 -0.577
vn -0.577 -0.577 -0.577
vn -0.577 -0.577 -0.577
vn 0.577 0.577 0.577
vn 0.577 0.577 0.577
vn 0.577 0.577 0.577
vn -0.577 -0.577 -0.577
vn -0.577 -0.577 -0.577
vn -0.577 -0.577 -0.577
vn 0.577 0.577 0.577
vn -0.577 -0.577 -0.577
vn 0.577 0.577 0.577
vn 0.577 0.577 0.577
vn 0.577 0.577 0.577
vn 0.577 0.577 0.577
vn 0.577 0.577 0.577
vn 0.577 0.577 0.577
vn 0.577 0.577 0.577
vn 0.577 0.577 0.577
vn 0.577 0.577 0.577
vn 0.577 0.577 0.577
vn 0.577 0.577 0.577
vn 0.577 0.577 0.577
vn 0.577 0.577 0.577
vn 0.577 0.577 0.577
vn 0.577 0.577 0.577
vn 0.577 0.577 0.577
vn 0.577 0.577 0.577
vn -0.577 -0.577 -0.577
vn -0.577 -0.577 -0.577
vn 0.577 0.577 0.577
vn -0.577 -0.577 -0.577
vn 0.577 0.577 0.577
vn -0.577 -0.577 -0.577
vn 0.577 0.577 0.577
vn -0.577 -0.577 -0.577
vn 0.577 0.577 0.577
vn 0.577 0.577 0.577
vn 0.577 0.577 0.577
vn 0.577 0.577 0.577
vn 0.577 0.577 0.577
vn 0.577 0.577 0.577
vn 0.577 0.577 0.577
vn 0.577 0.577 0.577
vn 0.577 0.577 0.577
vn -0.577 -0.577 -0.577
vn -0.577 -0.577 -0.577
vn -0.577 -0.577 -0.577
vn 0.577 0.577 0.577
vn 0.577 0.577 0.577
vn 0.577 0.577 0.577
vn 0.577 0.577 0.577
vn 0.577 0.577 0.577
vn -0.577 -0.577 -0.577
vn -0.577 -0.577 -0.577
vn 0.577 0.577 0.577
vn 0.577 0.577 0.577
vn 0.577 0.577 0.577
vn -0.577 -0.577 -0.577
vn -0.577 -0.577 -0.577
vn -0.577 -0.577 -0.577
vn 0.577 0.577 0.577
vn -0.577 -0.577 -0.577
vn 0.577 0.577 0.577
vn 0.577 0.577 0.577
vn 0.577 0.577 0.577
vn 0.577 0.577 0.577
vn 0.577 0.577 0.577
vn 0.577 0.577 0.577
vn 0.577 0.577 0.577
vn 0.577 0.577 0.577
vn 0.577 0.577 0.577
vn 0.577 0.577 0.577
vn 0.577 0.577 0.577
vn 0.577 0.577 0.577
vn 0.577 0.577 0.577
vn 0.577 0.577 0.577
vn 0.577 0.577 0.577
vn 0.577 0.577 0.577
vn 0.577 0.577 0.577
vn -0.577 -0.577 -0.577
vn -0.577 -0.577 -0.577
vn 0.577 0.577 0.577
vn -0.577 -0.577 -0.577
vn 0.577 0.577 0.577
vn -0.577 -0.577 -0.577
vn 0.577 0.577 0.577
vn -0.577 -0.577 -0.577
vn 0.577 0.577 0.577
vn 0.577 0.577 0.577
vn 0.577 0.577 0.577
vn 0.577 0.577 0.577
vn 0.577 0.577 0.577
vn 0.577 0.577 0.577
vn 0.577 0.577 0.577
vn 0.577 0.577 0.577
vn 0.577 0.577 0.577
vn -0.577 -0.577 -0.577
vn -0.577 -0.577 -0.577
vn -0.577 -0.577 -0.577
vn 0.577 0.577 0.577
vn 0.577 0.577 0.577
vn 0.577 0.577 0.577
vn 0.577 0.577 0.577
vn 0.577 0.577 0.577
vn -0.577 -0.577 -0.577
vn -0.577 -0.577 -0.577
vn -0.577 -0.577 -0.577
vn -0.577 -0.577 -0.577
vn -0.577 -0.577 -0.577
vn -0.577 -0.577 -0.577
vn -0.577 -0.577 -0.577
vn -0.577 -0.577 -0.577
vn -0.577 -0.577 -0.577
vn -0.577 -0.577 -0.577
vn -0.577 -0.577 -0.577
vn -0.577 -0.577 -0.577
vn -0.577 -0.577 -0.577
vn -0.577 -0.577 -0.577
vn -0.577 -0.577 -0.577
vn -0.577 -0.577 -0.577
vn -0.577 -0.577 -0.577
vn -0.577 -0.577 -0.577
vn -0.577 -0.577 -0.577
vn -0.577 -0.577 -0.577
vn -0.577 -0.577 -0.577
vn -0.577 -0.577 -0.577
vn -0.577 -0.577 -0.577
vn -0.577 -0.577 -0.577
vn -0.577 -0.577 -0.577
vn -0.577 -0.577 -0.577
vn -0.577 -0.577 -0.577
vn -0.577 -0.577 -0.577
vn -0.577 -0.577 -0.577
vn -0.577 -0.577 -0.577
vn -0.577 -0.577 -0.577
vn -0.577 -0.577 -0.577
vn -0.577 -0.577 -0.577
vn -0.577 -0.577 -0.577
vn -0.577 -0.577 -0.577
vn -0.577 -0.577 -0.577
vn -0.577 -0.577 -0.577
vn -0.577 -0.577 -0.577
vn -0.577 -0.577 -0.577
vn -0.577 -0.577 -0.577
vn -0.577 -0.577 -0.577
vn -0.577 -0.577 -0.577
vn -0.577 -0.577 -0.577
vn -0.577 -0.577 -0.577
vn -0.577 -0.577 -0.577
vn -0.577 -0.577 -0.577
vn -0.577 -0.577 -0.577
vn -0.577 -0.577 -0.577
vn -0.577 -0.577 -0.577
vn -0.577 -0.577 -0.577
vn -0.577 -0.577 -0.577
vn -0.577 -0.577 -0.577
vn -0.577 -0.577 -0.577
vn -0.577 -0.577 -0.577
vn -0.577 -0.577 -0.577
vn -0.577 -0.577 -0.577
vn -0.577 -0.577 -0.577
vn -0.577 -0.577 -0.577
vn -0.577 -0.577 -0.577
vn -0.577 -0.577 -0.577
vn -0.577 -0.577 -0.577
vn -0.577 -0.577 -0.577
vn -0.577 -0.577 -0.577
vn -0.577 -0.577 -0.577
vn -0.577 -0.577 -0.577
vn -0.577 -0.577 -0.577
vn -0.577 -0.577 -0.577
vn -0.577 -0.577 -0.577
vn -0.577 -0.577 -0.577
vn -0.577 -0.577 -0.577
vn -0.577 -0.577 -0.577
vn -0.577 -0.577 -0.577
vn -0.577 -0.577 -0.577
vn -0.577 -0.577 -0.577
vn -0.577 -0.577 -0.577
vn -0.577 -0.577 -0.577
vn -0.577 -0.577 -0.577
vn -0.577 -0.577 -0.577
vn -0.577 -0.577 -0.577
vn -0.577 -0.577 -0.577
vn -0.577 -0.577 -0.577
vn -0.577 -0.577 -0.577
vn -0.577 -0.577 -0.577
vn -0.577 -0.577 -0.577
vn -0.577 -0.577 -0.577
vn -0.577 -0.577 -0.577
vn -0.577 -0.577 -0.577
vn -0.577 -0.577 -0.577
vn -0.577 -0.577 -0.577
vn -0.577 -0.577 -0.577
vn -0.577 -0.577 -0.577
vn -0.577 -0.577 -0.577
vn -0.577 -0.577 -0.577
vn -0.577 -0.577 -0.577
vn -0.577 -0.577 -0.577
vn -0.577 -0.577 -0.577
vn -0.577 -0.577 -0.577
vn -0.577 -0.577 -0.577
vn -0.577 -0.577 -0.577
vn -0.577 -0.577 -0.577
vn -0.577 -0.577 -0.577
vn -0.577 -0.577 -0.577
vn -0.577 -0.577 -0.577
vn -0.577 -0.577 -0.577
vn -0.577 -0.577 -0.577
vn -0.577 -0.577 -0.577
vn -0.577 -0.577 -0.577
vn -0.577 -0.577 -0.577
vn -0.577 -0.577 -0.577
vn -0.577 -0.577 -0.577
vn -0.577 -0.577 -0.577
vn -0.577 -0.577 -0.577
vn -0.577 -0.577 -0.577
vn -0.577 -0.577 -0.577
vn -0.577 -0.577 -0.577
vn -0.577 -0.577 -0.577
vn -0.577 -0.577 -0.577
vn -0.577 -0.577 -0.577
vn -0.577 -0.577 -0.577
vn -0.577 -0.577 -0.577
vn -0.577 -0.577 -0.577
vn -0.577 -0.577 -0.577
vn -0.577 -0.577 -0.577
vn -0.577 -0.577 -0.577
vn -0.577 -0.577 -0.577
vn -0.577 -0.577 -0.577
vn -0.577 -0.577 -0.577
vn -0.577 -0.577 -0.577
vn -0.577 -0.577 -0.577
vn -0.577 -0.577 -0.577
vn -0.577 -0.577 -0.577
vn -0.577 -0.577 -0.577
vn -0.577 -0.577 -0.577
vn -0.577 -0.577 -0.577
vn -0.577 -0.577 -0.577
vn -0.577 -0.577 -0.577
vn -0.577 -0.577 -0.577
vn -0.577 -0.577 -0.577
vn -0.577 -0.577 -0.577
vn -0.577 -0.577 -0.577
vn 0.577 0.577 0.577
vn -0.577 -0.577 -0.577
vn 0.577 0.577 0.577
vn -0.577 -0.577 -0.577
vn 0.577 0.577 0.577
vn -0.577 -0.577 -0.577
vn 0.577 0.577 0.577
vn -0.577 -0.577 -0.577
vn 0.577 0.577 0.577
vn -0.577 -0.577 -0.577
vn -0.577 -0.577 -0.577
vn -0.577 -0.577 -0.577
vn -0.577 -0.577 -0.577
vn -0.577 -0.577 -0.577
vn -0.577 -0.577 -0.577
vn -0.577 -0.577 -0.577
vn -0.577 -0.577 -0.577
vn -0.577 -0.577 -0.577
vn -0.577 -0.577 -0.577
vn -0.577 -0.577 -0.577
vn -0.577 -0.577 -0.577
vn -0.577 -0.577 -0.577
vn -0.577 -0.577 -0.577
vn -0.577 -0.577 -0.577
vn -0.577 -0.577 -0.577
vn -0.577 -0.577 -0.577
vn -0.577 -0.577 -0.577
vn -0.577 -0.577 -0.577
vn -0.577 -0.577 -0.577
vn -0.577 -0.577 -0.577
vn -0.577 -0.577 -0.577
vn -0.577 -0.577 -0.577
vn -0.577 -0.577 -0.577
vn -0.577 -0.577 -0.577
vn -0.577 -0.577 -0.577
vn -0.577 -0.577 -0.577
vn -0.577 -0.577 -0.577
vn -0.577 -0.577 -0.577
vn -0.577 -0.577 -0.577
vn -0.577 -0.577 -0.577
vn -0.577 -0.577 -0.577
vn -0.577 -0.577 -0.577
vn -0.577 -0.577 -0.577
vn -0.577 -0.577 -0.577
vn -0.577 -0.577 -0.577
vn -0.577 -0.577 -0.577
vn -0.577 -0.577 -0.577
vn -0.577 -0.577 -0.577
vn -0.577 -0.577 -0.577
vn -0.577 -0.577 -0.577
vn -0.577 -0.577 -0.577
vn -0.577 -0.577 -0.577
vn -0.577 -0.577 -0.577
vn -0.577 -0.577 -0.577
vn -0.577 -0.577 -0.577
vn -0.577 -0.577 -0.577
vn -0.577 -0.577 -0.577
vn -0.577 -0.577 -0.577
vn -0.577 -0.577 -0.577
vn -0.577 -0.577 -0.577
vn -0.577 -0.577 -0.577
vn -0.577 -0.577 -0.577
vn -0.577 -0.577 -0.577
vn -0.577 -0.577 -0.577
vn -0.577 -0.577 -0.577
vn -0.577 -0.577 -0.577
vn -0.577 -0.577 -0.577
vn -0.577 -0.577 -0.577
vn -0.577 -0.577 -0.577
vn -0.577 -0.577 -0.577
vn -0.577 -0.577 -0.577
vn -0.577 -0.577 -0.577
vn -0.577 -0.577 -0.577
vn -0.577 -0.577 -0.577
vn -0.577 -0.577 -0.577
vn -0.577 -0.577 -0.577
vn -0.577 -0.577 -0.577
vn -0.577 -0.577 -0.577
vn -0.577 -0.577 -0.577
vn -0.577 -0.577 -0.577
vn -0.577 -0.577 -0.577
vn -0.577 -0.577 -0.577
vn -0.577 -0.577 -0.577
vn -0.577 -0.577 -0.577
vn -0.577 -0.577 -0.577
vn -0.577 -0.577 -0.577
vn -0.577 -0.577 -0.577
vn -0.577 -0.577 -0.577
vn -0.577 -0.577 -0.577
vn -0.577 -0.577 -0.577
vn -0.577 -0.577 -0.577
vn -0.577 -0.577 -0.577
vn -0.577 -0.577 -0.577
vn -0.577 -0.577 -0.577
vn -0.577 -0.577 -0.577
vn -0.577 -0.577 -0.577
vn -0.577 -0.577 -0.577
vn -0.577 -0.577 -0.577
vn -0.577 -0.577 -0.577
vn -0.577 -0.577 -0.577
vn -0.577 -0.577 -0.577
vn -0.577 -0.577 -0.577
vn -0.577 -0.577 -0.577
vn -0.577 -0.577 -0.577
vn -0.577 -0.577 -0.577
vn -0.577 -0.577 -0.577
vn -0.577 -0.577 -0.577
vn -0.577 -0.577 -0.577
vn -0.577 -0.577 -0.577
vn -0.577 -0.577 -0.577
vn -0.577 -0.577 -0.577
vn -0.577 -0.577 -0.577
vn -0.577 -0.577 -0.577
vn -0.577 -0.577 -0.577
vn -0.577 -0.577 -0.577
vn -0.577 -0.577 -0.577
vn -0.577 -0.577 -0.577
vn -0.577 -0.577 -0.577
vn -0.577 -0.577 -0.577
vn -0.577 -0.577 -0.577
vn -0.577 -0.577 -0.577
vn -0.577 -0.577 -0.577
vn -0.577 -0.577 -0.577
vn -0.577 -0.577 -0.577
vn -0.577 -0.577 -0.577
vn -0.577 -0.577 -0.577
vn -0.577 -0.577 -0.577
vn -0.577 -0.577 -0.577
vn -0.577 -0.577 -0.577
vn -0.577 -0.577 -0.577
vn -0.577 -0.577 -0.577
vn -0.577 -0.577 -0.577
vn -0.577 -0.577 -0.577
vn -0.577 -0.577 -0.577
vn -0.577 -0.577 -0.577
vn -0.577 -0.577 -0.577
vn -0.577 -0.577 -0.577
vn -0.577 -0.577 -0.577
vn -0.577 -0.577 -0.577
vn -0.577 -0.577 -0.577
vn -0.577 -0.577 -0.577
vn -0.577 -0.577 -0.577
vn -0.577 -0.577 -0.577
vn -0.577 -0.577 -0.577
vn -0.577 -0.577 -0.577
vn -0.577 -0.577 -0.577
vn -0.577 -0.577 -0.577
vn -0.577 -0.577 -0.577
vn -0.577 -0.577 -0.577
vn -0.577 -0.577 -0.577
vn -0.577 -0.577 -0.577
vn -0.577 -0.577 -0.577
vn -0.577 -0.577 -0.577
vn -0.577 -0.577 -0.577
vn -0.577 -0.577 -0.577
vn -0.577 -0.577 -0.577
vn -0.577 -0.577 -0.577
vn -0.577 -0.577 -0.577
vn -0.577 -0.577 -0.577
vn -0.577 -0.577 -0.577
vn -0.577 -0.577 -0.577
vn -0.577 -0.577 -0.577
vn -0.577 -0.577 -0.577
vn -0.577 -0.577 -0.577
vn -0.577 -0.577 -0.577
vn -0.577 -0.577 -0.577
vn -0.577 -0.577 -0.577
vn -0.577 -0.577 -0.577
vn -0.577 -0.577 -0.577
vn -0.577 -0.577 -0.577
vn -0.577 -0.577 -0.577
vn -0.577 -0.577 -0.577
vn -0.577 -0.577 -0.577
vn -0.577 -0.577 -0.577
vn -0.577 -0.577 -0.577
vn -0.577 -0.577 -0.577
vn -0.577 -0.577 -0.577
vn -0.577 -0.577 -0.577
vn -0.577 -0.577 -0.577
vn -0.577 -0.577 -0.577
vn -0.577 -0.577 -0.577
vn -0.577 -0.577 -0.577
vn -0.577 -0.577 -0.577
vn -0.577 -0.577 -0.577
vn -0.577 -0.577 -0.577
vn -0.577 -0.577 -0.577
vn -0.577 -0.577 -0.577
vn -0.577 -0.577 -0.577
vn -0.577 -0.577 -0.577
vn -0.577 -0.577 -0.577
vn -0.577 -0.577 -0.577
vn -0.577 -0.577 -0.577
vn -0.577 -0.577 -0.577
vn -0.577 -0.577 -0.577
vn -0.577 -0.577 -0.577
vn -0.577 -0.577 -0.577
vn -0.577 -0.577 -0.577
vn -0.577 -0.577 -0.577
vn -0.577 -0.577 -0.577
vn -0.577 -0.577 -0.577
vn -0.577 -0.577 -0.577
vn -0.577 -0.577 -0.577
vn -0.577 -0.577 -0.577
vn -0.577 -0.577 -0.577
vn -0.577 -0.577 -0.577
vn -0.577 -0.577 -0.577
vn -0.577 -0.577 -0.577
vn -0.577 -0.577 -0.577
vn -0.577 -0.577 -0.577
vn -0.577 -0.577 -0.577
vn -0.577 -0.577 -0.577
vn -0.577 -0.577 -0.577
vn -0.577 -0.577 -0.577
vn -0.577 -0.577 -0.577
vn -0.577 -0.577 -0.577
vn -0.577 -0.577 -0.577
vn -0.577 -0.577 -0.577
vn -0.577 -0.577 -0.577
vn -0.577 -0.577 -0.577
vn -0.577 -0.577 -0.577
vn -0.577 -0.577 -0.577
vn -0.577 -0.577 -0.577
vn -0.577 -0.577 -0.577
vn -0.577 -0.577 -0.577
vn -0.577 -0.577 -0.577
vn -0.577 -0.577 -0.577
vn -0.577 -0.577 -0.577
vn -0.577 -0.577 -0.577
vn -0.577 -0.577 -0.577
vn -0.577 -0.577 -0.577
vn -0.577 -0.577 -0.577
vn -0.577 -0.577 -0.577
vn -0.577 -0.577 -0.577
vn -0.577 -0.577 -0.577
vn -0.577 -0.577 -0.577
vn -0.577 -0.577 -0.577
vn -0.577 -0.577 -0.577
vn -0.577 -0.577 -0.577
vn -0.577 -0.577 -0.577
vn -0.577 -0.577 -0.577
vn -0.577 -0.577 -0.577
vn -0.577 -0.577 -0.577
vn -0.577 -0.577 -0.577
vn -0.577 -0.577 -0.577
vn -0.577 -0.577 -0.577
vn -0.577 -0.577 -0.577
vn -0.577 -0.577 -0.577
vn -0.577 -0.577 -0.577
vn -0.577 -0.577 -0.577
vn -0.577 -0.577 -0.577
vn -0.577 -0.577 -0.577
vn -0.577 -0.577 -0.577
vn -0.577 -0.577 -0.577
vn -0.577 -0.577 -0.577
vn -0.577 -0.577 -0.577
vn -0.577 -0.577 -0.577
vn -0.577 -0.577 -0.577
vn -0.577 -0.577 -0.577
vn -0.577 -0.577 -0.577
vn -0.577 -0.577 -0.577
vn -0.577 -0.577 -0.577
vn -0.577 -0.577 -0.577
vn -0.577 -0.577 -0.577
vn -0.577 -0.577 -0.577
vn -0.577 -0.577 -0.577
vn -0.577 -0.577 -0.577
vn -0.577 -0.577 -0.577
vn -0.577 -0.577 -0.577
vn -0.577 -0.577 -0.577
vn -0.577 -0.577 -0.577
vn -0.577 -0.577 -0.577
vn -0.577 -0.577 -0.577
vn -0.577 -0.577 -0.577
vn -0.577 -0.577 -0.577
vn -0.577 -0.577 -0.577
vn -0.577 -0.577 -0.577
vn -0.577 -0.577 -0.577
vn -0.577 -0.577 -0.577
vn -0.577 -0.577 -0.577
vn -0.577 -0.577 -0.577
vn -0.577 -0.577 -0.577
vn -0.577 -0.577 -0.577
vn -0.577 -0.577 -0.577
vn -0.577 -0.577 -0.577
vn -0.577 -0.577 -0.577
vn -0.577 -0.577 -0.577
vn -0.577 -0.577 -0.577
vn -0.577 -0.577 -0.577
vn -0.577 -0.577 -0.577
vn -0.577 -0.577 -0.577
vn -0.577 -0.577 -0.577
vn -0.577 -0.577 -0.577
vn -0.577 -0.577 -0.577
vn -0.577 -0.577 -0.577
vn -0.577 -0.577 -0.577
vn -0.577 -0.577 -0.577
vn -0.577 -0.577 -0.577
vn -0.577 -0.577 -0.577
vn -0.577 -0.577 -0.577
vn -0.577 -0.577 -0.577
vn -0.577 -0.577 -0.577
vn -0.577 -0.577 -0.577
vn -0.577 -0.577 -0.577
vn -0.577 -0.577 -0.577
vn -0.577 -0.577 -0.577
vn -0.577 -0.577 -0.577
vn -0.577 -0.577 -0.577
vn -0.577 -0.577 -0.577
vn -0.577 -0.577 -0.577
vn -0.577 -0.577 -0.577
vn -0.577 -0.577 -0.577
vn -0.577 -0.577 -0.577
vn -0.577 -0.577 -0.577
vn -0.577 -0.577 -0.577
vn -0.577 -0.577 -0.577
vn -0.577 -0.577 -0.577
vn -0.577 -0.577 -0.577
vn -0.577 -0.577 -0.577
vn -0.577 -0.577 -0.577
vn -0.577 -0.577 -0.577
vn -0.577 -0.577 -0.577
vn -0.577 -0.577 -0.577
vn -0.577 -0.577 -0.577
vn -0.577 -0.577 -0.577
vn -0.577 -0.577 -0.577
vn -0.577 -0.577 -0.577
vn -0.577 -0.577 -0.577
vn -0.577 -0.577 -0.577
vn -0.577 -0.577 -0.577
vn -0.577 -0.577 -0.577
vn -0.577 -0.577 -0.577
vn -0.577 -0.577 -0.577
vn -0.577 -0.577 -0.577
vn -0.577 -0.577 -0.577
vn -0.577 -0.577 -0.577
vn -0.577 -0.577 -0.577
vn -0.577 -0.577 -0.577
vn -0.577 -0.577 -0.577
vn -0.577 -0.577 -0.577
vn -0.577 -0.577 -0.577
vn -0.577 -0.577 -0.577
vn -0.577 -0.577 -0.577
vn -0.577 -0.577 -0.577
vn -0.577 -0.577 -0.577
vn -0.577 -0.577 -0.577
vn -0.577 -0.577 -0.577
vn -0.577 -0.577 -0.577
vn -0.577 -0.577 -0.577
vn -0.577 -0.577 -0.577
vn -0.577 -0.577 -0.577
vn -0.577 -0.577 -0.577
vn -0.577 -0.577 -0.577
vn -0.577 -0.577 -0.577
vn -0.577 -0.577 -0.577
vn -0.577 -0.577 -0.577
vn -0.577 -0.577 -0.577
vn -0.577 -0.577 -0.577
vn -0.577 -0.577 -0.577
vn -0.577 -0.577 -0.577
vn -0.577 -0.577 -0.577
vn -0.577 -0.577 -0.577
vn -0.577 -0.577 -0.577
vn -0.577 -0.577 -0.577
vn -0.577 -0.577 -0.577
vn -0.577 -0.577 -0.577
vn -0.577 -0.577 -0.577
vn -0.577 -0.577 -0.577
vn -0.577 -0.577 -0.577
vn -0.577 -0.577 -0.577
vn -0.577 -0.577 -0.577
vn -0.577 -0.577 -0.577
vn -0.577 -0.577 -0.577
vn -0.577 -0.577 -0.577
vn -0.577 -0.577 -0.577
vn -0.577 -0.577 -0.577
vn -0.577 -0.577 -0.577
vn -0.577 -0.577 -0.577
vn -0.577 -0.577 -0.577
vn -0.577 -0.577 -0.577
vn -0.577 -0.577 -0.577
vn -0.577 -0.577 -0.577
vn -0.577 -0.577 -0.577
vn -0.577 -0.577 -0.577
vn -0.577 -0.577 -0.577
vn -0.577 -0.577 -0.577
vn -0.577 -0.577 -0.577
vn -0.577 -0.577 -0.577
vn -0.577 -0.577 -0.577
vn -0.577 -0.577 -0.577
vn -0.577 -0.577 -0.577
vn -0.577 -0.577 -0.577
vn -0.577 -0.577 -0.577
vn -0.577 -0.577 -0.577
vn -0.577 -0.577 -0.577
vn -0.577 -0.577 -0.577
vn -0.577 -0.577 -0.577
vn -0.577 -0.577 -0.577
vn -0.577 -0.577 -0.577
vn -0.577 -0.577 -0.577
vn -0.577 -0.577 -0.577
vn -0.577 -0.577 -0.577
vn -0.577 -0.577 -0.577
vn -0.577 -0.577 -0.577
vn -0.577 -0.577 -0.577
vn -0.577 -0.577 -0.577
vn -0.577 -0.577 -0.577
vn -0.577 -0.577 -0.577
vn -0.577 -0.577 -0.577
vn -0.577 -0.577 -0.577
vn -0.577 -0.577 -0.577
vn -0.577 -0.577 -0.577
vn -0.577 -0.577 -0.577
vn -0.577 -0.577 -0.577
vn -0.577 -0.577 -0.577
vn -0.577 -0.577 -0.577
vn -0.577 -0.577 -0.577
vn -0.577 -0.577 -0.577
vn -0.577 -0.577 -0.577
vn -0.577 -0.577 -0.577
vn -0.577 -0.577 -0.577
vn -0.577 -0.577 -0.577
vn -0.577 -0.577 -0.577
vn -0.577 -0.577 -0.577
vn -0.577 -0.577 -0.577
vn -0.577 -0.577 -0.577
vn -0.577 -0.577 -0.577
vn -0.577 -0.577 -0.577
vn -0.577 -0.577 -0.577
vn -0.577 -0.577 -0.577
vn -0.577 -0.577 -0.577
vn -0.577 -0.577 -0.577
vn -0.577 -0.577 -0.577
vn -0.577 -0.577 -0.577
vn -0.577 -0.577 -0.577
vn -0.577 -0.577 -0.577
vn -0.577 -0.577 -0.577
vn -0.577 -0.577 -0.577
vn -0.577 -0.577 -0.577
vn -0.577 -0.577 -0.577
vn -0.577 -0.577 -0.577
vn -0.577 -0.577 -0.577
vn -0.577 -0.577 -0.577
vn -0.577 -0.577 -0.577
vn -0.577 -0.577 -0.577
vn -0.577 -0.577 -0.577
vn -0.577 -0.577 -0.577
vn -0.577 -0.577 -0.577
vn -0.577 -0.577 -0.577
vn -0.577 -0.577 -0.577
vn -0.577 -0.577 -0.577
vn -0.577 -0.577 -0.577
vn -0.577 -0.577 -0.577
vn -0.577 -0.577 -0.577
vn -0.577 -0.577 -0.577
vn -0.577 -0.577 -0.577
vn -0.577 -0.577 -0.577
vn -0.577 -0.577 -0.577
vn -0.577 -0.577 -0.577
vn -0.577 -0.577 -0.577
vn -0.577 -0.577 -0.577
vn -0.577 -0.577 -0.577
vn -0.577 -0.577 -0.577
vn -0.577 -0.577 -0.577
vn -0.577 -0.577 -0.577
vn -0.577 -0.577 -0.577
vn -0.577 -0.577 -0.577
vn -0.577 -0.577 -0.577
vn -0.577 -0.577 -0.577
vn -0.577 -0.577 -0.577
vn -0.577 -0.577 -0.577
vn -0.577 -0.577 -0.577
vn -0.577 -0.577 -0.577
vn -0.577 -0.577 -0.577
vn -0.577 -0.577 -0.577
vn -0.577 -0.577 -0.577
vn -0.577 -0.577 -0.577
vn -0.577 -0.577 -0.577
vn -0.577 -0.577 -0.577
vn -0.577 -0.577 -0.577
vn -0.577 -0.577 -0.577
vn -0.577 -0.577 -0.577
vn -0.577 -0.577 -0.577
vn -0.577 -0.577 -0.577
vn -0.577 -0.577 -0.577
vn -0.577 -0.577 -0.577
vn -0.577 -0.577 -0.577
vn -0.577 -0.577 -0.577
vn -0.577 -0.577 -0.577
vn -0.577 -0.577 -0.577
vn -0.577 -0.577 -0.577
vn -0.577 -0.577 -0.577
vn -0.577 -0.577 -0.577
vn -0.577 -0.577 -0.577
vn -0.577 -0.577 -0.577
vn -0.577 -0.577 -0.577
vn -0.577 -0.577 -0.577
vn -0.577 -0.577 -0.577
vn -0.577 -0.577 -0.577
vn -0.577 -0.577 -0.577
vn -0.577 -0.577 -0.577
vn -0.577 -0.577 -0.577
vn -0.577 -0.577 -0.577
vn -0.577 -0.577 -0.577
vn -0.577 -0.577 -0.577
vn -0.577 -0.577 -0.577
vn -0.577 -0.577 -0.577
vn -0.577 -0.577 -0.577
vn -0.577 -0.577 -0.577
vn -0.577 -0.577 -0.577
vn -0.577 -0.577 -0.577
vn -0.577 -0.577 -0.577
vn -0.577 -0.577 -0.577
vn -0.577 -0.577 -0.577
vn -0.577 -0.577 -0.577
vn -0.577 -0.577 -0.577
vn -0.577 -0.577 -0.577
vn -0.577 -0.577 -0.577
vn -0.577 -0.577 -0.577
vn -0.577 -0.577 -0.577
vn -0.577 -0.577 -0.577
vn -0.577 -0.577 -0.577
vn -0.577 -0.577 -0.577
vn -0.577 -0.577 -0.577
vn -0.577 -0.577 -0.577
vn -0.577 -0.577 -0.577
vn -0.577 -0.577 -0.577
vn -0.577 -0.577 -0.577
vn -0.577 -0.577 -0.577
vn -0.577 -0.577 -0.577
vn -0.577 -0.577 -0.577
vn -0.577 -0.577 -0.577
vn -0.577 -0.577 -0.577
vn -0.577 -0.577 -0.577
vn -0.577 -0.577 -0.577
vn -0.577 -0.577 -0.577
vn -0.577 -0.577 -0.577
vn -0.577 -0.577 -0.577
vn -0.577 -0.577 -0.577
vn -0.577 -0.577 -0.577
vn -0.577 -0.577 -0.577
vn -0.577 -0.577 -0.577
vn -0.577 -0.577 -0.577
vn -0.577 -0.577 -0.577
vn -0.577 -0.577 -0.577
vn -0.577 -0.577 -0.577
vn -0.577 -0.577 -0.577
vn -0.577 -0.577 -0.577
vn -0.577 -0.577 -0.577
vn -0.577 -0.577 -0.577
vn -0.577 -0.577 -0.577
vn -0.577 -0.577 -0.577
vn -0.577 -0.577 -0.577
vn -0.577 -0.577 -0.577
vn -0.577 -0.577 -0.577
vn -0.577 -0.577 -0.577
vn -0.577 -0.577 -0.577
vn -0.577 -0.577 -0.577
vn -0.577 -0.577 -0.577
vn -0.577 -0.577 -0.577
vn -0.577 -0.577 -0.577
vn -0.577 -0.577 -0.577
vn -0.577 -0.577 -0.577
vn -0.577 -0.577 -0.577
vn -0.577 -0.577 -0.577
vn -0.577 -0.577 -0.577
vn -0.577 -0.577 -0.577
vn -0.577 -0.577 -0.577
vn -0.577 -0.577 -0.577
vn -0.577 -0.577 -0.577
vn -0.577 -0.577 -0.577
vn -0.577 -0.577 -0.577
vn -0.577 -0.577 -0.577
vn -0.577 -0.577 -0.577
vn -0.577 -0.577 -0.577
vn -0.577 -0.577 -0.577
vn -0.577 -0.577 -0.577
vn -0.577 -0.577 -0.577
vn -0.577 -0.577 -0.577
vn -0.577 -0.577 -0.577
vn -0.577 -0.577 -0.577
vn -0.577 -0.577 -0.577
vn -0.577 -0.577 -0.577
vn -0.577 -0.577 -0.577
vn -0.577 -0.577 -0.577
vn -0.577 -0.577 -0.577
vn -0.577 -0.577 -0.577
vn -0.577 -0.577 -0.577
vn -0.577 -0.577 -0.577
vn -0.577 -0.577 -0.577
vn -0.577 -0.577 -0.577
vn -0.577 -0.577 -0.577
vn -0.577 -0.577 -0.577
vn -0.577 -0.577 -0.577
vn -0.577 -0.577 -0.577
vn -0.577 -0.577 -0.577
vn -0.577 -0.577 -0.577
vn -0.577 -0.577 -0.577
vn -0.577 -0.577 -0.577
vn -0.577 -0.577 -0.577
vn -0.577 -0.577 -0.577
vn -0.577 -0.577 -0.577
vn -0.577 -0.577 -0.577
vn -0.577 -0.577 -0.577
vn -0.577 -0.577 -0.577
vn -0.577 -0.577 -0.577
vn -0.577 -0.577 -0.577
vn -0.577 -0.577 -0.577
vn -0.577 -0.577 -0.577
vn -0.577 -0.577 -0.577
vn -0.577 -0.577 -0.577
vn -0.577 -0.577 -0.577
vn -0.577 -0.577 -0.577
vn -0.577 -0.577 -0.577
vn -0.577 -0.577 -0.577
vn -0.577 -0.577 -0.577
vn -0.577 -0.577 -0.577
vn -0.577 -0.577 -0.577
vn -0.577 -0.577 -0.577
vn -0.577 -0.577 -0.577
vn -0.577 -0.577 -0.577
vn -0.577 -0.577 -0.577
vn -0.577 -0.577 -0.577
vn -0.577 -0.577 -0.577
vn -0.577 -0.577 -0.577
vn -0.577 -0.577 -0.577
vn -0.577 -0.577 -0.577
vn -0.577 -0.577 -0.577
vn -0.577 -0.577 -0.577
vn -0.577 -0.577 -0.577
vn -0.577 -0.577 -0.577
vn -0.577 -0.577 -0.577
vn -0.577 -0.577 -0.577
vn -0.577 -0.577 -0.577
vn -0.577 -0.577 -0.577
vn -0.577 -0.577 -0.577
vn -0.577 -0.577 -0.577
vn -0.577 -0.577 -0.577
vn -0.577 -0.577 -0.577
vn -0.577 -0.577 -0.577
vn -0.577 -0.577 -0.577
vn -0.577 -0.577 -0.577
vn -0.577 -0.577 -0.577
vn -0.577 -0.577 -0.577
vn -0.577 -0.577 -0.577
vn -0.577 -0.577 -0.577
vn -0.577 -0.577 -0.577
vn -0.577 -0.577 -0.577
vn -0.577 -0.577 -0.577
vn -0.577 -0.577 -0.577
vn -0.577 -0.577 -0.577
vn -0.577 -0.577 -0.577
vn -0.577 -0.577 -0.577
vn -0.577 -0.577 -0.577
vn -0.577 -0.577 -0.577
vn -0.577 -0.577 -0.577
vn -0.577 -0.577 -0.577
vn -0.577 -0.577 -0.577
vn -0.577 -0.577 -0.577
vn -0.577 -0.577 -0.577
vn -0.577 -0.577 -0.577
vn -0.577 -0.577 -0.577
vn -0.577 -0.577 -0.577
vn -0.577 -0.577 -0.577
vn -0.577 -0.577 -0.577
vn -0.577 -0.577 -0.577
vn -0.577 -0.577 -0.577
vn -0.577 -0.577 -0.577
vn -0.577 -0.577 -0.577
vn -0.577 -0.577 -0.577
vn -0.577 -0.577 -0.577
vn -0.577 -0.577 -0.577
vn -0.577 -0.577 -0.577
vn -0.577 -0.577 -0.577
vn -0.577 -0.577 -0.577
vn -0.577 -0.577 -0.577
vn -0.577 -0.577 -0.577
vn -0.577 -0.577 -0.577
vn -0.577 -0.577 -0.577
vn -0.577 -0.577 -0.577
vn -0.577 -0.577 -0.577
vn -0.577 -0.577 -0.577
vn -0.577 -0.577 -0.577
vn -0.577 -0.577 -0.577
vn -0.577 -0.577 -0.577
vn -0.577 -0.577 -0.577
vn -0.577 -0.577 -0.577
vn -0.577 -0.577 -0.577
vn -0.577 -0.577 -0.577
vn -0.577 -0.577 -0.577
vn -0.577 -0.577 -0.577
vn -0.577 -0.577 -0.577
vn -0.577 -0.577 -0.577
vn -0.577 -0.577 -0.577
vn -0.577 -0.577 -0.577
vn -0.577 -0.577 -0.577
vn -0.577 -0.577 -0.577
vn -0.577 -0.577 -0.577
vn -0.577 -0.577 -0.577
vn -0.577 -0.577 -0.577
vn -0.577 -0.577 -0.577
vn -0.577 -0.577 -0.577
vn -0.577 -0.577 -0.577
vn -0.577 -0.577 -0.577
vn -0.577 -0.577 -0.577
vn -0.577 -0.577 -0.577
vn -0.577 -0.577 -0.577
vn -0.577 -0.577 -0.577
vn -0.577 -0.577 -0.577
vn -0.577 -0.577 -0.577
vn -0.577 -0.577 -0.577
vn -0.577 -0.577 -0.577
vn -0.577 -0.577 -0.577
vn -0.577 -0.577 -0.577
vn -0.577 -0.577 -0.577
vn -0.577 -0.577 -0.577
vn -0.577 -0.577 -0.577
vn -0.577 -0.577 -0.577
vn -0.577 -0.577 -0.577
vn -0.577 -0.577 -0.577
vn -0.577 -0.577 -0.577
vn -0.577 -0.577 -0.577
vn -0.577 -0.577 -0.577
vn -0.577 -0.577 -0.577
vn -0.577 -0.577 -0.577
vn -0.577 -0.577 -0.577
vn -0.577 -0.577 -0.577
vn -0.577 -0.577 -0.577
vn -0.577 -0.577 -0.577
vn -0.577 -0.577 -0.577
vn -0.577 -0.577 -0.577
vn -0.577 -0.577 -0.577
vn -0.577 -0.577 -0.577
vn -0.577 -0.577 -0.577
vn -0.577 -0.577 -0.577
vn -0.577 -0.577 -0.577
vn -0.577 -0.577 -0.577
vn -0.577 -0.577 -0.577
vn -0.577 -0.577 -0.577
vn -0.577 -0.577 -0.577
vn -0.577 -0.577 -0.577
vn -0.577 -0.577 -0.577
vn -0.577 -0.577 -0.577
vn -0.577 -0.577 -0.577
vn -0.577 -0.577 -0.577
vn -0.577 -0.577 -0.577
vn -0.577 -0.577 -0.577
vn -0.577 -0.577 -0.577
vn -0.577 -0.577 -0.577
vn -0.577 -0.577 -0.577
vn -0.577 -0.577 -0.577
vn -0.577 -0.577 -0.577
vn -0.577 -0.577 -0.577
vn -0.577 -0.577 -0.577
vn -0.577 -0.577 -0.577
vn -0.577 -0.577 -0.577
vn -0.577 -0.577 -0.577
vn -0.577 -0.577 -0.577
vn -0.577 -0.577 -0.577
vn -0.577 -0.577 -0.577
vn -0.577 -0.577 -0.577
vn -0.577 -0.577 -0.577
vn -0.577 -0.577 -0.577
vn -0.577 -0.577 -0.577
vn -0.577 -0.577 -0.577
vn -0.577 -0.577 -0.577
vn -0.577 -0.577 -0.577
vn -0.577 -0.577 -0.577
vn -0.577 -0.577 -0.577
vn -0.577 -0.577 -0.577
vn -0.577 -0.577 -0.577
vn -0.577 -0.577 -0.577
vn -0.577 -0.577 -0.577
vn -0.577 -0.577 -0.577
vn -0.577 -0.577 -0.577
vn -0.577 -0.577 -0.577
vn -0.577 -0.577 -0.577
vn -0.577 -0.577 -0.577
vn -0.577 -0.577 -0.577
vn -0.577 -0.577 -0.577
vn -0.577 -0.577 -0.577
vn -0.577 -0.577 -0.577
vn -0.577 -0.577 -0.577
vn -0.577 -0.577 -0.577
vn -0.577 -0.577 -0.577
vn -0.577 -0.577 -0.577
vn -0.577 -0.577 -0.577
vn -0.577 -0.577 -0.577
vn -0.577 -0.577 -0.577
vn -0.577 -0.577 -0.577
vn -0.577 -0.577 -0.577
vn -0.577 -0.577 -0.577
vn -0.577 -0.577 -0.577
vn -0.577 -0.577 -0.577
vn -0.577 -0.577 -0.577
vn -0.577 -0.577 -0.577
vn -0.577 -0.577 -0.577
vn -0.577 -0.577 -0.577
vn -0.577 -0.577 -0.577
vn -0.577 -0.577 -0.577
vn -0.577 -0.577 -0.577
vn -0.577 -0.577 -0.577
vn -0.577 -0.577 -0.577
vn -0.577 -0.577 -0.577
vn -0.577 -0.577 -0.577
vn -0.577 -0.577 -0.577
vn -0.577 -0.577 -0.577
vn -0.577 -0.577 -0.577
vn -0.577 -0.577 -0.577
vn -0.577 -0.577 -0.577
vn -0.577 -0.577 -0.577
vn -0.577 -0.577 -0.577
vn -0.577 -0.577 -0.577
vn -0.577 -0.577 -0.577
vn -0.577 -0.577 -0.577
vn -0.577 -0.577 -0.577
vn -0.577 -0.577 -0.577
vn -0.577 -0.577 -0.577
vn -0.577 -0.577 -0.577
vn -0.577 -0.577 -0.577
vn -0.577 -0.577 -0.577
vn -0.577 -0.577 -0.577
vn -0.577 -0.577 -0.577
vn -0.577 -0.577 -0.577
vn -0.577 -0.577 -0.577
vn -0.577 -0.577 -0.577
vn -0.577 -0.577 -0.577
vn -0.577 -0.577 -0.577
vn -0.577 -0.577 -0.577
vn -0.577 -0.577 -0.577
vn -0.577 -0.577 -0.577
vn -0.577 -0.577 -0.577
vn -0.577 -0.577 -0.577
vn -0.577 -0.577 -0.577
vn -0.577 -0.577 -0.577
vn -0.577 -0.577 -0.577
vn -0.577 -0.577 -0.577
vn -0.577 -0.577 -0.577
vn -0.577 -0.577 -0.577
vn -0.577 -0.577 -0.577
vn -0.577 -0.577 -0.577
vn -0.577 -0.577 -0.577
vn -0.577 -0.577 -0.577
vn -0.577 -0.577 -0.577
vn -0.577 -0.577 -0.577
vn -0.577 -0.577 -0.577
vn -0.577 -0.577 -0.577
vn -0.577 -0.577 -0.577
vn -0.577 -0.577 -0.577
vn -0.577 -0.577 -0.577
vn -0.577 -0.577 -0.577
usemtl tex_1794_lit_w11
f 1/1/1 2/2/2 3/3/3
f 3/3/3 4/4/4 1/1/1
f 5/5/5 1/1/1 4/4/4
f 6/6/6 1/1/1 5/5/5
f 6/6/6 5/5/5 7/7/7
f 8/8/8 6/6/6 7/7/7
f 8/8/8 7/7/7 9/9/9
f 10/10/10 8/8/8 9/9/9
usemtl tex_1793_lit_w11
f 11/11/11 12/12/12 13/13/13
usemtl tex_1797_lit_w11
f 14/14/14 15/15/15 16/16/16
f 17/17/17 18/14/18 19/16/19
f 17/17/17 19/16/19 20/18/20
f 21/19/21 17/17/17 20/18/20
f 21/19/21 20/18/20 22/20/22
f 23/21/23 21/19/21 22/20/22
f 23/21/23 22/20/22 24/22/24
usemtl tex_1798_lit_w11
f 25/23/25 26/24/26 27/25/27
f 28/26/28 26/24/26 29/27/29
usemtl tex_1794_lit_w11
f 30/2/30 31/28/31 32/3/32
usemtl tex_1793_lit_w11
f 33/11/33 34/13/34 35/29/35
f 36/30/36 37/31/37 38/32/38
f 38/32/38 37/31/37 39/33/39
f 38/32/38 39/33/39 40/34/40
f 40/34/40 39/33/39 41/35/41
f 41/35/41 39/33/39 42/36/42
f 41/35/41 42/36/42 43/37/43
f 43/37/43 42/36/42 44/38/44
f 44/38/44 42/36/42 34/13/34
f 44/38/44 34/13/34 45/39/45
f 45/39/45 34/13/34 46/40/46
f 46/40/46 34/13/34 47/12/47
f 46/40/46 47/12/47 48/41/48
usemtl tex_1507_lit
f 49/42/49 50/43/50 51/44/51
f 51/44/51 52/45/52 49/42/49
f 53/46/53 54/47/54 50/43/50
f 49/42/49 53/46/53 50/43/50
f 54/47/54 53/46/53 55/48/55
f 55/48/55 56/49/56 54/47/54
f 55/48/55 57/50/57 58/51/58
f 58/51/58 56/49/56 55/48/55
f 57/50/57 59/52/59 60/53/60
f 60/53/60 58/51/58 57/50/57
f 61/54/61 60/53/60 59/52/59
f 60/53/60 61/54/61 62/55/62
f 63/56/63 62/55/62 61/54/61
f 63/56/63 64/57/64 62/55/62
f 65/56/65 66/58/66 67/57/67
f 66/58/66 65/56/65 68/59/68
f 69/60/69 66/58/66 68/59/68
f 69/60/69 68/59/68 70/61/70
f 70/61/70 71/62/71 69/60/69
f 72/63/72 69/60/69 71/62/71
f 73/42/73 74/45/74 75/64/75
f 73/42/73 75/64/75 76/46/76
f 76/46/76 75/64/75 77/65/77
f 77/65/77 78/48/78 76/46/76
f 77/65/77 79/50/79 78/48/78
f 77/65/77 80/66/80 79/50/79
f 81/54/81 82/56/82 83/56/83
f 81/54/81 83/56/83 84/54/84
f 81/54/81 84/54/84 85/52/85
f 85/52/85 86/52/86 81/54/81
f 87/50/87 86/52/86 85/52/85
f 87/50/87 88/66/88 86/52/86
f 89/67/89 90/68/90 91/62/91
f 89/67/89 91/62/91 92/61/92
f 89/67/89 92/61/92 93/59/93
f 93/59/93 94/69/94 89/67/89
f 83/56/83 94/69/94 93/59/93
f 83/56/83 82/56/82 94/69/94
f 98/60/98 95/63/95 97/70/97
f 99/58/99 98/60/98 97/70/97
f 97/70/97 100/71/100 99/58/99
f 100/71/100 101/72/101 102/72/102
f 99/58/99 100/71/100 103/57/103
f 102/72/102 101/72/101 104/55/104
f 105/55/105 102/72/102 104/55/104
f 106/53/106 105/55/105 104/55/104
f 104/55/104 107/53/107 106/53/106
f 107/53/107 108/73/108 109/51/109
f 106/53/106 107/53/107 109/51/109
f 109/51/109 108/73/108 110/74/110
f 111/49/111 112/51/112 113/74/113
f 114/47/114 111/49/111 113/74/113
f 113/74/113 115/75/115 114/47/114
f 114/47/114 115/75/115 116/43/116
f 115/75/115 117/44/117 116/43/116
usemtl tex_1795_lit_w11
f 118/76/118 119/77/119 120/78/120
f 120/78/120 119/77/119 121/79/121
f 121/79/121 119/77/119 122/80/122
f 123/81/123 118/76/118 120/78/120
f 123/81/123 124/82/124 118/76/118
f 125/83/125 122/80/122 119/77/119
f 125/83/125 119/77/119 126/84/126
f 127/84/127 128/77/128 129/85/129
f 129/85/129 128/77/128 130/76/130
f 131/82/131 129/85/129 130/76/130
f 132/78/132 133/86/133 134/81/134
f 135/87/135 133/86/133 132/78/132
f 136/79/136 135/87/135 132/78/132
f 137/88/137 135/87/135 136/79/136
f 138/80/138 137/88/137 136/79/136
f 139/89/139 137/88/137 138/80/138
f 140/83/140 139/89/139 138/80/138
f 141/90/141 139/89/139 140/83/140
f 127/84/127 141/90/141 140/83/140
f 142/91/142 141/90/141 127/84/127
f 129/85/129 142/91/142 127/84/127
f 143/92/143 144/91/144 145/85/145
f 146/82/146 143/92/143 145/85/145
f 147/93/147 143/92/143 146/82/146
usemtl tex_1795_lit_w11_ovl
f 148/81/148 147/93/147 146/82/146
usemtl tex_1795_lit_w11
f 149/86/149 147/93/147 148/81/148
usemtl tex_1797_lit_w11
f 150/94/150 151/95/151 152/96/152
f 152/96/152 153/97/153 150/94/150
usemtl tex_1798_lit_w11
f 154/98/154 155/99/155 156/98/156
f 156/98/156 155/99/155 157/100/157
f 158/101/158 156/98/156 157/100/157
usemtl tex_1797_lit_w11
f 159/96/159 160/95/160 161/102/161
f 162/103/162 159/96/159 161/102/161
f 162/103/162 161/102/161 163/104/163
usemtl tex_1798_lit_w11
f 164/105/164 165/101/165 166/100/166
f 167/106/167 164/105/164 168/107/168
f 167/106/167 165/101/165 164/105/164
f 169/108/169 168/107/168 170/109/170
f 170/109/170 171/110/171 169/108/169
usemtl tex_1797_lit_w11
f 172/111/172 173/112/173 174/113/174
f 175/103/175 176/104/176 177/114/177
usemtl tex_1798_lit_w11
f 178/107/178 179/108/179 180/106/180
f 180/106/180 181/115/181 182/101/182
f 183/116/183 181/115/181 180/106/180
f 179/108/179 183/116/183 180/106/180
f 184/117/184 183/116/183 179/108/179
f 185/110/185 184/117/184 179/108/179
f 186/117/186 184/117/184 185/110/185
usemtl tex_1797_lit_w11
f 176/104/176 187/118/187 188/119/188
f 189/120/189 187/118/187 176/104/176
f 190/102/190 189/120/189 176/104/176
f 191/121/191 192/120/192 193/102/193
f 194/95/194 191/121/191 193/102/193
f 195/122/195 191/121/191 194/95/194
f 196/94/196 195/122/195 194/95/194
f 197/123/197 195/122/195 196/94/196
usemtl tex_1798_lit_w11
f 198/101/198 199/124/199 200/98/200
f 201/115/201 199/124/199 198/101/198
f 202/125/202 203/126/203 201/115/201
f 202/125/202 201/115/201 204/116/204
f 205/127/205 202/125/202 204/116/204
f 205/127/205 204/116/204 206/117/206
f 199/124/199 201/115/201 203/126/203
usemtl tex_1797_lit_w11
f 207/123/207 208/128/208 209/129/209
f 210/122/210 207/123/207 209/129/209
f 211/121/211 210/122/210 209/129/209
f 209/129/209 212/130/212 211/121/211
f 212/130/212 213/120/213 211/121/211
f 214/131/214 213/120/213 212/130/212
f 213/120/213 214/131/214 215/118/215
f 215/118/215 214/131/214 216/132/216
usemtl tex_1798_lit_w11
f 217/133/217 218/134/218 219/135/219
f 220/117/220 221/136/221 222/127/222
usemtl tex_1794_lit_w11
f 223/137/223 224/138/224 225/139/225
f 226/140/226 224/138/224 227/141/227
f 226/140/226 227/141/227 228/142/228
f 228/142/228 227/141/227 229/143/229
f 228/142/228 229/143/229 230/144/230
f 230/144/230 229/143/229 231/145/231
f 230/144/230 231/145/231 232/146/232
f 232/146/232 231/145/231 233/147/233
f 232/146/232 233/147/233 234/148/234
f 234/148/234 233/147/233 235/149/235
f 234/148/234 235/149/235 236/150/236
f 236/150/236 235/149/235 237/151/237
f 236/150/236 237/151/237 238/152/238
f 239/152/239 240/151/240 241/153/241
f 239/152/239 241/153/241 242/137/242
f 242/137/242 241/153/241 243/138/243
f 244/144/244 245/146/245 246/154/246
f 247/155/247 244/144/244 246/154/246
f 247/155/247 248/156/248 244/144/244
f 248/156/248 249/142/249 244/144/244
f 250/140/250 249/142/249 248/156/248
f 251/157/251 250/140/250 248/156/248
f 252/158/252 250/140/250 251/157/251
f 253/159/253 254/160/254 255/161/255
f 255/161/255 254/160/254 256/162/256
f 255/161/255 256/162/256 257/163/257
f 257/163/257 256/162/256 258/164/258
f 257/163/257 258/164/258 259/165/259
f 259/165/259 258/164/258 260/166/260
f 259/165/259 260/166/260 261/167/261
f 261/167/261 260/166/260 262/168/262
f 263/169/263 264/170/264 265/171/265
f 265/171/265 264/170/264 266/172/266
f 265/171/265 266/172/266 267/173/267
f 267/173/267 266/172/266 268/174/268
f 269/173/269 270/174/270 271/175/271
f 272/176/272 273/177/273 274/178/274
f 272/176/272 274/178/274 275/159/275
f 275/159/275 274/178/274 276/160/276
f 277/167/277 278/158/278 279/157/279
f 280/165/280 277/167/277 279/157/279
f 280/165/280 279/157/279 281/179/281
f 282/163/282 280/165/280 281/179/281
f 281/179/281 283/161/283 282/163/282
f 284/180/284 283/161/283 281/179/281
f 284/180/284 275/159/275 283/161/283
usemtl tex_1796_lit_w11
f 285/181/285 286/182/286 287/183/287
f 287/183/287 286/182/286 288/184/288
f 288/184/288 286/182/286 289/185/289
f 290/186/290 285/181/285 287/183/287
f 290/186/290 291/187/291 285/181/285
f 292/188/292 289/185/289 286/182/286
f 292/188/292 286/182/286 293/189/293
f 293/189/293 286/182/286 294/190/294
f 294/190/294 286/182/286 285/181/285
f 291/187/291 294/190/294 285/181/285
f 287/183/287 295/191/295 290/186/290
f 296/192/296 295/191/295 287/183/287
f 288/184/288 296/192/296 287/183/287
f 297/193/297 296/192/296 288/184/288
f 289/185/289 297/193/297 288/184/288
f 298/194/298 297/193/297 289/185/289
f 292/188/292 298/194/298 289/185/289
f 299/195/299 298/194/298 292/188/292
f 293/189/293 299/195/299 292/188/292
f 300/196/300 299/195/299 293/189/293
f 294/190/294 300/196/300 293/189/293
f 301/197/301 302/196/302 303/190/303
f 304/187/304 301/197/301 303/190/303
f 305/198/305 301/197/301 304/187/304
f 306/186/306 305/198/305 304/187/304
f 307/191/307 305/198/305 306/186/306
usemtl tex_1795_lit_w11
f 308/199/308 309/200/309 310/201/310
f 308/199/308 311/202/311 309/200/309
f 312/203/312 311/202/311 308/199/308
f 313/204/313 311/202/311 312/203/312
f 313/204/313 312/203/312 314/205/314
f 315/206/315 313/204/313 314/205/314
f 314/205/314 316/207/316 315/206/315
f 317/205/317 318/208/318 319/207/319
f 320/209/320 321/201/321 322/200/322
f 323/210/323 322/200/322 324/211/324
f 324/211/324 322/200/322 325/202/325
f 324/211/324 325/202/325 326/212/326
f 326/212/326 325/202/325 327/204/327
f 326/212/326 327/204/327 328/213/328
f 328/213/328 327/204/327 329/206/329
f 328/213/328 329/206/329 330/214/330
f 330/214/330 329/206/329 319/207/319
f 330/214/330 319/207/319 331/215/331
f 331/215/331 319/207/319 332/216/332
f 333/215/333 334/216/334 335/217/335
f 335/217/335 334/216/334 336/218/336
f 335/217/335 336/218/336 337/219/337
f 337/219/337 336/218/336 338/209/338
f 337/219/337 338/209/338 339/210/339
f 339/210/339 338/209/338 340/200/340
f 341/220/341 342/211/342 343/221/343
f 343/221/343 342/211/342 344/212/344
f 345/222/345 343/221/343 344/212/344
f 345/222/345 344/212/344 346/223/346
f 346/223/346 344/212/344 347/213/347
f 348/224/348 346/223/346 347/213/347
f 349/213/349 350/214/350 351/224/351
f 352/210/352 353/211/353 354/220/354
f 354/220/354 355/225/355 352/210/352
usemtl tex_1794_lit_w11
f 356/226/356 357/227/357 358/228/358
f 358/228/358 357/227/357 359/229/359
f 358/228/358 359/229/359 360/230/360
f 360/230/360 359/229/359 361/231/361
f 360/230/360 361/231/361 362/232/362
f 362/232/362 361/231/361 363/233/363
f 362/232/362 363/233/363 364/234/364
f 365/234/365 366/233/366 367/235/367
f 365/234/365 367/235/367 368/236/368
f 368/236/368 367/235/367 369/237/369
f 368/236/368 369/237/369 370/238/370
f 370/238/370 369/237/369 371/239/371
f 370/238/370 371/239/371 372/240/372
f 372/240/372 371/239/371 373/241/373
f 372/240/372 373/241/373 374/226/374
f 374/226/374 373/241/373 375/227/375
f 365/234/365 376/242/376 377/232/377
f 374/226/374 378/228/378 379/243/379
f 378/228/378 380/244/380 379/243/379
f 381/230/381 382/232/382 383/242/383
f 383/242/383 384/244/384 381/230/381
f 381/230/381 384/244/384 385/228/385
f 386/234/386 387/245/387 388/246/388
f 388/246/388 387/245/387 389/247/389
f 388/246/388 389/247/389 390/248/390
f 390/248/390 389/247/389 391/249/391
f 390/248/390 391/249/391 392/250/392
f 392/250/392 391/249/391 393/251/393
f 392/250/392 393/251/393 394/159/394
f 394/159/394 393/251/393 395/252/395
f 394/159/394 395/252/395 396/253/396
f 397/253/397 398/252/398 399/254/399
f 397/253/397 399/254/399 400/255/400
f 400/255/400 399/254/399 401/256/401
f 400/255/400 401/256/401 402/257/402
f 402/257/402 401/256/401 403/258/403
f 402/257/402 403/258/403 404/234/404
f 404/234/404 403/258/403 405/245/405
f 406/180/406 407/250/407 408/159/408
f 406/180/406 409/259/409 407/250/407
f 407/250/407 409/259/409 410/248/410
f 409/259/409 411/246/411 410/248/410
f 409/259/409 412/242/412 411/246/411
f 412/242/412 404/234/404 411/246/411
usemtl tex_1797_lit_w11
f 413/260/413 414/261/414 415/262/415
f 416/263/416 413/260/413 415/262/415
f 417/264/417 418/265/418 419/266/419
f 414/261/414 420/267/420 421/268/421
usemtl tex_1794_lit_w11
f 422/269/422 423/270/423 424/271/424
f 424/271/424 425/272/425 422/269/422
f 423/270/423 422/269/422 426/273/426
f 426/273/426 422/269/422 427/274/427
f 426/273/426 427/274/427 428/275/428
f 429/276/429 430/277/430 431/273/431
f 429/276/429 432/278/432 430/277/430
f 432/278/432 433/279/433 430/277/430
f 432/278/432 434/280/434 433/279/433
f 433/279/433 434/280/434 435/281/435
f 436/282/436 433/279/433 435/281/435
f 437/283/437 433/279/433 436/282/436
f 436/282/436 438/284/438 437/283/437
f 439/285/439 437/283/437 438/284/438
f 439/285/439 438/284/438 440/286/440
f 438/284/438 441/154/441 440/286/440
f 442/155/442 441/154/441 438/284/438
f 436/282/436 442/155/442 438/284/438
f 443/156/443 442/155/442 436/282/436
f 443/156/443 436/282/436 435/281/435
f 444/157/444 443/156/443 435/281/435
f 435/281/435 434/280/434 444/157/444
f 445/280/445 446/179/446 447/157/447
f 448/278/448 446/179/446 445/280/445
f 448/278/448 449/180/449 446/179/446
f 449/180/449 448/278/448 450/276/450
f 451/259/451 449/180/449 450/276/450
f 451/259/451 450/276/450 452/275/452
f 453/242/453 451/259/451 452/275/452
f 453/242/453 452/275/452 454/274/454
f 454/274/454 455/269/455 456/244/456
f 455/269/455 457/243/457 456/244/456
f 457/243/457 455/269/455 458/272/458
f 458/272/458 459/287/459 457/243/457
usemtl tex_1798_lit_w11
f 460/127/460 461/288/461 462/289/462
f 460/127/460 463/136/463 461/288/461
usemtl tex_1797_lit_w11
f 464/262/464 465/261/465 466/268/466
f 464/262/464 466/268/466 467/290/467
f 468/291/468 464/262/464 467/290/467
f 468/291/468 467/290/467 469/292/469
f 469/292/469 467/290/467 470/293/470
f 471/294/471 469/292/469 470/293/470
f 470/293/470 472/295/472 471/294/471
f 473/296/473 474/297/474 475/131/475
f 476/298/476 477/296/477 478/131/478
f 476/298/476 478/131/478 479/299/479
f 480/265/480 476/298/476 479/299/479
f 481/264/481 476/298/476 480/265/480
f 482/266/482 480/265/480 483/261/483
f 484/260/484 482/266/482 483/261/483
f 485/291/485 486/263/486 487/262/487
f 488/300/488 486/263/486 485/291/485
f 488/300/488 485/291/485 489/292/489
f 488/300/488 489/292/489 490/301/490
f 489/292/489 491/294/491 490/301/490
usemtl tex_1798_lit_w11
f 492/127/492 493/289/493 494/302/494
f 492/127/492 494/302/494 495/303/495
f 495/303/495 496/304/496 492/127/492
f 492/127/492 496/304/496 497/125/497
f 497/125/497 496/304/496 498/126/498
usemtl tex_1797_lit_w11
f 499/128/499 500/305/500 501/306/501
f 502/129/502 499/128/499 501/306/501
f 501/306/501 503/130/503 502/129/502
f 504/267/504 503/130/503 501/306/501
f 505/131/505 503/130/503 504/267/504
f 506/265/506 507/299/507 504/267/504
f 507/299/507 505/131/505 504/267/504
f 508/265/508 509/267/509 510/261/510
usemtl tex_1794_lit_w11
f 511/244/511 512/242/512 513/274/513
f 514/276/514 515/273/515 516/275/516
f 521/226/521 522/243/522 523/287/523
f 524/307/524 525/308/525 526/309/526
f 527/310/527 524/307/524 526/309/526
f 528/5/528 529/273/529 530/277/530
f 531/7/531 528/5/528 530/277/530
f 529/273/529 528/5/528 532/4/532
f 533/9/533 531/7/531 534/279/534
f 533/9/533 534/279/534 535/283/535
f 533/9/533 535/283/535 536/10/536
f 536/10/536 535/283/535 537/285/537
usemtl tex_1797_lit_w11
f 538/311/538 539/312/539 540/295/540
f 538/311/538 540/295/540 541/293/541
f 542/313/542 538/311/538 541/293/541
f 542/313/542 541/293/541 543/290/543
f 542/313/542 543/290/543 544/314/544
f 544/314/544 543/290/543 545/268/545
f 545/268/545 546/267/546 544/314/544
f 544/314/544 546/267/546 547/315/547
f 547/315/547 546/267/546 548/306/548
f 549/305/549 547/315/547 548/306/548
f 547/315/547 549/305/549 550/316/550
usemtl tex_1798_lit_w11
f 551/25/551 552/304/552 553/23/553
f 554/304/554 555/303/555 556/23/556
f 557/302/557 556/23/556 555/303/555
usemtl tex_1794_lit_w11_ovl
f 558/3/558 559/28/559 560/271/560
usemtl tex_1794_lit_w11
f 558/3/558 560/271/560 561/270/561
f 558/3/558 561/270/561 562/273/562
f 563/4/563 558/3/558 562/273/562
f 564/279/564 565/7/565 566/277/566
usemtl tex_1605_sw0_0_lit_ds_w11
f 567/317/567 568/318/568 569/319/569
f 569/319/569 568/318/568 570/320/570
f 571/321/571 572/320/572 573/317/573
f 571/321/571 573/317/573 574/319/574
f 575/318/575 573/317/573 572/320/572
f 576/322/576 575/318/575 572/320/572
f 577/323/577 575/318/575 576/322/576
f 570/320/570 577/323/577 576/322/576
f 568/318/568 577/323/577 570/320/570
usemtl tex_1639_sw0_0_lit_w11
f 578/324/578 579/325/579 580/326/580
f 578/324/578 581/327/581 579/325/579
f 582/328/582 579/325/579 581/327/581
f 583/329/583 584/328/584 585/327/585
f 586/330/586 584/328/584 583/329/583
f 587/331/587 586/330/586 583/329/583
f 588/332/588 586/330/586 587/331/587
f 589/333/589 588/332/588 587/331/587
f 590/334/590 588/332/588 589/333/589
usemtl tex_1793_sw1_0_lit_w11
f 591/335/591 592/30/592 593/32/593
f 591/335/591 593/32/593 594/336/594
f 594/336/594 593/32/593 595/34/595
f 594/336/594 595/34/595 596/35/596
f 594/336/594 596/35/596 597/337/597
f 597/337/597 596/35/596 598/37/598
f 597/337/597 598/37/598 599/38/599
f 597/337/597 599/38/599 600/338/600
f 600/338/600 599/38/599 601/39/601
f 600/338/600 601/39/601 602/40/602
f 600/338/600 602/40/602 603/339/603
f 603/339/603 602/40/602 604/41/604
usemtl tex_1644_sw1_0_lit_ds_w11
f 605/340/605 606/341/606 607/342/607
f 608/343/608 609/344/609 610/345/610
f 610/345/610 609/344/609 611/346/611
f 605/340/605 607/342/607 612/347/612
f 613/348/613 607/342/607 606/341/606
f 614/349/614 613/348/613 606/341/606
f 615/350/615 613/348/613 614/349/614
f 611/346/611 615/350/615 614/349/614
f 609/344/609 615/350/615 611/346/611
usemtl tex_1644_sw1_0_lit_w11
f 616/351/616 617/352/617 618/353/618
f 616/351/616 618/353/618 619/354/619
f 617/352/617 616/351/616 620/355/620
f 621/352/621 622/355/622 623/356/623
f 624/357/624 623/356/623 622/355/622
f 624/357/624 625/358/625 623/356/623
f 625/358/625 624/357/624 626/359/626
f 625/358/625 626/359/626 627/360/627
f 628/361/628 629/362/629 627/360/627
f 628/361/628 627/360/627 626/359/626
f 629/362/629 628/361/628 630/363/630
f 629/362/629 630/363/630 631/364/631
f 632/365/632 633/366/633 631/364/631
f 632/365/632 631/364/631 630/363/630
f 633/366/633 632/365/632 634/367/634
f 633/366/633 634/367/634 635/368/635
f 636/352/636 637/369/637 638/353/638
f 639/370/639 637/369/637 636/352/636
f 639/370/639 636/352/636 640/356/640
f 641/358/641 639/370/639 640/356/640
f 642/371/642 639/370/639 641/358/641
f 642/371/642 641/358/641 643/360/643
f 644/362/644 642/371/642 643/360/643
f 645/372/645 642/371/642 644/362/644
f 645/372/645 644/362/644 646/364/646
f 647/366/647 645/372/645 646/364/646
f 648/373/648 645/372/645 647/366/647
f 648/373/648 647/366/647 649/368/649
f 650/365/650 651/343/651 652/367/652
f 651/343/651 650/365/650 653/344/653
f 650/365/650 654/363/654 653/344/653
f 655/361/655 653/344/653 654/363/654
f 653/344/653 655/361/655 656/359/656
f 653/344/653 656/359/656 657/350/657
f 658/357/658 657/350/657 656/359/656
f 657/350/657 658/357/658 659/355/659
f 657/350/657 659/355/659 660/348/660
f 661/351/661 660/348/660 659/355/659
f 662/342/662 660/348/660 661/351/661
f 662/342/662 661/351/661 663/354/663
usemtl tex_1605_sw2_0_lit_ds_w11
f 664/317/664 665/318/665 666/319/666
f 666/319/666 665/318/665 667/320/667
f 668/321/668 669/320/669 670/317/670
f 668/321/668 670/317/670 671/319/671
f 672/318/672 670/317/670 669/320/669
f 673/322/673 672/318/672 669/320/669
f 674/323/674 672/318/672 673/322/673
f 667/320/667 674/323/674 673/322/673
f 665/318/665 674/323/674 667/320/667
usemtl tex_1597_sw2_0_lit_w11_ovl
f 675/374/675 676/375/676 677/376/677
f 675/374/675 678/377/678 676/375/676
f 679/378/679 676/375/676 678/377/678
f 680/376/680 681/378/681 682/377/682
f 683/375/683 681/378/681 680/376/680
f 684/376/684 685/379/685 686/380/686
f 687/375/687 685/379/685 684/376/684
f 688/381/688 689/382/689 690/377/690
f 691/375/691 689/382/689 688/381/688
usemtl tex_1605_sw3_0_lit_ds_w11
f 692/317/692 693/318/693 694/319/694
f 694/319/694 693/318/693 695/320/695
f 696/321/696 697/320/697 698/317/698
f 696/321/696 698/317/698 699/319/699
f 700/318/700 698/317/698 697/320/697
f 701/322/701 700/318/700 697/320/697
f 702/323/702 700/318/700 701/322/701
f 695/320/695 702/323/702 701/322/701
f 693/318/693 702/323/702 695/320/695
usemtl tex_1695_sw3_0_lit_w01_ovl
f 703/383/703 704/384/704 705/385/705
f 703/383/703 706/386/706 704/384/704
f 707/387/707 704/384/704 706/386/706
f 708/388/708 709/387/709 710/386/710
f 711/389/711 709/387/709 708/388/708
f 712/390/712 711/389/711 708/388/708
f 713/391/713 711/389/711 712/390/712
f 714/392/714 713/391/713 712/390/712
f 715/393/715 713/391/713 714/392/714
usemtl tex_1598_sw4_0_lit_ds_w11
f 716/394/716 717/395/717 718/396/718
f 719/397/719 720/398/720 721/399/721
f 721/399/721 720/398/720 722/400/722
f 716/394/716 718/396/718 723/401/723
f 724/402/724 718/396/718 717/395/717
f 725/403/725 724/402/724 717/395/717
f 726/404/726 724/402/724 725/403/725
f 722/400/722 726/404/726 725/403/725
f 720/398/720 726/404/726 722/400/722
usemtl tex_1598_sw4_0_lit_w11
f 727/405/727 719/397/719 728/406/728
f 719/397/719 727/405/727 729/407/729
f 719/397/719 729/407/729 720/398/720
f 730/408/730 720/398/720 729/407/729
usemtl tex_1598_sw4_0_lit_w11_ovl
f 720/398/720 730/408/730 731/409/731
f 720/398/720 731/409/731 726/404/726
usemtl tex_1598_sw4_0_lit_w11
f 732/410/732 733/404/733 734/409/734
f 733/404/733 732/410/732 735/411/735
f 733/404/733 735/411/735 736/402/736
f 737/412/737 736/402/736 735/411/735
f 738/396/738 736/402/736 737/412/737
f 738/396/738 737/412/737 739/413/739
f 737/412/737 740/414/740 741/415/741
f 737/412/737 741/415/741 739/413/739
f 740/414/740 737/412/737 735/411/735
f 740/414/740 735/411/735 742/416/742
f 732/410/732 743/417/743 742/416/742
f 732/410/732 742/416/742 735/411/735
f 743/417/743 732/410/732 734/409/734
f 743/417/743 734/409/734 744/418/744
f 745/408/745 746/419/746 744/418/744
usemtl tex_1598_sw4_0_lit_w11_ovl
f 745/408/745 744/418/744 734/409/734
usemtl tex_1598_sw4_0_lit_w11
f 746/419/746 745/408/745 747/407/747
f 748/419/748 749/407/749 750/420/750
f 751/405/751 752/421/752 750/420/750
f 751/405/751 750/420/750 749/407/749
f 752/421/752 751/405/751 753/406/753
f 752/421/752 753/406/753 754/422/754
f 755/414/755 756/423/756 757/415/757
f 758/424/758 756/423/756 755/414/755
f 758/424/758 755/414/755 759/416/759
f 760/417/760 758/424/758 759/416/759
f 761/425/761 758/424/758 760/417/760
f 761/425/761 760/417/760 762/418/762
usemtl tex_1598_sw4_0_lit_w11_ovl
f 748/419/748 761/425/761 762/418/762
f 763/426/763 761/425/761 748/419/748
usemtl tex_1598_sw4_0_lit_w11
f 763/426/763 748/419/748 750/420/750
f 752/421/752 763/426/763 750/420/750
f 764/377/764 765/426/765 766/421/766
f 764/377/764 766/421/766 767/422/767
usemtl tex_1632_sw5_0_lit_ds_w01_ovl
f 768/427/768 769/428/769 770/429/770
f 771/430/771 772/431/772 773/432/773
f 773/432/773 772/431/772 774/433/774
f 768/427/768 770/429/770 775/434/775
f 776/435/776 770/429/770 769/428/769
f 777/436/777 776/435/776 769/428/769
f 778/437/778 776/435/776 777/436/777
f 774/433/774 778/437/778 777/436/777
f 772/431/772 778/437/778 774/433/774
usemtl tex_1632_sw5_0_lit_w01_ovl
f 779/438/779 771/430/771 780/439/780
f 771/430/771 779/438/779 781/440/781
f 771/430/771 781/440/781 772/431/772
f 782/441/782 772/431/772 781/440/781
f 772/431/772 782/441/782 783/442/783
f 772/431/772 783/442/783 778/437/778
f 784/443/784 785/437/785 786/442/786
f 785/437/785 784/443/784 787/444/787
f 785/437/785 787/444/787 788/435/788
f 789/445/789 788/435/788 787/444/787
f 790/429/790 788/435/788 789/445/789
f 790/429/790 789/445/789 791/446/791
f 789/445/789 792/447/792 793/448/793
f 789/445/789 793/448/793 791/446/791
f 792/447/792 789/445/789 787/444/787
f 792/447/792 787/444/787 794/449/794
f 784/443/784 795/450/795 794/449/794
f 784/443/784 794/449/794 787/444/787
f 795/450/795 784/443/784 786/442/786
f 795/450/795 786/442/786 796/451/796
f 797/441/797 798/452/798 796/451/796
f 797/441/797 796/451/796 786/442/786
f 798/452/798 797/441/797 799/440/799
f 800/452/800 801/440/801 802/453/802
f 803/438/803 804/454/804 802/453/802
f 803/438/803 802/453/802 801/440/801
f 804/454/804 803/438/803 805/439/805
f 804/454/804 805/439/805 806/455/806
f 807/447/807 808/456/808 809/448/809
f 810/457/810 808/456/808 807/447/807
f 810/457/810 807/447/807 811/449/811
f 812/450/812 810/457/810 811/449/811
f 813/458/813 810/457/810 812/450/812
f 813/458/813 812/450/812 814/451/814
f 800/452/800 813/458/813 814/451/814
f 815/459/815 813/458/813 800/452/800
f 815/459/815 800/452/800 802/453/802
f 804/454/804 815/459/815 802/453/802
f 816/460/816 817/459/817 818/454/818
f 816/460/816 818/454/818 819/455/819
usemtl tex_1501_lit
f 820/461/820 821/462/821 822/462/822
f 822/462/822 823/461/823 820/461/820
f 824/463/824 825/463/825 826/464/826
f 826/464/826 827/464/827 824/463/824
f 828/465/828 829/466/829 830/465/830
f 830/465/830 829/466/829 831/466/831
f 822/462/822 824/463/824 823/461/823
f 823/461/823 824/463/824 827/464/827
f 832/467/832 833/467/833 834/468/834
f 834/468/834 835/468/835 832/467/832
f 836/469/836 837/470/837 838/470/838
f 838/470/838 839/469/839 836/469/836
f 840/467/840 837/470/837 841/467/841
f 838/470/838 837/470/837 840/467/840
f 842/468/842 838/470/838 840/467/840
f 839/469/839 838/470/838 842/468/842
f 843/471/843 844/471/844 845/472/845
f 845/472/845 846/472/846 843/471/843
f 847/473/847 848/474/848 849/474/849
f 849/474/849 850/473/850 847/473/847
f 851/475/851 852/476/852 853/475/853
f 854/476/854 852/476/852 851/475/851
f 855/472/855 856/474/856 857/471/857
f 858/473/858 856/474/856 855/472/855
f 859/477/859 860/478/860 861/478/861
f 861/478/861 862/477/862 859/477/859
f 863/479/863 864/479/864 865/480/865
f 865/480/865 866/480/866 863/479/863
f 860/478/860 864/479/864 861/478/861
f 861/478/861 864/479/864 863/479/863
usemtl tex_1501_lit_ovl
f 861/478/861 863/479/863 862/477/862
usemtl tex_1501_lit
f 862/477/862 863/479/863 866/480/866
f 867/481/867 868/482/868 869/482/869
f 870/481/870 868/482/868 867/481/867
f 871/472/871 870/481/870 867/481/867
f 872/472/872 870/481/870 871/472/871
f 873/483/873 872/472/872 871/472/871
f 874/483/874 872/472/872 873/483/873
f 875/484/875 874/483/874 873/483/873
f 876/484/876 874/483/874 875/484/875
f 877/461/877 876/484/876 875/484/875
f 878/461/878 876/484/876 877/461/877
f 879/485/879 878/461/878 877/461/877
f 880/485/880 878/461/878 879/485/879
f 881/486/881 880/485/880 879/485/879
f 882/486/882 880/485/880 881/486/881
f 883/468/883 884/486/884 885/486/885
f 886/468/886 884/486/884 883/468/883
f 887/487/887 886/468/886 883/468/883
f 888/487/888 886/468/886 887/487/887
f 889/488/889 888/487/888 887/487/887
f 890/488/890 888/487/888 889/488/889
f 891/477/891 890/488/890 889/488/889
f 892/477/892 890/488/890 891/477/891
f 893/482/893 892/477/892 891/477/891
f 894/482/894 892/477/892 893/482/893
usemtl tex_1608_lit
f 895/489/895 896/490/896 897/491/897
f 895/489/895 897/491/897 898/492/898
f 899/490/899 900/493/900 901/491/901
f 902/489/902 903/492/903 904/494/904
f 902/489/902 904/494/904 905/495/905
f 904/494/904 906/496/906 905/495/905
usemtl tex_1501_lit
f 907/497/907 908/498/908 909/484/909
f 909/484/909 908/498/908 910/499/910
f 910/499/910 908/498/908 911/500/911
f 911/500/911 912/461/912 910/499/910
f 912/461/912 909/484/909 910/499/910
f 913/501/913 912/461/912 911/500/911
f 913/501/913 911/500/911 914/502/914
f 915/461/915 916/501/916 917/485/917
f 916/501/916 918/502/918 917/485/917
f 918/502/918 919/503/919 917/485/917
f 917/485/917 919/503/919 920/486/920
f 918/502/918 921/504/921 919/503/919
f 920/486/920 919/503/919 921/504/921
f 921/504/921 922/505/922 920/486/920
f 920/486/920 922/505/922 923/468/923
f 922/505/922 924/506/924 923/468/923
f 921/504/921 924/506/924 922/505/922
f 924/506/924 925/507/925 923/468/923
f 924/506/924 926/508/926 925/507/925
f 927/487/927 923/468/923 925/507/925
f 927/487/927 925/507/925 926/508/926
f 928/509/928 927/487/927 926/508/926
f 928/509/928 926/508/926 929/510/929
f 930/488/930 928/509/928 929/510/929
f 927/487/927 928/509/928 930/488/930
f 931/510/931 932/511/932 933/488/933
f 934/512/934 932/511/932 931/510/931
f 935/477/935 932/511/932 934/512/934
f 935/477/935 933/488/933 932/511/932
f 935/477/935 934/512/934 936/513/936
f 936/513/936 934/512/934 937/514/937
f 938/482/938 936/513/936 937/514/937
f 935/477/935 936/513/936 938/482/938
f 937/514/937 939/515/939 938/482/938
f 940/516/940 939/515/939 937/514/937
f 940/516/940 941/481/941 939/515/939
f 941/481/941 938/482/938 939/515/939
f 940/516/940 942/517/942 941/481/941
f 943/518/943 942/517/942 940/516/940
f 943/518/943 944/472/944 942/517/942
f 944/472/944 941/481/941 942/517/942
f 944/472/944 943/518/943 945/519/945
f 945/519/945 943/518/943 946/520/946
f 947/483/947 948/519/948 949/520/949
f 947/483/947 950/472/950 948/519/948
f 947/483/947 949/520/949 951/497/951
f 951/497/951 949/520/949 952/498/952
f 947/483/947 951/497/951 953/484/953
usemtl tex_1504_lit_w11
f 954/521/954 955/522/955 956/523/956
f 957/524/957 955/522/955 954/521/954
f 957/524/957 958/525/958 955/522/955
f 959/526/959 958/525/958 957/524/957
f 959/526/959 960/527/960 958/525/958
f 961/528/961 960/527/960 959/526/959
f 961/528/961 962/529/962 960/527/960
f 963/530/963 964/529/964 965/528/965
f 963/530/963 966/531/966 964/529/964
f 967/532/967 966/531/966 963/530/963
f 967/532/967 968/533/968 966/531/966
f 969/534/969 968/533/968 967/532/967
f 969/534/969 970/535/970 968/533/968
f 971/536/971 970/535/970 969/534/969
usemtl tex_1504_lit_w11_ovl
f 971/536/971 972/537/972 970/535/970
usemtl tex_1504_lit_w11
f 973/538/973 972/537/972 971/536/971
f 973/538/973 974/539/974 972/537/972
f 975/540/975 974/539/974 973/538/973
f 975/540/975 976/541/976 974/539/974
f 977/542/977 976/541/976 975/540/975
f 977/542/977 978/543/978 976/541/976
f 979/544/979 980/543/980 981/542/981
f 979/544/979 982/545/982 980/543/980
usemtl tex_1504_lit_w11_ovl
f 983/546/983 982/545/982 979/544/979
usemtl tex_1504_lit_w11
f 983/546/983 984/547/984 982/545/982
f 985/548/985 984/547/984 983/546/983
f 985/548/985 986/549/986 984/547/984
f 987/550/987 986/549/986 985/548/985
f 987/550/987 988/551/988 986/549/986
f 989/552/989 988/551/988 987/550/987
f 989/552/989 990/553/990 988/551/988
f 991/554/991 990/553/990 989/552/989
f 991/554/991 992/555/992 990/553/990
f 993/556/993 992/555/992 991/554/991
f 993/556/993 994/557/994 992/555/992
f 995/558/995 996/557/996 997/556/997
f 995/558/995 998/559/998 996/557/996
f 999/560/999 998/559/998 995/558/995
f 999/560/999 1000/561/1000 998/559/998
f 1001/562/1001 1000/561/1000 999/560/999
f 1001/562/1001 1002/563/1002 1000/561/1000
f 1003/564/1003 1002/563/1002 1001/562/1001
f 1003/564/1003 1004/565/1004 1002/563/1002
usemtl tex_1504_lit_w11_ovl
f 1005/566/1005 1004/565/1004 1003/564/1003
usemtl tex_1504_lit_w11
f 1005/566/1005 1006/567/1006 1004/565/1004
f 1007/568/1007 1006/567/1006 1005/566/1005
f 1007/568/1007 1008/523/1008 1006/567/1006
f 1009/521/1009 1008/523/1008 1007/568/1007
usemtl tex_1503_lit
f 1010/376/1010 1011/375/1011 1012/378/1012
f 1010/376/1010 1012/378/1012 1013/377/1013
f 1014/376/1014 1015/375/1015 1016/378/1016
f 1014/376/1014 1016/378/1016 1017/377/1017
f 1018/376/1018 1019/375/1019 1020/378/1020
f 1018/376/1018 1020/378/1020 1021/377/1021
f 1022/376/1022 1023/375/1023 1024/378/1024
f 1022/376/1022 1024/378/1024 1025/377/1025
f 1026/376/1026 1027/375/1027 1028/378/1028
f 1026/376/1026 1028/378/1028 1029/377/1029
f 1030/376/1030 1031/375/1031 1032/378/1032
f 1030/376/1030 1032/378/1032 1033/377/1033
f 1034/376/1034 1035/375/1035 1036/378/1036
f 1034/376/1034 1036/378/1036 1037/377/1037
f 1038/376/1038 1039/375/1039 1040/378/1040
f 1038/376/1038 1040/378/1040 1041/377/1041
usemtl tex_1502_lit_w11_ovl
f 1042/376/1042 1043/377/1043 1044/378/1044
f 1042/376/1042 1044/378/1044 1045/375/1045
f 1046/375/1046 1047/378/1047 1048/377/1048
usemtl tex_1502_lit_w11
f 1046/375/1046 1048/377/1048 1049/376/1049
usemtl tex_1502_lit_w11_ovl
f 1050/569/1050 1051/570/1051 1052/571/1052
usemtl tex_1502_lit_w11
f 1050/569/1050 1052/571/1052 1053/376/1053
usemtl tex_1502_lit_w11_ovl
f 1054/375/1054 1055/378/1055 1056/377/1056
f 1054/375/1054 1056/377/1056 1057/376/1057
usemtl tex_1502_lit_w11
f 1058/376/1058 1059/377/1059 1060/378/1060
usemtl tex_2057_lit
f 1062/572/1062 1063/572/1063 1064/573/1064
f 1063/572/1063 1065/574/1065 1066/574/1066
f 1068/575/1068 1066/574/1066 1067/574/1067
usemtl tex_2057_lit_ovl
f 1068/575/1068 1067/574/1067 1069/575/1069
usemtl tex_2057_lit
f 1073/574/1073 1074/574/1074 1075/572/1075
f 1076/574/1076 1077/574/1077 1074/574/1074
f 1076/574/1076 1074/574/1074 1078/574/1078
usemtl tex_2057_lit_ovl
f 1076/574/1076 1079/575/1079 1080/575/1080
f 1076/574/1076 1080/575/1080 1077/574/1077
usemtl tex_1797_lit_w11
f 1081/268/1081 1082/267/1082 1083/261/1083
f 1083/261/1083 1082/267/1082 1084/265/1084
f 1082/267/1082 1085/131/1085 1086/299/1086
f 1082/267/1082 1086/299/1086 1084/265/1084
f 1082/267/1082 1087/130/1087 1085/131/1085
f 1088/306/1088 1087/130/1087 1082/267/1082
f 1089/261/1089 1090/265/1090 1091/266/1091
f 1091/266/1091 1090/265/1090 1092/264/1092
f 1090/265/1090 1093/298/1093 1092/264/1092
f 1094/299/1094 1093/298/1093 1090/265/1090
f 1094/299/1094 1095/131/1095 1093/298/1093
f 1095/131/1095 1096/296/1096 1093/298/1093
f 1095/131/1095 1097/297/1097 1096/296/1096
f 1098/293/1098 1099/290/1099 1100/292/1100
f 1100/292/1100 1099/290/1099 1101/291/1101
f 1099/290/1099 1102/262/1102 1101/291/1101
f 1099/290/1099 1103/268/1103 1102/262/1102
f 1103/268/1103 1089/261/1089 1102/262/1102
f 1104/316/1104 1105/305/1105 1106/315/1106
f 1107/306/1107 1106/315/1106 1105/305/1105
f 1107/306/1107 1108/267/1108 1106/315/1106
f 1106/315/1106 1108/267/1108 1109/314/1109
f 1109/314/1109 1108/267/1108 1110/268/1110
f 1110/268/1110 1111/290/1111 1109/314/1109
f 1109/314/1109 1111/290/1111 1112/313/1112
usemtl tex_1507_lit
f 1113/576/1113 1114/577/1114 1115/578/1115
f 1115/578/1115 1116/579/1116 1113/576/1113
f 1117/580/1117 1118/581/1118 1114/577/1114
usemtl tex_1507_lit_ovl
f 1113/576/1113 1117/580/1117 1114/577/1114
usemtl tex_1507_lit
f 1118/581/1118 1117/580/1117 1119/582/1119
f 1120/582/1120 1121/583/1121 1122/581/1122
f 1120/582/1120 1123/584/1123 1124/585/1124
f 1124/585/1124 1121/583/1121 1120/582/1120
f 1123/584/1123 1125/586/1125 1126/587/1126
f 1126/587/1126 1124/585/1124 1123/584/1123
f 1127/588/1127 1126/587/1126 1125/586/1125
f 1126/587/1126 1127/588/1127 1128/589/1128
f 1129/590/1129 1128/589/1128 1127/588/1127
f 1129/590/1129 1130/591/1130 1128/589/1128
f 1129/590/1129 1131/592/1131 1130/591/1130
f 1131/592/1131 1129/590/1129 1132/593/1132
f 1133/594/1133 1131/592/1131 1132/593/1132
f 1133/594/1133 1132/593/1132 1134/595/1134
f 1134/595/1134 1135/596/1135 1133/594/1133
f 1136/597/1136 1137/594/1137 1138/596/1138
f 1139/576/1139 1140/579/1140 1141/598/1141
f 1139/576/1139 1141/598/1141 1142/580/1142
f 1142/580/1142 1141/598/1141 1143/599/1143
f 1143/599/1143 1144/582/1144 1142/580/1142
f 1143/599/1143 1145/584/1145 1144/582/1144
f 1143/599/1143 1146/600/1146 1145/584/1145
f 1147/588/1147 1148/590/1148 1150/588/1150
f 1147/588/1147 1150/588/1150 1151/586/1151
f 1152/586/1152 1153/586/1153 1154/588/1154
f 1155/584/1155 1153/586/1153 1152/586/1152
f 1155/584/1155 1156/600/1156 1153/586/1153
f 1157/601/1157 1158/602/1158 1159/596/1159
f 1157/601/1157 1159/596/1159 1160/595/1160
f 1157/601/1157 1160/595/1160 1161/603/1161
f 1161/603/1161 1162/604/1162 1157/601/1157
f 1163/590/1163 1162/604/1162 1161/603/1161
f 1164/597/1164 1165/605/1165 1166/606/1166
f 1167/594/1167 1164/597/1164 1166/606/1166
f 1168/592/1168 1169/594/1169 1170/606/1170
f 1170/606/1170 1171/607/1171 1168/592/1168
f 1168/592/1168 1171/607/1171 1172/591/1172
f 1175/589/1175 1172/591/1172 1174/589/1174
f 1176/587/1176 1175/589/1175 1174/589/1174
f 1174/589/1174 1177/587/1177 1176/587/1176
f 1176/587/1176 1177/587/1177 1179/585/1179
f 1181/583/1181 1179/585/1179 1180/608/1180
f 1182/581/1182 1181/583/1181 1180/608/1180
f 1180/608/1180 1183/609/1183 1182/581/1182
f 1184/581/1184 1185/609/1185 1186/577/1186
f 1185/609/1185 1187/610/1187 1186/577/1186
usemtl tex_1794_lit_w11
f 1188/139/1188 1189/138/1189 1190/137/1190
f 1191/141/1191 1189/138/1189 1192/140/1192
f 1193/142/1193 1191/141/1191 1192/140/1192
f 1194/143/1194 1191/141/1191 1193/142/1193
f 1195/144/1195 1194/143/1194 1193/142/1193
f 1196/145/1196 1194/143/1194 1195/144/1195
f 1197/146/1197 1196/145/1196 1195/144/1195
f 1198/147/1198 1196/145/1196 1197/146/1197
f 1199/148/1199 1198/147/1198 1197/146/1197
f 1200/149/1200 1201/147/1201 1202/148/1202
f 1203/150/1203 1200/149/1200 1202/148/1202
f 1204/151/1204 1200/149/1200 1203/150/1203
f 1205/152/1205 1204/151/1204 1203/150/1203
f 1206/153/1206 1204/151/1204 1205/152/1205
f 1207/137/1207 1206/153/1206 1205/152/1205
f 1208/138/1208 1206/153/1206 1207/137/1207
usemtl tex_1795_lit_w11
f 1209/611/1209 1210/612/1210 1211/613/1211
f 1212/614/1212 1210/612/1210 1209/611/1209
f 1213/615/1213 1212/614/1212 1209/611/1209
f 1214/616/1214 1212/614/1212 1213/615/1213
f 1215/617/1215 1214/616/1214 1213/615/1213
f 1216/618/1216 1217/616/1217 1218/617/1218
f 1219/619/1219 1216/618/1216 1218/617/1218
f 1220/620/1220 1216/618/1216 1219/619/1219
f 1221/621/1221 1220/620/1220 1219/619/1219
f 1222/622/1222 1220/620/1220 1221/621/1221
f 1223/623/1223 1222/622/1222 1221/621/1221
f 1224/624/1224 1222/622/1222 1223/623/1223
f 1225/625/1225 1224/624/1224 1223/623/1223
f 1226/626/1226 1224/624/1224 1225/625/1225
f 1227/613/1227 1226/626/1226 1225/625/1225
f 1228/612/1228 1226/626/1226 1227/613/1227
f 1229/627/1229 1227/613/1227 1230/628/1230
f 1231/611/1231 1227/613/1227 1229/627/1229
f 1232/611/1232 1233/627/1233 1234/615/1234
f 1234/615/1234 1233/627/1233 1235/629/1235
f 1236/630/1236 1234/615/1234 1235/629/1235
f 1237/617/1237 1234/615/1234 1236/630/1236
f 1237/617/1237 1236/630/1236 1238/619/1238
f 1238/619/1238 1236/630/1236 1239/631/1239
f 1240/628/1240 1241/613/1241 1242/625/1242
usemtl tex_1796_lit_w11
f 1243/632/1243 1244/633/1244 1245/634/1245
f 1246/635/1246 1244/633/1244 1243/632/1243
f 1246/635/1246 1243/632/1243 1247/636/1247
f 1248/637/1248 1249/635/1249 1250/636/1250
f 1248/637/1248 1250/636/1250 1251/638/1251
f 1252/639/1252 1248/637/1248 1251/638/1251
f 1252/639/1252 1251/638/1251 1253/640/1253
f 1254/641/1254 1252/639/1252 1253/640/1253
f 1255/634/1255 1256/633/1256 1257/642/1257
f 1258/643/1258 1256/633/1256 1259/644/1259
f 1259/644/1259 1256/633/1256 1249/635/1249
f 1259/644/1259 1249/635/1249 1260/645/1260
f 1260/645/1260 1249/635/1249 1248/637/1248
f 1260/645/1260 1248/637/1248 1261/646/1261
f 1261/646/1261 1248/637/1248 1252/639/1252
f 1261/646/1261 1252/639/1252 1262/647/1262
f 1262/647/1262 1252/639/1252 1254/641/1254
f 1262/647/1262 1254/641/1254 1263/648/1263
f 1264/648/1264 1265/641/1265 1266/649/1266
f 1264/648/1264 1266/649/1266 1267/650/1267
f 1267/650/1267 1266/649/1266 1268/651/1268
f 1267/650/1267 1268/651/1268 1269/652/1269
f 1269/652/1269 1268/651/1268 1270/642/1270
f 1269/652/1269 1270/642/1270 1271/643/1271
f 1271/643/1271 1270/642/1270 1272/633/1272
f 1273/644/1273 1274/653/1274 1275/654/1275
f 1276/645/1276 1274/653/1274 1273/644/1273
f 1277/646/1277 1274/653/1274 1276/645/1276
f 1273/644/1273 1275/654/1275 1271/643/1271
f 1275/654/1275 1269/652/1269 1271/643/1271
f 1274/653/1274 1277/646/1277 1278/647/1278
f 1264/648/1264 1274/653/1274 1278/647/1278
f 1267/650/1267 1274/653/1274 1264/648/1264
f 1275/654/1275 1274/653/1274 1267/650/1267
f 1275/654/1275 1267/650/1267 1269/652/1269
usemtl tex_1795_lit_w11
f 1279/655/1279 1280/656/1280 1281/657/1281
f 1282/658/1282 1280/656/1280 1279/655/1279
f 1283/659/1283 1282/658/1282 1279/655/1279
f 1284/660/1284 1282/658/1282 1283/659/1283
f 1285/661/1285 1284/660/1284 1283/659/1283
f 1286/662/1286 1284/660/1284 1285/661/1285
f 1287/663/1287 1286/662/1286 1285/661/1285
f 1288/664/1288 1286/662/1286 1287/663/1287
f 1289/665/1289 1288/664/1288 1287/663/1287
f 1290/666/1290 1288/664/1288 1289/665/1289
f 1291/667/1291 1290/666/1290 1289/665/1289
f 1292/668/1292 1290/666/1290 1291/667/1291
f 1293/669/1293 1292/668/1292 1291/667/1291
f 1294/670/1294 1292/668/1292 1293/669/1293
f 1281/657/1281 1294/670/1294 1293/669/1293
f 1280/656/1280 1294/670/1294 1281/657/1281
f 1295/671/1295 1296/657/1296 1297/672/1297
f 1298/655/1298 1296/657/1296 1295/671/1295
f 1298/655/1298 1295/671/1295 1299/659/1299
f 1299/659/1299 1300/673/1300 1301/674/1301
f 1302/661/1302 1299/659/1299 1301/674/1301
f 1301/674/1301 1303/663/1303 1302/661/1302
f 1301/674/1301 1304/675/1304 1303/663/1303
f 1297/672/1297 1296/657/1296 1305/669/1305
f 1299/659/1299 1295/671/1295 1300/673/1300
f 1306/658/1306 1307/676/1307 1308/656/1308
f 1309/677/1309 1307/676/1307 1306/658/1306
f 1309/677/1309 1306/658/1306 1310/660/1310
f 1311/678/1311 1312/677/1312 1313/660/1313
f 1311/678/1311 1313/660/1313 1314/679/1314
f 1314/679/1314 1313/660/1313 1315/662/1315
f 1316/680/1316 1314/679/1314 1315/662/1315
f 1316/680/1316 1315/662/1315 1317/664/1317
f 1318/656/1318 1319/676/1319 1320/681/1320
usemtl tex_1796_lit_w11
f 1321/682/1321 1322/683/1322 1323/684/1323
f 1323/684/1323 1322/683/1322 1324/685/1324
f 1323/684/1323 1324/685/1324 1325/686/1325
f 1325/686/1325 1324/685/1324 1326/687/1326
f 1327/686/1327 1328/687/1328 1329/688/1329
f 1329/688/1329 1328/687/1328 1330/689/1330
f 1329/688/1329 1330/689/1330 1331/690/1331
f 1331/690/1331 1330/689/1330 1332/691/1332
f 1331/690/1331 1332/691/1332 1333/692/1333
f 1333/692/1333 1332/691/1332 1334/693/1334
f 1333/692/1333 1334/693/1334 1335/694/1335
f 1335/694/1335 1334/693/1334 1336/695/1336
f 1335/694/1335 1336/695/1336 1337/696/1337
f 1337/696/1337 1336/695/1336 1338/697/1338
f 1337/696/1337 1338/697/1338 1339/682/1339
f 1339/682/1339 1338/697/1338 1340/683/1340
f 1341/684/1341 1342/698/1342 1343/699/1343
f 1344/686/1344 1342/698/1342 1341/684/1341
f 1345/688/1345 1342/698/1342 1344/686/1344
f 1341/684/1341 1343/699/1343 1346/682/1346
usemtl tex_1796_lit_w11_ovl
f 1343/699/1343 1347/696/1347 1346/682/1346
usemtl tex_1796_lit_w11
f 1342/698/1342 1345/688/1345 1348/690/1348
f 1349/692/1349 1342/698/1342 1348/690/1348
f 1350/694/1350 1342/698/1342 1349/692/1349
f 1343/699/1343 1342/698/1342 1350/694/1350
f 1343/699/1343 1350/694/1350 1347/696/1347
usemtl tex_1794_lit_w11
f 1351/161/1351 1352/160/1352 1353/159/1353
f 1354/162/1354 1352/160/1352 1351/161/1351
f 1355/163/1355 1354/162/1354 1351/161/1351
f 1356/164/1356 1354/162/1354 1355/163/1355
f 1357/165/1357 1358/164/1358 1359/163/1359
f 1360/166/1360 1358/164/1358 1357/165/1357
f 1361/167/1361 1360/166/1360 1357/165/1357
f 1362/168/1362 1360/166/1360 1361/167/1361
f 1363/171/1363 1364/170/1364 1365/169/1365
f 1366/172/1366 1364/170/1364 1363/171/1363
f 1367/173/1367 1366/172/1366 1363/171/1363
f 1368/174/1368 1366/172/1366 1367/173/1367
f 1369/175/1369 1368/174/1368 1367/173/1367
f 1370/178/1370 1371/177/1371 1372/176/1372
f 1373/159/1373 1374/178/1374 1375/176/1375
f 1376/160/1376 1374/178/1374 1373/159/1373
usemtl tex_1795_lit_w11
f 1377/700/1377 1378/701/1378 1379/702/1379
f 1380/703/1380 1378/701/1378 1377/700/1377
f 1381/704/1381 1380/703/1380 1377/700/1377
f 1382/705/1382 1380/703/1380 1381/704/1381
f 1383/706/1383 1382/705/1382 1381/704/1381
f 1384/707/1384 1382/705/1382 1383/706/1383
f 1385/708/1385 1384/707/1384 1383/706/1383
f 1386/709/1386 1384/707/1384 1385/708/1385
f 1387/710/1387 1386/709/1386 1385/708/1385
f 1388/711/1388 1386/709/1386 1387/710/1387
f 1389/712/1389 1390/711/1390 1391/710/1391
f 1392/713/1392 1390/711/1390 1389/712/1389
f 1393/714/1393 1392/713/1392 1389/712/1389
f 1394/715/1394 1392/713/1392 1393/714/1393
f 1395/702/1395 1394/715/1394 1393/714/1393
f 1396/701/1396 1394/715/1394 1395/702/1395
usemtl tex_1796_lit_w11
f 1397/716/1397 1398/717/1398 1399/718/1399
f 1400/719/1400 1401/720/1401 1402/721/1402
f 1400/719/1400 1402/721/1402 1403/722/1403
f 1404/723/1404 1400/719/1400 1403/722/1403
f 1405/723/1405 1406/722/1406 1407/724/1407
f 1407/724/1407 1408/725/1408 1405/723/1405
f 1408/725/1408 1409/726/1409 1405/723/1405
f 1408/725/1408 1410/717/1410 1409/726/1409
f 1409/726/1409 1410/717/1410 1411/716/1411
f 1412/727/1412 1410/717/1410 1413/728/1413
f 1413/728/1413 1410/717/1410 1408/725/1408
f 1413/728/1413 1408/725/1408 1414/729/1414
f 1414/729/1414 1408/725/1408 1407/724/1407
f 1414/729/1414 1407/724/1407 1415/730/1415
f 1415/730/1415 1407/724/1407 1406/722/1406
f 1415/730/1415 1406/722/1406 1416/731/1416
f 1416/731/1416 1406/722/1406 1417/721/1417
f 1416/731/1416 1417/721/1417 1418/732/1418
f 1418/732/1418 1417/721/1417 1419/733/1419
f 1418/732/1418 1419/733/1419 1420/734/1420
f 1421/734/1421 1422/733/1422 1423/735/1423
f 1421/734/1421 1423/735/1423 1424/736/1424
f 1424/736/1424 1423/735/1423 1425/737/1425
f 1424/736/1424 1425/737/1425 1426/727/1426
f 1426/727/1426 1425/737/1425 1427/717/1427
f 1428/728/1428 1429/738/1429 1430/739/1430
f 1431/729/1431 1429/738/1429 1428/728/1428
f 1432/730/1432 1429/738/1429 1431/729/1431
f 1428/728/1428 1430/739/1430 1426/727/1426
f 1430/739/1430 1424/736/1424 1426/727/1426
f 1429/738/1429 1432/730/1432 1433/731/1433
f 1434/732/1434 1429/738/1429 1433/731/1433
f 1421/734/1421 1429/738/1429 1434/732/1434
f 1430/739/1430 1429/738/1429 1421/734/1421
f 1430/739/1430 1421/734/1421 1424/736/1424
usemtl tex_1795_lit_w11
f 1435/700/1435 1436/702/1436 1437/740/1437
f 1435/700/1435 1437/740/1437 1438/741/1438
f 1439/704/1439 1435/700/1435 1438/741/1438
f 1439/704/1439 1438/741/1438 1440/742/1440
f 1441/706/1441 1439/704/1439 1440/742/1440
f 1441/706/1441 1440/742/1440 1442/743/1442
f 1443/708/1443 1441/706/1441 1442/743/1442
f 1443/708/1443 1442/743/1442 1444/744/1444
f 1445/745/1445 1437/740/1437 1436/702/1436
usemtl tex_1794_lit_w11
f 1446/246/1446 1447/245/1447 1448/234/1448
f 1449/247/1449 1447/245/1447 1446/246/1446
f 1450/248/1450 1449/247/1449 1446/246/1446
f 1451/249/1451 1452/247/1452 1453/248/1453
f 1454/250/1454 1451/249/1451 1453/248/1453
f 1455/251/1455 1451/249/1451 1454/250/1454
f 1456/159/1456 1455/251/1455 1454/250/1454
f 1457/252/1457 1455/251/1455 1456/159/1456
f 1458/253/1458 1457/252/1457 1456/159/1456
f 1459/254/1459 1457/252/1457 1458/253/1458
f 1460/255/1460 1459/254/1459 1458/253/1458
f 1461/256/1461 1459/254/1459 1460/255/1460
f 1462/257/1462 1461/256/1461 1460/255/1460
f 1463/258/1463 1461/256/1461 1462/257/1462
f 1464/234/1464 1463/258/1463 1462/257/1462
f 1465/245/1465 1463/258/1463 1464/234/1464
usemtl tex_1795_lit_w11
f 1466/78/1466 1467/77/1467 1468/76/1468
f 1469/79/1469 1467/77/1467 1466/78/1466
f 1470/80/1470 1467/77/1467 1469/79/1469
f 1466/78/1466 1468/76/1468 1471/81/1471
f 1468/76/1468 1472/82/1472 1471/81/1471
f 1467/77/1467 1470/80/1470 1473/83/1473
f 1474/84/1474 1467/77/1467 1473/83/1473
f 1475/85/1475 1467/77/1467 1474/84/1474
f 1468/76/1468 1467/77/1467 1475/85/1475
f 1468/76/1468 1475/85/1475 1472/82/1472
f 1471/81/1471 1476/86/1476 1466/78/1466
f 1466/78/1466 1476/86/1476 1477/87/1477
f 1466/78/1466 1477/87/1477 1469/79/1469
f 1469/79/1469 1477/87/1477 1478/88/1478
f 1469/79/1469 1478/88/1478 1470/80/1470
f 1470/80/1470 1478/88/1478 1479/89/1479
f 1470/80/1470 1479/89/1479 1473/83/1473
f 1473/83/1473 1479/89/1479 1480/90/1480
f 1473/83/1473 1480/90/1480 1474/84/1474
f 1474/84/1474 1480/90/1480 1481/91/1481
f 1474/84/1474 1481/91/1481 1475/85/1475
f 1482/85/1482 1483/91/1483 1484/92/1484
f 1482/85/1482 1484/92/1484 1485/82/1485
f 1485/82/1485 1484/92/1484 1486/93/1486
f 1485/82/1485 1486/93/1486 1487/81/1487
f 1487/81/1487 1486/93/1486 1488/86/1488
usemtl tex_1797_lit_w11
f 1489/96/1489 1490/95/1490 1491/94/1491
f 1491/94/1491 1492/97/1492 1489/96/1489
usemtl tex_1798_lit_w11
f 1493/98/1493 1494/99/1494 1495/98/1495
f 1496/100/1496 1494/99/1494 1493/98/1493
f 1496/100/1496 1493/98/1493 1497/101/1497
usemtl tex_1797_lit_w11
f 1498/102/1498 1499/95/1499 1500/96/1500
f 1498/102/1498 1500/96/1500 1501/103/1501
f 1502/104/1502 1498/102/1498 1501/103/1501
usemtl tex_1798_lit_w11
f 1503/100/1503 1504/101/1504 1505/105/1505
f 1506/107/1506 1505/105/1505 1507/106/1507
f 1505/105/1505 1504/101/1504 1507/106/1507
f 1508/109/1508 1506/107/1506 1509/108/1509
f 1509/108/1509 1510/110/1510 1508/109/1508
usemtl tex_1797_lit_w11
f 1511/113/1511 1512/112/1512 1513/111/1513
f 1514/114/1514 1515/104/1515 1516/103/1516
usemtl tex_1798_lit_w11
f 1517/106/1517 1518/108/1518 1519/107/1519
f 1520/101/1520 1521/115/1521 1517/106/1517
f 1517/106/1517 1521/115/1521 1522/116/1522
f 1517/106/1517 1522/116/1522 1518/108/1518
f 1518/108/1518 1522/116/1522 1523/117/1523
f 1518/108/1518 1523/117/1523 1524/110/1524
f 1524/110/1524 1523/117/1523 1525/117/1525
usemtl tex_1797_lit_w11
f 1526/119/1526 1527/118/1527 1515/104/1515
f 1515/104/1515 1527/118/1527 1528/120/1528
f 1515/104/1515 1528/120/1528 1529/102/1529
f 1530/102/1530 1531/120/1531 1532/121/1532
f 1530/102/1530 1532/121/1532 1533/95/1533
f 1533/95/1533 1532/121/1532 1534/122/1534
f 1533/95/1533 1534/122/1534 1535/94/1535
f 1535/94/1535 1534/122/1534 1536/123/1536
usemtl tex_1798_lit_w11
f 1537/98/1537 1538/124/1538 1539/101/1539
f 1539/101/1539 1538/124/1538 1540/115/1540
f 1540/115/1540 1541/126/1541 1542/125/1542
f 1543/116/1543 1540/115/1540 1542/125/1542
usemtl tex_1798_lit_w11_ovl
f 1543/116/1543 1542/125/1542 1544/127/1544
usemtl tex_1798_lit_w11
f 1545/117/1545 1543/116/1543 1544/127/1544
f 1541/126/1541 1540/115/1540 1538/124/1538
usemtl tex_1797_lit_w11
f 1546/129/1546 1547/128/1547 1548/123/1548
f 1546/129/1546 1548/123/1548 1549/122/1549
f 1546/129/1546 1549/122/1549 1550/121/1550
f 1550/121/1550 1551/130/1551 1546/129/1546
f 1550/121/1550 1552/120/1552 1551/130/1551
f 1551/130/1551 1552/120/1552 1553/131/1553
f 1554/118/1554 1553/131/1553 1552/120/1552
f 1555/132/1555 1553/131/1553 1554/118/1554
usemtl tex_1798_lit_w11
f 1556/135/1556 1557/134/1557 1558/133/1558
f 1559/127/1559 1560/136/1560 1561/117/1561
usemtl tex_1794_lit_w11
f 1562/246/1562 1563/234/1563 1564/242/1564
f 1565/161/1565 1566/159/1566 1567/180/1567
f 1566/159/1566 1568/250/1568 1567/180/1567
f 1569/179/1569 1565/161/1565 1567/180/1567
f 1570/163/1570 1565/161/1565 1569/179/1569
f 1569/179/1569 1571/165/1571 1570/163/1570
f 1569/179/1569 1572/157/1572 1571/165/1571
f 1572/157/1572 1573/167/1573 1571/165/1571
f 1572/157/1572 1574/158/1574 1573/167/1573
f 1575/144/1575 1576/142/1576 1577/156/1577
f 1578/144/1578 1579/156/1579 1580/155/1580
f 1581/154/1581 1578/144/1578 1580/155/1580
f 1581/154/1581 1582/146/1582 1578/144/1578
f 1586/246/1586 1587/242/1587 1588/259/1588
f 1589/248/1589 1586/246/1586 1588/259/1588
f 1589/248/1589 1588/259/1588 1590/250/1590
f 1590/250/1590 1588/259/1588 1583/180/1583
f 1594/271/1594 1595/270/1595 1596/269/1596
f 1596/269/1596 1597/272/1597 1594/271/1594
f 1598/273/1598 1596/269/1596 1595/270/1595
f 1599/274/1599 1596/269/1596 1598/273/1598
f 1600/275/1600 1599/274/1599 1598/273/1598
f 1598/273/1598 1601/277/1601 1602/276/1602
f 1601/277/1601 1603/278/1603 1602/276/1602
f 1601/277/1601 1604/279/1604 1603/278/1603
f 1604/279/1604 1605/280/1605 1603/278/1603
f 1606/281/1606 1605/280/1605 1604/279/1604
f 1606/281/1606 1604/279/1604 1607/282/1607
f 1607/282/1607 1604/279/1604 1608/283/1608
f 1608/283/1608 1609/284/1609 1607/282/1607
f 1610/284/1610 1611/283/1611 1612/285/1612
f 1613/286/1613 1610/284/1610 1612/285/1612
f 1613/286/1613 1614/154/1614 1610/284/1610
f 1610/284/1610 1614/154/1614 1615/155/1615
f 1610/284/1610 1615/155/1615 1616/282/1616
f 1616/282/1616 1615/155/1615 1617/156/1617
f 1618/281/1618 1616/282/1616 1617/156/1617
f 1618/281/1618 1617/156/1617 1619/157/1619
f 1619/157/1619 1620/280/1620 1618/281/1618
f 1619/157/1619 1621/179/1621 1620/280/1620
f 1620/280/1620 1621/179/1621 1622/278/1622
f 1621/179/1621 1623/180/1623 1622/278/1622
f 1624/276/1624 1622/278/1622 1623/180/1623
f 1624/276/1624 1623/180/1623 1625/259/1625
f 1626/275/1626 1627/276/1627 1628/259/1628
f 1626/275/1626 1628/259/1628 1629/242/1629
f 1630/274/1630 1626/275/1626 1629/242/1629
f 1631/244/1631 1632/269/1632 1630/274/1630
f 1631/244/1631 1633/243/1633 1632/269/1632
f 1634/272/1634 1632/269/1632 1633/243/1633
f 1633/243/1633 1635/287/1635 1634/272/1634
usemtl tex_1798_lit_w11
f 1636/289/1636 1637/288/1637 1638/127/1638
f 1637/288/1637 1639/136/1639 1638/127/1638
usemtl tex_1797_lit_w11
f 1640/293/1640 1641/292/1641 1642/294/1642
f 1642/294/1642 1643/295/1643 1640/293/1640
f 1644/291/1644 1645/263/1645 1646/300/1646
f 1641/292/1641 1644/291/1644 1646/300/1646
f 1647/301/1647 1641/292/1641 1646/300/1646
f 1647/301/1647 1642/294/1642 1641/292/1641
usemtl tex_1798_lit_w11
f 1648/302/1648 1649/289/1649 1650/127/1650
f 1651/303/1651 1648/302/1648 1650/127/1650
f 1650/127/1650 1652/304/1652 1651/303/1651
f 1653/125/1653 1652/304/1652 1650/127/1650
f 1654/126/1654 1652/304/1652 1653/125/1653
usemtl tex_1797_lit_w11
f 1655/306/1655 1656/305/1656 1657/128/1657
f 1655/306/1655 1657/128/1657 1658/129/1658
f 1658/129/1658 1659/130/1659 1655/306/1655
usemtl tex_1794_lit_w11
f 1660/274/1660 1661/242/1661 1662/244/1662
f 1663/275/1663 1664/273/1664 1665/276/1665
f 1666/277/1666 1664/273/1664 1667/5/1667
f 1666/277/1666 1667/5/1667 1668/7/1668
f 1669/4/1669 1667/5/1667 1664/273/1664
f 1670/279/1670 1671/7/1671 1672/9/1672
f 1673/283/1673 1670/279/1670 1672/9/1672
f 1674/10/1674 1673/283/1673 1672/9/1672
f 1675/285/1675 1673/283/1673 1674/10/1674
usemtl tex_1797_lit_w11
f 1676/295/1676 1677/312/1677 1678/311/1678
f 1679/293/1679 1676/295/1676 1678/311/1678
f 1679/293/1679 1678/311/1678 1680/313/1680
f 1681/290/1681 1679/293/1679 1680/313/1680
usemtl tex_1798_lit_w11
f 1682/23/1682 1683/304/1683 1684/25/1684
f 1682/23/1682 1685/303/1685 1683/304/1683
f 1686/303/1686 1687/23/1687 1688/302/1688
usemtl tex_1794_lit_w11
f 1689/271/1689 1690/28/1690 1691/3/1691
f 1692/270/1692 1689/271/1689 1691/3/1691
f 1693/273/1693 1692/270/1692 1691/3/1691
f 1693/273/1693 1691/3/1691 1694/4/1694
f 1695/277/1695 1696/7/1696 1697/279/1697
usemtl tex_1505_lit_sec_w11
f 1698/378/1698 1699/377/1699 1700/376/1700
f 1698/378/1698 1700/376/1700 1701/375/1701
f 1702/378/1702 1703/377/1703 1704/376/1704
f 1702/378/1702 1704/376/1704 1705/375/1705
usemtl tex_1796_lit_w11
f 1706/183/1706 1707/182/1707 1708/181/1708
f 1709/184/1709 1707/182/1707 1706/183/1706
f 1710/185/1710 1707/182/1707 1709/184/1709
f 1706/183/1706 1708/181/1708 1711/186/1711
f 1708/181/1708 1712/187/1712 1711/186/1711
f 1707/182/1707 1710/185/1710 1713/188/1713
f 1714/189/1714 1707/182/1707 1713/188/1713
f 1715/190/1715 1707/182/1707 1714/189/1714
f 1708/181/1708 1707/182/1707 1715/190/1715
f 1708/181/1708 1715/190/1715 1712/187/1712
f 1711/186/1711 1716/191/1716 1706/183/1706
f 1706/183/1706 1716/191/1716 1717/192/1717
f 1706/183/1706 1717/192/1717 1709/184/1709
f 1709/184/1709 1717/192/1717 1718/193/1718
f 1709/184/1709 1718/193/1718 1710/185/1710
f 1710/185/1710 1718/193/1718 1719/194/1719
f 1710/185/1710 1719/194/1719 1713/188/1713
f 1713/188/1713 1719/194/1719 1720/195/1720
f 1713/188/1713 1720/195/1720 1714/189/1714
f 1714/189/1714 1720/195/1720 1721/196/1721
f 1714/189/1714 1721/196/1721 1715/190/1715
f 1722/190/1722 1723/196/1723 1724/197/1724
f 1722/190/1722 1724/197/1724 1725/187/1725
f 1725/187/1725 1724/197/1724 1726/198/1726
f 1725/187/1725 1726/198/1726 1727/186/1727
f 1727/186/1727 1726/198/1726 1728/191/1728
usemtl tex_1795_lit_w11
f 1729/201/1729 1730/200/1730 1731/199/1731
f 1730/200/1730 1732/202/1732 1731/199/1731
f 1731/199/1731 1732/202/1732 1733/203/1733
f 1733/203/1733 1732/202/1732 1734/204/1734
f 1735/205/1735 1733/203/1733 1734/204/1734
f 1735/205/1735 1734/204/1734 1736/206/1736
f 1736/206/1736 1737/746/1737 1735/205/1735
f 1738/746/1738 1739/208/1739 1740/205/1740
f 1741/200/1741 1742/201/1742 1743/209/1743
usemtl tex_1794_lit_w11
f 1744/747/1744 1745/748/1745 1746/749/1746
f 1747/750/1747 1745/748/1745 1744/747/1744
f 1748/751/1748 1747/750/1747 1744/747/1744
f 1749/752/1749 1747/750/1747 1748/751/1748
f 1750/753/1750 1749/752/1749 1748/751/1748
f 1751/206/1751 1749/752/1749 1750/753/1750
f 1752/751/1752 1751/206/1751 1750/753/1750
f 1738/746/1738 1751/206/1751 1752/751/1752
f 1753/237/1753 1738/746/1738 1752/751/1752
f 1754/216/1754 1755/746/1755 1756/237/1756
f 1757/239/1757 1754/216/1754 1756/237/1756
f 1758/754/1758 1754/216/1754 1757/239/1757
f 1759/241/1759 1758/754/1758 1757/239/1757
f 1760/755/1760 1758/754/1758 1759/241/1759
f 1761/749/1761 1760/755/1760 1759/241/1759
f 1762/748/1762 1760/755/1760 1761/749/1761
f 1763/229/1763 1764/747/1764 1765/227/1765
f 1766/751/1766 1764/747/1764 1763/229/1763
f 1766/751/1766 1763/229/1763 1767/231/1767
f 1768/233/1768 1766/751/1766 1767/231/1767
f 1769/753/1769 1766/751/1766 1768/233/1768
f 1770/753/1770 1771/233/1771 1772/235/1772
f 1772/235/1772 1773/751/1773 1770/753/1770
f 1774/227/1774 1775/747/1775 1776/749/1776
f 1776/749/1776 1777/241/1777 1774/227/1774
usemtl tex_1794_lit_w11_ovl
f 1778/228/1778 1774/227/1774 1779/226/1779
f 1780/229/1780 1774/227/1774 1778/228/1778
usemtl tex_1794_lit_w11
f 1781/230/1781 1780/229/1780 1778/228/1778
f 1782/231/1782 1780/229/1780 1781/230/1781
f 1783/232/1783 1782/231/1782 1781/230/1781
f 1771/233/1771 1782/231/1782 1783/232/1783
f 1784/234/1784 1771/233/1771 1783/232/1783
f 1772/235/1772 1771/233/1771 1784/234/1784
f 1785/236/1785 1772/235/1772 1784/234/1784
f 1786/237/1786 1787/235/1787 1788/236/1788
f 1789/238/1789 1786/237/1786 1788/236/1788
f 1790/239/1790 1786/237/1786 1789/238/1789
f 1791/240/1791 1790/239/1790 1789/238/1789
f 1792/241/1792 1790/239/1790 1791/240/1791
f 1793/226/1793 1792/241/1792 1791/240/1791
f 1794/227/1794 1792/241/1792 1793/226/1793
f 1795/243/1795 1796/244/1796 1802/228/1802
f 1797/309/1797 1803/307/1803 1804/310/1804
f 1797/309/1797 1798/308/1798 1803/307/1803
f 1799/287/1799 1795/243/1795 1805/226/1805
f 1806/232/1806 1800/242/1800 1801/234/1801
f 1795/243/1795 1802/228/1802 1805/226/1805
f 1800/242/1800 1806/232/1806 1807/230/1807
f 1807/230/1807 1796/244/1796 1800/242/1800
f 1802/228/1802 1796/244/1796 1807/230/1807
f 1797/309/1797 1808/238/1808 1809/756/1809
f 1808/238/1808 1797/309/1797 1804/310/1804
