mtllib PhelicopterZ.mtl
v 313.5 996.9478759765625 -2006.69873046875 1.000 1.000 1.000
v 302.5 965.9478759765625 -2019.69873046875 1.000 1.000 1.000
v 315.5 968.9478759765625 -1947.69873046875 1.000 1.000 1.000
v 313.5 996.9478759765625 -2006.69873046875 1.000 1.000 1.000
v 330.5 960.9478759765625 -1946.69873046875 1.000 1.000 1.000
v 321.5 942.9478759765625 -1953.69873046875 1.000 1.000 1.000
v 343.5 985.9478759765625 -2020.69873046875 1.000 1.000 1.000
v 326.5 957.9478759765625 -2026.69873046875 1.000 1.000 1.000
v 307.5 948.9478759765625 -1954.69873046875 1.000 1.000 1.000
v 343.5 985.9478759765625 -2020.69873046875 1.000 1.000 1.000
v 251.5 966.9478759765625 -1939.69873046875 1.000 1.000 1.000
v 263.5 968.9478759765625 -2026.69873046875 1.000 1.000 1.000
v 255.5 993.9478759765625 -1998.69873046875 1.000 1.000 1.000
v 237.5 959.9478759765625 -1938.69873046875 1.000 1.000 1.000
v 255.5 993.9478759765625 -1998.69873046875 1.000 1.000 1.000
v 225.5 984.9478759765625 -2012.69873046875 1.000 1.000 1.000
v 245.5 940.9478759765625 -1946.69873046875 1.000 1.000 1.000
v 237.5 959.9478759765625 -1938.69873046875 1.000 1.000 1.000
v 259.5 945.9478759765625 -1947.69873046875 1.000 1.000 1.000
v 239.5 957.9478759765625 -2018.69873046875 1.000 1.000 1.000
v 255.5 993.9478759765625 -1998.69873046875 1.000 1.000 1.000
v 251.5 966.9478759765625 -1939.69873046875 1.000 1.000 1.000
v 263.5 968.9478759765625 -2026.69873046875 1.000 1.000 1.000
v 225.5 984.9478759765625 -2012.69873046875 1.000 1.000 1.000
v 357.5 1432.9478759765625 -4244.69873046875 1.000 1.000 1.000
v 357.5 1432.9478759765625 -4439.69873046875 1.000 1.000 1.000
v 292.5 1692.9478759765625 -4244.69873046875 1.000 1.000 1.000
v 292.5 1692.9478759765625 -4439.69873046875 1.000 1.000 1.000
v -97.5 1692.9478759765625 -4244.69873046875 1.000 1.000 1.000
v -97.5 1692.9478759765625 -4439.69873046875 1.000 1.000 1.000
v -162.5 1432.9478759765625 -4244.69873046875 1.000 1.000 1.000
v -162.5 1432.9478759765625 -4244.69873046875 1.000 1.000 1.000
v -97.5 1692.9478759765625 -4439.69873046875 1.000 1.000 1.000
v -162.5 1432.9478759765625 -4439.69873046875 1.000 1.000 1.000
v 252.5 961.9478759765625 -2081.69873046875 1.000 1.000 1.000
v 242.5 989.9478759765625 -2097.69873046875 1.000 1.000 1.000
v 248.5 964.9478759765625 -2101.69873046875 1.000 1.000 1.000
v 261.5 1000.9478759765625 -2052.69873046875 1.000 1.000 1.000
v 271.5 957.9478759765625 -2062.69873046875 1.000 1.000 1.000
v 258.5 959.9478759765625 -2065.69873046875 1.000 1.000 1.000
v 285.5 1003.9478759765625 -2049.69873046875 1.000 1.000 1.000
v 299.5 958.9478759765625 -2062.69873046875 1.000 1.000 1.000
v 286.5 956.9478759765625 -2061.69873046875 1.000 1.000 1.000
v 316.5 1000.9478759765625 -2052.69873046875 1.000 1.000 1.000
v 321.5 961.9478759765625 -2081.69873046875 1.000 1.000 1.000
v 312.5 959.9478759765625 -2065.69873046875 1.000 1.000 1.000
v 330.5 990.9478759765625 -2096.69873046875 1.000 1.000 1.000
v 324.5 964.9478759765625 -2101.69873046875 1.000 1.000 1.000
v 330.5 990.9478759765625 -2096.69873046875 1.000 1.000 1.000
v 321.5 961.9478759765625 -2081.69873046875 1.000 1.000 1.000
v 258.5 959.9478759765625 -2065.69873046875 1.000 1.000 1.000
v 261.5 1000.9478759765625 -2052.69873046875 1.000 1.000 1.000
v 252.5 961.9478759765625 -2081.69873046875 1.000 1.000 1.000
v 312.5 959.9478759765625 -2065.69873046875 1.000 1.000 1.000
v 316.5 1000.9478759765625 -2052.69873046875 1.000 1.000 1.000
v 299.5 958.9478759765625 -2062.69873046875 1.000 1.000 1.000
v 286.5 956.9478759765625 -2061.69873046875 1.000 1.000 1.000
v 285.5 1003.9478759765625 -2049.69873046875 1.000 1.000 1.000
v 271.5 957.9478759765625 -2062.69873046875 1.000 1.000 1.000
v 259.5 1012.9478759765625 -2039.69873046875 1.000 1.000 1.000
v 231.5 1020.9478759765625 -2061.69873046875 1.000 1.000 1.000
v 251.5 1057.9478759765625 -2054.69873046875 1.000 1.000 1.000
v 285.5 1026.9478759765625 -2047.69873046875 1.000 1.000 1.000
v 317.5 1057.9478759765625 -2054.69873046875 1.000 1.000 1.000
v 342.5 1020.9478759765625 -2061.69873046875 1.000 1.000 1.000
v 336.5 1041.9478759765625 -2073.69873046875 1.000 1.000 1.000
v 332.5 1026.9478759765625 -2046.69873046875 1.000 1.000 1.000
v 320.5 1021.9478759765625 -2036.69873046875 1.000 1.000 1.000
v 312.5 1012.9478759765625 -2039.69873046875 1.000 1.000 1.000
v 252.5 1019.9478759765625 -2037.69873046875 1.000 1.000 1.000
v 259.5 1012.9478759765625 -2039.69873046875 1.000 1.000 1.000
v 316.5 1000.9478759765625 -2052.69873046875 1.000 1.000 1.000
v 265.5 1095.9478759765625 -2089.69873046875 1.000 1.000 1.000
v 230.5 1085.9478759765625 -2104.69873046875 1.000 1.000 1.000
v 231.5 1086.9478759765625 -2086.69873046875 1.000 1.000 1.000
v 261.5 1000.9478759765625 -2052.69873046875 1.000 1.000 1.000
v 285.5 1003.9478759765625 -2049.69873046875 1.000 1.000 1.000
v 342.5 1020.9478759765625 -2061.69873046875 1.000 1.000 1.000
v 330.5 990.9478759765625 -2096.69873046875 1.000 1.000 1.000
v 336.5 1041.9478759765625 -2073.69873046875 1.000 1.000 1.000
v 259.5 1012.9478759765625 -2039.69873046875 1.000 1.000 1.000
v 234.5 1025.9478759765625 -2046.69873046875 1.000 1.000 1.000
v 231.5 1020.9478759765625 -2061.69873046875 1.000 1.000 1.000
v 265.5 1095.9478759765625 -2089.69873046875 1.000 1.000 1.000
v 266.5 1094.9478759765625 -2108.69873046875 1.000 1.000 1.000
v 230.5 1085.9478759765625 -2104.69873046875 1.000 1.000 1.000
v 232.5 1041.9478759765625 -2073.69873046875 1.000 1.000 1.000
v 261.5 1000.9478759765625 -2052.69873046875 1.000 1.000 1.000
v 242.5 989.9478759765625 -2097.69873046875 1.000 1.000 1.000
v 332.5 1026.9478759765625 -2046.69873046875 1.000 1.000 1.000
v 312.5 1012.9478759765625 -2039.69873046875 1.000 1.000 1.000
v 285.5 1026.9478759765625 -2047.69873046875 1.000 1.000 1.000
v 320.5 1021.9478759765625 -2036.69873046875 1.000 1.000 1.000
v 317.5 1057.9478759765625 -2054.69873046875 1.000 1.000 1.000
v 304.5 1094.9478759765625 -2107.69873046875 1.000 1.000 1.000
v 306.5 1095.9478759765625 -2089.69873046875 1.000 1.000 1.000
v 341.5 1084.9478759765625 -2104.69873046875 1.000 1.000 1.000
v 330.5 990.9478759765625 -2096.69873046875 1.000 1.000 1.000
v 339.5 1041.9478759765625 -2109.69873046875 1.000 1.000 1.000
v 336.5 1041.9478759765625 -2073.69873046875 1.000 1.000 1.000
v 251.5 1057.9478759765625 -2054.69873046875 1.000 1.000 1.000
v 285.5 1083.9478759765625 -2074.69873046875 1.000 1.000 1.000
v 265.5 1095.9478759765625 -2089.69873046875 1.000 1.000 1.000
v 231.5 1020.9478759765625 -2061.69873046875 1.000 1.000 1.000
v 232.5 1041.9478759765625 -2073.69873046875 1.000 1.000 1.000
v 242.5 989.9478759765625 -2097.69873046875 1.000 1.000 1.000
v 312.5 1012.9478759765625 -2039.69873046875 1.000 1.000 1.000
v 285.5 1003.9478759765625 -2049.69873046875 1.000 1.000 1.000
v 316.5 1000.9478759765625 -2052.69873046875 1.000 1.000 1.000
v 341.5 1085.9478759765625 -2086.69873046875 1.000 1.000 1.000
v 341.5 1084.9478759765625 -2104.69873046875 1.000 1.000 1.000
v 306.5 1095.9478759765625 -2089.69873046875 1.000 1.000 1.000
v 232.5 1071.9478759765625 -2072.69873046875 1.000 1.000 1.000
v 232.5 1041.9478759765625 -2073.69873046875 1.000 1.000 1.000
v 251.5 1057.9478759765625 -2054.69873046875 1.000 1.000 1.000
v 285.5 1026.9478759765625 -2047.69873046875 1.000 1.000 1.000
v 252.5 1019.9478759765625 -2037.69873046875 1.000 1.000 1.000
v 234.5 1025.9478759765625 -2046.69873046875 1.000 1.000 1.000
v 259.5 1012.9478759765625 -2039.69873046875 1.000 1.000 1.000
v 317.5 1057.9478759765625 -2054.69873046875 1.000 1.000 1.000
v 285.5 1083.9478759765625 -2074.69873046875 1.000 1.000 1.000
v 332.5 1026.9478759765625 -2046.69873046875 1.000 1.000 1.000
v 336.5 1041.9478759765625 -2073.69873046875 1.000 1.000 1.000
v 317.5 1057.9478759765625 -2054.69873046875 1.000 1.000 1.000
v 320.5 1021.9478759765625 -2036.69873046875 1.000 1.000 1.000
v 232.5 1071.9478759765625 -2072.69873046875 1.000 1.000 1.000
v 251.5 1057.9478759765625 -2054.69873046875 1.000 1.000 1.000
v 231.5 1086.9478759765625 -2086.69873046875 1.000 1.000 1.000
v 342.5 1020.9478759765625 -2061.69873046875 1.000 1.000 1.000
v 316.5 1000.9478759765625 -2052.69873046875 1.000 1.000 1.000
v 330.5 990.9478759765625 -2096.69873046875 1.000 1.000 1.000
v 312.5 1012.9478759765625 -2039.69873046875 1.000 1.000 1.000
v 341.5 1068.9478759765625 -2073.69873046875 1.000 1.000 1.000
v 341.5 1085.9478759765625 -2086.69873046875 1.000 1.000 1.000
v 306.5 1095.9478759765625 -2089.69873046875 1.000 1.000 1.000
v 232.5 1041.9478759765625 -2073.69873046875 1.000 1.000 1.000
v 234.5 1043.9478759765625 -2108.69873046875 1.000 1.000 1.000
v 242.5 989.9478759765625 -2097.69873046875 1.000 1.000 1.000
v 251.5 1057.9478759765625 -2054.69873046875 1.000 1.000 1.000
v 317.5 1057.9478759765625 -2054.69873046875 1.000 1.000 1.000
v 285.5 1083.9478759765625 -2074.69873046875 1.000 1.000 1.000
v 285.5 1083.9478759765625 -2074.69873046875 1.000 1.000 1.000
v 285.5 1103.9478759765625 -2076.69873046875 1.000 1.000 1.000
v 269.5 1114.9478759765625 -2087.69873046875 1.000 1.000 1.000
v 299.5 1109.9478759765625 -2109.69873046875 1.000 1.000 1.000
v 306.5 1095.9478759765625 -2089.69873046875 1.000 1.000 1.000
v 304.5 1094.9478759765625 -2107.69873046875 1.000 1.000 1.000
v 304.5 1115.9478759765625 -2085.69873046875 1.000 1.000 1.000
v 265.5 1095.9478759765625 -2089.69873046875 1.000 1.000 1.000
v 273.5 1109.9478759765625 -2108.69873046875 1.000 1.000 1.000
v 266.5 1094.9478759765625 -2108.69873046875 1.000 1.000 1.000
v 273.5 1109.9478759765625 -2108.69873046875 1.000 1.000 1.000
v 287.5 1097.9478759765625 -2112.69873046875 1.000 1.000 1.000
v 266.5 1094.9478759765625 -2108.69873046875 1.000 1.000 1.000
v 299.5 1109.9478759765625 -2109.69873046875 1.000 1.000 1.000
v 304.5 1094.9478759765625 -2107.69873046875 1.000 1.000 1.000
v 306.5 1095.9478759765625 -2089.69873046875 1.000 1.000 1.000
v 304.5 1115.9478759765625 -2085.69873046875 1.000 1.000 1.000
v 320.5 968.9478759765625 -2044.69873046875 1.000 1.000 1.000
v 302.5 965.9478759765625 -2019.69873046875 1.000 1.000 1.000
v 307.5 976.9478759765625 -2045.69873046875 1.000 1.000 1.000
v 326.5 957.9478759765625 -2026.69873046875 1.000 1.000 1.000
v 343.5 988.9478759765625 -2050.69873046875 1.000 1.000 1.000
v 326.5 957.9478759765625 -2026.69873046875 1.000 1.000 1.000
v 329.5 965.9478759765625 -2045.69873046875 1.000 1.000 1.000
v 341.5 984.9478759765625 -2036.69873046875 1.000 1.000 1.000
v 343.5 985.9478759765625 -2020.69873046875 1.000 1.000 1.000
v 334.5 995.9478759765625 -2035.69873046875 1.000 1.000 1.000
v 343.5 985.9478759765625 -2020.69873046875 1.000 1.000 1.000
v 341.5 984.9478759765625 -2036.69873046875 1.000 1.000 1.000
v 313.5 996.9478759765625 -2006.69873046875 1.000 1.000 1.000
v 313.5 991.9478759765625 -2037.69873046875 1.000 1.000 1.000
v 313.5 996.9478759765625 -2006.69873046875 1.000 1.000 1.000
v 318.5 1004.9478759765625 -2033.69873046875 1.000 1.000 1.000
v 302.5 965.9478759765625 -2019.69873046875 1.000 1.000 1.000
v 318.5 1004.9478759765625 -2033.69873046875 1.000 1.000 1.000
v 341.5 984.9478759765625 -2036.69873046875 1.000 1.000 1.000
v 326.5 957.9478759765625 -2026.69873046875 1.000 1.000 1.000
v 343.5 988.9478759765625 -2050.69873046875 1.000 1.000 1.000
v 329.5 965.9478759765625 -2045.69873046875 1.000 1.000 1.000
v 326.5 957.9478759765625 -2026.69873046875 1.000 1.000 1.000
v 320.5 968.9478759765625 -2044.69873046875 1.000 1.000 1.000
v 307.5 976.9478759765625 -2045.69873046875 1.000 1.000 1.000
v 307.5 976.9478759765625 -2045.69873046875 1.000 1.000 1.000
v 314.5 993.9478759765625 -2034.69873046875 1.000 1.000 1.000
v 315.5 998.9478759765625 -2059.69873046875 1.000 1.000 1.000
v 320.5 968.9478759765625 -2044.69873046875 1.000 1.000 1.000
v 307.5 976.9478759765625 -2045.69873046875 1.000 1.000 1.000
v 315.5 998.9478759765625 -2059.69873046875 1.000 1.000 1.000
v 329.5 965.9478759765625 -2045.69873046875 1.000 1.000 1.000
v 338.5 984.9478759765625 -2060.69873046875 1.000 1.000 1.000
v 343.5 988.9478759765625 -2050.69873046875 1.000 1.000 1.000
v 329.5 965.9478759765625 -2045.69873046875 1.000 1.000 1.000
v 338.5 984.9478759765625 -2060.69873046875 1.000 1.000 1.000
v 341.5 984.9478759765625 -2036.69873046875 1.000 1.000 1.000
v 351.5 1012.9478759765625 -2055.69873046875 1.000 1.000 1.000
v 334.5 994.9478759765625 -2026.69873046875 1.000 1.000 1.000
v 341.5 984.9478759765625 -2036.69873046875 1.000 1.000 1.000
v 351.5 1012.9478759765625 -2055.69873046875 1.000 1.000 1.000
v 317.5 1002.9478759765625 -2024.69873046875 1.000 1.000 1.000
v 334.5 994.9478759765625 -2026.69873046875 1.000 1.000 1.000
v 321.5 1016.9478759765625 -2037.69873046875 1.000 1.000 1.000
v 314.5 993.9478759765625 -2034.69873046875 1.000 1.000 1.000
v 317.5 1002.9478759765625 -2024.69873046875 1.000 1.000 1.000
v 321.5 1016.9478759765625 -2037.69873046875 1.000 1.000 1.000
v 351.5 1012.9478759765625 -2055.69873046875 1.000 1.000 1.000
v 338.5 984.9478759765625 -2060.69873046875 1.000 1.000 1.000
v 320.5 968.9478759765625 -2044.69873046875 1.000 1.000 1.000
v 315.5 998.9478759765625 -2059.69873046875 1.000 1.000 1.000
v 315.5 998.9478759765625 -2059.69873046875 1.000 1.000 1.000
v 351.5 1012.9478759765625 -2055.69873046875 1.000 1.000 1.000
v 343.5 988.9478759765625 -2050.69873046875 1.000 1.000 1.000
v 338.5 984.9478759765625 -2060.69873046875 1.000 1.000 1.000
v 322.5 1042.9478759765625 -2100.69873046875 1.000 1.000 1.000
v 328.5 1062.9478759765625 -2072.69873046875 1.000 1.000 1.000
v 353.5 1053.9478759765625 -2119.69873046875 1.000 1.000 1.000
v 365.5 1061.9478759765625 -2081.69873046875 1.000 1.000 1.000
v 351.5 1012.9478759765625 -2055.69873046875 1.000 1.000 1.000
v 360.5 1063.9478759765625 -2110.69873046875 1.000 1.000 1.000
v 328.5 1062.9478759765625 -2072.69873046875 1.000 1.000 1.000
v 351.5 1012.9478759765625 -2055.69873046875 1.000 1.000 1.000
v 365.5 1061.9478759765625 -2081.69873046875 1.000 1.000 1.000
v 360.5 1063.9478759765625 -2110.69873046875 1.000 1.000 1.000
v 363.5 1068.9478759765625 -2099.69873046875 1.000 1.000 1.000
v 321.5 1016.9478759765625 -2037.69873046875 1.000 1.000 1.000
v 322.5 1042.9478759765625 -2100.69873046875 1.000 1.000 1.000
v 338.5 984.9478759765625 -2060.69873046875 1.000 1.000 1.000
v 315.5 998.9478759765625 -2059.69873046875 1.000 1.000 1.000
v 353.5 1053.9478759765625 -2119.69873046875 1.000 1.000 1.000
v 338.5 984.9478759765625 -2060.69873046875 1.000 1.000 1.000
v 322.5 1042.9478759765625 -2100.69873046875 1.000 1.000 1.000
v 322.5 1042.9478759765625 -2100.69873046875 1.000 1.000 1.000
v 328.5 1062.9478759765625 -2072.69873046875 1.000 1.000 1.000
v 328.5 1062.9478759765625 -2072.69873046875 1.000 1.000 1.000
v 365.5 1061.9478759765625 -2081.69873046875 1.000 1.000 1.000
v 341.5 1085.9478759765625 -2086.69873046875 1.000 1.000 1.000
v 363.5 1068.9478759765625 -2099.69873046875 1.000 1.000 1.000
v 341.5 1084.9478759765625 -2104.69873046875 1.000 1.000 1.000
v 360.5 1063.9478759765625 -2110.69873046875 1.000 1.000 1.000
v 340.5 1071.9478759765625 -2114.69873046875 1.000 1.000 1.000
v 353.5 1053.9478759765625 -2119.69873046875 1.000 1.000 1.000
v 329.5 1060.9478759765625 -2122.69873046875 1.000 1.000 1.000
v 226.5 988.9478759765625 -2026.69873046875 1.000 1.000 1.000
v 233.5 974.9478759765625 -2031.69873046875 1.000 1.000 1.000
v 225.5 984.9478759765625 -2012.69873046875 1.000 1.000 1.000
v 233.5 974.9478759765625 -2031.69873046875 1.000 1.000 1.000
v 239.5 964.9478759765625 -2036.69873046875 1.000 1.000 1.000
v 239.5 957.9478759765625 -2018.69873046875 1.000 1.000 1.000
v 259.5 978.9478759765625 -2043.69873046875 1.000 1.000 1.000
v 256.5 985.9478759765625 -2032.69873046875 1.000 1.000 1.000
v 263.5 968.9478759765625 -2026.69873046875 1.000 1.000 1.000
v 251.5 1001.9478759765625 -2027.69873046875 1.000 1.000 1.000
v 255.5 993.9478759765625 -1998.69873046875 1.000 1.000 1.000
v 236.5 994.9478759765625 -2026.69873046875 1.000 1.000 1.000
v 226.5 988.9478759765625 -2026.69873046875 1.000 1.000 1.000
v 225.5 984.9478759765625 -2012.69873046875 1.000 1.000 1.000
v 251.5 1001.9478759765625 -2027.69873046875 1.000 1.000 1.000
v 255.5 993.9478759765625 -1998.69873046875 1.000 1.000 1.000
v 239.5 964.9478759765625 -2036.69873046875 1.000 1.000 1.000
v 245.5 968.9478759765625 -2036.69873046875 1.000 1.000 1.000
v 239.5 957.9478759765625 -2018.69873046875 1.000 1.000 1.000
v 245.5 968.9478759765625 -2036.69873046875 1.000 1.000 1.000
v 259.5 978.9478759765625 -2043.69873046875 1.000 1.000 1.000
v 263.5 968.9478759765625 -2026.69873046875 1.000 1.000 1.000
v 255.5 993.9478759765625 -1998.69873046875 1.000 1.000 1.000
v 236.5 994.9478759765625 -2026.69873046875 1.000 1.000 1.000
v 225.5 984.9478759765625 -2012.69873046875 1.000 1.000 1.000
v 263.5 968.9478759765625 -2026.69873046875 1.000 1.000 1.000
v 256.5 985.9478759765625 -2032.69873046875 1.000 1.000 1.000
v 255.5 993.9478759765625 -1998.69873046875 1.000 1.000 1.000
v 239.5 957.9478759765625 -2018.69873046875 1.000 1.000 1.000
v 225.5 984.9478759765625 -2012.69873046875 1.000 1.000 1.000
v 233.5 974.9478759765625 -2031.69873046875 1.000 1.000 1.000
v 239.5 957.9478759765625 -2018.69873046875 1.000 1.000 1.000
v 253.5 996.9478759765625 -2051.69873046875 1.000 1.000 1.000
v 231.5 984.9478759765625 -2052.69873046875 1.000 1.000 1.000
v 233.5 974.9478759765625 -2031.69873046875 1.000 1.000 1.000
v 231.5 984.9478759765625 -2052.69873046875 1.000 1.000 1.000
v 239.5 964.9478759765625 -2036.69873046875 1.000 1.000 1.000
v 219.5 1013.9478759765625 -2047.69873046875 1.000 1.000 1.000
v 236.5 994.9478759765625 -2026.69873046875 1.000 1.000 1.000
v 219.5 1013.9478759765625 -2047.69873046875 1.000 1.000 1.000
v 226.5 988.9478759765625 -2026.69873046875 1.000 1.000 1.000
v 248.5 1014.9478759765625 -2029.69873046875 1.000 1.000 1.000
v 256.5 985.9478759765625 -2032.69873046875 1.000 1.000 1.000
v 248.5 1014.9478759765625 -2029.69873046875 1.000 1.000 1.000
v 251.5 1001.9478759765625 -2027.69873046875 1.000 1.000 1.000
v 253.5 996.9478759765625 -2051.69873046875 1.000 1.000 1.000
v 251.5 1001.9478759765625 -2027.69873046875 1.000 1.000 1.000
v 259.5 978.9478759765625 -2043.69873046875 1.000 1.000 1.000
v 239.5 964.9478759765625 -2036.69873046875 1.000 1.000 1.000
v 231.5 984.9478759765625 -2052.69873046875 1.000 1.000 1.000
v 245.5 968.9478759765625 -2036.69873046875 1.000 1.000 1.000
v 226.5 988.9478759765625 -2026.69873046875 1.000 1.000 1.000
v 219.5 1013.9478759765625 -2047.69873046875 1.000 1.000 1.000
v 233.5 974.9478759765625 -2031.69873046875 1.000 1.000 1.000
v 248.5 1014.9478759765625 -2029.69873046875 1.000 1.000 1.000
v 253.5 996.9478759765625 -2051.69873046875 1.000 1.000 1.000
v 250.5 1042.9478759765625 -2092.69873046875 1.000 1.000 1.000
v 241.5 1060.9478759765625 -2064.69873046875 1.000 1.000 1.000
v 216.5 1054.9478759765625 -2113.69873046875 1.000 1.000 1.000
v 250.5 1042.9478759765625 -2092.69873046875 1.000 1.000 1.000
v 212.5 1062.9478759765625 -2105.69873046875 1.000 1.000 1.000
v 216.5 1054.9478759765625 -2113.69873046875 1.000 1.000 1.000
v 208.5 1059.9478759765625 -2072.69873046875 1.000 1.000 1.000
v 253.5 996.9478759765625 -2051.69873046875 1.000 1.000 1.000
v 208.5 1059.9478759765625 -2072.69873046875 1.000 1.000 1.000
v 208.5 1068.9478759765625 -2092.69873046875 1.000 1.000 1.000
v 212.5 1062.9478759765625 -2105.69873046875 1.000 1.000 1.000
v 219.5 1013.9478759765625 -2047.69873046875 1.000 1.000 1.000
v 248.5 1014.9478759765625 -2029.69873046875 1.000 1.000 1.000
v 241.5 1060.9478759765625 -2064.69873046875 1.000 1.000 1.000
v 216.5 1054.9478759765625 -2113.69873046875 1.000 1.000 1.000
v 208.5 1059.9478759765625 -2072.69873046875 1.000 1.000 1.000
v 231.5 984.9478759765625 -2052.69873046875 1.000 1.000 1.000
v 219.5 1013.9478759765625 -2047.69873046875 1.000 1.000 1.000
v 231.5 1073.9478759765625 -2115.69873046875 1.000 1.000 1.000
v 212.5 1062.9478759765625 -2105.69873046875 1.000 1.000 1.000
v 230.5 1085.9478759765625 -2104.69873046875 1.000 1.000 1.000
v 208.5 1068.9478759765625 -2092.69873046875 1.000 1.000 1.000
v 231.5 1086.9478759765625 -2086.69873046875 1.000 1.000 1.000
v 241.5 1060.9478759765625 -2064.69873046875 1.000 1.000 1.000
v 241.5 1060.9478759765625 -2064.69873046875 1.000 1.000 1.000
v 241.5 1060.9478759765625 -2064.69873046875 1.000 1.000 1.000
v 250.5 1042.9478759765625 -2092.69873046875 1.000 1.000 1.000
v 250.5 1042.9478759765625 -2092.69873046875 1.000 1.000 1.000
v 241.5 1044.9478759765625 -2121.69873046875 1.000 1.000 1.000
v 216.5 1054.9478759765625 -2113.69873046875 1.000 1.000 1.000
v 231.5 1073.9478759765625 -2115.69873046875 1.000 1.000 1.000
v 212.5 1062.9478759765625 -2105.69873046875 1.000 1.000 1.000
v 279.5 723.9478759765625 -1972.69873046875 1.000 1.000 1.000
v 270.5 704.9478759765625 -1959.69873046875 1.000 1.000 1.000
v 274.5 705.9478759765625 -1991.69873046875 1.000 1.000 1.000
v 253.5 719.9478759765625 -1945.69873046875 1.000 1.000 1.000
v 249.5 705.9478759765625 -1959.69873046875 1.000 1.000 1.000
v 227.5 723.9478759765625 -1974.69873046875 1.000 1.000 1.000
v 247.5 704.9478759765625 -1990.69873046875 1.000 1.000 1.000
v 255.5 714.9478759765625 -2007.69873046875 1.000 1.000 1.000
v 240.5 822.9478759765625 -1990.69873046875 1.000 1.000 1.000
v 227.5 723.9478759765625 -1974.69873046875 1.000 1.000 1.000
v 229.5 825.9478759765625 -1973.69873046875 1.000 1.000 1.000
v 253.5 719.9478759765625 -1945.69873046875 1.000 1.000 1.000
v 246.5 827.9478759765625 -1942.69873046875 1.000 1.000 1.000
v 251.5 827.9478759765625 -1944.69873046875 1.000 1.000 1.000
v 279.5 723.9478759765625 -1972.69873046875 1.000 1.000 1.000
v 277.5 826.9478759765625 -1970.69873046875 1.000 1.000 1.000
v 275.5 824.9478759765625 -1996.69873046875 1.000 1.000 1.000
v 255.5 714.9478759765625 -2007.69873046875 1.000 1.000 1.000
v 252.5 823.9478759765625 -1994.69873046875 1.000 1.000 1.000
v 255.5 851.9478759765625 -2130.69873046875 1.000 1.000 1.000
v 227.5 860.9478759765625 -2057.69873046875 1.000 1.000 1.000
v 226.5 854.9478759765625 -2091.69873046875 1.000 1.000 1.000
v 255.5 828.9478759765625 -2065.69873046875 1.000 1.000 1.000
v 286.5 851.9478759765625 -2132.69873046875 1.000 1.000 1.000
v 286.5 859.9478759765625 -2053.69873046875 1.000 1.000 1.000
v 255.5 828.9478759765625 -2065.69873046875 1.000 1.000 1.000
v 286.5 851.9478759765625 -2132.69873046875 1.000 1.000 1.000
v 286.5 895.9478759765625 -2057.69873046875 1.000 1.000 1.000
v 257.5 889.9478759765625 -2044.69873046875 1.000 1.000 1.000
v 257.5 897.9478759765625 -2061.69873046875 1.000 1.000 1.000
v 227.5 860.9478759765625 -2057.69873046875 1.000 1.000 1.000
v 226.5 854.9478759765625 -2091.69873046875 1.000 1.000 1.000
v 240.5 822.9478759765625 -1990.69873046875 1.000 1.000 1.000
v 229.5 825.9478759765625 -1973.69873046875 1.000 1.000 1.000
v 246.5 827.9478759765625 -1942.69873046875 1.000 1.000 1.000
v 275.5 824.9478759765625 -1996.69873046875 1.000 1.000 1.000
v 252.5 823.9478759765625 -1994.69873046875 1.000 1.000 1.000
v 251.5 827.9478759765625 -1944.69873046875 1.000 1.000 1.000
v 277.5 826.9478759765625 -1970.69873046875 1.000 1.000 1.000
v 286.5 895.9478759765625 -2057.69873046875 1.000 1.000 1.000
v 286.5 863.9478759765625 -2053.69873046875 1.000 1.000 1.000
v 255.5 892.9478759765625 -2055.69873046875 1.000 1.000 1.000
v 286.5 851.9478759765625 -2132.69873046875 1.000 1.000 1.000
v 255.5 851.9478759765625 -2130.69873046875 1.000 1.000 1.000
v 286.5 892.9478759765625 -2137.69873046875 1.000 1.000 1.000
v 226.5 854.9478759765625 -2091.69873046875 1.000 1.000 1.000
v 228.5 905.9478759765625 -2095.69873046875 1.000 1.000 1.000
v 257.5 897.9478759765625 -2061.69873046875 1.000 1.000 1.000
v 316.5 714.9478759765625 -2007.69873046875 1.000 1.000 1.000
v 346.5 723.9478759765625 -1975.69873046875 1.000 1.000 1.000
v 325.5 704.9478759765625 -1990.69873046875 1.000 1.000 1.000
v 303.5 704.9478759765625 -1959.69873046875 1.000 1.000 1.000
v 320.5 719.9478759765625 -1946.69873046875 1.000 1.000 1.000
v 294.5 723.9478759765625 -1972.69873046875 1.000 1.000 1.000
v 298.5 705.9478759765625 -1991.69873046875 1.000 1.000 1.000
v 323.5 705.9478759765625 -1959.69873046875 1.000 1.000 1.000
v 325.5 704.9478759765625 -1990.69873046875 1.000 1.000 1.000
v 346.5 723.9478759765625 -1975.69873046875 1.000 1.000 1.000
v 303.5 704.9478759765625 -1959.69873046875 1.000 1.000 1.000
v 320.5 719.9478759765625 -1946.69873046875 1.000 1.000 1.000
v 298.5 705.9478759765625 -1991.69873046875 1.000 1.000 1.000
v 316.5 714.9478759765625 -2007.69873046875 1.000 1.000 1.000
v 304.5 824.9478759765625 -1996.69873046875 1.000 1.000 1.000
v 297.5 824.9478759765625 -1996.69873046875 1.000 1.000 1.000
v 294.5 723.9478759765625 -1972.69873046875 1.000 1.000 1.000
v 296.5 825.9478759765625 -1970.69873046875 1.000 1.000 1.000
v 321.5 826.9478759765625 -1944.69873046875 1.000 1.000 1.000
v 326.5 827.9478759765625 -1943.69873046875 1.000 1.000 1.000
v 344.5 825.9478759765625 -1974.69873046875 1.000 1.000 1.000
v 331.5 823.9478759765625 -1993.69873046875 1.000 1.000 1.000
v 331.5 823.9478759765625 -1993.69873046875 1.000 1.000 1.000
v 315.5 896.9478759765625 -2061.69873046875 1.000 1.000 1.000
v 346.5 860.9478759765625 -2057.69873046875 1.000 1.000 1.000
v 348.5 856.9478759765625 -2090.69873046875 1.000 1.000 1.000
v 316.5 889.9478759765625 -2044.69873046875 1.000 1.000 1.000
v 286.5 895.9478759765625 -2057.69873046875 1.000 1.000 1.000
v 286.5 859.9478759765625 -2053.69873046875 1.000 1.000 1.000
v 286.5 851.9478759765625 -2132.69873046875 1.000 1.000 1.000
v 314.5 829.9478759765625 -2066.69873046875 1.000 1.000 1.000
v 318.5 851.9478759765625 -2130.69873046875 1.000 1.000 1.000
v 326.5 827.9478759765625 -1943.69873046875 1.000 1.000 1.000
v 344.5 825.9478759765625 -1974.69873046875 1.000 1.000 1.000
v 331.5 823.9478759765625 -1993.69873046875 1.000 1.000 1.000
v 304.5 824.9478759765625 -1996.69873046875 1.000 1.000 1.000
v 321.5 826.9478759765625 -1944.69873046875 1.000 1.000 1.000
v 297.5 824.9478759765625 -1996.69873046875 1.000 1.000 1.000
v 296.5 825.9478759765625 -1970.69873046875 1.000 1.000 1.000
v 286.5 895.9478759765625 -2057.69873046875 1.000 1.000 1.000
v 315.5 896.9478759765625 -2061.69873046875 1.000 1.000 1.000
v 317.5 892.9478759765625 -2055.69873046875 1.000 1.000 1.000
v 286.5 892.9478759765625 -2137.69873046875 1.000 1.000 1.000
v 286.5 851.9478759765625 -2132.69873046875 1.000 1.000 1.000
v 318.5 851.9478759765625 -2130.69873046875 1.000 1.000 1.000
v 348.5 856.9478759765625 -2090.69873046875 1.000 1.000 1.000
v 286.5 863.9478759765625 -2053.69873046875 1.000 1.000 1.000
v 345.5 905.9478759765625 -2095.69873046875 1.000 1.000 1.000
v 256.5 626.9478759765625 -1989.69873046875 1.000 1.000 1.000
v 277.5 626.9478759765625 -1986.69873046875 1.000 1.000 1.000
v 233.5 627.9478759765625 -1903.69873046875 1.000 1.000 1.000
v 271.5 627.9478759765625 -1903.69873046875 1.000 1.000 1.000
v 247.5 636.9478759765625 -1910.69873046875 1.000 1.000 1.000
v 256.5 664.9478759765625 -1987.69873046875 1.000 1.000 1.000
v 257.5 665.9478759765625 -1961.69873046875 1.000 1.000 1.000
v 277.5 626.9478759765625 -1986.69873046875 1.000 1.000 1.000
v 256.5 664.9478759765625 -1987.69873046875 1.000 1.000 1.000
v 274.5 665.9478759765625 -1987.69873046875 1.000 1.000 1.000
v 233.5 627.9478759765625 -1903.69873046875 1.000 1.000 1.000
v 271.5 627.9478759765625 -1903.69873046875 1.000 1.000 1.000
v 261.5 640.9478759765625 -1907.69873046875 1.000 1.000 1.000
v 257.5 665.9478759765625 -1961.69873046875 1.000 1.000 1.000
v 247.5 636.9478759765625 -1910.69873046875 1.000 1.000 1.000
v 256.5 626.9478759765625 -1989.69873046875 1.000 1.000 1.000
v 271.5 664.9478759765625 -1961.69873046875 1.000 1.000 1.000
v 247.5 704.9478759765625 -1990.69873046875 1.000 1.000 1.000
v 249.5 705.9478759765625 -1959.69873046875 1.000 1.000 1.000
v 270.5 704.9478759765625 -1959.69873046875 1.000 1.000 1.000
v 274.5 705.9478759765625 -1991.69873046875 1.000 1.000 1.000
v 340.5 627.9478759765625 -1903.69873046875 1.000 1.000 1.000
v 295.5 626.9478759765625 -1986.69873046875 1.000 1.000 1.000
v 316.5 626.9478759765625 -1989.69873046875 1.000 1.000 1.000
v 302.5 627.9478759765625 -1903.69873046875 1.000 1.000 1.000
v 311.5 640.9478759765625 -1907.69873046875 1.000 1.000 1.000
v 326.5 636.9478759765625 -1910.69873046875 1.000 1.000 1.000
v 317.5 665.9478759765625 -1964.69873046875 1.000 1.000 1.000
v 299.5 665.9478759765625 -1987.69873046875 1.000 1.000 1.000
v 317.5 664.9478759765625 -1987.69873046875 1.000 1.000 1.000
v 302.5 664.9478759765625 -1961.69873046875 1.000 1.000 1.000
v 323.5 705.9478759765625 -1959.69873046875 1.000 1.000 1.000
v 325.5 704.9478759765625 -1990.69873046875 1.000 1.000 1.000
v 303.5 704.9478759765625 -1959.69873046875 1.000 1.000 1.000
v 298.5 705.9478759765625 -1991.69873046875 1.000 1.000 1.000
v -594.5 350.9478759765625 -3951.69873046875 1.000 1.000 1.000
v -594.5 304.9478759765625 -2326.69873046875 1.000 1.000 1.000
v -594.5 304.9478759765625 -3951.69873046875 1.000 1.000 1.000
v -594.5 350.9478759765625 -2326.69873046875 1.000 1.000 1.000
v -509.5 403.9478759765625 -2066.69873046875 1.000 1.000 1.000
v -594.5 304.9478759765625 -2326.69873046875 1.000 1.000 1.000
v -640.5 304.9478759765625 -2326.69873046875 1.000 1.000 1.000
v -594.5 304.9478759765625 -3951.69873046875 1.000 1.000 1.000
v -640.5 304.9478759765625 -3951.69873046875 1.000 1.000 1.000
v -594.5 350.9478759765625 -2326.69873046875 1.000 1.000 1.000
v -594.5 350.9478759765625 -3951.69873046875 1.000 1.000 1.000
v -509.5 403.9478759765625 -2066.69873046875 1.000 1.000 1.000
v -509.5 403.9478759765625 -2066.69873046875 1.000 1.000 1.000
v -640.5 304.9478759765625 -3951.69873046875 1.000 1.000 1.000
v -594.5 304.9478759765625 -3951.69873046875 1.000 1.000 1.000
v -594.5 350.9478759765625 -3951.69873046875 1.000 1.000 1.000
v -640.5 304.9478759765625 -3951.69873046875 1.000 1.000 1.000
v -594.5 304.9478759765625 -3658.69873046875 1.000 1.000 1.000
v -594.5 350.9478759765625 -3723.69873046875 1.000 1.000 1.000
v -357.5 587.9478759765625 -3723.69873046875 1.000 1.000 1.000
v -357.5 522.9478759765625 -3658.69873046875 1.000 1.000 1.000
v 552.5 587.9478759765625 -3723.69873046875 1.000 1.000 1.000
v 552.5 522.9478759765625 -3658.69873046875 1.000 1.000 1.000
v 789.5 304.9478759765625 -3658.69873046875 1.000 1.000 1.000
v 789.5 350.9478759765625 -3723.69873046875 1.000 1.000 1.000
v -594.5 350.9478759765625 -3658.69873046875 1.000 1.000 1.000
v -357.5 587.9478759765625 -3658.69873046875 1.000 1.000 1.000
v -357.5 587.9478759765625 -3723.69873046875 1.000 1.000 1.000
v -594.5 350.9478759765625 -3723.69873046875 1.000 1.000 1.000
v 552.5 587.9478759765625 -3723.69873046875 1.000 1.000 1.000
v -357.5 587.9478759765625 -3658.69873046875 1.000 1.000 1.000
v 552.5 587.9478759765625 -3658.69873046875 1.000 1.000 1.000
v 552.5 587.9478759765625 -3723.69873046875 1.000 1.000 1.000
v 789.5 350.9478759765625 -3658.69873046875 1.000 1.000 1.000
v 789.5 350.9478759765625 -3723.69873046875 1.000 1.000 1.000
v -357.5 587.9478759765625 -3658.69873046875 1.000 1.000 1.000
v -594.5 350.9478759765625 -3658.69873046875 1.000 1.000 1.000
v -594.5 304.9478759765625 -3658.69873046875 1.000 1.000 1.000
v -357.5 522.9478759765625 -3658.69873046875 1.000 1.000 1.000
v 552.5 587.9478759765625 -3658.69873046875 1.000 1.000 1.000
v 552.5 522.9478759765625 -3658.69873046875 1.000 1.000 1.000
v 789.5 304.9478759765625 -3658.69873046875 1.000 1.000 1.000
v 789.5 350.9478759765625 -3658.69873046875 1.000 1.000 1.000
v -594.5 304.9478759765625 -2423.69873046875 1.000 1.000 1.000
v -594.5 350.9478759765625 -2423.69873046875 1.000 1.000 1.000
v -357.5 587.9478759765625 -2423.69873046875 1.000 1.000 1.000
v -357.5 522.9478759765625 -2423.69873046875 1.000 1.000 1.000
v -594.5 304.9478759765625 -2423.69873046875 1.000 1.000 1.000
v -357.5 587.9478759765625 -2423.69873046875 1.000 1.000 1.000
v 552.5 587.9478759765625 -2423.69873046875 1.000 1.000 1.000
v 552.5 522.9478759765625 -2423.69873046875 1.000 1.000 1.000
v 789.5 304.9478759765625 -2423.69873046875 1.000 1.000 1.000
v 789.5 350.9478759765625 -2423.69873046875 1.000 1.000 1.000
v -357.5 587.9478759765625 -2358.69873046875 1.000 1.000 1.000
v -594.5 350.9478759765625 -2358.69873046875 1.000 1.000 1.000
v -594.5 304.9478759765625 -2423.69873046875 1.000 1.000 1.000
v -357.5 522.9478759765625 -2423.69873046875 1.000 1.000 1.000
v 552.5 587.9478759765625 -2358.69873046875 1.000 1.000 1.000
v 789.5 350.9478759765625 -2358.69873046875 1.000 1.000 1.000
v 789.5 350.9478759765625 -2358.69873046875 1.000 1.000 1.000
v 789.5 350.9478759765625 -2423.69873046875 1.000 1.000 1.000
v 552.5 587.9478759765625 -2423.69873046875 1.000 1.000 1.000
v 552.5 587.9478759765625 -2423.69873046875 1.000 1.000 1.000
v 552.5 587.9478759765625 -2358.69873046875 1.000 1.000 1.000
v 789.5 350.9478759765625 -2358.69873046875 1.000 1.000 1.000
v -357.5 587.9478759765625 -2358.69873046875 1.000 1.000 1.000
v -357.5 587.9478759765625 -2423.69873046875 1.000 1.000 1.000
v -594.5 350.9478759765625 -2358.69873046875 1.000 1.000 1.000
v -594.5 350.9478759765625 -2423.69873046875 1.000 1.000 1.000
v 789.5 304.9478759765625 -3951.69873046875 1.000 1.000 1.000
v 789.5 304.9478759765625 -2326.69873046875 1.000 1.000 1.000
v 789.5 350.9478759765625 -3951.69873046875 1.000 1.000 1.000
v 789.5 350.9478759765625 -2326.69873046875 1.000 1.000 1.000
v 704.5 403.9478759765625 -2066.69873046875 1.000 1.000 1.000
v 835.5 304.9478759765625 -2326.69873046875 1.000 1.000 1.000
v 789.5 350.9478759765625 -3951.69873046875 1.000 1.000 1.000
v 789.5 350.9478759765625 -2326.69873046875 1.000 1.000 1.000
v 835.5 304.9478759765625 -3951.69873046875 1.000 1.000 1.000
v 835.5 304.9478759765625 -3951.69873046875 1.000 1.000 1.000
v 789.5 350.9478759765625 -2326.69873046875 1.000 1.000 1.000
v 835.5 304.9478759765625 -2326.69873046875 1.000 1.000 1.000
v 704.5 403.9478759765625 -2066.69873046875 1.000 1.000 1.000
v 835.5 304.9478759765625 -2326.69873046875 1.000 1.000 1.000
v 704.5 403.9478759765625 -2066.69873046875 1.000 1.000 1.000
v 789.5 304.9478759765625 -2326.69873046875 1.000 1.000 1.000
v 835.5 304.9478759765625 -3951.69873046875 1.000 1.000 1.000
v 789.5 304.9478759765625 -3951.69873046875 1.000 1.000 1.000
v 789.5 304.9478759765625 -3951.69873046875 1.000 1.000 1.000
v 789.5 350.9478759765625 -3951.69873046875 1.000 1.000 1.000
v 835.5 304.9478759765625 -3951.69873046875 1.000 1.000 1.000
v 307.5 965.9478759765625 -1901.69873046875 1.000 1.000 1.000
v 315.5 968.9478759765625 -1947.69873046875 1.000 1.000 1.000
v 292.5 933.9478759765625 -1917.69873046875 1.000 1.000 1.000
v 307.5 948.9478759765625 -1954.69873046875 1.000 1.000 1.000
v 269.5 928.9478759765625 -1908.69873046875 1.000 1.000 1.000
v 251.5 966.9478759765625 -1939.69873046875 1.000 1.000 1.000
v 256.5 961.9478759765625 -1892.69873046875 1.000 1.000 1.000
v 259.5 945.9478759765625 -1947.69873046875 1.000 1.000 1.000
v 322.5 922.9478759765625 -1925.69873046875 1.000 1.000 1.000
v 292.5 933.9478759765625 -1917.69873046875 1.000 1.000 1.000
v 321.5 942.9478759765625 -1953.69873046875 1.000 1.000 1.000
v 307.5 948.9478759765625 -1954.69873046875 1.000 1.000 1.000
v 245.5 940.9478759765625 -1946.69873046875 1.000 1.000 1.000
v 269.5 928.9478759765625 -1908.69873046875 1.000 1.000 1.000
v 239.5 920.9478759765625 -1918.69873046875 1.000 1.000 1.000
v 259.5 945.9478759765625 -1947.69873046875 1.000 1.000 1.000
v 315.5 968.9478759765625 -1947.69873046875 1.000 1.000 1.000
v 307.5 965.9478759765625 -1901.69873046875 1.000 1.000 1.000
v 330.5 960.9478759765625 -1946.69873046875 1.000 1.000 1.000
v 337.5 954.9478759765625 -1909.69873046875 1.000 1.000 1.000
v 237.5 959.9478759765625 -1938.69873046875 1.000 1.000 1.000
v 256.5 961.9478759765625 -1892.69873046875 1.000 1.000 1.000
v 251.5 966.9478759765625 -1939.69873046875 1.000 1.000 1.000
v 226.5 953.9478759765625 -1902.69873046875 1.000 1.000 1.000
v 321.5 942.9478759765625 -1953.69873046875 1.000 1.000 1.000
v 330.5 960.9478759765625 -1946.69873046875 1.000 1.000 1.000
v 322.5 922.9478759765625 -1925.69873046875 1.000 1.000 1.000
v 337.5 954.9478759765625 -1909.69873046875 1.000 1.000 1.000
v 292.5 933.9478759765625 -1917.69873046875 1.000 1.000 1.000
v 322.5 922.9478759765625 -1925.69873046875 1.000 1.000 1.000
v 307.5 965.9478759765625 -1901.69873046875 1.000 1.000 1.000
v 337.5 954.9478759765625 -1909.69873046875 1.000 1.000 1.000
v 239.5 920.9478759765625 -1918.69873046875 1.000 1.000 1.000
v 237.5 959.9478759765625 -1938.69873046875 1.000 1.000 1.000
v 245.5 940.9478759765625 -1946.69873046875 1.000 1.000 1.000
v 226.5 953.9478759765625 -1902.69873046875 1.000 1.000 1.000
v 256.5 961.9478759765625 -1892.69873046875 1.000 1.000 1.000
v 239.5 920.9478759765625 -1918.69873046875 1.000 1.000 1.000
v 269.5 928.9478759765625 -1908.69873046875 1.000 1.000 1.000
v 226.5 953.9478759765625 -1902.69873046875 1.000 1.000 1.000
v 251.5 931.9478759765625 -2071.69873046875 1.000 1.000 1.000
v 248.5 964.9478759765625 -2101.69873046875 1.000 1.000 1.000
v 238.5 942.9478759765625 -2104.69873046875 1.000 1.000 1.000
v 335.5 942.9478759765625 -2104.69873046875 1.000 1.000 1.000
v 321.5 961.9478759765625 -2081.69873046875 1.000 1.000 1.000
v 318.5 931.9478759765625 -2071.69873046875 1.000 1.000 1.000
v 324.5 964.9478759765625 -2101.69873046875 1.000 1.000 1.000
v 312.5 959.9478759765625 -2065.69873046875 1.000 1.000 1.000
v 299.5 958.9478759765625 -2062.69873046875 1.000 1.000 1.000
v 286.5 956.9478759765625 -2061.69873046875 1.000 1.000 1.000
v 286.5 915.9478759765625 -2056.69873046875 1.000 1.000 1.000
v 286.5 956.9478759765625 -2061.69873046875 1.000 1.000 1.000
v 271.5 957.9478759765625 -2062.69873046875 1.000 1.000 1.000
v 286.5 915.9478759765625 -2056.69873046875 1.000 1.000 1.000
v 258.5 959.9478759765625 -2065.69873046875 1.000 1.000 1.000
v 251.5 931.9478759765625 -2071.69873046875 1.000 1.000 1.000
v 252.5 961.9478759765625 -2081.69873046875 1.000 1.000 1.000
v 248.5 964.9478759765625 -2101.69873046875 1.000 1.000 1.000
v 318.5 931.9478759765625 -2071.69873046875 1.000 1.000 1.000
v 299.5 958.9478759765625 -2062.69873046875 1.000 1.000 1.000
v 286.5 915.9478759765625 -2056.69873046875 1.000 1.000 1.000
v 238.5 942.9478759765625 -2104.69873046875 1.000 1.000 1.000
v 228.5 905.9478759765625 -2095.69873046875 1.000 1.000 1.000
v 345.5 905.9478759765625 -2095.69873046875 1.000 1.000 1.000
v 335.5 942.9478759765625 -2104.69873046875 1.000 1.000 1.000
v 286.5 892.9478759765625 -2055.69873046875 1.000 1.000 1.000
v 317.5 892.9478759765625 -2055.69873046875 1.000 1.000 1.000
v 286.5 915.9478759765625 -2056.69873046875 1.000 1.000 1.000
v 255.5 892.9478759765625 -2055.69873046875 1.000 1.000 1.000
v 286.5 892.9478759765625 -2055.69873046875 1.000 1.000 1.000
v 286.5 863.9478759765625 -2053.69873046875 1.000 1.000 1.000
v 286.5 863.9478759765625 -2053.69873046875 1.000 1.000 1.000
v 317.5 892.9478759765625 -2055.69873046875 1.000 1.000 1.000
v 286.5 892.9478759765625 -2055.69873046875 1.000 1.000 1.000
v 318.5 931.9478759765625 -2071.69873046875 1.000 1.000 1.000
v 286.5 915.9478759765625 -2056.69873046875 1.000 1.000 1.000
v 228.5 905.9478759765625 -2095.69873046875 1.000 1.000 1.000
v 251.5 931.9478759765625 -2071.69873046875 1.000 1.000 1.000
v 345.5 905.9478759765625 -2095.69873046875 1.000 1.000 1.000
v 286.5 1142.9478759765625 -2051.69873046875 1.000 1.000 1.000
v 288.5 1137.9478759765625 -2054.69873046875 1.000 1.000 1.000
v 305.5 1140.9478759765625 -2062.69873046875 1.000 1.000 1.000
v 305.5 1145.9478759765625 -2059.69873046875 1.000 1.000 1.000
v 282.5 1138.9478759765625 -2054.69873046875 1.000 1.000 1.000
v 284.5 1142.9478759765625 -2051.69873046875 1.000 1.000 1.000
v 264.5 1139.9478759765625 -2061.69873046875 1.000 1.000 1.000
v 270.5 1148.9478759765625 -2051.69873046875 1.000 1.000 1.000
v 265.5 1145.9478759765625 -2056.69873046875 1.000 1.000 1.000
v 286.5 1142.9478759765625 -2051.69873046875 1.000 1.000 1.000
v 289.5 1126.9478759765625 -2045.69873046875 1.000 1.000 1.000
v 288.5 1137.9478759765625 -2054.69873046875 1.000 1.000 1.000
v 282.5 1126.9478759765625 -2045.69873046875 1.000 1.000 1.000
v 279.5 1124.9478759765625 -2051.69873046875 1.000 1.000 1.000
v 292.5 1124.9478759765625 -2051.69873046875 1.000 1.000 1.000
v 276.5 1136.9478759765625 -2053.69873046875 1.000 1.000 1.000
v 269.5 1136.9478759765625 -2059.69873046875 1.000 1.000 1.000
v 270.5 1115.9478759765625 -2056.69873046875 1.000 1.000 1.000
v 295.5 1136.9478759765625 -2053.69873046875 1.000 1.000 1.000
v 305.5 1140.9478759765625 -2062.69873046875 1.000 1.000 1.000
v 282.5 1126.9478759765625 -2045.69873046875 1.000 1.000 1.000
v 279.5 1124.9478759765625 -2051.69873046875 1.000 1.000 1.000
v 283.5 1122.9478759765625 -2051.69873046875 1.000 1.000 1.000
v 298.5 1186.9478759765625 -2055.69873046875 1.000 1.000 1.000
v 285.5 1178.9478759765625 -2051.69873046875 1.000 1.000 1.000
v 302.5 1171.9478759765625 -2060.69873046875 1.000 1.000 1.000
v 301.5 1137.9478759765625 -2059.69873046875 1.000 1.000 1.000
v 305.5 1140.9478759765625 -2062.69873046875 1.000 1.000 1.000
v 295.5 1136.9478759765625 -2053.69873046875 1.000 1.000 1.000
v 278.5 1115.9478759765625 -2049.69873046875 1.000 1.000 1.000
v 270.5 1115.9478759765625 -2056.69873046875 1.000 1.000 1.000
v 276.5 1113.9478759765625 -2051.69873046875 1.000 1.000 1.000
v 288.5 1117.9478759765625 -2049.69873046875 1.000 1.000 1.000
v 286.5 1117.9478759765625 -2050.69873046875 1.000 1.000 1.000
v 285.5 1114.9478759765625 -2050.69873046875 1.000 1.000 1.000
v 282.5 1126.9478759765625 -2045.69873046875 1.000 1.000 1.000
v 286.5 1142.9478759765625 -2051.69873046875 1.000 1.000 1.000
v 284.5 1142.9478759765625 -2051.69873046875 1.000 1.000 1.000
v 292.5 1107.9478759765625 -2052.69873046875 1.000 1.000 1.000
v 292.5 1098.9478759765625 -2052.69873046875 1.000 1.000 1.000
v 300.5 1115.9478759765625 -2056.69873046875 1.000 1.000 1.000
v 279.5 1098.9478759765625 -2052.69873046875 1.000 1.000 1.000
v 286.5 1095.9478759765625 -2064.69873046875 1.000 1.000 1.000
v 301.5 1149.9478759765625 -2053.69873046875 1.000 1.000 1.000
v 305.5 1145.9478759765625 -2059.69873046875 1.000 1.000 1.000
v 302.5 1171.9478759765625 -2060.69873046875 1.000 1.000 1.000
v 289.5 1109.9478759765625 -2050.69873046875 1.000 1.000 1.000
v 295.5 1114.9478759765625 -2051.69873046875 1.000 1.000 1.000
v 301.5 1190.9478759765625 -2081.69873046875 1.000 1.000 1.000
v 279.5 1193.9478759765625 -2092.69873046875 1.000 1.000 1.000
v 285.5 1187.9478759765625 -2064.69873046875 1.000 1.000 1.000
v 294.5 1171.9478759765625 -2056.69873046875 1.000 1.000 1.000
v 285.5 1178.9478759765625 -2051.69873046875 1.000 1.000 1.000
v 286.5 1171.9478759765625 -2054.69873046875 1.000 1.000 1.000
v 302.5 1171.9478759765625 -2060.69873046875 1.000 1.000 1.000
v 285.5 1187.9478759765625 -2064.69873046875 1.000 1.000 1.000
v 279.5 1193.9478759765625 -2092.69873046875 1.000 1.000 1.000
v 264.5 1185.9478759765625 -2067.69873046875 1.000 1.000 1.000
v 306.5 1118.9478759765625 -2067.69873046875 1.000 1.000 1.000
v 305.5 1140.9478759765625 -2062.69873046875 1.000 1.000 1.000
v 301.5 1137.9478759765625 -2059.69873046875 1.000 1.000 1.000
v 296.5 1191.9478759765625 -2110.69873046875 1.000 1.000 1.000
v 284.5 1188.9478759765625 -2118.69873046875 1.000 1.000 1.000
v 284.5 1142.9478759765625 -2051.69873046875 1.000 1.000 1.000
v 286.5 1142.9478759765625 -2051.69873046875 1.000 1.000 1.000
v 282.5 1126.9478759765625 -2045.69873046875 1.000 1.000 1.000
v 285.5 1124.9478759765625 -2045.69873046875 1.000 1.000 1.000
v 289.5 1126.9478759765625 -2045.69873046875 1.000 1.000 1.000
v 292.5 1124.9478759765625 -2051.69873046875 1.000 1.000 1.000
v 292.5 1116.9478759765625 -2049.69873046875 1.000 1.000 1.000
v 300.5 1115.9478759765625 -2056.69873046875 1.000 1.000 1.000
v 286.5 1142.9478759765625 -2051.69873046875 1.000 1.000 1.000
v 301.5 1149.9478759765625 -2053.69873046875 1.000 1.000 1.000
v 294.5 1171.9478759765625 -2056.69873046875 1.000 1.000 1.000
v 287.5 1122.9478759765625 -2051.69873046875 1.000 1.000 1.000
v 280.5 1171.9478759765625 -2056.69873046875 1.000 1.000 1.000
v 286.5 1171.9478759765625 -2054.69873046875 1.000 1.000 1.000
v 285.5 1178.9478759765625 -2051.69873046875 1.000 1.000 1.000
v 270.5 1184.9478759765625 -2056.69873046875 1.000 1.000 1.000
v 273.5 1170.9478759765625 -2056.69873046875 1.000 1.000 1.000
v 283.5 1122.9478759765625 -2051.69873046875 1.000 1.000 1.000
v 295.5 1136.9478759765625 -2053.69873046875 1.000 1.000 1.000
v 292.5 1124.9478759765625 -2051.69873046875 1.000 1.000 1.000
v 300.5 1115.9478759765625 -2056.69873046875 1.000 1.000 1.000
v 286.5 1142.9478759765625 -2051.69873046875 1.000 1.000 1.000
v 294.5 1171.9478759765625 -2056.69873046875 1.000 1.000 1.000
v 286.5 1171.9478759765625 -2054.69873046875 1.000 1.000 1.000
v 279.5 1098.9478759765625 -2052.69873046875 1.000 1.000 1.000
v 292.5 1098.9478759765625 -2052.69873046875 1.000 1.000 1.000
v 292.5 1107.9478759765625 -2052.69873046875 1.000 1.000 1.000
v 282.5 1109.9478759765625 -2050.69873046875 1.000 1.000 1.000
v 276.5 1113.9478759765625 -2051.69873046875 1.000 1.000 1.000
v 279.5 1107.9478759765625 -2052.69873046875 1.000 1.000 1.000
v 295.5 1114.9478759765625 -2051.69873046875 1.000 1.000 1.000
v 270.5 1115.9478759765625 -2056.69873046875 1.000 1.000 1.000
v 288.5 1137.9478759765625 -2054.69873046875 1.000 1.000 1.000
v 287.5 1122.9478759765625 -2051.69873046875 1.000 1.000 1.000
v 292.5 1124.9478759765625 -2051.69873046875 1.000 1.000 1.000
v 289.5 1126.9478759765625 -2045.69873046875 1.000 1.000 1.000
v 270.5 1115.9478759765625 -2056.69873046875 1.000 1.000 1.000
v 278.5 1115.9478759765625 -2049.69873046875 1.000 1.000 1.000
v 279.5 1124.9478759765625 -2051.69873046875 1.000 1.000 1.000
v 301.5 1149.9478759765625 -2053.69873046875 1.000 1.000 1.000
v 286.5 1142.9478759765625 -2051.69873046875 1.000 1.000 1.000
v 305.5 1145.9478759765625 -2059.69873046875 1.000 1.000 1.000
v 292.5 1116.9478759765625 -2049.69873046875 1.000 1.000 1.000
v 295.5 1114.9478759765625 -2051.69873046875 1.000 1.000 1.000
v 300.5 1115.9478759765625 -2056.69873046875 1.000 1.000 1.000
v 276.5 1136.9478759765625 -2053.69873046875 1.000 1.000 1.000
v 282.5 1138.9478759765625 -2054.69873046875 1.000 1.000 1.000
v 264.5 1139.9478759765625 -2061.69873046875 1.000 1.000 1.000
v 306.5 1118.9478759765625 -2067.69873046875 1.000 1.000 1.000
v 301.5 1137.9478759765625 -2059.69873046875 1.000 1.000 1.000
v 300.5 1115.9478759765625 -2056.69873046875 1.000 1.000 1.000
v 305.5 1140.9478759765625 -2062.69873046875 1.000 1.000 1.000
v 308.5 1167.9478759765625 -2065.69873046875 1.000 1.000 1.000
v 302.5 1171.9478759765625 -2060.69873046875 1.000 1.000 1.000
v 305.5 1145.9478759765625 -2059.69873046875 1.000 1.000 1.000
v 298.5 1186.9478759765625 -2055.69873046875 1.000 1.000 1.000
v 301.5 1190.9478759765625 -2081.69873046875 1.000 1.000 1.000
v 285.5 1187.9478759765625 -2064.69873046875 1.000 1.000 1.000
v 270.5 1184.9478759765625 -2056.69873046875 1.000 1.000 1.000
v 285.5 1178.9478759765625 -2051.69873046875 1.000 1.000 1.000
v 284.5 1188.9478759765625 -2118.69873046875 1.000 1.000 1.000
v 271.5 1185.9478759765625 -2119.69873046875 1.000 1.000 1.000
v 279.5 1193.9478759765625 -2092.69873046875 1.000 1.000 1.000
v 296.5 1191.9478759765625 -2110.69873046875 1.000 1.000 1.000
v 269.5 1136.9478759765625 -2059.69873046875 1.000 1.000 1.000
v 276.5 1136.9478759765625 -2053.69873046875 1.000 1.000 1.000
v 264.5 1139.9478759765625 -2061.69873046875 1.000 1.000 1.000
v 287.5 1122.9478759765625 -2051.69873046875 1.000 1.000 1.000
v 285.5 1124.9478759765625 -2045.69873046875 1.000 1.000 1.000
v 283.5 1122.9478759765625 -2051.69873046875 1.000 1.000 1.000
v 273.5 1170.9478759765625 -2056.69873046875 1.000 1.000 1.000
v 270.5 1148.9478759765625 -2051.69873046875 1.000 1.000 1.000
v 284.5 1142.9478759765625 -2051.69873046875 1.000 1.000 1.000
v 301.5 1149.9478759765625 -2053.69873046875 1.000 1.000 1.000
v 302.5 1171.9478759765625 -2060.69873046875 1.000 1.000 1.000
v 294.5 1171.9478759765625 -2056.69873046875 1.000 1.000 1.000
v 280.5 1171.9478759765625 -2056.69873046875 1.000 1.000 1.000
v 286.5 1171.9478759765625 -2054.69873046875 1.000 1.000 1.000
v 270.5 1184.9478759765625 -2056.69873046875 1.000 1.000 1.000
v 267.5 1166.9478759765625 -2061.69873046875 1.000 1.000 1.000
v 296.5 1191.9478759765625 -2110.69873046875 1.000 1.000 1.000
v 307.5 1183.9478759765625 -2120.69873046875 1.000 1.000 1.000
v 284.5 1188.9478759765625 -2118.69873046875 1.000 1.000 1.000
v 283.5 1117.9478759765625 -2049.69873046875 1.000 1.000 1.000
v 286.5 1117.9478759765625 -2050.69873046875 1.000 1.000 1.000
v 287.5 1122.9478759765625 -2051.69873046875 1.000 1.000 1.000
v 280.5 1171.9478759765625 -2056.69873046875 1.000 1.000 1.000
v 285.5 1178.9478759765625 -2051.69873046875 1.000 1.000 1.000
v 273.5 1170.9478759765625 -2056.69873046875 1.000 1.000 1.000
v 282.5 1126.9478759765625 -2045.69873046875 1.000 1.000 1.000
v 289.5 1126.9478759765625 -2045.69873046875 1.000 1.000 1.000
v 286.5 1142.9478759765625 -2051.69873046875 1.000 1.000 1.000
v 276.5 1136.9478759765625 -2053.69873046875 1.000 1.000 1.000
v 279.5 1124.9478759765625 -2051.69873046875 1.000 1.000 1.000
v 282.5 1138.9478759765625 -2054.69873046875 1.000 1.000 1.000
v 270.5 1115.9478759765625 -2056.69873046875 1.000 1.000 1.000
v 279.5 1098.9478759765625 -2052.69873046875 1.000 1.000 1.000
v 279.5 1107.9478759765625 -2052.69873046875 1.000 1.000 1.000
v 289.5 1109.9478759765625 -2050.69873046875 1.000 1.000 1.000
v 295.5 1114.9478759765625 -2051.69873046875 1.000 1.000 1.000
v 285.5 1114.9478759765625 -2050.69873046875 1.000 1.000 1.000
v 282.5 1109.9478759765625 -2050.69873046875 1.000 1.000 1.000
v 288.5 1117.9478759765625 -2049.69873046875 1.000 1.000 1.000
v 292.5 1116.9478759765625 -2049.69873046875 1.000 1.000 1.000
v 292.5 1124.9478759765625 -2051.69873046875 1.000 1.000 1.000
v 314.5 1180.9478759765625 -2066.69873046875 1.000 1.000 1.000
v 301.5 1190.9478759765625 -2081.69873046875 1.000 1.000 1.000
v 298.5 1186.9478759765625 -2055.69873046875 1.000 1.000 1.000
v 309.5 1181.9478759765625 -2062.69873046875 1.000 1.000 1.000
v 302.5 1171.9478759765625 -2060.69873046875 1.000 1.000 1.000
v 308.5 1167.9478759765625 -2065.69873046875 1.000 1.000 1.000
v 282.5 1109.9478759765625 -2050.69873046875 1.000 1.000 1.000
v 285.5 1114.9478759765625 -2050.69873046875 1.000 1.000 1.000
v 276.5 1113.9478759765625 -2051.69873046875 1.000 1.000 1.000
v 289.5 1109.9478759765625 -2050.69873046875 1.000 1.000 1.000
v 292.5 1107.9478759765625 -2052.69873046875 1.000 1.000 1.000
v 279.5 1107.9478759765625 -2052.69873046875 1.000 1.000 1.000
v 283.5 1117.9478759765625 -2049.69873046875 1.000 1.000 1.000
v 278.5 1115.9478759765625 -2049.69873046875 1.000 1.000 1.000
v 286.5 1117.9478759765625 -2050.69873046875 1.000 1.000 1.000
v 292.5 1116.9478759765625 -2049.69873046875 1.000 1.000 1.000
v 288.5 1117.9478759765625 -2049.69873046875 1.000 1.000 1.000
v 295.5 1114.9478759765625 -2051.69873046875 1.000 1.000 1.000
v 279.5 1124.9478759765625 -2051.69873046875 1.000 1.000 1.000
v 283.5 1122.9478759765625 -2051.69873046875 1.000 1.000 1.000
v 287.5 1122.9478759765625 -2051.69873046875 1.000 1.000 1.000
v 292.5 1124.9478759765625 -2051.69873046875 1.000 1.000 1.000
v 264.5 1139.9478759765625 -2061.69873046875 1.000 1.000 1.000
v 284.5 1142.9478759765625 -2051.69873046875 1.000 1.000 1.000
v 265.5 1145.9478759765625 -2056.69873046875 1.000 1.000 1.000
v 301.5 1137.9478759765625 -2059.69873046875 1.000 1.000 1.000
v 295.5 1136.9478759765625 -2053.69873046875 1.000 1.000 1.000
v 300.5 1115.9478759765625 -2056.69873046875 1.000 1.000 1.000
v 276.5 1136.9478759765625 -2053.69873046875 1.000 1.000 1.000
v 270.5 1115.9478759765625 -2056.69873046875 1.000 1.000 1.000
v 279.5 1124.9478759765625 -2051.69873046875 1.000 1.000 1.000
v 270.5 1184.9478759765625 -2056.69873046875 1.000 1.000 1.000
v 285.5 1187.9478759765625 -2064.69873046875 1.000 1.000 1.000
v 264.5 1185.9478759765625 -2067.69873046875 1.000 1.000 1.000
v 298.5 1186.9478759765625 -2055.69873046875 1.000 1.000 1.000
v 285.5 1178.9478759765625 -2051.69873046875 1.000 1.000 1.000
v 309.5 1181.9478759765625 -2062.69873046875 1.000 1.000 1.000
v 302.5 1171.9478759765625 -2060.69873046875 1.000 1.000 1.000
v 314.5 1180.9478759765625 -2066.69873046875 1.000 1.000 1.000
v 309.5 1181.9478759765625 -2062.69873046875 1.000 1.000 1.000
v 308.5 1167.9478759765625 -2065.69873046875 1.000 1.000 1.000
v 278.5 1115.9478759765625 -2049.69873046875 1.000 1.000 1.000
v 276.5 1113.9478759765625 -2051.69873046875 1.000 1.000 1.000
v 285.5 1114.9478759765625 -2050.69873046875 1.000 1.000 1.000
v 306.5 1118.9478759765625 -2067.69873046875 1.000 1.000 1.000
v 312.5 1139.9478759765625 -2087.69873046875 1.000 1.000 1.000
v 305.5 1140.9478759765625 -2062.69873046875 1.000 1.000 1.000
v 308.5 1116.9478759765625 -2088.69873046875 1.000 1.000 1.000
v 318.5 1121.9478759765625 -2090.69873046875 1.000 1.000 1.000
v 305.5 1108.9478759765625 -2080.69873046875 1.000 1.000 1.000
v 300.5 1102.9478759765625 -2073.69873046875 1.000 1.000 1.000
v 322.5 1172.9478759765625 -2076.69873046875 1.000 1.000 1.000
v 311.5 1157.9478759765625 -2078.69873046875 1.000 1.000 1.000
v 330.5 1142.9478759765625 -2092.69873046875 1.000 1.000 1.000
v 300.5 1102.9478759765625 -2073.69873046875 1.000 1.000 1.000
v 306.5 1118.9478759765625 -2067.69873046875 1.000 1.000 1.000
v 300.5 1115.9478759765625 -2056.69873046875 1.000 1.000 1.000
v 328.5 1123.9478759765625 -2095.69873046875 1.000 1.000 1.000
v 312.5 1139.9478759765625 -2087.69873046875 1.000 1.000 1.000
v 318.5 1121.9478759765625 -2090.69873046875 1.000 1.000 1.000
v 311.5 1157.9478759765625 -2078.69873046875 1.000 1.000 1.000
v 308.5 1167.9478759765625 -2065.69873046875 1.000 1.000 1.000
v 305.5 1140.9478759765625 -2062.69873046875 1.000 1.000 1.000
v 330.5 1142.9478759765625 -2092.69873046875 1.000 1.000 1.000
v 335.5 1152.9478759765625 -2106.69873046875 1.000 1.000 1.000
v 331.5 1164.9478759765625 -2093.69873046875 1.000 1.000 1.000
v 297.5 1099.9478759765625 -2064.69873046875 1.000 1.000 1.000
v 292.5 1098.9478759765625 -2052.69873046875 1.000 1.000 1.000
v 286.5 1095.9478759765625 -2064.69873046875 1.000 1.000 1.000
v 317.5 1180.9478759765625 -2104.69873046875 1.000 1.000 1.000
v 311.5 1157.9478759765625 -2078.69873046875 1.000 1.000 1.000
v 314.5 1180.9478759765625 -2066.69873046875 1.000 1.000 1.000
v 308.5 1167.9478759765625 -2065.69873046875 1.000 1.000 1.000
v 322.5 1172.9478759765625 -2076.69873046875 1.000 1.000 1.000
v 317.5 1180.9478759765625 -2104.69873046875 1.000 1.000 1.000
v 296.5 1191.9478759765625 -2110.69873046875 1.000 1.000 1.000
v 301.5 1190.9478759765625 -2081.69873046875 1.000 1.000 1.000
v 312.5 1146.9478759765625 -2129.69873046875 1.000 1.000 1.000
v 307.5 1183.9478759765625 -2120.69873046875 1.000 1.000 1.000
v 335.5 1152.9478759765625 -2106.69873046875 1.000 1.000 1.000
v 326.5 1133.9478759765625 -2117.69873046875 1.000 1.000 1.000
v 312.5 1104.9478759765625 -2123.69873046875 1.000 1.000 1.000
v 297.5 1099.9478759765625 -2064.69873046875 1.000 1.000 1.000
v 300.5 1102.9478759765625 -2073.69873046875 1.000 1.000 1.000
v 300.5 1115.9478759765625 -2056.69873046875 1.000 1.000 1.000
v 311.5 1157.9478759765625 -2078.69873046875 1.000 1.000 1.000
v 312.5 1139.9478759765625 -2087.69873046875 1.000 1.000 1.000
v 330.5 1142.9478759765625 -2092.69873046875 1.000 1.000 1.000
v 300.5 1102.9478759765625 -2073.69873046875 1.000 1.000 1.000
v 297.5 1099.9478759765625 -2064.69873046875 1.000 1.000 1.000
v 286.5 1095.9478759765625 -2064.69873046875 1.000 1.000 1.000
v 328.5 1123.9478759765625 -2095.69873046875 1.000 1.000 1.000
v 332.5 1135.9478759765625 -2100.69873046875 1.000 1.000 1.000
v 326.5 1133.9478759765625 -2117.69873046875 1.000 1.000 1.000
v 320.5 1111.9478759765625 -2109.69873046875 1.000 1.000 1.000
v 312.5 1104.9478759765625 -2123.69873046875 1.000 1.000 1.000
v 335.5 1152.9478759765625 -2106.69873046875 1.000 1.000 1.000
v 305.5 1140.9478759765625 -2062.69873046875 1.000 1.000 1.000
v 317.5 1180.9478759765625 -2104.69873046875 1.000 1.000 1.000
v 307.5 1183.9478759765625 -2120.69873046875 1.000 1.000 1.000
v 296.5 1191.9478759765625 -2110.69873046875 1.000 1.000 1.000
v 322.5 1172.9478759765625 -2076.69873046875 1.000 1.000 1.000
v 301.5 1190.9478759765625 -2081.69873046875 1.000 1.000 1.000
v 314.5 1180.9478759765625 -2066.69873046875 1.000 1.000 1.000
v 326.5 1133.9478759765625 -2117.69873046875 1.000 1.000 1.000
v 328.5 1123.9478759765625 -2095.69873046875 1.000 1.000 1.000
v 320.5 1111.9478759765625 -2109.69873046875 1.000 1.000 1.000
v 331.5 1164.9478759765625 -2093.69873046875 1.000 1.000 1.000
v 317.5 1180.9478759765625 -2104.69873046875 1.000 1.000 1.000
v 318.5 1121.9478759765625 -2090.69873046875 1.000 1.000 1.000
v 306.5 1118.9478759765625 -2067.69873046875 1.000 1.000 1.000
v 308.5 1116.9478759765625 -2088.69873046875 1.000 1.000 1.000
v 312.5 1139.9478759765625 -2087.69873046875 1.000 1.000 1.000
v 335.5 1152.9478759765625 -2106.69873046875 1.000 1.000 1.000
v 307.5 1183.9478759765625 -2120.69873046875 1.000 1.000 1.000
v 330.5 1142.9478759765625 -2092.69873046875 1.000 1.000 1.000
v 332.5 1135.9478759765625 -2100.69873046875 1.000 1.000 1.000
v 326.5 1133.9478759765625 -2117.69873046875 1.000 1.000 1.000
v 312.5 1146.9478759765625 -2129.69873046875 1.000 1.000 1.000
v 335.5 1152.9478759765625 -2106.69873046875 1.000 1.000 1.000
v 320.5 1111.9478759765625 -2109.69873046875 1.000 1.000 1.000
v 318.5 1121.9478759765625 -2090.69873046875 1.000 1.000 1.000
v 308.5 1116.9478759765625 -2088.69873046875 1.000 1.000 1.000
v 304.5 1115.9478759765625 -2085.69873046875 1.000 1.000 1.000
v 299.5 1109.9478759765625 -2109.69873046875 1.000 1.000 1.000
v 312.5 1104.9478759765625 -2123.69873046875 1.000 1.000 1.000
v 286.5 1095.9478759765625 -2064.69873046875 1.000 1.000 1.000
v 285.5 1103.9478759765625 -2076.69873046875 1.000 1.000 1.000
v 300.5 1102.9478759765625 -2073.69873046875 1.000 1.000 1.000
v 305.5 1108.9478759765625 -2080.69873046875 1.000 1.000 1.000
v 249.5 1162.9478759765625 -2076.69873046875 1.000 1.000 1.000
v 259.5 1172.9478759765625 -2062.69873046875 1.000 1.000 1.000
v 264.5 1185.9478759765625 -2067.69873046875 1.000 1.000 1.000
v 267.5 1166.9478759765625 -2061.69873046875 1.000 1.000 1.000
v 259.5 1172.9478759765625 -2062.69873046875 1.000 1.000 1.000
v 258.5 1138.9478759765625 -2087.69873046875 1.000 1.000 1.000
v 270.5 1184.9478759765625 -2056.69873046875 1.000 1.000 1.000
v 270.5 1115.9478759765625 -2056.69873046875 1.000 1.000 1.000
v 274.5 1099.9478759765625 -2064.69873046875 1.000 1.000 1.000
v 279.5 1098.9478759765625 -2052.69873046875 1.000 1.000 1.000
v 307.5 1183.9478759765625 -2120.69873046875 1.000 1.000 1.000
v 285.5 1170.9478759765625 -2129.69873046875 1.000 1.000 1.000
v 284.5 1188.9478759765625 -2118.69873046875 1.000 1.000 1.000
v 312.5 1146.9478759765625 -2129.69873046875 1.000 1.000 1.000
v 271.5 1185.9478759765625 -2119.69873046875 1.000 1.000 1.000
v 260.5 1166.9478759765625 -2122.69873046875 1.000 1.000 1.000
v 264.5 1139.9478759765625 -2061.69873046875 1.000 1.000 1.000
v 265.5 1145.9478759765625 -2056.69873046875 1.000 1.000 1.000
v 250.5 1170.9478759765625 -2102.69873046875 1.000 1.000 1.000
v 264.5 1185.9478759765625 -2067.69873046875 1.000 1.000 1.000
v 279.5 1193.9478759765625 -2092.69873046875 1.000 1.000 1.000
v 285.5 1144.9478759765625 -2136.69873046875 1.000 1.000 1.000
v 312.5 1146.9478759765625 -2129.69873046875 1.000 1.000 1.000
v 312.5 1104.9478759765625 -2123.69873046875 1.000 1.000 1.000
v 285.5 1170.9478759765625 -2129.69873046875 1.000 1.000 1.000
v 260.5 1145.9478759765625 -2129.69873046875 1.000 1.000 1.000
v 258.5 1138.9478759765625 -2087.69873046875 1.000 1.000 1.000
v 248.5 1126.9478759765625 -2096.69873046875 1.000 1.000 1.000
v 251.5 1123.9478759765625 -2094.69873046875 1.000 1.000 1.000
v 249.5 1162.9478759765625 -2076.69873046875 1.000 1.000 1.000
v 271.5 1102.9478759765625 -2073.69873046875 1.000 1.000 1.000
v 270.5 1115.9478759765625 -2056.69873046875 1.000 1.000 1.000
v 265.5 1119.9478759765625 -2067.69873046875 1.000 1.000 1.000
v 243.5 1152.9478759765625 -2100.69873046875 1.000 1.000 1.000
v 250.5 1170.9478759765625 -2102.69873046875 1.000 1.000 1.000
v 260.5 1145.9478759765625 -2129.69873046875 1.000 1.000 1.000
v 246.5 1148.9478759765625 -2090.69873046875 1.000 1.000 1.000
v 243.5 1135.9478759765625 -2100.69873046875 1.000 1.000 1.000
v 258.5 1138.9478759765625 -2087.69873046875 1.000 1.000 1.000
v 248.5 1126.9478759765625 -2096.69873046875 1.000 1.000 1.000
v 249.5 1162.9478759765625 -2076.69873046875 1.000 1.000 1.000
v 273.5 1170.9478759765625 -2056.69873046875 1.000 1.000 1.000
v 267.5 1166.9478759765625 -2061.69873046875 1.000 1.000 1.000
v 270.5 1148.9478759765625 -2051.69873046875 1.000 1.000 1.000
v 266.5 1105.9478759765625 -2123.69873046875 1.000 1.000 1.000
v 251.5 1123.9478759765625 -2094.69873046875 1.000 1.000 1.000
v 249.5 1117.9478759765625 -2111.69873046875 1.000 1.000 1.000
v 259.5 1172.9478759765625 -2062.69873046875 1.000 1.000 1.000
v 260.5 1166.9478759765625 -2122.69873046875 1.000 1.000 1.000
v 285.5 1144.9478759765625 -2136.69873046875 1.000 1.000 1.000
v 266.5 1105.9478759765625 -2123.69873046875 1.000 1.000 1.000
v 260.5 1145.9478759765625 -2129.69873046875 1.000 1.000 1.000
v 312.5 1104.9478759765625 -2123.69873046875 1.000 1.000 1.000
v 270.5 1115.9478759765625 -2056.69873046875 1.000 1.000 1.000
v 269.5 1136.9478759765625 -2059.69873046875 1.000 1.000 1.000
v 265.5 1119.9478759765625 -2067.69873046875 1.000 1.000 1.000
v 249.5 1117.9478759765625 -2111.69873046875 1.000 1.000 1.000
v 251.5 1123.9478759765625 -2094.69873046875 1.000 1.000 1.000
v 248.5 1126.9478759765625 -2096.69873046875 1.000 1.000 1.000
v 267.5 1166.9478759765625 -2061.69873046875 1.000 1.000 1.000
v 265.5 1145.9478759765625 -2056.69873046875 1.000 1.000 1.000
v 270.5 1148.9478759765625 -2051.69873046875 1.000 1.000 1.000
v 246.5 1148.9478759765625 -2090.69873046875 1.000 1.000 1.000
v 250.5 1170.9478759765625 -2102.69873046875 1.000 1.000 1.000
v 243.5 1152.9478759765625 -2100.69873046875 1.000 1.000 1.000
v 243.5 1135.9478759765625 -2100.69873046875 1.000 1.000 1.000
v 246.5 1148.9478759765625 -2090.69873046875 1.000 1.000 1.000
v 243.5 1152.9478759765625 -2100.69873046875 1.000 1.000 1.000
v 271.5 1185.9478759765625 -2119.69873046875 1.000 1.000 1.000
v 260.5 1166.9478759765625 -2122.69873046875 1.000 1.000 1.000
v 250.5 1170.9478759765625 -2102.69873046875 1.000 1.000 1.000
v 260.5 1166.9478759765625 -2122.69873046875 1.000 1.000 1.000
v 285.5 1170.9478759765625 -2129.69873046875 1.000 1.000 1.000
v 260.5 1145.9478759765625 -2129.69873046875 1.000 1.000 1.000
v 264.5 1139.9478759765625 -2061.69873046875 1.000 1.000 1.000
v 258.5 1138.9478759765625 -2087.69873046875 1.000 1.000 1.000
v 265.5 1119.9478759765625 -2067.69873046875 1.000 1.000 1.000
v 271.5 1102.9478759765625 -2073.69873046875 1.000 1.000 1.000
v 267.5 1108.9478759765625 -2080.69873046875 1.000 1.000 1.000
v 265.5 1116.9478759765625 -2085.69873046875 1.000 1.000 1.000
v 249.5 1117.9478759765625 -2111.69873046875 1.000 1.000 1.000
v 248.5 1126.9478759765625 -2096.69873046875 1.000 1.000 1.000
v 243.5 1135.9478759765625 -2100.69873046875 1.000 1.000 1.000
v 264.5 1139.9478759765625 -2061.69873046875 1.000 1.000 1.000
v 267.5 1166.9478759765625 -2061.69873046875 1.000 1.000 1.000
v 258.5 1138.9478759765625 -2087.69873046875 1.000 1.000 1.000
v 269.5 1136.9478759765625 -2059.69873046875 1.000 1.000 1.000
v 265.5 1119.9478759765625 -2067.69873046875 1.000 1.000 1.000
v 260.5 1145.9478759765625 -2129.69873046875 1.000 1.000 1.000
v 266.5 1105.9478759765625 -2123.69873046875 1.000 1.000 1.000
v 271.5 1102.9478759765625 -2073.69873046875 1.000 1.000 1.000
v 274.5 1099.9478759765625 -2064.69873046875 1.000 1.000 1.000
v 270.5 1115.9478759765625 -2056.69873046875 1.000 1.000 1.000
v 264.5 1185.9478759765625 -2067.69873046875 1.000 1.000 1.000
v 259.5 1172.9478759765625 -2062.69873046875 1.000 1.000 1.000
v 270.5 1184.9478759765625 -2056.69873046875 1.000 1.000 1.000
v 271.5 1185.9478759765625 -2119.69873046875 1.000 1.000 1.000
v 250.5 1170.9478759765625 -2102.69873046875 1.000 1.000 1.000
v 279.5 1193.9478759765625 -2092.69873046875 1.000 1.000 1.000
v 258.5 1138.9478759765625 -2087.69873046875 1.000 1.000 1.000
v 265.5 1116.9478759765625 -2085.69873046875 1.000 1.000 1.000
v 265.5 1119.9478759765625 -2067.69873046875 1.000 1.000 1.000
v 274.5 1099.9478759765625 -2064.69873046875 1.000 1.000 1.000
v 271.5 1102.9478759765625 -2073.69873046875 1.000 1.000 1.000
v 286.5 1095.9478759765625 -2064.69873046875 1.000 1.000 1.000
v 251.5 1123.9478759765625 -2094.69873046875 1.000 1.000 1.000
v 257.5 1122.9478759765625 -2089.69873046875 1.000 1.000 1.000
v 243.5 1152.9478759765625 -2100.69873046875 1.000 1.000 1.000
v 249.5 1117.9478759765625 -2111.69873046875 1.000 1.000 1.000
v 243.5 1135.9478759765625 -2100.69873046875 1.000 1.000 1.000
v 279.5 1098.9478759765625 -2052.69873046875 1.000 1.000 1.000
v 266.5 1105.9478759765625 -2123.69873046875 1.000 1.000 1.000
v 312.5 1104.9478759765625 -2123.69873046875 1.000 1.000 1.000
v 299.5 1109.9478759765625 -2109.69873046875 1.000 1.000 1.000
v 273.5 1109.9478759765625 -2108.69873046875 1.000 1.000 1.000
v 251.5 1123.9478759765625 -2094.69873046875 1.000 1.000 1.000
v 266.5 1105.9478759765625 -2123.69873046875 1.000 1.000 1.000
v 273.5 1109.9478759765625 -2108.69873046875 1.000 1.000 1.000
v 265.5 1116.9478759765625 -2085.69873046875 1.000 1.000 1.000
v 257.5 1122.9478759765625 -2089.69873046875 1.000 1.000 1.000
v 269.5 1114.9478759765625 -2087.69873046875 1.000 1.000 1.000
v 267.5 1108.9478759765625 -2080.69873046875 1.000 1.000 1.000
v 271.5 1102.9478759765625 -2073.69873046875 1.000 1.000 1.000
v 285.5 1103.9478759765625 -2076.69873046875 1.000 1.000 1.000
v 286.5 1095.9478759765625 -2064.69873046875 1.000 1.000 1.000
v 286.5 944.9478759765625 -2120.69873046875 1.000 1.000 1.000
v 298.5 967.9478759765625 -2111.69873046875 1.000 1.000 1.000
v 335.5 942.9478759765625 -2104.69873046875 1.000 1.000 1.000
v 238.5 942.9478759765625 -2104.69873046875 1.000 1.000 1.000
v 273.5 966.9478759765625 -2111.69873046875 1.000 1.000 1.000
v 286.5 944.9478759765625 -2120.69873046875 1.000 1.000 1.000
v 248.5 964.9478759765625 -2101.69873046875 1.000 1.000 1.000
v 285.5 966.9478759765625 -2111.69873046875 1.000 1.000 1.000
v 285.5 966.9478759765625 -2111.69873046875 1.000 1.000 1.000
v 324.5 964.9478759765625 -2101.69873046875 1.000 1.000 1.000
v 345.5 905.9478759765625 -2095.69873046875 1.000 1.000 1.000
v 228.5 905.9478759765625 -2095.69873046875 1.000 1.000 1.000
v 286.5 892.9478759765625 -2137.69873046875 1.000 1.000 1.000
v 286.5 892.9478759765625 -2137.69873046875 1.000 1.000 1.000
v 298.5 967.9478759765625 -2111.69873046875 1.000 1.000 1.000
v 330.5 990.9478759765625 -2096.69873046875 1.000 1.000 1.000
v 324.5 964.9478759765625 -2101.69873046875 1.000 1.000 1.000
v 286.5 993.9478759765625 -2116.69873046875 1.000 1.000 1.000
v 273.5 966.9478759765625 -2111.69873046875 1.000 1.000 1.000
v 285.5 966.9478759765625 -2111.69873046875 1.000 1.000 1.000
v 242.5 989.9478759765625 -2097.69873046875 1.000 1.000 1.000
v 248.5 964.9478759765625 -2101.69873046875 1.000 1.000 1.000
v 231.5 1073.9478759765625 -2115.69873046875 1.000 1.000 1.000
v 287.5 1097.9478759765625 -2112.69873046875 1.000 1.000 1.000
v 287.5 1044.9478759765625 -2125.69873046875 1.000 1.000 1.000
v 241.5 1044.9478759765625 -2121.69873046875 1.000 1.000 1.000
v 340.5 1071.9478759765625 -2114.69873046875 1.000 1.000 1.000
v 230.5 1085.9478759765625 -2104.69873046875 1.000 1.000 1.000
v 234.5 1043.9478759765625 -2108.69873046875 1.000 1.000 1.000
v 333.5 1044.9478759765625 -2121.69873046875 1.000 1.000 1.000
v 339.5 1041.9478759765625 -2109.69873046875 1.000 1.000 1.000
v 330.5 990.9478759765625 -2096.69873046875 1.000 1.000 1.000
v 340.5 1071.9478759765625 -2114.69873046875 1.000 1.000 1.000
v 266.5 1094.9478759765625 -2108.69873046875 1.000 1.000 1.000
v 287.5 1097.9478759765625 -2112.69873046875 1.000 1.000 1.000
v 230.5 1085.9478759765625 -2104.69873046875 1.000 1.000 1.000
v 234.5 1043.9478759765625 -2108.69873046875 1.000 1.000 1.000
v 231.5 1073.9478759765625 -2115.69873046875 1.000 1.000 1.000
v 241.5 1044.9478759765625 -2121.69873046875 1.000 1.000 1.000
v 304.5 1094.9478759765625 -2107.69873046875 1.000 1.000 1.000
v 341.5 1084.9478759765625 -2104.69873046875 1.000 1.000 1.000
v 287.5 1044.9478759765625 -2125.69873046875 1.000 1.000 1.000
v 286.5 993.9478759765625 -2116.69873046875 1.000 1.000 1.000
v 0.5 1367.9478759765625 -7623.69873046875 1.000 1.000 1.000
v 28.5 1436.9478759765625 -7623.69873046875 1.000 1.000 1.000
v 97.5 1497.9478759765625 -8013.69873046875 1.000 1.000 1.000
v 28.5 1298.9478759765625 -7623.69873046875 1.000 1.000 1.000
v 0.5 1367.9478759765625 -7623.69873046875 1.000 1.000 1.000
v 97.5 1497.9478759765625 -8013.69873046875 1.000 1.000 1.000
v 97.5 1497.9478759765625 -8013.69873046875 1.000 1.000 1.000
v 195.5 1367.9478759765625 -7623.69873046875 1.000 1.000 1.000
v 166.5 1298.9478759765625 -7623.69873046875 1.000 1.000 1.000
v 195.5 1367.9478759765625 -7623.69873046875 1.000 1.000 1.000
v 97.5 1497.9478759765625 -8013.69873046875 1.000 1.000 1.000
v 166.5 1436.9478759765625 -7623.69873046875 1.000 1.000 1.000
v 97.5 2212.9478759765625 -8013.69873046875 1.000 1.000 1.000
v 28.5 1436.9478759765625 -7623.69873046875 1.000 1.000 1.000
v 97.5 1432.9478759765625 -7103.69873046875 1.000 1.000 1.000
v 97.5 2120.9478759765625 -8235.69873046875 1.000 1.000 1.000
v 97.5 1497.9478759765625 -8013.69873046875 1.000 1.000 1.000
v 28.5 1436.9478759765625 -7623.69873046875 1.000 1.000 1.000
v 97.5 1432.9478759765625 -7103.69873046875 1.000 1.000 1.000
v 166.5 1436.9478759765625 -7623.69873046875 1.000 1.000 1.000
v 97.5 2212.9478759765625 -8013.69873046875 1.000 1.000 1.000
v 97.5 1497.9478759765625 -8013.69873046875 1.000 1.000 1.000
v 97.5 2120.9478759765625 -8235.69873046875 1.000 1.000 1.000
v 130.5 2082.9478759765625 -8143.69873046875 1.000 1.000 1.000
v 97.5 2212.9478759765625 -8013.69873046875 1.000 1.000 1.000
v 65.5 2082.9478759765625 -8143.69873046875 1.000 1.000 1.000
v 195.5 2166.9478759765625 -8097.69873046875 1.000 1.000 1.000
v 130.5 2082.9478759765625 -8143.69873046875 1.000 1.000 1.000
v 195.5 2147.9478759765625 -8143.69873046875 1.000 1.000 1.000
v 195.5 2212.9478759765625 -8078.69873046875 1.000 1.000 1.000
v 130.5 2212.9478759765625 -8013.69873046875 1.000 1.000 1.000
v 65.5 2120.9478759765625 -8235.69873046875 1.000 1.000 1.000
v 65.5 2082.9478759765625 -8143.69873046875 1.000 1.000 1.000
v 65.5 2212.9478759765625 -8013.69873046875 1.000 1.000 1.000
v 65.5 2304.9478759765625 -8051.69873046875 1.000 1.000 1.000
v 65.5 2342.9478759765625 -8143.69873046875 1.000 1.000 1.000
v 65.5 2304.9478759765625 -8235.69873046875 1.000 1.000 1.000
v 65.5 2212.9478759765625 -8273.69873046875 1.000 1.000 1.000
v 130.5 2212.9478759765625 -8273.69873046875 1.000 1.000 1.000
v 130.5 2120.9478759765625 -8235.69873046875 1.000 1.000 1.000
v 65.5 2212.9478759765625 -8013.69873046875 1.000 1.000 1.000
v 130.5 2082.9478759765625 -8143.69873046875 1.000 1.000 1.000
v 130.5 2212.9478759765625 -8013.69873046875 1.000 1.000 1.000
v 195.5 2166.9478759765625 -8097.69873046875 1.000 1.000 1.000
v 195.5 2212.9478759765625 -8078.69873046875 1.000 1.000 1.000
v 65.5 2304.9478759765625 -8051.69873046875 1.000 1.000 1.000
v 130.5 2304.9478759765625 -8051.69873046875 1.000 1.000 1.000
v 130.5 2304.9478759765625 -8051.69873046875 1.000 1.000 1.000
v 195.5 2212.9478759765625 -8078.69873046875 1.000 1.000 1.000
v 195.5 2258.9478759765625 -8097.69873046875 1.000 1.000 1.000
v 130.5 2120.9478759765625 -8235.69873046875 1.000 1.000 1.000
v 195.5 2166.9478759765625 -8189.69873046875 1.000 1.000 1.000
v 195.5 2147.9478759765625 -8143.69873046875 1.000 1.000 1.000
v 130.5 2082.9478759765625 -8143.69873046875 1.000 1.000 1.000
v 65.5 2342.9478759765625 -8143.69873046875 1.000 1.000 1.000
v 65.5 2304.9478759765625 -8051.69873046875 1.000 1.000 1.000
v 130.5 2342.9478759765625 -8143.69873046875 1.000 1.000 1.000
v 195.5 2277.9478759765625 -8143.69873046875 1.000 1.000 1.000
v 130.5 2212.9478759765625 -8273.69873046875 1.000 1.000 1.000
v 195.5 2212.9478759765625 -8208.69873046875 1.000 1.000 1.000
v 65.5 2304.9478759765625 -8235.69873046875 1.000 1.000 1.000
v 130.5 2304.9478759765625 -8235.69873046875 1.000 1.000 1.000
v 195.5 2258.9478759765625 -8189.69873046875 1.000 1.000 1.000
v 65.5 2212.9478759765625 -8273.69873046875 1.000 1.000 1.000
v 65.5 2304.9478759765625 -8235.69873046875 1.000 1.000 1.000
v 130.5 2304.9478759765625 -8235.69873046875 1.000 1.000 1.000
v 130.5 2212.9478759765625 -8273.69873046875 1.000 1.000 1.000
v 195.5 2258.9478759765625 -8189.69873046875 1.000 1.000 1.000
v 195.5 2212.9478759765625 -8208.69873046875 1.000 1.000 1.000
v 166.5 1298.9478759765625 -7623.69873046875 1.000 1.000 1.000
v 28.5 1298.9478759765625 -7623.69873046875 1.000 1.000 1.000
v 97.5 1497.9478759765625 -8013.69873046875 1.000 1.000 1.000
v 281.5 728.9478759765625 -4503.69873046875 1.000 1.000 1.000
v -86.5 728.9478759765625 -4503.69873046875 1.000 1.000 1.000
v 166.5 1298.9478759765625 -7623.69873046875 1.000 1.000 1.000
v 28.5 1298.9478759765625 -7623.69873046875 1.000 1.000 1.000
v 195.5 1367.9478759765625 -7623.69873046875 1.000 1.000 1.000
v 357.5 1042.9478759765625 -5153.69873046875 1.000 1.000 1.000
v 281.5 728.9478759765625 -4503.69873046875 1.000 1.000 1.000
v 281.5 728.9478759765625 -4503.69873046875 1.000 1.000 1.000
v 166.5 1298.9478759765625 -7623.69873046875 1.000 1.000 1.000
v 195.5 1367.9478759765625 -7623.69873046875 1.000 1.000 1.000
v 28.5 1436.9478759765625 -7623.69873046875 1.000 1.000 1.000
v 0.5 1367.9478759765625 -7623.69873046875 1.000 1.000 1.000
v -162.5 1042.9478759765625 -5153.69873046875 1.000 1.000 1.000
v 195.5 1367.9478759765625 -7623.69873046875 1.000 1.000 1.000
v 166.5 1436.9478759765625 -7623.69873046875 1.000 1.000 1.000
v 357.5 1042.9478759765625 -5153.69873046875 1.000 1.000 1.000
v 97.5 1302.9478759765625 -5153.69873046875 1.000 1.000 1.000
v 97.5 1432.9478759765625 -7103.69873046875 1.000 1.000 1.000
v 28.5 1436.9478759765625 -7623.69873046875 1.000 1.000 1.000
v -162.5 1042.9478759765625 -5153.69873046875 1.000 1.000 1.000
v 0.5 1367.9478759765625 -7623.69873046875 1.000 1.000 1.000
v 28.5 1298.9478759765625 -7623.69873046875 1.000 1.000 1.000
v -86.5 728.9478759765625 -4503.69873046875 1.000 1.000 1.000
v 0.5 1367.9478759765625 -7623.69873046875 1.000 1.000 1.000
v -86.5 728.9478759765625 -4503.69873046875 1.000 1.000 1.000
v -162.5 1042.9478759765625 -5153.69873046875 1.000 1.000 1.000
v 97.5 1302.9478759765625 -5153.69873046875 1.000 1.000 1.000
v 357.5 1042.9478759765625 -5153.69873046875 1.000 1.000 1.000
v 166.5 1436.9478759765625 -7623.69873046875 1.000 1.000 1.000
v 97.5 1432.9478759765625 -7103.69873046875 1.000 1.000 1.000
v 260.5 1432.9478759765625 -4958.69873046875 1.000 1.000 1.000
v 357.5 1042.9478759765625 -5153.69873046875 1.000 1.000 1.000
v 97.5 1302.9478759765625 -5153.69873046875 1.000 1.000 1.000
v 143.5 1451.9478759765625 -4958.69873046875 1.000 1.000 1.000
v 97.5 1432.9478759765625 -4958.69873046875 1.000 1.000 1.000
v 51.5 1451.9478759765625 -4958.69873046875 1.000 1.000 1.000
v -64.5 1432.9478759765625 -4958.69873046875 1.000 1.000 1.000
v -162.5 1042.9478759765625 -5153.69873046875 1.000 1.000 1.000
v 357.5 1042.9478759765625 -5153.69873046875 1.000 1.000 1.000
v 260.5 1432.9478759765625 -4958.69873046875 1.000 1.000 1.000
v 292.5 1432.9478759765625 -4828.69873046875 1.000 1.000 1.000
v -97.5 1432.9478759765625 -4828.69873046875 1.000 1.000 1.000
v -64.5 1432.9478759765625 -4958.69873046875 1.000 1.000 1.000
v -162.5 1042.9478759765625 -5153.69873046875 1.000 1.000 1.000
v -97.5 1432.9478759765625 -4503.69873046875 1.000 1.000 1.000
v -97.5 1432.9478759765625 -4828.69873046875 1.000 1.000 1.000
v -162.5 1042.9478759765625 -5153.69873046875 1.000 1.000 1.000
v -162.5 912.9478759765625 -4503.69873046875 1.000 1.000 1.000
v 357.5 1042.9478759765625 -5153.69873046875 1.000 1.000 1.000
v 292.5 1432.9478759765625 -4828.69873046875 1.000 1.000 1.000
v 292.5 1432.9478759765625 -4503.69873046875 1.000 1.000 1.000
v 357.5 912.9478759765625 -4503.69873046875 1.000 1.000 1.000
v 281.5 728.9478759765625 -4503.69873046875 1.000 1.000 1.000
v 357.5 1042.9478759765625 -5153.69873046875 1.000 1.000 1.000
v 357.5 912.9478759765625 -4503.69873046875 1.000 1.000 1.000
v -43.5 1513.9478759765625 -4958.69873046875 1.000 1.000 1.000
v 97.5 1627.9478759765625 -4832.69873046875 1.000 1.000 1.000
v 97.5 1595.9478759765625 -4958.69873046875 1.000 1.000 1.000
v 238.5 1513.9478759765625 -4958.69873046875 1.000 1.000 1.000
v 97.5 1627.9478759765625 -4832.69873046875 1.000 1.000 1.000
v 97.5 1595.9478759765625 -4958.69873046875 1.000 1.000 1.000
v 97.5 1627.9478759765625 -4503.69873046875 1.000 1.000 1.000
v 97.5 1627.9478759765625 -4503.69873046875 1.000 1.000 1.000
v 292.5 1432.9478759765625 -4828.69873046875 1.000 1.000 1.000
v 260.5 1432.9478759765625 -4958.69873046875 1.000 1.000 1.000
v 266.5 1530.9478759765625 -4828.69873046875 1.000 1.000 1.000
v 292.5 1432.9478759765625 -4503.69873046875 1.000 1.000 1.000
v 266.5 1530.9478759765625 -4503.69873046875 1.000 1.000 1.000
v 97.5 1627.9478759765625 -4832.69873046875 1.000 1.000 1.000
v -43.5 1513.9478759765625 -4958.69873046875 1.000 1.000 1.000
v -71.5 1530.9478759765625 -4828.69873046875 1.000 1.000 1.000
v 97.5 1627.9478759765625 -4503.69873046875 1.000 1.000 1.000
v -71.5 1530.9478759765625 -4503.69873046875 1.000 1.000 1.000
v -64.5 1432.9478759765625 -4958.69873046875 1.000 1.000 1.000
v -97.5 1432.9478759765625 -4828.69873046875 1.000 1.000 1.000
v -97.5 1432.9478759765625 -4503.69873046875 1.000 1.000 1.000
v 238.5 1513.9478759765625 -4958.69873046875 1.000 1.000 1.000
v 260.5 1432.9478759765625 -4958.69873046875 1.000 1.000 1.000
v 143.5 1451.9478759765625 -4958.69873046875 1.000 1.000 1.000
v 97.5 1432.9478759765625 -4958.69873046875 1.000 1.000 1.000
v 51.5 1451.9478759765625 -4958.69873046875 1.000 1.000 1.000
v 97.5 1595.9478759765625 -4958.69873046875 1.000 1.000 1.000
v -97.5 1595.9478759765625 -4178.69873046875 1.000 1.000 1.000
v -162.5 1432.9478759765625 -4178.69873046875 1.000 1.000 1.000
v -162.5 1432.9478759765625 -3723.69873046875 1.000 1.000 1.000
v -32.5 1595.9478759765625 -3658.69873046875 1.000 1.000 1.000
v 292.5 1595.9478759765625 -4178.69873046875 1.000 1.000 1.000
v -97.5 1595.9478759765625 -4178.69873046875 1.000 1.000 1.000
v -32.5 1595.9478759765625 -3658.69873046875 1.000 1.000 1.000
v 227.5 1595.9478759765625 -3658.69873046875 1.000 1.000 1.000
v 292.5 1595.9478759765625 -4178.69873046875 1.000 1.000 1.000
v 227.5 1595.9478759765625 -3658.69873046875 1.000 1.000 1.000
v 357.5 1432.9478759765625 -3723.69873046875 1.000 1.000 1.000
v 357.5 1432.9478759765625 -4178.69873046875 1.000 1.000 1.000
v 227.5 1595.9478759765625 -3658.69873046875 1.000 1.000 1.000
v 227.5 1432.9478759765625 -3528.69873046875 1.000 1.000 1.000
v 357.5 1432.9478759765625 -3723.69873046875 1.000 1.000 1.000
v -162.5 1432.9478759765625 -3723.69873046875 1.000 1.000 1.000
v -32.5 1432.9478759765625 -3528.69873046875 1.000 1.000 1.000
v -32.5 1595.9478759765625 -3658.69873046875 1.000 1.000 1.000
v -32.5 1595.9478759765625 -3658.69873046875 1.000 1.000 1.000
v -32.5 1432.9478759765625 -3528.69873046875 1.000 1.000 1.000
v 227.5 1432.9478759765625 -3528.69873046875 1.000 1.000 1.000
v 227.5 1595.9478759765625 -3658.69873046875 1.000 1.000 1.000
v -418.5 1226.9478759765625 -4178.69873046875 1.000 1.000 1.000
v -335.5 1367.9478759765625 -4178.69873046875 1.000 1.000 1.000
v -162.5 1432.9478759765625 -4438.69873046875 1.000 1.000 1.000
v 292.5 1432.9478759765625 -4503.69873046875 1.000 1.000 1.000
v 357.5 1432.9478759765625 -4438.69873046875 1.000 1.000 1.000
v 530.5 1367.9478759765625 -4178.69873046875 1.000 1.000 1.000
v 742.5 1302.9478759765625 -3528.69873046875 1.000 1.000 1.000
v 639.5 1367.9478759765625 -3528.69873046875 1.000 1.000 1.000
v 613.5 1226.9478759765625 -4178.69873046875 1.000 1.000 1.000
v -444.5 1367.9478759765625 -3528.69873046875 1.000 1.000 1.000
v -418.5 1226.9478759765625 -4178.69873046875 1.000 1.000 1.000
v -547.5 1302.9478759765625 -3528.69873046875 1.000 1.000 1.000
v -335.5 1367.9478759765625 -4178.69873046875 1.000 1.000 1.000
v 227.5 1432.9478759765625 -3528.69873046875 1.000 1.000 1.000
v 639.5 1367.9478759765625 -3528.69873046875 1.000 1.000 1.000
v 357.5 1432.9478759765625 -3723.69873046875 1.000 1.000 1.000
v 530.5 1367.9478759765625 -4178.69873046875 1.000 1.000 1.000
v -162.5 1432.9478759765625 -3723.69873046875 1.000 1.000 1.000
v -32.5 1432.9478759765625 -3528.69873046875 1.000 1.000 1.000
v 613.5 1226.9478759765625 -4178.69873046875 1.000 1.000 1.000
v 630.5 792.9478759765625 -4178.69873046875 1.000 1.000 1.000
v 357.5 912.9478759765625 -4503.69873046875 1.000 1.000 1.000
v 292.5 1432.9478759765625 -4503.69873046875 1.000 1.000 1.000
v -162.5 912.9478759765625 -4503.69873046875 1.000 1.000 1.000
v -435.5 792.9478759765625 -4178.69873046875 1.000 1.000 1.000
v -418.5 1226.9478759765625 -4178.69873046875 1.000 1.000 1.000
v -97.5 1432.9478759765625 -4503.69873046875 1.000 1.000 1.000
v -162.5 1432.9478759765625 -4438.69873046875 1.000 1.000 1.000
v -97.5 1432.9478759765625 -4503.69873046875 1.000 1.000 1.000
v -418.5 1226.9478759765625 -4178.69873046875 1.000 1.000 1.000
v -335.5 1367.9478759765625 -4178.69873046875 1.000 1.000 1.000
v 613.5 1226.9478759765625 -4178.69873046875 1.000 1.000 1.000
v 292.5 1432.9478759765625 -4503.69873046875 1.000 1.000 1.000
v 357.5 1432.9478759765625 -4438.69873046875 1.000 1.000 1.000
v 530.5 1367.9478759765625 -4178.69873046875 1.000 1.000 1.000
v -162.5 1432.9478759765625 -3723.69873046875 1.000 1.000 1.000
v 357.5 1432.9478759765625 -3723.69873046875 1.000 1.000 1.000
v -418.5 1226.9478759765625 -4178.69873046875 1.000 1.000 1.000
v -435.5 792.9478759765625 -4178.69873046875 1.000 1.000 1.000
v -568.5 792.9478759765625 -3528.69873046875 1.000 1.000 1.000
v -547.5 1302.9478759765625 -3528.69873046875 1.000 1.000 1.000
v -482.5 651.9478759765625 -3528.69873046875 1.000 1.000 1.000
v -222.5 597.9478759765625 -3528.69873046875 1.000 1.000 1.000
v -222.5 597.9478759765625 -2488.69873046875 1.000 1.000 1.000
v -482.5 651.9478759765625 -2488.69873046875 1.000 1.000 1.000
v 417.5 597.9478759765625 -3528.69873046875 1.000 1.000 1.000
v 417.5 597.9478759765625 -2488.69873046875 1.000 1.000 1.000
v 386.5 597.9478759765625 -2150.69873046875 1.000 1.000 1.000
v 386.5 597.9478759765625 -2020.69873046875 1.000 1.000 1.000
v 97.5 586.9478759765625 -2020.69873046875 1.000 1.000 1.000
v -191.5 597.9478759765625 -2020.69873046875 1.000 1.000 1.000
v -191.5 597.9478759765625 -2150.69873046875 1.000 1.000 1.000
v -158.5 597.9478759765625 -4178.69873046875 1.000 1.000 1.000
v 386.5 597.9478759765625 -2150.69873046875 1.000 1.000 1.000
v -158.5 597.9478759765625 -4178.69873046875 1.000 1.000 1.000
v 97.5 586.9478759765625 -4178.69873046875 1.000 1.000 1.000
v 353.5 597.9478759765625 -4178.69873046875 1.000 1.000 1.000
v 417.5 597.9478759765625 -3528.69873046875 1.000 1.000 1.000
v 677.5 651.9478759765625 -3528.69873046875 1.000 1.000 1.000
v 677.5 651.9478759765625 -2488.69873046875 1.000 1.000 1.000
v 417.5 597.9478759765625 -2488.69873046875 1.000 1.000 1.000
v 763.5 792.9478759765625 -3528.69873046875 1.000 1.000 1.000
v 630.5 792.9478759765625 -4178.69873046875 1.000 1.000 1.000
v 613.5 1226.9478759765625 -4178.69873046875 1.000 1.000 1.000
v 742.5 1302.9478759765625 -3528.69873046875 1.000 1.000 1.000
v 763.5 792.9478759765625 -3528.69873046875 1.000 1.000 1.000
v 763.5 792.9478759765625 -2488.69873046875 1.000 1.000 1.000
v 677.5 651.9478759765625 -2488.69873046875 1.000 1.000 1.000
v 677.5 651.9478759765625 -3528.69873046875 1.000 1.000 1.000
v -568.5 792.9478759765625 -3528.69873046875 1.000 1.000 1.000
v -482.5 651.9478759765625 -3528.69873046875 1.000 1.000 1.000
v -482.5 651.9478759765625 -2488.69873046875 1.000 1.000 1.000
v -568.5 792.9478759765625 -2488.69873046875 1.000 1.000 1.000
v -444.5 1367.9478759765625 -3528.69873046875 1.000 1.000 1.000
v -547.5 1302.9478759765625 -3528.69873046875 1.000 1.000 1.000
v -547.5 1302.9478759765625 -2488.69873046875 1.000 1.000 1.000
v -444.5 1367.9478759765625 -2488.69873046875 1.000 1.000 1.000
v -129.5 1421.9478759765625 -2488.69873046875 1.000 1.000 1.000
v -32.5 1432.9478759765625 -3528.69873046875 1.000 1.000 1.000
v 325.5 1421.9478759765625 -2488.69873046875 1.000 1.000 1.000
v 227.5 1432.9478759765625 -3528.69873046875 1.000 1.000 1.000
v 639.5 1367.9478759765625 -2488.69873046875 1.000 1.000 1.000
v 742.5 1302.9478759765625 -2488.69873046875 1.000 1.000 1.000
v 742.5 1302.9478759765625 -3528.69873046875 1.000 1.000 1.000
v 639.5 1367.9478759765625 -3528.69873046875 1.000 1.000 1.000
v -519.5 1236.9478759765625 -2292.69873046875 1.000 1.000 1.000
v -426.5 1334.9478759765625 -2292.69873046875 1.000 1.000 1.000
v -444.5 1367.9478759765625 -2488.69873046875 1.000 1.000 1.000
v -547.5 1302.9478759765625 -2488.69873046875 1.000 1.000 1.000
v -482.5 651.9478759765625 -2488.69873046875 1.000 1.000 1.000
v -222.5 597.9478759765625 -2488.69873046875 1.000 1.000 1.000
v -373.5 651.9478759765625 -2150.69873046875 1.000 1.000 1.000
v 417.5 597.9478759765625 -2488.69873046875 1.000 1.000 1.000
v 677.5 651.9478759765625 -2488.69873046875 1.000 1.000 1.000
v 568.5 651.9478759765625 -2150.69873046875 1.000 1.000 1.000
v 639.5 1367.9478759765625 -2488.69873046875 1.000 1.000 1.000
v 714.5 1236.9478759765625 -2292.69873046875 1.000 1.000 1.000
v 742.5 1302.9478759765625 -2488.69873046875 1.000 1.000 1.000
v 621.5 1334.9478759765625 -2292.69873046875 1.000 1.000 1.000
v -122.5 1388.9478759765625 -2292.69873046875 1.000 1.000 1.000
v -129.5 1421.9478759765625 -2488.69873046875 1.000 1.000 1.000
v -444.5 1367.9478759765625 -2488.69873046875 1.000 1.000 1.000
v -426.5 1334.9478759765625 -2292.69873046875 1.000 1.000 1.000
v 317.5 1388.9478759765625 -2292.69873046875 1.000 1.000 1.000
v 325.5 1421.9478759765625 -2488.69873046875 1.000 1.000 1.000
v 621.5 1334.9478759765625 -2292.69873046875 1.000 1.000 1.000
v 639.5 1367.9478759765625 -2488.69873046875 1.000 1.000 1.000
v 714.5 1236.9478759765625 -2292.69873046875 1.000 1.000 1.000
v 700.5 853.9478759765625 -2150.69873046875 1.000 1.000 1.000
v 763.5 792.9478759765625 -2488.69873046875 1.000 1.000 1.000
v 742.5 1302.9478759765625 -2488.69873046875 1.000 1.000 1.000
v 700.5 853.9478759765625 -2150.69873046875 1.000 1.000 1.000
v 568.5 651.9478759765625 -2150.69873046875 1.000 1.000 1.000
v 677.5 651.9478759765625 -2488.69873046875 1.000 1.000 1.000
v 763.5 792.9478759765625 -2488.69873046875 1.000 1.000 1.000
v -482.5 651.9478759765625 -2488.69873046875 1.000 1.000 1.000
v -373.5 651.9478759765625 -2150.69873046875 1.000 1.000 1.000
v -505.5 853.9478759765625 -2150.69873046875 1.000 1.000 1.000
v -568.5 792.9478759765625 -2488.69873046875 1.000 1.000 1.000
v -568.5 792.9478759765625 -2488.69873046875 1.000 1.000 1.000
v -505.5 853.9478759765625 -2150.69873046875 1.000 1.000 1.000
v -519.5 1236.9478759765625 -2292.69873046875 1.000 1.000 1.000
v -547.5 1302.9478759765625 -2488.69873046875 1.000 1.000 1.000
v 621.5 1334.9478759765625 -2292.69873046875 1.000 1.000 1.000
v 598.5 1268.9478759765625 -2162.69873046875 1.000 1.000 1.000
v 714.5 1236.9478759765625 -2292.69873046875 1.000 1.000 1.000
v -426.5 1334.9478759765625 -2292.69873046875 1.000 1.000 1.000
v -519.5 1236.9478759765625 -2292.69873046875 1.000 1.000 1.000
v -403.5 1268.9478759765625 -2162.69873046875 1.000 1.000 1.000
v -519.5 1236.9478759765625 -2292.69873046875 1.000 1.000 1.000
v -505.5 853.9478759765625 -2150.69873046875 1.000 1.000 1.000
v -470.5 853.9478759765625 -2020.69873046875 1.000 1.000 1.000
v -403.5 1268.9478759765625 -2162.69873046875 1.000 1.000 1.000
v 598.5 1268.9478759765625 -2162.69873046875 1.000 1.000 1.000
v 665.5 853.9478759765625 -2020.69873046875 1.000 1.000 1.000
v 714.5 1236.9478759765625 -2292.69873046875 1.000 1.000 1.000
v 700.5 853.9478759765625 -2150.69873046875 1.000 1.000 1.000
v 665.5 853.9478759765625 -2020.69873046875 1.000 1.000 1.000
v 568.5 651.9478759765625 -2020.69873046875 1.000 1.000 1.000
v 700.5 853.9478759765625 -2150.69873046875 1.000 1.000 1.000
v 568.5 651.9478759765625 -2150.69873046875 1.000 1.000 1.000
v -505.5 853.9478759765625 -2150.69873046875 1.000 1.000 1.000
v -373.5 651.9478759765625 -2150.69873046875 1.000 1.000 1.000
v -373.5 651.9478759765625 -2020.69873046875 1.000 1.000 1.000
v -470.5 853.9478759765625 -2020.69873046875 1.000 1.000 1.000
v -373.5 844.9478759765625 -1838.69873046875 1.000 1.000 1.000
v -470.5 853.9478759765625 -2020.69873046875 1.000 1.000 1.000
v -373.5 651.9478759765625 -2020.69873046875 1.000 1.000 1.000
v 568.5 844.9478759765625 -1838.69873046875 1.000 1.000 1.000
v 568.5 651.9478759765625 -2020.69873046875 1.000 1.000 1.000
v 665.5 853.9478759765625 -2020.69873046875 1.000 1.000 1.000
v 97.5 620.9478759765625 -1838.69873046875 1.000 1.000 1.000
v -235.5 667.9478759765625 -1838.69873046875 1.000 1.000 1.000
v -191.5 597.9478759765625 -2020.69873046875 1.000 1.000 1.000
v 97.5 586.9478759765625 -2020.69873046875 1.000 1.000 1.000
v 386.5 597.9478759765625 -2020.69873046875 1.000 1.000 1.000
v 430.5 667.9478759765625 -1838.69873046875 1.000 1.000 1.000
v 430.5 667.9478759765625 -1838.69873046875 1.000 1.000 1.000
v 386.5 597.9478759765625 -2020.69873046875 1.000 1.000 1.000
v 568.5 651.9478759765625 -2020.69873046875 1.000 1.000 1.000
v 430.5 667.9478759765625 -1838.69873046875 1.000 1.000 1.000
v -373.5 844.9478759765625 -1838.69873046875 1.000 1.000 1.000
v -373.5 651.9478759765625 -2020.69873046875 1.000 1.000 1.000
v -235.5 667.9478759765625 -1838.69873046875 1.000 1.000 1.000
v -235.5 667.9478759765625 -1838.69873046875 1.000 1.000 1.000
v -373.5 651.9478759765625 -2020.69873046875 1.000 1.000 1.000
v -191.5 597.9478759765625 -2020.69873046875 1.000 1.000 1.000
v 430.5 987.9478759765625 -1838.69873046875 1.000 1.000 1.000
v 568.5 844.9478759765625 -1838.69873046875 1.000 1.000 1.000
v 665.5 853.9478759765625 -2020.69873046875 1.000 1.000 1.000
v -373.5 844.9478759765625 -1838.69873046875 1.000 1.000 1.000
v -235.5 987.9478759765625 -1838.69873046875 1.000 1.000 1.000
v -470.5 853.9478759765625 -2020.69873046875 1.000 1.000 1.000
v -191.5 597.9478759765625 -2150.69873046875 1.000 1.000 1.000
v -373.5 651.9478759765625 -2150.69873046875 1.000 1.000 1.000
v -222.5 597.9478759765625 -2488.69873046875 1.000 1.000 1.000
v 568.5 651.9478759765625 -2150.69873046875 1.000 1.000 1.000
v 568.5 651.9478759765625 -2020.69873046875 1.000 1.000 1.000
v 386.5 597.9478759765625 -2020.69873046875 1.000 1.000 1.000
v 386.5 597.9478759765625 -2150.69873046875 1.000 1.000 1.000
v 417.5 597.9478759765625 -2488.69873046875 1.000 1.000 1.000
v -113.5 1322.9478759765625 -2162.69873046875 1.000 1.000 1.000
v -122.5 1388.9478759765625 -2292.69873046875 1.000 1.000 1.000
v -426.5 1334.9478759765625 -2292.69873046875 1.000 1.000 1.000
v -403.5 1268.9478759765625 -2162.69873046875 1.000 1.000 1.000
v 308.5 1322.9478759765625 -2162.69873046875 1.000 1.000 1.000
v 317.5 1388.9478759765625 -2292.69873046875 1.000 1.000 1.000
v 621.5 1334.9478759765625 -2292.69873046875 1.000 1.000 1.000
v 598.5 1268.9478759765625 -2162.69873046875 1.000 1.000 1.000
v -136.5 958.9478759765625 -1655.69873046875 1.000 1.000 1.000
v 97.5 1035.9478759765625 -1838.69873046875 1.000 1.000 1.000
v -235.5 987.9478759765625 -1838.69873046875 1.000 1.000 1.000
v 97.5 958.9478759765625 -1598.69873046875 1.000 1.000 1.000
v 97.5 1035.9478759765625 -1838.69873046875 1.000 1.000 1.000
v -136.5 958.9478759765625 -1655.69873046875 1.000 1.000 1.000
v 331.5 958.9478759765625 -1655.69873046875 1.000 1.000 1.000
v 430.5 987.9478759765625 -1838.69873046875 1.000 1.000 1.000
v -373.5 844.9478759765625 -1838.69873046875 1.000 1.000 1.000
v -235.5 987.9478759765625 -1838.69873046875 1.000 1.000 1.000
v -233.5 820.9478759765625 -1598.69873046875 1.000 1.000 1.000
v 32.5 820.9478759765625 -1518.69873046875 1.000 1.000 1.000
v 162.5 820.9478759765625 -1518.69873046875 1.000 1.000 1.000
v 428.5 820.9478759765625 -1598.69873046875 1.000 1.000 1.000
v 568.5 844.9478759765625 -1838.69873046875 1.000 1.000 1.000
v 162.5 683.9478759765625 -1598.69873046875 1.000 1.000 1.000
v 162.5 820.9478759765625 -1518.69873046875 1.000 1.000 1.000
v 32.5 820.9478759765625 -1518.69873046875 1.000 1.000 1.000
v 32.5 683.9478759765625 -1598.69873046875 1.000 1.000 1.000
v 32.5 620.9478759765625 -1838.69873046875 1.000 1.000 1.000
v 162.5 620.9478759765625 -1838.69873046875 1.000 1.000 1.000
v 162.5 683.9478759765625 -1598.69873046875 1.000 1.000 1.000
v 32.5 683.9478759765625 -1598.69873046875 1.000 1.000 1.000
v 162.5 820.9478759765625 -1518.69873046875 1.000 1.000 1.000
v 97.5 958.9478759765625 -1598.69873046875 1.000 1.000 1.000
v 32.5 820.9478759765625 -1518.69873046875 1.000 1.000 1.000
v 309.5 1181.9478759765625 -2062.69873046875 1.000 1.000 1.000
v 314.5 1180.9478759765625 -2066.69873046875 1.000 1.000 1.000
v 298.5 1186.9478759765625 -2055.69873046875 1.000 1.000 1.000
v 195.5 2258.9478759765625 -8097.69873046875 1.000 1.000 1.000
v 195.5 2212.9478759765625 -8078.69873046875 1.000 1.000 1.000
v 195.5 2201.9478759765625 -8132.69873046875 1.000 1.000 1.000
v 195.5 2277.9478759765625 -8143.69873046875 1.000 1.000 1.000
v 195.5 2166.9478759765625 -8097.69873046875 1.000 1.000 1.000
v 195.5 2147.9478759765625 -8143.69873046875 1.000 1.000 1.000
v 195.5 2166.9478759765625 -8189.69873046875 1.000 1.000 1.000
v 195.5 2212.9478759765625 -8208.69873046875 1.000 1.000 1.000
v 195.5 2201.9478759765625 -8132.69873046875 1.000 1.000 1.000
v 195.5 2258.9478759765625 -8189.69873046875 1.000 1.000 1.000
v 195.5 2277.9478759765625 -8143.69873046875 1.000 1.000 1.000
v 195.5 2147.9478759765625 -8143.69873046875 1.000 1.000 1.000
v 195.5 2212.9478759765625 -8078.69873046875 1.000 1.000 1.000
v 195.5 2166.9478759765625 -8097.69873046875 1.000 1.000 1.000
v 195.5 2201.9478759765625 -8132.69873046875 1.000 1.000 1.000
v 195.5 2166.9478759765625 -8097.69873046875 1.000 1.000 1.000
v 195.5 2201.9478759765625 -8132.69873046875 1.000 1.000 1.000
v -162.5 1042.9478759765625 -5153.69873046875 1.000 1.000 1.000
v -86.5 728.9478759765625 -4503.69873046875 1.000 1.000 1.000
v -162.5 912.9478759765625 -4503.69873046875 1.000 1.000 1.000
v 292.5 1692.9478759765625 -4439.69873046875 1.000 1.000 1.000
v 266.5 1530.9478759765625 -4503.69873046875 1.000 1.000 1.000
v 97.5 1627.9478759765625 -4503.69873046875 1.000 1.000 1.000
v 357.5 1432.9478759765625 -4439.69873046875 1.000 1.000 1.000
v 292.5 1432.9478759765625 -4503.69873046875 1.000 1.000 1.000
v -97.5 1692.9478759765625 -4439.69873046875 1.000 1.000 1.000
v -71.5 1530.9478759765625 -4503.69873046875 1.000 1.000 1.000
v -162.5 1432.9478759765625 -4439.69873046875 1.000 1.000 1.000
v -97.5 1432.9478759765625 -4503.69873046875 1.000 1.000 1.000
v -162.5 1432.9478759765625 -4244.69873046875 1.000 1.000 1.000
v -162.5 1432.9478759765625 -4178.69873046875 1.000 1.000 1.000
v -97.5 1692.9478759765625 -4244.69873046875 1.000 1.000 1.000
v -97.5 1595.9478759765625 -4178.69873046875 1.000 1.000 1.000
v 292.5 1595.9478759765625 -4178.69873046875 1.000 1.000 1.000
v 292.5 1692.9478759765625 -4244.69873046875 1.000 1.000 1.000
v 357.5 1432.9478759765625 -4178.69873046875 1.000 1.000 1.000
v 357.5 1432.9478759765625 -4178.69873046875 1.000 1.000 1.000
v 357.5 1432.9478759765625 -4244.69873046875 1.000 1.000 1.000
v 292.5 1692.9478759765625 -4244.69873046875 1.000 1.000 1.000
v 292.5 1692.9478759765625 -4244.69873046875 1.000 1.000 1.000
v 292.5 1692.9478759765625 -4439.69873046875 1.000 1.000 1.000
v -97.5 1692.9478759765625 -4244.69873046875 1.000 1.000 1.000
v -97.5 1692.9478759765625 -4439.69873046875 1.000 1.000 1.000
v -568.5 792.9478759765625 -3528.69873046875 1.000 1.000 1.000
v 763.5 792.9478759765625 -3528.69873046875 1.000 1.000 1.000
v 742.5 1302.9478759765625 -3528.69873046875 1.000 1.000 1.000
v 639.5 1367.9478759765625 -3528.69873046875 1.000 1.000 1.000
v 227.5 1432.9478759765625 -3528.69873046875 1.000 1.000 1.000
v -32.5 1432.9478759765625 -3528.69873046875 1.000 1.000 1.000
v -444.5 1367.9478759765625 -3528.69873046875 1.000 1.000 1.000
v -547.5 1302.9478759765625 -3528.69873046875 1.000 1.000 1.000
v 677.5 651.9478759765625 -3528.69873046875 1.000 1.000 1.000
v 630.5 792.9478759765625 -4178.69873046875 1.000 1.000 1.000
v 763.5 792.9478759765625 -3528.69873046875 1.000 1.000 1.000
v 561.5 651.9478759765625 -4178.69873046875 1.000 1.000 1.000
v 353.5 597.9478759765625 -4178.69873046875 1.000 1.000 1.000
v 417.5 597.9478759765625 -3528.69873046875 1.000 1.000 1.000
v -366.5 651.9478759765625 -4178.69873046875 1.000 1.000 1.000
v -158.5 597.9478759765625 -4178.69873046875 1.000 1.000 1.000
v -482.5 651.9478759765625 -3528.69873046875 1.000 1.000 1.000
v -568.5 792.9478759765625 -3528.69873046875 1.000 1.000 1.000
v -435.5 792.9478759765625 -4178.69873046875 1.000 1.000 1.000
v -162.5 912.9478759765625 -4503.69873046875 1.000 1.000 1.000
v -86.5 728.9478759765625 -4503.69873046875 1.000 1.000 1.000
v 97.5 586.9478759765625 -4178.69873046875 1.000 1.000 1.000
v 281.5 728.9478759765625 -4503.69873046875 1.000 1.000 1.000
v 357.5 912.9478759765625 -4503.69873046875 1.000 1.000 1.000
v -482.5 651.9478759765625 -3528.69873046875 1.000 1.000 1.000
v -158.5 597.9478759765625 -4178.69873046875 1.000 1.000 1.000
v -222.5 597.9478759765625 -3528.69873046875 1.000 1.000 1.000
v 677.5 651.9478759765625 -3528.69873046875 1.000 1.000 1.000
v 417.5 597.9478759765625 -3528.69873046875 1.000 1.000 1.000
v 561.5 651.9478759765625 -4178.69873046875 1.000 1.000 1.000
v 763.5 792.9478759765625 -2488.69873046875 1.000 1.000 1.000
v 763.5 792.9478759765625 -3528.69873046875 1.000 1.000 1.000
v -568.5 792.9478759765625 -3528.69873046875 1.000 1.000 1.000
v -568.5 792.9478759765625 -2488.69873046875 1.000 1.000 1.000
v 742.5 1302.9478759765625 -2488.69873046875 1.000 1.000 1.000
v 763.5 792.9478759765625 -2488.69873046875 1.000 1.000 1.000
v -568.5 792.9478759765625 -2488.69873046875 1.000 1.000 1.000
v -547.5 1302.9478759765625 -2488.69873046875 1.000 1.000 1.000
v -444.5 1367.9478759765625 -2488.69873046875 1.000 1.000 1.000
v -32.5 1432.9478759765625 -2488.69873046875 1.000 1.000 1.000
v 742.5 1302.9478759765625 -2488.69873046875 1.000 1.000 1.000
v -32.5 1432.9478759765625 -2488.69873046875 1.000 1.000 1.000
v 227.5 1432.9478759765625 -2488.69873046875 1.000 1.000 1.000
v 639.5 1367.9478759765625 -2488.69873046875 1.000 1.000 1.000
v 430.5 987.9478759765625 -1838.69873046875 1.000 1.000 1.000
v 568.5 844.9478759765625 -1838.69873046875 1.000 1.000 1.000
v 568.5 844.9478759765625 -1838.69873046875 1.000 1.000 1.000
v -373.5 844.9478759765625 -1838.69873046875 1.000 1.000 1.000
v -373.5 844.9478759765625 -1838.69873046875 1.000 1.000 1.000
v -235.5 987.9478759765625 -1838.69873046875 1.000 1.000 1.000
v -235.5 667.9478759765625 -1838.69873046875 1.000 1.000 1.000
v -233.5 820.9478759765625 -1598.69873046875 1.000 1.000 1.000
v -373.5 844.9478759765625 -1838.69873046875 1.000 1.000 1.000
v -136.5 683.9478759765625 -1655.69873046875 1.000 1.000 1.000
v 32.5 820.9478759765625 -1518.69873046875 1.000 1.000 1.000
v 32.5 683.9478759765625 -1598.69873046875 1.000 1.000 1.000
v 162.5 683.9478759765625 -1598.69873046875 1.000 1.000 1.000
v 428.5 820.9478759765625 -1598.69873046875 1.000 1.000 1.000
v 162.5 820.9478759765625 -1518.69873046875 1.000 1.000 1.000
v 331.5 683.9478759765625 -1655.69873046875 1.000 1.000 1.000
v 568.5 844.9478759765625 -1838.69873046875 1.000 1.000 1.000
v 430.5 667.9478759765625 -1838.69873046875 1.000 1.000 1.000
v 32.5 620.9478759765625 -1838.69873046875 1.000 1.000 1.000
v 162.5 620.9478759765625 -1838.69873046875 1.000 1.000 1.000
v -403.5 1268.9478759765625 -2162.69873046875 1.000 1.000 1.000
v -470.5 853.9478759765625 -2020.69873046875 1.000 1.000 1.000
v -235.5 987.9478759765625 -1838.69873046875 1.000 1.000 1.000
v -113.5 1322.9478759765625 -2162.69873046875 1.000 1.000 1.000
v 97.5 1035.9478759765625 -1838.69873046875 1.000 1.000 1.000
v 308.5 1322.9478759765625 -2162.69873046875 1.000 1.000 1.000
v 598.5 1268.9478759765625 -2162.69873046875 1.000 1.000 1.000
v 430.5 987.9478759765625 -1838.69873046875 1.000 1.000 1.000
v 665.5 853.9478759765625 -2020.69873046875 1.000 1.000 1.000
v 105.5 1625.9478759765625 -4768.69873046875 1.000 1.000 1.000
v 105.5 1716.9478759765625 -4768.69873046875 1.000 1.000 1.000
v 105.5 1716.9478759765625 -4638.69873046875 1.000 1.000 1.000
v 105.5 1625.9478759765625 -4638.69873046875 1.000 1.000 1.000
v 105.5 585.9478759765625 -2623.69873046875 1.000 1.000 1.000
v 105.5 494.9478759765625 -2623.69873046875 1.000 1.000 1.000
v 105.5 494.9478759765625 -2753.69873046875 1.000 1.000 1.000
v 105.5 585.9478759765625 -2623.69873046875 1.000 1.000 1.000
v 105.5 494.9478759765625 -2753.69873046875 1.000 1.000 1.000
v 105.5 585.9478759765625 -2753.69873046875 1.000 1.000 1.000
v 243.5 1114.9478759765625 -2136.69873046875 1.000 1.000 1.000
v 243.5 1101.9478759765625 -2045.69873046875 1.000 1.000 1.000
v 335.5 1100.9478759765625 -2045.69873046875 1.000 1.000 1.000
v 335.5 1113.9478759765625 -2136.69873046875 1.000 1.000 1.000
v 130.5 1035.9478759765625 -1838.69873046875 1.000 1.000 1.000
v 65.5 1322.9478759765625 -2162.69873046875 1.000 1.000 1.000
v 65.5 1035.9478759765625 -1838.69873046875 1.000 1.000 1.000
v 130.5 1322.9478759765625 -2162.69873046875 1.000 1.000 1.000
v -23.0 -618.0 -23.0 1.000 1.000 1.000
v -33.0 -618.0 0.0 1.000 1.000 1.000
v -33.0 0.0 0.0 1.000 1.000 1.000
v -23.0 0.0 -23.0 1.000 1.000 1.000
v 0.0 -618.0 -32.0 1.000 1.000 1.000
v -23.0 -618.0 -23.0 1.000 1.000 1.000
v 0.0 0.0 -32.0 1.000 1.000 1.000
v 23.0 -618.0 -23.0 1.000 1.000 1.000
v 23.0 0.0 -23.0 1.000 1.000 1.000
v 32.0 -618.0 0.0 1.000 1.000 1.000
v 23.0 0.0 -23.0 1.000 1.000 1.000
v 32.0 0.0 0.0 1.000 1.000 1.000
v 23.0 -618.0 23.0 1.000 1.000 1.000
v 23.0 0.0 23.0 1.000 1.000 1.000
v 0.0 -618.0 33.0 1.000 1.000 1.000
v 23.0 -618.0 23.0 1.000 1.000 1.000
v 23.0 0.0 23.0 1.000 1.000 1.000
v 0.0 0.0 33.0 1.000 1.000 1.000
v -23.0 -618.0 23.0 1.000 1.000 1.000
v -23.0 0.0 23.0 1.000 1.000 1.000
v -33.0 -618.0 0.0 1.000 1.000 1.000
v -33.0 0.0 0.0 1.000 1.000 1.000
v -1942.0 0.0 2725.0 1.000 1.000 1.000
v -5.0 0.0 3189.0 1.000 1.000 1.000
v 32.0 0.0 7.0 1.000 1.000 1.000
v -32.0 0.0 -7.0 1.000 1.000 1.000
v 1617.0 0.0 -2720.0 1.000 1.000 1.000
v 21.0 0.0 -3185.0 1.000 1.000 1.000
v -32.0 0.0 -7.0 1.000 1.000 1.000
v 32.0 0.0 7.0 1.000 1.000 1.000
v 0.0 -433.0 595.0 1.000 1.000 1.000
v 0.0 -672.0 6.0 1.000 1.000 1.000
v 0.0 -6.0 -15.0 1.000 1.000 1.000
v 0.0 6.0 15.0 1.000 1.000 1.000
v 0.0 435.0 -588.0 1.000 1.000 1.000
v 0.0 674.0 1.0 1.000 1.000 1.000
v 0.0 6.0 15.0 1.000 1.000 1.000
v 0.0 -6.0 -15.0 1.000 1.000 1.000
vt 1.1172 1.0215
vt 0.8704 0.9336
vt 0.4440 0.6543
vt 0.1172 1.0215
vt 0.4466 0.1562
vt 0.5241 0.1572
vt 0.0671 0.1299
vt 0.9010 0.2197
vt 0.5267 0.6133
vt 1.0671 0.1299
vt 0.4466 0.2910
vt 0.9199 0.0732
vt 1.1009 0.0293
vt 0.4492 0.7930
vt 0.1009 0.0293
vt 0.0560 0.9238
vt 0.5332 0.7764
vt 0.5352 0.2930
vt 0.9043 0.8184
vt 1.0560 0.9238
vt 0.0000 1.0000
vt 1.0000 1.0000
vt 0.0000 -0.3232
vt 1.0000 -0.3232
vt 0.0000 -0.7910
vt 1.0000 -0.7910
vt 0.0000 0.3770
vt 1.0000 0.3770
vt 0.1758 0.9688
vt 0.1094 0.7725
vt 0.1426 0.9424
vt 0.2646 0.6963
vt 0.3232 0.9951
vt 0.2207 0.9775
vt 0.4609 0.6748
vt 0.5469 0.9893
vt 0.4395 1.0029
vt 0.7051 0.6963
vt 0.7188 0.9707
vt 0.6504 0.9785
vt 0.8066 0.7705
vt 0.7480 0.9443
vt 0.2568 0.6133
vt 0.0400 0.5596
vt 0.2178 0.3047
vt 0.4746 0.5225
vt 0.7441 0.3066
vt 0.9219 0.5645
vt 0.9062 0.4023
vt 0.8467 0.5225
vt 0.7461 0.5566
vt 0.6748 0.6162
vt 0.2051 0.5654
vt 0.4072 0.0215
vt 0.0703 0.1104
vt 0.0771 0.1016
vt 0.0684 0.5215
vt 0.4688 0.0352
vt 0.0547 0.3916
vt 0.5830 0.0352
vt 0.6357 0.0225
vt 0.9502 0.1230
vt 0.9180 0.4092
vt 0.5088 0.1348
vt 0.9531 0.1133
vt 0.0771 0.2070
vt 0.9375 0.2295
vt 0.0605 0.4004
vt 0.4248 0.9814
vt 0.4268 0.5068
vt 0.0508 0.3398
vt 0.7266 0.4824
vt 0.8711 0.7354
vt 0.8232 0.7363
vt 0.8711 0.3994
vt 0.0049 0.6816
vt 0.1709 0.4434
vt 0.0234 0.6875
vt 0.4756 0.7256
vt 0.7119 0.7695
vt 0.3730 0.8887
vt 0.4512 0.7266
vt 0.8643 0.9043
vt 0.4668 0.7080
vt 0.5898 0.8945
vt 0.6006 0.7871
vt 0.2549 0.7881
vt 0.1123 0.8672
vt 0.7539 0.7617
vt 0.9473 0.8838
vt 0.9521 0.7949
vt 0.3271 0.8848
vt 0.4619 0.7324
vt 0.6289 0.9092
vt 0.6543 0.7197
vt 0.1504 0.9111
vt 0.4082 0.7207
vt 0.9023 0.7871
vt 0.2158 0.7236
vt 0.2666 0.6006
vt 0.4453 0.6133
vt 0.9336 0.6924
vt 0.6367 0.7002
vt 0.3301 0.5850
vt 0.9854 0.5684
vt 0.4062 0.6045
vt 0.6680 0.5938
vt 0.2881 0.2139
vt 0.7676 0.2197
vt 0.8438 0.2158
vt 0.2617 0.2910
vt 0.6221 0.1963
vt 0.3027 0.2471
vt 0.9688 0.2324
vt 0.9033 0.1162
vt 0.9229 0.1309
vt 0.3613 0.2461
vt 0.8584 0.1338
vt 0.4043 0.0928
vt 0.2578 0.2383
vt 0.4551 -0.0029
vt 0.4463 0.0049
vt 0.4033 0.0771
vt 0.6357 0.8076
vt 0.4082 0.8057
vt 0.6543 0.8848
vt 0.2402 0.7998
vt 0.2178 0.9014
vt 0.7432 0.6963
vt 0.5752 0.7373
vt 0.7930 0.7988
vt 0.3213 0.7354
vt 0.2656 0.8887
vt 0.3965 0.7754
vt 0.2373 0.8037
vt 0.2295 0.8818
vt 0.6250 0.7422
vt 0.7051 0.8926
vt 0.2852 0.7979
vt 0.3896 0.7812
vt 0.2910 0.9004
vt 0.5986 0.7080
vt 0.6553 0.8086
vt 0.5957 0.6504
vt 0.2432 0.7080
vt 0.2598 0.7061
vt 0.6035 0.6025
vt 0.1709 0.6055
vt 0.6191 0.6445
vt 0.3330 0.6406
vt 0.7500 0.6416
vt 0.8516 0.3350
vt 0.3486 0.3477
vt 0.1865 0.2188
vt 0.6416 0.3232
vt 0.4814 0.2100
vt 0.3115 0.2158
vt 0.8047 0.3281
vt 0.6836 0.2227
vt 0.6201 0.3359
vt 0.1543 0.3262
vt 0.5186 0.1143
vt 0.1650 0.2119
vt 0.5264 0.1064
vt 0.1494 0.2227
vt 0.5781 0.1816
vt 0.6494 0.3320
vt 0.5547 0.1729
vt 0.6777 0.3193
vt 0.9004 0.9023
vt 0.7998 0.9714
vt 0.8525 0.9668
vt 0.6162 0.9193
vt 0.5752 0.9688
vt 0.3242 0.9023
vt 0.5518 0.9707
vt 0.6416 0.9310
vt 0.4629 0.5410
vt 0.3398 0.5306
vt 0.5381 0.5273
vt 0.5918 0.5273
vt 0.8789 0.5286
vt 0.8506 0.5339
vt 0.5986 0.5378
vt 0.6240 0.1257
vt 0.3164 0.2077
vt 0.3086 0.1159
vt 0.6260 0.2227
vt 0.9727 0.1270
vt 0.9707 0.2233
vt 0.9736 0.1654
vt 0.6514 0.2168
vt 0.6504 0.1484
vt 0.9756 0.0814
vt 0.6309 -0.0241
vt 0.9727 -0.0241
vt 0.3223 -0.0703
vt 0.5596 0.9447
vt 0.2725 0.9141
vt 0.4717 0.9805
vt 0.6875 0.9805
vt 0.5293 0.9316
vt 0.7773 0.9160
vt 0.7334 0.9759
vt 0.4922 0.9785
vt 0.6836 0.5716
vt 0.7461 0.5710
vt 0.7559 0.5677
vt 0.5195 0.5651
vt 0.4717 0.5651
vt 0.2979 0.5677
vt 0.4219 0.5755
vt 0.5742 0.2090
vt 0.2754 0.2656
vt 0.2568 0.1712
vt 0.5723 0.2734
vt 0.8555 0.2246
vt 0.8584 0.2793
vt 0.8564 0.1888
vt 0.5840 0.2721
vt 0.5479 0.1888
vt 0.5566 0.0482
vt 0.8564 0.0475
vt 0.8545 0.1458
vt 0.2871 0.0033
vt 0.0345 0.9258
vt 0.0684 0.9268
vt 0.9961 0.9609
vt 0.9277 0.8613
vt 0.0957 0.5078
vt 0.3848 0.5117
vt 0.0924 0.4941
vt 0.9688 0.8193
vt 0.3906 0.5195
vt 0.0996 0.0693
vt 0.4460 0.0762
vt 0.4538 0.0830
vt 0.0951 0.0557
vt 0.8750 0.9639
vt 0.0853 0.9678
vt 0.0560 0.9678
vt 0.8757 0.9639
vt 0.8444 0.8115
vt 0.8112 0.8584
vt 0.3060 0.4980
vt 0.0827 0.4951
vt 0.0859 0.5098
vt 0.3372 0.5098
vt 0.3607 0.0244
vt 0.0658 0.0332
vt 0.3672 0.0322
vt 0.0618 0.0186
vt 0.3145 0.5381
vt 5.3145 0.7734
vt 0.3145 0.7734
vt 5.3145 0.5381
vt 6.1152 0.2666
vt 3.1543 1.0801
vt 3.1543 0.9033
vt 2.4248 -0.0088
vt 2.4248 0.2412
vt -0.3750 -0.0088
vt -0.3750 0.2412
vt -1.1045 1.0801
vt -1.1045 0.9033
vt 0.9346 0.9326
vt 0.7168 0.0879
vt 0.0693 0.9717
vt 0.1553 0.1484
vt 1.0234 0.8857
vt 1.7529 -0.0234
vt 1.9805 0.8984
vt 1.1201 -0.0059
vt 0.0459 1.0049
vt 0.9580 0.9678
vt 0.4404 0.2900
vt 0.9248 0.1611
vt 0.4385 0.1172
vt 0.9434 0.9180
vt 0.0957 0.8496
vt 0.9053 0.0068
vt 0.8389 0.1660
vt 1.0156 0.8760
vt 0.2871 0.3447
vt 0.0283 1.0127
vt 0.2158 0.2422
vt 0.9463 0.9287
vt 0.6709 0.0732
vt 0.0898 0.9805
vt 0.3281 0.0566
vt 0.9082 0.0400
vt 0.0166 0.4727
vt 0.9346 0.4824
vt 1.0264 0.9971
vt 1.0322 0.6211
vt 1.9492 0.9883
vt 1.9541 0.6172
vt 0.0840 0.5508
vt 0.7598 -0.0117
vt 0.1572 0.0342
vt 1.0117 0.5127
vt 0.9668 -0.0127
vt 0.0674 -0.3486
vt 0.0254 0.0146
vt 1.0078 -0.3721
vt 0.4307 0.2188
vt 0.3857 -0.1006
vt 0.2383 0.1182
vt 0.2129 0.1162
vt 0.4277 -0.0459
vt 0.4775 0.2080
vt 0.3721 -0.0791
vt 0.5596 -0.0381
vt 0.7607 -0.0264
vt 0.9717 -0.0107
vt 0.9766 0.3438
vt 0.9629 -0.0195
vt 0.7402 -0.0293
vt 0.9697 0.3711
vt 0.5400 -0.0518
vt 0.4541 -0.0625
vt 0.0791 0.4668
vt 0.0674 0.4355
vt 0.9854 0.5391
vt 0.5059 0.5449
vt 0.4990 0.5850
vt 0.9668 0.5850
vt 0.9688 0.8604
vt 0.9922 0.7891
vt 0.4590 0.5049
vt 0.4814 0.5547
vt 0.6865 0.5186
vt 0.7178 0.4688
vt 0.4141 0.5552
vt 0.4248 0.5054
vt 0.1924 0.5527
vt 0.2539 0.4512
vt 0.1680 0.4819
vt 0.5000 0.6748
vt 0.4160 0.6787
vt 0.3770 0.7026
vt 0.5439 0.6929
vt 0.3359 0.5688
vt 0.2451 0.5820
vt 0.2744 0.8003
vt 0.5664 0.5615
vt 0.4375 0.7202
vt 0.5801 0.0425
vt 0.4199 0.1348
vt 0.6357 0.2012
vt 0.6494 0.5474
vt 0.3799 0.7905
vt 0.3486 0.8101
vt 0.4932 0.7690
vt 0.4668 0.7725
vt 0.4639 0.8022
vt 0.5527 0.8667
vt 0.5537 0.9634
vt 0.6523 0.7866
vt 0.3955 0.9678
vt 0.4854 0.9927
vt 0.6318 0.4243
vt 0.5127 0.8481
vt 0.5889 0.7969
vt 0.6104 0.0034
vt 0.3330 -0.0190
vt 0.4170 0.0410
vt 0.5391 0.2065
vt 0.4414 0.2007
vt 0.1523 0.0688
vt 0.7236 0.7441
vt 0.5459 -0.0054
vt 0.4014 0.0254
vt 0.4561 0.6914
vt 0.5488 0.7764
vt 0.4805 0.7183
vt 0.3682 0.2109
vt 0.2344 0.0752
vt 0.2783 0.2207
vt 0.4287 0.8496
vt 0.3906 0.8730
vt 0.7139 0.2378
vt 0.2441 0.0703
vt 0.2061 0.2700
vt 0.6953 0.0757
vt 0.4346 0.7695
vt 0.7832 0.1035
vt 0.7207 0.0884
vt 0.6318 0.7715
vt 0.8516 0.5693
vt 0.6543 0.5996
vt 0.7959 0.7637
vt 0.8291 0.7139
vt 0.7109 0.8398
vt 0.6426 0.9004
vt 0.8467 0.3145
vt 0.8223 0.4355
vt 0.8965 0.5439
vt 0.5352 0.8184
vt 0.8701 0.6973
vt 0.7422 0.3760
vt 1.0449 0.4346
vt 0.9609 0.3623
vt 0.5625 0.9365
vt 0.4580 0.9609
vt 0.5264 0.9688
vt 1.0977 0.2129
vt 0.7822 0.2705
vt 1.1709 0.1143
vt 0.9316 0.1650
vt 1.2139 0.4561
vt 1.2314 0.1680
vt 1.0840 0.5781
vt 1.0508 0.8076
vt 0.9482 0.5889
vt 0.9619 0.7666
vt 0.7871 0.7812
vt 0.9609 0.7871
vt 0.6660 0.8828
vt 0.8428 0.3604
vt 0.7656 0.2822
vt 0.8408 0.1611
vt 0.7393 0.3389
vt 0.8643 0.5645
vt 0.7549 0.1777
vt 0.5693 0.7949
vt 0.5918 0.9248
vt 0.4941 0.9443
vt 0.9033 0.1299
vt 1.0225 0.2393
vt 1.0088 0.0918
vt 0.9121 0.4199
vt 1.0732 0.1260
vt 1.1416 0.2754
vt 0.6738 0.5781
vt 0.6543 0.5205
vt 1.0605 0.2754
vt 1.0449 0.0752
vt 1.0420 0.4414
vt 0.9492 0.7500
vt 1.1592 0.4443
vt 0.8994 0.6650
vt 0.8779 0.6914
vt 0.6650 0.8984
vt 0.6611 0.7471
vt 1.0000 0.4326
vt 1.1982 0.4727
vt 0.9160 0.4775
vt 0.9551 0.5859
vt 0.7158 0.3027
vt 0.6211 0.5010
vt 1.0479 0.8350
vt 0.9863 0.7393
vt 1.2051 0.2891
vt 1.1670 0.7627
vt 0.6475 0.6064
vt 1.2256 0.1299
vt 0.7314 0.8330
vt 0.8057 0.7744
vt 0.5566 0.9609
vt 0.8389 0.7051
vt 0.2842 0.8467
vt 0.0508 0.5371
vt -0.0391 0.7715
vt 0.0830 0.9551
vt 0.9570 0.8057
vt 0.8027 0.7773
vt 0.6865 0.8809
vt 1.0479 0.1211
vt 0.8701 -0.0820
vt 0.2598 0.1113
vt 0.8760 0.1074
vt 0.2383 -0.0732
vt 0.0107 0.1211
vt 0.6836 -0.0752
vt 0.0088 -0.0645
vt 1.0752 -0.0732
vt 0.4453 -0.0791
vt 0.0752 0.4268
vt 1.0938 0.4033
vt 0.0498 0.5508
vt 1.0146 0.5752
vt 0.4639 0.9229
vt 0.2578 0.7578
vt 0.3018 0.9385
vt 0.5312 0.7295
vt 0.6221 0.9229
vt 0.5430 0.9229
vt 0.8037 0.7588
vt 0.7754 0.9355
vt 0.8428 0.1514
vt 0.4834 0.0029
vt 0.5059 0.3623
vt 0.7881 0.3604
vt 0.1631 0.1738
vt 0.8418 0.0664
vt 0.8467 0.3701
vt 0.2158 0.3643
vt 0.1758 0.3799
vt 0.6133 0.0000
vt 0.3799 0.0020
vt 0.1543 0.0811
vt 0.2236 0.0068
vt 0.0322 0.6816
vt 0.9727 0.6270
vt 0.4902 0.1113
vt 0.1514 0.7061
vt 1.1514 0.4863
vt 1.0352 0.6299
vt 0.0195 0.8477
vt 0.2695 0.1777
vt 0.5254 0.0869
vt 1.0283 0.6055
vt 0.2393 0.7178
vt 0.0049 0.1230
vt 0.3799 0.8691
vt 0.8799 0.8730
vt -0.2090 0.2109
vt 0.0049 0.8105
vt 1.0039 0.9307
vt 0.5596 0.9268
vt 0.2266 0.1309
vt 0.2266 0.8643
vt 0.0371 0.2256
vt 0.1152 0.2646
vt -0.1201 0.2480
vt 0.4434 0.6680
vt 0.5850 0.9912
vt 0.5850 0.7412
vt 0.3848 0.4912
vt 0.1855 0.4912
vt 0.8682 0.8447
vt 0.3027 0.1377
vt 0.5850 -0.0088
vt 0.8682 0.1377
vt 0.9854 0.4912
vt 0.4434 0.3145
vt 0.7266 0.6680
vt 0.5850 0.2412
vt 0.7852 0.4912
vt 0.7266 0.3145
vt 0.0498 0.0195
vt 0.0664 0.8271
vt 2.5361 0.4551
vt 0.0176 0.0117
vt 0.0273 0.8584
vt 3.9199 0.4014
vt 3.9229 0.7188
vt -4.1934 0.1992
vt -0.0449 0.0957
vt 1.0088 0.6533
vt -4.2041 0.3691
vt 5.7109 0.2090
vt 5.7051 0.3174
vt 0.4385 0.5879
vt -3.4639 0.5244
vt -3.4688 0.4482
vt 0.9980 0.5781
vt 1.0020 0.1475
vt -4.2744 0.1816
vt -5.6729 0.2773
vt 1.0674 0.6006
vt -0.0195 0.9365
vt -0.0068 1.3018
vt 16.0186 2.0361
vt -3.7197 0.4697
vt 1.8652 0.2646
vt 0.7568 0.6670
vt 0.9756 0.2295
vt -2.5361 0.3574
vt 1.1162 0.3398
vt -0.0312 0.5049
vt 0.4629 -0.0107
vt 1.0996 0.0137
vt 1.0283 -0.1416
vt 1.0498 -0.2588
vt 0.9395 -0.6221
vt -0.3154 -1.0352
vt 0.8672 0.8037
vt 1.0234 0.0156
vt 0.4072 0.0303
vt 1.0303 0.0391
vt 2.0342 0.0293
vt 1.0078 1.0088
vt 0.8574 0.0195
vt 0.3691 0.0283
vt -0.1924 0.5039
vt 0.7598 0.6445
vt -0.2246 0.5840
vt 0.3447 0.0889
vt 0.8330 0.0791
vt 0.7275 0.7246
vt 0.9453 0.6670
vt -0.2900 0.2568
vt 0.9795 0.1299
vt 0.5869 0.3096
vt 0.7812 0.4902
vt 0.7256 0.4902
vt 0.5869 0.6699
vt 0.4482 0.7402
vt 0.4482 0.6982
vt 0.6152 0.7061
vt 0.6152 0.2734
vt 0.4482 0.2812
vt 0.4482 0.2402
vt 0.4805 0.5488
vt 0.4482 0.4902
vt 0.4805 0.4307
vt -0.5938 0.0273
vt -0.7559 0.6211
vt 1.4512 0.7432
vt 1.9971 0.0312
vt -0.3213 0.0156
vt -0.3213 0.7656
vt 1.0127 0.6406
vt 1.0127 0.1406
vt 1.6572 0.0381
vt -1.5684 0.0332
vt -1.4893 0.6904
vt 1.3682 0.6240
vt 0.4814 0.2578
vt -0.0010 0.7627
vt 0.9854 0.7539
vt -0.0078 0.7734
vt 0.9922 0.7734
vt 0.5303 0.0146
vt 1.3457 0.6406
vt 1.3457 0.1406
vt -1.3848 0.6416
vt -1.3848 0.5264
vt -2.1855 0.2842
vt 2.6543 0.7119
vt 2.4873 0.6123
vt 1.8213 0.3457
vt 0.1543 0.0205
vt 0.1543 0.1787
vt 1.8213 0.2188
vt 0.6152 0.6777
vt 0.6152 0.8213
vt 0.1543 0.8125
vt 0.6543 0.6123
vt 0.0146 0.2842
vt 0.6152 0.1025
vt -0.2783 0.2793
vt -0.2197 0.8711
vt 0.9424 0.7559
vt 0.9551 0.0469
vt 0.2773 0.7529
vt 1.1299 0.9258
vt 1.7646 0.3184
vt 0.9697 0.0234
vt -2.3848 0.1934
vt -0.4150 0.1084
vt -0.4424 0.8047
vt 0.9756 0.8359
vt 1.0078 0.0176
vt 1.3105 0.0410
vt 1.3496 0.1836
vt 3.7236 0.2148
vt 3.6846 0.0713
vt 1.4482 0.5527
vt 3.8223 0.5830
vt 4.5898 0.5762
vt 4.8867 0.5801
vt 4.8418 0.4111
vt 4.7969 0.2461
vt 4.5000 0.2422
vt -0.1240 0.2021
vt -0.0850 0.3477
vt -0.0449 0.4971
vt 1.4902 0.7090
vt 3.8643 0.7402
vt 1.0654 0.8545
vt -0.5898 0.8408
vt -0.6367 0.1484
vt 1.0098 0.0410
vt -2.7920 0.1455
vt 2.5996 0.1641
vt 2.6602 0.7705
vt -2.7324 0.7520
vt 3.2832 0.8594
vt 3.3223 0.3691
vt -0.3066 0.3330
vt -0.3457 0.8232
vt 1.4463 0.7422
vt 1.4756 0.7949
vt -1.3232 0.7910
vt -1.3525 0.7383
vt -1.4473 0.5625
vt 1.3213 0.5117
vt -1.5879 0.3018
vt 1.2412 0.3623
vt -1.6865 0.1162
vt -1.7207 0.0518
vt 1.0781 0.0547
vt 1.1123 0.1201
vt 0.3652 0.8320
vt 0.3770 0.4053
vt 0.9746 0.4180
vt 0.9951 0.8135
vt 1.0068 0.6074
vt 0.9961 0.0449
vt 0.0869 0.4160
vt 0.9434 -1.3984
vt 0.9121 -2.0107
vt 0.0098 -1.7109
vt 0.9980 0.0449
vt 0.3809 0.5732
vt 0.9717 0.5273
vt 0.4287 0.0215
vt 0.4561 0.5840
vt 1.0254 0.5889
vt 1.0029 0.8086
vt 0.4336 0.7959
vt 0.4502 0.2676
vt 1.0195 0.2607
vt 0.4189 0.0420
vt 0.9883 0.0283
vt 0.5801 0.1963
vt 0.2988 0.7578
vt 0.9824 0.7695
vt 0.9727 0.0615
vt 0.9912 0.0059
vt 0.8867 0.7910
vt 0.1465 0.6572
vt 0.2207 0.1201
vt 0.0371 0.7773
vt 0.9883 0.7930
vt 1.0127 0.0566
vt 0.0566 0.2734
vt 0.9893 0.6807
vt 0.3984 0.6445
vt 0.6514 0.1357
vt 0.9941 0.0254
vt 0.9854 0.0205
vt -0.4863 0.3184
vt 0.9883 0.7480
vt 0.3027 0.1465
vt 0.2061 0.8057
vt 1.0244 0.6572
vt 0.0049 0.0967
vt 0.3232 0.7588
vt 0.9990 0.7812
vt 1.0049 0.0293
vt 1.2363 0.0244
vt 1.0010 0.8828
vt -0.0195 0.0479
vt 0.0000 0.8408
vt 0.2451 0.1074
vt 0.0156 0.5908
vt -0.2852 0.1309
vt -0.4600 0.6514
vt -0.2842 0.0557
vt -0.3662 0.7686
vt 0.0918 0.6953
vt 0.2344 0.0352
vt 1.0273 0.1045
vt 1.0430 0.1455
vt 0.9648 0.4795
vt 1.1318 0.7881
vt -0.0381 0.7500
vt -0.1230 0.4785
vt -0.1660 0.2041
vt 0.9844 0.1602
vt -0.8604 0.4893
vt 0.0664 0.6816
vt 0.2754 0.0400
vt 0.9258 0.6240
vt 0.9951 0.7607
vt -1.1377 0.4980
vt 0.1348 0.0205
vt 0.0488 0.7607
vt 0.9854 0.0234
vt 1.0029 0.7295
vt -0.0264 0.7188
vt 0.9941 0.7617
vt 1.0000 0.0000
vt 0.0107 0.7695
vt 0.9111 0.7764
vt 0.9971 0.0361
vt 3.1719 0.7031
vt 0.9814 0.0273
vt 0.7725 0.6699
vt 2.6445 0.5391
vt 0.5020 0.5977
vt 1.0547 0.5928
vt 0.9814 0.7871
vt 0.4268 0.7842
vt 0.4678 0.3242
vt 1.0195 0.3057
vt 0.8955 0.1055
vt 0.3457 0.1309
vt 0.7246 0.6699
vt 0.0186 0.4453
vt 0.0186 0.7656
vt 0.9424 0.4453
vt 0.7246 0.2197
vt 0.0186 0.1250
vt 0.0186 0.8975
vt 0.9424 0.7637
vt 1.2500 0.4453
vt 0.9424 0.1270
vt 0.0186 -0.0078
vt -0.3877 1.8154
vt 0.6123 1.8154
vt 0.6123 1.0000
vt -0.3877 1.0000
vt -1.4844 1.0000
vt -1.4844 1.8154
vt 0.6328 0.6211
vt 1.1104 0.5107
vt 0.6982 0.2324
vt 0.7207 0.0889
vt 0.5801 0.0420
vt 0.5400 0.6631
vt 0.5205 0.8623
vt 0.8213 0.7217
vt 0.7471 0.4561
vt 0.7012 0.9375
vt 0.9756 0.8438
vt 1.1826 0.6367
vt 1.2012 0.4375
vt 1.0205 0.3623
vt 1.0547 1.5908
vt 0.8750 1.0000
vt 0.8252 1.3311
vt 0.5000 1.3311
vt 0.8750 1.3311
vt 0.1250 1.0000
vt 0.1748 1.3311
vt 0.1250 1.3311
vt 0.0000 0.7686
vt 0.1250 0.7686
vt 0.8750 0.7686
vt 1.0000 0.7686
vt 0.0000 2.0000
vt 1.0000 2.0000
vt 0.0322 0.0000
vt 0.1123 -0.1270
vt 0.4229 -0.2549
vt 0.6182 -0.2549
vt 0.9248 -0.1270
vt 0.9346 1.0000
vt 0.9004 1.6250
vt 0.8477 1.6250
vt 0.6914 1.6250
vt 0.7402 1.0000
vt 0.1523 1.6250
vt 0.3086 1.6250
vt 0.0654 1.0000
vt 0.0996 1.6250
vt 0.3047 1.9375
vt 0.3623 1.9375
vt 0.5000 1.6250
vt 0.6377 1.9375
vt 0.6953 1.9375
vt 0.2598 1.0000
vt 0.0000 0.0000
vt 0.5283 0.6230
vt -0.0928 0.6064
vt 0.8818 1.6836
vt -0.1963 -0.1387
vt -0.9795 -1.4385
vt -0.7744 -1.4385
vt 2.2705 -2.0410
vt 1.6855 -0.6768
vt 2.4463 -2.0410
vt 1.7744 -1.1738
vt 0.8506 0.0410
vt 1.1533 -0.6670
vt -0.1582 -1.4385
vt 1.7422 -2.0410
vt 0.6914 -0.0508
vt 0.9072 0.5869
vt 1.1660 0.3818
vt 1.0967 -0.1338
vt 1.6416 0.3086
vt 1.7451 -0.1338
vt 2.2344 -0.0508
vt 2.1904 0.3818
vt 2.6553 0.5869
vt 0.0029 0.0293
vt 1.0029 0.8379
vt 0.0059 0.8672
vt 1.7070 1.0000
vt 1.7070 0.0000
vt -0.7070 1.0000
vt -0.7070 0.0000
vt 0.0762 0.0093
vt 0.9248 -0.0078
vt 0.8271 0.9897
vt 0.7422 0.9917
vn -0.577 -0.577 -0.577
vn -0.577 -0.577 -0.577
vn -0.577 -0.577 -0.577
vn -0.577 -0.577 -0.577
vn -0.577 -0.577 -0.577
vn -0.577 -0.577 -0.577
vn -0.577 -0.577 -0.577
vn -0.577 -0.577 -0.577
vn -0.577 -0.577 -0.577
vn -0.577 -0.577 -0.577
vn -0.577 -0.577 -0.577
vn -0.577 -0.577 -0.577
vn -0.577 -0.577 -0.577
vn -0.577 -0.577 -0.577
vn -0.577 -0.577 -0.577
vn -0.577 -0.577 -0.577
vn -0.577 -0.577 -0.577
vn -0.577 -0.577 -0.577
vn -0.577 -0.577 -0.577
vn -0.577 -0.577 -0.577
vn -0.577 -0.577 -0.577
vn -0.577 -0.577 -0.577
vn -0.577 -0.577 -0.577
vn -0.577 -0.577 -0.577
vn 0.615 0.649 0.448
vn 0.610 0.707 0.357
vn -0.649 -0.593 0.477
vn 0.606 -0.719 0.340
vn 0.602 0.703 0.379
vn 0.600 0.710 0.370
vn 0.618 0.713 0.333
vn 0.618 0.713 0.333
vn 0.600 0.710 0.370
vn 0.594 0.738 0.321
vn -0.577 -0.577 -0.577
vn -0.577 -0.577 -0.577
vn -0.577 -0.577 -0.577
vn -0.577 -0.577 -0.577
vn -0.577 -0.577 -0.577
vn -0.577 -0.577 -0.577
vn -0.577 -0.577 -0.577
vn -0.577 -0.577 -0.577
vn -0.577 -0.577 -0.577
vn -0.577 -0.577 -0.577
vn -0.577 -0.577 -0.577
vn -0.577 -0.577 -0.577
vn -0.577 -0.577 -0.577
vn -0.577 -0.577 -0.577
vn -0.577 -0.577 -0.577
vn -0.577 -0.577 -0.577
vn -0.577 -0.577 -0.577
vn -0.577 -0.577 -0.577
vn -0.577 -0.577 -0.577
vn -0.577 -0.577 -0.577
vn -0.577 -0.577 -0.577
vn -0.577 -0.577 -0.577
vn -0.577 -0.577 -0.577
vn -0.577 -0.577 -0.577
vn -0.577 -0.577 -0.577
vn 0.577 0.577 0.577
vn -0.577 -0.577 -0.577
vn -0.577 -0.577 -0.577
vn 0.577 0.577 0.577
vn -0.577 -0.577 -0.577
vn -0.577 -0.577 -0.577
vn -0.577 -0.577 -0.577
vn -0.577 -0.577 -0.577
vn -0.577 -0.577 -0.577
vn 0.577 0.577 0.577
vn -0.577 -0.577 -0.577
vn 0.577 0.577 0.577
vn -0.577 -0.577 -0.577
vn -0.577 -0.577 -0.577
vn -0.577 -0.577 -0.577
vn -0.577 -0.577 -0.577
vn -0.577 -0.577 -0.577
vn -0.577 -0.577 -0.577
vn -0.577 -0.577 -0.577
vn -0.577 -0.577 -0.577
vn -0.577 -0.577 -0.577
vn 0.577 0.577 0.577
vn -0.577 -0.577 -0.577
vn -0.577 -0.577 -0.577
vn -0.577 -0.577 -0.577
vn -0.577 -0.577 -0.577
vn -0.577 -0.577 -0.577
vn -0.577 -0.577 -0.577
vn -0.577 -0.577 -0.577
vn -0.577 -0.577 -0.577
vn -0.577 -0.577 -0.577
vn 0.577 0.577 0.577
vn 0.577 0.577 0.577
vn -0.577 -0.577 -0.577
vn -0.577 -0.577 -0.577
vn -0.577 -0.577 -0.577
vn -0.577 -0.577 -0.577
vn -0.577 -0.577 -0.577
vn -0.577 -0.577 -0.577
vn -0.577 -0.577 -0.577
vn -0.577 -0.577 -0.577
vn -0.577 -0.577 -0.577
vn -0.577 -0.577 -0.577
vn -0.577 -0.577 -0.577
vn -0.577 -0.577 -0.577
vn -0.577 -0.577 -0.577
vn -0.577 -0.577 -0.577
vn 0.577 0.577 0.577
vn -0.577 -0.577 -0.577
vn -0.577 -0.577 -0.577
vn -0.577 -0.577 -0.577
vn -0.577 -0.577 -0.577
vn -0.577 -0.577 -0.577
vn -0.577 -0.577 -0.577
vn -0.577 -0.577 -0.577
vn -0.577 -0.577 -0.577
vn 0.577 0.577 0.577
vn -0.577 -0.577 -0.577
vn -0.577 -0.577 -0.577
vn 0.577 0.577 0.577
vn -0.577 -0.577 -0.577
vn -0.577 -0.577 -0.577
vn -0.577 -0.577 -0.577
vn -0.577 -0.577 -0.577
vn -0.577 -0.577 -0.577
vn -0.577 -0.577 -0.577
vn -0.577 -0.577 -0.577
vn -0.577 -0.577 -0.577
vn -0.577 -0.577 -0.577
vn -0.577 -0.577 -0.577
vn -0.577 -0.577 -0.577
vn -0.577 -0.577 -0.577
vn 0.577 0.577 0.577
vn -0.577 -0.577 -0.577
vn -0.577 -0.577 -0.577
vn -0.577 -0.577 -0.577
vn -0.577 -0.577 -0.577
vn -0.577 -0.577 -0.577
vn -0.577 -0.577 -0.577
vn -0.577 -0.577 -0.577
vn -0.577 -0.577 -0.577
vn -0.577 -0.577 -0.577
vn -0.577 -0.577 -0.577
vn -0.577 -0.577 -0.577
vn -0.577 -0.577 -0.577
vn -0.577 -0.577 -0.577
vn -0.577 -0.577 -0.577
vn -0.577 -0.577 -0.577
vn -0.577 -0.577 -0.577
vn -0.577 -0.577 -0.577
vn -0.577 -0.577 -0.577
vn -0.577 -0.577 -0.577
vn -0.577 -0.577 -0.577
vn -0.577 -0.577 -0.577
vn -0.577 -0.577 -0.577
vn -0.577 -0.577 -0.577
vn -0.577 -0.577 -0.577
vn -0.577 -0.577 -0.577
vn -0.577 -0.577 -0.577
vn -0.577 -0.577 -0.577
vn -0.577 -0.577 -0.577
vn -0.577 -0.577 -0.577
vn -0.577 -0.577 -0.577
vn -0.577 -0.577 -0.577
vn -0.577 -0.577 -0.577
vn -0.577 -0.577 -0.577
vn -0.577 -0.577 -0.577
vn -0.577 -0.577 -0.577
vn -0.577 -0.577 -0.577
vn -0.577 -0.577 -0.577
vn -0.577 -0.577 -0.577
vn -0.577 -0.577 -0.577
vn -0.577 -0.577 -0.577
vn -0.577 -0.577 -0.577
vn -0.577 -0.577 -0.577
vn -0.577 -0.577 -0.577
vn -0.577 -0.577 -0.577
vn -0.577 -0.577 -0.577
vn -0.577 -0.577 -0.577
vn -0.577 -0.577 -0.577
vn -0.577 -0.577 -0.577
vn -0.577 -0.577 -0.577
vn -0.577 -0.577 -0.577
vn -0.577 -0.577 -0.577
vn -0.577 -0.577 -0.577
vn -0.577 -0.577 -0.577
vn -0.577 -0.577 -0.577
vn -0.577 -0.577 -0.577
vn -0.577 -0.577 -0.577
vn -0.577 -0.577 -0.577
vn -0.577 -0.577 -0.577
vn -0.577 -0.577 -0.577
vn -0.577 -0.577 -0.577
vn -0.577 -0.577 -0.577
vn -0.577 -0.577 -0.577
vn -0.577 -0.577 -0.577
vn -0.577 -0.577 -0.577
vn -0.577 -0.577 -0.577
vn -0.577 -0.577 -0.577
vn -0.577 -0.577 -0.577
vn -0.577 -0.577 -0.577
vn -0.577 -0.577 -0.577
vn 0.577 0.577 0.577
vn -0.577 -0.577 -0.577
vn -0.577 -0.577 -0.577
vn 0.577 0.577 0.577
vn -0.577 -0.577 -0.577
vn -0.577 -0.577 -0.577
vn -0.577 -0.577 -0.577
vn -0.577 -0.577 -0.577
vn -0.577 -0.577 -0.577
vn -0.577 -0.577 -0.577
vn -0.577 -0.577 -0.577
vn -0.577 -0.577 -0.577
vn -0.577 -0.577 -0.577
vn -0.577 -0.577 -0.577
vn -0.577 -0.577 -0.577
vn -0.577 -0.577 -0.577
vn -0.577 -0.577 -0.577
vn -0.577 -0.577 -0.577
vn -0.577 -0.577 -0.577
vn -0.577 -0.577 -0.577
vn -0.577 -0.577 -0.577
vn -0.577 -0.577 -0.577
vn -0.577 -0.577 -0.577
vn 0.577 0.577 0.577
vn -0.577 -0.577 -0.577
vn -0.577 -0.577 -0.577
vn -0.577 -0.577 -0.577
vn -0.577 -0.577 -0.577
vn -0.577 -0.577 -0.577
vn -0.577 -0.577 -0.577
vn -0.577 -0.577 -0.577
vn -0.577 -0.577 -0.577
vn -0.577 -0.577 -0.577
vn -0.577 -0.577 -0.577
vn -0.577 -0.577 -0.577
vn -0.577 -0.577 -0.577
vn -0.577 -0.577 -0.577
vn -0.577 -0.577 -0.577
vn -0.577 -0.577 -0.577
vn -0.577 -0.577 -0.577
vn -0.577 -0.577 -0.577
vn -0.577 -0.577 -0.577
vn -0.577 -0.577 -0.577
vn -0.577 -0.577 -0.577
vn -0.577 -0.577 -0.577
vn -0.577 -0.577 -0.577
vn -0.577 -0.577 -0.577
vn -0.577 -0.577 -0.577
vn -0.577 -0.577 -0.577
vn -0.577 -0.577 -0.577
vn -0.577 -0.577 -0.577
vn -0.577 -0.577 -0.577
vn -0.577 -0.577 -0.577
vn -0.577 -0.577 -0.577
vn -0.577 -0.577 -0.577
vn -0.577 -0.577 -0.577
vn -0.577 -0.577 -0.577
vn -0.577 -0.577 -0.577
vn -0.577 -0.577 -0.577
vn -0.577 -0.577 -0.577
vn -0.577 -0.577 -0.577
vn -0.577 -0.577 -0.577
vn -0.577 -0.577 -0.577
vn -0.577 -0.577 -0.577
vn -0.577 -0.577 -0.577
vn -0.577 -0.577 -0.577
vn -0.577 -0.577 -0.577
vn -0.577 -0.577 -0.577
vn -0.577 -0.577 -0.577
vn -0.577 -0.577 -0.577
vn -0.577 -0.577 -0.577
vn -0.577 -0.577 -0.577
vn -0.577 -0.577 -0.577
vn -0.577 -0.577 -0.577
vn -0.577 -0.577 -0.577
vn -0.577 -0.577 -0.577
vn -0.577 -0.577 -0.577
vn -0.577 -0.577 -0.577
vn -0.577 -0.577 -0.577
vn -0.577 -0.577 -0.577
vn -0.577 -0.577 -0.577
vn -0.577 -0.577 -0.577
vn 0.577 0.577 0.577
vn -0.577 -0.577 -0.577
vn 0.577 0.577 0.577
vn -0.577 -0.577 -0.577
vn -0.577 -0.577 -0.577
vn -0.577 -0.577 -0.577
vn -0.577 -0.577 -0.577
vn -0.577 -0.577 -0.577
vn -0.577 -0.577 -0.577
vn -0.577 -0.577 -0.577
vn -0.577 -0.577 -0.577
vn -0.577 -0.577 -0.577
vn -0.577 -0.577 -0.577
vn 0.577 0.577 0.577
vn -0.577 -0.577 -0.577
vn -0.577 -0.577 -0.577
vn -0.577 -0.577 -0.577
vn -0.577 -0.577 -0.577
vn -0.577 -0.577 -0.577
vn -0.577 -0.577 -0.577
vn -0.577 -0.577 -0.577
vn -0.577 -0.577 -0.577
vn -0.577 -0.577 -0.577
vn -0.577 -0.577 -0.577
vn -0.577 -0.577 -0.577
vn -0.577 -0.577 -0.577
vn -0.577 -0.577 -0.577
vn 0.577 0.577 0.577
vn -0.577 -0.577 -0.577
vn -0.577 -0.577 -0.577
vn -0.577 -0.577 -0.577
vn -0.577 -0.577 -0.577
vn -0.577 -0.577 -0.577
vn -0.577 -0.577 -0.577
vn -0.577 -0.577 -0.577
vn -0.577 -0.577 -0.577
vn -0.577 -0.577 -0.577
vn -0.577 -0.577 -0.577
vn -0.577 -0.577 -0.577
vn -0.577 -0.577 -0.577
vn -0.577 -0.577 -0.577
vn -0.577 -0.577 -0.577
vn -0.577 -0.577 -0.577
vn -0.577 -0.577 -0.577
vn -0.577 -0.577 -0.577
vn -0.577 -0.577 -0.577
vn -0.577 -0.577 -0.577
vn 0.577 0.577 0.577
vn 0.577 0.577 0.577
vn 0.577 0.577 0.577
vn -0.577 -0.577 -0.577
vn 0.577 0.577 0.577
vn -0.577 -0.577 -0.577
vn 0.577 0.577 0.577
vn -0.577 -0.577 -0.577
vn 0.577 0.577 0.577
vn -0.577 -0.577 -0.577
vn -0.577 -0.577 -0.577
vn -0.577 -0.577 -0.577
vn -0.577 -0.577 -0.577
vn -0.577 -0.577 -0.577
vn 0.577 0.577 0.577
vn 0.577 0.577 0.577
vn 0.577 0.577 0.577
vn -0.577 -0.577 -0.577
vn 0.577 0.577 0.577
vn 0.577 0.577 0.577
vn -0.577 -0.577 -0.577
vn -0.577 -0.577 -0.577
vn -0.577 -0.577 -0.577
vn 0.577 0.577 0.577
vn 0.577 0.577 0.577
vn -0.577 -0.577 -0.577
vn 0.577 0.577 0.577
vn 0.577 0.577 0.577
vn -0.577 -0.577 -0.577
vn -0.577 -0.577 -0.577
vn -0.577 -0.577 -0.577
vn -0.577 -0.577 -0.577
vn 0.577 0.577 0.577
vn -0.577 -0.577 -0.577
vn -0.577 -0.577 -0.577
vn 0.577 0.577 0.577
vn 0.577 0.577 0.577
vn -0.577 -0.577 -0.577
vn 0.577 0.577 0.577
vn 0.577 0.577 0.577
vn 0.577 0.577 0.577
vn -0.577 -0.577 -0.577
vn 0.577 0.577 0.577
vn 0.577 0.577 0.577
vn 0.577 0.577 0.577
vn -0.577 -0.577 -0.577
vn -0.577 -0.577 -0.577
vn -0.577 -0.577 -0.577
vn -0.577 -0.577 -0.577
vn -0.577 -0.577 -0.577
vn 0.577 0.577 0.577
vn 0.577 0.577 0.577
vn -0.577 -0.577 -0.577
vn 0.577 0.577 0.577
vn 0.577 0.577 0.577
vn 0.577 0.577 0.577
vn 0.577 0.577 0.577
vn -0.577 -0.577 -0.577
vn 0.577 0.577 0.577
vn -0.577 -0.577 -0.577
vn 0.577 0.577 0.577
vn -0.577 -0.577 -0.577
vn 0.577 0.577 0.577
vn 0.577 0.577 0.577
vn 0.577 0.577 0.577
vn 0.577 0.577 0.577
vn -0.577 -0.577 -0.577
vn -0.577 -0.577 -0.577
vn 0.577 0.577 0.577
vn 0.577 0.577 0.577
vn 0.577 0.577 0.577
vn -0.577 -0.577 -0.577
vn -0.577 -0.577 -0.577
vn -0.577 -0.577 -0.577
vn -0.577 -0.577 -0.577
vn 0.577 0.577 0.577
vn 0.577 0.577 0.577
vn 0.577 0.577 0.577
vn -0.577 -0.577 -0.577
vn 0.577 0.577 0.577
vn -0.577 -0.577 -0.577
vn 0.577 0.577 0.577
vn 0.577 0.577 0.577
vn 0.577 0.577 0.577
vn -0.577 -0.577 -0.577
vn 0.577 0.577 0.577
vn 0.577 0.577 0.577
vn 0.577 0.577 0.577
vn -0.577 -0.577 -0.577
vn -0.577 -0.577 -0.577
vn 0.577 0.577 0.577
vn 0.577 0.577 0.577
vn 0.577 0.577 0.577
vn -0.577 -0.577 -0.577
vn 0.577 0.577 0.577
vn -0.577 -0.577 -0.577
vn 0.577 0.577 0.577
vn 0.577 0.577 0.577
vn 0.577 0.577 0.577
vn 0.577 0.577 0.577
vn 0.577 0.577 0.577
vn -0.577 -0.577 -0.577
vn -0.577 -0.577 -0.577
vn 0.577 0.577 0.577
vn -0.577 -0.577 -0.577
vn -0.577 -0.577 -0.577
vn 0.577 0.577 0.577
vn 0.577 0.577 0.577
vn 0.577 0.577 0.577
vn -0.577 -0.577 -0.577
vn 0.577 0.577 0.577
vn 0.577 0.577 0.577
vn -0.577 -0.577 -0.577
vn 0.577 0.577 0.577
vn 0.577 0.577 0.577
vn 0.577 0.577 0.577
vn 0.577 0.577 0.577
vn 0.577 0.577 0.577
vn 0.577 0.577 0.577
vn 0.577 0.577 0.577
vn 0.577 0.577 0.577
vn 0.577 0.577 0.577
vn 0.577 0.577 0.577
vn -0.577 -0.577 -0.577
vn -0.577 -0.577 -0.577
vn -0.577 -0.577 -0.577
vn -0.577 -0.577 -0.577
vn 0.577 0.577 0.577
vn 0.577 0.577 0.577
vn 0.577 0.577 0.577
vn 0.577 0.577 0.577
vn 0.577 0.577 0.577
vn 0.577 0.577 0.577
vn 0.577 0.577 0.577
vn 0.577 0.577 0.577
vn 0.577 0.577 0.577
vn 0.577 0.577 0.577
vn 0.577 0.577 0.577
vn 0.577 0.577 0.577
vn 0.577 0.577 0.577
vn 0.577 0.577 0.577
vn 0.577 0.577 0.577
vn 0.577 0.577 0.577
vn 0.577 0.577 0.577
vn 0.577 0.577 0.577
vn 0.577 0.577 0.577
vn 0.577 0.577 0.577
vn 0.577 0.577 0.577
vn 0.577 0.577 0.577
vn 0.577 0.577 0.577
vn 0.577 0.577 0.577
vn 0.577 0.577 0.577
vn 0.577 0.577 0.577
vn 0.577 0.577 0.577
vn 0.577 0.577 0.577
vn 0.577 0.577 0.577
vn 0.577 0.577 0.577
vn 0.577 0.577 0.577
vn 0.577 0.577 0.577
vn 0.577 0.577 0.577
vn 0.577 0.577 0.577
vn 0.577 0.577 0.577
vn 0.577 0.577 0.577
vn 0.577 0.577 0.577
vn 0.577 0.577 0.577
vn 0.577 0.577 0.577
vn 0.577 0.577 0.577
vn 0.577 0.577 0.577
vn 0.577 0.577 0.577
vn 0.577 0.577 0.577
vn 0.577 0.577 0.577
vn 0.577 0.577 0.577
vn 0.577 0.577 0.577
vn 0.577 0.577 0.577
vn 0.577 0.577 0.577
vn 0.577 0.577 0.577
vn 0.577 0.577 0.577
vn 0.577 0.577 0.577
vn 0.577 0.577 0.577
vn 0.577 0.577 0.577
vn 0.577 0.577 0.577
vn 0.577 0.577 0.577
vn 0.577 0.577 0.577
vn 0.577 0.577 0.577
vn 0.577 0.577 0.577
vn 0.577 0.577 0.577
vn 0.577 0.577 0.577
vn 0.577 0.577 0.577
vn 0.577 0.577 0.577
vn 0.577 0.577 0.577
vn 0.577 0.577 0.577
vn 0.577 0.577 0.577
vn 0.577 0.577 0.577
vn 0.577 0.577 0.577
vn 0.577 0.577 0.577
vn 0.577 0.577 0.577
vn 0.545 0.651 0.528
vn 0.577 0.577 0.577
vn 0.577 0.577 0.577
vn 0.577 0.577 0.577
vn 0.577 0.577 0.577
vn 0.577 0.577 0.577
vn 0.577 0.577 0.577
vn 0.577 0.577 0.577
vn 0.577 0.577 0.577
vn 0.577 0.577 0.577
vn 0.577 0.577 0.577
vn 0.577 0.577 0.577
vn 0.577 0.577 0.577
vn 0.577 0.577 0.577
vn 0.577 0.577 0.577
vn 0.577 0.577 0.577
vn 0.577 0.577 0.577
vn 0.577 0.577 0.577
vn 0.577 0.577 0.577
vn 0.577 0.577 0.577
vn 0.577 0.577 0.577
vn 0.577 0.577 0.577
vn 0.577 0.577 0.577
vn 0.577 0.577 0.577
vn 0.577 0.577 0.577
vn -0.577 -0.577 -0.577
vn -0.577 -0.577 -0.577
vn -0.577 -0.577 -0.577
vn -0.577 -0.577 -0.577
vn -0.577 -0.577 -0.577
vn -0.577 -0.577 -0.577
vn -0.577 -0.577 -0.577
vn -0.577 -0.577 -0.577
vn -0.577 -0.577 -0.577
vn -0.577 -0.577 -0.577
vn -0.577 -0.577 -0.577
vn -0.577 -0.577 -0.577
vn -0.577 -0.577 -0.577
vn -0.577 -0.577 -0.577
vn -0.577 -0.577 -0.577
vn -0.577 -0.577 -0.577
vn -0.577 -0.577 -0.577
vn -0.577 -0.577 -0.577
vn -0.577 -0.577 -0.577
vn -0.577 -0.577 -0.577
vn -0.577 -0.577 -0.577
vn -0.577 -0.577 -0.577
vn -0.577 -0.577 -0.577
vn -0.577 -0.577 -0.577
vn -0.577 -0.577 -0.577
vn -0.577 -0.577 -0.577
vn -0.577 -0.577 -0.577
vn -0.577 -0.577 -0.577
vn -0.577 -0.577 -0.577
vn -0.577 -0.577 -0.577
vn -0.577 -0.577 -0.577
vn -0.577 -0.577 -0.577
vn -0.577 -0.577 -0.577
vn -0.577 -0.577 -0.577
vn -0.577 -0.577 -0.577
vn -0.577 -0.577 -0.577
vn -0.577 -0.577 -0.577
vn -0.577 -0.577 -0.577
vn -0.577 -0.577 -0.577
vn -0.577 -0.577 -0.577
vn -0.577 -0.577 -0.577
vn -0.577 -0.577 -0.577
vn -0.577 -0.577 -0.577
vn -0.577 -0.577 -0.577
vn -0.577 -0.577 -0.577
vn -0.577 -0.577 -0.577
vn -0.577 -0.577 -0.577
vn -0.577 -0.577 -0.577
vn -0.577 -0.577 -0.577
vn -0.577 -0.577 -0.577
vn -0.577 -0.577 -0.577
vn -0.577 -0.577 -0.577
vn -0.577 -0.577 -0.577
vn -0.577 -0.577 -0.577
vn -0.577 -0.577 -0.577
vn -0.577 -0.577 -0.577
vn -0.577 -0.577 -0.577
vn -0.577 -0.577 -0.577
vn -0.577 -0.577 -0.577
vn -0.577 -0.577 -0.577
vn -0.577 -0.577 -0.577
vn -0.577 -0.577 -0.577
vn -0.577 -0.577 -0.577
vn -0.577 -0.577 -0.577
vn -0.577 -0.577 -0.577
vn 0.577 0.577 0.577
vn -0.577 -0.577 -0.577
vn -0.577 -0.577 -0.577
vn -0.577 -0.577 -0.577
vn 0.577 0.577 0.577
vn 0.577 0.577 0.577
vn 0.577 0.577 0.577
vn -0.577 -0.577 -0.577
vn 0.577 0.577 0.577
vn -0.577 -0.577 -0.577
vn -0.577 -0.577 -0.577
vn -0.577 -0.577 -0.577
vn -0.577 -0.577 -0.577
vn -0.577 -0.577 -0.577
vn -0.577 -0.577 -0.577
vn -0.577 -0.577 -0.577
vn -0.577 -0.577 -0.577
vn -0.577 -0.577 -0.577
vn -0.577 -0.577 -0.577
vn -0.577 -0.577 -0.577
vn -0.577 -0.577 -0.577
vn -0.577 -0.577 -0.577
vn -0.577 -0.577 -0.577
vn -0.577 -0.577 -0.577
vn -0.577 -0.577 -0.577
vn -0.577 -0.577 -0.577
vn -0.577 -0.577 -0.577
vn -0.577 -0.577 -0.577
vn -0.577 -0.577 -0.577
vn -0.577 -0.577 -0.577
vn -0.577 -0.577 -0.577
vn -0.577 -0.577 -0.577
vn -0.577 -0.577 -0.577
vn -0.577 -0.577 -0.577
vn -0.577 -0.577 -0.577
vn -0.577 -0.577 -0.577
vn -0.577 -0.577 -0.577
vn -0.577 -0.577 -0.577
vn -0.577 -0.577 -0.577
vn -0.577 -0.577 -0.577
vn -0.577 -0.577 -0.577
vn -0.577 -0.577 -0.577
vn -0.577 -0.577 -0.577
vn -0.577 -0.577 -0.577
vn -0.577 -0.577 -0.577
vn -0.577 -0.577 -0.577
vn -0.577 -0.577 -0.577
vn -0.577 -0.577 -0.577
vn -0.577 -0.577 -0.577
vn -0.577 -0.577 -0.577
vn -0.577 -0.577 -0.577
vn -0.577 -0.577 -0.577
vn -0.577 -0.577 -0.577
vn -0.577 -0.577 -0.577
vn -0.577 -0.577 -0.577
vn -0.577 -0.577 -0.577
vn -0.577 -0.577 -0.577
vn -0.577 -0.577 -0.577
vn -0.577 -0.577 -0.577
vn -0.577 -0.577 -0.577
vn -0.577 -0.577 -0.577
vn -0.577 -0.577 -0.577
vn -0.577 -0.577 -0.577
vn -0.577 -0.577 -0.577
vn -0.577 -0.577 -0.577
vn -0.577 -0.577 -0.577
vn -0.577 -0.577 -0.577
vn -0.577 -0.577 -0.577
vn -0.577 -0.577 -0.577
vn -0.577 -0.577 -0.577
vn -0.577 -0.577 -0.577
vn -0.577 -0.577 -0.577
vn -0.577 -0.577 -0.577
vn -0.577 -0.577 -0.577
vn -0.577 -0.577 -0.577
vn -0.577 -0.577 -0.577
vn -0.577 -0.577 -0.577
vn -0.577 -0.577 -0.577
vn -0.577 -0.577 -0.577
vn -0.577 -0.577 -0.577
vn -0.577 -0.577 -0.577
vn -0.577 -0.577 -0.577
vn -0.577 -0.577 -0.577
vn -0.577 -0.577 -0.577
vn -0.577 -0.577 -0.577
vn -0.577 -0.577 -0.577
vn -0.577 -0.577 -0.577
vn -0.577 -0.577 -0.577
vn -0.577 -0.577 -0.577
vn -0.577 -0.577 -0.577
vn -0.577 -0.577 -0.577
vn -0.577 -0.577 -0.577
vn -0.577 -0.577 -0.577
vn -0.577 -0.577 -0.577
vn -0.577 -0.577 -0.577
vn -0.577 -0.577 -0.577
vn -0.577 -0.577 -0.577
vn -0.577 -0.577 -0.577
vn -0.577 -0.577 -0.577
vn -0.577 -0.577 -0.577
vn -0.577 -0.577 -0.577
vn -0.577 -0.577 -0.577
vn -0.577 -0.577 -0.577
vn -0.577 -0.577 -0.577
vn -0.577 -0.577 -0.577
vn -0.577 -0.577 -0.577
vn -0.577 -0.577 -0.577
vn -0.577 -0.577 -0.577
vn -0.577 -0.577 -0.577
vn -0.577 -0.577 -0.577
vn -0.577 -0.577 -0.577
vn -0.577 -0.577 -0.577
vn -0.577 -0.577 -0.577
vn -0.577 -0.577 -0.577
vn -0.577 -0.577 -0.577
vn -0.577 -0.577 -0.577
vn -0.577 -0.577 -0.577
vn -0.577 -0.577 -0.577
vn -0.577 -0.577 -0.577
vn -0.577 -0.577 -0.577
vn -0.577 -0.577 -0.577
vn -0.577 -0.577 -0.577
vn -0.577 -0.577 -0.577
vn -0.577 -0.577 -0.577
vn -0.577 -0.577 -0.577
vn -0.577 -0.577 -0.577
vn -0.577 -0.577 -0.577
vn -0.577 -0.577 -0.577
vn -0.577 -0.577 -0.577
vn -0.577 -0.577 -0.577
vn -0.577 -0.577 -0.577
vn -0.577 -0.577 -0.577
vn -0.577 -0.577 -0.577
vn -0.577 -0.577 -0.577
vn -0.577 -0.577 -0.577
vn -0.577 -0.577 -0.577
vn -0.577 -0.577 -0.577
vn -0.577 -0.577 -0.577
vn -0.577 -0.577 -0.577
vn -0.577 -0.577 -0.577
vn -0.577 -0.577 -0.577
vn -0.577 -0.577 -0.577
vn -0.577 -0.577 -0.577
vn -0.577 -0.577 -0.577
vn -0.577 -0.577 -0.577
vn -0.577 -0.577 -0.577
vn -0.577 -0.577 -0.577
vn -0.577 -0.577 -0.577
vn -0.577 -0.577 -0.577
vn -0.577 -0.577 -0.577
vn -0.577 -0.577 -0.577
vn -0.577 -0.577 -0.577
vn -0.577 -0.577 -0.577
vn -0.577 -0.577 -0.577
vn -0.577 -0.577 -0.577
vn -0.577 -0.577 -0.577
vn -0.577 -0.577 -0.577
vn -0.577 -0.577 -0.577
vn -0.577 -0.577 -0.577
vn -0.577 -0.577 -0.577
vn -0.577 -0.577 -0.577
vn -0.577 -0.577 -0.577
vn -0.577 -0.577 -0.577
vn -0.577 -0.577 -0.577
vn -0.577 -0.577 -0.577
vn -0.577 -0.577 -0.577
vn -0.577 -0.577 -0.577
vn -0.577 -0.577 -0.577
vn -0.577 -0.577 -0.577
vn -0.577 -0.577 -0.577
vn -0.577 -0.577 -0.577
vn -0.577 -0.577 -0.577
vn -0.577 -0.577 -0.577
vn -0.577 -0.577 -0.577
vn -0.577 -0.577 -0.577
vn -0.577 -0.577 -0.577
vn -0.577 -0.577 -0.577
vn -0.577 -0.577 -0.577
vn -0.577 -0.577 -0.577
vn -0.577 -0.577 -0.577
vn -0.577 -0.577 -0.577
vn -0.577 -0.577 -0.577
vn -0.577 -0.577 -0.577
vn -0.577 -0.577 -0.577
vn -0.577 -0.577 -0.577
vn -0.577 -0.577 -0.577
vn -0.577 -0.577 -0.577
vn -0.577 -0.577 -0.577
vn -0.577 -0.577 -0.577
vn -0.577 -0.577 -0.577
vn -0.577 -0.577 -0.577
vn -0.577 -0.577 -0.577
vn -0.577 -0.577 -0.577
vn -0.577 -0.577 -0.577
vn -0.577 -0.577 -0.577
vn -0.577 -0.577 -0.577
vn -0.577 -0.577 -0.577
vn -0.577 -0.577 -0.577
vn -0.577 -0.577 -0.577
vn -0.577 -0.577 -0.577
vn -0.577 -0.577 -0.577
vn -0.577 -0.577 -0.577
vn -0.577 -0.577 -0.577
vn -0.577 -0.577 -0.577
vn -0.577 -0.577 -0.577
vn -0.577 -0.577 -0.577
vn -0.577 -0.577 -0.577
vn -0.577 -0.577 -0.577
vn -0.577 -0.577 -0.577
vn -0.577 -0.577 -0.577
vn -0.577 -0.577 -0.577
vn -0.577 -0.577 -0.577
vn -0.577 -0.577 -0.577
vn -0.577 -0.577 -0.577
vn -0.577 -0.577 -0.577
vn -0.577 -0.577 -0.577
vn -0.577 -0.577 -0.577
vn -0.577 -0.577 -0.577
vn -0.577 -0.577 -0.577
vn -0.577 -0.577 -0.577
vn -0.577 -0.577 -0.577
vn -0.577 -0.577 -0.577
vn -0.577 -0.577 -0.577
vn -0.577 -0.577 -0.577
vn -0.577 -0.577 -0.577
vn -0.577 -0.577 -0.577
vn -0.577 -0.577 -0.577
vn -0.577 -0.577 -0.577
vn -0.577 -0.577 -0.577
vn -0.577 -0.577 -0.577
vn -0.577 -0.577 -0.577
vn -0.577 -0.577 -0.577
vn -0.577 -0.577 -0.577
vn -0.577 -0.577 -0.577
vn -0.577 -0.577 -0.577
vn -0.577 -0.577 -0.577
vn -0.577 -0.577 -0.577
vn -0.577 -0.577 -0.577
vn -0.577 -0.577 -0.577
vn -0.577 -0.577 -0.577
vn -0.577 -0.577 -0.577
vn -0.577 -0.577 -0.577
vn -0.577 -0.577 -0.577
vn -0.577 -0.577 -0.577
vn -0.577 -0.577 -0.577
vn -0.577 -0.577 -0.577
vn -0.577 -0.577 -0.577
vn -0.577 -0.577 -0.577
vn -0.577 -0.577 -0.577
vn -0.577 -0.577 -0.577
vn -0.577 -0.577 -0.577
vn -0.577 -0.577 -0.577
vn -0.577 -0.577 -0.577
vn -0.577 -0.577 -0.577
vn -0.577 -0.577 -0.577
vn -0.577 -0.577 -0.577
vn -0.577 -0.577 -0.577
vn -0.577 -0.577 -0.577
vn -0.577 -0.577 -0.577
vn -0.577 -0.577 -0.577
vn -0.577 -0.577 -0.577
vn -0.577 -0.577 -0.577
vn -0.577 -0.577 -0.577
vn -0.577 -0.577 -0.577
vn -0.577 -0.577 -0.577
vn -0.577 -0.577 -0.577
vn -0.577 -0.577 -0.577
vn -0.577 -0.577 -0.577
vn -0.577 -0.577 -0.577
vn -0.577 -0.577 -0.577
vn -0.577 -0.577 -0.577
vn -0.577 -0.577 -0.577
vn -0.577 -0.577 -0.577
vn -0.577 -0.577 -0.577
vn -0.577 -0.577 -0.577
vn -0.577 -0.577 -0.577
vn -0.577 -0.577 -0.577
vn -0.577 -0.577 -0.577
vn -0.577 -0.577 -0.577
vn -0.577 -0.577 -0.577
vn -0.577 -0.577 -0.577
vn -0.577 -0.577 -0.577
vn -0.577 -0.577 -0.577
vn -0.577 -0.577 -0.577
vn -0.577 -0.577 -0.577
vn -0.577 -0.577 -0.577
vn -0.577 -0.577 -0.577
vn -0.577 -0.577 -0.577
vn -0.577 -0.577 -0.577
vn -0.577 -0.577 -0.577
vn -0.577 -0.577 -0.577
vn -0.577 -0.577 -0.577
vn -0.577 -0.577 -0.577
vn -0.577 -0.577 -0.577
vn -0.577 -0.577 -0.577
vn -0.577 -0.577 -0.577
vn -0.577 -0.577 -0.577
vn -0.577 -0.577 -0.577
vn -0.577 -0.577 -0.577
vn -0.577 -0.577 -0.577
vn -0.577 -0.577 -0.577
vn -0.577 -0.577 -0.577
vn -0.577 -0.577 -0.577
vn -0.577 -0.577 -0.577
vn -0.577 -0.577 -0.577
vn -0.577 -0.577 -0.577
vn -0.577 -0.577 -0.577
vn -0.577 -0.577 -0.577
vn -0.577 -0.577 -0.577
vn -0.577 -0.577 -0.577
vn -0.577 -0.577 -0.577
vn -0.577 -0.577 -0.577
vn -0.577 -0.577 -0.577
vn -0.577 -0.577 -0.577
vn -0.577 -0.577 -0.577
vn -0.577 -0.577 -0.577
vn -0.577 -0.577 -0.577
vn -0.577 -0.577 -0.577
vn -0.577 -0.577 -0.577
vn -0.577 -0.577 -0.577
vn -0.577 -0.577 -0.577
vn -0.577 -0.577 -0.577
vn -0.577 -0.577 -0.577
vn -0.577 -0.577 -0.577
vn -0.577 -0.577 -0.577
vn -0.577 -0.577 -0.577
vn -0.577 -0.577 -0.577
vn -0.577 -0.577 -0.577
vn -0.577 -0.577 -0.577
vn -0.577 -0.577 -0.577
vn -0.577 -0.577 -0.577
vn -0.577 -0.577 -0.577
vn -0.577 -0.577 -0.577
vn -0.577 -0.577 -0.577
vn -0.577 -0.577 -0.577
vn -0.577 -0.577 -0.577
vn -0.577 -0.577 -0.577
vn -0.577 -0.577 -0.577
vn -0.577 -0.577 -0.577
vn -0.577 -0.577 -0.577
vn -0.577 -0.577 -0.577
vn -0.577 -0.577 -0.577
vn -0.577 -0.577 -0.577
vn -0.577 -0.577 -0.577
vn -0.577 -0.577 -0.577
vn -0.577 -0.577 -0.577
vn -0.577 -0.577 -0.577
vn -0.577 -0.577 -0.577
vn -0.577 -0.577 -0.577
vn -0.577 -0.577 -0.577
vn -0.577 -0.577 -0.577
vn -0.577 -0.577 -0.577
vn -0.577 -0.577 -0.577
vn -0.577 -0.577 -0.577
vn -0.577 -0.577 -0.577
vn -0.577 -0.577 -0.577
vn -0.577 -0.577 -0.577
vn -0.577 -0.577 -0.577
vn -0.577 -0.577 -0.577
vn -0.577 -0.577 -0.577
vn -0.577 -0.577 -0.577
vn -0.577 -0.577 -0.577
vn -0.577 -0.577 -0.577
vn -0.577 -0.577 -0.577
vn -0.577 -0.577 -0.577
vn -0.577 -0.577 -0.577
vn -0.577 -0.577 -0.577
vn -0.577 -0.577 -0.577
vn -0.577 -0.577 -0.577
vn -0.577 -0.577 -0.577
vn -0.577 -0.577 -0.577
vn -0.577 -0.577 -0.577
vn -0.577 -0.577 -0.577
vn -0.577 -0.577 -0.577
vn -0.577 -0.577 -0.577
vn -0.577 -0.577 -0.577
vn -0.577 -0.577 -0.577
vn -0.577 -0.577 -0.577
vn -0.577 -0.577 -0.577
vn -0.577 -0.577 -0.577
vn -0.577 -0.577 -0.577
vn -0.577 -0.577 -0.577
vn -0.577 -0.577 -0.577
vn -0.577 -0.577 -0.577
vn -0.577 -0.577 -0.577
vn -0.577 -0.577 -0.577
vn -0.577 -0.577 -0.577
vn -0.577 -0.577 -0.577
vn -0.577 -0.577 -0.577
vn -0.577 -0.577 -0.577
vn -0.577 -0.577 -0.577
vn -0.577 -0.577 -0.577
vn -0.577 -0.577 -0.577
vn -0.577 -0.577 -0.577
vn -0.577 -0.577 -0.577
vn -0.577 -0.577 -0.577
vn -0.577 -0.577 -0.577
vn -0.577 -0.577 -0.577
vn -0.577 -0.577 -0.577
vn -0.577 -0.577 -0.577
vn -0.577 -0.577 -0.577
vn -0.577 -0.577 -0.577
vn -0.577 -0.577 -0.577
vn -0.577 -0.577 -0.577
vn -0.577 -0.577 -0.577
vn -0.577 -0.577 -0.577
vn -0.577 -0.577 -0.577
vn -0.577 -0.577 -0.577
vn -0.577 -0.577 -0.577
vn -0.577 -0.577 -0.577
vn -0.577 -0.577 -0.577
vn -0.577 -0.577 -0.577
vn -0.577 -0.577 -0.577
vn -0.577 -0.577 -0.577
vn -0.577 -0.577 -0.577
vn -0.577 -0.577 -0.577
vn -0.577 -0.577 -0.577
vn -0.577 -0.577 -0.577
vn -0.577 -0.577 -0.577
vn -0.577 -0.577 -0.577
vn -0.577 -0.577 -0.577
vn -0.577 -0.577 -0.577
vn -0.577 -0.577 -0.577
vn -0.577 -0.577 -0.577
vn -0.577 -0.577 -0.577
vn -0.577 -0.577 -0.577
vn -0.577 -0.577 -0.577
vn -0.577 -0.577 -0.577
vn -0.577 -0.577 -0.577
vn -0.577 -0.577 -0.577
vn -0.577 -0.577 -0.577
vn -0.577 -0.577 -0.577
vn -0.577 -0.577 -0.577
vn -0.577 -0.577 -0.577
vn -0.577 -0.577 -0.577
vn -0.577 -0.577 -0.577
vn -0.577 -0.577 -0.577
vn -0.577 -0.577 -0.577
vn -0.577 -0.577 -0.577
vn -0.577 -0.577 -0.577
vn -0.577 -0.577 -0.577
vn -0.577 -0.577 -0.577
vn -0.577 -0.577 -0.577
vn -0.577 -0.577 -0.577
vn -0.577 -0.577 -0.577
vn -0.577 -0.577 -0.577
vn -0.577 -0.577 -0.577
vn -0.577 -0.577 -0.577
vn -0.577 -0.577 -0.577
vn 0.577 0.577 0.577
vn 0.577 0.577 0.577
vn -0.577 -0.577 -0.577
vn -0.577 -0.577 -0.577
vn -0.577 -0.577 -0.577
vn -0.577 -0.577 -0.577
vn -0.577 -0.577 -0.577
vn -0.577 -0.577 -0.577
vn -0.577 -0.577 -0.577
vn -0.577 -0.577 -0.577
vn -0.577 -0.577 -0.577
vn -0.577 -0.577 -0.577
vn -0.577 -0.577 -0.577
vn -0.577 -0.577 -0.577
vn -0.577 -0.577 -0.577
vn -0.577 -0.577 -0.577
vn -0.577 -0.577 -0.577
vn -0.577 -0.577 -0.577
vn -0.577 -0.577 -0.577
vn -0.577 -0.577 -0.577
vn -0.577 -0.577 -0.577
vn -0.577 -0.577 -0.577
vn -0.577 -0.577 -0.577
vn -0.577 -0.577 -0.577
vn -0.577 -0.577 -0.577
vn -0.577 -0.577 -0.577
vn -0.577 -0.577 -0.577
vn -0.577 -0.577 -0.577
vn -0.577 -0.577 -0.577
vn -0.577 -0.577 -0.577
vn -0.577 -0.577 -0.577
vn 0.618 0.713 0.333
vn 0.618 0.713 0.333
vn 0.618 0.713 0.333
vn 0.618 0.713 0.333
vn 0.618 0.713 0.333
vn 0.618 0.713 0.333
vn 0.618 0.713 0.333
vn 0.618 0.713 0.333
vn 0.618 0.713 0.333
vn 0.618 0.713 0.333
vn 0.618 0.713 0.333
vn 0.598 0.708 0.376
vn 0.691 -0.658 0.299
vn 0.618 0.713 0.333
vn 0.618 0.713 0.333
vn 0.618 0.713 0.333
vn 0.618 0.713 0.333
vn 0.618 0.713 0.333
vn 0.680 -0.598 0.424
vn 0.598 0.708 0.376
vn 0.691 -0.658 0.299
vn 0.618 0.713 0.333
vn 0.618 0.713 0.333
vn 0.608 0.712 0.351
vn 0.691 -0.658 0.299
vn 0.618 0.713 0.333
vn 0.602 0.703 0.379
vn 0.608 0.712 0.351
vn 0.618 0.713 0.333
vn 0.605 0.711 0.358
vn 0.647 -0.694 0.315
vn 0.618 0.713 0.333
vn 0.618 0.713 0.333
vn 0.618 0.713 0.333
vn 0.618 0.713 0.333
vn 0.618 0.713 0.333
vn 0.618 0.713 0.333
vn 0.618 0.713 0.333
vn 0.618 0.713 0.333
vn 0.618 0.713 0.333
vn 0.630 0.684 0.369
vn 0.608 0.712 0.351
vn 0.647 -0.694 0.315
vn 0.602 0.703 0.379
vn 0.605 0.711 0.358
vn 0.605 0.711 0.358
vn 0.606 0.711 0.356
vn 0.606 0.711 0.356
vn 0.605 0.711 0.358
vn 0.597 0.703 0.386
vn 0.618 0.713 0.333
vn 0.618 0.713 0.333
vn 0.618 0.713 0.333
vn 0.608 0.712 0.351
vn 0.633 0.710 0.309
vn 0.605 0.711 0.358
vn 0.638 0.680 0.361
vn 0.618 0.713 0.333
vn 0.618 0.713 0.333
vn 0.618 0.713 0.333
vn 0.618 0.713 0.333
vn 0.618 0.713 0.333
vn 0.618 0.713 0.333
vn 0.618 0.713 0.333
vn 0.618 0.713 0.333
vn 0.618 0.713 0.333
vn 0.618 0.713 0.333
vn 0.618 0.713 0.333
vn 0.618 0.713 0.333
vn 0.618 0.713 0.333
vn 0.618 0.713 0.333
vn 0.618 0.713 0.333
vn 0.618 0.713 0.333
vn 0.618 0.713 0.333
vn 0.618 0.713 0.333
vn 0.618 0.713 0.333
vn 0.618 0.713 0.333
vn 0.607 0.711 0.355
vn 0.618 0.713 0.333
vn 0.618 0.713 0.333
vn 0.618 0.713 0.333
vn 0.618 0.713 0.333
vn 0.618 0.713 0.333
vn 0.618 0.713 0.333
vn 0.618 0.713 0.333
vn 0.618 0.713 0.333
vn 0.598 0.708 0.376
vn 0.607 0.711 0.355
vn 0.634 0.681 0.367
vn 0.680 -0.598 0.424
vn 0.618 0.713 0.333
vn 0.618 0.713 0.333
vn 0.618 0.713 0.333
vn 0.618 0.713 0.333
vn 0.618 0.713 0.333
vn 0.618 0.713 0.333
vn 0.618 0.713 0.333
vn 0.618 0.713 0.333
vn 0.634 0.681 0.367
vn 0.607 0.711 0.355
vn 0.598 0.708 0.376
vn 0.680 -0.598 0.424
vn 0.601 0.713 0.361
vn 0.607 0.711 0.355
vn 0.634 0.681 0.367
vn 0.607 0.711 0.356
vn 0.600 0.710 0.370
vn 0.600 0.710 0.370
vn 0.610 0.705 0.362
vn 0.618 0.713 0.333
vn 0.607 0.711 0.355
vn 0.601 0.713 0.361
vn 0.576 0.671 0.467
vn 0.618 0.713 0.333
vn 0.610 0.705 0.362
vn 0.618 0.713 0.333
vn 0.618 0.713 0.333
vn 0.618 0.713 0.333
vn 0.618 0.713 0.333
vn 0.618 0.713 0.333
vn 0.607 0.711 0.355
vn 0.576 0.671 0.467
vn 0.641 0.695 0.326
vn 0.633 0.710 0.309
vn 0.618 0.713 0.333
vn 0.607 0.711 0.355
vn 0.633 0.710 0.309
vn 0.663 0.663 0.348
vn 0.598 0.708 0.376
vn 0.598 0.708 0.376
vn 0.600 0.724 0.340
vn 0.680 -0.598 0.424
vn 0.576 0.671 0.467
vn 0.630 0.684 0.369
vn 0.618 0.713 0.333
vn 0.576 0.671 0.467
vn 0.601 0.713 0.361
vn 0.691 -0.658 0.299
vn 0.641 0.695 0.326
vn 0.602 0.703 0.379
vn 0.598 0.708 0.376
vn 0.663 0.663 0.348
vn 0.600 0.724 0.340
vn 0.630 0.684 0.369
vn 0.633 0.710 0.309
vn 0.610 0.705 0.362
vn 0.618 0.713 0.333
vn 0.618 0.713 0.333
vn 0.600 0.724 0.340
vn 0.601 0.713 0.361
vn 0.607 0.711 0.356
vn 0.600 0.710 0.370
vn 0.600 0.710 0.370
vn 0.598 0.708 0.376
vn 0.601 0.713 0.361
vn 0.618 0.713 0.333
vn 0.638 0.680 0.361
vn 0.646 0.711 0.277
vn -0.644 -0.544 0.538
vn 0.601 0.713 0.361
vn 0.646 0.711 0.277
vn 0.606 0.711 0.356
vn -0.644 -0.544 0.538
vn 0.606 0.711 0.356
vn 0.601 0.713 0.361
vn 0.630 0.684 0.369
vn 0.606 0.711 0.356
vn 0.601 0.693 0.399
vn 0.601 0.713 0.361
vn 0.638 0.680 0.361
vn 0.608 0.712 0.351
vn 0.646 0.711 0.277
vn 0.646 0.711 0.277
vn 0.608 0.712 0.351
vn 0.601 0.693 0.399
vn 0.606 0.711 0.356
vn 0.618 0.713 0.333
vn 0.646 0.711 0.277
vn 0.594 0.738 0.321
vn 0.641 0.695 0.326
vn 0.618 0.713 0.333
vn 0.605 0.711 0.358
vn 0.608 0.713 0.351
vn 0.600 0.710 0.370
vn 0.600 0.710 0.370
vn 0.618 0.713 0.333
vn 0.618 0.713 0.333
vn 0.618 0.713 0.333
vn 0.646 0.711 0.277
vn 0.601 0.693 0.399
vn 0.600 0.710 0.370
vn 0.601 0.713 0.361
vn 0.605 0.711 0.358
vn 0.638 0.680 0.361
vn 0.608 0.712 0.351
vn 0.600 0.710 0.370
vn 0.629 0.689 0.360
vn 0.633 0.710 0.309
vn 0.641 0.695 0.326
vn 0.618 0.713 0.333
vn 0.618 0.713 0.333
vn 0.618 0.713 0.333
vn 0.618 0.713 0.333
vn 0.594 0.738 0.321
vn 0.618 0.713 0.333
vn 0.618 0.713 0.333
vn 0.646 0.711 0.277
vn 0.600 0.710 0.370
vn 0.641 0.695 0.326
vn 0.610 0.707 0.357
vn 0.605 0.711 0.358
vn 0.638 0.680 0.361
vn 0.601 0.713 0.361
vn 0.618 0.713 0.333
vn 0.618 0.713 0.333
vn 0.618 0.713 0.333
vn 0.618 0.713 0.333
vn 0.618 0.713 0.333
vn 0.618 0.713 0.333
vn 0.618 0.713 0.333
vn 0.618 0.713 0.333
vn 0.618 0.713 0.333
vn 0.618 0.713 0.333
vn 0.618 0.713 0.333
vn 0.618 0.713 0.333
vn 0.618 0.713 0.333
vn 0.618 0.713 0.333
vn 0.618 0.713 0.333
vn 0.618 0.713 0.333
vn 0.618 0.713 0.333
vn 0.618 0.713 0.333
vn 0.618 0.713 0.333
vn 0.618 0.713 0.333
vn 0.618 0.713 0.333
vn 0.618 0.713 0.333
vn 0.618 0.713 0.333
vn 0.618 0.713 0.333
vn 0.618 0.713 0.333
vn 0.629 0.689 0.360
vn 0.600 0.710 0.370
vn 0.608 0.713 0.351
vn 0.618 0.713 0.333
vn 0.663 0.663 0.348
vn 0.618 0.713 0.333
vn 0.618 0.713 0.333
vn 0.618 0.713 0.333
vn 0.618 0.713 0.333
vn 0.618 0.713 0.333
vn 0.618 0.713 0.333
vn 0.618 0.713 0.333
vn 0.618 0.713 0.333
vn 0.618 0.713 0.333
vn 0.633 0.710 0.309
vn 0.600 0.710 0.370
vn 0.608 0.712 0.351
vn 0.598 0.708 0.376
vn 0.601 0.693 0.399
vn 0.576 0.671 0.467
vn 0.602 0.703 0.379
vn 0.608 0.713 0.351
vn 0.600 0.710 0.370
vn 0.618 0.713 0.333
vn 0.600 0.724 0.340
vn 0.633 0.710 0.309
vn 0.618 0.713 0.333
vn 0.618 0.713 0.333
vn 0.618 0.713 0.333
vn 0.618 0.713 0.333
vn 0.618 0.713 0.333
vn 0.618 0.713 0.333
vn 0.618 0.713 0.333
vn 0.576 0.671 0.467
vn 0.603 0.723 0.336
vn 0.602 0.703 0.379
vn 0.605 0.711 0.358
vn 0.601 0.713 0.361
vn 0.600 0.710 0.370
vn 0.633 0.710 0.309
vn 0.600 0.724 0.340
vn 0.602 0.703 0.379
vn 0.598 0.708 0.376
vn 0.605 0.711 0.358
vn 0.576 0.671 0.467
vn 0.603 0.723 0.336
vn 0.663 0.663 0.348
vn 0.663 0.663 0.348
vn 0.602 0.703 0.379
vn 0.663 0.663 0.348
vn 0.618 0.713 0.333
vn 0.618 0.713 0.333
vn 0.663 0.663 0.348
vn 0.618 0.713 0.333
vn 0.618 0.713 0.333
vn 0.618 0.713 0.333
vn 0.618 0.713 0.333
vn 0.618 0.713 0.333
vn 0.618 0.713 0.333
vn 0.618 0.713 0.333
vn 0.618 0.713 0.333
vn 0.605 0.711 0.358
vn 0.637 -0.659 0.401
vn 0.603 0.723 0.336
vn 0.600 0.724 0.340
vn 0.618 0.713 0.333
vn 0.612 0.705 0.359
vn 0.618 0.713 0.333
vn 0.618 0.713 0.333
vn 0.618 0.713 0.333
vn 0.612 0.705 0.359
vn 0.637 -0.659 0.401
vn 0.607 0.711 0.356
vn 0.603 0.723 0.336
vn 0.663 0.663 0.348
vn 0.607 0.711 0.356
vn 0.618 0.713 0.333
vn 0.663 0.663 0.348
vn 0.618 0.713 0.333
vn 0.618 0.713 0.333
vn 0.618 0.713 0.333
vn 0.618 0.713 0.333
vn 0.618 0.713 0.333
vn 0.618 0.713 0.333
vn 0.618 0.713 0.333
vn 0.618 0.713 0.333
vn 0.603 0.723 0.336
vn 0.618 0.713 0.333
vn 0.607 0.711 0.356
vn 0.618 0.713 0.333
vn 0.618 0.713 0.333
vn 0.618 0.713 0.333
vn 0.618 0.713 0.333
vn 0.618 0.713 0.333
vn 0.618 0.713 0.333
vn 0.618 0.713 0.333
vn 0.618 0.713 0.333
vn 0.618 0.713 0.333
vn 0.618 0.713 0.333
vn 0.618 0.713 0.333
vn 0.618 0.713 0.333
vn 0.618 0.713 0.333
vn 0.618 0.713 0.333
vn 0.618 0.713 0.333
vn 0.618 0.713 0.333
vn 0.647 -0.694 0.315
vn 0.603 0.723 0.336
vn 0.607 0.711 0.356
vn 0.618 0.713 0.333
vn 0.600 0.724 0.340
vn 0.618 0.713 0.333
vn 0.618 0.713 0.333
vn 0.618 0.713 0.333
vn 0.618 0.713 0.333
vn 0.618 0.713 0.333
vn 0.618 0.713 0.333
vn 0.618 0.713 0.333
vn 0.618 0.713 0.333
vn 0.618 0.713 0.333
vn 0.605 0.723 0.332
vn 0.601 0.713 0.361
vn 0.600 0.724 0.340
vn 0.612 0.705 0.359
vn 0.634 0.681 0.367
vn 0.602 0.703 0.379
vn 0.605 0.711 0.358
vn 0.637 -0.659 0.401
vn 0.607 0.711 0.355
vn 0.606 0.711 0.356
vn 0.600 0.724 0.340
vn 0.634 0.681 0.367
vn 0.606 0.711 0.356
vn 0.607 0.711 0.355
vn 0.637 -0.659 0.401
vn 0.647 -0.694 0.315
vn 0.618 0.713 0.333
vn 0.600 0.724 0.340
vn 0.646 0.711 0.277
vn 0.601 0.713 0.361
vn 0.606 0.711 0.356
vn 0.691 -0.658 0.299
vn 0.603 0.723 0.336
vn 0.618 0.713 0.333
vn 0.606 0.711 0.356
vn 0.601 0.713 0.361
vn 0.618 0.713 0.333
vn 0.618 0.713 0.333
vn 0.618 0.713 0.333
vn 0.618 0.713 0.333
vn 0.618 0.713 0.333
vn 0.606 0.711 0.356
vn 0.634 0.681 0.367
vn 0.601 0.713 0.361
vn -0.577 -0.577 -0.577
vn -0.577 -0.577 -0.577
vn -0.577 -0.577 -0.577
vn -0.577 -0.577 -0.577
vn -0.577 -0.577 -0.577
vn 0.577 0.577 0.577
vn 0.577 0.577 0.577
vn -0.577 -0.577 -0.577
vn 0.577 0.577 0.577
vn 0.577 0.577 0.577
vn 0.577 0.577 0.577
vn 0.577 0.577 0.577
vn 0.577 0.577 0.577
vn 0.577 0.577 0.577
vn 0.577 0.577 0.577
vn -0.577 -0.577 -0.577
vn -0.577 -0.577 -0.577
vn 0.577 0.577 0.577
vn 0.577 0.577 0.577
vn 0.577 0.577 0.577
vn 0.577 0.577 0.577
vn 0.577 0.577 0.577
vn 0.577 0.577 0.577
vn 0.606 -0.719 0.340
vn 0.602 0.703 0.379
vn 0.630 0.684 0.369
vn 0.610 0.707 0.357
vn 0.641 0.695 0.326
vn 0.600 0.710 0.370
vn 0.633 0.710 0.309
vn 0.594 0.738 0.321
vn 0.618 0.713 0.333
vn 0.618 0.713 0.333
vn 0.618 0.713 0.333
vn 0.602 0.703 0.379
vn 0.601 0.713 0.361
vn -0.644 -0.544 0.538
vn -0.649 -0.593 0.477
vn 0.630 0.684 0.369
vn 0.630 0.684 0.369
vn 0.615 0.649 0.448
vn -0.649 -0.593 0.477
vn -0.649 -0.593 0.477
vn 0.606 -0.719 0.340
vn 0.602 0.703 0.379
vn 0.600 0.710 0.370
vn -0.577 -0.577 -0.577
vn -0.577 -0.577 -0.577
vn -0.577 -0.577 -0.577
vn -0.577 -0.577 -0.577
vn -0.577 -0.577 -0.577
vn -0.577 -0.577 -0.577
vn -0.577 -0.577 -0.577
vn -0.577 -0.577 -0.577
vn 0.577 0.577 0.577
vn 0.577 0.577 0.577
vn 0.577 0.577 0.577
vn 0.577 0.577 0.577
vn 0.577 0.577 0.577
vn 0.577 0.577 0.577
vn 0.577 0.577 0.577
vn 0.577 0.577 0.577
vn 0.577 0.577 0.577
vn 0.577 0.577 0.577
vn 0.577 0.577 0.577
vn 0.577 0.577 0.577
vn 0.577 0.577 0.577
vn 0.577 0.577 0.577
vn 0.577 0.577 0.577
vn 0.577 0.577 0.577
vn 0.577 0.577 0.577
vn 0.577 0.577 0.577
vn 0.577 0.577 0.577
vn 0.577 0.577 0.577
vn 0.577 0.577 0.577
vn 0.577 0.577 0.577
vn -0.577 -0.577 -0.577
vn 0.577 0.577 0.577
vn -0.569 -0.688 -0.451
vn -0.577 -0.577 -0.577
vn 0.577 0.577 0.577
vn 0.577 0.577 0.577
vn 0.577 0.577 0.577
vn 0.577 0.577 0.577
vn 0.577 0.577 0.577
vn 0.577 0.577 0.577
vn 0.577 0.577 0.577
vn 0.577 0.577 0.577
vn 0.577 0.577 0.577
vn 0.577 0.577 0.577
vn 0.577 0.577 0.577
vn 0.577 0.577 0.577
vn 0.577 0.577 0.577
vn 0.577 0.577 0.577
vn 0.577 0.577 0.577
vn 0.577 0.577 0.577
vn 0.577 0.577 0.577
vn 0.577 0.577 0.577
vn 0.577 0.577 0.577
vn 0.577 0.577 0.577
vn -0.577 -0.577 -0.577
vn 0.577 0.577 0.577
vn 0.577 0.577 0.577
vn -0.577 -0.577 -0.577
vn -0.577 -0.577 -0.577
vn 0.577 0.577 0.577
vn -0.577 -0.577 -0.577
vn 0.577 0.577 0.577
vn 0.577 0.577 0.577
vn 0.577 0.577 0.577
vn -0.577 -0.577 -0.577
vn 0.577 0.577 0.577
vn -0.577 -0.577 -0.577
vn -0.577 -0.577 -0.577
vn -0.577 -0.577 -0.577
vn -0.577 -0.577 -0.577
vn -0.577 -0.577 -0.577
vn -0.577 -0.577 -0.577
vn -0.577 -0.577 -0.577
vn -0.577 -0.577 -0.577
vn -0.577 -0.577 -0.577
vn -0.577 -0.577 -0.577
vn -0.577 -0.577 -0.577
vn -0.577 -0.577 -0.577
vn -0.577 -0.577 -0.577
vn -0.577 -0.577 -0.577
vn -0.577 -0.577 -0.577
vn -0.577 -0.577 -0.577
vn -0.577 -0.577 -0.577
vn -0.577 -0.577 -0.577
vn -0.577 -0.577 -0.577
vn -0.577 -0.577 -0.577
vn -0.577 -0.577 -0.577
vn 0.605 0.711 0.358
vn 0.634 0.681 0.367
vn 0.605 0.711 0.358
vn 0.605 0.711 0.358
vn 0.577 0.577 0.577
vn 0.577 0.577 0.577
vn 0.577 0.577 0.577
vn 0.577 0.577 0.577
vn 0.577 0.577 0.577
vn 0.577 0.577 0.577
vn 0.577 0.577 0.577
vn 0.577 0.577 0.577
vn 0.577 0.577 0.577
vn 0.577 0.577 0.577
vn 0.577 0.577 0.577
vn 0.577 0.577 0.577
vn 0.577 0.577 0.577
vn 0.577 0.577 0.577
vn 0.577 0.577 0.577
vn 0.577 0.577 0.577
vn 0.577 0.577 0.577
vn 0.577 0.577 0.577
vn 0.577 0.577 0.577
vn 0.577 0.577 0.577
vn 0.577 0.577 0.577
vn 0.577 0.577 0.577
vn 0.577 0.577 0.577
vn 0.577 0.577 0.577
vn 0.577 0.577 0.577
vn 0.577 0.577 0.577
vn 0.577 0.577 0.577
vn 0.577 0.577 0.577
vn 0.577 0.577 0.577
vn 0.577 0.577 0.577
vn 0.577 0.577 0.577
vn 0.577 0.577 0.577
vn 0.577 0.577 0.577
vn 0.577 0.577 0.577
vn 0.577 0.577 0.577
vn 0.577 0.577 0.577
vn 0.577 0.577 0.577
vn 0.577 0.577 0.577
usemtl tex_1896_lit_w11
f 1/1/1 2/2/2 3/3/3
f 4/4/4 3/3/3 5/5/5
f 5/5/5 6/6/6 7/7/7
f 8/8/8 6/6/6 9/9/9
f 7/7/7 4/4/4 5/5/5
f 2/2/2 9/9/9 3/3/3
f 6/6/6 8/8/8 10/10/10
f 2/2/2 8/8/8 9/9/9
f 11/11/11 12/12/12 13/13/13
f 14/14/14 11/11/11 15/15/15
f 16/16/16 17/17/17 18/14/18
f 19/18/19 17/17/17 20/19/20
f 18/14/18 21/15/21 16/16/16
f 22/11/22 19/18/19 23/12/23
f 24/20/24 20/19/20 17/17/17
f 19/18/19 20/19/20 23/12/23
usemtl tex_1084_lit
f 25/21/25 26/22/26 27/23/27
f 27/23/27 26/22/26 28/24/28
f 29/25/29 30/26/30 31/27/31
f 32/27/32 33/26/33 34/28/34
usemtl tex_2498_lit
f 35/29/35 36/30/36 37/31/37
f 38/32/38 36/30/36 35/29/35
f 39/33/39 38/32/38 40/34/40
f 41/35/41 38/32/38 39/33/39
f 42/36/42 41/35/41 43/37/43
f 44/38/44 41/35/41 42/36/42
f 45/39/45 44/38/44 46/40/46
f 47/41/47 44/38/44 45/39/45
f 48/42/48 49/41/49 50/39/50
f 51/34/51 52/32/52 53/29/53
f 54/40/54 55/38/55 56/36/56
f 57/37/57 58/35/58 59/33/59
f 52/32/52 60/43/60 61/44/61
f 62/45/62 63/46/63 64/47/64
f 65/48/65 66/49/66 67/50/67
f 68/51/68 63/46/63 69/52/69
f 70/53/70 71/43/71 63/46/63
f 65/48/65 69/52/69 72/38/72
f 73/54/73 74/55/74 75/56/75
f 76/32/76 77/35/77 71/43/71
f 62/45/62 73/54/73 75/56/75
f 62/45/62 70/53/70 63/46/63
f 78/48/78 79/41/79 80/49/80
f 81/43/81 82/57/82 83/44/83
f 84/54/84 85/58/85 86/55/86
f 82/57/82 87/59/87 83/44/83
f 88/32/88 83/44/83 89/30/89
f 78/48/78 90/50/90 91/52/91
f 92/46/92 93/51/93 94/47/94
f 95/60/95 96/61/96 97/62/97
f 98/41/98 99/63/99 100/49/100
f 101/45/101 102/64/102 103/54/103
f 104/44/104 105/59/105 106/30/106
f 107/52/107 108/35/108 109/38/109
f 110/65/110 111/62/111 112/61/112
f 113/66/113 114/59/114 115/45/115
f 108/35/108 107/52/107 116/46/116
f 117/53/117 118/57/118 119/43/119
f 115/45/115 118/57/118 117/53/117
f 115/45/115 114/59/114 118/57/118
f 120/47/120 112/61/112 121/64/121
f 119/43/119 108/35/108 116/46/116
f 122/50/122 123/49/123 124/47/124
f 122/50/122 124/47/124 125/51/125
f 126/66/126 127/45/127 128/56/128
f 129/48/129 130/38/130 131/41/131
f 132/52/132 122/50/122 125/51/125
f 133/67/133 124/47/124 123/49/123
f 133/67/133 134/65/134 124/47/124
f 134/65/134 135/61/135 124/47/124
f 136/59/136 137/68/137 138/30/138
f 139/45/139 140/47/140 141/64/141
usemtl tex_1751_lit
f 142/69/142 143/70/143 144/71/144
f 145/72/145 146/73/146 147/74/147
f 146/73/146 148/75/148 142/69/142
f 148/75/148 143/70/143 142/69/142
f 149/76/149 142/69/142 144/71/144
f 149/76/149 144/71/144 150/77/150
f 149/76/149 150/77/150 151/78/151
f 152/77/152 153/79/153 154/78/154
f 152/77/152 155/72/155 153/79/153
f 155/72/155 156/74/156 153/79/153
f 157/73/157 155/72/155 158/75/158
usemtl tex_2499_lit
f 159/80/159 160/81/160 161/82/161
f 162/83/162 160/81/160 159/80/159
f 163/84/163 164/85/164 165/86/165
f 166/87/166 167/88/167 164/85/164
f 168/89/168 169/90/169 170/91/170
f 171/92/171 169/90/169 168/89/168
f 172/93/172 173/94/173 174/95/174
f 175/96/175 173/94/173 172/93/172
f 176/97/176 171/92/171 168/89/168
f 177/87/177 178/85/178 179/84/179
f 180/98/180 181/83/181 182/80/182
f 183/99/183 175/96/175 172/93/172
f 184/99/184 185/93/185 186/100/186
f 187/80/187 188/82/188 189/101/189
f 190/98/190 187/80/187 191/102/191
f 192/84/192 193/86/193 194/103/194
f 195/87/195 192/84/192 196/104/196
f 197/89/197 198/91/198 199/105/199
f 200/97/200 201/89/201 202/106/202
f 203/93/203 204/95/204 205/107/205
f 202/106/202 201/89/201 206/105/206
f 207/102/207 208/80/208 209/101/209
f 210/100/210 203/93/203 205/107/205
f 211/104/211 212/84/212 213/103/213
f 214/108/214 210/100/210 205/107/205
f 215/109/215 214/108/214 205/107/205
f 216/110/216 217/111/217 218/104/218
f 216/110/216 219/112/219 217/111/217
f 220/113/220 221/105/221 222/114/222
f 223/115/223 224/116/224 222/114/222
f 220/113/220 225/106/225 221/105/221
f 226/117/226 227/102/227 228/101/228
f 227/102/227 226/117/226 229/118/229
f 230/103/230 216/110/216 218/104/218
f 236/119/236 233/120/233 235/114/235
f 237/116/237 236/119/236 235/114/235
f 238/121/238 236/119/236 237/116/237
f 239/115/239 238/121/238 237/116/237
f 240/122/240 238/121/238 239/115/239
f 241/118/241 240/122/240 239/115/239
f 242/123/242 240/122/240 241/118/241
f 232/117/232 242/123/242 241/118/241
f 243/124/243 244/125/244 245/126/245
f 246/125/246 247/127/247 248/128/248
f 249/129/249 250/130/250 251/131/251
f 250/130/250 252/132/252 253/133/253
f 254/134/254 255/135/255 256/136/256
f 257/137/257 254/134/254 258/138/258
f 259/139/259 260/140/260 261/141/261
f 262/140/262 263/142/263 264/143/264
f 265/138/265 266/134/266 267/136/267
f 268/131/268 269/130/269 270/133/270
f 271/141/271 262/140/262 264/143/264
f 272/126/272 273/125/273 274/128/274
f 262/140/262 275/144/275 263/142/263
f 276/145/276 275/144/275 262/140/262
f 277/125/277 278/146/278 279/127/279
f 280/147/280 278/146/278 277/125/277
f 281/134/281 282/148/282 283/135/283
f 284/149/284 282/148/282 281/134/281
f 285/130/285 286/150/286 287/132/287
f 288/151/288 286/150/286 285/130/285
f 289/137/289 284/149/284 281/134/281
f 290/129/290 288/151/288 285/130/285
f 291/139/291 292/145/292 293/140/293
f 294/124/294 295/147/295 296/125/296
f 297/150/297 298/151/298 299/152/299
f 297/150/297 299/152/299 300/153/300
f 301/154/301 302/155/302 292/145/292
f 295/147/295 303/156/303 304/157/304
f 295/147/295 305/158/305 303/156/303
f 306/144/306 292/145/292 302/155/302
f 307/158/307 308/159/308 309/156/309
f 310/148/310 311/149/311 312/160/312
f 307/158/307 309/156/309 313/157/313
f 314/161/314 310/148/310 312/160/312
f 315/146/315 316/147/316 313/157/313
f 317/162/317 318/163/318 319/164/319
f 319/164/319 318/163/318 320/165/320
f 319/164/319 320/165/320 321/166/321
f 321/166/321 320/165/320 314/161/314
f 321/166/321 314/161/314 322/167/322
f 327/168/327 326/169/326 328/154/328
f 327/168/327 328/154/328 329/162/329
f 329/162/329 328/154/328 330/163/330
usemtl tex_1679_lit_w11
f 331/170/331 332/171/332 333/172/333
f 334/173/334 335/174/335 332/171/332
f 334/173/334 336/175/336 335/174/335
f 336/175/336 337/176/337 335/174/335
f 338/177/338 333/172/333 337/176/337
f 338/177/338 331/170/331 333/172/333
f 331/170/331 334/173/334 332/171/332
f 336/175/336 338/177/338 337/176/337
f 339/178/339 340/175/340 341/179/341
f 341/179/341 340/175/340 342/173/342
f 343/180/343 342/173/342 344/181/344
f 344/181/344 342/173/342 345/170/345
f 346/182/346 345/170/345 347/183/347
f 347/183/347 345/170/345 348/177/348
f 347/183/347 348/177/348 349/184/349
f 349/184/349 348/177/348 340/175/340
f 344/181/344 345/170/345 346/182/346
f 341/179/341 342/173/342 343/180/343
f 349/184/349 340/175/340 339/178/339
f 350/185/350 351/186/351 352/187/352
f 353/188/353 351/186/351 350/185/350
f 354/189/354 353/188/353 350/185/350
f 355/190/355 356/188/356 357/189/357
f 358/191/358 355/190/355 357/189/357
f 359/192/359 355/190/355 358/191/358
f 360/193/360 359/192/359 358/191/358
f 361/186/361 359/192/359 360/193/360
f 362/187/362 361/186/361 360/193/360
f 361/186/361 363/178/363 364/179/364
f 361/186/361 364/179/364 365/180/365
f 356/188/356 366/183/366 367/184/367
f 361/186/361 367/184/367 363/178/363
f 359/192/359 368/181/368 355/190/355
f 356/188/356 367/184/367 361/186/361
f 355/190/355 366/183/366 356/188/356
f 359/192/359 365/180/365 368/181/368
f 355/190/355 369/182/369 366/183/366
f 355/190/355 368/181/368 369/182/369
f 359/192/359 361/186/361 365/180/365
f 370/191/370 371/194/371 372/195/372
f 373/189/373 374/185/374 375/196/375
f 370/191/370 373/189/373 375/196/375
f 374/185/374 376/187/376 377/197/377
f 376/187/376 378/193/378 372/195/372
f 377/197/377 376/187/376 372/195/372
f 375/196/375 374/185/374 377/197/377
f 370/191/370 375/196/375 371/194/371
f 378/193/378 370/191/370 372/195/372
f 379/198/379 380/199/380 381/200/381
f 382/201/382 383/202/383 384/203/384
f 385/204/385 382/201/382 384/203/384
f 385/204/385 384/203/384 379/198/379
f 386/205/386 387/200/387 388/199/388
f 389/201/389 386/205/386 390/202/390
f 386/205/386 388/199/388 390/202/390
f 391/204/391 392/198/392 387/200/387
f 393/206/393 392/198/392 394/207/394
f 394/207/394 392/198/392 395/203/395
f 396/208/396 395/203/395 397/209/397
f 397/209/397 395/203/395 390/202/390
f 398/210/398 390/202/390 399/211/399
f 399/211/399 390/202/390 388/199/388
f 400/212/400 388/199/388 392/198/392
f 397/209/397 390/202/390 398/210/398
f 399/211/399 388/199/388 400/212/400
f 400/212/400 392/198/392 393/206/393
f 394/207/394 395/203/395 396/208/396
f 402/213/402 403/214/403 404/215/404
f 405/216/405 403/214/403 402/213/402
f 406/217/406 405/216/405 402/213/402
f 407/218/407 405/216/405 406/217/406
f 408/219/408 407/218/407 406/217/406
f 409/220/409 407/218/407 408/219/408
f 410/221/410 409/220/409 408/219/408
f 403/214/403 409/220/409 410/221/410
f 404/215/404 403/214/403 410/221/410
f 405/216/405 411/210/411 412/211/412
f 403/214/403 412/211/412 413/212/413
f 409/220/409 413/212/413 414/206/414
f 403/214/403 413/212/413 409/220/409
f 405/216/405 412/211/412 403/214/403
f 407/218/407 415/209/415 405/216/405
f 409/220/409 416/207/416 407/218/407
f 409/220/409 414/206/414 416/207/416
f 407/218/407 416/207/416 417/208/417
f 407/218/407 417/208/417 415/209/415
f 405/216/405 415/209/415 411/210/411
f 418/217/418 419/213/419 420/222/420
f 421/223/421 422/219/422 418/217/418
f 421/223/421 423/221/423 422/219/422
f 420/222/420 419/213/419 424/215/424
f 425/224/425 421/223/421 418/217/418
f 426/225/426 424/215/424 423/221/423
f 420/222/420 424/215/424 426/225/426
f 426/225/426 423/221/423 421/223/421
f 425/224/425 418/217/418 420/222/420
usemtl tex_1785_lit_w10
f 427/226/427 428/227/428 429/228/429
f 429/228/429 428/227/428 430/228/430
f 429/228/429 431/229/431 432/230/432
f 431/229/431 433/231/433 432/230/432
f 434/227/434 435/230/435 436/232/436
f 437/228/437 438/228/438 439/233/439
f 439/233/439 440/231/440 441/229/441
f 434/227/434 442/226/442 435/230/435
f 437/228/437 435/230/435 442/226/442
f 438/228/438 434/227/434 436/232/436
f 443/234/443 438/228/438 436/232/436
f 443/234/443 439/233/439 438/228/438
f 441/229/441 437/228/437 439/233/439
f 439/233/439 443/234/443 440/231/440
f 444/235/444 435/230/435 445/236/445
f 445/236/445 435/230/435 440/231/440
f 445/236/445 440/231/440 446/237/446
f 446/237/446 440/231/440 443/234/443
f 446/237/446 443/234/443 447/238/447
f 447/238/447 443/234/443 436/232/436
f 447/238/447 436/232/436 444/235/444
f 444/235/444 436/232/436 435/230/435
f 448/239/448 449/240/449 450/241/450
f 451/242/451 449/240/449 448/239/448
f 452/243/452 453/244/453 454/245/454
f 455/246/455 456/247/456 449/240/449
f 452/243/452 451/242/451 448/239/448
f 452/243/452 448/239/448 453/244/453
f 456/247/456 450/241/450 449/240/449
f 450/241/450 456/247/456 448/239/448
f 455/246/455 449/240/449 451/242/451
f 455/246/455 451/242/451 457/248/457
f 451/242/451 452/243/452 457/248/457
f 456/247/456 453/244/453 448/239/448
f 456/247/456 454/245/454 453/244/453
f 457/248/457 452/243/452 454/245/454
f 458/249/458 456/247/456 459/250/459
f 454/245/454 456/247/456 458/249/458
f 460/251/460 454/245/454 458/249/458
f 457/248/457 454/245/454 460/251/460
f 461/252/461 457/248/457 460/251/460
f 455/246/455 457/248/457 461/252/461
f 459/250/459 455/246/455 461/252/461
f 456/247/456 455/246/455 459/250/459
usemtl tex_1458_lit
f 462/253/462 463/254/463 464/255/464
f 465/256/465 463/254/463 462/253/462
f 465/256/465 466/257/466 463/254/463
f 467/254/467 468/254/468 469/255/469
f 470/255/470 471/256/471 472/253/472
f 468/254/468 471/256/471 470/255/470
f 468/254/468 473/257/473 471/256/471
f 467/254/467 474/257/474 468/254/468
f 469/255/469 468/254/468 475/255/475
f 476/255/476 477/253/477 478/255/478
f 479/258/479 480/259/480 481/260/481
f 482/261/482 479/258/479 481/260/481
f 483/262/483 482/261/482 481/260/481
f 483/262/483 484/263/484 482/261/482
f 485/264/485 484/263/484 483/262/483
f 486/265/486 485/264/485 483/262/483
f 487/259/487 488/260/488 489/260/489
f 489/260/489 490/259/490 487/259/487
f 491/262/491 489/260/489 488/260/488
f 492/260/492 493/262/493 494/262/494
f 493/262/493 495/265/495 496/265/496
f 494/262/494 493/262/493 496/265/496
f 497/260/497 498/259/498 499/258/499
f 497/260/497 499/258/499 500/261/500
f 497/260/497 500/261/500 501/262/501
f 500/261/500 502/263/502 501/262/501
f 501/262/501 502/263/502 503/264/503
f 501/262/501 503/264/503 504/265/504
f 505/258/505 506/259/506 507/260/507
f 508/261/508 509/258/509 510/260/510
f 511/262/511 508/261/508 510/260/510
f 511/262/511 512/263/512 508/261/508
f 513/264/513 512/263/512 511/262/511
f 514/265/514 513/264/513 511/262/511
f 515/260/515 516/259/516 517/258/517
f 515/260/515 517/258/517 518/261/518
f 515/260/515 518/261/518 519/262/519
f 518/261/518 512/263/512 519/262/519
f 519/262/519 512/263/512 513/264/513
f 519/262/519 513/264/513 520/265/520
f 521/265/521 522/265/522 523/262/523
f 524/262/524 525/262/525 526/265/526
f 527/260/527 525/262/525 524/262/524
f 524/262/524 528/260/528 527/260/527
f 529/259/529 527/260/527 528/260/528
f 528/260/528 530/259/530 529/259/529
f 531/255/531 532/254/532 533/253/533
f 533/253/533 532/254/532 534/256/534
f 532/254/532 535/257/535 534/256/534
f 531/255/531 536/254/536 532/254/532
f 537/253/537 538/256/538 539/255/539
f 540/255/540 541/256/541 542/254/542
f 541/256/541 543/257/543 542/254/542
f 544/254/544 545/257/545 546/254/546
f 547/255/547 544/254/544 548/255/548
f 549/255/549 550/253/550 551/255/551
usemtl tex_1897_lit
f 552/266/552 553/267/553 554/268/554
f 554/268/554 553/267/553 555/269/555
f 556/270/556 557/271/557 558/272/558
f 559/273/559 557/271/557 556/270/556
usemtl tex_1899_lit
f 560/274/560 561/275/561 562/276/562
f 562/276/562 561/275/561 563/277/563
f 564/278/564 565/279/565 566/280/566
f 567/281/567 565/279/565 564/278/564
usemtl tex_1900_lit
f 568/282/568 569/283/569 570/284/570
f 570/284/570 569/283/569 571/285/571
f 572/286/572 573/287/573 574/288/574
f 575/289/575 573/287/573 572/286/572
usemtl tex_1898_lit
f 576/290/576 577/291/577 578/292/578
f 578/292/578 577/291/577 579/293/579
f 580/294/580 581/295/581 582/296/582
f 582/296/582 581/295/581 583/297/583
f 584/298/584 585/299/585 586/300/586
f 587/301/587 585/299/585 584/298/584
f 588/302/588 589/303/589 590/304/590
f 591/305/591 589/303/589 588/302/588
usemtl tex_2500_lit
f 592/306/592 593/307/593 594/308/594
f 595/309/595 596/310/596 597/311/597
f 598/312/598 596/310/596 595/309/595
f 596/310/596 599/313/599 597/311/597
f 599/313/599 600/314/600 597/311/597
f 600/314/600 601/315/601 602/316/602
f 603/317/603 604/318/604 605/319/605
f 604/318/604 606/320/606 607/306/607
f 606/320/606 608/321/608 607/306/607
f 607/306/607 608/321/608 609/307/609
f 610/311/610 611/314/611 612/316/612
f 605/319/605 604/318/604 607/306/607
f 613/308/613 614/322/614 607/306/607
f 615/323/615 616/309/616 610/311/610
f 612/316/612 617/324/617 618/325/618
f 619/319/619 620/326/620 621/327/621
f 620/326/620 622/328/622 621/327/621
f 623/329/623 624/325/624 625/324/625
f 624/325/624 626/311/626 627/316/627
f 628/322/628 620/326/620 629/306/629
f 629/306/629 620/326/620 619/319/619
f 624/325/624 630/323/630 626/311/626
usemtl tex_1892_lit
f 631/330/631 632/331/632 633/332/633
f 631/330/631 633/332/633 634/333/634
f 635/334/635 636/335/636 637/336/637
f 636/335/636 638/337/638 639/338/639
f 640/330/640 641/339/641 642/331/642
f 635/334/635 643/340/643 636/335/636
f 635/334/635 644/341/644 643/340/643
f 642/331/642 641/339/641 645/342/645
f 646/343/646 647/344/647 648/345/648
f 649/346/649 650/332/650 642/331/642
f 651/340/651 652/341/652 653/347/653
f 654/348/654 655/349/655 656/350/656
f 657/351/657 658/332/658 659/346/659
f 660/352/660 661/345/661 662/353/662
f 663/354/663 664/355/664 665/356/665
f 666/340/666 667/330/667 668/335/668
f 669/357/669 670/358/670 671/359/671
f 672/360/672 673/361/673 670/358/670
f 674/362/674 675/333/675 676/350/676
f 677/363/677 669/357/669 678/364/678
f 679/365/679 680/366/680 681/367/681
f 682/368/682 683/349/683 684/369/684
f 683/349/683 682/368/682 685/350/685
f 686/367/686 687/366/687 688/370/688
f 689/371/689 690/332/690 691/351/691
f 692/372/692 693/373/693 687/366/687
f 694/335/694 695/330/695 684/369/684
f 696/340/696 697/374/697 698/339/698
f 699/342/699 700/375/700 701/359/701
f 702/330/702 703/362/703 704/368/704
f 705/376/705 698/339/698 697/374/697
f 706/377/706 707/369/707 708/349/708
f 708/349/708 709/378/709 710/379/710
f 697/374/697 696/340/696 711/347/711
f 712/346/712 713/342/713 714/359/714
f 715/330/715 716/368/716 717/369/717
f 718/360/718 719/358/719 720/357/720
f 721/380/721 722/353/722 723/381/723
f 724/364/724 720/357/720 714/359/714
f 725/345/725 723/381/723 722/353/722
f 718/360/718 720/357/720 723/381/723
f 713/342/713 712/346/712 726/331/726
f 727/376/727 728/342/728 729/339/729
f 730/345/730 731/352/731 732/341/732
f 733/362/733 734/330/734 735/333/735
f 736/375/736 737/364/737 738/359/738
f 739/343/739 740/334/740 741/336/741
f 742/371/742 743/351/743 744/359/744
f 745/332/745 746/382/746 747/350/747
f 745/332/745 747/350/747 748/333/748
f 749/348/749 750/365/750 751/367/751
f 752/378/752 753/349/753 751/367/751
f 754/373/754 755/383/755 756/366/756
f 750/365/750 757/372/757 756/366/756
f 758/344/758 759/343/759 760/336/760
f 761/376/761 762/374/762 763/347/763
f 764/379/764 765/337/765 766/335/766
f 767/362/767 768/350/768 769/368/769
f 770/377/770 764/379/764 766/335/766
f 770/377/770 766/335/766 771/369/771
f 764/379/764 772/378/772 773/384/773
f 774/372/774 775/385/775 776/373/776
f 777/386/777 778/355/778 779/376/779
f 780/377/780 781/349/781 782/379/782
f 783/340/783 784/339/784 785/330/785
f 786/343/786 787/341/787 788/334/788
f 789/345/789 790/360/790 791/381/791
f 792/363/792 793/364/793 794/356/794
f 792/363/792 795/380/795 791/381/791
f 796/354/796 797/375/797 798/342/798
f 799/387/799 800/365/800 801/348/801
f 802/388/802 803/350/803 804/382/804
f 805/380/805 806/356/806 807/353/807
f 805/380/805 808/363/808 806/356/806
f 809/357/809 808/363/808 810/381/810
f 811/386/811 812/352/812 806/356/806
f 813/355/813 811/386/811 806/356/806
f 814/375/814 815/354/815 806/356/806
f 814/375/814 806/356/806 816/364/816
f 812/352/812 811/386/811 817/341/817
f 811/386/811 818/347/818 817/341/817
f 813/355/813 815/354/815 819/376/819
f 815/354/815 820/342/820 819/376/819
f 811/386/811 819/376/819 818/347/818
f 821/336/821 822/335/822 823/338/823
f 824/351/824 825/346/825 826/359/826
f 827/343/827 828/345/828 829/341/829
f 830/378/830 831/367/831 832/370/832
f 833/348/833 831/367/831 834/349/834
f 835/388/835 833/348/833 836/350/836
f 837/387/837 838/388/838 839/382/839
f 840/352/840 841/353/841 842/356/842
usemtl tex_1893_lit
f 843/389/843 844/390/844 845/391/845
f 844/390/844 846/392/846 847/393/847
f 843/389/843 848/394/848 846/392/846
f 849/395/849 848/394/848 843/389/843
f 850/396/850 851/397/851 852/398/852
f 853/395/853 854/389/854 855/399/855
f 856/400/856 857/390/857 858/393/858
f 859/397/859 860/401/860 861/391/861
f 862/398/862 863/402/863 864/403/864
f 865/404/865 866/405/866 867/406/867
f 864/403/864 863/402/863 868/407/868
f 865/404/865 855/399/855 866/405/866
f 869/397/869 870/408/870 871/401/871
f 869/397/869 872/396/872 870/408/870
f 873/407/873 874/409/874 875/410/875
f 876/411/876 877/412/877 878/402/878
f 876/411/876 879/413/879 880/414/880
f 881/404/881 882/395/882 883/399/883
f 884/397/884 885/390/885 886/398/886
f 887/395/887 888/404/888 889/406/889
f 890/400/890 891/415/891 886/398/886
f 892/413/892 893/416/893 894/414/894
f 892/413/892 895/402/895 891/415/891
f 890/400/890 886/398/886 885/390/885
f 885/390/885 884/397/884 896/391/896
f 897/407/897 898/412/898 899/409/899
f 900/396/900 901/410/901 902/408/902
f 903/413/903 904/400/904 905/416/905
f 900/396/900 906/403/906 907/407/907
f 904/400/904 908/393/908 905/416/905
f 909/389/909 910/392/910 911/390/911
f 907/407/907 912/402/912 913/412/913
f 900/396/900 907/407/907 901/410/901
f 914/398/914 906/403/906 900/396/900
f 912/402/912 914/398/914 915/415/915
f 903/413/903 915/415/915 904/400/904
f 916/413/916 917/411/917 918/402/918
f 919/416/919 920/393/920 921/392/921
f 921/392/921 922/417/922 919/416/919
f 923/418/923 919/416/919 922/417/922
f 923/418/923 924/414/924 919/416/919
f 925/406/925 926/419/926 927/395/927
f 922/417/922 927/395/927 926/419/926
f 922/417/922 928/394/928 927/395/927
f 922/417/922 921/392/921 928/394/928
usemtl tex_1894_lit
f 929/420/929 930/421/930 931/422/931
f 932/423/932 933/421/933 934/424/934
f 933/421/933 932/423/932 935/425/935
f 936/426/936 937/427/937 938/428/938
f 939/429/939 940/430/940 941/431/941
f 939/429/939 942/432/942 940/430/940
f 941/431/941 940/430/940 943/433/943
f 944/434/944 943/433/943 940/430/940
f 945/435/945 946/436/946 932/423/932
f 947/437/947 948/422/948 949/438/949
f 950/439/950 951/432/951 952/440/952
f 950/439/950 953/430/953 951/432/951
f 950/439/950 954/441/954 953/430/953
f 955/424/955 956/442/956 957/443/957
f 958/420/958 948/422/948 947/437/947
f 959/444/959 960/426/960 961/445/961
f 962/446/962 963/437/963 964/447/964
f 965/448/965 966/449/966 967/424/967
f 967/424/967 966/449/966 968/442/968
f 967/424/967 969/420/969 965/448/965
f 970/450/970 971/423/971 972/451/972
f 973/452/973 974/443/974 975/453/975
f 967/424/967 976/421/976 969/420/969
f 965/448/965 969/420/969 963/437/963
f 977/454/977 964/447/964 963/437/963
f 975/453/975 962/446/962 964/447/964
f 978/439/978 979/455/979 980/441/980
f 978/439/978 981/440/981 979/455/979
f 982/426/982 983/456/983 984/445/984
f 985/453/985 986/443/986 987/442/987
f 988/423/988 989/436/989 990/451/990
f 991/448/991 992/437/992 993/446/993
f 994/449/994 995/448/995 996/446/996
f 997/457/997 998/454/998 999/437/999
f 1000/434/1000 1001/430/1001 1002/441/1002
f 1003/435/1003 1004/424/1004 1005/445/1005
f 1006/444/1006 1005/445/1005 1007/458/1007
f 1008/459/1008 1007/458/1007 1005/445/1005
f 1009/453/1009 1010/442/1010 1011/449/1011
f 1012/435/1012 1013/423/1013 1014/424/1014
f 1015/456/1015 1012/435/1012 1016/445/1016
f 1017/447/1017 1018/452/1018 1009/453/1009
f 1019/444/1019 1020/427/1020 1021/426/1021
f 1022/422/1022 1023/421/1023 1024/425/1024
f 1025/457/1025 1026/437/1026 1027/438/1027
f 1028/424/1028 1029/459/1029 1030/445/1030
f 1031/427/1031 1032/444/1032 1033/460/1033
f 1028/424/1028 1034/443/1034 1035/461/1035
f 1028/424/1028 1035/461/1035 1029/459/1029
f 1036/446/1036 1037/453/1037 1038/449/1038
f 1039/428/1039 1031/427/1031 1033/460/1033
f 1040/462/1040 1041/463/1041 1042/464/1042
f 1042/464/1042 1043/465/1043 1040/462/1040
f 1044/443/1044 1045/452/1045 1046/466/1046
f 1047/459/1047 1048/461/1048 1044/443/1044
f 1046/466/1046 1047/459/1047 1044/443/1044
f 1047/459/1047 1046/466/1046 1049/467/1049
f 1050/458/1050 1047/459/1047 1049/467/1049
f 1051/444/1051 1050/458/1050 1049/467/1049
f 1052/468/1052 1051/444/1051 1049/467/1049
f 1051/444/1051 1052/468/1052 1053/460/1053
usemtl tex_2501_lit
f 1054/469/1054 1055/470/1055 1056/471/1056
f 1057/472/1057 1058/473/1058 1059/474/1059
f 1060/475/1060 1058/473/1058 1057/472/1057
f 1058/473/1058 1061/476/1061 1059/474/1059
f 1062/477/1062 1055/470/1055 1054/469/1054
f 1055/470/1055 1063/478/1063 1056/471/1056
f 1054/469/1054 1056/471/1056 1064/479/1064
f 1065/480/1065 1057/472/1057 1059/474/1059
f 1065/480/1065 1059/474/1059 1066/481/1066
f 1067/482/1067 1054/469/1054 1064/479/1064
usemtl tex_2502_lit
f 1068/483/1068 1069/484/1069 1070/485/1070
f 1071/486/1071 1069/484/1069 1068/483/1068
f 1072/487/1072 1071/486/1071 1073/488/1073
f 1071/486/1071 1068/483/1068 1073/488/1073
f 1074/489/1074 1071/486/1071 1072/487/1072
f 1075/490/1075 1074/489/1074 1072/487/1072
f 1076/491/1076 1077/492/1077 1078/493/1078
f 1079/494/1079 1071/486/1071 1074/489/1074
f 1078/493/1078 1077/492/1077 1080/495/1080
f 1076/491/1076 1081/496/1081 1077/492/1077
f 1082/497/1082 1079/494/1079 1074/489/1074
f 1083/498/1083 1084/499/1084 1085/484/1085
f 1083/498/1083 1086/495/1086 1084/499/1084
f 1087/500/1087 1088/492/1088 1089/496/1089
f 1090/497/1090 1091/491/1091 1092/494/1092
f 1088/492/1088 1093/501/1093 1094/502/1094
f 1095/493/1095 1083/498/1083 1096/486/1096
f 1095/493/1095 1086/495/1086 1083/498/1083
f 1092/494/1092 1091/491/1091 1095/493/1095
f 1096/486/1096 1083/498/1083 1085/484/1085
f 1096/486/1096 1092/494/1092 1095/493/1095
f 1088/492/1088 1094/502/1094 1086/495/1086
usemtl tex_217_lit
f 1097/503/1097 1098/504/1098 1099/505/1099
f 1100/506/1100 1101/507/1101 1102/508/1102
f 1103/509/1103 1104/510/1104 1105/511/1105
f 1106/512/1106 1107/513/1107 1108/514/1108
f 1109/515/1109 1110/516/1110 1111/517/1111
f 1112/518/1112 1113/519/1113 1114/516/1114
f 1115/520/1115 1116/521/1116 1117/522/1117
f 1116/521/1116 1118/523/1118 1119/524/1119
f 1116/521/1116 1120/525/1120 1117/522/1117
f 1119/524/1119 1120/525/1120 1116/521/1116
f 1121/515/1121 1122/526/1122 1114/516/1114
f 1112/518/1112 1114/516/1114 1122/526/1122
f 1123/527/1123 1124/528/1124 1125/529/1125
f 1126/530/1126 1127/531/1127 1124/528/1124
f 1128/532/1128 1129/528/1129 1130/531/1130
f 1128/532/1128 1130/531/1130 1131/533/1131
f 1128/532/1128 1131/533/1131 1132/534/1132
f 1128/532/1128 1132/534/1132 1133/535/1133
f 1128/532/1128 1133/535/1133 1134/536/1134
f 1128/532/1128 1134/536/1134 1135/536/1135
f 1128/532/1128 1135/536/1135 1136/532/1136
f 1137/531/1137 1129/528/1129 1138/528/1138
f 1137/531/1137 1138/528/1138 1139/531/1139
f 1139/531/1139 1138/528/1138 1140/527/1140
f 1139/531/1139 1140/527/1140 1141/530/1141
f 1129/528/1129 1128/532/1128 1136/532/1136
f 1129/528/1129 1136/532/1136 1138/528/1138
f 1142/533/1142 1137/531/1137 1139/531/1139
f 1142/533/1142 1139/531/1139 1143/533/1143
f 1143/533/1143 1139/531/1139 1141/530/1141
f 1144/533/1144 1145/530/1145 1146/537/1146
f 1147/532/1147 1148/538/1148 1149/529/1149
f 1150/528/1150 1147/532/1147 1149/529/1149
f 1151/534/1151 1152/533/1152 1144/533/1144
f 1151/534/1151 1144/533/1144 1153/534/1153
f 1153/534/1153 1144/533/1144 1146/537/1146
f 1153/534/1153 1146/537/1146 1154/539/1154
f 1147/532/1147 1155/536/1155 1156/540/1156
f 1147/532/1147 1156/540/1156 1148/538/1148
f 1157/535/1157 1151/534/1151 1153/534/1153
f 1157/535/1157 1153/534/1153 1158/535/1158
f 1158/535/1158 1153/534/1153 1154/539/1154
f 1158/535/1158 1154/539/1154 1159/541/1159
f 1160/536/1160 1161/535/1161 1162/535/1162
f 1160/536/1160 1162/535/1162 1163/536/1163
f 1163/536/1163 1162/535/1162 1164/541/1164
f 1163/536/1163 1164/541/1164 1165/540/1165
f 1166/542/1166 1167/543/1167 1168/544/1168
f 1169/545/1169 1170/546/1170 1171/547/1171
f 1170/546/1170 1172/548/1172 1171/547/1171
f 1173/549/1173 1174/550/1174 1175/551/1175
f 1176/551/1176 1177/552/1177 1178/549/1178
f 1179/553/1179 1180/554/1180 1181/555/1181
f 1182/556/1182 1183/557/1183 1184/558/1184
f 1185/559/1185 1186/560/1186 1187/561/1187
f 1188/562/1188 1185/559/1185 1187/561/1187
f 1189/563/1189 1190/564/1190 1191/565/1191
f 1192/566/1192 1193/567/1193 1194/568/1194
f 1195/569/1195 1196/558/1196 1197/557/1197
f 1195/569/1195 1197/557/1197 1198/570/1198
f 1199/571/1199 1200/572/1200 1201/573/1201
f 1202/574/1202 1199/571/1199 1201/573/1201
f 1203/575/1203 1202/574/1202 1201/573/1201
f 1203/575/1203 1201/573/1201 1204/576/1204
f 1204/576/1204 1201/573/1201 1205/577/1205
f 1205/577/1205 1201/573/1201 1206/578/1206
f 1207/579/1207 1208/580/1208 1209/581/1209
f 1210/582/1210 1211/583/1211 1212/584/1212
f 1213/585/1213 1214/586/1214 1215/587/1215
f 1216/588/1216 1213/585/1213 1215/587/1215
f 1217/589/1217 1218/590/1218 1219/591/1219
f 1220/592/1220 1217/589/1217 1219/591/1219
f 1221/593/1221 1222/594/1222 1223/595/1223
f 1224/596/1224 1225/597/1225 1226/598/1226
f 1227/599/1227 1226/598/1226 1228/597/1228
f 1229/598/1229 1228/597/1228 1230/597/1230
f 1226/598/1226 1231/597/1231 1225/597/1225
f 1232/600/1232 1233/601/1233 1227/599/1227
f 1232/600/1232 1227/599/1227 1234/602/1234
f 1235/600/1235 1232/600/1232 1234/602/1234
f 1235/600/1235 1234/602/1234 1236/602/1236
f 1234/602/1234 1227/599/1227 1228/597/1228
f 1234/602/1234 1228/597/1228 1230/597/1230
f 1236/602/1236 1234/602/1234 1230/597/1230
f 1237/597/1237 1238/596/1238 1239/603/1239
f 1240/597/1240 1237/597/1237 1239/603/1239
f 1240/597/1240 1239/603/1239 1241/603/1241
f 1239/603/1239 1238/596/1238 1242/604/1242
f 1239/603/1239 1242/604/1242 1243/605/1243
f 1241/603/1241 1239/603/1239 1243/605/1243
f 1241/603/1241 1243/605/1243 1244/605/1244
f 1245/599/1245 1246/601/1246 1247/606/1247
f 1245/599/1245 1247/606/1247 1248/607/1248
f 1245/599/1245 1248/607/1248 1249/608/1249
f 1245/599/1245 1249/608/1249 1242/604/1242
f 1245/599/1245 1242/604/1242 1238/596/1238
f 1245/599/1245 1238/596/1238 1250/598/1250
f 1251/609/1251 1252/610/1252 1253/611/1253
f 1254/612/1254 1251/609/1251 1253/611/1253
f 1255/613/1255 1256/614/1256 1257/615/1257
f 1255/613/1255 1257/615/1257 1258/616/1258
f 1259/617/1259 1260/618/1260 1261/619/1261
f 1262/620/1262 1259/617/1259 1261/619/1261
f 1263/621/1263 1264/622/1264 1265/623/1265
f 1266/624/1266 1267/625/1267 1268/626/1268
f 1269/615/1269 1270/627/1270 1271/628/1271
f 1269/615/1269 1271/628/1271 1272/616/1272
usemtl tex_217_lit_ds
f 1273/629/1273 1274/630/1274 1275/631/1275
f 1276/632/1276 1277/633/1277 1278/634/1278
f 1279/635/1279 1278/634/1278 1280/636/1280
f 1281/637/1281 1278/634/1278 1279/635/1279
f 1282/638/1282 1283/629/1283 1284/639/1284
f 1285/630/1285 1283/629/1283 1282/638/1282
f 1286/640/1286 1287/636/1287 1288/641/1288
f 1288/641/1288 1287/636/1287 1289/634/1289
f 1290/642/1290 1282/638/1282 1291/643/1291
f 1285/630/1285 1282/638/1282 1290/642/1290
f 1292/644/1292 1293/645/1293 1294/646/1294
f 1292/644/1292 1294/646/1294 1295/647/1295
f 1296/648/1296 1297/649/1297 1298/650/1298
f 1296/648/1296 1298/650/1298 1299/651/1299
f 1300/631/1300 1301/652/1301 1302/629/1302
f 1300/631/1300 1302/629/1302 1303/630/1303
f 1304/637/1304 1305/632/1305 1306/633/1306
f 1304/637/1304 1306/633/1306 1307/634/1307
f 1300/631/1300 1303/630/1303 1308/642/1308
f 1307/634/1307 1306/633/1306 1309/641/1309
f 1310/653/1310 1311/654/1311 1312/655/1312
f 1313/656/1313 1310/653/1310 1312/655/1312
f 1314/657/1314 1315/658/1315 1316/659/1316
f 1314/657/1314 1316/659/1316 1317/660/1317
f 1318/661/1318 1319/662/1319 1320/663/1320
f 1320/663/1320 1321/664/1321 1322/665/1322
f 1320/663/1320 1322/665/1322 1323/666/1323
f 1320/663/1320 1323/666/1323 1324/667/1324
f 1320/663/1320 1324/667/1324 1316/659/1316
f 1320/663/1320 1316/659/1316 1315/658/1315
f 1320/663/1320 1315/658/1315 1325/668/1325
f 1326/663/1326 1327/668/1327 1328/669/1328
f 1326/663/1326 1328/669/1328 1329/670/1329
f 1326/663/1326 1329/670/1329 1330/661/1330
f 1331/671/1331 1332/672/1332 1333/662/1333
f 1331/671/1331 1333/662/1333 1330/661/1330
f 1334/673/1334 1335/674/1335 1336/675/1336
f 1334/673/1334 1336/675/1336 1337/676/1337
f 1338/677/1338 1339/678/1339 1340/679/1340
f 1338/677/1338 1340/679/1340 1341/680/1341
f 1342/681/1342 1343/682/1343 1344/683/1344
f 1342/681/1342 1344/683/1344 1345/684/1345
f 1346/685/1346 1347/686/1347 1348/687/1348
f 1346/685/1346 1348/687/1348 1349/688/1349
f 1346/685/1346 1349/688/1349 1350/689/1350
f 1351/690/1351 1346/685/1346 1350/689/1350
f 1352/691/1352 1353/692/1353 1351/690/1351
f 1352/691/1352 1351/690/1351 1350/689/1350
f 1354/693/1354 1355/694/1355 1356/695/1356
f 1354/693/1354 1356/695/1356 1357/696/1357
f 1352/691/1352 1354/693/1354 1357/696/1357
f 1352/691/1352 1357/696/1357 1353/692/1353
f 1358/697/1358 1359/698/1359 1360/699/1360
f 1360/699/1360 1361/700/1361 1358/697/1358
f 1362/701/1362 1363/702/1363 1364/703/1364
f 1365/704/1365 1366/705/1366 1367/706/1367
f 1368/707/1368 1369/708/1369 1370/709/1370
f 1371/710/1371 1369/708/1369 1368/707/1368
f 1372/711/1372 1373/712/1373 1374/713/1374
f 1372/711/1372 1374/713/1374 1375/714/1375
f 1373/712/1373 1372/711/1372 1376/715/1376
f 1373/712/1373 1376/715/1376 1377/716/1377
f 1376/715/1376 1378/717/1378 1379/718/1379
f 1377/716/1377 1376/715/1376 1379/718/1379
f 1380/719/1380 1381/720/1381 1382/721/1382
f 1383/722/1383 1380/719/1380 1382/721/1382
f 1384/723/1384 1385/724/1385 1386/725/1386
f 1387/726/1387 1384/723/1384 1386/725/1386
f 1388/727/1388 1389/728/1389 1390/729/1390
f 1388/727/1388 1390/729/1390 1391/730/1391
f 1392/731/1392 1393/732/1393 1394/733/1394
f 1392/731/1392 1394/733/1394 1395/734/1395
f 1396/735/1396 1397/736/1397 1398/737/1398
f 1399/738/1399 1400/739/1400 1401/740/1401
f 1402/741/1402 1403/742/1403 1404/743/1404
f 1405/744/1405 1402/741/1402 1404/743/1404
f 1406/745/1406 1407/746/1407 1408/747/1408
f 1407/746/1407 1409/748/1409 1408/747/1408
f 1410/749/1410 1411/750/1411 1412/751/1412
f 1411/750/1411 1413/752/1413 1412/751/1412
f 1414/753/1414 1415/754/1415 1416/755/1416
f 1414/753/1414 1416/755/1416 1417/756/1417
f 1418/757/1418 1419/756/1419 1420/755/1420
f 1421/758/1421 1422/750/1422 1423/749/1423
f 1424/759/1424 1425/760/1425 1426/761/1426
f 1424/759/1424 1426/761/1426 1427/762/1427
f 1428/763/1428 1424/759/1424 1427/762/1427
f 1424/759/1424 1428/763/1428 1429/764/1429
f 1430/765/1430 1431/766/1431 1432/767/1432
f 1433/768/1433 1422/750/1422 1421/758/1421
f 1434/757/1434 1435/755/1435 1436/769/1436
f 1437/770/1437 1438/771/1438 1439/772/1439
f 1440/773/1440 1441/774/1441 1442/775/1442
f 1443/776/1443 1444/777/1444 1445/778/1445
f 1446/779/1446 1439/772/1439 1438/771/1438
f 1446/779/1446 1438/771/1438 1447/780/1447
f 1446/779/1446 1447/780/1447 1448/781/1448
f 1449/782/1449 1450/767/1450 1451/766/1451
f 1449/782/1449 1451/766/1451 1452/783/1452
f 1449/782/1449 1452/783/1452 1453/784/1453
f 1454/785/1454 1455/786/1455 1456/787/1456
f 1457/788/1457 1454/785/1454 1456/787/1456
f 1458/789/1458 1459/790/1459 1455/786/1455
f 1458/789/1458 1455/786/1455 1454/785/1454
f 1460/791/1460 1459/790/1459 1458/789/1458
f 1460/791/1460 1458/789/1458 1461/792/1461
usemtl tex_217_lit
f 1462/793/1462 1463/794/1463 1464/795/1464
f 1465/796/1465 1466/794/1466 1467/793/1467
f 1468/797/1468 1466/794/1466 1465/796/1465
f 1469/798/1469 1466/794/1466 1468/797/1468
f 1470/799/1470 1467/793/1467 1471/795/1471
f 1472/800/1472 1467/793/1467 1470/799/1470
f 1472/800/1472 1465/796/1465 1467/793/1467
f 1473/801/1473 1465/796/1465 1472/800/1472
f 1474/801/1474 1468/797/1468 1465/796/1465
f 1475/802/1475 1468/797/1468 1474/801/1474
f 1475/802/1475 1469/798/1469 1468/797/1468
f 1476/803/1476 1469/798/1469 1475/802/1475
f 1477/804/1477 1478/805/1478 1479/806/1479
f 1477/804/1477 1479/806/1479 1480/807/1480
f 1481/808/1481 1482/809/1482 1483/804/1483
f 1481/808/1481 1483/804/1483 1484/807/1484
f 1485/810/1485 1486/811/1486 1487/812/1487
f 1488/813/1488 1489/387/1489 1490/814/1490
usemtl tex_1083_lit
f 1491/815/1491 1492/816/1492 1493/817/1493
f 1494/818/1494 1491/815/1491 1493/817/1493
f 1495/819/1495 1496/820/1496 1493/817/1493
f 1497/821/1497 1498/822/1498 1499/817/1499
f 1499/817/1499 1498/822/1498 1500/823/1500
f 1500/823/1500 1501/818/1501 1499/817/1499
f 1499/817/1499 1502/820/1502 1497/821/1497
f 1499/817/1499 1503/816/1503 1504/819/1504
f 1508/21/1508 1509/824/1509 1510/22/1510
f 1511/825/1511 1512/826/1512 1513/827/1513
f 1511/825/1511 1514/22/1514 1512/826/1512
f 1514/22/1514 1515/828/1515 1512/826/1512
f 1511/825/1511 1513/827/1513 1516/829/1516
f 1513/827/1513 1517/830/1517 1516/829/1516
f 1516/829/1516 1517/830/1517 1518/21/1518
f 1517/830/1517 1519/831/1519 1518/21/1518
usemtl tex_1083_lit_ovl
f 1520/832/1520 1521/21/1521 1522/833/1522
usemtl tex_1083_lit
f 1521/21/1521 1523/829/1523 1522/833/1522
f 1522/833/1522 1523/829/1523 1524/825/1524
f 1525/834/1525 1522/833/1522 1524/825/1524
f 1525/834/1525 1524/825/1524 1526/22/1526
usemtl tex_1083_lit_ovl
f 1527/22/1527 1528/835/1528 1529/834/1529
usemtl tex_1083_lit
f 1530/21/1530 1531/836/1531 1532/22/1532
f 1532/22/1532 1531/836/1531 1533/837/1533
usemtl tex_1083_lit_ds
f 1534/22/1534 1535/21/1535 1536/838/1536
f 1534/22/1534 1536/838/1536 1537/839/1537
f 1534/22/1534 1537/839/1537 1538/840/1538
f 1534/22/1534 1538/840/1538 1539/841/1539
f 1534/22/1534 1539/841/1539 1540/842/1540
f 1534/22/1534 1540/842/1540 1541/777/1541
f 1542/843/1542 1543/844/1543 1544/22/1544
f 1545/845/1545 1543/844/1543 1542/843/1542
f 1546/846/1546 1545/845/1545 1547/847/1547
f 1548/848/1548 1549/849/1549 1550/850/1550
f 1551/21/1551 1548/848/1548 1550/850/1550
f 1552/851/1552 1548/848/1548 1551/21/1551
f 1552/851/1552 1553/852/1553 1548/848/1548
f 1548/848/1548 1553/852/1553 1554/853/1554
f 1554/853/1554 1549/849/1549 1548/848/1548
f 1555/854/1555 1549/849/1549 1554/853/1554
f 1555/854/1555 1554/853/1554 1556/855/1556
f 1556/855/1556 1546/846/1546 1555/854/1555
f 1545/845/1545 1546/846/1546 1556/855/1556
f 1556/855/1556 1557/856/1557 1545/845/1545
f 1557/856/1557 1543/844/1543 1545/845/1545
f 1558/850/1558 1559/849/1559 1560/857/1560
f 1561/843/1561 1562/847/1562 1563/845/1563
f 1564/777/1564 1565/22/1565 1566/21/1566
f 1564/777/1564 1566/21/1566 1567/858/1567
f 1568/838/1568 1569/21/1569 1570/22/1570
f 1568/838/1568 1570/22/1570 1571/777/1571
f 1568/838/1568 1571/777/1571 1572/842/1572
f 1568/838/1568 1572/842/1572 1573/841/1573
f 1574/838/1574 1575/841/1575 1576/840/1576
f 1574/838/1574 1576/840/1576 1577/839/1577
usemtl tex_1459_lit_sec
f 1584/859/1584 1585/860/1585 1586/861/1586
f 1587/862/1587 1585/860/1585 1584/859/1584
f 1587/862/1587 1588/863/1588 1585/860/1585
f 1589/864/1589 1588/863/1588 1587/862/1587
f 1590/865/1590 1591/866/1591 1592/867/1592
f 1593/868/1593 1591/866/1591 1590/865/1590
f 1593/868/1593 1594/869/1594 1591/866/1591
f 1595/870/1595 1594/869/1594 1593/868/1593
f 1596/871/1596 1587/862/1587 1584/859/1584
f 1596/871/1596 1589/864/1589 1587/862/1587
f 1597/872/1597 1593/868/1593 1590/865/1590
f 1597/872/1597 1595/870/1595 1593/868/1593
f 1598/873/1598 1599/874/1599 1600/875/1600
f 1601/876/1601 1602/877/1602 1603/878/1603
f 1604/879/1604 1605/880/1605 1606/881/1606
f 1605/880/1605 1604/879/1604 1603/878/1603
f 1605/880/1605 1603/878/1603 1602/877/1602
f 1600/875/1600 1602/877/1602 1601/876/1601
f 1600/875/1600 1601/876/1601 1598/873/1598
usemtl tex_1457_lit_sec_ds
f 1607/22/1607 1608/777/1608 1609/858/1609
f 1607/22/1607 1609/858/1609 1610/21/1610
f 1611/21/1611 1612/858/1612 1613/777/1613
f 1614/21/1614 1615/777/1615 1616/22/1616
usemtl tex_1514_lit_sec
f 1617/21/1617 1618/21/1618 1619/21/1619
f 1617/21/1617 1619/21/1619 1620/21/1620
usemtl tex_217_lit_sec_ovl
f 1621/882/1621 1622/883/1622 1623/884/1623
f 1621/882/1621 1624/777/1624 1622/883/1622
usemtl tex_1458_lit
f 1625/885/1625 1626/22/1626 1627/777/1627
f 1625/885/1625 1627/777/1627 1628/886/1628
f 1629/885/1629 1630/885/1630 1628/886/1628
f 1629/885/1629 1628/886/1628 1631/886/1631
f 1632/22/1632 1629/885/1629 1631/886/1631
f 1632/22/1632 1631/886/1631 1633/777/1633
f 1634/21/1634 1632/22/1632 1635/777/1635
f 1634/21/1634 1635/777/1635 1636/858/1636
f 1637/887/1637 1634/21/1634 1636/858/1636
f 1637/887/1637 1636/858/1636 1638/888/1638
f 1639/887/1639 1640/887/1640 1641/888/1641
f 1639/887/1639 1641/888/1641 1642/888/1642
f 1643/21/1643 1639/887/1639 1642/888/1642
f 1643/21/1643 1642/888/1642 1644/858/1644
f 1645/22/1645 1643/21/1643 1644/858/1644
f 1645/22/1645 1644/858/1644 1646/777/1646
usemtl tex_1456_lit_sec_ds
f 1647/889/1647 1648/890/1648 1649/891/1649
f 1647/889/1647 1649/891/1649 1650/892/1650
f 1651/889/1651 1652/890/1652 1653/891/1653
f 1651/889/1651 1653/891/1653 1654/892/1654
f 1655/889/1655 1656/890/1656 1657/891/1657
f 1655/889/1655 1657/891/1657 1658/892/1658
f 1659/889/1659 1660/890/1660 1661/891/1661
f 1659/889/1659 1661/891/1661 1662/892/1662
