mtllib PnintendologoZ.mtl
v -1333.0 338.0 248.0 0.012 0.510 0.008
v -1521.0 332.0 249.0 0.051 0.510 0.008
v -1336.0 338.0 -239.0 0.008 0.510 0.996
v -1522.0 332.0 -239.0 0.086 0.518 0.996
v -1572.0 319.0 249.0 0.165 0.537 0.008
v -1573.0 319.0 -239.0 0.204 0.553 0.996
v -1639.0 282.0 249.0 0.271 0.592 0.008
v -1640.0 282.0 -239.0 0.302 0.612 0.996
v -1704.0 223.0 249.0 0.361 0.667 0.008
v -1705.0 223.0 -239.0 0.388 0.694 0.996
v -1749.0 156.0 249.0 0.431 0.761 0.008
v -1750.0 156.0 -239.0 0.447 0.792 0.996
v -1777.0 83.0 248.0 0.475 0.863 0.008
v -1778.0 83.0 -239.0 0.486 0.902 0.996
v -1787.0 6.0 248.0 0.494 0.984 0.008
v -1788.0 6.0 -240.0 0.494 0.016 0.996
v -1787.0 6.0 248.0 0.494 0.984 0.008
v -1777.0 -75.0 248.0 0.486 0.098 0.008
v -1788.0 6.0 -240.0 0.494 0.016 0.996
v -1778.0 -75.0 -240.0 0.475 0.137 0.996
v -1749.0 -149.0 247.0 0.451 0.208 0.008
v -1750.0 -149.0 -240.0 0.431 0.243 0.996
v -1705.0 -216.0 247.0 0.388 0.306 0.008
v -1706.0 -216.0 -241.0 0.361 0.337 0.996
v -1640.0 -275.0 247.0 0.306 0.392 0.008
v -1641.0 -275.0 -241.0 0.275 0.412 0.996
v -1574.0 -312.0 246.0 0.204 0.451 0.008
v -1575.0 -312.0 -241.0 0.165 0.467 0.996
v -1522.0 -326.0 246.0 0.090 0.486 0.008
v -1523.0 -326.0 -242.0 0.051 0.494 0.996
v -1336.0 -332.0 246.0 0.008 0.494 0.008
v -1337.0 -332.0 -242.0 0.004 0.494 0.996
v -1336.0 -332.0 246.0 0.008 0.494 0.008
v 0.0 -336.0 243.0 0.000 0.494 0.008
v -1337.0 -332.0 -242.0 0.004 0.494 0.996
v -1.0 -336.0 -245.0 0.000 0.494 0.996
v 1336.0 -338.0 239.0 1.000 0.494 0.008
v 1335.0 -338.0 -248.0 0.996 0.494 0.996
v 1522.0 -332.0 239.0 0.961 0.494 0.008
v 1521.0 -332.0 -249.0 0.929 0.490 0.996
v 1561.0 -324.0 239.0 0.855 0.475 0.008
v 1560.0 -324.0 -249.0 0.812 0.459 0.996
v 1640.0 -282.0 239.0 0.737 0.416 0.008
v 1639.0 -282.0 -249.0 0.702 0.392 0.996
v 1705.0 -223.0 239.0 0.643 0.337 0.008
v 1704.0 -223.0 -249.0 0.616 0.310 0.996
v 1750.0 -156.0 239.0 0.573 0.243 0.008
v 1749.0 -156.0 -249.0 0.557 0.212 0.996
v 1750.0 -156.0 239.0 0.573 0.243 0.008
v 1778.0 -83.0 239.0 0.529 0.141 0.008
v 1749.0 -156.0 -249.0 0.557 0.212 0.996
v 1777.0 -83.0 -248.0 0.518 0.102 0.996
v 1788.0 -6.0 240.0 0.510 0.020 0.008
v 1787.0 -6.0 -248.0 0.510 0.988 0.996
v 1778.0 75.0 240.0 0.518 0.906 0.008
v 1777.0 75.0 -248.0 0.529 0.867 0.996
v 1750.0 149.0 240.0 0.553 0.796 0.008
v 1749.0 149.0 -247.0 0.573 0.761 0.996
v 1706.0 216.0 241.0 0.616 0.698 0.008
v 1705.0 216.0 -247.0 0.643 0.667 0.996
v 1641.0 275.0 241.0 0.694 0.616 0.008
v 1640.0 275.0 -247.0 0.722 0.596 0.996
v 1598.0 301.0 241.0 0.780 0.561 0.008
v 1597.0 301.0 -247.0 0.812 0.545 0.996
v 1598.0 301.0 241.0 0.780 0.561 0.008
v 1523.0 326.0 242.0 0.894 0.522 0.008
v 1597.0 301.0 -247.0 0.812 0.545 0.996
v 1522.0 326.0 -246.0 0.941 0.514 0.996
v 1337.0 332.0 242.0 0.996 0.510 0.008
v 1336.0 332.0 -246.0 0.996 0.510 0.996
v 0.0 336.0 -243.0 0.000 0.510 0.996
v 1.0 336.0 245.0 0.000 0.510 0.008
v -1335.0 338.0 248.0 0.000 0.510 0.008
v -1336.0 338.0 -239.0 0.008 0.510 0.996
v -1087.0 223.0 247.0 0.024 0.486 0.082
v -1235.0 226.0 -240.0 0.980 0.490 0.925
v -1234.0 224.0 248.0 0.980 0.490 0.082
v -1088.0 225.0 -240.0 0.024 0.490 0.925
v -1089.0 -217.0 -242.0 0.486 0.945 0.941
v -1087.0 223.0 247.0 0.490 0.055 0.063
v -1088.0 -218.0 246.0 0.490 0.945 0.059
v -1088.0 225.0 -240.0 0.490 0.055 0.941
v -1235.0 -218.0 246.0 0.980 0.514 0.078
v -1236.0 -216.0 -242.0 0.980 0.518 0.922
v -1088.0 -218.0 246.0 0.024 0.514 0.078
v -1089.0 -217.0 -242.0 0.024 0.514 0.922
v -1236.0 -69.0 -241.0 0.514 0.961 0.933
v -1235.0 -71.0 247.0 0.514 0.961 0.075
v -1234.0 224.0 248.0 0.514 0.043 0.075
v -1235.0 226.0 -240.0 0.514 0.043 0.933
v -1236.0 -216.0 -242.0 0.624 0.694 0.937
v -1235.0 -218.0 246.0 0.624 0.690 0.067
v -1431.0 77.0 248.0 0.569 0.776 0.067
v -1432.0 79.0 -240.0 0.569 0.776 0.937
v -1431.0 224.0 248.0 0.380 0.310 0.067
v -1235.0 -71.0 247.0 0.435 0.227 0.067
v -1432.0 226.0 -240.0 0.380 0.314 0.937
v -1236.0 -69.0 -241.0 0.435 0.227 0.937
v -1579.0 226.0 -239.0 0.514 0.059 0.945
v -1579.0 -217.0 247.0 0.514 0.949 0.063
v -1578.0 225.0 249.0 0.518 0.059 0.063
v -1580.0 -215.0 -241.0 0.514 0.949 0.941
v -1579.0 -217.0 247.0 0.980 0.514 0.078
v -1580.0 -215.0 -241.0 0.980 0.518 0.922
v -1432.0 -218.0 246.0 0.024 0.514 0.078
v -1433.0 -216.0 -241.0 0.024 0.514 0.922
v -1431.0 77.0 248.0 0.490 0.043 0.071
v -1432.0 -218.0 246.0 0.490 0.961 0.071
v -1433.0 -216.0 -241.0 0.490 0.961 0.929
v -1432.0 79.0 -240.0 0.490 0.043 0.929
v -1431.0 224.0 248.0 0.024 0.486 0.082
v -1432.0 226.0 -240.0 0.024 0.490 0.925
v -1579.0 226.0 -239.0 0.980 0.490 0.925
v -1578.0 225.0 249.0 0.980 0.490 0.082
v -891.0 223.0 247.0 0.024 0.486 0.082
v -892.0 225.0 -241.0 0.024 0.490 0.925
v -1039.0 225.0 -241.0 0.980 0.490 0.925
v -1038.0 223.0 247.0 0.980 0.490 0.082
v -892.0 127.0 -241.0 0.490 0.988 0.922
v -892.0 225.0 -241.0 0.490 0.016 0.922
v -891.0 223.0 247.0 0.490 0.016 0.082
v -891.0 125.0 247.0 0.490 0.988 0.082
v -1039.0 127.0 -241.0 0.980 0.518 0.922
v -892.0 127.0 -241.0 0.024 0.514 0.922
v -891.0 125.0 247.0 0.024 0.514 0.078
v -1038.0 125.0 247.0 0.980 0.514 0.078
v -1038.0 223.0 247.0 0.514 0.016 0.082
v -1039.0 225.0 -241.0 0.514 0.016 0.922
v -1039.0 127.0 -241.0 0.514 0.988 0.922
v -1038.0 125.0 247.0 0.514 0.988 0.082
v -891.0 76.0 246.0 0.024 0.486 0.082
v -892.0 78.0 -241.0 0.024 0.490 0.925
v -1039.0 78.0 -241.0 0.980 0.490 0.925
v -1038.0 76.0 247.0 0.980 0.490 0.082
v -1038.0 76.0 247.0 0.514 0.043 0.075
v -1039.0 78.0 -241.0 0.514 0.043 0.933
v -1040.0 -217.0 -242.0 0.514 0.961 0.933
v -1039.0 -219.0 246.0 0.514 0.961 0.075
v -1040.0 -217.0 -242.0 0.980 0.518 0.922
v -891.0 -219.0 245.0 0.024 0.514 0.078
v -1039.0 -219.0 246.0 0.980 0.514 0.078
v -893.0 -217.0 -243.0 0.024 0.514 0.922
v -893.0 -217.0 -243.0 0.490 0.961 0.929
v -892.0 78.0 -241.0 0.490 0.043 0.929
v -891.0 76.0 246.0 0.490 0.043 0.071
v -891.0 -219.0 245.0 0.490 0.961 0.071
v -695.0 -18.0 245.0 0.439 0.898 0.200
v -695.0 -219.0 245.0 0.494 0.000 0.039
v -696.0 -219.0 -243.0 0.494 0.000 0.961
v -696.0 -18.0 -242.0 0.435 0.773 0.961
v -545.0 -220.0 244.0 0.510 0.000 0.043
v -545.0 -42.0 245.0 0.514 0.961 0.043
v -546.0 -220.0 -243.0 0.510 0.000 0.965
v -546.0 -42.0 -243.0 0.518 0.918 0.965
v -556.0 -2.0 245.0 0.561 0.788 0.043
v -557.0 -2.0 -243.0 0.612 0.706 0.965
v -574.0 14.0 245.0 0.733 0.592 0.043
v -575.0 14.0 -243.0 0.800 0.553 0.965
v -597.0 20.0 245.0 0.929 0.514 0.043
v -598.0 20.0 -243.0 0.988 0.510 0.961
v -640.0 17.0 245.0 0.110 0.522 0.043
v -641.0 17.0 -243.0 0.110 0.522 0.961
v -677.0 2.0 -243.0 0.251 0.580 0.961
v -641.0 17.0 -243.0 0.110 0.522 0.961
v -640.0 17.0 245.0 0.110 0.522 0.043
v -676.0 2.0 245.0 0.251 0.706 0.302
v -696.0 -18.0 -242.0 0.435 0.773 0.961
v -695.0 -18.0 245.0 0.439 0.898 0.200
v -418.0 12.0 -243.0 0.404 0.282 0.961
v -461.0 59.0 245.0 0.310 0.384 0.039
v -417.0 12.0 245.0 0.439 0.224 0.039
v -399.0 -43.0 -243.0 0.482 0.110 0.961
v -397.0 -43.0 245.0 0.490 0.051 0.039
v -399.0 -220.0 -244.0 0.494 0.000 0.961
v -398.0 -220.0 244.0 0.494 0.000 0.039
v -696.0 47.0 -242.0 0.745 0.420 0.965
v -695.0 47.0 246.0 0.745 0.420 0.043
v -653.0 72.0 245.0 0.792 0.447 0.043
v -696.0 47.0 -242.0 0.745 0.420 0.965
v -653.0 72.0 245.0 0.792 0.447 0.043
v -654.0 72.0 -243.0 0.792 0.447 0.965
v -596.0 93.0 -243.0 0.898 0.482 0.961
v -595.0 93.0 245.0 0.961 0.490 0.043
v -541.0 91.0 -243.0 0.071 0.490 0.961
v -540.0 91.0 245.0 0.129 0.478 0.039
v -462.0 59.0 -243.0 0.247 0.427 0.961
v -461.0 59.0 245.0 0.310 0.384 0.039
v -418.0 12.0 -243.0 0.404 0.282 0.961
v -398.0 -220.0 244.0 0.024 0.514 0.082
v -545.0 -220.0 244.0 0.980 0.514 0.082
v -399.0 -220.0 -244.0 0.024 0.514 0.922
v -546.0 -220.0 -243.0 0.980 0.514 0.922
v -842.0 -219.0 245.0 0.514 0.961 0.071
v -843.0 91.0 -242.0 0.514 0.047 0.933
v -844.0 -219.0 -243.0 0.514 0.961 0.933
v -842.0 91.0 246.0 0.514 0.047 0.071
v -842.0 91.0 246.0 0.980 0.490 0.082
v -694.0 91.0 246.0 0.024 0.490 0.082
v -843.0 91.0 -242.0 0.980 0.490 0.922
v -696.0 91.0 -242.0 0.024 0.490 0.922
v -694.0 91.0 246.0 0.490 0.004 0.082
v -695.0 47.0 246.0 0.314 0.996 0.384
v -696.0 91.0 -242.0 0.490 0.004 0.918
v -696.0 47.0 -242.0 0.490 0.996 0.918
v -695.0 -219.0 245.0 0.024 0.514 0.082
v -844.0 -219.0 -243.0 0.980 0.514 0.922
v -696.0 -219.0 -243.0 0.024 0.514 0.922
v -842.0 -219.0 245.0 0.980 0.514 0.082
v -351.0 173.0 245.0 0.514 0.008 0.086
v -352.0 175.0 -242.0 0.514 0.008 0.922
v -352.0 126.0 -243.0 0.514 1.000 0.922
v -351.0 124.0 245.0 0.514 0.996 0.086
v -204.0 174.0 -243.0 0.024 0.490 0.925
v -352.0 175.0 -242.0 0.980 0.490 0.925
v -203.0 173.0 245.0 0.024 0.486 0.082
v -351.0 173.0 245.0 0.980 0.490 0.082
v -204.0 174.0 -243.0 0.490 0.008 0.918
v -203.0 173.0 245.0 0.490 0.004 0.082
v -203.0 123.0 245.0 0.490 0.996 0.082
v -205.0 125.0 -243.0 0.490 0.996 0.918
v -205.0 -218.0 -244.0 0.490 0.961 0.929
v -205.0 76.0 -243.0 0.490 0.043 0.929
v -204.0 74.0 245.0 0.490 0.043 0.071
v -204.0 -220.0 244.0 0.490 0.961 0.071
v -204.0 -220.0 244.0 0.024 0.514 0.078
v -351.0 -220.0 244.0 0.980 0.514 0.078
v -353.0 -218.0 -244.0 0.980 0.518 0.922
v -205.0 -218.0 -244.0 0.024 0.514 0.922
v -351.0 75.0 245.0 0.514 0.043 0.075
v -352.0 77.0 -243.0 0.514 0.043 0.933
v -353.0 -218.0 -244.0 0.514 0.961 0.933
v -351.0 -220.0 244.0 0.514 0.961 0.075
v -351.0 124.0 245.0 0.008 0.486 0.086
v -352.0 126.0 -243.0 0.008 0.490 0.922
v -401.0 126.0 -242.0 1.000 0.490 0.922
v -400.0 124.0 245.0 1.000 0.486 0.086
v -401.0 77.0 -243.0 0.996 0.518 0.918
v -352.0 77.0 -243.0 0.004 0.518 0.918
v -351.0 75.0 245.0 0.004 0.514 0.082
v -400.0 75.0 245.0 0.996 0.514 0.082
v -400.0 124.0 245.0 0.514 0.008 0.086
v -401.0 126.0 -242.0 0.514 0.008 0.922
v -401.0 77.0 -243.0 0.514 1.000 0.922
v -400.0 75.0 245.0 0.514 0.996 0.086
v -205.0 76.0 -243.0 0.996 0.518 0.918
v -156.0 76.0 -243.0 0.004 0.518 0.918
v -154.0 74.0 245.0 0.004 0.514 0.082
v -204.0 74.0 245.0 0.996 0.514 0.082
v -154.0 123.0 245.0 0.008 0.486 0.086
v -155.0 125.0 -243.0 0.008 0.490 0.922
v -205.0 125.0 -243.0 1.000 0.490 0.922
v -203.0 123.0 245.0 1.000 0.486 0.086
v -156.0 76.0 -243.0 0.490 0.996 0.918
v -155.0 125.0 -243.0 0.490 0.008 0.918
v -154.0 123.0 245.0 0.490 0.004 0.082
v -154.0 74.0 245.0 0.490 0.996 0.082
v -5.0 -23.0 -244.0 0.490 0.055 0.961
v -8.0 10.0 -244.0 0.494 0.996 0.961
v -4.0 -23.0 244.0 0.490 0.055 0.039
v -7.0 10.0 244.0 0.490 0.949 0.039
v -2.0 29.0 -244.0 0.455 0.812 0.961
v -1.0 29.0 244.0 0.435 0.769 0.039
v 7.0 43.0 -244.0 0.380 0.690 0.961
v 8.0 43.0 244.0 0.349 0.655 0.039
v 24.0 56.0 -244.0 0.220 0.561 0.961
v 25.0 56.0 244.0 0.110 0.522 0.043
v 42.0 56.0 -244.0 0.984 0.510 0.961
v 43.0 56.0 244.0 0.961 0.514 0.043
v 67.0 53.0 -244.0 0.843 0.537 0.965
v 68.0 53.0 244.0 0.749 0.580 0.043
v 80.0 41.0 -244.0 0.627 0.682 0.965
v 81.0 41.0 244.0 0.592 0.733 0.043
v 80.0 41.0 -244.0 0.627 0.682 0.965
v 90.0 21.0 -244.0 0.533 0.859 0.965
v 81.0 41.0 244.0 0.592 0.733 0.043
v 91.0 21.0 244.0 0.514 0.937 0.043
v 89.0 -24.0 -244.0 0.510 0.008 0.965
v 90.0 -24.0 244.0 0.510 0.008 0.043
v 90.0 -24.0 244.0 0.016 0.490 0.082
v -5.0 -23.0 -244.0 0.992 0.490 0.922
v -4.0 -23.0 244.0 0.992 0.490 0.082
v 89.0 -24.0 -244.0 0.016 0.490 0.922
v 238.0 -73.0 -245.0 0.039 0.514 0.929
v 239.0 -73.0 243.0 0.039 0.514 0.075
v -6.0 -73.0 -244.0 0.969 0.514 0.929
v -5.0 -73.0 244.0 0.969 0.514 0.075
v 95.0 -124.0 -245.0 0.510 0.000 0.965
v 94.0 -164.0 -245.0 0.518 0.078 0.965
v 96.0 -124.0 243.0 0.510 0.000 0.043
v 95.0 -164.0 243.0 0.529 0.141 0.043
v 84.0 -187.0 -245.0 0.592 0.271 0.965
v 85.0 -187.0 243.0 0.643 0.337 0.043
v 63.0 -203.0 -245.0 0.780 0.439 0.965
v 64.0 -203.0 243.0 0.871 0.475 0.043
v 39.0 -205.0 -245.0 0.012 0.494 0.961
v 40.0 -205.0 243.0 0.071 0.490 0.043
v 9.0 -197.0 -245.0 0.239 0.431 0.961
v 11.0 -197.0 243.0 0.337 0.357 0.039
v 9.0 -197.0 -245.0 0.239 0.431 0.961
v -5.0 -174.0 -245.0 0.451 0.200 0.961
v 11.0 -197.0 243.0 0.337 0.357 0.039
v -4.0 -174.0 243.0 0.475 0.129 0.039
v -10.0 -136.0 -244.0 0.490 0.043 0.961
v -9.0 -136.0 243.0 0.494 0.027 0.039
v -11.0 -101.0 -244.0 0.494 0.988 0.961
v -10.0 -101.0 244.0 0.490 0.957 0.039
v -6.0 -73.0 -244.0 0.494 0.000 0.961
v -5.0 -73.0 244.0 0.494 0.000 0.039
v 232.0 -123.0 243.0 0.020 0.490 0.082
v 231.0 -123.0 -245.0 0.020 0.490 0.922
v 95.0 -124.0 -245.0 0.980 0.490 0.922
v 96.0 -124.0 243.0 0.980 0.490 0.082
v 204.0 -176.0 -245.0 0.380 0.690 0.961
v 224.0 -146.0 -245.0 0.447 0.792 0.961
v 225.0 -146.0 243.0 0.447 0.792 0.039
v 205.0 -176.0 243.0 0.345 0.655 0.039
v 175.0 -199.0 -245.0 0.278 0.596 0.961
v 176.0 -199.0 243.0 0.278 0.596 0.039
v 135.0 -223.0 243.0 0.188 0.549 0.039
v 134.0 -223.0 -245.0 0.122 0.525 0.961
v 63.0 -232.0 243.0 0.031 0.510 0.039
v 63.0 -231.0 -245.0 0.008 0.510 0.961
v 4.0 -230.0 243.0 0.941 0.514 0.043
v 2.0 -230.0 -245.0 0.894 0.522 0.961
v -49.0 -212.0 243.0 0.824 0.545 0.043
v -50.0 -212.0 -245.0 0.800 0.557 0.965
v -98.0 -186.0 243.0 0.733 0.592 0.043
v -99.0 -186.0 -244.0 0.690 0.624 0.965
v -98.0 -186.0 243.0 0.733 0.592 0.043
v -139.0 -145.0 244.0 0.600 0.718 0.043
v -99.0 -186.0 -244.0 0.690 0.624 0.965
v -140.0 -145.0 -244.0 0.557 0.792 0.965
v -152.0 -97.0 244.0 0.518 0.922 0.043
v -154.0 -97.0 -244.0 0.510 0.976 0.965
v -150.0 -46.0 244.0 0.514 0.067 0.043
v -151.0 -46.0 -244.0 0.522 0.114 0.965
v -133.0 4.0 244.0 0.561 0.216 0.043
v -134.0 4.0 -244.0 0.588 0.271 0.965
v -97.0 46.0 244.0 0.663 0.357 0.043
v -99.0 46.0 -243.0 0.706 0.392 0.965
v -56.0 71.0 244.0 0.780 0.439 0.043
v -57.0 71.0 -243.0 0.816 0.455 0.965
v 0.0 90.0 244.0 0.894 0.482 0.043
v -1.0 90.0 -244.0 0.933 0.490 0.961
v 0.0 90.0 244.0 0.894 0.482 0.043
v 52.0 93.0 244.0 0.012 0.494 0.043
v -1.0 90.0 -244.0 0.933 0.490 0.961
v 51.0 93.0 -244.0 0.012 0.494 0.961
v 99.0 87.0 -244.0 0.094 0.486 0.961
v 100.0 87.0 244.0 0.129 0.478 0.039
v 148.0 70.0 -244.0 0.196 0.451 0.961
v 149.0 70.0 244.0 0.231 0.435 0.039
v 182.0 48.0 -244.0 0.310 0.384 0.961
v 183.0 48.0 244.0 0.310 0.384 0.039
v 213.0 18.0 243.0 0.400 0.290 0.039
v 212.0 18.0 -244.0 0.400 0.290 0.961
v 235.0 -26.0 -245.0 0.467 0.165 0.961
v 236.0 -26.0 243.0 0.482 0.098 0.039
v 238.0 -73.0 -245.0 0.494 0.031 0.961
v 239.0 -73.0 243.0 0.494 0.031 0.039
v 225.0 -146.0 243.0 0.447 0.792 0.039
v 224.0 -146.0 -245.0 0.447 0.792 0.961
v 231.0 -123.0 -245.0 0.475 0.863 0.961
v 232.0 -123.0 243.0 0.475 0.863 0.039
v 286.0 -219.0 245.0 0.514 0.961 0.071
v 286.0 91.0 -242.0 0.514 0.047 0.933
v 285.0 -219.0 -243.0 0.514 0.961 0.933
v 287.0 91.0 246.0 0.514 0.047 0.071
v 434.0 91.0 246.0 0.490 0.004 0.082
v 434.0 47.0 246.0 0.314 0.996 0.384
v 433.0 91.0 -242.0 0.490 0.004 0.918
v 433.0 47.0 -242.0 0.490 0.996 0.918
v 287.0 91.0 246.0 0.980 0.490 0.082
v 434.0 91.0 246.0 0.024 0.490 0.082
v 286.0 91.0 -242.0 0.980 0.490 0.922
v 433.0 91.0 -242.0 0.024 0.490 0.922
v 434.0 -219.0 245.0 0.024 0.514 0.082
v 285.0 -219.0 -243.0 0.980 0.514 0.922
v 432.0 -219.0 -243.0 0.024 0.514 0.922
v 286.0 -219.0 245.0 0.980 0.514 0.082
v 434.0 -18.0 245.0 0.439 0.898 0.200
v 434.0 -219.0 245.0 0.494 0.000 0.039
v 432.0 -219.0 -243.0 0.494 0.000 0.961
v 433.0 -18.0 -242.0 0.435 0.773 0.961
v 584.0 -220.0 244.0 0.510 0.000 0.043
v 584.0 -42.0 245.0 0.514 0.961 0.043
v 582.0 -220.0 -243.0 0.510 0.000 0.965
v 583.0 -42.0 -243.0 0.518 0.918 0.965
v 573.0 -2.0 245.0 0.561 0.788 0.043
v 572.0 -2.0 -243.0 0.612 0.706 0.965
v 555.0 14.0 245.0 0.733 0.592 0.043
v 554.0 14.0 -243.0 0.800 0.553 0.965
v 531.0 20.0 245.0 0.929 0.514 0.043
v 530.0 20.0 -243.0 0.988 0.510 0.961
v 489.0 17.0 245.0 0.110 0.522 0.043
v 488.0 17.0 -243.0 0.110 0.522 0.961
v 451.0 2.0 -243.0 0.251 0.580 0.961
v 488.0 17.0 -243.0 0.110 0.522 0.961
v 489.0 17.0 245.0 0.110 0.522 0.043
v 452.0 2.0 245.0 0.251 0.706 0.302
v 433.0 -18.0 -242.0 0.435 0.773 0.961
v 434.0 -18.0 245.0 0.439 0.898 0.200
v 731.0 -220.0 244.0 0.024 0.514 0.082
v 584.0 -220.0 244.0 0.980 0.514 0.082
v 730.0 -220.0 -244.0 0.024 0.514 0.922
v 582.0 -220.0 -243.0 0.980 0.514 0.922
v 711.0 12.0 -243.0 0.404 0.282 0.961
v 668.0 59.0 245.0 0.310 0.384 0.039
v 712.0 12.0 245.0 0.439 0.224 0.039
v 730.0 -43.0 -243.0 0.482 0.110 0.961
v 731.0 -43.0 245.0 0.490 0.051 0.039
v 730.0 -220.0 -244.0 0.494 0.000 0.961
v 730.0 -220.0 -244.0 0.494 0.000 0.961
v 731.0 -43.0 245.0 0.490 0.051 0.039
v 731.0 -220.0 244.0 0.494 0.000 0.039
v 433.0 47.0 -242.0 0.745 0.420 0.965
v 434.0 47.0 246.0 0.745 0.420 0.043
v 476.0 72.0 245.0 0.792 0.447 0.043
v 475.0 72.0 -243.0 0.792 0.447 0.965
v 533.0 93.0 -243.0 0.898 0.482 0.961
v 534.0 93.0 245.0 0.961 0.490 0.043
v 588.0 91.0 -243.0 0.071 0.490 0.961
v 589.0 91.0 245.0 0.129 0.478 0.039
v 667.0 59.0 -243.0 0.247 0.427 0.961
v 668.0 59.0 245.0 0.310 0.384 0.039
v 711.0 12.0 -243.0 0.404 0.282 0.961
v 1020.0 72.0 -246.0 0.514 0.992 0.925
v 1021.0 72.0 242.0 0.514 0.992 0.082
v 1024.0 219.0 242.0 0.800 0.443 0.078
v 1023.0 219.0 -245.0 0.675 0.361 0.925
v 1018.0 -207.0 -247.0 0.843 0.541 0.922
v 1038.0 -223.0 -247.0 0.851 0.541 0.922
v 1040.0 -223.0 241.0 0.851 0.541 0.086
v 1019.0 -207.0 241.0 0.016 0.518 0.086
v 982.0 49.0 242.0 0.961 0.514 0.043
v 956.0 48.0 242.0 0.165 0.537 0.039
v 954.0 48.0 -246.0 0.098 0.522 0.961
v 935.0 37.0 -246.0 0.290 0.604 0.961
v 936.0 37.0 242.0 0.349 0.655 0.039
v 924.0 22.0 -246.0 0.435 0.773 0.961
v 925.0 22.0 242.0 0.463 0.835 0.039
v 919.0 0.0 -246.0 0.490 0.937 0.961
v 920.0 0.0 242.0 0.494 0.973 0.039
v 920.0 -138.0 -247.0 0.486 0.078 0.961
v 921.0 -138.0 241.0 0.467 0.165 0.039
v 930.0 -157.0 -247.0 0.400 0.290 0.961
v 932.0 -157.0 241.0 0.361 0.333 0.039
v 952.0 -175.0 -247.0 0.216 0.443 0.961
v 953.0 -175.0 241.0 0.216 0.443 0.039
v 977.0 -180.0 241.0 0.020 0.494 0.043
v 976.0 -180.0 -247.0 0.020 0.494 0.961
v 952.0 -175.0 -247.0 0.216 0.443 0.961
v 977.0 -180.0 241.0 0.020 0.494 0.043
v 996.0 -178.0 241.0 0.733 0.416 0.043
v 995.0 -178.0 -247.0 0.847 0.467 0.965
v 1022.0 -149.0 -247.0 0.573 0.239 0.965
v 1023.0 -149.0 241.0 0.525 0.122 0.043
v 1023.0 12.0 -246.0 0.522 0.902 0.965
v 1024.0 12.0 242.0 0.557 0.800 0.043
v 1001.0 40.0 -246.0 0.663 0.647 0.965
v 1002.0 40.0 242.0 0.729 0.592 0.043
v 981.0 49.0 -246.0 0.878 0.525 0.965
v 982.0 49.0 242.0 0.961 0.514 0.043
v 954.0 48.0 -246.0 0.098 0.522 0.961
v 1021.0 72.0 242.0 0.200 0.451 0.039
v 1020.0 72.0 -246.0 0.200 0.451 0.961
v 990.0 85.0 -246.0 0.176 0.459 0.961
v 991.0 85.0 242.0 0.176 0.459 0.039
v 963.0 94.0 -246.0 0.071 0.490 0.961
v 964.0 94.0 242.0 0.071 0.490 0.043
v 909.0 93.0 -246.0 0.953 0.490 0.961
v 910.0 93.0 242.0 0.906 0.482 0.043
v 845.0 74.0 -246.0 0.800 0.451 0.965
v 846.0 74.0 242.0 0.741 0.420 0.043
v 805.0 41.0 -246.0 0.643 0.337 0.965
v 806.0 41.0 242.0 0.604 0.286 0.043
v 779.0 -8.0 -246.0 0.541 0.173 0.965
v 780.0 -8.0 242.0 0.522 0.110 0.043
v 773.0 -72.0 -246.0 0.514 0.961 0.965
v 774.0 -72.0 242.0 0.514 0.961 0.043
v 773.0 -72.0 -246.0 0.514 0.961 0.965
v 791.0 -131.0 242.0 0.557 0.796 0.043
v 774.0 -72.0 242.0 0.514 0.961 0.043
v 790.0 -131.0 -246.0 0.557 0.796 0.965
v 821.0 -177.0 -247.0 0.635 0.678 0.965
v 822.0 -177.0 241.0 0.678 0.635 0.043
v 863.0 -206.0 -247.0 0.796 0.557 0.965
v 864.0 -206.0 241.0 0.796 0.557 0.043
v 919.0 -221.0 241.0 0.910 0.518 0.043
v 918.0 -221.0 -247.0 0.949 0.514 0.961
v 977.0 -223.0 241.0 0.047 0.514 0.043
v 976.0 -223.0 -247.0 0.114 0.522 0.961
v 1019.0 -207.0 241.0 0.020 0.510 0.043
v 1018.0 -207.0 -247.0 0.847 0.537 0.965
v 1040.0 -223.0 241.0 0.827 0.549 0.082
v 1038.0 -223.0 -247.0 0.827 0.549 0.925
v 1169.0 -223.0 -248.0 0.020 0.514 0.922
v 1171.0 -223.0 240.0 0.020 0.514 0.082
v 1171.0 219.0 242.0 0.490 0.055 0.063
v 1171.0 -223.0 240.0 0.490 0.945 0.059
v 1169.0 -223.0 -248.0 0.486 0.945 0.941
v 1170.0 219.0 -246.0 0.490 0.055 0.941
v 1024.0 219.0 242.0 0.769 0.427 0.078
v 1171.0 219.0 242.0 0.024 0.490 0.082
v 1170.0 219.0 -246.0 0.024 0.490 0.922
v 1023.0 219.0 -245.0 0.651 0.337 0.925
v 1596.0 103.0 240.0 0.745 0.584 0.043
v 1596.0 103.0 -246.0 0.745 0.584 0.961
v 1615.0 97.0 -246.0 0.988 0.510 0.961
v 1615.0 97.0 240.0 0.988 0.510 0.043
v 1634.0 102.0 -246.0 0.231 0.569 0.961
v 1634.0 102.0 240.0 0.231 0.569 0.043
v 1649.0 115.0 -246.0 0.420 0.745 0.961
v 1649.0 115.0 240.0 0.420 0.745 0.043
v 1649.0 115.0 240.0 0.420 0.745 0.043
v 1649.0 115.0 -246.0 0.420 0.745 0.961
v 1655.0 134.0 -246.0 0.494 0.988 0.961
v 1655.0 134.0 240.0 0.494 0.988 0.043
v 1650.0 154.0 -246.0 0.435 0.231 0.961
v 1650.0 154.0 240.0 0.435 0.231 0.043
v 1636.0 168.0 -246.0 0.259 0.420 0.961
v 1636.0 168.0 240.0 0.259 0.420 0.043
v 1617.0 174.0 -246.0 0.016 0.494 0.961
v 1617.0 174.0 240.0 0.016 0.494 0.043
v 1598.0 170.0 -246.0 0.773 0.435 0.961
v 1598.0 170.0 240.0 0.773 0.435 0.043
v 1583.0 156.0 -246.0 0.584 0.259 0.961
v 1583.0 156.0 240.0 0.584 0.259 0.043
v 1577.0 137.0 -246.0 0.510 0.016 0.961
v 1577.0 137.0 240.0 0.510 0.016 0.043
v 1577.0 137.0 240.0 0.510 0.016 0.043
v 1577.0 137.0 -246.0 0.510 0.016 0.961
v 1582.0 117.0 -246.0 0.569 0.773 0.961
v 1582.0 117.0 240.0 0.569 0.773 0.043
v 1596.0 103.0 -246.0 0.745 0.584 0.961
v 1596.0 103.0 240.0 0.745 0.584 0.043
v 1394.0 98.0 241.0 0.992 0.494 0.043
v 1441.0 97.0 241.0 0.067 0.490 0.043
v 1440.0 97.0 -247.0 0.039 0.494 0.961
v 1393.0 98.0 -247.0 0.969 0.494 0.961
v 1342.0 91.0 241.0 0.898 0.482 0.043
v 1341.0 91.0 -247.0 0.859 0.471 0.965
v 1294.0 71.0 241.0 0.788 0.443 0.043
v 1293.0 71.0 -247.0 0.757 0.427 0.965
v 1254.0 45.0 241.0 0.690 0.380 0.043
v 1253.0 45.0 -247.0 0.655 0.349 0.965
v 1227.0 12.0 241.0 0.588 0.267 0.043
v 1225.0 12.0 -247.0 0.557 0.212 0.965
v 1214.0 -26.0 241.0 0.525 0.118 0.043
v 1213.0 -26.0 -247.0 0.518 0.078 0.965
v 1210.0 -68.0 241.0 0.510 0.000 0.043
v 1209.0 -68.0 -247.0 0.510 0.965 0.965
v 1219.0 -123.0 241.0 0.537 0.843 0.043
v 1210.0 -68.0 241.0 0.510 0.000 0.043
v 1209.0 -68.0 -247.0 0.510 0.965 0.965
v 1218.0 -123.0 -247.0 0.573 0.769 0.965
v 1250.0 -162.0 240.0 0.635 0.675 0.043
v 1249.0 -162.0 -248.0 0.655 0.655 0.965
v 1280.0 -188.0 240.0 0.714 0.604 0.043
v 1279.0 -188.0 -248.0 0.753 0.580 0.965
v 1317.0 -206.0 240.0 0.808 0.553 0.043
v 1316.0 -206.0 -248.0 0.824 0.545 0.965
v 1357.0 -220.0 240.0 0.847 0.537 0.043
v 1356.0 -220.0 -248.0 0.859 0.533 0.965
v 1389.0 -229.0 240.0 0.914 0.518 0.043
v 1388.0 -229.0 -248.0 0.961 0.514 0.961
v 1415.0 -229.0 240.0 0.000 0.510 0.043
v 1414.0 -229.0 -248.0 0.000 0.510 0.961
v 1457.0 -229.0 240.0 0.043 0.510 0.043
v 1415.0 -229.0 240.0 0.000 0.510 0.043
v 1414.0 -229.0 -248.0 0.000 0.510 0.961
v 1455.0 -229.0 -248.0 0.086 0.518 0.961
v 1522.0 -211.0 239.0 0.192 0.549 0.039
v 1520.0 -211.0 -248.0 0.255 0.580 0.961
v 1557.0 -183.0 239.0 0.322 0.631 0.039
v 1556.0 -183.0 -248.0 0.333 0.643 0.961
v 1590.0 -150.0 240.0 0.365 0.675 0.039
v 1589.0 -150.0 -248.0 0.384 0.694 0.961
v 1617.0 -113.0 240.0 0.443 0.784 0.039
v 1615.0 -113.0 -248.0 0.471 0.863 0.961
v 1621.0 -79.0 240.0 0.494 0.965 0.039
v 1620.0 -79.0 -248.0 0.494 0.992 0.961
v 1620.0 -38.0 240.0 0.490 0.067 0.039
v 1619.0 -38.0 -248.0 0.478 0.122 0.961
v 1605.0 1.0 240.0 0.439 0.227 0.039
v 1620.0 -38.0 240.0 0.490 0.067 0.039
v 1619.0 -38.0 -248.0 0.478 0.122 0.961
v 1604.0 1.0 -248.0 0.408 0.278 0.961
v 1574.0 37.0 240.0 0.353 0.345 0.039
v 1572.0 37.0 -248.0 0.333 0.365 0.961
v 1536.0 68.0 241.0 0.271 0.412 0.039
v 1535.0 68.0 -247.0 0.227 0.439 0.961
v 1487.0 88.0 241.0 0.153 0.471 0.039
v 1486.0 88.0 -247.0 0.125 0.478 0.961
v 1441.0 97.0 241.0 0.067 0.490 0.043
v 1440.0 97.0 -247.0 0.039 0.494 0.961
v 1426.0 66.0 -247.0 0.914 0.518 0.961
v 1447.0 56.0 -247.0 0.725 0.596 0.965
v 1428.0 66.0 241.0 0.847 0.537 0.043
v 1448.0 56.0 241.0 0.675 0.639 0.043
v 1447.0 56.0 -247.0 0.725 0.596 0.965
v 1459.0 41.0 -247.0 0.608 0.710 0.965
v 1448.0 56.0 241.0 0.675 0.639 0.043
v 1461.0 41.0 241.0 0.592 0.733 0.043
v 1467.0 27.0 -247.0 0.541 0.835 0.965
v 1469.0 27.0 241.0 0.518 0.925 0.043
v 1466.0 -65.0 -248.0 0.510 0.000 0.965
v 1467.0 -65.0 240.0 0.510 1.000 0.043
v 1468.0 -164.0 -248.0 0.514 0.051 0.965
v 1469.0 -164.0 240.0 0.525 0.118 0.043
v 1463.0 -177.0 -248.0 0.557 0.208 0.965
v 1464.0 -177.0 240.0 0.573 0.235 0.043
v 1454.0 -191.0 -248.0 0.647 0.341 0.965
v 1456.0 -191.0 240.0 0.725 0.408 0.043
v 1433.0 -200.0 -248.0 0.875 0.475 0.965
v 1434.0 -200.0 240.0 0.941 0.490 0.043
v 1433.0 -200.0 -248.0 0.875 0.475 0.965
v 1412.0 -200.0 -248.0 0.039 0.494 0.961
v 1434.0 -200.0 240.0 0.941 0.490 0.043
v 1413.0 -200.0 240.0 0.078 0.486 0.043
v 1391.0 -195.0 -248.0 0.153 0.471 0.961
v 1392.0 -195.0 240.0 0.188 0.455 0.039
v 1375.0 -187.0 -248.0 0.314 0.380 0.961
v 1376.0 -187.0 240.0 0.314 0.380 0.039
v 1368.0 -176.0 240.0 0.416 0.267 0.039
v 1366.0 -176.0 -248.0 0.439 0.227 0.961
v 1359.0 -154.0 240.0 0.478 0.129 0.039
v 1357.0 -154.0 -248.0 0.490 0.063 0.961
v 1358.0 -10.0 241.0 0.494 0.004 0.039
v 1357.0 -10.0 -247.0 0.494 0.004 0.961
v 1357.0 16.0 -247.0 0.494 0.973 0.961
v 1358.0 16.0 241.0 0.486 0.925 0.039
v 1357.0 16.0 -247.0 0.494 0.973 0.961
v 1360.0 30.0 -247.0 0.471 0.863 0.961
v 1358.0 16.0 241.0 0.486 0.925 0.039
v 1361.0 30.0 241.0 0.467 0.843 0.039
v 1366.0 45.0 -247.0 0.431 0.769 0.961
v 1368.0 45.0 241.0 0.400 0.714 0.039
v 1378.0 58.0 -247.0 0.310 0.620 0.961
v 1380.0 58.0 241.0 0.251 0.580 0.039
v 1400.0 67.0 -247.0 0.122 0.525 0.961
v 1401.0 67.0 241.0 0.047 0.514 0.043
v 1426.0 66.0 -247.0 0.914 0.518 0.961
v 1428.0 66.0 241.0 0.847 0.537 0.043
v -1335.0 407.0 249.0 0.996 0.494 0.008
v -1527.0 402.0 -239.0 0.945 0.494 0.996
v -1526.0 402.0 249.0 0.945 0.494 0.008
v -1337.0 407.0 -239.0 1.000 0.494 0.996
v 121.0 404.0 245.0 0.000 0.494 0.008
v 120.0 404.0 -243.0 0.000 0.494 0.996
v 1205.0 401.0 243.0 0.000 0.494 0.008
v 1204.0 401.0 -245.0 0.000 0.494 0.996
v 1386.0 401.0 242.0 0.008 0.494 0.008
v 1385.0 401.0 -246.0 0.020 0.494 0.996
v 1571.0 388.0 242.0 0.098 0.486 0.008
v 1570.0 388.0 -246.0 0.165 0.467 0.996
v 1676.0 333.0 241.0 0.267 0.420 0.008
v 1675.0 333.0 -247.0 0.302 0.392 0.996
v 1754.0 262.0 241.0 0.361 0.337 0.008
v 1752.0 262.0 -247.0 0.388 0.306 0.996
v 1754.0 262.0 241.0 0.361 0.337 0.008
v 1807.0 182.0 240.0 0.431 0.243 0.008
v 1752.0 262.0 -247.0 0.388 0.306 0.996
v 1806.0 182.0 -247.0 0.451 0.208 0.996
v 1841.0 93.0 240.0 0.475 0.137 0.008
v 1839.0 93.0 -248.0 0.486 0.098 0.996
v 1853.0 -6.0 239.0 0.494 0.016 0.008
v 1852.0 -6.0 -248.0 0.494 0.984 0.996
v 1840.0 -102.0 239.0 0.486 0.902 0.008
v 1839.0 -102.0 -249.0 0.475 0.863 0.996
v 1806.0 -190.0 239.0 0.447 0.792 0.008
v 1805.0 -190.0 -249.0 0.431 0.761 0.996
v 1753.0 -270.0 239.0 0.388 0.694 0.008
v 1751.0 -270.0 -249.0 0.361 0.667 0.996
v 1675.0 -340.0 239.0 0.302 0.612 0.008
v 1673.0 -340.0 -249.0 0.267 0.588 0.996
v 1675.0 -340.0 239.0 0.302 0.612 0.008
v 1582.0 -390.0 239.0 0.169 0.537 0.008
v 1673.0 -340.0 -249.0 0.267 0.588 0.996
v 1581.0 -390.0 -249.0 0.169 0.537 0.996
v 1526.0 -402.0 -249.0 0.075 0.514 0.996
v 1527.0 -402.0 239.0 0.043 0.510 0.008
v 1335.0 -407.0 -249.0 0.008 0.510 0.996
v 1337.0 -407.0 239.0 0.004 0.510 0.008
v -1.0 -406.0 -245.0 0.000 0.510 0.996
v 0.0 -406.0 242.0 0.000 0.510 0.008
v -1338.0 -401.0 -242.0 1.000 0.510 0.996
v -1337.0 -401.0 246.0 0.996 0.510 0.008
v -1529.0 -395.0 -242.0 0.949 0.510 0.996
v -1528.0 -395.0 246.0 0.910 0.518 0.008
v -1608.0 -372.0 -242.0 0.831 0.541 0.996
v -1607.0 -372.0 246.0 0.792 0.557 0.008
v -1676.0 -333.0 -241.0 0.725 0.592 0.996
v -1608.0 -372.0 -242.0 0.831 0.541 0.996
v -1607.0 -372.0 246.0 0.792 0.557 0.008
v -1675.0 -333.0 247.0 0.698 0.616 0.008
v -1754.0 -262.0 -241.0 0.643 0.667 0.996
v -1752.0 -262.0 247.0 0.616 0.698 0.008
v -1807.0 -182.0 -240.0 0.573 0.761 0.996
v -1806.0 -182.0 247.0 0.553 0.796 0.008
v -1841.0 -93.0 -240.0 0.529 0.867 0.996
v -1839.0 -93.0 248.0 0.518 0.906 0.008
v -1853.0 6.0 -239.0 0.510 0.988 0.996
v -1852.0 6.0 248.0 0.510 0.020 0.008
v -1840.0 102.0 -239.0 0.518 0.102 0.996
v -1839.0 102.0 249.0 0.529 0.141 0.008
v -1806.0 190.0 -239.0 0.557 0.212 0.996
v -1805.0 190.0 249.0 0.573 0.243 0.008
v -1805.0 190.0 249.0 0.573 0.243 0.008
v -1753.0 270.0 -239.0 0.616 0.310 0.996
v -1806.0 190.0 -239.0 0.557 0.212 0.996
v -1751.0 270.0 249.0 0.643 0.337 0.008
v -1675.0 340.0 -239.0 0.702 0.392 0.996
v -1673.0 340.0 249.0 0.737 0.416 0.008
v -1582.0 390.0 -239.0 0.812 0.459 0.996
v -1581.0 390.0 249.0 0.855 0.475 0.008
v -1527.0 402.0 -239.0 0.945 0.494 0.996
v -1526.0 402.0 249.0 0.945 0.494 0.008
v -1852.0 6.0 248.0 0.922 0.000 0.490
v -1787.0 6.0 248.0 0.925 0.000 0.490
v -1777.0 83.0 248.0 0.925 0.000 0.490
v -1839.0 102.0 249.0 0.922 0.000 0.490
v -1749.0 156.0 249.0 0.925 0.004 0.490
v -1805.0 190.0 249.0 0.922 0.004 0.490
v -1805.0 190.0 249.0 0.922 0.004 0.490
v -1749.0 156.0 249.0 0.925 0.004 0.490
v -1704.0 223.0 249.0 0.929 0.008 0.490
v -1751.0 270.0 249.0 0.925 0.008 0.490
v -1639.0 282.0 249.0 0.929 0.008 0.490
v -1673.0 340.0 249.0 0.929 0.012 0.490
v -1572.0 319.0 249.0 0.933 0.012 0.490
v -1581.0 390.0 249.0 0.933 0.016 0.490
v -1521.0 332.0 249.0 0.937 0.012 0.490
v -1526.0 402.0 249.0 0.937 0.016 0.490
v -1335.0 338.0 248.0 0.945 0.012 0.490
v -1335.0 407.0 249.0 0.945 0.016 0.490
v 1.0 336.0 245.0 0.000 0.012 0.494
v 121.0 404.0 245.0 0.004 0.016 0.494
v 1337.0 332.0 242.0 0.063 0.012 0.490
v 1205.0 401.0 243.0 0.055 0.016 0.494
v 1386.0 401.0 242.0 0.063 0.016 0.490
v 1205.0 401.0 243.0 0.055 0.016 0.494
v 1337.0 332.0 242.0 0.063 0.012 0.490
v 1523.0 326.0 242.0 0.071 0.012 0.490
v 1571.0 388.0 242.0 0.075 0.016 0.490
v 1598.0 301.0 241.0 0.075 0.012 0.490
v 1676.0 333.0 241.0 0.078 0.012 0.490
v 1641.0 275.0 241.0 0.075 0.008 0.490
v 1754.0 262.0 241.0 0.082 0.008 0.490
v 1706.0 216.0 241.0 0.078 0.008 0.490
v 1807.0 182.0 240.0 0.082 0.004 0.490
v 1750.0 149.0 240.0 0.082 0.004 0.490
v 1778.0 75.0 240.0 0.082 0.000 0.490
v 1841.0 93.0 240.0 0.086 0.000 0.490
v 1853.0 -6.0 239.0 0.086 0.000 0.490
v 1840.0 -102.0 239.0 0.086 1.000 0.490
v 1853.0 -6.0 239.0 0.086 0.000 0.490
v 1788.0 -6.0 240.0 0.082 0.000 0.490
v 1778.0 -83.0 239.0 0.082 1.000 0.490
v 1806.0 -190.0 239.0 0.082 0.996 0.490
v 1750.0 -156.0 239.0 0.082 0.996 0.490
v 1753.0 -270.0 239.0 0.082 0.992 0.490
v 1705.0 -223.0 239.0 0.078 0.992 0.490
v 1675.0 -340.0 239.0 0.078 0.988 0.490
v 1640.0 -282.0 239.0 0.075 0.992 0.490
v 1582.0 -390.0 239.0 0.075 0.984 0.490
v 1561.0 -324.0 239.0 0.071 0.988 0.490
v 1527.0 -402.0 239.0 0.071 0.984 0.490
v 1522.0 -332.0 239.0 0.071 0.988 0.490
v 1336.0 -338.0 239.0 0.063 0.988 0.490
v 1337.0 -407.0 239.0 0.063 0.984 0.490
v 1336.0 -338.0 239.0 0.063 0.988 0.490
v 0.0 -406.0 242.0 0.000 0.984 0.494
v 1337.0 -407.0 239.0 0.063 0.984 0.490
v 0.0 -336.0 243.0 0.000 0.988 0.494
v -1337.0 -401.0 246.0 0.945 0.984 0.490
v -1336.0 -332.0 246.0 0.945 0.988 0.490
v -1528.0 -395.0 246.0 0.937 0.984 0.490
v -1522.0 -326.0 246.0 0.937 0.988 0.490
v -1607.0 -372.0 246.0 0.933 0.988 0.490
v -1574.0 -312.0 246.0 0.933 0.988 0.490
v -1675.0 -333.0 247.0 0.929 0.988 0.490
v -1640.0 -275.0 247.0 0.929 0.992 0.490
v -1752.0 -262.0 247.0 0.925 0.992 0.490
v -1705.0 -216.0 247.0 0.929 0.992 0.490
v -1806.0 -182.0 247.0 0.922 0.996 0.490
v -1749.0 -149.0 247.0 0.925 0.996 0.490
v -1839.0 -93.0 248.0 0.922 1.000 0.490
v -1806.0 -182.0 247.0 0.922 0.996 0.490
v -1749.0 -149.0 247.0 0.925 0.996 0.490
v -1777.0 -75.0 248.0 0.925 1.000 0.490
v -1852.0 6.0 248.0 0.922 0.000 0.490
v -1787.0 6.0 248.0 0.925 0.000 0.490
v 1788.0 -6.0 240.0 0.082 0.000 0.490
v 1853.0 -6.0 239.0 0.086 0.000 0.490
v 1778.0 75.0 240.0 0.082 0.000 0.490
v 1777.0 75.0 -248.0 0.078 0.004 0.514
v 1852.0 -6.0 -248.0 0.082 0.000 0.514
v 1787.0 -6.0 -248.0 0.082 0.000 0.514
v -1788.0 6.0 -240.0 0.922 0.000 0.514
v -1778.0 -75.0 -240.0 0.922 0.000 0.514
v -1853.0 6.0 -239.0 0.918 0.000 0.514
v -1841.0 -93.0 -240.0 0.918 0.000 0.514
v -1778.0 -75.0 -240.0 0.922 0.000 0.514
v -1750.0 -149.0 -240.0 0.922 1.000 0.514
v -1841.0 -93.0 -240.0 0.918 0.000 0.514
v -1807.0 -182.0 -240.0 0.922 1.000 0.514
v -1706.0 -216.0 -241.0 0.925 0.996 0.514
v -1754.0 -262.0 -241.0 0.922 0.996 0.514
v -1641.0 -275.0 -241.0 0.929 0.996 0.514
v -1676.0 -333.0 -241.0 0.925 0.992 0.514
v -1575.0 -312.0 -241.0 0.929 0.992 0.514
v -1608.0 -372.0 -242.0 0.929 0.992 0.514
v -1523.0 -326.0 -242.0 0.933 0.992 0.514
v -1529.0 -395.0 -242.0 0.933 0.988 0.514
v -1337.0 -332.0 -242.0 0.941 0.992 0.514
v -1338.0 -401.0 -242.0 0.941 0.988 0.514
v -1.0 -336.0 -245.0 0.000 0.992 0.510
v -1.0 -406.0 -245.0 0.000 0.988 0.510
v 1335.0 -338.0 -248.0 0.059 0.992 0.514
v -1.0 -406.0 -245.0 0.000 0.988 0.510
v -1.0 -336.0 -245.0 0.000 0.992 0.510
v 1335.0 -407.0 -249.0 0.059 0.988 0.514
v 1526.0 -402.0 -249.0 0.067 0.988 0.514
v 1521.0 -332.0 -249.0 0.067 0.992 0.514
v 1560.0 -324.0 -249.0 0.071 0.992 0.514
v 1581.0 -390.0 -249.0 0.071 0.988 0.514
v 1639.0 -282.0 -249.0 0.075 0.996 0.514
v 1673.0 -340.0 -249.0 0.075 0.992 0.514
v 1704.0 -223.0 -249.0 0.078 0.996 0.514
v 1751.0 -270.0 -249.0 0.078 0.996 0.514
v 1749.0 -156.0 -249.0 0.078 1.000 0.514
v 1805.0 -190.0 -249.0 0.082 1.000 0.514
v 1777.0 -83.0 -248.0 0.078 0.000 0.514
v 1839.0 -102.0 -249.0 0.082 0.000 0.514
v 1777.0 -83.0 -248.0 0.078 0.000 0.514
v 1787.0 -6.0 -248.0 0.082 0.000 0.514
v 1839.0 -102.0 -249.0 0.082 0.000 0.514
v 1852.0 -6.0 -248.0 0.082 0.000 0.514
v 1839.0 93.0 -248.0 0.082 0.004 0.514
v 1777.0 75.0 -248.0 0.078 0.004 0.514
v 1806.0 182.0 -247.0 0.082 0.008 0.514
v 1749.0 149.0 -247.0 0.078 0.008 0.514
v 1705.0 216.0 -247.0 0.078 0.012 0.514
v 1752.0 262.0 -247.0 0.078 0.012 0.514
v 1640.0 275.0 -247.0 0.075 0.012 0.514
v 1675.0 333.0 -247.0 0.075 0.016 0.514
v 1597.0 301.0 -247.0 0.071 0.016 0.514
v 1570.0 388.0 -246.0 0.071 0.020 0.514
v 1522.0 326.0 -246.0 0.067 0.016 0.514
v 1385.0 401.0 -246.0 0.063 0.020 0.514
v 1522.0 326.0 -246.0 0.067 0.016 0.514
v 1336.0 332.0 -246.0 0.059 0.016 0.514
v 1385.0 401.0 -246.0 0.063 0.020 0.514
v 1204.0 401.0 -245.0 0.055 0.020 0.510
v 120.0 404.0 -243.0 0.004 0.020 0.510
v 0.0 336.0 -243.0 0.000 0.016 0.510
v -1337.0 407.0 -239.0 0.941 0.020 0.514
v -1336.0 338.0 -239.0 0.941 0.016 0.514
v -1527.0 402.0 -239.0 0.933 0.020 0.514
v -1522.0 332.0 -239.0 0.933 0.016 0.514
v -1582.0 390.0 -239.0 0.929 0.020 0.514
v -1573.0 319.0 -239.0 0.929 0.016 0.514
v -1675.0 340.0 -239.0 0.925 0.016 0.514
v -1640.0 282.0 -239.0 0.929 0.012 0.514
v -1753.0 270.0 -239.0 0.922 0.012 0.514
v -1705.0 223.0 -239.0 0.925 0.012 0.514
v -1705.0 223.0 -239.0 0.925 0.012 0.514
v -1806.0 190.0 -239.0 0.922 0.008 0.514
v -1753.0 270.0 -239.0 0.922 0.012 0.514
v -1750.0 156.0 -239.0 0.922 0.008 0.514
v -1840.0 102.0 -239.0 0.918 0.004 0.514
v -1778.0 83.0 -239.0 0.922 0.004 0.514
v -1853.0 6.0 -239.0 0.918 0.000 0.514
v -1788.0 6.0 -240.0 0.922 0.000 0.514
v 1615.0 97.0 -246.0 0.000 0.000 0.506
v 1596.0 103.0 -246.0 0.000 0.000 0.506
v 1582.0 117.0 -246.0 0.000 0.000 0.506
v 1577.0 137.0 -246.0 0.000 0.000 0.506
v 1583.0 156.0 -246.0 0.000 0.000 0.506
v 1598.0 170.0 -246.0 0.000 0.000 0.506
v 1617.0 174.0 -246.0 0.000 0.000 0.506
v 1636.0 168.0 -246.0 0.000 0.000 0.506
v 1615.0 97.0 -246.0 0.000 0.000 0.506
v 1636.0 168.0 -246.0 0.000 0.000 0.506
v 1650.0 154.0 -246.0 0.000 0.000 0.506
v 1655.0 134.0 -246.0 0.000 0.000 0.506
v 1649.0 115.0 -246.0 0.000 0.000 0.506
v 1634.0 102.0 -246.0 0.000 0.000 0.506
v 1583.0 156.0 240.0 0.000 0.000 0.498
v 1577.0 137.0 240.0 0.000 0.000 0.498
v 1582.0 117.0 240.0 0.000 0.000 0.498
v 1596.0 103.0 240.0 0.000 0.000 0.498
v 1615.0 97.0 240.0 0.000 0.000 0.498
v 1634.0 102.0 240.0 0.000 0.000 0.498
v 1649.0 115.0 240.0 0.000 0.000 0.498
v 1655.0 134.0 240.0 0.000 0.000 0.498
v 1650.0 154.0 240.0 0.000 0.000 0.498
v 1636.0 168.0 240.0 0.000 0.000 0.498
v 1583.0 156.0 240.0 0.000 0.000 0.498
v 1636.0 168.0 240.0 0.000 0.000 0.498
v 1617.0 174.0 240.0 0.000 0.000 0.498
v 1598.0 170.0 240.0 0.000 0.000 0.498
v 1536.0 68.0 241.0 0.051 0.051 0.490
v 1487.0 88.0 241.0 0.031 0.059 0.490
v 1461.0 41.0 241.0 0.020 0.043 0.494
v 1428.0 66.0 241.0 0.004 0.051 0.494
v 1448.0 56.0 241.0 0.016 0.047 0.494
v 1441.0 97.0 241.0 0.012 0.063 0.490
v 1469.0 27.0 241.0 0.024 0.035 0.494
v 1574.0 37.0 240.0 0.067 0.039 0.490
v 1467.0 -65.0 240.0 0.024 0.000 0.494
v 1605.0 1.0 240.0 0.078 0.024 0.490
v 1620.0 -38.0 240.0 0.086 0.008 0.490
v 1621.0 -79.0 240.0 0.086 1.000 0.490
v 1621.0 -79.0 240.0 0.086 1.000 0.490
v 1467.0 -65.0 240.0 0.024 0.000 0.494
v 1617.0 -113.0 240.0 0.082 0.984 0.490
v 1590.0 -150.0 240.0 0.075 0.969 0.490
v 1469.0 -164.0 240.0 0.024 0.965 0.494
v 1557.0 -183.0 239.0 0.059 0.957 0.490
v 1464.0 -177.0 240.0 0.020 0.961 0.494
v 1522.0 -211.0 239.0 0.043 0.945 0.490
v 1456.0 -191.0 240.0 0.016 0.953 0.494
v 1457.0 -229.0 240.0 0.016 0.937 0.490
v 1434.0 -200.0 240.0 0.008 0.949 0.494
v 1415.0 -229.0 240.0 0.000 0.937 0.490
v 1413.0 -200.0 240.0 0.000 0.949 0.494
v 1389.0 -229.0 240.0 0.996 0.937 0.490
v 1392.0 -195.0 240.0 1.000 0.953 0.494
v 1357.0 -220.0 240.0 0.984 0.941 0.490
v 1392.0 -195.0 240.0 1.000 0.953 0.494
v 1376.0 -187.0 240.0 0.992 0.953 0.494
v 1357.0 -220.0 240.0 0.984 0.941 0.490
v 1317.0 -206.0 240.0 0.969 0.949 0.490
v 1368.0 -176.0 240.0 0.988 0.961 0.494
v 1280.0 -188.0 240.0 0.953 0.953 0.490
v 1359.0 -154.0 240.0 0.984 0.969 0.494
v 1250.0 -162.0 240.0 0.941 0.965 0.490
v 1219.0 -123.0 241.0 0.929 0.980 0.490
v 1210.0 -68.0 241.0 0.925 0.000 0.490
v 1358.0 -10.0 241.0 0.984 0.020 0.494
v 1214.0 -26.0 241.0 0.925 0.016 0.490
v 1227.0 12.0 241.0 0.929 0.027 0.490
v 1358.0 16.0 241.0 0.984 0.031 0.494
v 1254.0 45.0 241.0 0.941 0.043 0.490
v 1358.0 16.0 241.0 0.984 0.031 0.494
v 1361.0 30.0 241.0 0.984 0.035 0.494
v 1294.0 71.0 241.0 0.957 0.055 0.490
v 1254.0 45.0 241.0 0.941 0.043 0.490
v 1368.0 45.0 241.0 0.988 0.043 0.494
v 1342.0 91.0 241.0 0.976 0.063 0.490
v 1380.0 58.0 241.0 0.992 0.047 0.494
v 1394.0 98.0 241.0 1.000 0.067 0.490
v 1401.0 67.0 241.0 0.000 0.051 0.494
v 1428.0 66.0 241.0 0.004 0.051 0.494
v 1441.0 97.0 241.0 0.012 0.063 0.490
v 1440.0 97.0 -247.0 0.008 0.067 0.514
v 1447.0 56.0 -247.0 0.012 0.051 0.510
v 1426.0 66.0 -247.0 0.004 0.055 0.510
v 1486.0 88.0 -247.0 0.027 0.063 0.514
v 1459.0 41.0 -247.0 0.016 0.047 0.510
v 1535.0 68.0 -247.0 0.047 0.055 0.514
v 1467.0 27.0 -247.0 0.020 0.039 0.510
v 1459.0 41.0 -247.0 0.016 0.047 0.510
v 1572.0 37.0 -248.0 0.063 0.043 0.514
v 1466.0 -65.0 -248.0 0.020 0.000 0.510
v 1604.0 1.0 -248.0 0.075 0.027 0.514
v 1619.0 -38.0 -248.0 0.082 0.012 0.514
v 1620.0 -79.0 -248.0 0.082 0.000 0.514
v 1615.0 -113.0 -248.0 0.082 0.988 0.514
v 1589.0 -150.0 -248.0 0.071 0.973 0.514
v 1468.0 -164.0 -248.0 0.020 0.969 0.510
v 1556.0 -183.0 -248.0 0.055 0.961 0.514
v 1463.0 -177.0 -248.0 0.020 0.965 0.510
v 1520.0 -211.0 -248.0 0.043 0.949 0.514
v 1454.0 -191.0 -248.0 0.016 0.957 0.510
v 1455.0 -229.0 -248.0 0.016 0.941 0.514
v 1455.0 -229.0 -248.0 0.016 0.941 0.514
v 1433.0 -200.0 -248.0 0.004 0.953 0.510
v 1454.0 -191.0 -248.0 0.016 0.957 0.510
v 1414.0 -229.0 -248.0 0.000 0.941 0.514
v 1412.0 -200.0 -248.0 0.000 0.953 0.510
v 1388.0 -229.0 -248.0 0.996 0.941 0.514
v 1391.0 -195.0 -248.0 0.996 0.957 0.510
v 1356.0 -220.0 -248.0 0.980 0.945 0.514
v 1375.0 -187.0 -248.0 0.988 0.957 0.510
v 1316.0 -206.0 -248.0 0.965 0.953 0.514
v 1366.0 -176.0 -248.0 0.984 0.965 0.510
v 1279.0 -188.0 -248.0 0.949 0.957 0.514
v 1357.0 -154.0 -248.0 0.984 0.973 0.510
v 1249.0 -162.0 -248.0 0.937 0.969 0.514
v 1218.0 -123.0 -247.0 0.925 0.984 0.514
v 1209.0 -68.0 -247.0 0.922 0.000 0.514
v 1209.0 -68.0 -247.0 0.922 0.000 0.514
v 1213.0 -26.0 -247.0 0.922 0.016 0.514
v 1357.0 -10.0 -247.0 0.980 0.024 0.510
v 1357.0 -154.0 -248.0 0.984 0.973 0.510
v 1225.0 12.0 -247.0 0.929 0.031 0.514
v 1357.0 16.0 -247.0 0.980 0.035 0.510
v 1253.0 45.0 -247.0 0.941 0.047 0.514
v 1293.0 71.0 -247.0 0.957 0.059 0.514
v 1360.0 30.0 -247.0 0.984 0.039 0.510
v 1366.0 45.0 -247.0 0.984 0.047 0.510
v 1341.0 91.0 -247.0 0.976 0.067 0.514
v 1378.0 58.0 -247.0 0.992 0.051 0.510
v 1393.0 98.0 -247.0 0.996 0.071 0.514
v 1400.0 67.0 -247.0 1.000 0.055 0.510
v 1426.0 66.0 -247.0 0.004 0.055 0.510
v 1440.0 97.0 -247.0 0.008 0.067 0.514
v 1459.0 41.0 -247.0 0.016 0.047 0.510
v 1486.0 88.0 -247.0 0.027 0.063 0.514
v 1535.0 68.0 -247.0 0.047 0.055 0.514
v -1432.0 -218.0 246.0 0.980 0.945 0.490
v -1578.0 225.0 249.0 0.941 0.055 0.490
v -1579.0 -217.0 247.0 0.941 0.945 0.490
v -1431.0 224.0 248.0 0.980 0.055 0.494
v -1431.0 77.0 248.0 0.980 0.016 0.494
v -1235.0 -71.0 247.0 0.024 0.984 0.494
v -1235.0 -218.0 246.0 0.024 0.945 0.490
v -1234.0 224.0 248.0 0.024 0.055 0.490
v -1088.0 -218.0 246.0 0.063 0.945 0.486
v -1087.0 223.0 247.0 0.063 0.055 0.490
v -1580.0 -215.0 -241.0 0.941 0.949 0.514
v -1579.0 226.0 -239.0 0.941 0.059 0.518
v -1433.0 -216.0 -241.0 0.980 0.949 0.514
v -1433.0 -216.0 -241.0 0.980 0.949 0.514
v -1579.0 226.0 -239.0 0.941 0.059 0.518
v -1432.0 226.0 -240.0 0.980 0.059 0.514
v -1236.0 -69.0 -241.0 0.024 0.988 0.510
v -1432.0 79.0 -240.0 0.980 0.020 0.510
v -1236.0 -216.0 -242.0 0.024 0.949 0.510
v -1089.0 -217.0 -242.0 0.063 0.949 0.514
v -1235.0 226.0 -240.0 0.024 0.059 0.514
v -1088.0 225.0 -240.0 0.063 0.059 0.514
v -891.0 -219.0 245.0 0.024 0.922 0.486
v -891.0 76.0 246.0 0.024 0.004 0.494
v -1038.0 76.0 247.0 0.984 0.004 0.494
v -1039.0 -219.0 246.0 0.984 0.922 0.490
v -891.0 223.0 247.0 0.024 0.051 0.494
v -1038.0 223.0 247.0 0.984 0.051 0.494
v -891.0 125.0 247.0 0.024 0.020 0.494
v -1038.0 223.0 247.0 0.984 0.051 0.494
v -1038.0 125.0 247.0 0.984 0.020 0.494
v -891.0 125.0 247.0 0.024 0.020 0.494
v -892.0 127.0 -241.0 0.020 0.024 0.510
v -1039.0 127.0 -241.0 0.980 0.024 0.510
v -1039.0 225.0 -241.0 0.980 0.055 0.510
v -892.0 225.0 -241.0 0.020 0.055 0.510
v -1039.0 78.0 -241.0 0.980 0.008 0.510
v -892.0 78.0 -241.0 0.020 0.008 0.510
v -893.0 -217.0 -243.0 0.020 0.925 0.514
v -1040.0 -217.0 -242.0 0.980 0.925 0.514
v -695.0 47.0 246.0 0.988 0.008 0.494
v -695.0 -18.0 245.0 0.992 1.000 0.494
v -676.0 2.0 245.0 0.996 0.000 0.494
v -842.0 91.0 246.0 0.941 0.020 0.490
v -842.0 -219.0 245.0 0.941 0.949 0.490
v -695.0 -219.0 245.0 0.980 0.949 0.490
v -694.0 91.0 246.0 0.980 0.020 0.494
v -640.0 17.0 245.0 0.992 0.004 0.494
v -653.0 72.0 245.0 0.992 0.016 0.494
v -676.0 2.0 245.0 0.984 0.000 0.494
v -595.0 93.0 245.0 0.000 0.024 0.494
v -653.0 72.0 245.0 0.996 0.016 0.494
v -597.0 20.0 245.0 0.000 0.004 0.494
v -574.0 14.0 245.0 0.004 0.004 0.494
v -540.0 91.0 245.0 0.012 0.024 0.494
v -556.0 -2.0 245.0 0.008 0.000 0.494
v -461.0 59.0 245.0 0.031 0.016 0.494
v -545.0 -42.0 245.0 0.012 0.992 0.494
v -545.0 -42.0 245.0 0.008 0.996 0.494
v -417.0 12.0 245.0 0.043 0.000 0.494
v -461.0 59.0 245.0 0.031 0.016 0.494
v -545.0 -42.0 245.0 0.012 0.992 0.494
v -397.0 -43.0 245.0 0.051 0.992 0.494
v -545.0 -220.0 244.0 0.012 0.945 0.494
v -398.0 -220.0 244.0 0.047 0.949 0.490
v -653.0 72.0 245.0 0.996 0.016 0.494
v -695.0 47.0 246.0 0.988 0.008 0.494
v -676.0 2.0 245.0 0.996 0.000 0.494
v -696.0 -219.0 -243.0 0.976 0.953 0.510
v -844.0 -219.0 -243.0 0.937 0.953 0.514
v -843.0 91.0 -242.0 0.937 0.024 0.514
v -696.0 91.0 -242.0 0.976 0.024 0.510
v -546.0 -220.0 -243.0 0.008 0.953 0.510
v -546.0 -42.0 -243.0 0.008 0.996 0.510
v -399.0 -43.0 -243.0 0.047 0.996 0.510
v -418.0 12.0 -243.0 0.043 0.004 0.510
v -557.0 -2.0 -243.0 0.008 0.000 0.510
v -462.0 59.0 -243.0 0.031 0.016 0.510
v -575.0 14.0 -243.0 0.000 0.004 0.510
v -541.0 91.0 -243.0 0.012 0.024 0.510
v -598.0 20.0 -243.0 0.000 0.004 0.510
v -596.0 93.0 -243.0 0.000 0.024 0.510
v -641.0 17.0 -243.0 0.992 0.004 0.510
v -654.0 72.0 -243.0 0.984 0.020 0.510
v -677.0 2.0 -243.0 0.976 0.000 0.510
v -696.0 47.0 -242.0 0.965 0.012 0.510
v -696.0 -18.0 -242.0 0.965 0.000 0.510
v -399.0 -220.0 -244.0 0.047 0.953 0.514
v -400.0 124.0 245.0 0.969 0.016 0.494
v -400.0 75.0 245.0 0.969 0.000 0.494
v -351.0 75.0 245.0 0.984 0.000 0.494
v -351.0 124.0 245.0 0.984 0.016 0.494
v -204.0 -220.0 244.0 0.020 0.922 0.486
v -351.0 173.0 245.0 0.984 0.031 0.494
v -351.0 -220.0 244.0 0.984 0.922 0.490
v -203.0 173.0 245.0 0.024 0.031 0.494
v -204.0 74.0 245.0 0.024 0.000 0.494
v -154.0 74.0 245.0 0.035 0.000 0.494
v -154.0 123.0 245.0 0.035 0.016 0.494
v -203.0 123.0 245.0 0.024 0.016 0.494
v -155.0 125.0 -243.0 0.035 0.020 0.510
v -205.0 76.0 -243.0 0.020 0.004 0.510
v -205.0 125.0 -243.0 0.020 0.020 0.510
v -156.0 76.0 -243.0 0.035 0.004 0.510
v -352.0 175.0 -242.0 0.984 0.035 0.510
v -204.0 174.0 -243.0 0.020 0.035 0.510
v -205.0 -218.0 -244.0 0.020 0.925 0.514
v -353.0 -218.0 -244.0 0.984 0.925 0.514
v -352.0 77.0 -243.0 0.980 0.004 0.510
v -401.0 126.0 -242.0 0.969 0.020 0.510
v -352.0 126.0 -243.0 0.980 0.020 0.510
v -401.0 77.0 -243.0 0.969 0.004 0.510
v 225.0 -146.0 243.0 0.078 0.969 0.486
v 232.0 -123.0 243.0 0.082 0.980 0.490
v 96.0 -124.0 243.0 0.024 0.976 0.494
v 95.0 -164.0 243.0 0.024 0.961 0.494
v 205.0 -176.0 243.0 0.071 0.957 0.490
v 85.0 -187.0 243.0 0.020 0.953 0.494
v 176.0 -199.0 243.0 0.059 0.945 0.490
v 135.0 -223.0 243.0 0.039 0.937 0.490
v 85.0 -187.0 243.0 0.020 0.953 0.494
v 64.0 -203.0 243.0 0.008 0.945 0.490
v 135.0 -223.0 243.0 0.039 0.937 0.490
v 63.0 -232.0 243.0 0.008 0.933 0.490
v 40.0 -205.0 243.0 0.000 0.945 0.490
v 4.0 -230.0 243.0 0.992 0.933 0.490
v 11.0 -197.0 243.0 0.992 0.945 0.494
v -49.0 -212.0 243.0 0.969 0.941 0.490
v -4.0 -174.0 243.0 0.988 0.957 0.494
v -9.0 -136.0 243.0 0.984 0.973 0.494
v -98.0 -186.0 243.0 0.945 0.953 0.490
v -10.0 -101.0 244.0 0.984 0.988 0.494
v -139.0 -145.0 244.0 0.929 0.969 0.490
v -152.0 -97.0 244.0 0.922 0.988 0.490
v -5.0 -73.0 244.0 0.988 1.000 0.494
v -150.0 -46.0 244.0 0.925 0.004 0.490
v -5.0 -73.0 244.0 0.988 1.000 0.494
v -4.0 -23.0 244.0 0.988 0.016 0.494
v -150.0 -46.0 244.0 0.925 0.004 0.490
v -133.0 4.0 244.0 0.933 0.027 0.490
v -97.0 46.0 244.0 0.945 0.043 0.490
v -7.0 10.0 244.0 0.984 0.027 0.494
v -1.0 29.0 244.0 0.988 0.035 0.494
v -56.0 71.0 244.0 0.965 0.055 0.490
v 8.0 43.0 244.0 0.992 0.043 0.494
v 0.0 90.0 244.0 0.988 0.063 0.490
v 25.0 56.0 244.0 1.000 0.047 0.494
v 43.0 56.0 244.0 0.000 0.047 0.494
v 52.0 93.0 244.0 0.004 0.063 0.490
v 68.0 53.0 244.0 0.012 0.047 0.494
v 100.0 87.0 244.0 0.024 0.063 0.490
v 81.0 41.0 244.0 0.016 0.043 0.494
v 149.0 70.0 244.0 0.047 0.055 0.490
v 100.0 87.0 244.0 0.024 0.063 0.490
v 81.0 41.0 244.0 0.016 0.043 0.494
v 91.0 21.0 244.0 0.020 0.035 0.494
v 183.0 48.0 244.0 0.059 0.043 0.490
v 213.0 18.0 243.0 0.075 0.031 0.490
v 90.0 -24.0 244.0 0.020 0.016 0.494
v 236.0 -26.0 243.0 0.082 0.012 0.490
v 239.0 -73.0 243.0 0.086 1.000 0.490
v 94.0 -74.0 243.0 0.024 1.000 0.494
v -4.0 -23.0 244.0 0.988 0.016 0.494
v -5.0 -73.0 244.0 0.988 1.000 0.494
v -133.0 4.0 244.0 0.933 0.027 0.490
v -7.0 10.0 244.0 0.984 0.027 0.494
v 95.0 -124.0 -245.0 0.020 0.980 0.510
v 231.0 -123.0 -245.0 0.078 0.984 0.514
v 224.0 -146.0 -245.0 0.075 0.973 0.514
v 94.0 -164.0 -245.0 0.020 0.965 0.510
v 204.0 -176.0 -245.0 0.067 0.961 0.514
v 175.0 -199.0 -245.0 0.055 0.949 0.514
v 84.0 -187.0 -245.0 0.016 0.953 0.510
v 134.0 -223.0 -245.0 0.035 0.941 0.514
v 63.0 -203.0 -245.0 0.008 0.949 0.510
v 63.0 -231.0 -245.0 0.008 0.937 0.514
v 39.0 -205.0 -245.0 0.000 0.945 0.510
v 2.0 -230.0 -245.0 0.988 0.937 0.514
v 9.0 -197.0 -245.0 0.992 0.949 0.510
v -50.0 -212.0 -245.0 0.965 0.945 0.514
v -5.0 -174.0 -245.0 0.984 0.961 0.510
v -99.0 -186.0 -244.0 0.945 0.957 0.514
v -10.0 -136.0 -244.0 0.984 0.976 0.510
v -5.0 -174.0 -245.0 0.984 0.961 0.510
v -50.0 -212.0 -245.0 0.965 0.945 0.514
v -140.0 -145.0 -244.0 0.925 0.973 0.514
v -11.0 -101.0 -244.0 0.980 0.992 0.510
v -154.0 -97.0 -244.0 0.922 0.992 0.514
v -6.0 -73.0 -244.0 0.984 0.000 0.510
v -151.0 -46.0 -244.0 0.922 0.008 0.514
v -5.0 -23.0 -244.0 0.984 0.020 0.510
v -134.0 4.0 -244.0 0.929 0.031 0.514
v -8.0 10.0 -244.0 0.984 0.031 0.510
v -99.0 46.0 -243.0 0.945 0.047 0.514
v -2.0 29.0 -244.0 0.984 0.039 0.510
v -57.0 71.0 -243.0 0.961 0.059 0.514
v 7.0 43.0 -244.0 0.988 0.047 0.510
v 7.0 43.0 -244.0 0.988 0.047 0.510
v -57.0 71.0 -243.0 0.961 0.059 0.514
v -1.0 90.0 -244.0 0.988 0.067 0.514
v 24.0 56.0 -244.0 0.996 0.051 0.510
v 42.0 56.0 -244.0 0.000 0.051 0.510
v 51.0 93.0 -244.0 0.000 0.067 0.514
v 67.0 53.0 -244.0 0.008 0.051 0.510
v 99.0 87.0 -244.0 0.024 0.067 0.514
v 80.0 41.0 -244.0 0.016 0.047 0.510
v 148.0 70.0 -244.0 0.043 0.059 0.514
v 90.0 21.0 -244.0 0.020 0.039 0.510
v 182.0 48.0 -244.0 0.059 0.047 0.514
v 212.0 18.0 -244.0 0.071 0.035 0.514
v 89.0 -24.0 -244.0 0.020 0.020 0.510
v 235.0 -26.0 -245.0 0.082 0.016 0.514
v 238.0 -73.0 -245.0 0.082 0.000 0.514
v 238.0 -73.0 -245.0 0.082 0.000 0.514
v 93.0 -74.0 -244.0 0.020 0.000 0.510
v 89.0 -24.0 -244.0 0.020 0.020 0.510
v -5.0 -23.0 -244.0 0.984 0.020 0.510
v -6.0 -73.0 -244.0 0.984 0.000 0.510
v -134.0 4.0 -244.0 0.929 0.031 0.514
v -8.0 10.0 -244.0 0.984 0.031 0.510
v 434.0 47.0 246.0 0.988 0.008 0.494
v 434.0 -18.0 245.0 0.992 1.000 0.494
v 452.0 2.0 245.0 0.996 0.000 0.494
v 287.0 91.0 246.0 0.941 0.020 0.490
v 286.0 -219.0 245.0 0.941 0.949 0.490
v 434.0 -219.0 245.0 0.980 0.949 0.490
v 434.0 91.0 246.0 0.980 0.020 0.494
v 489.0 17.0 245.0 0.992 0.004 0.494
v 476.0 72.0 245.0 0.992 0.016 0.494
v 452.0 2.0 245.0 0.984 0.000 0.494
v 534.0 93.0 245.0 0.000 0.024 0.494
v 476.0 72.0 245.0 0.996 0.016 0.494
v 531.0 20.0 245.0 0.000 0.004 0.494
v 555.0 14.0 245.0 0.004 0.004 0.494
v 589.0 91.0 245.0 0.012 0.024 0.494
v 573.0 -2.0 245.0 0.008 0.000 0.494
v 668.0 59.0 245.0 0.031 0.016 0.494
v 584.0 -42.0 245.0 0.012 0.992 0.494
v 584.0 -42.0 245.0 0.008 0.996 0.494
v 712.0 12.0 245.0 0.043 0.000 0.494
v 731.0 -43.0 245.0 0.051 0.992 0.494
v 584.0 -220.0 244.0 0.012 0.945 0.494
v 731.0 -220.0 244.0 0.047 0.949 0.490
v 476.0 72.0 245.0 0.996 0.016 0.494
v 434.0 47.0 246.0 0.988 0.008 0.494
v 452.0 2.0 245.0 0.996 0.000 0.494
v 432.0 -219.0 -243.0 0.976 0.953 0.510
v 285.0 -219.0 -243.0 0.937 0.953 0.514
v 286.0 91.0 -242.0 0.937 0.024 0.514
v 433.0 91.0 -242.0 0.976 0.024 0.510
v 582.0 -220.0 -243.0 0.008 0.953 0.510
v 583.0 -42.0 -243.0 0.008 0.996 0.510
v 730.0 -43.0 -243.0 0.047 0.996 0.510
v 711.0 12.0 -243.0 0.043 0.004 0.510
v 572.0 -2.0 -243.0 0.008 0.000 0.510
v 667.0 59.0 -243.0 0.031 0.016 0.510
v 554.0 14.0 -243.0 0.000 0.004 0.510
v 588.0 91.0 -243.0 0.012 0.024 0.510
v 530.0 20.0 -243.0 0.000 0.004 0.510
v 533.0 93.0 -243.0 0.000 0.024 0.510
v 588.0 91.0 -243.0 0.012 0.024 0.510
v 530.0 20.0 -243.0 0.000 0.004 0.510
v 488.0 17.0 -243.0 0.992 0.004 0.510
v 475.0 72.0 -243.0 0.984 0.020 0.510
v 451.0 2.0 -243.0 0.976 0.000 0.510
v 433.0 47.0 -242.0 0.965 0.012 0.510
v 433.0 -18.0 -242.0 0.965 0.000 0.510
v 730.0 -43.0 -243.0 0.047 0.996 0.510
v 730.0 -220.0 -244.0 0.047 0.953 0.514
v 582.0 -220.0 -243.0 0.008 0.953 0.510
v 910.0 93.0 242.0 0.996 0.031 0.494
v 936.0 37.0 242.0 0.000 0.016 0.494
v 956.0 48.0 242.0 0.000 0.020 0.494
v 1021.0 72.0 242.0 0.016 0.027 0.494
v 1002.0 40.0 242.0 0.012 0.020 0.494
v 1024.0 12.0 242.0 0.016 0.012 0.494
v 991.0 85.0 242.0 0.008 0.031 0.494
v 982.0 49.0 242.0 0.008 0.020 0.494
v 964.0 94.0 242.0 0.000 0.031 0.494
v 956.0 48.0 242.0 0.000 0.020 0.494
v 910.0 93.0 242.0 0.996 0.031 0.494
v 846.0 74.0 242.0 0.980 0.027 0.494
v 936.0 37.0 242.0 0.000 0.016 0.494
v 925.0 22.0 242.0 1.000 0.012 0.494
v 806.0 41.0 242.0 0.969 0.020 0.494
v 920.0 0.0 242.0 1.000 0.008 0.494
v 780.0 -8.0 242.0 0.965 0.004 0.494
v 774.0 -72.0 242.0 0.961 0.996 0.494
v 921.0 -138.0 241.0 1.000 0.980 0.494
v 921.0 -138.0 241.0 1.000 0.980 0.494
v 774.0 -72.0 242.0 0.961 0.996 0.494
v 791.0 -131.0 242.0 0.965 0.984 0.494
v 822.0 -177.0 241.0 0.973 0.973 0.494
v 864.0 -206.0 241.0 0.984 0.965 0.494
v 932.0 -157.0 241.0 1.000 0.976 0.494
v 919.0 -221.0 241.0 1.000 0.961 0.494
v 953.0 -175.0 241.0 0.000 0.973 0.494
v 977.0 -223.0 241.0 0.004 0.961 0.494
v 977.0 -180.0 241.0 0.004 0.969 0.494
v 996.0 -178.0 241.0 0.012 0.969 0.494
v 1019.0 -207.0 241.0 0.016 0.965 0.494
v 1023.0 -149.0 241.0 0.016 0.976 0.494
v 1040.0 -223.0 241.0 0.020 0.961 0.494
v 1171.0 219.0 242.0 0.055 0.063 0.490
v 1021.0 72.0 242.0 0.016 0.027 0.494
v 1024.0 12.0 242.0 0.016 0.012 0.494
v 1171.0 219.0 242.0 0.055 0.063 0.490
v 1023.0 -149.0 241.0 0.016 0.976 0.494
v 1040.0 -223.0 241.0 0.020 0.961 0.494
v 1171.0 -223.0 240.0 0.055 0.961 0.490
v 1024.0 219.0 242.0 0.016 0.063 0.490
v 1023.0 12.0 -246.0 0.016 0.016 0.510
v 1001.0 40.0 -246.0 0.008 0.024 0.510
v 1020.0 72.0 -246.0 0.016 0.031 0.510
v 990.0 85.0 -246.0 0.008 0.035 0.510
v 981.0 49.0 -246.0 0.004 0.024 0.510
v 963.0 94.0 -246.0 0.000 0.035 0.510
v 954.0 48.0 -246.0 0.000 0.024 0.510
v 909.0 93.0 -246.0 0.992 0.035 0.510
v 909.0 93.0 -246.0 0.992 0.035 0.510
v 935.0 37.0 -246.0 1.000 0.020 0.510
v 845.0 74.0 -246.0 0.976 0.031 0.510
v 924.0 22.0 -246.0 0.996 0.016 0.510
v 805.0 41.0 -246.0 0.969 0.024 0.510
v 919.0 0.0 -246.0 0.996 0.012 0.510
v 779.0 -8.0 -246.0 0.961 0.008 0.510
v 773.0 -72.0 -246.0 0.961 1.000 0.510
v 920.0 -138.0 -247.0 0.996 0.984 0.510
v 790.0 -131.0 -246.0 0.965 0.984 0.510
v 821.0 -177.0 -247.0 0.973 0.976 0.510
v 863.0 -206.0 -247.0 0.980 0.969 0.510
v 930.0 -157.0 -247.0 1.000 0.980 0.510
v 918.0 -221.0 -247.0 0.996 0.965 0.510
v 952.0 -175.0 -247.0 0.000 0.976 0.510
v 918.0 -221.0 -247.0 0.996 0.965 0.510
v 976.0 -180.0 -247.0 0.004 0.973 0.510
v 976.0 -223.0 -247.0 0.004 0.965 0.510
v 952.0 -175.0 -247.0 0.000 0.976 0.510
v 995.0 -178.0 -247.0 0.008 0.973 0.510
v 1018.0 -207.0 -247.0 0.012 0.969 0.510
v 1038.0 -223.0 -247.0 0.020 0.965 0.510
v 1022.0 -149.0 -247.0 0.016 0.980 0.510
v 1170.0 219.0 -246.0 0.051 0.067 0.514
v 1023.0 12.0 -246.0 0.016 0.016 0.510
v 1020.0 72.0 -246.0 0.016 0.031 0.510
v 1169.0 -223.0 -248.0 0.051 0.965 0.514
v 1023.0 219.0 -245.0 0.016 0.067 0.514
v 954.0 48.0 -246.0 0.000 0.024 0.510
v 935.0 37.0 -246.0 1.000 0.020 0.510
v 909.0 93.0 -246.0 0.992 0.035 0.510
vt 0.0000 1.0000
vn 0.032 -0.999 -0.000
vn 0.059 -0.998 -0.000
vn 0.032 -0.999 -0.000
vn 0.110 -0.994 -0.000
vn 0.349 -0.937 -0.001
vn 0.426 -0.905 -0.001
vn 0.556 -0.831 -0.001
vn 0.618 -0.786 -0.001
vn 0.726 -0.687 -0.001
vn 0.780 -0.626 -0.002
vn 0.869 -0.495 -0.002
vn 0.904 -0.428 -0.002
vn 0.959 -0.284 -0.002
vn 0.978 -0.207 -0.002
vn 0.992 -0.129 -0.002
vn 0.992 -0.129 -0.002
vn 0.992 0.123 -0.002
vn 0.980 0.199 -0.002
vn 0.992 0.123 -0.002
vn 0.961 0.277 -0.002
vn 0.907 0.422 -0.002
vn 0.873 0.487 -0.002
vn 0.784 0.621 -0.002
vn 0.728 0.685 -0.001
vn 0.620 0.784 -0.001
vn 0.560 0.829 -0.001
vn 0.431 0.902 -0.001
vn 0.357 0.934 -0.001
vn 0.116 0.993 -0.000
vn 0.061 0.998 -0.000
vn 0.032 0.999 -0.000
vn 0.032 0.999 -0.000
vn 0.003 1.000 -0.000
vn 0.002 1.000 -0.000
vn 0.003 1.000 -0.000
vn 0.002 1.000 -0.000
vn -0.001 1.000 0.000
vn -0.006 1.000 0.000
vn -0.049 0.999 0.000
vn -0.083 0.997 0.000
vn -0.347 0.938 0.001
vn -0.423 0.906 0.001
vn -0.540 0.842 0.001
vn -0.608 0.794 0.001
vn -0.726 0.687 0.001
vn -0.780 0.626 0.002
vn -0.830 0.558 0.002
vn -0.830 0.558 0.002
vn -0.934 0.358 0.002
vn -0.959 0.284 0.002
vn -0.934 0.358 0.002
vn -0.978 0.207 0.002
vn -0.999 0.042 0.002
vn -0.999 -0.042 0.002
vn -0.980 -0.199 0.002
vn -0.961 -0.277 0.002
vn -0.907 -0.422 0.002
vn -0.873 -0.487 0.002
vn -0.784 -0.621 0.002
vn -0.728 -0.685 0.001
vn -0.640 -0.769 0.001
vn -0.592 -0.806 0.001
vn -0.517 -0.856 0.001
vn -0.517 -0.856 0.001
vn -0.316 -0.949 0.001
vn -0.164 -0.986 0.000
vn -0.316 -0.949 0.001
vn -0.082 -0.997 0.000
vn -0.007 -1.000 0.000
vn -0.007 -1.000 0.000
vn -0.002 -1.000 0.000
vn -0.002 -1.000 0.000
vn -0.001 -1.000 0.000
vn -0.001 -1.000 0.000
vn 0.007 1.000 0.004
vn 0.007 1.000 0.004
vn 0.007 1.000 0.004
vn 0.007 1.000 0.004
vn 1.000 -0.002 -0.002
vn 1.000 -0.002 -0.002
vn 1.000 -0.002 -0.002
vn 1.000 -0.002 -0.002
vn 0.000 -1.000 -0.004
vn -0.003 -1.000 -0.003
vn -0.003 -1.000 -0.003
vn -0.007 -1.000 -0.002
vn -1.000 0.003 0.002
vn -1.000 0.003 0.002
vn -1.000 0.003 0.002
vn -1.000 0.003 0.002
vn -0.833 -0.553 -0.001
vn -0.833 -0.553 -0.001
vn -0.833 -0.553 -0.001
vn -0.833 -0.553 -0.001
vn 0.833 0.553 0.001
vn 0.833 0.553 0.001
vn 0.833 0.553 0.001
vn 0.833 0.553 0.001
vn -1.000 0.002 0.002
vn -1.000 0.002 0.002
vn -1.000 0.002 0.002
vn -1.000 0.002 0.002
vn -0.007 -1.000 -0.004
vn -0.007 -1.000 -0.004
vn -0.007 -1.000 -0.004
vn -0.007 -1.000 -0.004
vn 1.000 -0.003 -0.002
vn 1.000 -0.003 -0.002
vn 1.000 -0.003 -0.002
vn 1.000 -0.003 -0.002
vn 0.003 1.000 0.003
vn 0.000 1.000 0.004
vn 0.003 1.000 0.003
vn 0.007 1.000 0.002
vn 0.000 1.000 0.004
vn 0.000 1.000 0.004
vn 0.000 1.000 0.004
vn 0.000 1.000 0.004
vn 1.000 0.000 -0.002
vn 1.000 0.000 -0.002
vn 1.000 0.000 -0.002
vn 1.000 0.000 -0.002
vn 0.000 -1.000 -0.004
vn 0.000 -1.000 -0.004
vn 0.000 -1.000 -0.004
vn 0.000 -1.000 -0.004
vn -1.000 0.000 0.002
vn -1.000 0.000 0.002
vn -1.000 0.000 0.002
vn -1.000 0.000 0.002
vn 0.000 1.000 0.004
vn 0.000 1.000 0.004
vn 0.000 1.000 0.004
vn 0.000 1.000 0.004
vn -1.000 0.003 0.002
vn -1.000 0.003 0.002
vn -1.000 0.003 0.002
vn -1.000 0.003 0.002
vn -0.000 -1.000 -0.004
vn -0.000 -1.000 -0.004
vn -0.000 -1.000 -0.004
vn -0.000 -1.000 -0.004
vn 1.000 -0.002 -0.003
vn 1.000 -0.003 -0.002
vn 1.000 -0.002 -0.003
vn 1.000 0.000 -0.004
vn 1.000 0.000 -0.002
vn 1.000 0.000 -0.002
vn 1.000 0.000 -0.002
vn 1.000 0.000 -0.002
vn -1.000 -0.000 0.002
vn -1.000 -0.028 0.002
vn -1.000 -0.000 0.002
vn -0.996 -0.085 0.002
vn -0.923 -0.385 0.002
vn -0.837 -0.547 0.002
vn -0.541 -0.841 0.001
vn -0.401 -0.916 0.001
vn -0.101 -0.995 0.000
vn 0.000 -1.000 0.000
vn 0.070 -0.998 -0.000
vn 0.070 -0.998 -0.000
vn 0.482 -0.876 -0.001
vn 0.385 -0.923 -0.001
vn 0.385 -0.923 -0.001
vn 0.596 -0.803 -0.001
vn 0.725 -0.689 -0.001
vn 0.725 -0.689 -0.001
vn 0.851 0.525 -0.002
vn 0.730 0.683 -0.001
vn 0.884 0.467 -0.002
vn 0.991 0.135 -0.004
vn 0.999 0.046 -0.003
vn 1.000 -0.003 -0.003
vn 1.000 -0.006 -0.002
vn -0.511 0.859 0.001
vn -0.511 0.859 0.001
vn -0.511 0.859 0.001
vn -0.511 0.859 0.001
vn -0.390 0.921 0.001
vn -0.418 0.908 0.001
vn -0.228 0.974 0.000
vn -0.101 0.995 0.000
vn 0.187 0.982 -0.000
vn 0.296 0.955 -0.001
vn 0.482 0.876 -0.001
vn 0.540 0.841 -0.001
vn 0.730 0.683 -0.001
vn 0.000 -1.000 0.000
vn 0.000 -1.000 0.000
vn 0.000 -1.000 0.000
vn 0.000 -1.000 0.000
vn -1.000 0.002 0.003
vn -1.000 0.002 0.003
vn -1.000 0.003 0.004
vn -1.000 -0.000 0.002
vn 0.000 1.000 0.000
vn 0.000 1.000 0.000
vn 0.000 1.000 0.000
vn 0.000 1.000 0.000
vn 1.000 -0.023 -0.004
vn 1.000 -0.011 -0.003
vn 1.000 -0.011 -0.003
vn 1.000 0.000 -0.002
vn 0.000 -1.000 0.000
vn 0.000 -1.000 0.000
vn 0.000 -1.000 0.000
vn 0.000 -1.000 0.000
vn -1.000 -0.000 0.002
vn -1.000 -0.000 0.002
vn -1.000 -0.000 0.002
vn -1.000 0.000 0.002
vn 0.007 1.000 0.002
vn 0.003 1.000 0.003
vn 0.003 1.000 0.003
vn 0.000 1.000 0.004
vn 1.000 -0.010 -0.003
vn 1.000 0.000 -0.002
vn 1.000 -0.010 -0.003
vn 1.000 -0.020 -0.004
vn 1.000 0.000 -0.002
vn 1.000 0.000 -0.002
vn 1.000 0.000 -0.002
vn 1.000 0.000 -0.002
vn 0.000 -1.000 -0.004
vn 0.000 -1.000 -0.004
vn 0.000 -1.000 -0.004
vn 0.000 -1.000 -0.004
vn -1.000 0.002 0.003
vn -1.000 0.003 0.002
vn -1.000 0.002 0.003
vn -1.000 -0.000 0.004
vn 0.000 1.000 0.004
vn 0.000 1.000 0.004
vn 0.000 1.000 0.004
vn 0.000 1.000 0.004
vn 0.000 -1.000 -0.004
vn 0.000 -1.000 -0.004
vn 0.000 -1.000 -0.004
vn 0.000 -1.000 -0.004
vn -1.000 -0.000 0.002
vn -1.000 -0.000 0.002
vn -1.000 -0.000 0.002
vn -1.000 0.000 0.002
vn 0.000 -1.000 -0.004
vn 0.000 -1.000 -0.004
vn 0.000 -1.000 -0.004
vn 0.000 -1.000 -0.004
vn 0.000 1.000 0.004
vn 0.000 1.000 0.004
vn 0.000 1.000 0.004
vn 0.000 1.000 0.004
vn 1.000 -0.010 -0.003
vn 1.000 -0.020 -0.002
vn 1.000 -0.010 -0.003
vn 1.000 0.000 -0.004
vn 0.996 0.091 -0.002
vn 1.000 0.000 -0.002
vn 0.996 0.091 -0.002
vn 0.992 -0.126 -0.002
vn 0.927 -0.374 -0.002
vn 0.891 -0.455 -0.002
vn 0.761 -0.649 -0.002
vn 0.681 -0.732 -0.001
vn 0.447 -0.894 -0.001
vn 0.238 -0.971 -0.000
vn -0.049 -0.999 0.000
vn -0.088 -0.996 0.000
vn -0.275 -0.962 0.001
vn -0.468 -0.884 0.001
vn -0.678 -0.735 0.001
vn -0.678 -0.735 0.001
vn -0.894 -0.447 0.002
vn -0.976 -0.218 0.002
vn -0.894 -0.447 0.002
vn -0.997 -0.073 0.002
vn -1.000 0.022 0.002
vn -1.000 0.022 0.002
vn 0.011 1.000 -0.000
vn 0.011 1.000 -0.000
vn 0.011 1.000 -0.000
vn 0.011 1.000 -0.000
vn 0.000 -1.000 0.000
vn 0.000 -1.000 0.000
vn 0.000 -1.000 0.000
vn 0.000 -1.000 0.000
vn -1.000 0.025 0.002
vn -0.993 0.116 0.002
vn -1.000 0.025 0.002
vn -0.971 0.237 0.002
vn -0.834 0.552 0.002
vn -0.727 0.687 0.001
vn -0.458 0.889 0.001
vn -0.278 0.960 0.001
vn 0.051 0.999 -0.000
vn 0.166 0.986 -0.001
vn 0.262 0.965 -0.001
vn 0.266 0.964 -0.001
vn 0.854 0.520 -0.004
vn 0.927 0.375 -0.002
vn 0.846 0.533 -0.003
vn 0.970 0.245 -0.002
vn 0.995 0.099 -0.002
vn 0.998 0.065 -0.002
vn 1.000 -0.031 -0.002
vn 0.995 -0.098 -0.002
vn 0.984 -0.176 -0.002
vn 0.984 -0.176 -0.002
vn -0.007 1.000 0.000
vn -0.007 1.000 0.000
vn -0.007 1.000 0.000
vn -0.007 1.000 0.000
vn 0.769 -0.639 -0.002
vn 0.832 -0.555 -0.002
vn 0.832 -0.555 -0.002
vn 0.698 -0.716 -0.001
vn 0.557 -0.830 -0.001
vn 0.557 -0.830 -0.001
vn 0.347 -0.938 -0.001
vn 0.217 -0.976 -0.001
vn 0.074 -0.997 -0.001
vn 0.026 -1.000 -0.001
vn -0.121 -0.993 -0.000
vn -0.218 -0.976 0.001
vn -0.373 -0.928 0.001
vn -0.423 -0.906 0.001
vn -0.469 -0.883 0.001
vn -0.469 -0.883 0.001
vn -0.707 -0.707 0.001
vn -0.807 -0.590 0.002
vn -0.707 -0.707 0.001
vn -0.896 -0.445 0.002
vn -0.986 -0.168 0.003
vn -0.998 -0.060 0.003
vn -0.990 0.143 0.003
vn -0.971 0.238 0.002
vn -0.897 0.442 0.002
vn -0.836 0.549 0.002
vn -0.698 0.717 0.002
vn -0.615 0.789 0.002
vn -0.445 0.896 0.001
vn -0.379 0.926 0.001
vn -0.321 0.947 0.001
vn -0.321 0.947 0.001
vn -0.058 0.998 0.000
vn 0.030 1.000 -0.000
vn -0.058 0.998 0.000
vn 0.030 1.000 -0.000
vn 0.196 0.981 -0.000
vn 0.264 0.964 -0.001
vn 0.391 0.921 -0.001
vn 0.462 0.887 -0.001
vn 0.631 0.776 -0.001
vn 0.631 0.776 -0.001
vn 0.813 0.582 -0.002
vn 0.813 0.582 -0.002
vn 0.940 0.341 -0.002
vn 0.979 0.206 -0.002
vn 0.998 0.064 -0.002
vn 0.998 0.064 -0.002
vn 0.957 -0.291 -0.002
vn 0.957 -0.291 -0.002
vn 0.957 -0.291 -0.002
vn 0.957 -0.291 -0.002
vn -1.000 0.003 0.002
vn -1.000 0.003 0.002
vn -1.000 0.003 0.002
vn -1.000 0.003 0.002
vn 1.000 0.000 -0.002
vn 1.000 0.000 -0.002
vn 1.000 0.000 -0.002
vn 1.000 0.000 -0.002
vn 0.000 1.000 0.000
vn 0.000 1.000 0.000
vn 0.000 1.000 0.000
vn 0.000 1.000 0.000
vn 0.000 -1.000 0.000
vn 0.000 -1.000 0.000
vn 0.000 -1.000 0.000
vn 0.000 -1.000 0.000
vn 1.000 -0.002 -0.003
vn 1.000 0.000 -0.004
vn 1.000 -0.002 -0.003
vn 1.000 -0.005 -0.002
vn -1.000 -0.000 0.004
vn -1.000 -0.025 0.003
vn -1.000 0.003 0.003
vn -0.997 -0.081 0.002
vn -0.923 -0.385 0.002
vn -0.837 -0.547 0.002
vn -0.535 -0.845 0.001
vn -0.391 -0.921 0.001
vn -0.100 -0.995 0.000
vn 0.000 -1.000 0.000
vn 0.071 -0.997 -0.000
vn 0.071 -0.997 -0.000
vn 0.478 -0.879 -0.001
vn 0.376 -0.927 -0.001
vn 0.376 -0.927 -0.001
vn 0.602 -0.799 -0.001
vn 0.743 -0.669 -0.002
vn 0.743 -0.669 -0.002
vn 0.000 -1.000 0.000
vn 0.000 -1.000 0.000
vn 0.000 -1.000 0.000
vn 0.000 -1.000 0.000
vn 0.851 0.525 -0.002
vn 0.730 0.683 -0.001
vn 0.886 0.463 -0.002
vn 0.991 0.131 -0.002
vn 0.997 0.082 -0.002
vn 1.000 0.000 -0.002
vn 1.000 0.000 -0.002
vn 1.000 0.000 -0.002
vn 1.000 0.000 -0.002
vn -0.511 0.859 0.001
vn -0.511 0.859 0.001
vn -0.418 0.908 0.001
vn -0.418 0.908 0.001
vn -0.228 0.974 0.000
vn -0.101 0.995 0.000
vn 0.187 0.982 -0.000
vn 0.296 0.955 -0.001
vn 0.482 0.876 -0.001
vn 0.540 0.841 -0.001
vn 0.730 0.683 -0.001
vn -1.000 0.020 0.002
vn -1.000 0.020 0.002
vn -1.000 0.020 0.002
vn -1.000 0.020 0.002
vn -0.615 -0.788 0.002
vn -0.625 -0.781 0.003
vn -0.615 -0.788 0.002
vn -0.606 -0.795 0.001
vn 0.038 -0.999 -0.000
vn 0.334 -0.943 -0.001
vn 0.258 -0.966 -0.001
vn 0.595 -0.804 -0.002
vn 0.699 -0.716 -0.001
vn 0.887 -0.461 -0.002
vn 0.942 -0.335 -0.002
vn 0.999 -0.049 -0.002
vn 1.000 -0.010 -0.002
vn 0.999 0.041 -0.002
vn 0.992 0.124 -0.002
vn 0.793 0.609 -0.003
vn 0.714 0.701 -0.002
vn 0.522 0.853 -0.002
vn 0.455 0.890 -0.001
vn 0.204 0.979 -0.000
vn 0.070 0.998 -0.000
vn 0.204 0.979 -0.000
vn 0.016 1.000 -0.000
vn -0.635 0.773 0.001
vn -0.453 0.892 0.001
vn -0.970 0.244 0.002
vn -0.997 0.082 0.002
vn -0.998 -0.057 0.002
vn -0.981 -0.194 0.002
vn -0.713 -0.702 0.001
vn -0.596 -0.803 0.001
vn -0.246 -0.969 0.001
vn -0.168 -0.986 0.000
vn 0.037 -0.999 -0.000
vn 0.398 0.918 -0.001
vn 0.398 0.918 -0.001
vn 0.360 0.933 -0.001
vn 0.360 0.933 -0.001
vn 0.098 0.995 -0.000
vn 0.098 0.995 -0.000
vn -0.121 0.993 0.000
vn -0.210 0.978 0.000
vn -0.389 0.921 0.001
vn -0.508 0.861 0.001
vn -0.735 0.678 0.002
vn -0.818 0.575 0.002
vn -0.941 0.337 0.002
vn -0.978 0.210 0.002
vn -0.996 0.093 0.002
vn -0.996 0.093 0.002
vn -0.961 -0.277 0.002
vn -0.909 -0.416 0.002
vn -0.961 -0.277 0.002
vn -0.909 -0.416 0.002
vn -0.758 -0.652 0.002
vn -0.671 -0.742 0.001
vn -0.413 -0.911 0.001
vn -0.413 -0.911 0.001
vn -0.187 -0.982 0.000
vn -0.110 -0.994 0.000
vn 0.076 -0.997 -0.000
vn 0.207 -0.978 -0.000
vn 0.356 -0.934 -0.001
vn 0.356 -0.934 -0.001
vn 0.000 -1.000 0.000
vn 0.000 -1.000 0.000
vn 0.000 -1.000 0.000
vn 0.000 -1.000 0.000
vn 1.000 -0.001 -0.003
vn 1.000 0.000 -0.004
vn 1.000 -0.001 -0.003
vn 1.000 -0.002 -0.002
vn 0.000 1.000 0.000
vn 0.000 1.000 0.000
vn 0.000 1.000 0.000
vn 0.000 1.000 0.000
vn -0.301 -0.954 0.000
vn -0.301 -0.954 0.000
vn -0.122 -0.993 0.000
vn 0.070 -0.998 0.000
vn 0.398 -0.917 0.000
vn 0.535 -0.845 0.000
vn 0.655 -0.756 0.000
vn 0.655 -0.756 0.000
vn 0.954 -0.301 0.000
vn 0.954 -0.301 0.000
vn 0.993 -0.120 0.000
vn 0.998 0.068 0.000
vn 0.914 0.406 0.000
vn 0.824 0.567 0.000
vn 0.586 0.810 0.000
vn 0.447 0.894 0.000
vn 0.139 0.990 0.000
vn -0.035 0.999 0.000
vn -0.383 0.924 0.000
vn -0.547 0.837 0.000
vn -0.794 0.608 0.000
vn -0.887 0.461 0.000
vn -0.954 0.301 0.000
vn -0.954 0.301 0.000
vn -0.970 -0.243 0.000
vn -0.970 -0.243 0.000
vn -0.914 -0.406 0.000
vn -0.824 -0.567 0.000
vn -0.707 -0.707 0.000
vn -0.707 -0.707 0.000
vn -0.034 0.999 0.000
vn 0.021 1.000 -0.000
vn 0.021 1.000 -0.000
vn -0.086 0.996 0.000
vn -0.218 0.976 0.000
vn -0.303 0.953 0.001
vn -0.437 0.900 0.001
vn -0.490 0.872 0.001
vn -0.622 0.783 0.001
vn -0.696 0.718 0.002
vn -0.837 0.547 0.003
vn -0.899 0.437 0.003
vn -0.971 0.239 0.003
vn -0.987 0.162 0.002
vn -0.995 0.095 0.002
vn -0.995 0.095 0.002
vn -0.950 -0.312 0.002
vn -0.987 -0.161 0.002
vn -0.987 -0.161 0.002
vn -0.882 -0.471 0.002
vn -0.749 -0.663 0.002
vn -0.707 -0.707 0.001
vn -0.585 -0.811 0.001
vn -0.512 -0.859 0.001
vn -0.402 -0.916 0.001
vn -0.366 -0.931 0.001
vn -0.314 -0.950 0.001
vn -0.294 -0.956 0.001
vn -0.196 -0.981 0.000
vn -0.107 -0.994 0.000
vn 0.000 -1.000 0.000
vn 0.000 -1.000 0.000
vn 0.121 -0.993 -0.000
vn 0.000 -1.000 0.000
vn 0.000 -1.000 0.000
vn 0.206 -0.979 -0.001
vn 0.362 -0.932 -0.001
vn 0.478 -0.878 -0.002
vn 0.650 -0.760 -0.002
vn 0.678 -0.735 -0.001
vn 0.742 -0.670 -0.002
vn 0.779 -0.626 -0.002
vn 0.884 -0.467 -0.003
vn 0.949 -0.316 -0.003
vn 0.997 -0.073 -0.003
vn 1.000 -0.026 -0.002
vn 1.000 0.024 -0.002
vn 1.000 0.024 -0.002
vn 0.882 0.472 -0.002
vn 0.933 0.359 -0.002
vn 0.933 0.359 -0.002
vn 0.818 0.575 -0.002
vn 0.714 0.700 -0.002
vn 0.675 0.737 -0.002
vn 0.552 0.834 -0.002
vn 0.465 0.885 -0.001
vn 0.322 0.947 -0.001
vn 0.260 0.966 -0.001
vn 0.192 0.981 -0.000
vn 0.192 0.981 -0.000
vn -0.430 -0.903 0.002
vn -0.438 -0.899 0.001
vn -0.438 -0.899 0.001
vn -0.447 -0.894 0.001
vn -0.781 -0.625 0.002
vn -0.800 -0.600 0.003
vn -0.768 -0.640 0.002
vn -0.829 -0.559 0.003
vn -0.992 -0.124 0.004
vn -1.000 -0.025 0.003
vn -1.000 0.004 0.003
vn -1.000 -0.007 0.002
vn -1.000 0.005 0.002
vn -0.998 0.064 0.002
vn -0.903 0.429 0.002
vn -0.881 0.473 0.002
vn -0.698 0.716 0.002
vn -0.531 0.847 0.002
vn -0.386 0.922 0.001
vn -0.379 0.926 0.001
vn 0.000 1.000 0.000
vn 0.079 0.997 -0.000
vn 0.000 1.000 0.000
vn 0.157 0.988 -0.000
vn 0.296 0.955 -0.001
vn 0.368 0.930 -0.001
vn 0.613 0.790 -0.002
vn 0.621 0.784 -0.001
vn 0.861 0.509 -0.003
vn 0.898 0.441 -0.004
vn 0.995 0.101 -0.004
vn 0.999 0.032 -0.003
vn 1.000 0.003 -0.003
vn 1.000 0.000 -0.002
vn 1.000 0.000 -0.002
vn 1.000 0.000 -0.002
vn 0.978 -0.210 -0.002
vn 0.963 -0.269 -0.002
vn 0.978 -0.210 -0.002
vn 0.940 -0.342 -0.003
vn 0.865 -0.503 -0.003
vn 0.798 -0.603 -0.003
vn 0.606 -0.796 -0.002
vn 0.491 -0.871 -0.002
vn 0.239 -0.971 -0.001
vn 0.094 -0.996 -0.000
vn -0.038 -0.999 0.000
vn -0.037 -0.999 0.000
vn -0.004 1.000 0.000
vn -0.026 1.000 0.000
vn -0.026 1.000 0.000
vn 0.000 1.000 0.000
vn 0.002 1.000 -0.000
vn 0.002 1.000 -0.000
vn 0.003 1.000 -0.000
vn 0.002 1.000 -0.000
vn 0.024 1.000 -0.000
vn 0.047 0.999 -0.000
vn 0.168 0.986 -0.000
vn 0.297 0.955 -0.001
vn 0.532 0.847 -0.001
vn 0.604 0.797 -0.002
vn 0.676 0.737 -0.002
vn 0.678 0.735 -0.003
vn 0.834 0.552 -0.003
vn 0.870 0.493 -0.002
vn 0.831 0.556 -0.003
vn 0.905 0.425 -0.002
vn 0.962 0.274 -0.003
vn 0.980 0.198 -0.003
vn 0.999 0.041 -0.003
vn 0.999 -0.045 -0.002
vn 0.978 -0.210 -0.002
vn 0.958 -0.285 -0.002
vn 0.904 -0.427 -0.002
vn 0.869 -0.494 -0.002
vn 0.779 -0.627 -0.003
vn 0.723 -0.690 -0.003
vn 0.668 -0.744 -0.003
vn 0.668 -0.744 -0.003
vn 0.474 -0.881 -0.002
vn 0.387 -0.922 -0.001
vn 0.476 -0.880 -0.001
vn 0.389 -0.921 -0.001
vn 0.096 -0.995 -0.000
vn 0.050 -0.999 -0.000
vn 0.005 -1.000 -0.000
vn 0.001 -1.000 -0.000
vn -0.002 -1.000 0.000
vn -0.003 -1.000 0.000
vn -0.006 -1.000 0.000
vn -0.010 -1.000 0.000
vn -0.076 -0.997 0.000
vn -0.147 -0.989 0.000
vn -0.280 -0.960 0.001
vn -0.280 -0.960 0.001
vn -0.571 -0.821 0.001
vn -0.498 -0.867 0.001
vn -0.498 -0.867 0.001
vn -0.630 -0.776 0.002
vn -0.730 -0.684 0.003
vn -0.782 -0.623 0.003
vn -0.870 -0.493 0.002
vn -0.905 -0.425 0.002
vn -0.962 -0.274 0.003
vn -0.980 -0.198 0.003
vn -0.999 -0.041 0.003
vn -0.999 0.045 0.002
vn -0.978 0.210 0.002
vn -0.958 0.285 0.002
vn -0.933 0.360 0.002
vn -0.933 0.360 0.002
vn -0.831 0.556 0.003
vn -0.779 0.627 0.003
vn -0.834 0.552 0.002
vn -0.723 0.690 0.003
vn -0.607 0.795 0.002
vn -0.543 0.840 0.002
vn -0.423 0.906 0.001
vn -0.344 0.939 0.001
vn -0.213 0.977 0.000
vn -0.213 0.977 0.000
vn 0.007 -0.007 1.000
vn 0.000 0.000 1.000
vn 0.008 -0.010 1.000
vn 0.008 -0.010 1.000
vn 0.005 -0.008 1.000
vn 0.000 0.000 1.000
vn 0.000 0.000 1.000
vn 0.000 0.000 1.000
vn 0.000 0.000 1.000
vn 0.000 0.000 1.000
vn 0.000 0.000 1.000
vn 0.000 0.000 1.000
vn 0.000 0.000 1.000
vn 0.000 0.000 1.000
vn 0.003 0.000 1.000
vn 0.002 -0.006 1.000
vn 0.002 -0.013 1.000
vn 0.002 -0.010 1.000
vn 0.002 -0.008 1.000
vn 0.002 -0.006 1.000
vn 0.002 -0.007 1.000
vn 0.002 -0.011 1.000
vn 0.002 -0.001 1.000
vn 0.006 -0.004 1.000
vn 0.003 -0.002 1.000
vn 0.002 -0.002 1.000
vn 0.004 -0.005 1.000
vn 0.006 -0.007 1.000
vn 0.002 -0.004 1.000
vn 0.000 0.000 1.000
vn 0.002 -0.003 1.000
vn 0.005 -0.006 1.000
vn 0.003 -0.005 1.000
vn 0.003 -0.005 1.000
vn 0.001 -0.004 1.000
vn 0.001 -0.005 1.000
vn 0.003 -0.010 1.000
vn 0.003 -0.003 1.000
vn 0.015 -0.002 1.000
vn 0.007 -0.007 1.000
vn -0.002 -0.006 1.000
vn 0.000 0.000 1.000
vn 0.000 0.000 1.000
vn 0.000 0.000 1.000
vn 0.000 0.000 1.000
vn 0.000 0.000 1.000
vn 0.000 0.000 1.000
vn 0.000 0.000 1.000
vn 0.000 0.000 1.000
vn 0.000 0.000 1.000
vn 0.000 0.000 1.000
vn 0.000 0.000 1.000
vn 0.000 0.000 1.000
vn 0.003 -0.007 1.000
vn 0.003 -0.010 1.000
vn 0.002 0.000 1.000
vn 0.003 -0.010 1.000
vn 0.002 -0.007 1.000
vn 0.002 -0.000 1.000
vn 0.000 0.000 1.000
vn 0.000 0.000 1.000
vn 0.004 -0.002 1.000
vn 0.008 -0.005 1.000
vn 0.007 -0.004 1.000
vn 0.003 -0.002 1.000
vn 0.000 0.000 1.000
vn 0.000 0.000 1.000
vn 0.000 0.000 1.000
vn 0.000 0.000 1.000
vn 0.003 -0.007 1.000
vn 0.005 -0.009 1.000
vn 0.005 -0.011 1.000
vn 0.001 -0.004 1.000
vn 0.000 0.000 1.000
vn 0.000 0.000 1.000
vn 0.015 0.002 1.000
vn 0.015 0.002 1.000
vn 0.015 0.002 1.000
vn 0.000 0.000 -1.000
vn 0.000 0.000 -1.000
vn 0.000 0.000 -1.000
vn -0.015 -0.002 -1.000
vn -0.008 0.005 -1.000
vn -0.008 0.005 -1.000
vn -0.003 0.010 -1.000
vn 0.000 0.000 -1.000
vn -0.002 0.003 -1.000
vn 0.000 0.000 -1.000
vn -0.004 0.006 -1.000
vn -0.005 0.006 -1.000
vn -0.002 0.003 -1.000
vn 0.000 0.000 -1.000
vn -0.001 0.006 -1.000
vn -0.005 0.013 -1.000
vn -0.005 0.013 -1.000
vn -0.002 0.004 -1.000
vn 0.000 0.000 -1.000
vn -0.002 0.000 -1.000
vn -0.002 0.000 -1.000
vn -0.002 0.000 -1.000
vn -0.002 0.000 -1.000
vn -0.003 0.007 -1.000
vn -0.003 0.007 -1.000
vn -0.002 0.000 -1.000
vn -0.003 0.014 -1.000
vn -0.002 0.006 -1.000
vn -0.004 -0.000 -1.000
vn 0.000 0.000 -1.000
vn 0.000 0.000 -1.000
vn 0.000 0.000 -1.000
vn 0.000 0.000 -1.000
vn 0.000 0.000 -1.000
vn 0.000 0.000 -1.000
vn -0.002 0.004 -1.000
vn 0.000 0.000 -1.000
vn -0.011 0.018 -1.000
vn -0.005 0.008 -1.000
vn -0.016 0.002 -1.000
vn -0.007 0.007 -1.000
vn -0.007 0.007 -1.000
vn 0.000 0.005 -1.000
vn -0.001 0.005 -1.000
vn -0.003 0.007 -1.000
vn -0.002 0.005 -1.000
vn -0.003 0.005 -1.000
vn 0.000 0.000 -1.000
vn 0.000 0.000 -1.000
vn 0.000 0.000 -1.000
vn -0.002 0.004 -1.000
vn -0.006 0.007 -1.000
vn -0.004 0.005 -1.000
vn -0.003 0.003 -1.000
vn 0.000 0.000 -1.000
vn 0.000 0.000 -1.000
vn -0.002 0.006 -1.000
vn -0.003 0.002 -1.000
vn -0.002 0.010 -1.000
vn -0.002 0.006 -1.000
vn -0.003 0.003 -1.000
vn -0.003 0.002 -1.000
vn -0.002 -0.000 -1.000
vn 0.000 0.000 -1.000
vn 0.000 0.000 -1.000
vn 0.000 0.000 -1.000
vn 0.000 0.000 -1.000
vn 0.000 0.000 -1.000
vn 0.000 0.000 -1.000
vn 0.000 0.000 -1.000
vn 0.000 0.000 -1.000
vn 0.000 0.000 -1.000
vn 0.000 0.000 -1.000
vn 0.000 0.000 -1.000
vn 0.000 0.000 -1.000
vn 0.000 0.000 -1.000
vn -0.005 0.005 -1.000
vn -0.007 0.007 -1.000
vn -0.015 0.015 -1.000
vn 0.000 0.000 -1.000
vn 0.000 0.000 -1.000
vn 0.000 0.000 -1.000
vn 0.000 0.000 -1.000
vn 0.000 0.000 -1.000
vn 0.000 0.000 -1.000
vn 0.000 0.000 -1.000
vn 0.000 0.000 -1.000
vn 0.000 0.000 -1.000
vn 0.000 0.000 -1.000
vn 0.000 0.000 -1.000
vn 0.000 0.000 -1.000
vn 0.000 0.000 -1.000
vn 0.000 0.000 -1.000
vn 0.000 0.000 1.000
vn 0.000 0.000 1.000
vn 0.000 0.000 1.000
vn 0.000 0.000 1.000
vn 0.000 0.000 1.000
vn 0.000 0.000 1.000
vn 0.000 0.000 1.000
vn 0.000 0.000 1.000
vn 0.000 0.000 1.000
vn 0.000 0.000 1.000
vn 0.000 0.000 1.000
vn 0.000 0.000 1.000
vn 0.000 0.000 1.000
vn 0.000 0.000 1.000
vn 0.005 -0.009 1.000
vn 0.000 0.000 1.000
vn 0.000 0.000 1.000
vn 0.000 0.000 1.000
vn 0.000 0.000 1.000
vn 0.000 0.000 1.000
vn 0.010 -0.012 1.000
vn 0.007 -0.009 1.000
vn 0.003 -0.004 1.000
vn 0.000 0.000 1.000
vn 0.000 0.000 1.000
vn 0.000 0.000 1.000
vn 0.000 0.000 1.000
vn 0.000 0.000 1.000
vn 0.000 0.000 1.000
vn 0.001 -0.005 1.000
vn 0.002 -0.008 1.000
vn 0.007 -0.021 1.000
vn 0.011 -0.009 1.000
vn 0.013 -0.007 1.000
vn 0.012 -0.002 1.000
vn 0.008 0.000 1.000
vn 0.000 0.000 1.000
vn 0.000 0.000 1.000
vn 0.000 0.000 1.000
vn 0.000 0.000 1.000
vn 0.000 0.000 1.000
vn 0.000 0.000 1.000
vn 0.000 0.000 1.000
vn 0.000 0.000 1.000
vn 0.000 0.000 1.000
vn 0.000 0.000 1.000
vn 0.000 0.000 1.000
vn 0.000 0.000 1.000
vn 0.003 -0.006 1.000
vn 0.001 -0.014 1.000
vn 0.005 -0.008 1.000
vn 0.003 -0.004 1.000
vn 0.002 -0.004 1.000
vn 0.000 0.000 1.000
vn 0.000 0.000 1.000
vn 0.000 0.000 1.000
vn 0.000 0.000 1.000
vn 0.000 0.000 1.000
vn 0.000 0.000 1.000
vn 0.000 0.000 1.000
vn 0.000 0.000 1.000
vn 0.000 0.000 1.000
vn 0.000 0.000 1.000
vn 0.000 0.000 1.000
vn 0.000 0.000 1.000
vn 0.000 0.000 1.000
vn 0.000 0.000 1.000
vn 0.000 0.000 1.000
vn 0.000 0.000 -1.000
vn 0.000 0.000 -1.000
vn 0.000 0.000 -1.000
vn 0.000 0.000 -1.000
vn 0.000 0.000 -1.000
vn -0.008 0.014 -1.000
vn -0.010 0.012 -1.000
vn 0.000 0.000 -1.000
vn -0.007 0.009 -1.000
vn -0.002 0.002 -1.000
vn 0.000 0.000 -1.000
vn 0.000 0.000 -1.000
vn 0.000 0.000 -1.000
vn 0.000 0.000 -1.000
vn 0.000 0.000 -1.000
vn 0.000 0.000 -1.000
vn 0.000 0.000 -1.000
vn 0.000 0.000 -1.000
vn 0.000 0.000 -1.000
vn 0.000 0.000 -1.000
vn 0.000 0.000 -1.000
vn 0.000 0.000 -1.000
vn 0.000 0.000 -1.000
vn 0.000 0.000 -1.000
vn 0.000 0.000 -1.000
vn 0.000 0.000 -1.000
vn 0.000 0.000 -1.000
vn 0.000 0.000 -1.000
vn 0.000 0.000 -1.000
vn 0.000 0.000 -1.000
vn 0.000 0.000 -1.000
vn 0.000 0.000 -1.000
vn 0.000 0.000 -1.000
vn -0.004 0.006 -1.000
vn -0.001 0.014 -1.000
vn -0.005 0.008 -1.000
vn -0.007 -0.001 -1.000
vn -0.002 0.005 -1.000
vn 0.000 0.000 -1.000
vn -0.002 0.004 -1.000
vn -0.003 0.007 -1.000
vn 0.000 0.000 -1.000
vn 0.000 0.000 -1.000
vn 0.000 0.000 -1.000
vn 0.000 0.000 -1.000
vn 0.000 0.000 -1.000
vn 0.000 0.000 -1.000
vn 0.000 0.000 -1.000
vn 0.000 0.000 -1.000
vn 0.000 0.000 -1.000
vn 0.000 0.000 -1.000
vn 0.000 0.000 -1.000
vn 0.000 0.000 -1.000
vn 0.000 0.000 -1.000
vn 0.000 0.000 -1.000
vn 0.000 0.000 -1.000
vn 0.007 -0.005 1.000
vn 0.007 -0.005 1.000
vn 0.007 -0.005 1.000
vn 0.006 -0.003 1.000
vn 0.003 -0.003 1.000
vn 0.003 -0.003 1.000
vn -0.000 -0.005 1.000
vn 0.003 -0.003 1.000
vn 0.003 -0.003 1.000
vn 0.007 -0.002 1.000
vn 0.000 0.005 -1.000
vn 0.000 0.005 -1.000
vn 0.000 0.005 -1.000
vn -0.007 0.002 -1.000
vn -0.007 0.002 -1.000
vn -0.006 0.002 -1.000
vn -0.003 0.003 -1.000
vn -0.003 0.003 -1.000
vn 0.000 0.005 -1.000
vn 0.000 0.005 -1.000
vn 0.000 0.005 -1.000
vn 0.000 0.005 -1.000
vn 0.007 -0.003 1.000
vn 0.007 -0.003 1.000
vn 0.007 -0.003 1.000
vn 0.007 -0.003 1.000
vn 0.000 0.000 1.000
vn 0.000 0.000 1.000
vn 0.000 0.000 1.000
vn 0.000 0.000 1.000
vn 0.000 0.000 1.000
vn 0.000 0.000 1.000
vn 0.000 0.000 -1.000
vn 0.000 0.000 -1.000
vn 0.000 0.000 -1.000
vn 0.000 0.000 -1.000
vn -0.003 0.005 -1.000
vn 0.000 0.007 -1.000
vn -0.003 0.005 -1.000
vn -0.007 0.003 -1.000
vn 0.016 -0.015 1.000
vn 0.016 -0.015 1.000
vn 0.016 -0.015 1.000
vn 0.000 -0.003 1.000
vn 0.000 -0.003 1.000
vn 0.000 -0.003 1.000
vn 0.000 -0.003 1.000
vn 0.000 0.000 1.000
vn 0.000 0.000 1.000
vn 0.000 0.000 1.000
vn 0.000 0.000 1.000
vn 0.000 0.000 1.000
vn 0.000 0.000 1.000
vn 0.000 0.000 1.000
vn 0.000 0.000 1.000
vn 0.000 0.000 1.000
vn 0.000 0.000 1.000
vn 0.000 0.000 1.000
vn 0.000 0.000 1.000
vn 0.000 0.000 1.000
vn 0.000 0.000 1.000
vn -0.000 -0.004 1.000
vn -0.000 -0.005 1.000
vn -0.000 -0.006 1.000
vn 0.000 -0.006 1.000
vn 0.030 -0.010 1.000
vn 0.030 -0.010 1.000
vn 0.030 -0.010 1.000
vn 0.000 0.003 -1.000
vn 0.000 0.003 -1.000
vn 0.000 0.003 -1.000
vn 0.000 0.003 -1.000
vn -0.003 0.003 -1.000
vn 0.000 0.000 -1.000
vn -0.003 0.002 -1.000
vn 0.000 0.000 -1.000
vn 0.000 0.000 -1.000
vn 0.000 0.000 -1.000
vn 0.000 0.000 -1.000
vn 0.000 0.000 -1.000
vn 0.000 0.000 -1.000
vn 0.000 0.000 -1.000
vn 0.000 0.000 -1.000
vn -0.009 0.003 -1.000
vn -0.023 0.004 -1.000
vn -0.037 0.006 -0.999
vn -0.053 0.000 -0.999
vn -0.007 0.006 -1.000
vn 0.000 0.000 1.000
vn 0.000 0.000 1.000
vn 0.000 0.000 1.000
vn 0.000 0.000 1.000
vn 0.000 -0.003 1.000
vn 0.000 -0.003 1.000
vn 0.000 -0.003 1.000
vn 0.000 -0.003 1.000
vn 0.000 0.000 1.000
vn 0.000 0.000 1.000
vn 0.000 0.000 1.000
vn 0.000 0.000 1.000
vn 0.000 0.000 -1.000
vn 0.000 0.000 -1.000
vn 0.000 0.000 -1.000
vn 0.000 0.000 -1.000
vn -0.003 0.004 -1.000
vn -0.007 0.003 -1.000
vn -0.003 0.004 -1.000
vn 0.000 0.005 -1.000
vn -0.010 0.010 -1.000
vn -0.010 0.010 -1.000
vn -0.020 0.000 -1.000
vn 0.000 0.020 -1.000
vn 0.000 0.000 1.000
vn 0.000 0.000 1.000
vn 0.000 0.000 1.000
vn 0.000 0.000 1.000
vn 0.000 0.000 1.000
vn 0.000 0.000 1.000
vn 0.000 0.000 1.000
vn 0.000 0.000 1.000
vn 0.000 0.000 1.000
vn 0.000 0.000 1.000
vn 0.000 0.000 1.000
vn 0.000 0.000 1.000
vn 0.000 0.000 1.000
vn 0.000 0.000 1.000
vn 0.000 0.000 1.000
vn 0.000 0.000 1.000
vn 0.000 0.000 1.000
vn 0.007 -0.016 1.000
vn 0.004 -0.007 1.000
vn 0.003 -0.008 1.000
vn 0.006 -0.013 1.000
vn 0.000 0.000 1.000
vn 0.000 0.000 1.000
vn 0.000 0.000 1.000
vn 0.000 0.000 1.000
vn 0.000 0.000 1.000
vn 0.000 0.000 1.000
vn 0.000 0.000 1.000
vn 0.000 0.000 1.000
vn 0.000 0.000 1.000
vn 0.000 0.000 1.000
vn 0.000 0.000 1.000
vn 0.000 0.000 1.000
vn 0.000 0.000 1.000
vn 0.000 0.000 1.000
vn 0.000 0.000 1.000
vn 0.000 0.000 1.000
vn 0.000 0.000 1.000
vn 0.000 0.000 1.000
vn 0.000 0.000 1.000
vn 0.000 0.000 1.000
vn 0.000 0.000 1.000
vn 0.000 0.000 1.000
vn 0.005 -0.007 1.000
vn 0.004 -0.014 1.000
vn 0.008 -0.005 1.000
vn 0.004 -0.007 1.000
vn 0.007 0.002 1.000
vn 0.003 -0.010 1.000
vn 0.003 -0.014 1.000
vn 0.004 -0.007 1.000
vn 0.010 -0.000 1.000
vn 0.000 0.000 1.000
vn 0.000 0.000 1.000
vn 0.000 0.000 -1.000
vn 0.000 0.000 -1.000
vn 0.000 0.000 -1.000
vn 0.000 0.000 -1.000
vn 0.000 0.000 -1.000
vn 0.000 0.000 -1.000
vn 0.000 0.000 -1.000
vn 0.000 0.000 -1.000
vn 0.000 0.000 -1.000
vn 0.000 0.000 -1.000
vn 0.000 0.000 -1.000
vn 0.000 0.000 -1.000
vn 0.000 0.000 -1.000
vn 0.000 0.000 -1.000
vn 0.000 0.000 -1.000
vn -0.007 0.011 -1.000
vn -0.004 0.006 -1.000
vn -0.013 0.020 -1.000
vn -0.013 0.015 -1.000
vn 0.000 0.000 -1.000
vn 0.000 0.000 -1.000
vn 0.000 0.000 -1.000
vn 0.000 0.000 -1.000
vn 0.000 0.000 -1.000
vn 0.000 0.000 -1.000
vn -0.001 0.011 -1.000
vn -0.004 0.019 -1.000
vn -0.005 0.017 -1.000
vn -0.009 0.009 -1.000
vn -0.009 0.012 -1.000
vn -0.012 0.008 -1.000
vn -0.013 -0.002 -1.000
vn -0.017 -0.003 -1.000
vn -0.008 -0.001 -1.000
vn 0.000 0.000 -1.000
vn 0.000 0.000 -1.000
vn 0.000 0.000 -1.000
vn 0.000 0.000 -1.000
vn 0.000 0.000 -1.000
vn 0.000 0.000 -1.000
vn 0.000 0.000 -1.000
vn 0.000 0.000 -1.000
vn 0.000 0.000 -1.000
vn -0.003 0.008 -1.000
vn -0.005 0.006 -1.000
vn -0.007 0.009 -1.000
vn -0.007 -0.000 -1.000
vn -0.007 -0.001 -1.000
vn -0.003 -0.000 -1.000
vn -0.004 -0.000 -1.000
vn 0.000 0.000 -1.000
vn 0.000 0.000 -1.000
vn 0.000 0.000 -1.000
vn 0.000 0.000 -1.000
vn 0.017 -0.015 1.000
vn 0.017 -0.015 1.000
vn 0.017 -0.015 1.000
vn 0.000 -0.003 1.000
vn 0.000 -0.003 1.000
vn 0.000 -0.003 1.000
vn 0.000 -0.003 1.000
vn 0.000 0.000 1.000
vn 0.000 0.000 1.000
vn 0.000 0.000 1.000
vn 0.000 0.000 1.000
vn 0.000 0.000 1.000
vn 0.000 0.000 1.000
vn 0.000 0.000 1.000
vn 0.000 0.000 1.000
vn 0.000 0.000 1.000
vn 0.000 0.000 1.000
vn -0.000 -0.004 1.000
vn 0.000 0.000 1.000
vn 0.000 0.000 1.000
vn -0.000 -0.005 1.000
vn -0.000 -0.006 1.000
vn 0.000 -0.006 1.000
vn 0.030 -0.010 1.000
vn 0.030 -0.010 1.000
vn 0.030 -0.010 1.000
vn 0.000 0.003 -1.000
vn 0.000 0.003 -1.000
vn 0.000 0.003 -1.000
vn 0.000 0.003 -1.000
vn 0.000 0.000 -1.000
vn 0.000 0.000 -1.000
vn 0.000 0.000 -1.000
vn 0.000 0.000 -1.000
vn 0.000 0.000 -1.000
vn 0.000 0.000 -1.000
vn 0.000 0.000 -1.000
vn 0.000 0.000 -1.000
vn 0.000 0.000 -1.000
vn 0.000 0.000 -1.000
vn 0.000 0.000 -1.000
vn 0.000 0.000 -1.000
vn 0.000 0.000 -1.000
vn -0.009 0.003 -1.000
vn -0.024 0.004 -1.000
vn -0.038 0.007 -0.999
vn -0.055 0.000 -0.998
vn -0.007 0.006 -1.000
vn -0.007 0.006 -1.000
vn -0.007 0.006 -1.000
vn 0.000 0.000 1.000
vn 0.000 0.000 1.000
vn 0.000 0.000 1.000
vn 0.000 0.000 1.000
vn 0.000 0.000 1.000
vn 0.000 0.000 1.000
vn 0.000 0.000 1.000
vn 0.000 0.000 1.000
vn 0.000 0.000 1.000
vn 0.000 0.000 1.000
vn 0.000 0.000 1.000
vn 0.000 0.000 1.000
vn 0.000 0.000 1.000
vn 0.000 0.000 1.000
vn 0.000 0.000 1.000
vn 0.002 -0.004 1.000
vn 0.000 0.000 1.000
vn 0.002 -0.005 1.000
vn 0.004 -0.007 1.000
vn 0.005 -0.004 1.000
vn 0.008 0.002 1.000
vn 0.007 -0.006 1.000
vn 0.004 -0.010 1.000
vn 0.000 0.000 1.000
vn 0.000 0.000 1.000
vn 0.000 0.000 1.000
vn 0.000 0.000 1.000
vn 0.000 0.000 1.000
vn 0.000 0.000 1.000
vn 0.000 0.000 1.000
vn 0.000 0.000 1.000
vn -0.004 -0.001 1.000
vn -0.004 -0.001 1.000
vn -0.004 -0.001 1.000
vn 0.000 0.000 1.000
vn 0.006 -0.004 1.000
vn 0.006 -0.004 1.000
vn 0.009 -0.006 1.000
vn 0.008 -0.005 1.000
vn 0.008 -0.005 1.000
vn 0.000 0.000 1.000
vn 0.000 0.000 -1.000
vn 0.000 0.000 -1.000
vn 0.000 0.000 -1.000
vn 0.000 0.000 -1.000
vn 0.000 0.000 -1.000
vn 0.000 0.000 -1.000
vn 0.000 0.000 -1.000
vn 0.000 0.000 -1.000
vn 0.000 0.000 -1.000
vn 0.000 0.000 -1.000
vn 0.000 0.000 -1.000
vn 0.000 0.000 -1.000
vn 0.000 0.000 -1.000
vn -0.002 0.004 -1.000
vn 0.000 0.000 -1.000
vn -0.004 0.004 -1.000
vn -0.004 0.006 -1.000
vn -0.007 0.006 -1.000
vn -0.004 0.010 -1.000
vn 0.000 0.000 -1.000
vn 0.000 0.000 -1.000
vn 0.000 0.000 -1.000
vn 0.000 0.000 -1.000
vn 0.000 0.000 -1.000
vn 0.000 0.000 -1.000
vn 0.000 0.000 -1.000
vn 0.000 0.000 -1.000
vn 0.000 0.000 -1.000
vn 0.000 0.000 -1.000
vn -0.005 0.004 -1.000
vn -0.003 0.004 -1.000
vn -0.006 0.004 -1.000
vn -0.006 0.004 -1.000
vn -0.005 0.005 -1.000
vn -0.008 0.005 -1.000
vn -0.007 0.007 -1.000
vn 0.000 0.000 -1.000
vn 0.000 0.000 -1.000
vn 0.000 0.000 -1.000
usemtl tex_None_env
f 1/1/1 2/1/2 3/1/3
f 2/1/2 4/1/4 3/1/3
f 2/1/2 5/1/5 4/1/4
f 5/1/5 6/1/6 4/1/4
f 7/1/7 6/1/6 5/1/5
f 8/1/8 6/1/6 7/1/7
f 8/1/8 7/1/7 9/1/9
f 10/1/10 8/1/8 9/1/9
f 10/1/10 9/1/9 11/1/11
f 12/1/12 10/1/10 11/1/11
f 11/1/11 13/1/13 12/1/12
f 13/1/13 14/1/14 12/1/12
f 13/1/13 15/1/15 14/1/14
f 15/1/15 16/1/16 14/1/14
f 17/1/17 18/1/18 19/1/19
f 18/1/18 20/1/20 19/1/19
f 18/1/18 21/1/21 20/1/20
f 21/1/21 22/1/22 20/1/20
f 21/1/21 23/1/23 22/1/22
f 23/1/23 24/1/24 22/1/22
f 24/1/24 23/1/23 25/1/25
f 25/1/25 26/1/26 24/1/24
f 25/1/25 27/1/27 26/1/26
f 27/1/27 28/1/28 26/1/26
f 27/1/27 29/1/29 28/1/28
f 29/1/29 30/1/30 28/1/28
f 29/1/29 31/1/31 30/1/30
f 30/1/30 31/1/31 32/1/32
f 33/1/33 34/1/34 35/1/35
f 34/1/34 36/1/36 35/1/35
f 34/1/34 37/1/37 36/1/36
f 37/1/37 38/1/38 36/1/36
f 37/1/37 39/1/39 38/1/38
f 39/1/39 40/1/40 38/1/38
f 39/1/39 41/1/41 40/1/40
f 41/1/41 42/1/42 40/1/40
f 41/1/41 43/1/43 42/1/42
f 43/1/43 44/1/44 42/1/42
f 43/1/43 45/1/45 44/1/44
f 45/1/45 46/1/46 44/1/44
f 45/1/45 47/1/47 46/1/46
f 46/1/46 47/1/47 48/1/48
f 49/1/49 50/1/50 51/1/51
f 50/1/50 52/1/52 51/1/51
f 50/1/50 53/1/53 52/1/52
f 53/1/53 54/1/54 52/1/52
f 53/1/53 55/1/55 54/1/54
f 55/1/55 56/1/56 54/1/54
f 55/1/55 57/1/57 56/1/56
f 57/1/57 58/1/58 56/1/56
f 57/1/57 59/1/59 58/1/58
f 59/1/59 60/1/60 58/1/58
f 59/1/59 61/1/61 60/1/60
f 61/1/61 62/1/62 60/1/60
f 61/1/61 63/1/63 62/1/62
f 63/1/63 64/1/64 62/1/62
f 65/1/65 66/1/66 67/1/67
f 66/1/66 68/1/68 67/1/67
f 66/1/66 69/1/69 68/1/68
f 68/1/68 69/1/69 70/1/70
f 69/1/69 71/1/71 70/1/70
f 69/1/69 72/1/72 71/1/71
f 72/1/72 73/1/73 71/1/71
f 71/1/71 73/1/73 74/1/74
f 75/1/75 76/1/76 77/1/77
f 75/1/75 78/1/78 76/1/76
f 79/1/79 80/1/80 81/1/81
f 79/1/79 82/1/82 80/1/80
f 83/1/83 84/1/84 85/1/85
f 84/1/84 86/1/86 85/1/85
f 87/1/87 88/1/88 89/1/89
f 89/1/89 90/1/90 87/1/87
f 91/1/91 92/1/92 93/1/93
f 93/1/93 94/1/94 91/1/91
f 95/1/95 96/1/96 97/1/97
f 97/1/97 96/1/96 98/1/98
f 99/1/99 100/1/100 101/1/101
f 102/1/102 100/1/100 99/1/99
f 103/1/103 104/1/104 105/1/105
f 105/1/105 104/1/104 106/1/106
f 107/1/107 108/1/108 109/1/109
f 109/1/109 110/1/110 107/1/107
f 111/1/111 112/1/112 113/1/113
f 111/1/111 113/1/113 114/1/114
f 115/1/115 116/1/116 117/1/117
f 118/1/118 115/1/115 117/1/117
f 119/1/119 120/1/120 121/1/121
f 121/1/121 122/1/122 119/1/119
f 123/1/123 124/1/124 125/1/125
f 125/1/125 126/1/126 123/1/123
f 127/1/127 128/1/128 129/1/129
f 129/1/129 130/1/130 127/1/127
f 131/1/131 132/1/132 133/1/133
f 131/1/131 133/1/133 134/1/134
f 135/1/135 136/1/136 137/1/137
f 138/1/138 135/1/135 137/1/137
f 139/1/139 140/1/140 141/1/141
f 140/1/140 139/1/139 142/1/142
f 143/1/143 144/1/144 145/1/145
f 145/1/145 146/1/146 143/1/143
f 147/1/147 148/1/148 149/1/149
f 147/1/147 149/1/149 150/1/150
f 151/1/151 152/1/152 153/1/153
f 152/1/152 154/1/154 153/1/153
f 152/1/152 155/1/155 154/1/154
f 155/1/155 156/1/156 154/1/154
f 155/1/155 157/1/157 156/1/156
f 157/1/157 158/1/158 156/1/156
f 157/1/157 159/1/159 158/1/158
f 159/1/159 160/1/160 158/1/158
f 159/1/159 161/1/161 160/1/160
f 161/1/161 162/1/162 160/1/160
f 163/1/163 164/1/164 165/1/165
f 165/1/165 166/1/166 163/1/163
f 166/1/166 167/1/167 163/1/163
f 166/1/166 168/1/168 167/1/167
f 169/1/169 170/1/170 171/1/171
f 172/1/172 169/1/169 171/1/171
f 172/1/172 171/1/171 173/1/173
f 174/1/174 172/1/172 173/1/173
f 174/1/174 173/1/173 175/1/175
f 176/1/176 177/1/177 178/1/178
f 179/1/179 180/1/180 181/1/181
f 180/1/180 182/1/182 181/1/181
f 180/1/180 183/1/183 182/1/182
f 183/1/183 184/1/184 182/1/182
f 183/1/183 185/1/185 184/1/184
f 185/1/185 186/1/186 184/1/184
f 187/1/187 186/1/186 185/1/185
f 188/1/188 186/1/186 187/1/187
f 189/1/189 190/1/190 191/1/191
f 190/1/190 192/1/192 191/1/191
f 193/1/193 194/1/194 195/1/195
f 196/1/196 194/1/194 193/1/193
f 197/1/197 198/1/198 199/1/199
f 198/1/198 200/1/200 199/1/199
f 201/1/201 202/1/202 203/1/203
f 202/1/202 204/1/204 203/1/203
f 205/1/205 206/1/206 207/1/207
f 205/1/205 208/1/208 206/1/206
f 209/1/209 210/1/210 211/1/211
f 212/1/212 209/1/209 211/1/211
f 213/1/213 214/1/214 215/1/215
f 215/1/215 214/1/214 216/1/216
f 217/1/217 218/1/218 219/1/219
f 219/1/219 220/1/220 217/1/217
f 221/1/221 222/1/222 223/1/223
f 223/1/223 224/1/224 221/1/221
f 225/1/225 226/1/226 227/1/227
f 227/1/227 228/1/228 225/1/225
f 229/1/229 230/1/230 231/1/231
f 232/1/232 229/1/229 231/1/231
f 233/1/233 234/1/234 235/1/235
f 233/1/233 235/1/235 236/1/236
f 237/1/237 238/1/238 239/1/239
f 239/1/239 240/1/240 237/1/237
f 241/1/241 242/1/242 243/1/243
f 243/1/243 244/1/244 241/1/241
f 245/1/245 246/1/246 247/1/247
f 245/1/245 247/1/247 248/1/248
f 249/1/249 250/1/250 251/1/251
f 252/1/252 249/1/249 251/1/251
f 253/1/253 254/1/254 255/1/255
f 255/1/255 256/1/256 253/1/253
f 257/1/257 258/1/258 259/1/259
f 258/1/258 260/1/260 259/1/259
f 258/1/258 261/1/261 260/1/260
f 260/1/260 261/1/261 262/1/262
f 262/1/262 261/1/261 263/1/263
f 264/1/264 262/1/262 263/1/263
f 264/1/264 263/1/263 265/1/265
f 266/1/266 264/1/264 265/1/265
f 266/1/266 265/1/265 267/1/267
f 268/1/268 266/1/266 267/1/267
f 268/1/268 267/1/267 269/1/269
f 269/1/269 270/1/270 268/1/268
f 269/1/269 271/1/271 270/1/270
f 271/1/271 272/1/272 270/1/270
f 273/1/273 274/1/274 275/1/275
f 274/1/274 276/1/276 275/1/275
f 274/1/274 277/1/277 276/1/276
f 277/1/277 278/1/278 276/1/276
f 279/1/279 280/1/280 281/1/281
f 279/1/279 282/1/282 280/1/280
f 283/1/283 284/1/284 285/1/285
f 284/1/284 286/1/286 285/1/285
f 287/1/287 288/1/288 289/1/289
f 288/1/288 290/1/290 289/1/289
f 288/1/288 291/1/291 290/1/290
f 291/1/291 292/1/292 290/1/290
f 291/1/291 293/1/293 292/1/292
f 293/1/293 294/1/294 292/1/292
f 293/1/293 295/1/295 294/1/294
f 295/1/295 296/1/296 294/1/294
f 295/1/295 297/1/297 296/1/296
f 297/1/297 298/1/298 296/1/296
f 299/1/299 300/1/300 301/1/301
f 300/1/300 302/1/302 301/1/301
f 300/1/300 303/1/303 302/1/302
f 303/1/303 304/1/304 302/1/302
f 303/1/303 305/1/305 304/1/304
f 305/1/305 306/1/306 304/1/304
f 305/1/305 307/1/307 306/1/306
f 307/1/307 308/1/308 306/1/306
f 309/1/309 310/1/310 311/1/311
f 311/1/311 312/1/312 309/1/309
f 313/1/313 314/1/314 315/1/315
f 313/1/313 315/1/315 316/1/316
f 317/1/317 313/1/313 316/1/316
f 317/1/317 316/1/316 318/1/318
f 317/1/317 318/1/318 319/1/319
f 319/1/319 320/1/320 317/1/317
f 319/1/319 321/1/321 320/1/320
f 322/1/322 320/1/320 321/1/321
f 322/1/322 321/1/321 323/1/323
f 323/1/323 324/1/324 322/1/322
f 323/1/323 325/1/325 324/1/324
f 325/1/325 326/1/326 324/1/324
f 325/1/325 327/1/327 326/1/326
f 327/1/327 328/1/328 326/1/326
f 329/1/329 330/1/330 331/1/331
f 330/1/330 332/1/332 331/1/331
f 330/1/330 333/1/333 332/1/332
f 333/1/333 334/1/334 332/1/332
f 333/1/333 335/1/335 334/1/334
f 335/1/335 336/1/336 334/1/334
f 335/1/335 337/1/337 336/1/336
f 337/1/337 338/1/338 336/1/336
f 337/1/337 339/1/339 338/1/338
f 339/1/339 340/1/340 338/1/338
f 339/1/339 341/1/341 340/1/340
f 341/1/341 342/1/342 340/1/340
f 341/1/341 343/1/343 342/1/342
f 343/1/343 344/1/344 342/1/342
f 345/1/345 346/1/346 347/1/347
f 346/1/346 348/1/348 347/1/347
f 349/1/349 348/1/348 346/1/346
f 350/1/350 349/1/349 346/1/346
f 350/1/350 351/1/351 349/1/349
f 350/1/350 352/1/352 351/1/351
f 353/1/353 351/1/351 352/1/352
f 352/1/352 354/1/354 353/1/353
f 353/1/353 355/1/355 356/1/356
f 353/1/353 354/1/354 355/1/355
f 357/1/357 356/1/356 355/1/355
f 357/1/357 355/1/355 358/1/358
f 359/1/359 357/1/357 358/1/358
f 358/1/358 360/1/360 359/1/359
f 361/1/361 362/1/362 363/1/363
f 363/1/363 364/1/364 361/1/361
f 365/1/365 366/1/366 367/1/367
f 368/1/368 366/1/366 365/1/365
f 369/1/369 370/1/370 371/1/371
f 370/1/370 372/1/372 371/1/371
f 373/1/373 374/1/374 375/1/375
f 374/1/374 376/1/376 375/1/375
f 377/1/377 378/1/378 379/1/379
f 377/1/377 380/1/380 378/1/378
f 381/1/381 382/1/382 383/1/383
f 381/1/381 383/1/383 384/1/384
f 385/1/385 386/1/386 387/1/387
f 386/1/386 388/1/388 387/1/387
f 386/1/386 389/1/389 388/1/388
f 389/1/389 390/1/390 388/1/388
f 389/1/389 391/1/391 390/1/390
f 391/1/391 392/1/392 390/1/390
f 391/1/391 393/1/393 392/1/392
f 393/1/393 394/1/394 392/1/392
f 393/1/393 395/1/395 394/1/394
f 395/1/395 396/1/396 394/1/394
f 397/1/397 398/1/398 399/1/399
f 399/1/399 400/1/400 397/1/397
f 400/1/400 401/1/401 397/1/397
f 400/1/400 402/1/402 401/1/401
f 403/1/403 404/1/404 405/1/405
f 404/1/404 406/1/406 405/1/405
f 407/1/407 408/1/408 409/1/409
f 410/1/410 407/1/407 409/1/409
f 410/1/410 409/1/409 411/1/411
f 412/1/412 410/1/410 411/1/411
f 413/1/413 414/1/414 415/1/415
f 416/1/416 417/1/417 418/1/418
f 416/1/416 418/1/418 419/1/419
f 418/1/418 420/1/420 419/1/419
f 418/1/418 421/1/421 420/1/420
f 421/1/421 422/1/422 420/1/420
f 421/1/421 423/1/423 422/1/422
f 423/1/423 424/1/424 422/1/422
f 425/1/425 424/1/424 423/1/423
f 426/1/426 424/1/424 425/1/425
f 427/1/427 428/1/428 429/1/429
f 427/1/427 429/1/429 430/1/430
f 431/1/431 432/1/432 433/1/433
f 433/1/433 434/1/434 431/1/431
f 435/1/435 436/1/436 437/1/437
f 436/1/436 438/1/438 437/1/437
f 436/1/436 439/1/439 438/1/438
f 440/1/440 438/1/438 439/1/439
f 439/1/439 441/1/441 440/1/440
f 442/1/442 440/1/440 441/1/441
f 441/1/441 443/1/443 442/1/442
f 444/1/444 442/1/442 443/1/443
f 443/1/443 445/1/445 444/1/444
f 446/1/446 444/1/444 445/1/445
f 445/1/445 447/1/447 446/1/446
f 447/1/447 448/1/448 446/1/446
f 447/1/447 449/1/449 448/1/448
f 448/1/448 449/1/449 450/1/450
f 451/1/451 452/1/452 453/1/453
f 453/1/453 454/1/454 455/1/455
f 455/1/455 451/1/451 453/1/453
f 456/1/456 455/1/455 454/1/454
f 454/1/454 457/1/457 456/1/456
f 458/1/458 456/1/456 457/1/457
f 457/1/457 459/1/459 458/1/458
f 460/1/460 458/1/458 459/1/459
f 459/1/459 461/1/461 460/1/460
f 461/1/461 462/1/462 460/1/460
f 461/1/461 463/1/463 462/1/462
f 464/1/464 462/1/462 463/1/463
f 465/1/465 466/1/466 467/1/467
f 467/1/467 468/1/468 465/1/465
f 467/1/467 469/1/469 470/1/470
f 470/1/470 468/1/468 467/1/467
f 470/1/470 469/1/469 471/1/471
f 472/1/472 470/1/470 471/1/471
f 472/1/472 471/1/471 473/1/473
f 474/1/474 472/1/472 473/1/473
f 474/1/474 473/1/473 475/1/475
f 476/1/476 474/1/474 475/1/475
f 476/1/476 475/1/475 477/1/477
f 478/1/478 476/1/476 477/1/477
f 478/1/478 477/1/477 479/1/479
f 480/1/480 478/1/478 479/1/479
f 481/1/481 482/1/482 483/1/483
f 481/1/481 484/1/484 482/1/482
f 482/1/482 484/1/484 485/1/485
f 486/1/486 482/1/482 485/1/485
f 486/1/486 485/1/485 487/1/487
f 488/1/488 486/1/486 487/1/487
f 489/1/489 488/1/488 487/1/487
f 487/1/487 490/1/490 489/1/489
f 490/1/490 491/1/491 489/1/489
f 490/1/490 492/1/492 491/1/491
f 493/1/493 491/1/491 492/1/492
f 493/1/493 492/1/492 494/1/494
f 495/1/495 496/1/496 497/1/497
f 497/1/497 498/1/498 495/1/495
f 499/1/499 500/1/500 501/1/501
f 499/1/499 501/1/501 502/1/502
f 503/1/503 504/1/504 505/1/505
f 506/1/506 503/1/503 505/1/505
f 507/1/507 508/1/508 509/1/509
f 507/1/507 509/1/509 510/1/510
f 510/1/510 509/1/509 511/1/511
f 510/1/510 511/1/511 512/1/512
f 512/1/512 511/1/511 513/1/513
f 512/1/512 513/1/513 514/1/514
f 515/1/515 516/1/516 517/1/517
f 515/1/515 517/1/517 518/1/518
f 518/1/518 517/1/517 519/1/519
f 518/1/518 519/1/519 520/1/520
f 520/1/520 519/1/519 521/1/521
f 520/1/520 521/1/521 522/1/522
f 522/1/522 521/1/521 523/1/523
f 522/1/522 523/1/523 524/1/524
f 524/1/524 523/1/523 525/1/525
f 524/1/524 525/1/525 526/1/526
f 526/1/526 525/1/525 527/1/527
f 526/1/526 527/1/527 528/1/528
f 528/1/528 527/1/527 529/1/529
f 528/1/528 529/1/529 530/1/530
f 531/1/531 532/1/532 533/1/533
f 531/1/531 533/1/533 534/1/534
f 534/1/534 533/1/533 535/1/535
f 534/1/534 535/1/535 536/1/536
f 537/1/537 538/1/538 539/1/539
f 537/1/537 539/1/539 540/1/540
f 541/1/541 537/1/537 540/1/540
f 541/1/541 540/1/540 542/1/542
f 543/1/543 541/1/541 542/1/542
f 543/1/543 542/1/542 544/1/544
f 545/1/545 543/1/543 544/1/544
f 545/1/545 544/1/544 546/1/546
f 547/1/547 545/1/545 546/1/546
f 547/1/547 546/1/546 548/1/548
f 549/1/549 547/1/547 548/1/548
f 549/1/549 548/1/548 550/1/550
f 551/1/551 549/1/549 550/1/550
f 551/1/551 550/1/550 552/1/552
f 553/1/553 554/1/554 555/1/555
f 553/1/553 555/1/555 556/1/556
f 557/1/557 553/1/553 556/1/556
f 557/1/557 556/1/556 558/1/558
f 559/1/559 557/1/557 558/1/558
f 559/1/559 558/1/558 560/1/560
f 561/1/561 559/1/559 560/1/560
f 561/1/561 560/1/560 562/1/562
f 563/1/563 561/1/561 562/1/562
f 563/1/563 562/1/562 564/1/564
f 565/1/565 563/1/563 564/1/564
f 565/1/565 564/1/564 566/1/566
f 567/1/567 565/1/565 566/1/566
f 567/1/567 566/1/566 568/1/568
f 569/1/569 570/1/570 571/1/571
f 569/1/569 571/1/571 572/1/572
f 573/1/573 569/1/569 572/1/572
f 573/1/573 572/1/572 574/1/574
f 575/1/575 573/1/573 574/1/574
f 575/1/575 574/1/574 576/1/576
f 577/1/577 575/1/575 576/1/576
f 577/1/577 576/1/576 578/1/578
f 579/1/579 577/1/577 578/1/578
f 579/1/579 578/1/578 580/1/580
f 581/1/581 579/1/579 580/1/580
f 580/1/580 582/1/582 581/1/581
f 583/1/583 581/1/581 582/1/582
f 583/1/583 582/1/582 584/1/584
f 585/1/585 586/1/586 587/1/587
f 585/1/585 587/1/587 588/1/588
f 589/1/589 585/1/585 588/1/588
f 589/1/589 588/1/588 590/1/590
f 591/1/591 589/1/589 590/1/590
f 591/1/591 590/1/590 592/1/592
f 593/1/593 591/1/591 592/1/592
f 593/1/593 592/1/592 594/1/594
f 595/1/595 593/1/593 594/1/594
f 595/1/595 594/1/594 596/1/596
f 597/1/597 598/1/598 599/1/599
f 598/1/598 600/1/600 599/1/599
f 601/1/601 602/1/602 603/1/603
f 602/1/602 604/1/604 603/1/603
f 602/1/602 605/1/605 604/1/604
f 605/1/605 606/1/606 604/1/604
f 605/1/605 607/1/607 606/1/606
f 607/1/607 608/1/608 606/1/606
f 607/1/607 609/1/609 608/1/608
f 609/1/609 610/1/610 608/1/608
f 609/1/609 611/1/611 610/1/610
f 611/1/611 612/1/612 610/1/610
f 611/1/611 613/1/613 612/1/612
f 613/1/613 614/1/614 612/1/612
f 613/1/613 615/1/615 614/1/614
f 615/1/615 616/1/616 614/1/614
f 617/1/617 618/1/618 619/1/619
f 618/1/618 620/1/620 619/1/619
f 618/1/618 621/1/621 620/1/620
f 621/1/621 622/1/622 620/1/620
f 621/1/621 623/1/623 622/1/622
f 623/1/623 624/1/624 622/1/622
f 625/1/625 624/1/624 623/1/623
f 625/1/625 623/1/623 626/1/626
f 627/1/627 625/1/625 626/1/626
f 627/1/627 626/1/626 628/1/628
f 629/1/629 627/1/627 628/1/628
f 629/1/629 628/1/628 630/1/630
f 630/1/630 631/1/631 629/1/629
f 631/1/631 632/1/632 629/1/629
f 633/1/633 634/1/634 635/1/635
f 634/1/634 636/1/636 635/1/635
f 634/1/634 637/1/637 636/1/636
f 637/1/637 638/1/638 636/1/636
f 637/1/637 639/1/639 638/1/638
f 639/1/639 640/1/640 638/1/638
f 639/1/639 641/1/641 640/1/640
f 641/1/641 642/1/642 640/1/640
f 641/1/641 643/1/643 642/1/642
f 643/1/643 644/1/644 642/1/642
f 645/1/645 646/1/646 647/1/647
f 648/1/648 646/1/646 645/1/645
f 648/1/648 645/1/645 649/1/649
f 650/1/650 648/1/648 649/1/649
f 650/1/650 649/1/649 651/1/651
f 652/1/652 650/1/650 651/1/651
f 652/1/652 651/1/651 653/1/653
f 654/1/654 652/1/652 653/1/653
f 654/1/654 653/1/653 655/1/655
f 656/1/656 654/1/654 655/1/655
f 655/1/655 657/1/657 656/1/656
f 657/1/657 658/1/658 656/1/656
f 657/1/657 659/1/659 658/1/658
f 659/1/659 660/1/660 658/1/658
f 661/1/661 662/1/662 663/1/663
f 662/1/662 664/1/664 663/1/663
f 662/1/662 665/1/665 664/1/664
f 666/1/666 664/1/664 665/1/665
f 666/1/666 665/1/665 667/1/667
f 667/1/667 668/1/668 666/1/666
f 668/1/668 667/1/667 669/1/669
f 669/1/669 670/1/670 668/1/668
f 669/1/669 671/1/671 670/1/670
f 671/1/671 672/1/672 670/1/670
f 671/1/671 673/1/673 672/1/672
f 673/1/673 674/1/674 672/1/672
f 673/1/673 675/1/675 674/1/674
f 675/1/675 676/1/676 674/1/674
f 677/1/677 678/1/678 679/1/679
f 678/1/678 680/1/680 679/1/679
f 681/1/681 680/1/680 678/1/678
f 681/1/681 678/1/678 682/1/682
f 683/1/683 681/1/681 682/1/682
f 683/1/683 682/1/682 684/1/684
f 685/1/685 683/1/683 684/1/684
f 685/1/685 684/1/684 686/1/686
f 687/1/687 685/1/685 686/1/686
f 686/1/686 688/1/688 687/1/687
f 689/1/689 687/1/687 688/1/688
f 689/1/689 688/1/688 690/1/690
f 691/1/691 689/1/689 690/1/690
f 691/1/691 690/1/690 692/1/692
f 693/1/693 694/1/694 695/1/695
f 693/1/693 695/1/695 696/1/696
f 697/1/697 693/1/693 696/1/696
f 697/1/697 696/1/696 698/1/698
f 699/1/699 697/1/697 698/1/698
f 699/1/699 698/1/698 700/1/700
f 701/1/701 699/1/699 700/1/700
f 701/1/701 700/1/700 702/1/702
f 703/1/703 701/1/701 702/1/702
f 703/1/703 702/1/702 704/1/704
f 705/1/705 703/1/703 704/1/704
f 705/1/705 704/1/704 706/1/706
f 707/1/707 705/1/705 706/1/706
f 706/1/706 708/1/708 707/1/707
f 709/1/709 710/1/710 711/1/711
f 710/1/710 709/1/709 712/1/712
f 712/1/712 713/1/713 710/1/710
f 712/1/712 714/1/714 713/1/713
f 713/1/713 714/1/714 715/1/715
f 715/1/715 714/1/714 716/1/716
f 717/1/717 715/1/715 716/1/716
f 717/1/717 716/1/716 718/1/718
f 719/1/719 720/1/720 721/1/721
f 722/1/722 719/1/719 721/1/721
f 722/1/722 721/1/721 723/1/723
f 724/1/724 722/1/722 723/1/723
f 725/1/725 726/1/726 727/1/727
f 728/1/728 725/1/725 727/1/727
f 728/1/728 727/1/727 729/1/729
f 730/1/730 728/1/728 729/1/729
f 730/1/730 729/1/729 731/1/731
f 732/1/732 730/1/730 731/1/731
f 732/1/732 731/1/731 733/1/733
f 734/1/734 732/1/732 733/1/733
f 735/1/735 734/1/734 733/1/733
f 736/1/736 734/1/734 735/1/735
f 737/1/737 736/1/736 735/1/735
f 737/1/737 738/1/738 736/1/736
f 737/1/737 739/1/739 738/1/738
f 739/1/739 740/1/740 738/1/738
f 741/1/741 742/1/742 743/1/743
f 741/1/741 743/1/743 744/1/744
f 745/1/745 741/1/741 744/1/744
f 745/1/745 744/1/744 746/1/746
f 747/1/747 745/1/745 746/1/746
f 747/1/747 746/1/746 748/1/748
f 748/1/748 749/1/749 747/1/747
f 748/1/748 750/1/750 749/1/749
f 750/1/750 751/1/751 749/1/749
f 750/1/750 752/1/752 751/1/751
f 751/1/751 752/1/752 753/1/753
f 753/1/753 754/1/754 751/1/751
f 753/1/753 755/1/755 754/1/754
f 756/1/756 757/1/757 758/1/758
f 756/1/756 758/1/758 759/1/759
f 760/1/760 756/1/756 761/1/761
f 756/1/756 759/1/759 761/1/761
f 762/1/762 760/1/760 761/1/761
f 762/1/762 761/1/761 763/1/763
f 764/1/764 762/1/762 763/1/763
f 764/1/764 763/1/763 765/1/765
f 765/1/765 766/1/766 764/1/764
f 765/1/765 767/1/767 766/1/766
f 767/1/767 768/1/768 766/1/766
f 767/1/767 769/1/769 768/1/768
f 768/1/768 769/1/769 770/1/770
f 770/1/770 771/1/771 768/1/768
f 772/1/772 773/1/773 774/1/774
f 775/1/775 773/1/773 772/1/772
f 776/1/776 773/1/773 775/1/775
f 776/1/776 775/1/775 777/1/777
f 778/1/778 776/1/776 777/1/777
f 778/1/778 777/1/777 779/1/779
f 780/1/780 778/1/778 779/1/779
f 780/1/780 779/1/779 781/1/781
f 782/1/782 780/1/780 781/1/781
f 782/1/782 781/1/781 783/1/783
f 784/1/784 782/1/782 783/1/783
f 784/1/784 783/1/783 785/1/785
f 786/1/786 784/1/784 785/1/785
f 785/1/785 787/1/787 786/1/786
f 788/1/788 789/1/789 790/1/790
f 788/1/788 790/1/790 791/1/791
f 792/1/792 788/1/788 791/1/791
f 792/1/792 791/1/791 793/1/793
f 794/1/794 795/1/795 796/1/796
f 797/1/797 798/1/798 799/1/799
f 800/1/800 801/1/801 802/1/802
f 801/1/801 803/1/803 802/1/802
f 804/1/804 805/1/805 806/1/806
f 805/1/805 807/1/807 806/1/806
f 807/1/807 805/1/805 808/1/808
f 808/1/808 809/1/809 807/1/807
f 808/1/808 810/1/810 809/1/809
f 810/1/810 811/1/811 809/1/809
f 810/1/810 812/1/812 811/1/811
f 812/1/812 813/1/813 811/1/811
f 812/1/812 814/1/814 813/1/813
f 814/1/814 815/1/815 813/1/813
f 814/1/814 816/1/816 815/1/815
f 816/1/816 817/1/817 815/1/815
f 816/1/816 818/1/818 817/1/817
f 818/1/818 819/1/819 817/1/817
f 820/1/820 821/1/821 822/1/822
f 823/1/823 821/1/821 820/1/820
f 824/1/824 823/1/823 820/1/820
f 820/1/820 825/1/825 824/1/824
f 824/1/824 825/1/825 826/1/826
f 827/1/827 824/1/824 826/1/826
f 827/1/827 826/1/826 828/1/828
f 829/1/829 827/1/827 828/1/828
f 828/1/828 830/1/830 829/1/829
f 830/1/830 831/1/831 829/1/829
f 830/1/830 832/1/832 831/1/831
f 832/1/832 833/1/833 831/1/831
f 832/1/832 834/1/834 835/1/835
f 832/1/832 835/1/835 833/1/833
f 836/1/836 837/1/837 838/1/838
f 837/1/837 839/1/839 838/1/838
f 840/1/840 839/1/839 841/1/841
f 842/1/842 840/1/840 841/1/841
f 841/1/841 843/1/843 842/1/842
f 842/1/842 843/1/843 844/1/844
f 845/1/845 842/1/842 844/1/844
f 845/1/845 844/1/844 846/1/846
f 847/1/847 845/1/845 846/1/846
f 846/1/846 848/1/848 847/1/847
f 848/1/848 849/1/849 847/1/847
f 848/1/848 850/1/850 849/1/849
f 850/1/850 851/1/851 849/1/849
f 852/1/852 853/1/853 854/1/854
f 853/1/853 855/1/855 854/1/854
f 856/1/856 855/1/855 853/1/853
f 856/1/856 853/1/853 857/1/857
f 858/1/858 856/1/856 857/1/857
f 859/1/859 858/1/858 857/1/857
f 859/1/859 860/1/860 858/1/858
f 861/1/861 860/1/860 859/1/859
f 861/1/861 862/1/862 860/1/860
f 861/1/861 863/1/863 862/1/862
f 863/1/863 864/1/864 862/1/862
f 863/1/863 865/1/865 864/1/864
f 865/1/865 866/1/866 864/1/864
f 865/1/865 867/1/867 866/1/866
f 868/1/868 869/1/869 870/1/870
f 868/1/868 871/1/871 869/1/869
f 871/1/871 872/1/872 869/1/869
f 871/1/871 873/1/873 872/1/872
f 873/1/873 874/1/874 872/1/872
f 873/1/873 875/1/875 874/1/874
f 876/1/876 877/1/877 878/1/878
f 876/1/876 878/1/878 879/1/879
f 876/1/876 879/1/879 880/1/880
f 876/1/876 880/1/880 881/1/881
f 876/1/876 881/1/881 882/1/882
f 876/1/876 882/1/882 883/1/883
f 884/1/884 885/1/885 886/1/886
f 884/1/884 886/1/886 887/1/887
f 884/1/884 887/1/887 888/1/888
f 884/1/884 888/1/888 889/1/889
f 890/1/890 891/1/891 892/1/892
f 890/1/890 892/1/892 893/1/893
f 890/1/890 893/1/893 894/1/894
f 890/1/890 894/1/894 895/1/895
f 890/1/890 895/1/895 896/1/896
f 890/1/890 896/1/896 897/1/897
f 890/1/890 897/1/897 898/1/898
f 890/1/890 898/1/898 899/1/899
f 900/1/900 901/1/901 902/1/902
f 900/1/900 902/1/902 903/1/903
f 904/1/904 905/1/905 906/1/906
f 907/1/907 908/1/908 909/1/909
f 908/1/908 905/1/905 909/1/909
f 906/1/906 905/1/905 908/1/908
f 906/1/906 910/1/910 904/1/904
f 904/1/904 910/1/910 911/1/911
f 910/1/910 912/1/912 911/1/911
f 911/1/911 912/1/912 913/1/913
f 913/1/913 912/1/912 914/1/914
f 914/1/914 912/1/912 915/1/915
f 916/1/916 917/1/917 918/1/918
f 917/1/917 919/1/919 918/1/918
f 917/1/917 920/1/920 919/1/919
f 920/1/920 921/1/921 919/1/919
f 920/1/920 922/1/922 921/1/921
f 922/1/922 923/1/923 921/1/921
f 922/1/922 924/1/924 923/1/923
f 924/1/924 925/1/925 923/1/923
f 924/1/924 926/1/926 925/1/925
f 926/1/926 927/1/927 925/1/925
f 926/1/926 928/1/928 927/1/927
f 928/1/928 929/1/929 927/1/927
f 928/1/928 930/1/930 929/1/929
f 930/1/930 931/1/931 929/1/929
f 932/1/932 933/1/933 934/1/934
f 933/1/933 935/1/935 934/1/934
f 933/1/933 936/1/936 935/1/935
f 936/1/936 937/1/937 935/1/935
f 936/1/936 938/1/938 937/1/937
f 938/1/938 939/1/939 937/1/937
f 940/1/940 939/1/939 938/1/938
f 941/1/941 940/1/940 938/1/938
f 942/1/942 943/1/943 941/1/941
f 941/1/941 938/1/938 942/1/942
f 944/1/944 943/1/943 942/1/942
f 944/1/944 942/1/942 945/1/945
f 946/1/946 944/1/944 945/1/945
f 947/1/947 948/1/948 949/1/949
f 949/1/949 950/1/950 947/1/947
f 949/1/949 948/1/948 951/1/951
f 952/1/952 949/1/949 951/1/951
f 952/1/952 951/1/951 953/1/953
f 954/1/954 952/1/952 953/1/953
f 954/1/954 953/1/953 955/1/955
f 954/1/954 955/1/955 956/1/956
f 956/1/956 957/1/957 954/1/954
f 958/1/958 959/1/959 960/1/960
f 958/1/958 961/1/961 959/1/959
f 959/1/959 961/1/961 962/1/962
f 963/1/963 964/1/964 965/1/965
f 966/1/966 964/1/964 963/1/963
f 966/1/966 967/1/967 964/1/964
f 968/1/968 967/1/967 966/1/966
f 969/1/969 967/1/967 968/1/968
f 970/1/970 967/1/967 969/1/969
f 971/1/971 967/1/967 970/1/970
f 971/1/971 972/1/972 967/1/967
f 972/1/972 973/1/973 967/1/967
f 972/1/972 974/1/974 973/1/973
f 974/1/974 975/1/975 973/1/973
f 974/1/974 976/1/976 975/1/975
f 976/1/976 977/1/977 975/1/975
f 976/1/976 978/1/978 977/1/977
f 979/1/979 980/1/980 981/1/981
f 979/1/979 982/1/982 980/1/980
f 982/1/982 983/1/983 980/1/980
f 982/1/982 984/1/984 983/1/983
f 984/1/984 985/1/985 983/1/983
f 984/1/984 986/1/986 985/1/985
f 986/1/986 987/1/987 985/1/985
f 986/1/986 988/1/988 987/1/987
f 988/1/988 989/1/989 987/1/987
f 988/1/988 990/1/990 989/1/989
f 990/1/990 991/1/991 989/1/989
f 990/1/990 992/1/992 991/1/991
f 991/1/991 992/1/992 993/1/993
f 991/1/991 993/1/993 994/1/994
f 995/1/995 996/1/996 997/1/997
f 997/1/997 998/1/998 995/1/995
f 997/1/997 996/1/996 999/1/999
f 1000/1/1000 997/1/997 999/1/999
f 1000/1/1000 999/1/999 1001/1/1001
f 1002/1/1002 1003/1/1003 1000/1/1000
f 1000/1/1000 1001/1/1001 1002/1/1002
f 1004/1/1004 1003/1/1003 1002/1/1002
f 1004/1/1004 1002/1/1002 1005/1/1005
f 1006/1/1006 1004/1/1004 1005/1/1005
f 1006/1/1006 1005/1/1005 1007/1/1007
f 1008/1/1008 1006/1/1006 1007/1/1007
f 1009/1/1009 1008/1/1008 1007/1/1007
f 1007/1/1007 1010/1/1010 1009/1/1009
f 1011/1/1011 1012/1/1012 1013/1/1013
f 1014/1/1014 1015/1/1015 1016/1/1016
f 1015/1/1015 1014/1/1014 1017/1/1017
f 1018/1/1018 1019/1/1019 1017/1/1017
f 1019/1/1019 1018/1/1018 1020/1/1020
f 1021/1/1021 1020/1/1020 1022/1/1022
f 1022/1/1022 1023/1/1023 1021/1/1021
f 1024/1/1024 1025/1/1025 1026/1/1026
f 1027/1/1027 1028/1/1028 1029/1/1029
f 1030/1/1030 1031/1/1031 1029/1/1029
f 1030/1/1030 1032/1/1032 1031/1/1031
f 1033/1/1033 1032/1/1032 1034/1/1034
f 1034/1/1034 1035/1/1035 1033/1/1033
f 1036/1/1036 1037/1/1037 1038/1/1038
f 1038/1/1038 1039/1/1039 1036/1/1036
f 1040/1/1040 1041/1/1041 1042/1/1042
f 1043/1/1043 1044/1/1044 1045/1/1045
f 1046/1/1046 1047/1/1047 1048/1/1048
f 1048/1/1048 1049/1/1049 1046/1/1046
f 1050/1/1050 1051/1/1051 1052/1/1052
f 1053/1/1053 1050/1/1050 1052/1/1052
f 1054/1/1054 1055/1/1055 1056/1/1056
f 1057/1/1057 1058/1/1058 1059/1/1059
f 1060/1/1060 1057/1/1057 1059/1/1059
f 1061/1/1061 1062/1/1062 1063/1/1063
f 1061/1/1061 1064/1/1064 1065/1/1065
f 1061/1/1061 1066/1/1066 1064/1/1064
f 1066/1/1066 1067/1/1067 1064/1/1064
f 1067/1/1067 1068/1/1068 1064/1/1064
f 1067/1/1067 1069/1/1069 1068/1/1068
f 1069/1/1069 1070/1/1070 1068/1/1068
f 1069/1/1069 1071/1/1071 1070/1/1070
f 1072/1/1072 1073/1/1073 1074/1/1074
f 1075/1/1075 1076/1/1076 1073/1/1073
f 1075/1/1075 1077/1/1077 1076/1/1076
f 1077/1/1077 1078/1/1078 1076/1/1076
f 1079/1/1079 1080/1/1080 1081/1/1081
f 1082/1/1082 1083/1/1083 1084/1/1084
f 1082/1/1082 1084/1/1084 1085/1/1085
f 1086/1/1086 1087/1/1087 1088/1/1088
f 1088/1/1088 1087/1/1087 1089/1/1089
f 1089/1/1089 1087/1/1087 1090/1/1090
f 1089/1/1089 1090/1/1090 1091/1/1091
f 1091/1/1091 1090/1/1090 1092/1/1092
f 1091/1/1091 1092/1/1092 1093/1/1093
f 1093/1/1093 1092/1/1092 1094/1/1094
f 1095/1/1095 1093/1/1093 1094/1/1094
f 1096/1/1096 1095/1/1095 1094/1/1094
f 1095/1/1095 1096/1/1096 1097/1/1097
f 1098/1/1098 1097/1/1097 1096/1/1096
f 1097/1/1097 1098/1/1098 1099/1/1099
f 1099/1/1099 1098/1/1098 1100/1/1100
f 1088/1/1088 1101/1/1101 1086/1/1086
f 1102/1/1102 1103/1/1103 1104/1/1104
f 1104/1/1104 1105/1/1105 1102/1/1102
f 1106/1/1106 1107/1/1107 1108/1/1108
f 1106/1/1106 1109/1/1109 1107/1/1107
f 1110/1/1110 1111/1/1111 1112/1/1112
f 1113/1/1113 1110/1/1110 1112/1/1112
f 1114/1/1114 1115/1/1115 1116/1/1116
f 1114/1/1114 1117/1/1117 1115/1/1115
f 1118/1/1118 1119/1/1119 1120/1/1120
f 1120/1/1120 1121/1/1121 1118/1/1118
f 1122/1/1122 1123/1/1123 1124/1/1124
f 1122/1/1122 1125/1/1125 1123/1/1123
f 1126/1/1126 1127/1/1127 1128/1/1128
f 1126/1/1126 1128/1/1128 1129/1/1129
f 1129/1/1129 1130/1/1130 1126/1/1126
f 1130/1/1130 1131/1/1131 1132/1/1132
f 1130/1/1130 1129/1/1129 1131/1/1131
f 1133/1/1133 1132/1/1132 1131/1/1131
f 1134/1/1134 1135/1/1135 1136/1/1136
f 1137/1/1137 1136/1/1136 1135/1/1135
f 1137/1/1137 1135/1/1135 1138/1/1138
f 1139/1/1139 1137/1/1137 1138/1/1138
f 1139/1/1139 1138/1/1138 1140/1/1140
f 1140/1/1140 1141/1/1141 1139/1/1139
f 1140/1/1140 1142/1/1142 1141/1/1141
f 1142/1/1142 1143/1/1143 1144/1/1144
f 1144/1/1144 1141/1/1141 1142/1/1142
f 1143/1/1143 1145/1/1145 1146/1/1146
f 1146/1/1146 1144/1/1144 1143/1/1143
f 1147/1/1147 1146/1/1146 1145/1/1145
f 1147/1/1147 1145/1/1145 1148/1/1148
f 1148/1/1148 1149/1/1149 1147/1/1147
f 1150/1/1150 1151/1/1151 1152/1/1152
f 1152/1/1152 1151/1/1151 1153/1/1153
f 1154/1/1154 1153/1/1153 1155/1/1155
f 1154/1/1154 1155/1/1155 1156/1/1156
f 1157/1/1157 1154/1/1154 1156/1/1156
f 1156/1/1156 1158/1/1158 1157/1/1157
f 1159/1/1159 1157/1/1157 1158/1/1158
f 1159/1/1159 1158/1/1158 1160/1/1160
f 1159/1/1159 1160/1/1160 1161/1/1161
f 1162/1/1162 1159/1/1159 1161/1/1161
f 1162/1/1162 1161/1/1161 1163/1/1163
f 1164/1/1164 1162/1/1162 1163/1/1163
f 1164/1/1164 1163/1/1163 1165/1/1165
f 1166/1/1166 1167/1/1167 1168/1/1168
f 1166/1/1166 1168/1/1168 1169/1/1169
f 1169/1/1169 1170/1/1170 1166/1/1166
f 1169/1/1169 1171/1/1171 1170/1/1170
f 1169/1/1169 1172/1/1172 1171/1/1171
f 1173/1/1173 1171/1/1171 1172/1/1172
f 1174/1/1174 1173/1/1173 1172/1/1172
f 1172/1/1172 1175/1/1175 1174/1/1174
f 1175/1/1175 1172/1/1172 1176/1/1176
f 1176/1/1176 1177/1/1177 1175/1/1175
f 1178/1/1178 1176/1/1176 1179/1/1179
f 1180/1/1180 1181/1/1181 1182/1/1182
f 1183/1/1183 1180/1/1180 1182/1/1182
f 1182/1/1182 1184/1/1184 1183/1/1183
f 1185/1/1185 1186/1/1186 1184/1/1184
f 1186/1/1186 1183/1/1183 1184/1/1184
f 1186/1/1186 1185/1/1185 1187/1/1187
f 1187/1/1187 1188/1/1188 1186/1/1186
f 1188/1/1188 1187/1/1187 1189/1/1189
f 1190/1/1190 1188/1/1188 1189/1/1189
f 1190/1/1190 1189/1/1189 1191/1/1191
f 1192/1/1192 1190/1/1190 1191/1/1191
f 1191/1/1191 1193/1/1193 1192/1/1192
f 1193/1/1193 1194/1/1194 1192/1/1192
f 1195/1/1195 1196/1/1196 1197/1/1197
f 1197/1/1197 1198/1/1198 1195/1/1195
f 1199/1/1199 1200/1/1200 1196/1/1196
f 1196/1/1196 1195/1/1195 1199/1/1199
f 1200/1/1200 1199/1/1199 1201/1/1201
f 1202/1/1202 1200/1/1200 1201/1/1201
f 1201/1/1201 1203/1/1203 1202/1/1202
f 1203/1/1203 1204/1/1204 1202/1/1202
f 1205/1/1205 1204/1/1204 1203/1/1203
f 1206/1/1206 1205/1/1205 1207/1/1207
f 1208/1/1208 1206/1/1206 1207/1/1207
f 1208/1/1208 1207/1/1207 1209/1/1209
f 1209/1/1209 1210/1/1210 1208/1/1208
f 1211/1/1211 1212/1/1212 1213/1/1213
f 1214/1/1214 1211/1/1211 1213/1/1213
f 1215/1/1215 1214/1/1214 1213/1/1213
f 1215/1/1215 1213/1/1213 1216/1/1216
f 1217/1/1217 1215/1/1215 1216/1/1216
f 1217/1/1217 1216/1/1216 1218/1/1218
f 1219/1/1219 1217/1/1217 1218/1/1218
f 1219/1/1219 1218/1/1218 1220/1/1220
f 1221/1/1221 1219/1/1219 1220/1/1220
f 1220/1/1220 1222/1/1222 1221/1/1221
f 1222/1/1222 1223/1/1223 1221/1/1221
f 1223/1/1223 1224/1/1224 1221/1/1221
f 1224/1/1224 1223/1/1223 1225/1/1225
f 1224/1/1224 1225/1/1225 1226/1/1226
f 1227/1/1227 1228/1/1228 1229/1/1229
f 1230/1/1230 1229/1/1229 1228/1/1228
f 1228/1/1228 1231/1/1231 1230/1/1230
f 1230/1/1230 1232/1/1232 1233/1/1233
f 1234/1/1234 1235/1/1235 1236/1/1236
f 1237/1/1237 1238/1/1238 1239/1/1239
f 1240/1/1240 1237/1/1237 1239/1/1239
f 1241/1/1241 1242/1/1242 1243/1/1243
f 1241/1/1241 1244/1/1244 1245/1/1245
f 1241/1/1241 1246/1/1246 1244/1/1244
f 1246/1/1246 1247/1/1247 1244/1/1244
f 1247/1/1247 1248/1/1248 1244/1/1244
f 1247/1/1247 1249/1/1249 1248/1/1248
f 1249/1/1249 1250/1/1250 1248/1/1248
f 1249/1/1249 1251/1/1251 1250/1/1250
f 1252/1/1252 1253/1/1253 1250/1/1250
f 1251/1/1251 1254/1/1254 1253/1/1253
f 1251/1/1251 1255/1/1255 1254/1/1254
f 1255/1/1255 1256/1/1256 1254/1/1254
f 1257/1/1257 1258/1/1258 1259/1/1259
f 1260/1/1260 1261/1/1261 1262/1/1262
f 1260/1/1260 1262/1/1262 1263/1/1263
f 1264/1/1264 1265/1/1265 1266/1/1266
f 1266/1/1266 1265/1/1265 1267/1/1267
f 1267/1/1267 1265/1/1265 1268/1/1268
f 1267/1/1267 1268/1/1268 1269/1/1269
f 1269/1/1269 1268/1/1268 1270/1/1270
f 1269/1/1269 1270/1/1270 1271/1/1271
f 1271/1/1271 1270/1/1270 1272/1/1272
f 1273/1/1273 1274/1/1274 1275/1/1275
f 1276/1/1276 1273/1/1273 1275/1/1275
f 1273/1/1273 1276/1/1276 1277/1/1277
f 1278/1/1278 1277/1/1277 1276/1/1276
f 1277/1/1277 1278/1/1278 1279/1/1279
f 1279/1/1279 1278/1/1278 1280/1/1280
f 1281/1/1281 1282/1/1282 1283/1/1283
f 1284/1/1284 1285/1/1285 1286/1/1286
f 1287/1/1287 1288/1/1288 1289/1/1289
f 1288/1/1288 1287/1/1287 1290/1/1290
f 1290/1/1290 1291/1/1291 1288/1/1288
f 1291/1/1291 1290/1/1290 1292/1/1292
f 1292/1/1292 1293/1/1293 1291/1/1291
f 1294/1/1294 1293/1/1293 1292/1/1292
f 1295/1/1295 1296/1/1296 1294/1/1294
f 1297/1/1297 1296/1/1296 1295/1/1295
f 1297/1/1297 1295/1/1295 1298/1/1298
f 1299/1/1299 1297/1/1297 1298/1/1298
f 1299/1/1299 1298/1/1298 1300/1/1300
f 1299/1/1299 1300/1/1300 1301/1/1301
f 1302/1/1302 1299/1/1299 1301/1/1301
f 1303/1/1303 1304/1/1304 1305/1/1305
f 1303/1/1303 1305/1/1305 1306/1/1306
f 1303/1/1303 1306/1/1306 1307/1/1307
f 1308/1/1308 1303/1/1303 1307/1/1307
f 1307/1/1307 1309/1/1309 1308/1/1308
f 1308/1/1308 1309/1/1309 1310/1/1310
f 1311/1/1311 1312/1/1312 1309/1/1309
f 1312/1/1312 1310/1/1310 1309/1/1309
f 1313/1/1313 1312/1/1312 1311/1/1311
f 1313/1/1313 1311/1/1311 1314/1/1314
f 1315/1/1315 1314/1/1314 1316/1/1316
f 1315/1/1315 1313/1/1313 1314/1/1314
f 1317/1/1317 1315/1/1315 1316/1/1316
f 1318/1/1318 1319/1/1319 1320/1/1320
f 1319/1/1319 1321/1/1321 1320/1/1320
f 1322/1/1322 1323/1/1323 1320/1/1320
f 1320/1/1320 1324/1/1324 1318/1/1318
f 1325/1/1325 1326/1/1326 1327/1/1327
f 1328/1/1328 1327/1/1327 1326/1/1326
f 1326/1/1326 1329/1/1329 1328/1/1328
f 1330/1/1330 1328/1/1328 1329/1/1329
f 1329/1/1329 1331/1/1331 1330/1/1330
f 1330/1/1330 1331/1/1331 1332/1/1332
f 1333/1/1333 1334/1/1334 1335/1/1335
f 1335/1/1335 1334/1/1334 1336/1/1336
f 1337/1/1337 1335/1/1335 1336/1/1336
f 1337/1/1337 1336/1/1336 1338/1/1338
f 1339/1/1339 1337/1/1337 1338/1/1338
f 1340/1/1340 1339/1/1339 1338/1/1338
f 1340/1/1340 1338/1/1338 1341/1/1341
f 1342/1/1342 1340/1/1340 1341/1/1341
f 1343/1/1343 1342/1/1342 1341/1/1341
f 1344/1/1344 1343/1/1343 1341/1/1341
f 1344/1/1344 1341/1/1341 1345/1/1345
f 1345/1/1345 1346/1/1346 1344/1/1344
f 1347/1/1347 1346/1/1346 1345/1/1345
f 1348/1/1348 1349/1/1349 1350/1/1350
f 1348/1/1348 1351/1/1351 1349/1/1349
f 1350/1/1350 1349/1/1349 1352/1/1352
f 1353/1/1353 1350/1/1350 1352/1/1352
f 1354/1/1354 1353/1/1353 1355/1/1355
f 1353/1/1353 1352/1/1352 1355/1/1355
f 1354/1/1354 1355/1/1355 1356/1/1356
f 1356/1/1356 1357/1/1357 1358/1/1358
f 1356/1/1356 1355/1/1355 1357/1/1357
f 1356/1/1356 1359/1/1359 1354/1/1354
f 1358/1/1358 1360/1/1360 1356/1/1356
f 1361/1/1361 1362/1/1362 1363/1/1363
