mtllib PshuttleZ.mtl
v -269.0 -3296.0 394.0 1.000 1.000 1.000
v -276.0 -3296.0 410.0 1.000 1.000 1.000
v -260.0 -3359.0 425.0 1.000 1.000 1.000
v -247.0 -3359.0 394.0 1.000 1.000 1.000
v -292.0 -3296.0 416.0 1.000 1.000 1.000
v -292.0 -3359.0 439.0 1.000 1.000 1.000
v -308.0 -3296.0 410.0 1.000 1.000 1.000
v -323.0 -3359.0 425.0 1.000 1.000 1.000
v -314.0 -3296.0 394.0 1.000 1.000 1.000
v -336.0 -3359.0 394.0 1.000 1.000 1.000
v -308.0 -3296.0 378.0 1.000 1.000 1.000
v -323.0 -3359.0 362.0 1.000 1.000 1.000
v -292.0 -3296.0 371.0 1.000 1.000 1.000
v -292.0 -3359.0 349.0 1.000 1.000 1.000
v -276.0 -3296.0 378.0 1.000 1.000 1.000
v -260.0 -3359.0 362.0 1.000 1.000 1.000
v -247.0 -3359.0 394.0 1.000 1.000 1.000
v -260.0 -3359.0 425.0 1.000 1.000 1.000
v -244.0 -3485.0 441.0 1.000 1.000 1.000
v -224.0 -3485.0 394.0 1.000 1.000 1.000
v -292.0 -3359.0 439.0 1.000 1.000 1.000
v -292.0 -3485.0 461.0 1.000 1.000 1.000
v -323.0 -3359.0 425.0 1.000 1.000 1.000
v -339.0 -3485.0 441.0 1.000 1.000 1.000
v -336.0 -3359.0 394.0 1.000 1.000 1.000
v -359.0 -3485.0 394.0 1.000 1.000 1.000
v -323.0 -3359.0 362.0 1.000 1.000 1.000
v -339.0 -3485.0 346.0 1.000 1.000 1.000
v -292.0 -3359.0 349.0 1.000 1.000 1.000
v -292.0 -3485.0 327.0 1.000 1.000 1.000
v -260.0 -3359.0 362.0 1.000 1.000 1.000
v -244.0 -3485.0 346.0 1.000 1.000 1.000
v 336.0 -3359.0 394.0 1.000 1.000 1.000
v 323.0 -3359.0 362.0 1.000 1.000 1.000
v 308.0 -3296.0 378.0 1.000 1.000 1.000
v 314.0 -3296.0 394.0 1.000 1.000 1.000
v 292.0 -3359.0 349.0 1.000 1.000 1.000
v 292.0 -3296.0 371.0 1.000 1.000 1.000
v 260.0 -3359.0 362.0 1.000 1.000 1.000
v 276.0 -3296.0 378.0 1.000 1.000 1.000
v 247.0 -3359.0 394.0 1.000 1.000 1.000
v 269.0 -3296.0 394.0 1.000 1.000 1.000
v 260.0 -3359.0 425.0 1.000 1.000 1.000
v 276.0 -3296.0 410.0 1.000 1.000 1.000
v 292.0 -3359.0 439.0 1.000 1.000 1.000
v 292.0 -3296.0 416.0 1.000 1.000 1.000
v 323.0 -3359.0 425.0 1.000 1.000 1.000
v 308.0 -3296.0 410.0 1.000 1.000 1.000
v 359.0 -3485.0 394.0 1.000 1.000 1.000
v 339.0 -3485.0 346.0 1.000 1.000 1.000
v 323.0 -3359.0 362.0 1.000 1.000 1.000
v 336.0 -3359.0 394.0 1.000 1.000 1.000
v 292.0 -3485.0 327.0 1.000 1.000 1.000
v 292.0 -3359.0 349.0 1.000 1.000 1.000
v 244.0 -3485.0 346.0 1.000 1.000 1.000
v 260.0 -3359.0 362.0 1.000 1.000 1.000
v 224.0 -3485.0 394.0 1.000 1.000 1.000
v 247.0 -3359.0 394.0 1.000 1.000 1.000
v 244.0 -3485.0 441.0 1.000 1.000 1.000
v 260.0 -3359.0 425.0 1.000 1.000 1.000
v 292.0 -3485.0 461.0 1.000 1.000 1.000
v 292.0 -3359.0 439.0 1.000 1.000 1.000
v 339.0 -3485.0 441.0 1.000 1.000 1.000
v 323.0 -3359.0 425.0 1.000 1.000 1.000
v 115.0 -3303.0 110.0 1.000 1.000 1.000
v 143.0 -3303.0 178.0 1.000 1.000 1.000
v 177.0 -3267.0 144.0 1.000 1.000 1.000
v 163.0 -3267.0 110.0 1.000 1.000 1.000
v 211.0 -3303.0 206.0 1.000 1.000 1.000
v 211.0 -3267.0 158.0 1.000 1.000 1.000
v 279.0 -3303.0 178.0 1.000 1.000 1.000
v 245.0 -3267.0 144.0 1.000 1.000 1.000
v 307.0 -3303.0 110.0 1.000 1.000 1.000
v 259.0 -3267.0 110.0 1.000 1.000 1.000
v 279.0 -3303.0 42.0 1.000 1.000 1.000
v 245.0 -3267.0 76.0 1.000 1.000 1.000
v 211.0 -3303.0 14.0 1.000 1.000 1.000
v 211.0 -3267.0 62.0 1.000 1.000 1.000
v 143.0 -3303.0 42.0 1.000 1.000 1.000
v 177.0 -3267.0 76.0 1.000 1.000 1.000
v 67.0 -3411.0 110.0 1.000 1.000 1.000
v 109.0 -3411.0 212.0 1.000 1.000 1.000
v 143.0 -3303.0 178.0 1.000 1.000 1.000
v 115.0 -3303.0 110.0 1.000 1.000 1.000
v 211.0 -3411.0 254.0 1.000 1.000 1.000
v 211.0 -3303.0 206.0 1.000 1.000 1.000
v 313.0 -3411.0 212.0 1.000 1.000 1.000
v 279.0 -3303.0 178.0 1.000 1.000 1.000
v 355.0 -3411.0 110.0 1.000 1.000 1.000
v 307.0 -3303.0 110.0 1.000 1.000 1.000
v 313.0 -3411.0 8.0 1.000 1.000 1.000
v 279.0 -3303.0 42.0 1.000 1.000 1.000
v 211.0 -3411.0 -34.0 1.000 1.000 1.000
v 211.0 -3303.0 14.0 1.000 1.000 1.000
v 109.0 -3411.0 8.0 1.000 1.000 1.000
v 143.0 -3303.0 42.0 1.000 1.000 1.000
v 43.0 -3590.0 110.0 1.000 1.000 1.000
v 92.0 -3590.0 229.0 1.000 1.000 1.000
v 109.0 -3411.0 212.0 1.000 1.000 1.000
v 67.0 -3411.0 110.0 1.000 1.000 1.000
v 211.0 -3590.0 278.0 1.000 1.000 1.000
v 211.0 -3411.0 254.0 1.000 1.000 1.000
v 330.0 -3590.0 229.0 1.000 1.000 1.000
v 313.0 -3411.0 212.0 1.000 1.000 1.000
v 379.0 -3590.0 110.0 1.000 1.000 1.000
v 355.0 -3411.0 110.0 1.000 1.000 1.000
v 330.0 -3590.0 -9.0 1.000 1.000 1.000
v 313.0 -3411.0 8.0 1.000 1.000 1.000
v 211.0 -3590.0 -58.0 1.000 1.000 1.000
v 211.0 -3411.0 -34.0 1.000 1.000 1.000
v 92.0 -3590.0 -9.0 1.000 1.000 1.000
v 109.0 -3411.0 8.0 1.000 1.000 1.000
v -98.0 -3303.0 400.0 1.000 1.000 1.000
v -70.0 -3303.0 468.0 1.000 1.000 1.000
v -36.0 -3267.0 434.0 1.000 1.000 1.000
v -50.0 -3267.0 400.0 1.000 1.000 1.000
v -2.0 -3303.0 496.0 1.000 1.000 1.000
v -2.0 -3267.0 448.0 1.000 1.000 1.000
v 66.0 -3303.0 468.0 1.000 1.000 1.000
v 32.0 -3267.0 434.0 1.000 1.000 1.000
v 94.0 -3303.0 400.0 1.000 1.000 1.000
v 46.0 -3267.0 400.0 1.000 1.000 1.000
v 66.0 -3303.0 332.0 1.000 1.000 1.000
v 32.0 -3267.0 366.0 1.000 1.000 1.000
v -2.0 -3303.0 304.0 1.000 1.000 1.000
v -2.0 -3267.0 352.0 1.000 1.000 1.000
v -70.0 -3303.0 332.0 1.000 1.000 1.000
v -36.0 -3267.0 366.0 1.000 1.000 1.000
v -146.0 -3411.0 400.0 1.000 1.000 1.000
v -104.0 -3411.0 502.0 1.000 1.000 1.000
v -70.0 -3303.0 468.0 1.000 1.000 1.000
v -98.0 -3303.0 400.0 1.000 1.000 1.000
v -2.0 -3411.0 544.0 1.000 1.000 1.000
v -2.0 -3303.0 496.0 1.000 1.000 1.000
v 100.0 -3411.0 502.0 1.000 1.000 1.000
v 66.0 -3303.0 468.0 1.000 1.000 1.000
v 143.0 -3411.0 400.0 1.000 1.000 1.000
v 94.0 -3303.0 400.0 1.000 1.000 1.000
v 100.0 -3411.0 298.0 1.000 1.000 1.000
v 66.0 -3303.0 332.0 1.000 1.000 1.000
v -2.0 -3411.0 256.0 1.000 1.000 1.000
v -2.0 -3303.0 304.0 1.000 1.000 1.000
v -104.0 -3411.0 298.0 1.000 1.000 1.000
v -70.0 -3303.0 332.0 1.000 1.000 1.000
v -170.0 -3590.0 400.0 1.000 1.000 1.000
v -121.0 -3590.0 519.0 1.000 1.000 1.000
v -104.0 -3411.0 502.0 1.000 1.000 1.000
v -146.0 -3411.0 400.0 1.000 1.000 1.000
v -2.0 -3590.0 568.0 1.000 1.000 1.000
v -2.0 -3411.0 544.0 1.000 1.000 1.000
v 117.0 -3590.0 519.0 1.000 1.000 1.000
v 100.0 -3411.0 502.0 1.000 1.000 1.000
v 167.0 -3590.0 400.0 1.000 1.000 1.000
v 143.0 -3411.0 400.0 1.000 1.000 1.000
v 117.0 -3590.0 281.0 1.000 1.000 1.000
v 100.0 -3411.0 298.0 1.000 1.000 1.000
v -2.0 -3590.0 231.0 1.000 1.000 1.000
v -2.0 -3411.0 256.0 1.000 1.000 1.000
v -121.0 -3590.0 281.0 1.000 1.000 1.000
v -104.0 -3411.0 298.0 1.000 1.000 1.000
v -300.0 -3303.0 110.0 1.000 1.000 1.000
v -272.0 -3303.0 178.0 1.000 1.000 1.000
v -238.0 -3267.0 144.0 1.000 1.000 1.000
v -252.0 -3267.0 110.0 1.000 1.000 1.000
v -204.0 -3303.0 206.0 1.000 1.000 1.000
v -204.0 -3267.0 158.0 1.000 1.000 1.000
v -136.0 -3303.0 178.0 1.000 1.000 1.000
v -170.0 -3267.0 144.0 1.000 1.000 1.000
v -108.0 -3303.0 110.0 1.000 1.000 1.000
v -156.0 -3267.0 110.0 1.000 1.000 1.000
v -136.0 -3303.0 42.0 1.000 1.000 1.000
v -170.0 -3267.0 76.0 1.000 1.000 1.000
v -204.0 -3303.0 14.0 1.000 1.000 1.000
v -204.0 -3267.0 62.0 1.000 1.000 1.000
v -272.0 -3303.0 42.0 1.000 1.000 1.000
v -238.0 -3267.0 76.0 1.000 1.000 1.000
v -348.0 -3411.0 110.0 1.000 1.000 1.000
v -306.0 -3411.0 212.0 1.000 1.000 1.000
v -272.0 -3303.0 178.0 1.000 1.000 1.000
v -300.0 -3303.0 110.0 1.000 1.000 1.000
v -204.0 -3411.0 254.0 1.000 1.000 1.000
v -204.0 -3303.0 206.0 1.000 1.000 1.000
v -102.0 -3411.0 212.0 1.000 1.000 1.000
v -136.0 -3303.0 178.0 1.000 1.000 1.000
v -60.0 -3411.0 110.0 1.000 1.000 1.000
v -108.0 -3303.0 110.0 1.000 1.000 1.000
v -102.0 -3411.0 8.0 1.000 1.000 1.000
v -136.0 -3303.0 42.0 1.000 1.000 1.000
v -204.0 -3411.0 -34.0 1.000 1.000 1.000
v -204.0 -3303.0 14.0 1.000 1.000 1.000
v -306.0 -3411.0 8.0 1.000 1.000 1.000
v -272.0 -3303.0 42.0 1.000 1.000 1.000
v -373.0 -3590.0 110.0 1.000 1.000 1.000
v -323.0 -3590.0 229.0 1.000 1.000 1.000
v -306.0 -3411.0 212.0 1.000 1.000 1.000
v -348.0 -3411.0 110.0 1.000 1.000 1.000
v -204.0 -3590.0 278.0 1.000 1.000 1.000
v -204.0 -3411.0 254.0 1.000 1.000 1.000
v -85.0 -3590.0 229.0 1.000 1.000 1.000
v -102.0 -3411.0 212.0 1.000 1.000 1.000
v -36.0 -3590.0 110.0 1.000 1.000 1.000
v -60.0 -3411.0 110.0 1.000 1.000 1.000
v -85.0 -3590.0 -9.0 1.000 1.000 1.000
v -102.0 -3411.0 8.0 1.000 1.000 1.000
v -204.0 -3590.0 -58.0 1.000 1.000 1.000
v -204.0 -3411.0 -34.0 1.000 1.000 1.000
v -323.0 -3590.0 -9.0 1.000 1.000 1.000
v -306.0 -3411.0 8.0 1.000 1.000 1.000
v 58.0 -2771.0 510.0 1.000 1.000 1.000
v 30.0 -3588.0 1356.0 1.000 1.000 1.000
v 0.0 -3844.0 1356.0 1.000 1.000 1.000
v 0.0 -3296.0 569.0 1.000 1.000 1.000
v 0.0 -3296.0 569.0 1.000 1.000 1.000
v 0.0 -3844.0 1356.0 1.000 1.000 1.000
v -30.0 -3588.0 1356.0 1.000 1.000 1.000
v -58.0 -2771.0 510.0 1.000 1.000 1.000
v -438.0 -2858.0 277.0 1.000 1.000 1.000
v -438.0 -2858.0 -102.0 1.000 1.000 1.000
v -436.0 -3383.0 -102.0 1.000 1.000 1.000
v -436.0 -3383.0 277.0 1.000 1.000 1.000
v -436.0 -3383.0 277.0 1.000 1.000 1.000
v -436.0 -3383.0 -102.0 1.000 1.000 1.000
v -438.0 -3062.0 -102.0 1.000 1.000 1.000
v -438.0 -3062.0 277.0 1.000 1.000 1.000
v -438.0 -2858.0 277.0 1.000 1.000 1.000
v -438.0 -2712.0 277.0 1.000 1.000 1.000
v -438.0 -2712.0 -102.0 1.000 1.000 1.000
v -438.0 -2858.0 -102.0 1.000 1.000 1.000
v 467.0 -3267.0 -102.0 1.000 1.000 1.000
v 1692.0 -3092.0 -102.0 1.000 1.000 1.000
v 1692.0 -2946.0 -102.0 1.000 1.000 1.000
v 467.0 -3062.0 -102.0 1.000 1.000 1.000
v -1692.0 -3092.0 -102.0 1.000 1.000 1.000
v -467.0 -3267.0 -102.0 1.000 1.000 1.000
v -467.0 -3062.0 -102.0 1.000 1.000 1.000
v -1692.0 -2946.0 -102.0 1.000 1.000 1.000
v -199.0 -2712.0 500.0 1.000 1.000 1.000
v -174.0 -2742.0 527.0 1.000 1.000 1.000
v -146.0 -2712.0 510.0 1.000 1.000 1.000
v -199.0 -2712.0 500.0 1.000 1.000 1.000
v -246.0 -2712.0 490.0 1.000 1.000 1.000
v -264.0 -2742.0 536.0 1.000 1.000 1.000
v -174.0 -2742.0 527.0 1.000 1.000 1.000
v -292.0 -2712.0 481.0 1.000 1.000 1.000
v -342.0 -2742.0 491.0 1.000 1.000 1.000
v -379.0 -2712.0 423.0 1.000 1.000 1.000
v -408.0 -2742.0 409.0 1.000 1.000 1.000
v -146.0 -2712.0 510.0 1.000 1.000 1.000
v -57.0 -2858.0 496.0 1.000 1.000 1.000
v -150.0 -2858.0 580.0 1.000 1.000 1.000
v -276.0 -2858.0 593.0 1.000 1.000 1.000
v -385.0 -2858.0 530.0 1.000 1.000 1.000
v -436.0 -2858.0 415.0 1.000 1.000 1.000
v -418.0 -2712.0 326.0 1.000 1.000 1.000
v -438.0 -2858.0 277.0 1.000 1.000 1.000
v -57.0 -2858.0 496.0 1.000 1.000 1.000
v -150.0 -2858.0 580.0 1.000 1.000 1.000
v -31.0 -3062.0 510.0 1.000 1.000 1.000
v -138.0 -3062.0 607.0 1.000 1.000 1.000
v -276.0 -2858.0 593.0 1.000 1.000 1.000
v -282.0 -3062.0 622.0 1.000 1.000 1.000
v -385.0 -2858.0 530.0 1.000 1.000 1.000
v -407.0 -3062.0 550.0 1.000 1.000 1.000
v -436.0 -2858.0 415.0 1.000 1.000 1.000
v -465.0 -3062.0 418.0 1.000 1.000 1.000
v -438.0 -2858.0 277.0 1.000 1.000 1.000
v -438.0 -3062.0 277.0 1.000 1.000 1.000
v -31.0 -3296.0 510.0 1.000 1.000 1.000
v -138.0 -3296.0 607.0 1.000 1.000 1.000
v -282.0 -3296.0 622.0 1.000 1.000 1.000
v -319.0 -3296.0 601.0 1.000 1.000 1.000
v -407.0 -3062.0 550.0 1.000 1.000 1.000
v -370.0 -3354.0 571.0 1.000 1.000 1.000
v -319.0 -3296.0 601.0 1.000 1.000 1.000
v -407.0 -3587.0 550.0 1.000 1.000 1.000
v -393.0 -3587.0 558.0 1.000 1.000 1.000
v -465.0 -3062.0 418.0 1.000 1.000 1.000
v -465.0 -3587.0 418.0 1.000 1.000 1.000
v -438.0 -3062.0 277.0 1.000 1.000 1.000
v -435.0 -3587.0 277.0 1.000 1.000 1.000
v -408.0 -2742.0 409.0 1.000 1.000 1.000
v -379.0 -2712.0 423.0 1.000 1.000 1.000
v -418.0 -2712.0 326.0 1.000 1.000 1.000
v -438.0 -2858.0 277.0 1.000 1.000 1.000
v -438.0 -2712.0 277.0 1.000 1.000 1.000
v 146.0 -2712.0 510.0 1.000 1.000 1.000
v 174.0 -2742.0 527.0 1.000 1.000 1.000
v 206.0 -2712.0 498.0 1.000 1.000 1.000
v 264.0 -2742.0 536.0 1.000 1.000 1.000
v 250.0 -2712.0 490.0 1.000 1.000 1.000
v 342.0 -2742.0 491.0 1.000 1.000 1.000
v 292.0 -2712.0 481.0 1.000 1.000 1.000
v 378.0 -2742.0 409.0 1.000 1.000 1.000
v 379.0 -2712.0 423.0 1.000 1.000 1.000
v 409.0 -2712.0 348.0 1.000 1.000 1.000
v 57.0 -2858.0 496.0 1.000 1.000 1.000
v 150.0 -2858.0 580.0 1.000 1.000 1.000
v 276.0 -2858.0 593.0 1.000 1.000 1.000
v 385.0 -2858.0 530.0 1.000 1.000 1.000
v 436.0 -2858.0 415.0 1.000 1.000 1.000
v 437.0 -2858.0 277.0 1.000 1.000 1.000
v 31.0 -3062.0 510.0 1.000 1.000 1.000
v 150.0 -2858.0 580.0 1.000 1.000 1.000
v 57.0 -2858.0 496.0 1.000 1.000 1.000
v 138.0 -3062.0 607.0 1.000 1.000 1.000
v 282.0 -3062.0 622.0 1.000 1.000 1.000
v 276.0 -2858.0 593.0 1.000 1.000 1.000
v 407.0 -3062.0 550.0 1.000 1.000 1.000
v 385.0 -2858.0 530.0 1.000 1.000 1.000
v 465.0 -3062.0 418.0 1.000 1.000 1.000
v 436.0 -2858.0 415.0 1.000 1.000 1.000
v 437.0 -2858.0 277.0 1.000 1.000 1.000
v 437.0 -3062.0 277.0 1.000 1.000 1.000
v 31.0 -3296.0 510.0 1.000 1.000 1.000
v 138.0 -3296.0 607.0 1.000 1.000 1.000
v 282.0 -3296.0 622.0 1.000 1.000 1.000
v 319.0 -3296.0 601.0 1.000 1.000 1.000
v 319.0 -3296.0 601.0 1.000 1.000 1.000
v 370.0 -3354.0 571.0 1.000 1.000 1.000
v 407.0 -3062.0 550.0 1.000 1.000 1.000
v 407.0 -3587.0 550.0 1.000 1.000 1.000
v 393.0 -3587.0 558.0 1.000 1.000 1.000
v 465.0 -3062.0 418.0 1.000 1.000 1.000
v 465.0 -3587.0 418.0 1.000 1.000 1.000
v 437.0 -3062.0 277.0 1.000 1.000 1.000
v 435.0 -3587.0 277.0 1.000 1.000 1.000
v 437.0 -2858.0 277.0 1.000 1.000 1.000
v 437.0 -2712.0 277.0 1.000 1.000 1.000
v 409.0 -2712.0 348.0 1.000 1.000 1.000
v 146.0 -2712.0 510.0 1.000 1.000 1.000
v 0.0 -2712.0 510.0 1.000 1.000 1.000
v 58.0 -2771.0 510.0 1.000 1.000 1.000
v 57.0 -2858.0 496.0 1.000 1.000 1.000
v -146.0 -2712.0 510.0 1.000 1.000 1.000
v -57.0 -2858.0 496.0 1.000 1.000 1.000
v -58.0 -2771.0 510.0 1.000 1.000 1.000
v 0.0 -2712.0 510.0 1.000 1.000 1.000
v -175.0 4083.0 -744.0 1.000 1.000 1.000
v -124.0 4083.0 -620.0 1.000 1.000 1.000
v 0.0 4200.0 -744.0 1.000 1.000 1.000
v 0.0 4083.0 -569.0 1.000 1.000 1.000
v 124.0 4083.0 -620.0 1.000 1.000 1.000
v 175.0 4083.0 -744.0 1.000 1.000 1.000
v 124.0 4083.0 -867.0 1.000 1.000 1.000
v 0.0 4083.0 -919.0 1.000 1.000 1.000
v -124.0 4083.0 -867.0 1.000 1.000 1.000
v -438.0 3354.0 -744.0 1.000 1.000 1.000
v -309.0 3354.0 -434.0 1.000 1.000 1.000
v 0.0 3354.0 -306.0 1.000 1.000 1.000
v 0.0 3354.0 -306.0 1.000 1.000 1.000
v 309.0 3354.0 -434.0 1.000 1.000 1.000
v 124.0 4083.0 -620.0 1.000 1.000 1.000
v 0.0 4083.0 -569.0 1.000 1.000 1.000
v 437.0 3354.0 -744.0 1.000 1.000 1.000
v 175.0 4083.0 -744.0 1.000 1.000 1.000
v 309.0 3354.0 -1053.0 1.000 1.000 1.000
v 124.0 4083.0 -867.0 1.000 1.000 1.000
v 0.0 3354.0 -1181.0 1.000 1.000 1.000
v 0.0 4083.0 -919.0 1.000 1.000 1.000
v -309.0 3354.0 -1053.0 1.000 1.000 1.000
v -124.0 4083.0 -867.0 1.000 1.000 1.000
v -438.0 3354.0 -744.0 1.000 1.000 1.000
v -175.0 4083.0 -744.0 1.000 1.000 1.000
v -613.0 2421.0 -744.0 1.000 1.000 1.000
v -433.0 2421.0 -311.0 1.000 1.000 1.000
v -309.0 3354.0 -434.0 1.000 1.000 1.000
v -438.0 3354.0 -744.0 1.000 1.000 1.000
v 0.0 2421.0 -131.0 1.000 1.000 1.000
v 0.0 3354.0 -306.0 1.000 1.000 1.000
v 433.0 2421.0 -311.0 1.000 1.000 1.000
v 309.0 3354.0 -434.0 1.000 1.000 1.000
v 612.0 2421.0 -744.0 1.000 1.000 1.000
v 437.0 3354.0 -744.0 1.000 1.000 1.000
v 433.0 2421.0 -1177.0 1.000 1.000 1.000
v 309.0 3354.0 -1053.0 1.000 1.000 1.000
v 0.0 2421.0 -1356.0 1.000 1.000 1.000
v 0.0 3354.0 -1181.0 1.000 1.000 1.000
v -433.0 2421.0 -1177.0 1.000 1.000 1.000
v -309.0 3354.0 -1053.0 1.000 1.000 1.000
v -612.0 -3092.0 -744.0 1.000 1.000 1.000
v -433.0 -3092.0 -311.0 1.000 1.000 1.000
v -433.0 1124.0 -311.0 1.000 1.000 1.000
v -613.0 1124.0 -744.0 1.000 1.000 1.000
v 0.0 -3092.0 -131.0 1.000 1.000 1.000
v 0.0 1124.0 -131.0 1.000 1.000 1.000
v 433.0 -3092.0 -311.0 1.000 1.000 1.000
v 433.0 1124.0 -311.0 1.000 1.000 1.000
v 612.0 -3092.0 -744.0 1.000 1.000 1.000
v 612.0 1124.0 -744.0 1.000 1.000 1.000
v 433.0 -3092.0 -1177.0 1.000 1.000 1.000
v 433.0 1124.0 -1177.0 1.000 1.000 1.000
v 0.0 -3092.0 -1356.0 1.000 1.000 1.000
v 0.0 1124.0 -1356.0 1.000 1.000 1.000
v -433.0 -3092.0 -1177.0 1.000 1.000 1.000
v -433.0 1124.0 -1177.0 1.000 1.000 1.000
v -554.0 -3267.0 -744.0 1.000 1.000 1.000
v -392.0 -3267.0 -352.0 1.000 1.000 1.000
v -433.0 -3092.0 -311.0 1.000 1.000 1.000
v -612.0 -3092.0 -744.0 1.000 1.000 1.000
v 0.0 -3267.0 -190.0 1.000 1.000 1.000
v 0.0 -3092.0 -131.0 1.000 1.000 1.000
v 392.0 -3267.0 -352.0 1.000 1.000 1.000
v 433.0 -3092.0 -311.0 1.000 1.000 1.000
v 554.0 -3267.0 -744.0 1.000 1.000 1.000
v 612.0 -3092.0 -744.0 1.000 1.000 1.000
v 392.0 -3267.0 -1136.0 1.000 1.000 1.000
v 433.0 -3092.0 -1177.0 1.000 1.000 1.000
v 0.0 -3267.0 -1298.0 1.000 1.000 1.000
v 0.0 -3092.0 -1356.0 1.000 1.000 1.000
v -392.0 -3267.0 -1136.0 1.000 1.000 1.000
v -433.0 -3092.0 -1177.0 1.000 1.000 1.000
v -350.0 -3383.0 -744.0 1.000 1.000 1.000
v -247.0 -3383.0 -496.0 1.000 1.000 1.000
v -392.0 -3267.0 -352.0 1.000 1.000 1.000
v -554.0 -3267.0 -744.0 1.000 1.000 1.000
v 0.0 -3383.0 -394.0 1.000 1.000 1.000
v 0.0 -3267.0 -190.0 1.000 1.000 1.000
v 247.0 -3383.0 -496.0 1.000 1.000 1.000
v 392.0 -3267.0 -352.0 1.000 1.000 1.000
v 350.0 -3383.0 -744.0 1.000 1.000 1.000
v 554.0 -3267.0 -744.0 1.000 1.000 1.000
v 247.0 -3383.0 -991.0 1.000 1.000 1.000
v 392.0 -3267.0 -1136.0 1.000 1.000 1.000
v 0.0 -3383.0 -1094.0 1.000 1.000 1.000
v 0.0 -3267.0 -1298.0 1.000 1.000 1.000
v -247.0 -3383.0 -991.0 1.000 1.000 1.000
v -392.0 -3267.0 -1136.0 1.000 1.000 1.000
v 0.0 -3442.0 -744.0 1.000 1.000 1.000
v 0.0 -3442.0 -744.0 1.000 1.000 1.000
v -247.0 -3383.0 -496.0 1.000 1.000 1.000
v -350.0 -3383.0 -744.0 1.000 1.000 1.000
v 0.0 -3383.0 -394.0 1.000 1.000 1.000
v 247.0 -3383.0 -496.0 1.000 1.000 1.000
v 350.0 -3383.0 -744.0 1.000 1.000 1.000
v 247.0 -3383.0 -991.0 1.000 1.000 1.000
v 0.0 -3383.0 -1094.0 1.000 1.000 1.000
v -247.0 -3383.0 -991.0 1.000 1.000 1.000
v -946.0 1780.0 -744.0 1.000 1.000 1.000
v -934.0 1780.0 -714.0 1.000 1.000 1.000
v -904.0 1809.0 -744.0 1.000 1.000 1.000
v -904.0 1780.0 -702.0 1.000 1.000 1.000
v -875.0 1780.0 -714.0 1.000 1.000 1.000
v -862.0 1780.0 -744.0 1.000 1.000 1.000
v -862.0 1780.0 -744.0 1.000 1.000 1.000
v -875.0 1780.0 -773.0 1.000 1.000 1.000
v -904.0 1809.0 -744.0 1.000 1.000 1.000
v -904.0 1780.0 -785.0 1.000 1.000 1.000
v -934.0 1780.0 -773.0 1.000 1.000 1.000
v -946.0 1780.0 -744.0 1.000 1.000 1.000
v -1155.0 1294.0 -744.0 1.000 1.000 1.000
v -1081.0 1294.0 -567.0 1.000 1.000 1.000
v -934.0 1780.0 -714.0 1.000 1.000 1.000
v -904.0 1294.0 -493.0 1.000 1.000 1.000
v -904.0 1780.0 -702.0 1.000 1.000 1.000
v -727.0 1294.0 -567.0 1.000 1.000 1.000
v -875.0 1780.0 -714.0 1.000 1.000 1.000
v -654.0 1294.0 -744.0 1.000 1.000 1.000
v -727.0 1294.0 -921.0 1.000 1.000 1.000
v -904.0 1294.0 -994.0 1.000 1.000 1.000
v -904.0 1294.0 -994.0 1.000 1.000 1.000
v -1081.0 1294.0 -921.0 1.000 1.000 1.000
v -934.0 1780.0 -773.0 1.000 1.000 1.000
v -904.0 1780.0 -785.0 1.000 1.000 1.000
v -1155.0 1294.0 -744.0 1.000 1.000 1.000
v -946.0 1780.0 -744.0 1.000 1.000 1.000
v -1155.0 -3704.0 -744.0 1.000 1.000 1.000
v -1081.0 -3704.0 -567.0 1.000 1.000 1.000
v -1081.0 1294.0 -567.0 1.000 1.000 1.000
v -1155.0 1294.0 -744.0 1.000 1.000 1.000
v -904.0 -3704.0 -493.0 1.000 1.000 1.000
v -904.0 1294.0 -493.0 1.000 1.000 1.000
v -727.0 -3704.0 -567.0 1.000 1.000 1.000
v -727.0 1294.0 -567.0 1.000 1.000 1.000
v -654.0 -3704.0 -744.0 1.000 1.000 1.000
v -654.0 1294.0 -744.0 1.000 1.000 1.000
v -654.0 -3704.0 -744.0 1.000 1.000 1.000
v -727.0 -3704.0 -921.0 1.000 1.000 1.000
v -727.0 1294.0 -921.0 1.000 1.000 1.000
v -654.0 1294.0 -744.0 1.000 1.000 1.000
v -904.0 -3704.0 -994.0 1.000 1.000 1.000
v -904.0 1294.0 -994.0 1.000 1.000 1.000
v -1081.0 -3704.0 -921.0 1.000 1.000 1.000
v -1081.0 1294.0 -921.0 1.000 1.000 1.000
v -1155.0 -3704.0 -744.0 1.000 1.000 1.000
v -1155.0 1294.0 -744.0 1.000 1.000 1.000
v -1280.0 -4084.0 -744.0 1.000 1.000 1.000
v -1170.0 -4084.0 -478.0 1.000 1.000 1.000
v -1081.0 -3704.0 -567.0 1.000 1.000 1.000
v -1155.0 -3704.0 -744.0 1.000 1.000 1.000
v -904.0 -4084.0 -368.0 1.000 1.000 1.000
v -904.0 -3704.0 -493.0 1.000 1.000 1.000
v -904.0 -4084.0 -368.0 1.000 1.000 1.000
v -639.0 -4084.0 -478.0 1.000 1.000 1.000
v -727.0 -3704.0 -567.0 1.000 1.000 1.000
v -904.0 -3704.0 -493.0 1.000 1.000 1.000
v -529.0 -4084.0 -744.0 1.000 1.000 1.000
v -654.0 -3704.0 -744.0 1.000 1.000 1.000
v -639.0 -4084.0 -1009.0 1.000 1.000 1.000
v -727.0 -3704.0 -921.0 1.000 1.000 1.000
v -904.0 -4084.0 -1119.0 1.000 1.000 1.000
v -904.0 -3704.0 -994.0 1.000 1.000 1.000
v -1170.0 -4084.0 -1009.0 1.000 1.000 1.000
v -1081.0 -3704.0 -921.0 1.000 1.000 1.000
v -1280.0 -4084.0 -744.0 1.000 1.000 1.000
v -1155.0 -3704.0 -744.0 1.000 1.000 1.000
v -1280.0 -4200.0 -744.0 1.000 1.000 1.000
v -1170.0 -4200.0 -478.0 1.000 1.000 1.000
v -1081.0 -3937.0 -567.0 1.000 1.000 1.000
v -1155.0 -3937.0 -744.0 1.000 1.000 1.000
v -904.0 -4200.0 -368.0 1.000 1.000 1.000
v -904.0 -3937.0 -493.0 1.000 1.000 1.000
v -639.0 -4200.0 -478.0 1.000 1.000 1.000
v -727.0 -3937.0 -567.0 1.000 1.000 1.000
v -529.0 -4200.0 -744.0 1.000 1.000 1.000
v -654.0 -3937.0 -744.0 1.000 1.000 1.000
v -639.0 -4200.0 -1009.0 1.000 1.000 1.000
v -727.0 -3937.0 -921.0 1.000 1.000 1.000
v -904.0 -4200.0 -1119.0 1.000 1.000 1.000
v -904.0 -3937.0 -994.0 1.000 1.000 1.000
v -1170.0 -4200.0 -1009.0 1.000 1.000 1.000
v -1081.0 -3937.0 -921.0 1.000 1.000 1.000
v -1155.0 -3937.0 -744.0 1.000 1.000 1.000
v -1170.0 -4200.0 -478.0 1.000 1.000 1.000
v -1280.0 -4200.0 -744.0 1.000 1.000 1.000
v -1081.0 -3937.0 -567.0 1.000 1.000 1.000
v -904.0 -3937.0 -493.0 1.000 1.000 1.000
v -904.0 -4200.0 -368.0 1.000 1.000 1.000
v -727.0 -3937.0 -567.0 1.000 1.000 1.000
v -639.0 -4200.0 -478.0 1.000 1.000 1.000
v -654.0 -3937.0 -744.0 1.000 1.000 1.000
v -529.0 -4200.0 -744.0 1.000 1.000 1.000
v -727.0 -3937.0 -921.0 1.000 1.000 1.000
v -639.0 -4200.0 -1009.0 1.000 1.000 1.000
v -904.0 -3937.0 -994.0 1.000 1.000 1.000
v -904.0 -4200.0 -1119.0 1.000 1.000 1.000
v -1081.0 -3937.0 -921.0 1.000 1.000 1.000
v -1170.0 -4200.0 -1009.0 1.000 1.000 1.000
v 862.0 1780.0 -744.0 1.000 1.000 1.000
v 875.0 1780.0 -714.0 1.000 1.000 1.000
v 904.0 1809.0 -744.0 1.000 1.000 1.000
v 904.0 1780.0 -702.0 1.000 1.000 1.000
v 934.0 1780.0 -714.0 1.000 1.000 1.000
v 946.0 1780.0 -744.0 1.000 1.000 1.000
v 934.0 1780.0 -773.0 1.000 1.000 1.000
v 904.0 1780.0 -785.0 1.000 1.000 1.000
v 875.0 1780.0 -773.0 1.000 1.000 1.000
v 654.0 1294.0 -744.0 1.000 1.000 1.000
v 727.0 1294.0 -567.0 1.000 1.000 1.000
v 904.0 1294.0 -493.0 1.000 1.000 1.000
v 1081.0 1294.0 -567.0 1.000 1.000 1.000
v 1155.0 1294.0 -744.0 1.000 1.000 1.000
v 1081.0 1294.0 -921.0 1.000 1.000 1.000
v 904.0 1294.0 -994.0 1.000 1.000 1.000
v 904.0 1294.0 -994.0 1.000 1.000 1.000
v 727.0 1294.0 -921.0 1.000 1.000 1.000
v 875.0 1780.0 -773.0 1.000 1.000 1.000
v 904.0 1780.0 -785.0 1.000 1.000 1.000
v 654.0 1294.0 -744.0 1.000 1.000 1.000
v 862.0 1780.0 -744.0 1.000 1.000 1.000
v 654.0 -3704.0 -744.0 1.000 1.000 1.000
v 727.0 -3704.0 -567.0 1.000 1.000 1.000
v 727.0 1294.0 -567.0 1.000 1.000 1.000
v 654.0 1294.0 -744.0 1.000 1.000 1.000
v 904.0 -3704.0 -493.0 1.000 1.000 1.000
v 904.0 1294.0 -493.0 1.000 1.000 1.000
v 1081.0 -3704.0 -567.0 1.000 1.000 1.000
v 1081.0 1294.0 -567.0 1.000 1.000 1.000
v 1155.0 -3704.0 -744.0 1.000 1.000 1.000
v 1155.0 1294.0 -744.0 1.000 1.000 1.000
v 1155.0 -3704.0 -744.0 1.000 1.000 1.000
v 1081.0 -3704.0 -921.0 1.000 1.000 1.000
v 1081.0 1294.0 -921.0 1.000 1.000 1.000
v 1155.0 1294.0 -744.0 1.000 1.000 1.000
v 904.0 -3704.0 -994.0 1.000 1.000 1.000
v 904.0 1294.0 -994.0 1.000 1.000 1.000
v 727.0 -3704.0 -921.0 1.000 1.000 1.000
v 727.0 1294.0 -921.0 1.000 1.000 1.000
v 654.0 -3704.0 -744.0 1.000 1.000 1.000
v 654.0 1294.0 -744.0 1.000 1.000 1.000
v 529.0 -4084.0 -744.0 1.000 1.000 1.000
v 639.0 -4084.0 -478.0 1.000 1.000 1.000
v 727.0 -3704.0 -567.0 1.000 1.000 1.000
v 654.0 -3704.0 -744.0 1.000 1.000 1.000
v 904.0 -4084.0 -368.0 1.000 1.000 1.000
v 904.0 -3704.0 -493.0 1.000 1.000 1.000
v 904.0 -4084.0 -368.0 1.000 1.000 1.000
v 1170.0 -4084.0 -478.0 1.000 1.000 1.000
v 1081.0 -3704.0 -567.0 1.000 1.000 1.000
v 904.0 -3704.0 -493.0 1.000 1.000 1.000
v 1280.0 -4084.0 -744.0 1.000 1.000 1.000
v 1155.0 -3704.0 -744.0 1.000 1.000 1.000
v 1170.0 -4084.0 -1009.0 1.000 1.000 1.000
v 1081.0 -3704.0 -921.0 1.000 1.000 1.000
v 904.0 -4084.0 -1119.0 1.000 1.000 1.000
v 904.0 -3704.0 -994.0 1.000 1.000 1.000
v 639.0 -4084.0 -1009.0 1.000 1.000 1.000
v 727.0 -3704.0 -921.0 1.000 1.000 1.000
v 529.0 -4084.0 -744.0 1.000 1.000 1.000
v 654.0 -3704.0 -744.0 1.000 1.000 1.000
v 529.0 -4200.0 -744.0 1.000 1.000 1.000
v 639.0 -4200.0 -478.0 1.000 1.000 1.000
v 727.0 -3937.0 -567.0 1.000 1.000 1.000
v 654.0 -3937.0 -744.0 1.000 1.000 1.000
v 904.0 -4200.0 -368.0 1.000 1.000 1.000
v 904.0 -3937.0 -493.0 1.000 1.000 1.000
v 1170.0 -4200.0 -478.0 1.000 1.000 1.000
v 1081.0 -3937.0 -567.0 1.000 1.000 1.000
v 1280.0 -4200.0 -744.0 1.000 1.000 1.000
v 1155.0 -3937.0 -744.0 1.000 1.000 1.000
v 1170.0 -4200.0 -1009.0 1.000 1.000 1.000
v 1081.0 -3937.0 -921.0 1.000 1.000 1.000
v 904.0 -4200.0 -1119.0 1.000 1.000 1.000
v 904.0 -3937.0 -994.0 1.000 1.000 1.000
v 639.0 -4200.0 -1009.0 1.000 1.000 1.000
v 727.0 -3937.0 -921.0 1.000 1.000 1.000
v 654.0 -3937.0 -744.0 1.000 1.000 1.000
v 639.0 -4200.0 -478.0 1.000 1.000 1.000
v 529.0 -4200.0 -744.0 1.000 1.000 1.000
v 727.0 -3937.0 -567.0 1.000 1.000 1.000
v 904.0 -3937.0 -493.0 1.000 1.000 1.000
v 904.0 -4200.0 -368.0 1.000 1.000 1.000
v 1081.0 -3937.0 -567.0 1.000 1.000 1.000
v 1170.0 -4200.0 -478.0 1.000 1.000 1.000
v 1155.0 -3937.0 -744.0 1.000 1.000 1.000
v 1280.0 -4200.0 -744.0 1.000 1.000 1.000
v 1081.0 -3937.0 -921.0 1.000 1.000 1.000
v 1170.0 -4200.0 -1009.0 1.000 1.000 1.000
v 904.0 -3937.0 -994.0 1.000 1.000 1.000
v 904.0 -4200.0 -1119.0 1.000 1.000 1.000
v 727.0 -3937.0 -921.0 1.000 1.000 1.000
v 639.0 -4200.0 -1009.0 1.000 1.000 1.000
v -433.0 1124.0 -311.0 1.000 1.000 1.000
v -433.0 2421.0 -311.0 1.000 1.000 1.000
v -613.0 2421.0 -744.0 1.000 1.000 1.000
v -613.0 1124.0 -744.0 1.000 1.000 1.000
v 0.0 1124.0 -131.0 1.000 1.000 1.000
v 0.0 2421.0 -131.0 1.000 1.000 1.000
v -433.0 2421.0 -311.0 1.000 1.000 1.000
v -433.0 1124.0 -311.0 1.000 1.000 1.000
v 433.0 1124.0 -311.0 1.000 1.000 1.000
v 433.0 2421.0 -311.0 1.000 1.000 1.000
v 0.0 2421.0 -131.0 1.000 1.000 1.000
v 0.0 1124.0 -131.0 1.000 1.000 1.000
v 612.0 1124.0 -744.0 1.000 1.000 1.000
v 612.0 2421.0 -744.0 1.000 1.000 1.000
v 433.0 2421.0 -311.0 1.000 1.000 1.000
v 433.0 1124.0 -311.0 1.000 1.000 1.000
v 433.0 1124.0 -1177.0 1.000 1.000 1.000
v 433.0 2421.0 -1177.0 1.000 1.000 1.000
v 612.0 2421.0 -744.0 1.000 1.000 1.000
v 612.0 1124.0 -744.0 1.000 1.000 1.000
v 0.0 1124.0 -1356.0 1.000 1.000 1.000
v 0.0 2421.0 -1356.0 1.000 1.000 1.000
v 433.0 2421.0 -1177.0 1.000 1.000 1.000
v 433.0 1124.0 -1177.0 1.000 1.000 1.000
v -433.0 1124.0 -1177.0 1.000 1.000 1.000
v -433.0 2421.0 -1177.0 1.000 1.000 1.000
v 0.0 2421.0 -1356.0 1.000 1.000 1.000
v 0.0 1124.0 -1356.0 1.000 1.000 1.000
v -613.0 1124.0 -744.0 1.000 1.000 1.000
v -613.0 2421.0 -744.0 1.000 1.000 1.000
v -433.0 2421.0 -1177.0 1.000 1.000 1.000
v -433.0 1124.0 -1177.0 1.000 1.000 1.000
v 146.0 -2712.0 510.0 1.000 1.000 1.000
v 146.0 438.0 510.0 1.000 1.000 1.000
v 0.0 438.0 510.0 1.000 1.000 1.000
v 0.0 -2712.0 510.0 1.000 1.000 1.000
v 292.0 -2712.0 481.0 1.000 1.000 1.000
v 292.0 438.0 481.0 1.000 1.000 1.000
v 379.0 -2712.0 423.0 1.000 1.000 1.000
v 379.0 438.0 423.0 1.000 1.000 1.000
v 437.0 -2712.0 277.0 1.000 1.000 1.000
v 437.0 438.0 277.0 1.000 1.000 1.000
v 437.0 -2712.0 -102.0 1.000 1.000 1.000
v 437.0 438.0 -102.0 1.000 1.000 1.000
v -146.0 438.0 510.0 1.000 1.000 1.000
v -146.0 -2712.0 510.0 1.000 1.000 1.000
v -292.0 438.0 481.0 1.000 1.000 1.000
v -292.0 -2712.0 481.0 1.000 1.000 1.000
v -292.0 -2712.0 481.0 1.000 1.000 1.000
v -292.0 438.0 481.0 1.000 1.000 1.000
v -379.0 438.0 423.0 1.000 1.000 1.000
v -379.0 -2712.0 423.0 1.000 1.000 1.000
v -438.0 438.0 277.0 1.000 1.000 1.000
v -438.0 -2712.0 277.0 1.000 1.000 1.000
v -438.0 438.0 -102.0 1.000 1.000 1.000
v -438.0 -2712.0 -102.0 1.000 1.000 1.000
v 437.0 438.0 -102.0 1.000 1.000 1.000
v 437.0 525.0 -102.0 1.000 1.000 1.000
v 437.0 525.0 277.0 1.000 1.000 1.000
v 437.0 438.0 277.0 1.000 1.000 1.000
v 423.0 642.0 -102.0 1.000 1.000 1.000
v 423.0 642.0 266.0 1.000 1.000 1.000
v 398.0 729.0 -102.0 1.000 1.000 1.000
v 398.0 729.0 208.0 1.000 1.000 1.000
v 398.0 729.0 -102.0 1.000 1.000 1.000
v 126.0 1342.0 -102.0 1.000 1.000 1.000
v 126.0 1342.0 0.0 1.000 1.000 1.000
v 398.0 729.0 208.0 1.000 1.000 1.000
v 437.0 438.0 277.0 1.000 1.000 1.000
v 437.0 525.0 277.0 1.000 1.000 1.000
v 379.0 525.0 423.0 1.000 1.000 1.000
v 379.0 438.0 423.0 1.000 1.000 1.000
v 423.0 642.0 266.0 1.000 1.000 1.000
v 372.0 583.0 408.0 1.000 1.000 1.000
v 352.0 645.0 369.0 1.000 1.000 1.000
v 109.0 1342.0 39.0 1.000 1.000 1.000
v 292.0 525.0 481.0 1.000 1.000 1.000
v 292.0 438.0 481.0 1.000 1.000 1.000
v 289.0 583.0 465.0 1.000 1.000 1.000
v 372.0 583.0 408.0 1.000 1.000 1.000
v 352.0 645.0 369.0 1.000 1.000 1.000
v 256.0 758.0 365.0 1.000 1.000 1.000
v 289.0 583.0 465.0 1.000 1.000 1.000
v 352.0 645.0 369.0 1.000 1.000 1.000
v 109.0 1342.0 39.0 1.000 1.000 1.000
v 84.0 1342.0 54.0 1.000 1.000 1.000
v 256.0 758.0 365.0 1.000 1.000 1.000
v 292.0 438.0 481.0 1.000 1.000 1.000
v 292.0 525.0 481.0 1.000 1.000 1.000
v 146.0 525.0 510.0 1.000 1.000 1.000
v 146.0 438.0 510.0 1.000 1.000 1.000
v 289.0 583.0 465.0 1.000 1.000 1.000
v 138.0 700.0 493.0 1.000 1.000 1.000
v 128.0 817.0 365.0 1.000 1.000 1.000
v 138.0 700.0 493.0 1.000 1.000 1.000
v 256.0 758.0 365.0 1.000 1.000 1.000
v 84.0 1342.0 54.0 1.000 1.000 1.000
v 42.0 1342.0 62.0 1.000 1.000 1.000
v 128.0 817.0 365.0 1.000 1.000 1.000
v 146.0 438.0 510.0 1.000 1.000 1.000
v 146.0 525.0 510.0 1.000 1.000 1.000
v 0.0 525.0 510.0 1.000 1.000 1.000
v 0.0 438.0 510.0 1.000 1.000 1.000
v 138.0 700.0 493.0 1.000 1.000 1.000
v 0.0 729.0 493.0 1.000 1.000 1.000
v 138.0 700.0 493.0 1.000 1.000 1.000
v 128.0 817.0 365.0 1.000 1.000 1.000
v 0.0 846.0 346.0 1.000 1.000 1.000
v 0.0 729.0 493.0 1.000 1.000 1.000
v 0.0 1342.0 62.0 1.000 1.000 1.000
v 0.0 846.0 346.0 1.000 1.000 1.000
v 0.0 438.0 510.0 1.000 1.000 1.000
v 0.0 525.0 510.0 1.000 1.000 1.000
v -146.0 525.0 510.0 1.000 1.000 1.000
v -146.0 438.0 510.0 1.000 1.000 1.000
v 0.0 729.0 493.0 1.000 1.000 1.000
v -138.0 700.0 493.0 1.000 1.000 1.000
v 0.0 729.0 493.0 1.000 1.000 1.000
v 0.0 846.0 346.0 1.000 1.000 1.000
v -128.0 817.0 365.0 1.000 1.000 1.000
v -138.0 700.0 493.0 1.000 1.000 1.000
v 0.0 846.0 346.0 1.000 1.000 1.000
v 0.0 1342.0 62.0 1.000 1.000 1.000
v -42.0 1342.0 62.0 1.000 1.000 1.000
v -128.0 817.0 365.0 1.000 1.000 1.000
v -292.0 525.0 481.0 1.000 1.000 1.000
v -292.0 438.0 481.0 1.000 1.000 1.000
v -146.0 525.0 510.0 1.000 1.000 1.000
v -138.0 700.0 493.0 1.000 1.000 1.000
v -289.0 583.0 465.0 1.000 1.000 1.000
v -292.0 525.0 481.0 1.000 1.000 1.000
v -138.0 700.0 493.0 1.000 1.000 1.000
v -128.0 817.0 365.0 1.000 1.000 1.000
v -256.0 758.0 365.0 1.000 1.000 1.000
v -289.0 583.0 465.0 1.000 1.000 1.000
v -128.0 817.0 365.0 1.000 1.000 1.000
v -42.0 1342.0 62.0 1.000 1.000 1.000
v -84.0 1342.0 54.0 1.000 1.000 1.000
v -256.0 758.0 365.0 1.000 1.000 1.000
v -292.0 438.0 481.0 1.000 1.000 1.000
v -379.0 525.0 423.0 1.000 1.000 1.000
v -379.0 438.0 423.0 1.000 1.000 1.000
v -372.0 583.0 408.0 1.000 1.000 1.000
v -289.0 583.0 465.0 1.000 1.000 1.000
v -256.0 758.0 365.0 1.000 1.000 1.000
v -352.0 645.0 369.0 1.000 1.000 1.000
v -372.0 583.0 408.0 1.000 1.000 1.000
v -256.0 758.0 365.0 1.000 1.000 1.000
v -84.0 1342.0 54.0 1.000 1.000 1.000
v -109.0 1342.0 39.0 1.000 1.000 1.000
v -352.0 645.0 369.0 1.000 1.000 1.000
v -379.0 438.0 423.0 1.000 1.000 1.000
v -379.0 525.0 423.0 1.000 1.000 1.000
v -438.0 525.0 277.0 1.000 1.000 1.000
v -438.0 438.0 277.0 1.000 1.000 1.000
v -372.0 583.0 408.0 1.000 1.000 1.000
v -423.0 642.0 266.0 1.000 1.000 1.000
v -398.0 729.0 208.0 1.000 1.000 1.000
v -126.0 1342.0 0.0 1.000 1.000 1.000
v -438.0 438.0 277.0 1.000 1.000 1.000
v -438.0 525.0 277.0 1.000 1.000 1.000
v -438.0 525.0 -102.0 1.000 1.000 1.000
v -438.0 438.0 -102.0 1.000 1.000 1.000
v -423.0 642.0 266.0 1.000 1.000 1.000
v -423.0 642.0 -102.0 1.000 1.000 1.000
v -398.0 729.0 208.0 1.000 1.000 1.000
v -398.0 729.0 -102.0 1.000 1.000 1.000
v -126.0 1342.0 0.0 1.000 1.000 1.000
v -126.0 1342.0 -102.0 1.000 1.000 1.000
v -438.0 438.0 -102.0 1.000 1.000 1.000
v 437.0 438.0 -102.0 1.000 1.000 1.000
v 437.0 -3062.0 -102.0 1.000 1.000 1.000
v -438.0 -3062.0 -102.0 1.000 1.000 1.000
v -438.0 525.0 -102.0 1.000 1.000 1.000
v 437.0 525.0 -102.0 1.000 1.000 1.000
v -423.0 642.0 -102.0 1.000 1.000 1.000
v 423.0 642.0 -102.0 1.000 1.000 1.000
v 437.0 525.0 -102.0 1.000 1.000 1.000
v -438.0 525.0 -102.0 1.000 1.000 1.000
v -398.0 729.0 -102.0 1.000 1.000 1.000
v 398.0 729.0 -102.0 1.000 1.000 1.000
v -126.0 1342.0 -102.0 1.000 1.000 1.000
v 126.0 1342.0 -102.0 1.000 1.000 1.000
v -438.0 -2226.0 -102.0 1.000 1.000 1.000
v -729.0 -1108.0 -102.0 1.000 1.000 1.000
v -438.0 438.0 -102.0 1.000 1.000 1.000
v -904.0 -1487.0 -102.0 1.000 1.000 1.000
v -1633.0 -2229.0 -102.0 1.000 1.000 1.000
v -1750.0 -2462.0 -102.0 1.000 1.000 1.000
v -438.0 -3062.0 -102.0 1.000 1.000 1.000
v -1750.0 -2932.0 -102.0 1.000 1.000 1.000
v 729.0 -1108.0 -102.0 1.000 1.000 1.000
v 437.0 -2255.0 -102.0 1.000 1.000 1.000
v 437.0 438.0 -102.0 1.000 1.000 1.000
v 904.0 -1487.0 -102.0 1.000 1.000 1.000
v 1633.0 -2229.0 -102.0 1.000 1.000 1.000
v 1750.0 -2462.0 -102.0 1.000 1.000 1.000
v 1750.0 -2932.0 -102.0 1.000 1.000 1.000
v 437.0 -3062.0 -102.0 1.000 1.000 1.000
v -729.0 -1264.0 -44.0 1.000 1.000 1.000
v -438.0 -2254.0 -44.0 1.000 1.000 1.000
v -438.0 282.0 -44.0 1.000 1.000 1.000
v -904.0 -1597.0 -44.0 1.000 1.000 1.000
v -1633.0 -2338.0 -44.0 1.000 1.000 1.000
v -1750.0 -2521.0 -44.0 1.000 1.000 1.000
v -1750.0 -2521.0 -44.0 1.000 1.000 1.000
v -438.0 -3062.0 -102.0 1.000 1.000 1.000
v -438.0 -2254.0 -44.0 1.000 1.000 1.000
v -1750.0 -2932.0 -102.0 1.000 1.000 1.000
v 437.0 -2254.0 -88.0 1.000 1.000 1.000
v 729.0 -1264.0 -44.0 1.000 1.000 1.000
v 437.0 282.0 -44.0 1.000 1.000 1.000
v 904.0 -1597.0 -44.0 1.000 1.000 1.000
v 1633.0 -2338.0 -44.0 1.000 1.000 1.000
v 1750.0 -2521.0 -44.0 1.000 1.000 1.000
v 1750.0 -2932.0 -102.0 1.000 1.000 1.000
v 1750.0 -2521.0 -44.0 1.000 1.000 1.000
v 437.0 -2254.0 -88.0 1.000 1.000 1.000
v 437.0 -3062.0 -102.0 1.000 1.000 1.000
v -74.0 1416.0 -89.0 1.000 1.000 1.000
v 74.0 1416.0 -89.0 1.000 1.000 1.000
v 126.0 1342.0 -102.0 1.000 1.000 1.000
v -126.0 1342.0 -102.0 1.000 1.000 1.000
v 437.0 -3062.0 -102.0 1.000 1.000 1.000
v -438.0 -3062.0 -102.0 1.000 1.000 1.000
v -379.0 -3354.0 -102.0 1.000 1.000 1.000
v 379.0 -3354.0 -102.0 1.000 1.000 1.000
v 74.0 1416.0 -89.0 1.000 1.000 1.000
v 74.0 1416.0 -42.0 1.000 1.000 1.000
v 126.0 1342.0 0.0 1.000 1.000 1.000
v 25.0 1445.0 -73.0 1.000 1.000 1.000
v 25.0 1445.0 -65.0 1.000 1.000 1.000
v 64.0 1416.0 -19.0 1.000 1.000 1.000
v 109.0 1342.0 39.0 1.000 1.000 1.000
v 22.0 1445.0 -57.0 1.000 1.000 1.000
v 109.0 1342.0 39.0 1.000 1.000 1.000
v 64.0 1416.0 -19.0 1.000 1.000 1.000
v 49.0 1416.0 -10.0 1.000 1.000 1.000
v 84.0 1342.0 54.0 1.000 1.000 1.000
v 22.0 1445.0 -57.0 1.000 1.000 1.000
v 17.0 1445.0 -54.0 1.000 1.000 1.000
v 25.0 1416.0 -6.0 1.000 1.000 1.000
v 42.0 1342.0 62.0 1.000 1.000 1.000
v 8.0 1445.0 -52.0 1.000 1.000 1.000
v 0.0 1416.0 -6.0 1.000 1.000 1.000
v 0.0 1342.0 62.0 1.000 1.000 1.000
v 0.0 1445.0 -52.0 1.000 1.000 1.000
v -25.0 1416.0 -6.0 1.000 1.000 1.000
v -42.0 1342.0 62.0 1.000 1.000 1.000
v -8.0 1445.0 -52.0 1.000 1.000 1.000
v -49.0 1416.0 -10.0 1.000 1.000 1.000
v -42.0 1342.0 62.0 1.000 1.000 1.000
v -49.0 1416.0 -10.0 1.000 1.000 1.000
v -84.0 1342.0 54.0 1.000 1.000 1.000
v -25.0 1416.0 -6.0 1.000 1.000 1.000
v -8.0 1445.0 -52.0 1.000 1.000 1.000
v -17.0 1445.0 -54.0 1.000 1.000 1.000
v -64.0 1416.0 -19.0 1.000 1.000 1.000
v -109.0 1342.0 39.0 1.000 1.000 1.000
v -22.0 1445.0 -57.0 1.000 1.000 1.000
v -74.0 1416.0 -42.0 1.000 1.000 1.000
v -126.0 1342.0 0.0 1.000 1.000 1.000
v -25.0 1445.0 -65.0 1.000 1.000 1.000
v -74.0 1416.0 -89.0 1.000 1.000 1.000
v -126.0 1342.0 -102.0 1.000 1.000 1.000
v -25.0 1445.0 -73.0 1.000 1.000 1.000
v -438.0 -3062.0 -102.0 1.000 1.000 1.000
v 437.0 -3062.0 -102.0 1.000 1.000 1.000
v 437.0 -3062.0 277.0 1.000 1.000 1.000
v -438.0 -3062.0 277.0 1.000 1.000 1.000
v 465.0 -3062.0 418.0 1.000 1.000 1.000
v -465.0 -3062.0 418.0 1.000 1.000 1.000
v -6.0 -3062.0 418.0 1.000 1.000 1.000
v -407.0 -3062.0 550.0 1.000 1.000 1.000
v 407.0 -3062.0 550.0 1.000 1.000 1.000
v -138.0 -3062.0 607.0 1.000 1.000 1.000
v -282.0 -3062.0 622.0 1.000 1.000 1.000
v 282.0 -3062.0 622.0 1.000 1.000 1.000
v 138.0 -3062.0 607.0 1.000 1.000 1.000
v -31.0 -3062.0 510.0 1.000 1.000 1.000
v 31.0 -3062.0 510.0 1.000 1.000 1.000
v 0.0 -2712.0 510.0 1.000 1.000 1.000
v 0.0 -3558.0 1356.0 1.000 1.000 1.000
v 30.0 -3588.0 1356.0 1.000 1.000 1.000
v 58.0 -2771.0 510.0 1.000 1.000 1.000
v -58.0 -2771.0 510.0 1.000 1.000 1.000
v -30.0 -3588.0 1356.0 1.000 1.000 1.000
v 0.0 -3844.0 1356.0 1.000 1.000 1.000
v 436.0 -3383.0 277.0 1.000 1.000 1.000
v 436.0 -3383.0 -102.0 1.000 1.000 1.000
v 437.0 -2858.0 -102.0 1.000 1.000 1.000
v 437.0 -2858.0 277.0 1.000 1.000 1.000
v 437.0 -3062.0 277.0 1.000 1.000 1.000
v 437.0 -3062.0 -102.0 1.000 1.000 1.000
v 436.0 -3383.0 -102.0 1.000 1.000 1.000
v 436.0 -3383.0 277.0 1.000 1.000 1.000
v 437.0 -2858.0 -102.0 1.000 1.000 1.000
v 437.0 -2712.0 -102.0 1.000 1.000 1.000
v 437.0 -2712.0 277.0 1.000 1.000 1.000
v 437.0 -2858.0 277.0 1.000 1.000 1.000
v -1750.0 -2521.0 -44.0 1.000 1.000 1.000
v -1633.0 -2338.0 -44.0 1.000 1.000 1.000
v -1633.0 -2229.0 -102.0 1.000 1.000 1.000
v -1750.0 -2462.0 -102.0 1.000 1.000 1.000
v -904.0 -1597.0 -44.0 1.000 1.000 1.000
v -904.0 -1487.0 -102.0 1.000 1.000 1.000
v -729.0 -1264.0 -44.0 1.000 1.000 1.000
v -729.0 -1108.0 -102.0 1.000 1.000 1.000
v -438.0 282.0 -44.0 1.000 1.000 1.000
v -438.0 438.0 -102.0 1.000 1.000 1.000
v -1750.0 -2932.0 -102.0 1.000 1.000 1.000
v -1750.0 -2462.0 -102.0 1.000 1.000 1.000
v 1750.0 -2462.0 -102.0 1.000 1.000 1.000
v 1633.0 -2229.0 -102.0 1.000 1.000 1.000
v 1633.0 -2338.0 -44.0 1.000 1.000 1.000
v 1750.0 -2521.0 -44.0 1.000 1.000 1.000
v 904.0 -1487.0 -102.0 1.000 1.000 1.000
v 904.0 -1597.0 -44.0 1.000 1.000 1.000
v 729.0 -1108.0 -102.0 1.000 1.000 1.000
v 729.0 -1264.0 -44.0 1.000 1.000 1.000
v 437.0 438.0 -102.0 1.000 1.000 1.000
v 437.0 282.0 -44.0 1.000 1.000 1.000
v 1750.0 -2932.0 -102.0 1.000 1.000 1.000
v -31.0 -3062.0 510.0 1.000 1.000 1.000
v 0.0 -3296.0 569.0 1.000 1.000 1.000
v -58.0 -2771.0 510.0 1.000 1.000 1.000
v -57.0 -2858.0 496.0 1.000 1.000 1.000
v 0.0 -3296.0 569.0 1.000 1.000 1.000
v 31.0 -3062.0 510.0 1.000 1.000 1.000
v 57.0 -2858.0 496.0 1.000 1.000 1.000
v 58.0 -2771.0 510.0 1.000 1.000 1.000
v -31.0 -3296.0 510.0 1.000 1.000 1.000
v -138.0 -3062.0 607.0 1.000 1.000 1.000
v -31.0 -3062.0 510.0 1.000 1.000 1.000
v -138.0 -3296.0 607.0 1.000 1.000 1.000
v -282.0 -3062.0 622.0 1.000 1.000 1.000
v -282.0 -3296.0 622.0 1.000 1.000 1.000
v -407.0 -3062.0 550.0 1.000 1.000 1.000
v -319.0 -3296.0 601.0 1.000 1.000 1.000
v -370.0 -3354.0 571.0 1.000 1.000 1.000
v -407.0 -3587.0 550.0 1.000 1.000 1.000
v -393.0 -3587.0 558.0 1.000 1.000 1.000
v -465.0 -3062.0 418.0 1.000 1.000 1.000
v -407.0 -3587.0 550.0 1.000 1.000 1.000
v -465.0 -3587.0 418.0 1.000 1.000 1.000
v -465.0 -3062.0 418.0 1.000 1.000 1.000
v -438.0 -3062.0 277.0 1.000 1.000 1.000
v -435.0 -3587.0 277.0 1.000 1.000 1.000
v 31.0 -3062.0 510.0 1.000 1.000 1.000
v 138.0 -3062.0 607.0 1.000 1.000 1.000
v 31.0 -3296.0 510.0 1.000 1.000 1.000
v 138.0 -3296.0 607.0 1.000 1.000 1.000
v 282.0 -3062.0 622.0 1.000 1.000 1.000
v 282.0 -3296.0 622.0 1.000 1.000 1.000
v 407.0 -3062.0 550.0 1.000 1.000 1.000
v 319.0 -3296.0 601.0 1.000 1.000 1.000
v 370.0 -3354.0 571.0 1.000 1.000 1.000
v 407.0 -3587.0 550.0 1.000 1.000 1.000
v 393.0 -3587.0 558.0 1.000 1.000 1.000
v 407.0 -3062.0 550.0 1.000 1.000 1.000
v 465.0 -3062.0 418.0 1.000 1.000 1.000
v 407.0 -3587.0 550.0 1.000 1.000 1.000
v 465.0 -3587.0 418.0 1.000 1.000 1.000
v 437.0 -3062.0 277.0 1.000 1.000 1.000
v 435.0 -3587.0 277.0 1.000 1.000 1.000
v -904.0 -3937.0 -994.0 1.000 1.000 1.000
v -727.0 -3937.0 -921.0 1.000 1.000 1.000
v -904.0 -3937.0 -493.0 1.000 1.000 1.000
v -1081.0 -3937.0 -567.0 1.000 1.000 1.000
v -654.0 -3937.0 -744.0 1.000 1.000 1.000
v -727.0 -3937.0 -567.0 1.000 1.000 1.000
v -1155.0 -3937.0 -744.0 1.000 1.000 1.000
v -1081.0 -3937.0 -921.0 1.000 1.000 1.000
v 904.0 -3937.0 -994.0 1.000 1.000 1.000
v 1081.0 -3937.0 -921.0 1.000 1.000 1.000
v 904.0 -3937.0 -493.0 1.000 1.000 1.000
v 727.0 -3937.0 -567.0 1.000 1.000 1.000
v 1155.0 -3937.0 -744.0 1.000 1.000 1.000
v 1081.0 -3937.0 -567.0 1.000 1.000 1.000
v 654.0 -3937.0 -744.0 1.000 1.000 1.000
v 727.0 -3937.0 -921.0 1.000 1.000 1.000
v 779.0 -2962.0 -101.0 1.000 1.000 1.000
v 1128.0 -2960.0 -101.0 1.000 1.000 1.000
v 1127.0 -2610.0 -95.0 1.000 1.000 1.000
v 778.0 -2612.0 -95.0 1.000 1.000 1.000
v -953.0 -2849.0 -79.0 1.000 1.000 1.000
v -673.0 -2847.0 -83.0 1.000 1.000 1.000
v -675.0 -2567.0 -63.0 1.000 1.000 1.000
v -956.0 -2570.0 -59.0 1.000 1.000 1.000
v 0.0 -1697.0 510.0 1.000 1.000 1.000
v 146.0 -1833.0 510.0 1.000 1.000 1.000
v 146.0 -1377.0 510.0 1.000 1.000 1.000
v 0.0 -1225.0 510.0 1.000 1.000 1.000
v 292.0 -1974.0 481.0 1.000 1.000 1.000
v 292.0 -1525.0 481.0 1.000 1.000 1.000
v 379.0 -2061.0 423.0 1.000 1.000 1.000
v 379.0 -1612.0 423.0 1.000 1.000 1.000
v 437.0 -2118.0 277.0 1.000 1.000 1.000
v 437.0 -1671.0 277.0 1.000 1.000 1.000
v -146.0 -1377.0 510.0 1.000 1.000 1.000
v -146.0 -1833.0 510.0 1.000 1.000 1.000
v -292.0 -1525.0 481.0 1.000 1.000 1.000
v -292.0 -1974.0 481.0 1.000 1.000 1.000
v -379.0 -1612.0 423.0 1.000 1.000 1.000
v -379.0 -2061.0 423.0 1.000 1.000 1.000
v -379.0 -1612.0 423.0 1.000 1.000 1.000
v -438.0 -1671.0 277.0 1.000 1.000 1.000
v -438.0 -2118.0 277.0 1.000 1.000 1.000
v -379.0 -2061.0 423.0 1.000 1.000 1.000
vt -9.5762 -1.0645
vt -9.8115 -1.0420
vt -9.6445 -0.4893
vt -9.1738 -0.5352
vt -10.1445 -1.0420
vt -10.3115 -0.4893
vt -10.3809 -1.0645
vt -10.7832 -0.5352
vt -10.3809 -1.0977
vt -10.7832 -0.5996
vt -10.1445 -1.1201
vt -10.3115 -0.6455
vt -9.8115 -1.1201
vt -9.6445 -0.6455
vt -9.5762 -1.0977
vt -9.1738 -0.5996
vt -9.4785 0.5771
vt -8.7715 0.5078
vt -10.4785 0.5771
vt -11.1855 0.5078
vt -11.1855 0.4111
vt -10.4785 0.3418
vt -9.4785 0.3418
vt -8.7715 0.4111
vt 1.3047 -0.1123
vt 1.3047 -0.1768
vt 0.9023 -0.6748
vt 0.9023 -0.6416
vt 0.8330 -0.2227
vt 0.6670 -0.6973
vt 0.1670 -0.2227
vt 0.3340 -0.6973
vt -0.3047 -0.1768
vt 0.0977 -0.6748
vt -0.3047 -0.1123
vt 0.0977 -0.6416
vt 0.1670 -0.0664
vt 0.3340 -0.6191
vt 0.8330 -0.0664
vt 0.6670 -0.6191
vt 1.7070 0.9307
vt 1.7070 0.8340
vt 1.0000 0.7646
vt 0.0000 0.7646
vt -0.7070 0.8340
vt -0.7070 0.9307
vt 0.0000 1.0000
vt 1.0000 1.0000
vt -0.1895 -2.8242
vt 0.2139 -2.8242
vt 0.3574 -3.3027
vt 0.1553 -3.3027
vt 0.7861 -2.8242
vt 0.6426 -3.3027
vt 1.1895 -2.8242
vt 0.8447 -3.3027
vt -0.5342 -1.3906
vt 0.0713 -1.3906
vt 0.9287 -1.3906
vt 1.5342 -1.3906
vt -0.7070 1.0000
vt 1.7070 1.0000
vt -0.1904 -2.9805
vt 0.2139 -2.9805
vt 0.3564 -3.4785
vt 0.1543 -3.4785
vt 0.7852 -2.9805
vt 0.6416 -3.4785
vt 1.1885 -2.9805
vt 0.8438 -3.4785
vt 0.8438 -3.4775
vt 0.7852 -2.9795
vt 0.6416 -3.4775
vt 0.2139 -2.9795
vt 0.3564 -3.4775
vt 0.1543 -3.4775
vt -0.5352 -1.4873
vt 0.0713 -1.4883
vt 0.9277 -1.4883
vt 1.5342 -1.4873
vt 0.9277 -1.4863
vt 0.0713 -1.4863
vt 1.7070 1.0010
vt 1.0000 1.0020
vt 0.0000 1.0020
vt -0.7070 1.0010
vt 1.5298 1.0000
vt -0.0249 1.0000
vt -0.0234 0.5947
vt 1.4248 0.2559
vt 1.6670 -0.2266
vt -0.0254 0.3481
vt -0.0278 1.0117
vt 1.7881 0.9907
vt 0.1914 1.0000
vt 0.1914 1.4976
vt 0.8804 1.4976
vt 0.8804 1.0000
vt 0.4595 1.4976
vt 0.4595 1.0000
vt 0.0000 1.4976
vt 0.0039 0.5947
vt 1.9761 0.6890
vt 1.9731 0.9785
vt -0.0005 0.7383
vt 1.9717 0.6177
vt 1.9727 0.9839
vt -0.0083 1.0918
vt 0.0239 1.0537
vt -0.0083 1.0591
vt -0.0083 1.1211
vt 0.0239 1.0811
vt -0.0083 1.1494
vt 0.0239 1.1597
vt -0.0083 1.2456
vt 0.0239 1.2725
vt 0.1538 1.0371
vt 0.1538 0.9888
vt 0.1538 1.0269
vt 0.1538 1.1372
vt 0.1538 1.2773
vt -0.0083 1.3613
vt 0.1538 1.4204
vt 0.3809 1.0117
vt 0.3809 0.9565
vt 0.3809 1.0000
vt 0.3809 1.1260
vt 0.3809 1.2861
vt 0.3809 1.4204
vt 0.6406 1.0117
vt 0.6406 0.9565
vt 0.6406 1.0000
vt 0.6406 1.0376
vt 0.7056 1.0884
vt 0.9648 1.1260
vt 0.9648 1.1118
vt 0.9648 1.2861
vt 0.9648 1.4194
vt -0.0083 1.4204
vt -0.0083 0.9385
vt 0.0239 0.9097
vt -0.0083 0.9263
vt 0.0239 0.8628
vt -0.0083 0.9170
vt 0.0239 0.8774
vt -0.0083 0.9082
vt 0.0239 0.9473
vt -0.0083 0.9326
vt -0.0083 0.9976
vt 0.1538 0.9907
vt 0.1538 0.8647
vt 0.1538 0.7993
vt 0.1538 0.8193
vt 0.1538 0.9170
vt 0.1538 1.0591
vt 0.3809 0.9858
vt 0.3809 0.8418
vt 0.3809 0.7671
vt 0.3809 0.7900
vt 0.3809 0.9019
vt 0.3809 1.0591
vt 0.6406 0.9858
vt 0.6406 0.8418
vt 0.6406 0.7671
vt 0.6406 0.7739
vt 0.7056 0.7832
vt 0.9648 0.7900
vt 0.9648 0.7876
vt 0.9648 0.9019
vt 0.9648 1.0601
vt -0.0083 0.9990
vt 0.0566 0.9746
vt 0.0566 1.0229
vt -4.1660 0.5757
vt -4.1660 0.4424
vt -4.3301 0.6699
vt -4.1660 0.7642
vt -4.1660 0.8975
vt -3.1396 0.4346
vt -3.1396 0.1011
vt -3.1396 0.9058
vt -3.1396 1.2388
vt -1.8257 0.3403
vt -1.8257 -0.1265
vt -1.8257 1.0000
vt -1.8257 1.4668
vt 3.7217 0.5859
vt 3.7217 0.2935
vt 0.0000 0.2935
vt 0.0000 0.5859
vt 3.7217 1.0000
vt 3.7217 1.2925
vt 0.0000 1.2925
vt 3.8765 0.6060
vt 3.8765 0.3408
vt 3.8765 0.9805
vt 3.8765 1.2451
vt 3.9795 0.6748
vt 3.9795 0.5073
vt 3.9795 0.9111
vt 3.9795 1.0786
vt 4.0308 0.7930
vt -1.2939 0.3726
vt -1.2939 0.3496
vt -1.3706 0.3892
vt -1.2939 0.4053
vt -1.2939 0.4287
vt 0.0000 0.2910
vt 0.0000 0.1519
vt 0.0000 0.4873
vt 0.0000 0.6260
vt 0.0000 1.2085
vt 0.0000 1.2949
vt 5.4878 1.2949
vt 5.4878 1.2085
vt 0.0000 1.0864
vt 5.4878 1.0864
vt 5.4878 1.0000
vt -1.5522 1.1782
vt -1.5522 0.7646
vt 0.0000 1.2754
vt -1.5522 1.7627
vt 0.0000 1.6650
vt -1.5522 2.1758
vt 0.0000 1.9404
vt 0.0000 1.9409
vt -2.0249 1.1782
vt -2.0249 0.7646
vt -0.9526 1.0000
vt -0.9526 1.2754
vt -2.0249 1.7627
vt -0.9526 1.6650
vt -2.0249 2.1758
vt -0.9526 1.9404
vt 0.6997 1.0000
vt 0.6997 -0.1074
vt 0.0000 -0.1074
vt 0.7002 1.0000
vt 0.7007 -0.1069
vt 0.0000 -0.1069
vt 0.7017 1.0000
vt 0.7017 -0.1064
vt 0.0000 -0.1064
vt 0.7095 1.0000
vt 0.7095 -0.1108
vt 0.0000 -0.1108
vt 0.6948 1.0000
vt 0.6948 -0.1079
vt 0.0000 -0.1079
vt 0.7202 1.0000
vt 0.7202 -0.1089
vt 0.0000 -0.1089
vt 0.7090 1.0000
vt 0.7090 -0.1108
vt 0.7002 -0.1133
vt 0.0000 -0.1133
vt -2.5610 0.8296
vt 1.0000 0.8296
vt -2.5610 1.0000
vt -2.5610 0.6597
vt 1.0000 0.6597
vt -2.5610 0.5576
vt 1.0000 0.5576
vt -2.5610 0.4893
vt 1.0000 0.4893
vt 1.0000 1.1704
vt -2.5610 1.1704
vt 1.0000 1.3403
vt -2.5610 1.3403
vt 1.0000 1.4424
vt -2.5610 1.4424
vt 1.0000 1.5107
vt -2.5610 1.5107
vt -0.1094 1.6553
vt -0.0015 1.6562
vt 0.1421 1.6191
vt 0.2500 1.5571
vt 1.0039 0.8535
vt -0.0015 1.5044
vt -0.1094 1.5029
vt 0.0703 1.4868
vt 0.1460 1.4351
vt 1.0039 0.8101
vt -0.0015 1.2759
vt -0.1094 1.2749
vt 0.0703 1.2705
vt 0.2856 1.1855
vt 1.0039 0.7441
vt -0.0015 0.8955
vt -0.1094 0.8945
vt 0.2139 0.8779
vt 0.3574 0.8525
vt 1.0039 0.6348
vt -0.0015 0.5151
vt -0.1094 0.5142
vt 0.2500 0.5176
vt 0.3936 0.5190
vt 1.0039 0.5254
vt -0.0015 0.1348
vt -0.1094 0.1338
vt 0.2139 0.1572
vt 0.3574 0.1851
vt 1.0039 0.4160
vt -0.0015 -0.2456
vt -0.1094 -0.2466
vt 0.0703 -0.2388
vt 0.2856 -0.1489
vt 1.0039 0.3066
vt -0.0015 -0.4736
vt -0.1094 -0.4746
vt 0.0703 -0.4546
vt 0.1460 -0.4014
vt 1.0039 0.2412
vt -0.0015 -0.6260
vt -0.1094 -0.6270
vt 0.1421 -0.5854
vt 0.2500 -0.5215
vt 1.0039 0.1973
vt 2.3877 1.5967
vt 2.3877 1.0000
vt 0.0000 1.5967
vt 2.4473 1.5967
vt 2.4473 1.0000
vt 2.5269 1.5869
vt 2.5269 1.0103
vt 2.5864 1.5703
vt 2.5864 1.0264
vt 3.0044 1.3843
vt 3.0044 1.2124
vt -0.0029 0.0933
vt 0.3472 -1.0874
vt -0.0122 -2.7949
vt 0.5610 -0.6577
vt 1.4482 0.2251
vt 1.5908 0.4907
vt 1.5923 1.0000
vt 0.6650 3.6353
vt 0.1099 2.1050
vt 0.4761 5.7910
vt 0.8530 3.0923
vt 1.7500 1.9780
vt 1.8784 1.6431
vt 1.8145 1.0000
vt 0.2324 -0.6650
vt 0.0068 0.1353
vt 0.0107 -1.9150
vt 0.3662 -0.3960
vt 0.9248 0.2036
vt 1.0142 0.3511
vt 0.0063 0.7959
vt 1.0142 0.6904
vt 1.0259 1.1284
vt 1.2344 0.3398
vt 1.0259 -0.8965
vt 1.3594 0.6069
vt 1.8809 1.2036
vt 1.9644 1.3501
vt 1.9644 1.6792
vt 1.0259 1.7744
vt 1.0000 0.0000
vt 0.0000 0.0000
vt 1.1191 1.0000
vt 1.1104 0.5610
vt 0.2168 0.5610
vt 0.1924 1.0000
vt 1.1138 0.1221
vt 0.2310 0.1216
vt 1.1201 -0.1416
vt 0.2368 -0.1416
vt 1.1201 -0.3174
vt 0.2427 -0.3174
vn 0.926 0.325 0.191
vn 0.518 0.327 0.791
vn 0.577 0.577 0.577
vn 0.577 0.577 0.577
vn -0.205 0.328 0.922
vn -0.577 -0.577 -0.577
vn -0.791 0.318 0.522
vn 0.577 0.577 0.577
vn -0.928 0.320 -0.189
vn 0.577 0.577 0.577
vn -0.532 0.323 -0.783
vn 0.577 0.577 0.577
vn 0.188 0.327 -0.926
vn 0.577 0.577 0.577
vn 0.790 0.328 -0.517
vn 0.577 0.577 0.577
vn 0.577 0.577 0.577
vn 0.577 0.577 0.577
vn 0.577 0.577 0.577
vn 0.577 0.577 0.577
vn -0.577 -0.577 -0.577
vn -0.577 -0.577 -0.577
vn 0.577 0.577 0.577
vn 0.577 0.577 0.577
vn 0.577 0.577 0.577
vn 0.577 0.577 0.577
vn 0.577 0.577 0.577
vn 0.577 0.577 0.577
vn 0.577 0.577 0.577
vn 0.577 0.577 0.577
vn 0.577 0.577 0.577
vn 0.577 0.577 0.577
vn 0.577 0.577 0.577
vn 0.577 0.577 0.577
vn 0.798 0.323 -0.508
vn 0.928 0.319 0.192
vn 0.577 0.577 0.577
vn 0.191 0.325 -0.926
vn 0.577 0.577 0.577
vn -0.517 0.328 -0.790
vn 0.577 0.577 0.577
vn -0.926 0.327 -0.188
vn -0.577 -0.577 -0.577
vn -0.783 0.323 0.532
vn 0.577 0.577 0.577
vn -0.202 0.329 0.922
vn 0.577 0.577 0.577
vn 0.532 0.322 0.783
vn 0.577 0.577 0.577
vn 0.577 0.577 0.577
vn 0.577 0.577 0.577
vn 0.577 0.577 0.577
vn 0.577 0.577 0.577
vn 0.577 0.577 0.577
vn 0.577 0.577 0.577
vn 0.577 0.577 0.577
vn 0.577 0.577 0.577
vn 0.577 0.577 0.577
vn -0.577 -0.577 -0.577
vn -0.577 -0.577 -0.577
vn 0.577 0.577 0.577
vn 0.577 0.577 0.577
vn 0.577 0.577 0.577
vn 0.577 0.577 0.577
vn 0.577 0.577 0.577
vn 0.577 0.577 0.577
vn 0.577 0.577 0.577
vn 0.577 0.577 0.577
vn 0.577 0.577 0.577
vn 0.577 0.577 0.577
vn 0.577 0.577 0.577
vn 0.577 0.577 0.577
vn 0.577 0.577 0.577
vn 0.577 0.577 0.577
vn 0.577 0.577 0.577
vn 0.577 0.577 0.577
vn 0.577 0.577 0.577
vn 0.577 0.577 0.577
vn 0.577 0.577 0.577
vn 0.577 0.577 0.577
vn -0.577 -0.577 -0.577
vn -0.577 -0.577 -0.577
vn 0.577 0.577 0.577
vn 0.577 0.577 0.577
vn -0.577 -0.577 -0.577
vn 0.577 0.577 0.577
vn -0.577 -0.577 -0.577
vn 0.577 0.577 0.577
vn -0.577 -0.577 -0.577
vn 0.577 0.577 0.577
vn 0.577 0.577 0.577
vn 0.577 0.577 0.577
vn 0.577 0.577 0.577
vn 0.577 0.577 0.577
vn 0.577 0.577 0.577
vn 0.577 0.577 0.577
vn -0.577 -0.577 -0.577
vn -0.577 -0.577 -0.577
vn -0.577 -0.577 -0.577
vn -0.577 -0.577 -0.577
vn -0.577 -0.577 -0.577
vn -0.577 -0.577 -0.577
vn -0.577 -0.577 -0.577
vn -0.577 -0.577 -0.577
vn -0.577 -0.577 -0.577
vn -0.577 -0.577 -0.577
vn 0.577 0.577 0.577
vn 0.577 0.577 0.577
vn 0.577 0.577 0.577
vn 0.577 0.577 0.577
vn 0.577 0.577 0.577
vn 0.577 0.577 0.577
vn 0.577 0.577 0.577
vn 0.577 0.577 0.577
vn 0.577 0.577 0.577
vn 0.577 0.577 0.577
vn 0.577 0.577 0.577
vn 0.577 0.577 0.577
vn 0.577 0.577 0.577
vn 0.577 0.577 0.577
vn 0.577 0.577 0.577
vn 0.577 0.577 0.577
vn 0.577 0.577 0.577
vn 0.577 0.577 0.577
vn 0.577 0.577 0.577
vn 0.577 0.577 0.577
vn 0.577 0.577 0.577
vn 0.577 0.577 0.577
vn -0.577 -0.577 -0.577
vn -0.577 -0.577 -0.577
vn 0.577 0.577 0.577
vn 0.577 0.577 0.577
vn -0.577 -0.577 -0.577
vn 0.577 0.577 0.577
vn -0.577 -0.577 -0.577
vn 0.577 0.577 0.577
vn -0.577 -0.577 -0.577
vn 0.577 0.577 0.577
vn 0.577 0.577 0.577
vn 0.577 0.577 0.577
vn 0.577 0.577 0.577
vn 0.577 0.577 0.577
vn 0.577 0.577 0.577
vn 0.577 0.577 0.577
vn -0.577 -0.577 -0.577
vn -0.577 -0.577 -0.577
vn -0.577 -0.577 -0.577
vn -0.577 -0.577 -0.577
vn -0.577 -0.577 -0.577
vn -0.577 -0.577 -0.577
vn -0.577 -0.577 -0.577
vn -0.577 -0.577 -0.577
vn -0.577 -0.577 -0.577
vn -0.577 -0.577 -0.577
vn 0.577 0.577 0.577
vn 0.577 0.577 0.577
vn 0.577 0.577 0.577
vn 0.577 0.577 0.577
vn 0.577 0.577 0.577
vn 0.577 0.577 0.577
vn 0.577 0.577 0.577
vn 0.577 0.577 0.577
vn 0.577 0.577 0.577
vn 0.577 0.577 0.577
vn 0.577 0.577 0.577
vn 0.577 0.577 0.577
vn 0.577 0.577 0.577
vn 0.577 0.577 0.577
vn 0.577 0.577 0.577
vn 0.577 0.577 0.577
vn 0.577 0.577 0.577
vn 0.577 0.577 0.577
vn 0.577 0.577 0.577
vn 0.577 0.577 0.577
vn 0.577 0.577 0.577
vn 0.577 0.577 0.577
vn -0.577 -0.577 -0.577
vn -0.577 -0.577 -0.577
vn 0.577 0.577 0.577
vn 0.577 0.577 0.577
vn -0.577 -0.577 -0.577
vn 0.577 0.577 0.577
vn -0.577 -0.577 -0.577
vn 0.577 0.577 0.577
vn -0.577 -0.577 -0.577
vn 0.577 0.577 0.577
vn 0.577 0.577 0.577
vn 0.577 0.577 0.577
vn 0.577 0.577 0.577
vn 0.577 0.577 0.577
vn 0.577 0.577 0.577
vn 0.577 0.577 0.577
vn -0.577 -0.577 -0.577
vn -0.577 -0.577 -0.577
vn -0.577 -0.577 -0.577
vn -0.577 -0.577 -0.577
vn -0.577 -0.577 -0.577
vn -0.577 -0.577 -0.577
vn -0.577 -0.577 -0.577
vn -0.577 -0.577 -0.577
vn -0.577 -0.577 -0.577
vn -0.577 -0.577 -0.577
vn 0.577 0.577 0.577
vn 0.577 0.577 0.577
vn 0.577 0.577 0.577
vn 0.577 0.577 0.577
vn 0.577 0.577 0.577
vn 0.577 0.577 0.577
vn 0.577 0.577 0.577
vn -0.577 -0.577 -0.577
vn 0.577 0.577 0.577
vn 0.577 0.577 0.577
vn -0.577 -0.577 -0.577
vn 0.577 0.577 0.577
vn -0.577 -0.577 -0.577
vn -0.577 -0.577 -0.577
vn 0.577 0.577 0.577
vn -0.577 -0.577 -0.577
vn -0.577 -0.577 -0.577
vn 0.577 0.577 0.577
vn 0.577 0.577 0.577
vn 0.577 0.577 0.577
vn 1.000 0.006 0.000
vn 1.000 0.006 0.000
vn 0.577 0.577 0.577
vn -0.577 -0.577 -0.577
vn -0.577 -0.577 -0.577
vn -0.577 -0.577 -0.577
vn -0.577 -0.577 -0.577
vn -0.577 -0.577 -0.577
vn -0.577 -0.577 -0.577
vn -0.577 -0.577 -0.577
vn -0.577 -0.577 -0.577
vn -0.577 -0.577 -0.577
vn -0.577 -0.577 -0.577
vn -0.577 -0.577 -0.577
vn -0.577 -0.577 -0.577
vn -0.577 -0.577 -0.577
vn -0.577 -0.577 -0.577
vn -0.577 -0.577 -0.577
vn -0.577 -0.577 -0.577
vn -0.577 -0.577 -0.577
vn -0.577 -0.577 -0.577
vn -0.577 -0.577 -0.577
vn -0.577 -0.577 -0.577
vn -0.577 -0.577 -0.577
vn -0.577 -0.577 -0.577
vn -0.577 -0.577 -0.577
vn -0.577 -0.577 -0.577
vn -0.577 -0.577 -0.577
vn -0.577 -0.577 -0.577
vn -0.577 -0.577 -0.577
vn -0.577 -0.577 -0.577
vn -0.577 -0.577 -0.577
vn 0.577 0.577 0.577
vn -0.577 -0.577 -0.577
vn -0.577 -0.577 -0.577
vn 0.577 0.577 0.577
vn -0.577 -0.577 -0.577
vn -0.577 -0.577 -0.577
vn -0.577 -0.577 -0.577
vn -0.577 -0.577 -0.577
vn -0.577 -0.577 -0.577
vn -0.577 -0.577 -0.577
vn -0.577 -0.577 -0.577
vn 0.577 0.577 0.577
vn 0.577 0.577 0.577
vn 0.577 0.577 0.577
vn -0.577 -0.577 -0.577
vn -0.577 -0.577 -0.577
vn -0.577 -0.577 -0.577
vn -0.577 -0.577 -0.577
vn -0.577 -0.577 -0.577
vn -0.577 -0.577 -0.577
vn -0.577 -0.577 -0.577
vn -0.577 -0.577 -0.577
vn -0.577 -0.577 -0.577
vn -0.577 -0.577 -0.577
vn 0.577 0.577 0.577
vn 0.577 0.577 0.577
vn -0.577 -0.577 -0.577
vn -0.577 -0.577 -0.577
vn -0.577 -0.577 -0.577
vn 0.577 0.577 0.577
vn -0.577 -0.577 -0.577
vn -0.577 -0.577 -0.577
vn -0.577 -0.577 -0.577
vn -0.577 -0.577 -0.577
vn -0.577 -0.577 -0.577
vn -0.577 -0.577 -0.577
vn -0.577 -0.577 -0.577
vn -0.577 -0.577 -0.577
vn -0.577 -0.577 -0.577
vn -0.577 -0.577 -0.577
vn -0.577 -0.577 -0.577
vn 0.577 0.577 0.577
vn -0.577 -0.577 -0.577
vn -0.577 -0.577 -0.577
vn -0.577 -0.577 -0.577
vn 0.577 0.577 0.577
vn 0.577 0.577 0.577
vn 0.577 0.577 0.577
vn -0.577 -0.577 -0.577
vn 0.577 0.577 0.577
vn -0.577 -0.577 -0.577
vn -0.577 -0.577 -0.577
vn -0.577 -0.577 -0.577
vn -0.577 -0.577 -0.577
vn -0.577 -0.577 -0.577
vn 0.577 0.577 0.577
vn 0.577 0.577 0.577
vn 0.577 0.577 0.577
vn 0.577 0.577 0.577
vn 0.577 0.577 0.577
vn -0.577 -0.577 -0.577
vn -0.577 -0.577 -0.577
vn -0.577 -0.577 -0.577
vn -0.577 -0.577 -0.577
vn -0.577 -0.577 -0.577
vn -0.577 -0.577 -0.577
vn -0.577 -0.577 -0.577
vn -0.577 -0.577 -0.577
vn 0.577 0.577 0.577
vn 0.577 0.577 0.577
vn 0.577 0.577 0.577
vn 0.577 0.577 0.577
vn 0.577 0.577 0.577
vn 0.577 0.577 0.577
vn -0.577 -0.577 -0.577
vn -0.577 -0.577 -0.577
vn -0.577 -0.577 -0.577
vn -0.577 -0.577 -0.577
vn 0.577 0.577 0.577
vn -0.577 -0.577 -0.577
vn -0.577 -0.577 -0.577
vn -0.577 -0.577 -0.577
vn -0.577 -0.577 -0.577
vn -0.577 -0.577 -0.577
vn -0.577 -0.577 -0.577
vn -0.577 -0.577 -0.577
vn -0.577 -0.577 -0.577
vn -0.577 -0.577 -0.577
vn -0.577 -0.577 -0.577
vn 0.577 0.577 0.577
vn 0.577 0.577 0.577
vn 0.577 0.577 0.577
vn -0.577 -0.577 -0.577
vn -0.577 -0.577 -0.577
vn -0.577 -0.577 -0.577
vn -0.577 -0.577 -0.577
vn -0.577 -0.577 -0.577
vn -0.577 -0.577 -0.577
vn -0.577 -0.577 -0.577
vn -0.577 -0.577 -0.577
vn -0.577 -0.577 -0.577
vn 0.577 0.577 0.577
vn 0.577 0.577 0.577
vn 0.577 0.577 0.577
vn 0.577 0.577 0.577
vn 0.577 0.577 0.577
vn 0.577 0.577 0.577
vn -0.577 -0.577 -0.577
vn -0.577 -0.577 -0.577
vn -0.577 -0.577 -0.577
vn -0.577 -0.577 -0.577
vn -0.577 -0.577 -0.577
vn -0.577 -0.577 -0.577
vn -0.577 -0.577 -0.577
vn -0.577 -0.577 -0.577
vn -0.577 -0.577 -0.577
vn -0.577 -0.577 -0.577
vn -0.577 -0.577 -0.577
vn -0.577 -0.577 -0.577
vn 0.577 0.577 0.577
vn 0.577 0.577 0.577
vn 0.577 0.577 0.577
vn 0.577 0.577 0.577
vn 0.577 0.577 0.577
vn 0.577 0.577 0.577
vn -0.577 -0.577 -0.577
vn -0.577 -0.577 -0.577
vn -0.577 -0.577 -0.577
vn -0.577 -0.577 -0.577
vn -0.577 -0.577 -0.577
vn -0.577 -0.577 -0.577
vn -0.577 -0.577 -0.577
vn -0.577 -0.577 -0.577
vn -0.577 -0.577 -0.577
vn -0.577 -0.577 -0.577
vn 0.577 0.577 0.577
vn 0.577 0.577 0.577
vn 0.577 0.577 0.577
vn 0.577 0.577 0.577
vn 0.577 0.577 0.577
vn 0.577 0.577 0.577
vn -0.577 -0.577 -0.577
vn -0.577 -0.577 -0.577
vn -0.577 -0.577 -0.577
vn -0.577 -0.577 -0.577
vn -0.577 -0.577 -0.577
vn -0.577 -0.577 -0.577
vn 0.577 0.577 0.577
vn -0.577 -0.577 -0.577
vn -0.577 -0.577 -0.577
vn -0.577 -0.577 -0.577
vn 0.577 0.577 0.577
vn 0.577 0.577 0.577
vn 0.577 0.577 0.577
vn 0.577 0.577 0.577
vn 0.577 0.577 0.577
vn 0.577 0.577 0.577
vn -0.577 -0.577 -0.577
vn 0.577 0.577 0.577
vn -0.577 -0.577 -0.577
vn -0.577 -0.577 -0.577
vn 0.577 0.577 0.577
vn -0.577 -0.577 -0.577
vn 0.577 0.577 0.577
vn 0.577 0.577 0.577
vn -0.577 -0.577 -0.577
vn -0.577 -0.577 -0.577
vn 0.577 0.577 0.577
vn 0.577 0.577 0.577
vn 0.577 0.577 0.577
vn 0.577 0.577 0.577
vn 0.577 0.577 0.577
vn 0.577 0.577 0.577
vn 0.577 0.577 0.577
vn 0.577 0.577 0.577
vn 0.577 0.577 0.577
vn -0.577 -0.577 -0.577
vn 0.577 0.577 0.577
vn 0.577 0.577 0.577
vn -0.577 -0.577 -0.577
vn 0.577 0.577 0.577
vn 0.577 0.577 0.577
vn 0.577 0.577 0.577
vn -0.577 -0.577 -0.577
vn -0.577 -0.577 -0.577
vn -0.577 -0.577 -0.577
vn -0.577 -0.577 -0.577
vn -0.577 -0.577 -0.577
vn -0.577 -0.577 -0.577
vn -0.577 -0.577 -0.577
vn 0.577 0.577 0.577
vn -0.577 -0.577 -0.577
vn 0.577 0.577 0.577
vn -0.577 -0.577 -0.577
vn -0.577 -0.577 -0.577
vn 0.577 0.577 0.577
vn -0.577 -0.577 -0.577
vn -0.577 -0.577 -0.577
vn -0.577 -0.577 -0.577
vn -0.577 -0.577 -0.577
vn 0.577 0.577 0.577
vn -0.577 -0.577 -0.577
vn 0.577 0.577 0.577
vn 0.577 0.577 0.577
vn 0.577 0.577 0.577
vn 0.577 0.577 0.577
vn 0.577 0.577 0.577
vn -0.577 -0.577 -0.577
vn 0.577 0.577 0.577
vn 0.577 0.577 0.577
vn -0.577 -0.577 -0.577
vn 0.577 0.577 0.577
vn -0.577 -0.577 -0.577
vn -0.577 -0.577 -0.577
vn 0.577 0.577 0.577
vn -0.577 -0.577 -0.577
vn -0.577 -0.577 -0.577
vn 0.577 0.577 0.577
vn 0.577 0.577 0.577
vn 0.577 0.577 0.577
vn 0.577 0.577 0.577
vn 0.577 0.577 0.577
vn 0.577 0.577 0.577
vn 0.577 0.577 0.577
vn 0.577 0.577 0.577
vn 0.577 0.577 0.577
vn 0.577 0.577 0.577
vn 0.577 0.577 0.577
vn 0.577 0.577 0.577
vn 0.577 0.577 0.577
vn 0.577 0.577 0.577
vn -0.577 -0.577 -0.577
vn -0.577 -0.577 -0.577
vn -0.577 -0.577 -0.577
vn 0.577 0.577 0.577
vn -0.577 -0.577 -0.577
vn -0.577 -0.577 -0.577
vn -0.577 -0.577 -0.577
vn -0.577 -0.577 -0.577
vn 0.577 0.577 0.577
vn -0.577 -0.577 -0.577
vn -0.577 -0.577 -0.577
vn 0.577 0.577 0.577
vn 0.577 0.577 0.577
vn 0.577 0.577 0.577
vn 0.577 0.577 0.577
vn 0.577 0.577 0.577
vn -0.577 -0.577 -0.577
vn 0.577 0.577 0.577
vn -0.577 -0.577 -0.577
vn 0.577 0.577 0.577
vn 0.577 0.577 0.577
vn -0.577 -0.577 -0.577
vn 0.577 0.577 0.577
vn 0.577 0.577 0.577
vn -0.577 -0.577 -0.577
vn 0.577 0.577 0.577
vn 0.577 0.577 0.577
vn 0.577 0.577 0.577
vn 0.577 0.577 0.577
vn 0.577 0.577 0.577
vn 0.577 0.577 0.577
vn 0.577 0.577 0.577
vn 0.577 0.577 0.577
vn 0.577 0.577 0.577
vn 0.577 0.577 0.577
vn 0.577 0.577 0.577
vn 0.577 0.577 0.577
vn -0.577 -0.577 -0.577
vn -0.577 -0.577 -0.577
vn 0.577 0.577 0.577
vn 0.577 0.577 0.577
vn -0.577 -0.577 -0.577
vn 0.577 0.577 0.577
vn -0.577 -0.577 -0.577
vn 0.577 0.577 0.577
vn -0.577 -0.577 -0.577
vn 0.577 0.577 0.577
vn 0.577 0.577 0.577
vn 0.577 0.577 0.577
vn 0.577 0.577 0.577
vn 0.577 0.577 0.577
vn -0.577 -0.577 -0.577
vn -0.577 -0.577 -0.577
vn -0.577 -0.577 -0.577
vn -0.577 -0.577 -0.577
vn -0.577 -0.577 -0.577
vn -0.577 -0.577 -0.577
vn -0.577 -0.577 -0.577
vn 0.577 0.577 0.577
vn 0.577 0.577 0.577
vn -0.577 -0.577 -0.577
vn 0.577 0.577 0.577
vn -0.577 -0.577 -0.577
vn -0.577 -0.577 -0.577
vn 0.577 0.577 0.577
vn 0.577 0.577 0.577
vn 0.577 0.577 0.577
vn 0.577 0.577 0.577
vn 0.577 0.577 0.577
vn 0.577 0.577 0.577
vn -0.577 -0.577 -0.577
vn 0.577 0.577 0.577
vn 0.577 0.577 0.577
vn -0.577 -0.577 -0.577
vn 0.577 0.577 0.577
vn -0.577 -0.577 -0.577
vn -0.577 -0.577 -0.577
vn 0.577 0.577 0.577
vn -0.577 -0.577 -0.577
vn -0.577 -0.577 -0.577
vn 0.577 0.577 0.577
vn 0.577 0.577 0.577
vn 0.577 0.577 0.577
vn 0.577 0.577 0.577
vn 0.577 0.577 0.577
vn 0.577 0.577 0.577
vn 0.577 0.577 0.577
vn 0.577 0.577 0.577
vn 0.577 0.577 0.577
vn 0.577 0.577 0.577
vn 0.577 0.577 0.577
vn 0.577 0.577 0.577
vn 0.577 0.577 0.577
vn 0.577 0.577 0.577
vn -0.577 -0.577 -0.577
vn -0.577 -0.577 -0.577
vn -0.577 -0.577 -0.577
vn 0.577 0.577 0.577
vn -0.577 -0.577 -0.577
vn -0.577 -0.577 -0.577
vn -0.577 -0.577 -0.577
vn -0.577 -0.577 -0.577
vn 0.577 0.577 0.577
vn -0.577 -0.577 -0.577
vn -0.577 -0.577 -0.577
vn 0.577 0.577 0.577
vn 0.577 0.577 0.577
vn 0.577 0.577 0.577
vn 0.577 0.577 0.577
vn 0.577 0.577 0.577
vn -0.577 -0.577 -0.577
vn 0.577 0.577 0.577
vn -0.577 -0.577 -0.577
vn 0.577 0.577 0.577
vn 0.577 0.577 0.577
vn -0.577 -0.577 -0.577
vn 0.577 0.577 0.577
vn 0.577 0.577 0.577
vn -0.577 -0.577 -0.577
vn 0.577 0.577 0.577
vn 0.577 0.577 0.577
vn 0.577 0.577 0.577
vn 0.577 0.577 0.577
vn 0.577 0.577 0.577
vn 0.577 0.577 0.577
vn 0.577 0.577 0.577
vn 0.577 0.577 0.577
vn 0.577 0.577 0.577
vn 0.577 0.577 0.577
vn 0.577 0.577 0.577
vn 0.577 0.577 0.577
vn -0.577 -0.577 -0.577
vn -0.577 -0.577 -0.577
vn 0.577 0.577 0.577
vn 0.577 0.577 0.577
vn -0.577 -0.577 -0.577
vn 0.577 0.577 0.577
vn -0.577 -0.577 -0.577
vn 0.577 0.577 0.577
vn -0.577 -0.577 -0.577
vn 0.577 0.577 0.577
vn 0.577 0.577 0.577
vn 0.577 0.577 0.577
vn 0.577 0.577 0.577
vn 0.577 0.577 0.577
vn -0.577 -0.577 -0.577
vn -0.577 -0.577 -0.577
vn -0.577 -0.577 -0.577
vn -0.577 -0.577 -0.577
vn -0.577 -0.577 -0.577
vn -0.577 -0.577 -0.577
vn -0.577 -0.577 -0.577
vn -0.577 -0.577 -0.577
vn -0.577 -0.577 -0.577
vn -0.577 -0.577 -0.577
vn -0.577 -0.577 -0.577
vn -0.577 -0.577 -0.577
vn -0.577 -0.577 -0.577
vn -0.577 -0.577 -0.577
vn -0.577 -0.577 -0.577
vn -0.577 -0.577 -0.577
vn -0.577 -0.577 -0.577
vn 0.577 0.577 0.577
vn 0.577 0.577 0.577
vn -0.577 -0.577 -0.577
vn -0.577 -0.577 -0.577
vn 0.577 0.577 0.577
vn 0.577 0.577 0.577
vn 0.577 0.577 0.577
vn 0.577 0.577 0.577
vn 0.577 0.577 0.577
vn 0.577 0.577 0.577
vn 0.577 0.577 0.577
vn 0.577 0.577 0.577
vn -0.577 -0.577 -0.577
vn -0.577 -0.577 -0.577
vn 0.577 0.577 0.577
vn 0.577 0.577 0.577
vn -0.577 -0.577 -0.577
vn -0.577 -0.577 -0.577
vn -0.577 -0.577 -0.577
vn -0.577 -0.577 -0.577
vn -0.577 -0.577 -0.577
vn -0.577 -0.577 -0.577
vn -0.577 -0.577 -0.577
vn -0.577 -0.577 -0.577
vn 0.577 0.577 0.577
vn 0.577 0.577 0.577
vn 0.577 0.577 0.577
vn 0.577 0.577 0.577
vn -0.577 -0.577 -0.577
vn -0.577 -0.577 -0.577
vn -0.577 -0.577 -0.577
vn -0.577 -0.577 -0.577
vn -0.577 -0.577 -0.577
vn -0.577 -0.577 -0.577
vn -0.577 -0.577 -0.577
vn -0.577 -0.577 -0.577
vn -0.577 -0.577 -0.577
vn -0.577 -0.577 -0.577
vn -0.577 -0.577 -0.577
vn -0.577 -0.577 -0.577
vn 0.577 0.577 0.577
vn 0.577 0.577 0.577
vn 0.577 0.577 0.577
vn 0.577 0.577 0.577
vn 0.577 0.577 0.577
vn -0.577 -0.577 -0.577
vn 0.577 0.577 0.577
vn -0.577 -0.577 -0.577
vn 0.577 0.577 0.577
vn -0.577 -0.577 -0.577
vn -0.577 -0.577 -0.577
vn -0.577 -0.577 -0.577
vn 0.577 0.577 0.577
vn 0.577 0.577 0.577
vn -0.577 -0.577 -0.577
vn -0.577 -0.577 -0.577
vn -0.577 -0.577 -0.577
vn -0.577 -0.577 -0.577
vn -0.577 -0.577 -0.577
vn -0.577 -0.577 -0.577
vn -0.577 -0.577 -0.577
vn -0.577 -0.577 -0.577
vn -0.577 -0.577 -0.577
vn 0.577 0.577 0.577
vn 0.577 0.577 0.577
vn 0.577 0.577 0.577
vn 0.577 0.577 0.577
vn -0.577 -0.577 -0.577
vn -0.577 -0.577 -0.577
vn -0.577 -0.577 -0.577
vn -0.577 -0.577 -0.577
vn -0.577 -0.577 -0.577
vn -0.577 -0.577 -0.577
vn -0.577 -0.577 -0.577
vn -0.577 -0.577 -0.577
vn -0.577 -0.577 -0.577
vn -0.577 -0.577 -0.577
vn 0.577 0.577 0.577
vn 0.577 0.577 0.577
vn -0.577 -0.577 -0.577
vn -0.577 -0.577 -0.577
vn -0.577 -0.577 -0.577
vn -0.577 -0.577 -0.577
vn -0.577 -0.577 -0.577
vn -0.577 -0.577 -0.577
vn -0.577 -0.577 -0.577
vn -0.577 -0.577 -0.577
vn -0.577 -0.577 -0.577
vn -0.577 -0.577 -0.577
vn 0.577 0.577 0.577
vn 0.577 0.577 0.577
vn 0.577 0.577 0.577
vn 0.577 0.577 0.577
vn -0.577 -0.577 -0.577
vn -0.577 -0.577 -0.577
vn -0.577 -0.577 -0.577
vn -0.577 -0.577 -0.577
vn -0.577 -0.577 -0.577
vn -0.577 -0.577 -0.577
vn -0.577 -0.577 -0.577
vn -0.577 -0.577 -0.577
vn 0.577 0.577 0.577
vn 0.577 0.577 0.577
vn 0.577 0.577 0.577
vn 0.577 0.577 0.577
vn -0.577 -0.577 -0.577
vn -0.577 -0.577 -0.577
vn -0.577 -0.577 -0.577
vn -0.577 -0.577 -0.577
vn -0.577 -0.577 -0.577
vn -0.577 -0.577 -0.577
vn -0.577 -0.577 -0.577
vn -0.577 -0.577 -0.577
vn -0.577 -0.577 -0.577
vn -0.577 -0.577 -0.577
vn 0.577 0.577 0.577
vn 0.577 0.577 0.577
vn 0.577 0.577 0.577
vn 0.577 0.577 0.577
vn -0.577 -0.577 -0.577
vn -0.577 -0.577 -0.577
vn -0.577 -0.577 -0.577
vn -0.577 -0.577 -0.577
vn -0.577 -0.577 -0.577
vn -0.577 -0.577 -0.577
vn -0.577 -0.577 -0.577
vn -0.577 -0.577 -0.577
vn 0.577 0.577 0.577
vn 0.577 0.577 0.577
vn 0.577 0.577 0.577
vn 0.577 0.577 0.577
vn -0.577 -0.577 -0.577
vn -0.577 -0.577 -0.577
vn -0.577 -0.577 -0.577
vn -0.577 -0.577 -0.577
vn -0.577 -0.577 -0.577
vn -0.577 -0.577 -0.577
vn -0.577 -0.577 -0.577
vn -0.577 -0.577 -0.577
vn -0.577 -0.577 -0.577
vn -0.577 -0.577 -0.577
vn -0.577 -0.577 -0.577
vn -0.577 -0.577 -0.577
vn -0.577 -0.577 -0.577
vn -0.577 -0.577 -0.577
vn -0.577 -0.577 -0.577
vn -0.577 -0.577 -0.577
vn -0.577 -0.577 -0.577
vn -0.577 -0.577 -0.577
vn -0.577 -0.577 -0.577
vn -0.577 -0.577 -0.577
vn -0.577 -0.577 -0.577
vn -0.577 -0.577 -0.577
vn 0.577 0.577 0.577
vn 0.577 0.577 0.577
vn 0.577 0.577 0.577
vn 0.577 0.577 0.577
vn 0.577 0.577 0.577
vn 0.577 0.577 0.577
vn 0.577 0.577 0.577
vn 0.577 0.577 0.577
vn 0.577 0.577 0.577
vn 0.577 0.577 0.577
vn 0.577 0.577 0.577
vn 0.577 0.577 0.577
vn 0.577 0.577 0.577
vn 0.577 0.577 0.577
vn 0.577 0.577 0.577
vn 0.577 0.577 0.577
vn 0.577 0.577 0.577
vn 0.577 0.577 0.577
vn 0.577 0.577 0.577
vn 0.577 0.577 0.577
vn 0.577 0.577 0.577
vn 0.577 0.577 0.577
vn 0.577 0.577 0.577
vn 0.577 0.577 0.577
vn 0.577 0.577 0.577
vn 0.577 0.577 0.577
vn 0.577 0.577 0.577
vn 0.577 0.577 0.577
vn 0.577 0.577 0.577
vn 0.577 0.577 0.577
vn -0.577 -0.577 -0.577
vn -0.577 -0.577 -0.577
vn -0.577 -0.577 -0.577
vn -0.577 -0.577 -0.577
vn -0.577 -0.577 -0.577
vn -0.577 -0.577 -0.577
vn -0.840 0.543 0.000
vn -0.840 0.543 0.000
vn -0.592 0.806 0.000
vn -0.592 0.806 0.000
vn -0.577 -0.577 -0.577
vn -0.577 -0.577 -0.577
vn -0.577 -0.577 -0.577
vn -0.577 -0.577 -0.577
vn -0.577 -0.577 -0.577
vn -0.577 -0.577 -0.577
vn -0.813 0.583 0.000
vn -0.569 0.822 0.000
vn -0.813 0.583 0.000
vn -0.569 0.822 0.000
vn 0.577 0.577 0.577
vn 0.577 0.577 0.577
vn 0.577 0.577 0.577
vn 0.577 0.577 0.577
vn 0.000 0.000 1.000
vn 0.000 0.000 1.000
vn 0.577 0.577 0.577
vn 0.577 0.577 0.577
vn 0.577 0.577 0.577
vn 0.577 0.577 0.577
vn 0.577 0.577 0.577
vn 0.577 0.577 0.577
vn 0.577 0.577 0.577
vn 0.577 0.577 0.577
vn 0.577 0.577 0.577
vn 0.577 0.577 0.577
vn 0.577 0.577 0.577
vn 0.577 0.577 0.577
vn 0.577 0.577 0.577
vn 0.577 0.577 0.577
vn 0.577 0.577 0.577
vn 0.577 0.577 0.577
vn 0.577 0.577 0.577
vn 0.577 0.577 0.577
vn 0.577 0.577 0.577
vn 0.577 0.577 0.577
vn 0.577 0.577 0.577
vn 0.577 0.577 0.577
vn 0.577 0.577 0.577
vn 0.577 0.577 0.577
vn 0.577 0.577 0.577
vn 0.577 0.577 0.577
vn 0.577 0.577 0.577
vn 0.577 0.577 0.577
vn 0.577 0.577 0.577
vn 0.577 0.577 0.577
vn 0.577 0.577 0.577
vn 0.577 0.577 0.577
vn 0.577 0.577 0.577
vn 0.577 0.577 0.577
vn 0.577 0.577 0.577
vn 0.577 0.577 0.577
vn 0.577 0.577 0.577
vn 0.577 0.577 0.577
vn 0.577 0.577 0.577
vn 0.577 0.577 0.577
vn 0.577 0.577 0.577
vn 0.000 -1.000 0.000
vn 0.000 -1.000 0.000
vn 0.000 -1.000 0.000
vn 0.000 -1.000 0.000
vn 0.000 -1.000 0.000
vn 0.000 -1.000 0.000
vn 0.000 -1.000 0.000
vn 0.000 -1.000 0.000
vn 0.000 -1.000 0.000
vn 0.000 -1.000 0.000
vn 0.000 -1.000 0.000
vn 0.000 -1.000 0.000
vn 0.000 -1.000 0.000
vn 0.000 -1.000 0.000
vn 0.000 -1.000 0.000
vn 0.577 0.577 0.577
vn 0.577 0.577 0.577
vn 0.577 0.577 0.577
vn 0.577 0.577 0.577
vn 0.577 0.577 0.577
vn 0.577 0.577 0.577
vn 0.577 0.577 0.577
vn 0.577 0.577 0.577
vn 0.577 0.577 0.577
vn 0.577 0.577 0.577
vn 0.577 0.577 0.577
vn -1.000 0.003 0.000
vn -1.000 0.003 0.000
vn 0.577 0.577 0.577
vn 0.577 0.577 0.577
vn 0.577 0.577 0.577
vn 0.577 0.577 0.577
vn 0.577 0.577 0.577
vn 0.577 0.577 0.577
vn -0.907 0.239 0.347
vn -0.444 0.420 0.792
vn 0.577 0.577 0.577
vn 0.577 0.577 0.577
vn -0.512 0.380 0.770
vn 0.577 0.577 0.577
vn -0.844 0.187 0.502
vn 0.577 0.577 0.577
vn -0.880 0.166 0.445
vn 0.577 0.577 0.577
vn 0.577 0.577 0.577
vn 0.577 0.577 0.577
vn 0.577 0.577 0.577
vn 0.577 0.577 0.577
vn 0.508 0.423 0.750
vn 0.969 0.174 0.177
vn 0.577 0.577 0.577
vn 0.462 0.415 0.784
vn 0.577 0.577 0.577
vn 0.797 0.227 0.560
vn 0.577 0.577 0.577
vn 0.879 0.166 0.447
vn 0.577 0.577 0.577
vn 0.577 0.577 0.577
vn -0.577 -0.577 -0.577
vn -0.577 -0.577 -0.577
vn 0.577 0.577 0.577
vn 0.577 0.577 0.577
vn 0.577 0.577 0.577
vn 0.577 0.577 0.577
vn 0.577 0.577 0.577
vn 0.577 0.577 0.577
vn 0.577 0.577 0.577
vn 0.577 0.577 0.577
vn -0.577 -0.577 -0.577
vn 0.577 0.577 0.577
vn 0.577 0.577 0.577
vn 0.577 0.577 0.577
vn 0.577 0.577 0.577
vn 0.577 0.577 0.577
vn 0.577 0.577 0.577
vn 0.577 0.577 0.577
vn 0.577 0.577 0.577
vn 0.577 0.577 0.577
vn -0.577 -0.577 -0.577
vn 0.577 0.577 0.577
vn 0.577 0.577 0.577
vn -0.577 -0.577 -0.577
vn 0.577 0.577 0.577
vn 0.577 0.577 0.577
vn -0.577 -0.577 -0.577
vn -0.577 -0.577 -0.577
vn 0.577 0.577 0.577
vn -0.577 -0.577 -0.577
vn 0.577 0.577 0.577
vn -0.577 -0.577 -0.577
vn -0.577 -0.577 -0.577
vn -0.577 -0.577 -0.577
vn -0.577 -0.577 -0.577
vn 0.577 0.577 0.577
vn 0.577 0.577 0.577
vn -0.577 -0.577 -0.577
vn 0.577 0.577 0.577
vn 0.577 0.577 0.577
vn 0.577 0.577 0.577
vn 0.577 0.577 0.577
vn 0.577 0.577 0.577
vn 0.577 0.577 0.577
vn 0.577 0.577 0.577
vn 0.577 0.577 0.577
vn 0.577 0.577 0.577
vn 0.577 0.577 0.577
vn 0.577 0.577 0.577
vn 0.577 0.577 0.577
vn 0.577 0.577 0.577
vn 0.577 0.577 0.577
vn 0.577 0.577 0.577
vn 0.577 0.577 0.577
vn 0.577 0.577 0.577
vn 0.577 0.577 0.577
vn 0.577 0.577 0.577
vn -0.577 -0.577 -0.577
vn -0.577 -0.577 -0.577
vn -0.577 -0.577 -0.577
vn -0.577 -0.577 -0.577
vn 0.577 0.577 0.577
vn -0.577 -0.577 -0.577
vn 0.577 0.577 0.577
vn -0.577 -0.577 -0.577
vn -0.224 -0.905 0.361
vn -0.469 0.883 0.000
vn -0.469 0.883 0.000
vn -0.224 -0.905 0.361
vn -0.771 0.637 0.000
vn -0.771 0.637 0.000
vn 0.873 0.489 0.000
vn 0.873 0.489 0.000
vn 0.873 0.488 0.000
vn 0.873 0.488 0.000
vn -0.007 -0.491 0.871
vn -0.007 -0.491 0.871
vn -0.671 0.741 0.000
vn -0.671 0.741 0.000
vn -0.820 0.573 0.000
vn -0.820 0.573 0.000
vn -0.820 0.573 0.000
vn 0.873 0.489 0.000
vn 0.873 0.489 0.000
vn -0.820 0.573 0.000
usemtl tex_804_lit_ds
f 1/1/1 2/2/2 3/3/3
f 1/1/1 3/3/3 4/4/4
f 2/2/2 5/5/5 6/6/6
f 2/2/2 6/6/6 3/3/3
f 5/5/5 7/7/7 8/8/8
f 5/5/5 8/8/8 6/6/6
f 7/7/7 9/9/9 10/10/10
f 7/7/7 10/10/10 8/8/8
f 9/9/9 11/11/11 12/12/12
f 9/9/9 12/12/12 10/10/10
f 11/11/11 13/13/13 14/14/14
f 11/11/11 14/14/14 12/12/12
f 13/13/13 15/15/15 16/16/16
f 13/13/13 16/16/16 14/14/14
f 15/15/15 1/1/1 4/4/4
f 15/15/15 4/4/4 16/16/16
f 17/4/17 18/3/18 19/17/19
f 17/4/17 19/17/19 20/18/20
f 18/3/18 21/6/21 22/19/22
f 18/3/18 22/19/22 19/17/19
f 21/6/21 23/8/23 24/20/24
f 21/6/21 24/20/24 22/19/22
f 23/8/23 25/10/25 26/21/26
f 23/8/23 26/21/26 24/20/24
f 25/10/25 27/12/27 28/22/28
f 25/10/25 28/22/28 26/21/26
f 27/12/27 29/14/29 30/23/30
f 27/12/27 30/23/30 28/22/28
f 29/14/29 31/16/31 32/24/32
f 29/14/29 32/24/32 30/23/30
f 31/16/31 17/4/17 20/18/20
f 31/16/31 20/18/20 32/24/32
f 33/25/33 34/26/34 35/27/35
f 33/25/33 35/27/35 36/28/36
f 34/26/34 37/29/37 38/30/38
f 34/26/34 38/30/38 35/27/35
f 37/29/37 39/31/39 40/32/40
f 37/29/37 40/32/40 38/30/38
f 39/31/39 41/33/41 42/34/42
f 39/31/39 42/34/42 40/32/40
f 41/33/41 43/35/43 44/36/44
f 41/33/41 44/36/44 42/34/42
f 43/35/43 45/37/45 46/38/46
f 43/35/43 46/38/46 44/36/44
f 45/37/45 47/39/47 48/40/48
f 45/37/45 48/40/48 46/38/46
f 47/39/47 33/25/33 36/28/36
f 47/39/47 36/28/36 48/40/48
f 49/41/49 50/42/50 51/26/51
f 49/41/49 51/26/51 52/25/52
f 50/42/50 53/43/53 54/29/54
f 50/42/50 54/29/54 51/26/51
f 53/43/53 55/44/55 56/31/56
f 53/43/53 56/31/56 54/29/54
f 55/44/55 57/45/57 58/33/58
f 55/44/55 58/33/58 56/31/56
f 57/45/57 59/46/59 60/35/60
f 57/45/57 60/35/60 58/33/58
f 59/46/59 61/47/61 62/37/62
f 59/46/59 62/37/62 60/35/60
f 61/47/61 63/48/63 64/39/64
f 61/47/61 64/39/64 62/37/62
f 63/48/63 49/41/49 52/25/52
f 63/48/63 52/25/52 64/39/64
f 65/49/65 66/50/66 67/51/67
f 65/49/65 67/51/67 68/52/68
f 66/50/66 69/53/69 70/54/70
f 66/50/66 70/54/70 67/51/67
f 69/53/69 71/55/71 72/56/72
f 69/53/69 72/56/72 70/54/70
f 71/55/71 73/55/73 74/56/74
f 71/55/71 74/56/74 72/56/72
f 73/55/73 75/53/75 76/54/76
f 73/55/73 76/54/76 74/56/74
f 75/53/75 77/50/77 78/51/78
f 75/53/75 78/51/78 76/54/76
f 77/50/77 79/49/79 80/52/80
f 77/50/77 80/52/80 78/51/78
f 79/49/79 65/49/65 68/52/68
f 79/49/79 68/52/68 80/52/80
f 81/57/81 82/58/82 83/50/83
f 81/57/81 83/50/83 84/49/84
f 82/58/82 85/59/85 86/53/86
f 82/58/82 86/53/86 83/50/83
f 85/59/85 87/60/87 88/55/88
f 85/59/85 88/55/88 86/53/86
f 87/60/87 89/60/89 90/55/90
f 87/60/87 90/55/90 88/55/88
f 89/60/89 91/59/91 92/53/92
f 89/60/89 92/53/92 90/55/90
f 91/59/91 93/58/93 94/50/94
f 91/59/91 94/50/94 92/53/92
f 93/58/93 95/57/95 96/49/96
f 93/58/93 96/49/96 94/50/94
f 95/57/95 81/57/81 84/49/84
f 95/57/95 84/49/84 96/49/96
f 97/61/97 98/47/98 99/58/99
f 97/61/97 99/58/99 100/57/100
f 98/47/98 101/48/101 102/59/102
f 98/47/98 102/59/102 99/58/99
f 101/48/101 103/62/103 104/60/104
f 101/48/101 104/60/104 102/59/102
f 103/62/103 105/62/105 106/60/106
f 103/62/103 106/60/106 104/60/104
f 105/62/105 107/48/107 108/59/108
f 105/62/105 108/59/108 106/60/106
f 107/48/107 109/47/109 110/58/110
f 107/48/107 110/58/110 108/59/108
f 109/47/109 111/61/111 112/57/112
f 109/47/109 112/57/112 110/58/110
f 111/61/111 97/61/97 100/57/100
f 111/61/111 100/57/100 112/57/112
f 113/63/113 114/64/114 115/65/115
f 113/63/113 115/65/115 116/66/116
f 114/64/114 117/67/117 118/68/118
f 114/64/114 118/68/118 115/65/115
f 117/67/117 119/69/119 120/70/120
f 117/67/117 120/70/120 118/68/118
f 119/69/119 121/69/121 122/71/122
f 119/69/119 122/71/122 120/70/120
f 121/69/121 123/72/123 124/73/124
f 121/69/121 124/73/124 122/71/122
f 123/72/123 125/74/125 126/75/126
f 123/72/123 126/75/126 124/73/124
f 125/74/125 127/63/127 128/76/128
f 125/74/125 128/76/128 126/75/126
f 127/63/127 113/63/113 116/66/116
f 127/63/127 116/66/116 128/76/128
f 129/77/129 130/78/130 131/64/131
f 129/77/129 131/64/131 132/63/132
f 130/78/130 133/79/133 134/67/134
f 130/78/130 134/67/134 131/64/131
f 133/79/133 135/80/135 136/69/136
f 133/79/133 136/69/136 134/67/134
f 135/80/135 137/80/137 138/69/138
f 135/80/135 138/69/138 136/69/136
f 137/80/137 139/81/139 140/72/140
f 137/80/137 140/72/140 138/69/138
f 139/81/139 141/82/141 142/74/142
f 139/81/139 142/74/142 140/72/140
f 141/82/141 143/77/143 144/63/144
f 141/82/141 144/63/144 142/74/142
f 143/77/143 129/77/129 132/63/132
f 143/77/143 132/63/132 144/63/144
f 145/61/145 146/47/146 147/78/147
f 145/61/145 147/78/147 148/77/148
f 146/47/146 149/48/149 150/79/150
f 146/47/146 150/79/150 147/78/147
f 149/48/149 151/62/151 152/80/152
f 149/48/149 152/80/152 150/79/150
f 151/62/151 153/83/153 154/80/154
f 151/62/151 154/80/154 152/80/152
f 153/83/153 155/84/155 156/81/156
f 153/83/153 156/81/156 154/80/154
f 155/84/155 157/85/157 158/82/158
f 155/84/155 158/82/158 156/81/156
f 157/85/157 159/86/159 160/77/160
f 157/85/157 160/77/160 158/82/158
f 159/86/159 145/61/145 148/77/148
f 159/86/159 148/77/148 160/77/160
f 161/49/161 162/50/162 163/51/163
f 161/49/161 163/51/163 164/52/164
f 162/50/162 165/53/165 166/54/166
f 162/50/162 166/54/166 163/51/163
f 165/53/165 167/55/167 168/56/168
f 165/53/165 168/56/168 166/54/166
f 167/55/167 169/55/169 170/56/170
f 167/55/167 170/56/170 168/56/168
f 169/55/169 171/53/171 172/54/172
f 169/55/169 172/54/172 170/56/170
f 171/53/171 173/50/173 174/51/174
f 171/53/171 174/51/174 172/54/172
f 173/50/173 175/49/175 176/52/176
f 173/50/173 176/52/176 174/51/174
f 175/49/175 161/49/161 164/52/164
f 175/49/175 164/52/164 176/52/176
f 177/57/177 178/58/178 179/50/179
f 177/57/177 179/50/179 180/49/180
f 178/58/178 181/59/181 182/53/182
f 178/58/178 182/53/182 179/50/179
f 181/59/181 183/60/183 184/55/184
f 181/59/181 184/55/184 182/53/182
f 183/60/183 185/60/185 186/55/186
f 183/60/183 186/55/186 184/55/184
f 185/60/185 187/59/187 188/53/188
f 185/60/185 188/53/188 186/55/186
f 187/59/187 189/58/189 190/50/190
f 187/59/187 190/50/190 188/53/188
f 189/58/189 191/57/191 192/49/192
f 189/58/189 192/49/192 190/50/190
f 191/57/191 177/57/177 180/49/180
f 191/57/191 180/49/180 192/49/192
f 193/61/193 194/47/194 195/58/195
f 193/61/193 195/58/195 196/57/196
f 194/47/194 197/48/197 198/59/198
f 194/47/194 198/59/198 195/58/195
f 197/48/197 199/62/199 200/60/200
f 197/48/197 200/60/200 198/59/198
f 199/62/199 201/62/201 202/60/202
f 199/62/199 202/60/202 200/60/200
f 201/62/201 203/48/203 204/59/204
f 201/62/201 204/59/204 202/60/202
f 203/48/203 205/47/205 206/58/206
f 203/48/203 206/58/206 204/59/204
f 205/47/205 207/61/207 208/57/208
f 205/47/205 208/57/208 206/58/206
f 207/61/207 193/61/193 196/57/196
f 207/61/207 196/57/196 208/57/208
usemtl tex_799_lit
f 209/87/209 210/88/210 211/89/211
f 209/87/209 211/89/211 212/90/212
f 213/91/213 214/92/214 215/93/215
f 213/91/213 215/93/215 216/94/216
f 217/95/217 218/96/218 219/97/219
f 217/95/217 219/97/219 220/98/220
f 221/98/221 222/97/222 223/99/223
f 221/98/221 223/99/223 224/100/224
f 225/95/225 226/47/226 227/101/227
f 225/95/225 227/101/227 228/96/228
usemtl tex_799_lit_ds
f 229/102/229 230/103/230 231/104/231
f 229/102/229 231/104/231 232/47/232
f 233/105/233 234/106/234 235/107/235
f 233/105/233 235/107/235 236/47/236
usemtl tex_799_lit
f 237/108/237 238/109/238 239/110/239
f 240/108/240 241/111/241 242/112/242
f 240/108/240 242/112/242 243/109/243
f 241/111/241 244/113/244 245/114/245
f 241/111/241 245/114/245 242/112/242
f 244/113/244 246/115/246 247/116/247
f 244/113/244 247/116/247 245/114/245
f 248/110/248 243/109/243 249/117/249
f 243/109/243 250/118/250 249/117/249
f 243/109/243 242/112/242 251/119/251
f 243/109/243 251/119/251 250/118/250
f 242/112/242 245/114/245 252/120/252
f 242/112/242 252/120/252 251/119/251
f 245/114/245 247/116/247 253/121/253
f 245/114/245 253/121/253 252/120/252
f 247/116/247 254/122/254 253/121/253
f 254/122/254 255/123/255 253/121/253
f 256/117/256 257/118/257 258/124/258
f 257/118/257 259/125/259 258/124/258
f 257/118/257 260/119/260 261/126/261
f 257/118/257 261/126/261 259/125/259
f 260/119/260 262/120/262 263/127/263
f 260/119/260 263/127/263 261/126/261
f 262/120/262 264/121/264 265/128/265
f 262/120/262 265/128/265 263/127/263
f 264/121/264 266/123/266 265/128/265
f 266/123/266 267/129/267 265/128/265
f 258/124/258 259/125/259 268/130/268
f 259/125/259 269/131/269 268/130/268
f 259/125/259 261/126/261 269/131/269
f 261/126/261 270/132/270 269/131/269
f 261/126/261 263/127/263 270/132/270
f 263/127/263 271/133/271 270/132/270
f 272/127/272 273/134/273 274/133/274
f 272/127/272 275/135/275 273/134/273
f 273/134/273 275/135/275 276/136/276
f 272/127/272 277/128/277 275/135/275
f 277/128/277 278/137/278 275/135/275
f 277/128/277 279/129/279 278/137/278
f 279/129/279 280/138/280 278/137/278
f 281/116/281 282/115/282 283/122/283
f 283/122/283 282/115/282 281/116/281
f 284/123/284 283/122/283 285/139/285
f 286/140/286 287/141/287 288/142/288
f 287/141/287 289/143/289 290/144/290
f 287/141/287 290/144/290 288/142/288
f 289/143/289 291/145/291 292/146/292
f 289/143/289 292/146/292 290/144/290
f 291/145/291 293/147/293 292/146/292
f 293/147/293 294/148/294 292/146/292
f 293/147/293 295/149/295 294/148/294
f 296/150/296 287/141/287 286/140/286
f 296/150/296 297/151/297 287/141/287
f 297/151/297 298/152/298 289/143/289
f 297/151/297 289/143/289 287/141/287
f 298/152/298 299/153/299 291/145/291
f 298/152/298 291/145/291 289/143/289
f 299/153/299 300/154/300 293/147/293
f 299/153/299 293/147/293 291/145/291
f 300/154/300 295/149/295 293/147/293
f 300/154/300 301/155/301 295/149/295
f 302/156/302 303/151/303 304/150/304
f 302/156/302 305/157/305 303/151/303
f 305/157/305 306/158/306 307/152/307
f 305/157/305 307/152/307 303/151/303
f 306/158/306 308/159/308 309/153/309
f 306/158/306 309/153/309 307/152/307
f 308/159/308 310/160/310 311/154/311
f 308/159/308 311/154/311 309/153/309
f 310/160/310 312/155/312 311/154/311
f 310/160/310 313/161/313 312/155/312
f 314/162/314 305/157/305 302/156/302
f 314/162/314 315/163/315 305/157/305
f 315/163/315 306/158/306 305/157/305
f 315/163/315 316/164/316 306/158/306
f 316/164/316 308/159/308 306/158/306
f 316/164/316 317/165/317 308/159/308
f 318/165/318 319/166/319 320/159/320
f 319/166/319 321/167/321 320/159/320
f 322/168/322 321/167/321 319/166/319
f 321/167/321 323/160/323 320/159/320
f 321/167/321 324/169/324 323/160/323
f 324/169/324 325/161/325 323/160/323
f 324/169/324 326/170/326 325/161/325
f 327/155/327 328/110/328 329/149/329
f 330/140/330 331/171/331 332/172/332
f 333/150/333 330/140/330 332/172/332
f 334/110/334 335/117/335 336/173/336
f 336/173/336 337/171/337 334/110/334
f 338/174/338 339/175/339 340/176/340
f 339/175/339 341/175/341 340/176/340
f 341/175/341 342/174/342 340/176/340
f 342/174/342 343/177/343 340/176/340
f 343/177/343 344/178/344 340/176/340
f 344/178/344 345/178/345 340/176/340
f 345/178/345 346/177/346 340/176/340
f 346/177/346 338/174/338 340/176/340
f 347/179/347 348/180/348 339/175/339
f 347/179/347 339/175/339 338/174/338
f 348/180/348 349/180/349 341/175/341
f 348/180/348 341/175/341 339/175/339
f 350/180/350 351/179/351 352/174/352
f 350/180/350 352/174/352 353/175/353
f 351/179/351 354/181/354 355/177/355
f 351/179/351 355/177/355 352/174/352
f 354/181/354 356/182/356 357/178/357
f 354/181/354 357/178/357 355/177/355
f 356/182/356 358/182/358 359/178/359
f 356/182/356 359/178/359 357/178/357
f 358/182/358 360/181/360 361/177/361
f 358/182/358 361/177/361 359/178/359
f 360/181/360 362/179/362 363/174/363
f 360/181/360 363/174/363 361/177/361
f 364/183/364 365/184/365 366/180/366
f 364/183/364 366/180/366 367/179/367
f 365/184/365 368/184/368 369/180/369
f 365/184/365 369/180/369 366/180/366
f 368/184/368 370/183/370 371/179/371
f 368/184/368 371/179/371 369/180/369
f 370/183/370 372/185/372 373/181/373
f 370/183/370 373/181/373 371/179/371
f 372/185/372 374/186/374 375/182/375
f 372/185/372 375/182/375 373/181/373
f 374/186/374 376/186/376 377/182/377
f 374/186/374 377/182/377 375/182/375
f 376/186/376 378/185/378 379/181/379
f 376/186/376 379/181/379 377/182/377
f 378/185/378 364/183/364 367/179/367
f 378/185/378 367/179/367 379/181/379
f 380/187/380 381/188/381 382/189/382
f 380/187/380 382/189/382 383/190/383
f 381/188/381 384/188/384 385/189/385
f 381/188/381 385/189/385 382/189/382
f 384/188/384 386/187/386 387/190/387
f 384/188/384 387/190/387 385/189/385
f 386/187/386 388/191/388 389/47/389
f 386/187/386 389/47/389 387/190/387
f 388/191/388 390/192/390 391/193/391
f 388/191/388 391/193/391 389/47/389
f 390/192/390 392/192/392 393/193/393
f 390/192/390 393/193/393 391/193/391
f 392/192/392 394/191/394 395/47/395
f 392/192/392 395/47/395 393/193/393
f 394/191/394 380/187/380 383/190/383
f 394/191/394 383/190/383 395/47/395
f 396/194/396 397/195/397 398/188/398
f 396/194/396 398/188/398 399/187/399
f 397/195/397 400/195/400 401/188/401
f 397/195/397 401/188/401 398/188/398
f 400/195/400 402/194/402 403/187/403
f 400/195/400 403/187/403 401/188/401
f 402/194/402 404/196/404 405/191/405
f 402/194/402 405/191/405 403/187/403
f 404/196/404 406/197/406 407/192/407
f 404/196/404 407/192/407 405/191/405
f 406/197/406 408/197/408 409/192/409
f 406/197/406 409/192/409 407/192/407
f 408/197/408 410/196/410 411/191/411
f 408/197/408 411/191/411 409/192/409
f 410/196/410 396/194/396 399/187/399
f 410/196/410 399/187/399 411/191/411
f 412/198/412 413/199/413 414/195/414
f 412/198/412 414/195/414 415/194/415
f 413/199/413 416/199/416 417/195/417
f 413/199/413 417/195/417 414/195/414
f 416/199/416 418/198/418 419/194/419
f 416/199/416 419/194/419 417/195/417
f 418/198/418 420/200/420 421/196/421
f 418/198/418 421/196/421 419/194/419
f 420/200/420 422/201/422 423/197/423
f 420/200/420 423/197/423 421/196/421
f 422/201/422 424/201/424 425/197/425
f 422/201/422 425/197/425 423/197/423
f 424/201/424 426/200/426 427/196/427
f 424/201/424 427/196/427 425/197/425
f 426/200/426 412/198/412 415/194/415
f 426/200/426 415/194/415 427/196/427
f 428/202/428 430/199/430 431/198/431
f 428/202/428 432/199/432 430/199/430
f 428/202/428 433/198/433 432/199/432
f 428/202/428 434/200/434 433/198/433
f 428/202/428 435/201/435 434/200/434
f 428/202/428 436/201/436 435/201/435
f 428/202/428 437/200/437 436/201/436
f 428/202/428 431/198/431 437/200/437
f 438/203/438 439/204/439 440/205/440
f 439/204/439 441/204/441 440/205/440
f 441/204/441 442/203/442 440/205/440
f 442/203/442 443/206/443 440/205/440
f 444/206/444 445/207/445 446/205/446
f 445/207/445 447/207/447 446/205/446
f 447/207/447 448/206/448 446/205/446
f 448/206/448 449/203/449 446/205/446
f 450/208/450 451/209/451 452/204/452
f 450/208/450 452/204/452 449/203/449
f 451/209/451 453/209/453 454/204/454
f 451/209/451 454/204/454 452/204/452
f 453/209/453 455/208/455 456/203/456
f 453/209/453 456/203/456 454/204/454
f 455/208/455 457/210/457 444/206/444
f 455/208/455 444/206/444 456/203/456
f 457/210/457 458/211/458 445/207/445
f 457/210/457 445/207/445 444/206/444
f 458/211/458 459/211/459 447/207/447
f 458/211/458 447/207/447 445/207/445
f 460/211/460 461/210/461 462/206/462
f 460/211/460 462/206/462 463/207/463
f 461/210/461 464/208/464 465/203/465
f 461/210/461 465/203/465 462/206/462
f 466/212/466 467/213/467 468/214/468
f 466/212/466 468/214/468 469/215/469
f 467/213/467 470/213/470 471/214/471
f 467/213/467 471/214/471 468/214/468
f 470/213/470 472/212/472 473/215/473
f 470/213/470 473/215/473 471/214/471
f 472/212/472 474/216/474 475/217/475
f 472/212/472 475/217/475 473/215/473
f 476/216/476 477/47/477 478/218/478
f 476/216/476 478/218/478 479/217/479
f 477/47/477 480/47/480 481/218/481
f 477/47/477 481/218/481 478/218/478
f 480/47/480 482/216/482 483/217/483
f 480/47/480 483/217/483 481/218/481
f 482/216/482 484/212/484 485/215/485
f 482/216/482 485/215/485 483/217/483
usemtl tex_799_lit_ds
f 486/219/486 487/220/487 488/47/488
f 486/219/486 488/47/488 489/221/489
f 487/220/487 490/220/490 491/47/491
f 487/220/487 491/47/491 488/47/488
f 492/220/492 493/219/493 494/221/494
f 492/220/492 494/221/494 495/47/495
f 493/219/493 496/222/496 497/223/497
f 493/219/493 497/223/497 494/221/494
f 496/222/496 498/224/498 499/225/499
f 496/222/496 499/225/499 497/223/497
f 498/224/498 500/224/500 501/226/501
f 498/224/498 501/226/501 499/225/499
f 500/224/500 502/222/502 503/223/503
f 500/224/500 503/223/503 501/226/501
f 502/222/502 504/219/504 505/221/505
f 502/222/502 505/221/505 503/223/503
usemtl tex_799_lit
f 506/227/506 507/228/507 508/229/508
f 506/227/506 508/229/508 509/230/509
f 507/228/507 510/228/510 511/229/511
f 507/228/507 511/229/511 508/229/508
f 510/228/510 512/227/512 513/230/513
f 510/228/510 513/230/513 511/229/511
f 512/227/512 514/231/514 515/232/515
f 512/227/512 515/232/515 513/230/513
f 514/231/514 516/233/516 517/234/517
f 514/231/514 517/234/517 515/232/515
f 516/233/516 518/233/518 519/234/519
f 516/233/516 519/234/519 517/234/517
f 518/233/518 520/231/520 521/232/521
f 518/233/518 521/232/521 519/234/519
f 520/231/520 506/227/506 509/230/509
f 520/231/520 509/230/509 521/232/521
f 509/230/509 508/229/508 507/228/507
f 522/230/522 523/228/523 524/227/524
f 525/229/525 526/229/526 527/228/527
f 525/229/525 527/228/527 523/228/523
f 526/229/526 528/230/528 529/227/529
f 526/229/526 529/227/529 527/228/527
f 528/230/528 530/232/530 531/231/531
f 528/230/528 531/231/531 529/227/529
f 530/232/530 532/234/532 533/233/533
f 530/232/530 533/233/533 531/231/531
f 532/234/532 534/234/534 535/233/535
f 532/234/532 535/233/535 533/233/533
f 534/234/534 536/232/536 537/231/537
f 534/234/534 537/231/537 535/233/535
f 536/232/536 522/230/522 524/227/524
f 536/232/536 524/227/524 537/231/537
f 538/203/538 539/204/539 540/205/540
f 539/204/539 541/204/541 540/205/540
f 541/204/541 542/203/542 540/205/540
f 542/203/542 543/206/543 540/205/540
f 543/206/543 544/207/544 540/205/540
f 544/207/544 545/207/545 540/205/540
f 545/207/545 546/206/546 540/205/540
f 546/206/546 538/203/538 540/205/540
f 547/208/547 548/209/548 539/204/539
f 547/208/547 539/204/539 538/203/538
f 548/209/548 549/209/549 541/204/541
f 548/209/548 541/204/541 539/204/539
f 549/209/549 550/208/550 542/203/542
f 549/209/549 542/203/542 541/204/541
f 550/208/550 551/210/551 543/206/543
f 550/208/550 543/206/543 542/203/542
f 551/210/551 552/211/552 544/207/544
f 551/210/551 544/207/544 543/206/543
f 552/211/552 553/211/553 545/207/545
f 552/211/552 545/207/545 544/207/544
f 554/211/554 555/210/555 556/206/556
f 554/211/554 556/206/556 557/207/557
f 555/210/555 558/208/558 559/203/559
f 555/210/555 559/203/559 556/206/556
f 560/212/560 561/213/561 562/214/562
f 560/212/560 562/214/562 563/215/563
f 561/213/561 564/213/564 565/214/565
f 561/213/561 565/214/565 562/214/562
f 564/213/564 566/212/566 567/215/567
f 564/213/564 567/215/567 565/214/565
f 566/212/566 568/216/568 569/217/569
f 566/212/566 569/217/569 567/215/567
f 570/216/570 571/47/571 572/218/572
f 570/216/570 572/218/572 573/217/573
f 571/47/571 574/47/574 575/218/575
f 571/47/571 575/218/575 572/218/572
f 574/47/574 576/216/576 577/217/577
f 574/47/574 577/217/577 575/218/575
f 576/216/576 578/212/578 579/215/579
f 576/216/576 579/215/579 577/217/577
usemtl tex_799_lit_ds
f 580/219/580 581/220/581 582/47/582
f 580/219/580 582/47/582 583/221/583
f 581/220/581 584/220/584 585/47/585
f 581/220/581 585/47/585 582/47/582
f 586/220/586 587/219/587 588/221/588
f 586/220/586 588/221/588 589/47/589
f 587/219/587 590/222/590 591/223/591
f 587/219/587 591/223/591 588/221/588
f 590/222/590 592/224/592 593/225/593
f 590/222/590 593/225/593 591/223/591
f 592/224/592 594/224/594 595/226/595
f 592/224/592 595/226/595 593/225/593
f 594/224/594 596/222/596 597/223/597
f 594/224/594 597/223/597 595/226/595
f 596/222/596 598/219/598 599/221/599
f 596/222/596 599/221/599 597/223/597
usemtl tex_799_lit
f 600/227/600 601/228/601 602/229/602
f 600/227/600 602/229/602 603/230/603
f 601/228/601 604/228/604 605/229/605
f 601/228/601 605/229/605 602/229/602
f 604/228/604 606/227/606 607/230/607
f 604/228/604 607/230/607 605/229/605
f 606/227/606 608/231/608 609/232/609
f 606/227/606 609/232/609 607/230/607
f 608/231/608 610/233/610 611/234/611
f 608/231/608 611/234/611 609/232/609
f 610/233/610 612/233/612 613/234/613
f 610/233/610 613/234/613 611/234/611
f 612/233/612 614/231/614 615/232/615
f 612/233/612 615/232/615 613/234/613
f 614/231/614 600/227/600 603/230/603
f 614/231/614 603/230/603 615/232/615
f 603/230/603 602/229/602 601/228/601
f 616/230/616 617/228/617 618/227/618
f 619/229/619 620/229/620 621/228/621
f 619/229/619 621/228/621 617/228/617
f 620/229/620 622/230/622 623/227/623
f 620/229/620 623/227/623 621/228/621
f 622/230/622 624/232/624 625/231/625
f 622/230/622 625/231/625 623/227/623
f 624/232/624 626/234/626 627/233/627
f 624/232/624 627/233/627 625/231/625
f 626/234/626 628/234/628 629/233/629
f 626/234/626 629/233/629 627/233/627
f 628/234/628 630/232/630 631/231/631
f 628/234/628 631/231/631 629/233/629
f 630/232/630 616/230/616 618/227/618
f 630/232/630 618/227/618 631/231/631
usemtl tex_796_lit_ovl
f 632/235/632 633/236/633 634/237/634
f 632/235/632 634/237/634 635/47/635
f 636/238/636 637/239/637 638/240/638
f 636/238/636 638/240/638 639/47/639
f 640/241/640 641/242/641 642/243/642
f 640/241/640 642/243/642 643/47/643
f 644/244/644 645/245/645 646/246/646
f 644/244/644 646/246/646 647/47/647
f 648/247/648 649/248/649 650/249/650
f 648/247/648 650/249/650 651/47/651
f 652/250/652 653/251/653 654/252/654
f 652/250/652 654/252/654 655/47/655
f 656/253/656 657/254/657 658/246/658
f 656/253/656 658/246/658 659/47/659
f 660/238/660 661/255/661 662/256/662
f 660/238/660 662/256/662 663/47/663
usemtl tex_1182_lit_ovl
f 664/257/664 665/258/665 666/48/666
f 664/257/664 666/48/666 667/259/667
usemtl tex_1182_lit
f 668/260/668 669/261/669 665/258/665
f 668/260/668 665/258/665 664/257/664
f 670/262/670 671/263/671 669/261/669
f 670/262/670 669/261/669 668/260/668
usemtl tex_1182_lit_ovl
f 672/264/672 673/265/673 671/263/671
f 672/264/672 671/263/671 670/262/670
usemtl tex_1182_lit
f 674/264/674 675/265/675 673/265/673
f 674/264/674 673/265/673 672/264/672
usemtl tex_1182_lit_ovl
f 667/259/667 666/48/666 676/266/676
f 667/259/667 676/266/676 677/267/677
usemtl tex_1182_lit
f 677/267/677 676/266/676 678/268/678
f 677/267/677 678/268/678 679/269/679
f 680/269/680 681/268/681 682/270/682
f 680/269/680 682/270/682 683/271/683
usemtl tex_1182_lit_ovl
f 683/271/683 682/270/682 684/272/684
f 683/271/683 684/272/684 685/273/685
f 685/273/685 684/272/684 686/272/686
f 685/273/685 686/272/686 687/273/687
usemtl tex_1182_lit
f 688/274/688 689/275/689 690/275/690
f 688/274/688 690/275/690 691/274/691
f 689/275/689 692/276/692 693/276/693
f 689/275/689 693/276/693 690/275/690
f 692/276/692 694/277/694 695/277/695
f 692/276/692 695/277/695 693/276/693
f 696/277/696 697/278/697 698/278/698
f 696/277/696 698/278/698 699/277/699
usemtl tex_1182_lit_ovl
f 700/274/700 701/275/701 702/279/702
f 700/274/700 702/279/702 703/280/703
usemtl tex_1182_lit
f 701/275/701 704/276/704 705/281/705
f 701/275/701 705/281/705 702/279/702
f 704/276/704 699/277/699 706/282/706
f 704/276/704 706/282/706 705/281/705
f 699/277/699 698/278/698 707/283/707
f 699/277/699 707/283/707 706/282/706
f 703/280/703 702/279/702 708/284/708
f 703/280/703 708/284/708 709/285/709
f 702/279/702 705/281/705 710/286/710
f 702/279/702 710/286/710 708/284/708
f 711/281/711 712/282/712 713/287/713
f 711/281/711 713/287/713 714/286/714
f 715/282/715 716/283/716 717/288/717
f 715/282/715 717/288/717 718/287/718
f 719/285/719 720/284/720 721/289/721
f 719/285/719 721/289/721 722/290/722
f 720/284/720 723/286/723 724/291/724
f 720/284/720 724/291/724 721/289/721
f 714/286/714 713/287/713 725/292/725
f 714/286/714 725/292/725 726/291/726
f 727/287/727 728/288/728 729/293/729
f 727/287/727 729/293/729 730/292/730
usemtl tex_1182_lit_ovl
f 731/290/731 732/289/732 733/294/733
f 731/290/731 733/294/733 734/295/734
usemtl tex_1182_lit
f 732/289/732 735/291/735 736/296/736
f 732/289/732 736/296/736 733/294/733
f 737/291/737 738/292/738 739/297/739
f 737/291/737 739/297/739 740/296/740
f 730/292/730 729/293/729 741/298/741
f 730/292/730 741/298/741 742/297/742
usemtl tex_1182_lit_ovl
f 743/295/743 744/294/744 745/299/745
f 743/295/743 745/299/745 746/300/746
usemtl tex_1182_lit
f 744/294/744 747/296/747 748/301/748
f 744/294/744 748/301/748 745/299/745
f 749/296/749 750/297/750 751/302/751
f 749/296/749 751/302/751 752/301/752
f 753/297/753 754/298/754 755/303/755
f 753/297/753 755/303/755 756/302/756
f 746/300/746 745/299/745 757/304/757
f 746/300/746 757/304/757 758/305/758
f 759/299/759 760/301/760 761/306/761
f 759/299/759 761/306/761 762/304/762
f 763/301/763 764/302/764 765/307/765
f 763/301/763 765/307/765 766/306/766
f 767/302/767 768/303/768 769/308/769
f 767/302/767 769/308/769 770/307/770
f 771/305/771 762/304/762 772/309/772
f 771/305/771 772/309/772 773/310/773
f 762/304/762 761/306/761 774/311/774
f 762/304/762 774/311/774 772/309/772
f 775/306/775 776/307/776 777/312/777
f 775/306/775 777/312/777 778/311/778
f 779/307/779 780/308/780 781/313/781
f 779/307/779 781/313/781 782/312/782
usemtl tex_1182_lit_ovl
f 783/310/783 784/309/784 785/314/785
f 783/310/783 785/314/785 786/315/786
usemtl tex_1182_lit
f 784/309/784 787/311/787 788/316/788
f 784/309/784 788/316/788 785/314/785
f 787/311/787 782/312/782 789/317/789
f 787/311/787 789/317/789 788/316/788
f 782/312/782 781/313/781 790/318/790
f 782/312/782 790/318/790 789/317/789
usemtl tex_1182_lit_ovl
f 791/315/791 792/314/792 793/314/793
f 791/315/791 793/314/793 794/315/794
usemtl tex_1182_lit
f 792/314/792 795/316/795 796/316/796
f 792/314/792 796/316/796 793/314/793
f 795/316/795 797/317/797 798/317/798
f 795/316/795 798/317/798 796/316/796
f 797/317/797 799/318/799 800/318/800
f 797/317/797 800/318/800 798/317/798
usemtl tex_1178_lit_ovl
f 801/319/801 802/320/802 803/47/803
f 801/319/801 803/47/803 804/321/804
f 805/322/805 806/323/806 802/320/802
f 805/322/805 802/320/802 801/319/801
f 807/324/807 808/325/808 809/323/809
f 807/324/807 809/323/809 810/322/810
f 811/326/811 812/327/812 808/325/808
f 811/326/811 808/325/808 807/324/807
f 813/328/813 814/329/814 812/327/812
f 813/328/813 812/327/812 811/326/811
f 815/330/815 816/331/816 817/332/817
f 818/333/818 816/331/816 815/330/815
f 819/334/819 818/333/818 815/330/815
f 820/335/820 819/334/819 815/330/815
f 821/47/821 822/336/822 820/335/820
f 821/47/821 820/335/820 815/330/815
f 823/337/823 824/338/824 825/339/825
f 826/340/826 824/338/824 823/337/823
f 827/341/827 824/338/824 826/340/826
f 824/338/824 827/341/827 828/342/828
f 824/338/824 828/342/828 829/343/829
f 824/338/824 829/343/829 830/47/830
usemtl tex_1177_lit
f 831/344/831 832/345/832 833/346/833
f 834/347/834 832/345/832 831/344/831
f 835/348/835 832/345/832 834/347/834
f 835/348/835 836/349/836 832/345/832
f 837/349/837 838/350/838 839/345/839
f 837/349/837 840/351/840 838/350/838
f 841/352/841 842/353/842 843/354/843
f 844/355/844 842/353/842 841/352/841
f 845/356/845 844/355/844 841/352/841
f 846/357/846 845/356/845 841/352/841
f 847/358/847 848/357/848 849/352/849
f 850/359/850 847/358/847 849/352/849
usemtl tex_1514_lit
f 851/47/851 852/47/852 853/47/853
f 851/47/851 853/47/853 854/47/854
usemtl tex_1514_lit_ds_ovl
f 855/47/855 856/47/856 857/47/857
f 855/47/855 857/47/857 858/47/858
usemtl tex_1514_lit
f 853/47/853 859/47/859 860/47/860
f 853/47/853 860/47/860 861/47/861
f 859/47/859 862/47/862 863/47/863
f 859/47/859 863/47/863 860/47/860
f 861/47/861 860/47/860 864/47/864
f 861/47/861 864/47/864 865/47/865
f 860/47/860 863/47/863 866/47/866
f 860/47/860 866/47/866 864/47/864
f 867/47/867 868/47/868 869/47/869
f 867/47/867 869/47/869 870/47/870
f 868/47/868 871/47/871 872/47/872
f 868/47/868 872/47/872 869/47/869
f 870/47/870 869/47/869 873/47/873
f 870/47/870 873/47/873 874/47/874
f 869/47/869 872/47/872 875/47/875
f 869/47/869 875/47/875 873/47/873
f 874/47/874 873/47/873 876/47/876
f 874/47/874 876/47/876 877/47/877
f 873/47/873 875/47/875 878/47/878
f 873/47/873 878/47/878 876/47/876
f 877/47/877 876/47/876 879/47/879
f 877/47/877 879/47/879 880/47/880
f 876/47/876 878/47/878 881/47/881
f 876/47/876 881/47/881 879/47/879
f 880/47/880 879/47/879 882/47/882
f 883/47/883 884/47/884 885/47/885
f 886/47/886 887/47/887 888/47/888
f 886/47/886 888/47/888 884/47/884
f 885/47/885 884/47/884 889/47/889
f 885/47/885 889/47/889 890/47/890
f 884/47/884 888/47/888 891/47/891
f 884/47/884 891/47/891 889/47/889
f 890/47/890 889/47/889 892/47/892
f 890/47/890 892/47/892 893/47/893
f 889/47/889 891/47/891 894/47/894
f 889/47/889 894/47/894 892/47/892
f 893/47/893 892/47/892 895/47/895
f 893/47/893 895/47/895 896/47/896
f 892/47/892 894/47/894 897/47/897
f 892/47/892 897/47/897 895/47/895
f 898/47/898 899/47/899 900/47/900
f 898/47/898 900/47/900 901/47/901
f 900/47/900 902/47/902 903/47/903
f 900/47/900 903/47/903 901/47/901
f 904/47/904 905/47/905 903/47/903
f 902/47/902 906/47/906 904/47/904
f 907/47/907 908/47/908 905/47/905
f 907/47/907 905/47/905 904/47/904
f 906/47/906 909/47/909 910/47/910
f 906/47/906 910/47/910 904/47/904
f 911/47/911 907/47/907 904/47/904
f 910/47/910 912/47/912 904/47/904
f 912/47/912 911/47/911 904/47/904
f 913/47/913 914/47/914 915/47/915
f 913/47/913 915/47/915 916/47/916
f 917/47/917 918/47/918 914/47/914
f 917/47/917 914/47/914 913/47/913
f 918/47/918 919/47/919 915/47/915
f 918/47/918 915/47/915 914/47/914
f 920/47/920 921/47/921 922/47/922
f 920/47/920 922/47/922 923/47/923
f 924/47/924 925/47/925 926/47/926
f 924/47/924 926/47/926 927/47/927
usemtl tex_1514_lit_ovl
f 928/47/928 929/47/929 930/47/930
f 928/47/928 930/47/930 931/47/931
usemtl tex_1514_lit
f 932/47/932 933/47/933 934/47/934
f 932/47/932 934/47/934 935/47/935
f 933/47/933 936/47/936 937/47/937
f 933/47/933 937/47/937 934/47/934
f 936/47/936 938/47/938 939/47/939
f 936/47/936 939/47/939 937/47/937
f 938/47/938 940/47/940 941/47/941
f 938/47/938 941/47/941 939/47/939
f 942/47/942 932/47/932 943/47/943
f 944/47/944 945/47/945 946/47/946
f 944/47/944 946/47/946 947/47/947
f 945/47/945 948/47/948 949/47/949
f 945/47/945 949/47/949 946/47/946
f 948/47/948 950/47/950 951/47/951
f 948/47/948 951/47/951 949/47/949
f 950/47/950 952/47/952 953/47/953
f 950/47/950 953/47/953 951/47/951
f 954/47/954 944/47/944 947/47/947
f 955/47/955 956/47/956 957/47/957
f 955/47/955 957/47/957 958/47/958
f 959/47/959 960/47/960 961/47/961
f 959/47/959 961/47/961 962/47/962
usemtl tex_1514_lit_ovl
f 963/47/963 964/47/964 965/47/965
f 963/47/963 966/47/966 964/47/964
f 966/47/966 967/47/967 964/47/964
f 966/47/966 968/47/968 967/47/967
f 968/47/968 969/47/969 967/47/967
f 968/47/968 970/47/970 969/47/969
f 970/47/970 971/47/971 969/47/969
f 971/47/971 972/47/972 969/47/969
f 973/47/973 972/47/972 971/47/971
f 972/47/972 974/47/974 969/47/969
f 975/47/975 976/47/976 977/47/977
f 976/47/976 978/47/978 977/47/977
f 976/47/976 979/47/979 978/47/978
f 980/47/980 981/47/981 982/47/982
f 981/47/981 983/47/983 982/47/982
f 981/47/981 984/47/984 983/47/983
f 984/47/984 985/47/985 983/47/983
f 984/47/984 986/47/986 985/47/985
f 986/47/986 987/47/987 985/47/985
f 986/47/986 988/47/988 987/47/987
f 986/47/986 989/47/989 988/47/988
f 988/47/988 989/47/989 990/47/990
f 991/47/991 992/47/992 993/47/993
f 992/47/992 994/47/994 993/47/993
f 992/47/992 995/47/995 994/47/994
f 995/47/995 996/47/996 994/47/994
usemtl tex_1514_lit
f 997/47/997 998/47/998 999/47/999
f 997/47/997 999/47/999 1000/47/1000
f 998/47/998 1001/47/1001 1002/47/1002
f 998/47/998 1002/47/1002 999/47/999
f 1003/47/1003 1004/47/1004 997/47/997
f 1003/47/1003 997/47/997 1000/47/1000
f 1005/47/1005 1006/47/1006 1007/47/1007
f 1005/47/1005 1007/47/1007 1008/47/1008
f 1006/47/1006 1009/47/1009 1010/47/1010
f 1006/47/1006 1010/47/1010 1007/47/1007
f 1011/47/1011 1012/47/1012 1005/47/1005
f 1011/47/1011 1005/47/1005 1008/47/1008
usemtl tex_585_lit_w11
f 1013/47/1013 1014/48/1014 1015/360/1015
f 1013/47/1013 1015/360/1015 1016/361/1016
usemtl tex_991_lit_w11
f 1017/47/1017 1018/48/1018 1019/360/1019
f 1017/47/1017 1019/360/1019 1020/361/1020
usemtl tex_799_lit
f 1021/362/1021 1022/363/1022 1023/364/1023
f 1021/362/1021 1023/364/1023 1024/365/1024
usemtl tex_799_lit_ovl
f 1022/363/1022 1025/366/1025 1026/367/1026
f 1022/363/1022 1026/367/1026 1023/364/1023
f 1025/366/1025 1027/368/1027 1028/369/1028
f 1025/366/1025 1028/369/1028 1026/367/1026
usemtl tex_799_lit
f 1027/368/1027 1029/370/1029 1030/371/1030
f 1027/368/1027 1030/371/1030 1028/369/1028
f 1024/365/1024 1031/364/1031 1032/363/1032
f 1024/365/1024 1032/363/1032 1021/362/1021
usemtl tex_799_lit_ovl
f 1031/364/1031 1033/367/1033 1034/366/1034
f 1031/364/1031 1034/366/1034 1032/363/1032
f 1033/367/1033 1035/369/1035 1036/368/1036
f 1033/367/1033 1036/368/1036 1034/366/1034
usemtl tex_799_lit
f 1037/369/1037 1038/371/1038 1039/370/1039
f 1037/369/1037 1039/370/1039 1040/368/1040
