mtllib Pst_pete_room_5cZ.mtl
v 1000.0 -1146.0 1021.0 1.000 1.000 1.000
v 1000.0 -1146.0 3021.0 1.000 1.000 1.000
v 2000.0 -1146.0 1771.0 1.000 1.000 1.000
v 2000.0 -1146.0 3021.0 1.000 1.000 1.000
v 1958.0 -1146.0 1021.0 1.000 1.000 1.000
v 3000.0 -1146.0 1021.0 1.000 1.000 1.000
v 3000.0 -1146.0 1771.0 1.000 1.000 1.000
v 3000.0 -1146.0 -979.0 1.000 1.000 1.000
v 3000.0 -1146.0 -2188.0 1.000 1.000 1.000
v 1958.0 -1146.0 -979.0 1.000 1.000 1.000
v 917.0 -1146.0 -2188.0 1.000 1.000 1.000
v 917.0 -1146.0 -979.0 1.000 1.000 1.000
v -42.0 -1146.0 -2188.0 1.000 1.000 1.000
v -1000.0 -1146.0 -979.0 1.000 1.000 1.000
v -1958.0 -1146.0 63.0 1.000 1.000 1.000
v -1000.0 -1146.0 21.0 1.000 1.000 1.000
v -1958.0 -1146.0 -2188.0 1.000 1.000 1.000
v -1958.0 -1146.0 63.0 1.000 1.000 1.000
v -1000.0 -1146.0 -979.0 1.000 1.000 1.000
v -42.0 -1146.0 -2188.0 1.000 1.000 1.000
v -42.0 -1146.0 -2771.0 1.000 1.000 1.000
v -583.0 -1146.0 -2771.0 1.000 1.000 1.000
v -42.0 -1146.0 -2188.0 1.000 1.000 1.000
v -583.0 -1146.0 -2771.0 1.000 1.000 1.000
v -1958.0 -1146.0 -2771.0 1.000 1.000 1.000
v -2208.0 -1146.0 896.0 1.000 1.000 1.000
v -1000.0 -1146.0 1521.0 1.000 1.000 1.000
v -1000.0 -1146.0 21.0 1.000 1.000 1.000
v -2208.0 -1146.0 1896.0 1.000 1.000 1.000
v -1000.0 -1146.0 3021.0 1.000 1.000 1.000
v -2208.0 -1146.0 62.0 1.000 1.000 1.000
v -2208.0 -1146.0 896.0 1.000 1.000 1.000
v -1958.0 -1146.0 63.0 1.000 1.000 1.000
v -2208.0 -1146.0 896.0 1.000 1.000 1.000
v -1000.0 -1146.0 21.0 1.000 1.000 1.000
v -1958.0 -1146.0 63.0 1.000 1.000 1.000
v -2000.0 -1146.0 3021.0 1.000 1.000 1.000
v -2208.0 -1146.0 1896.0 1.000 1.000 1.000
v -2208.0 -1146.0 3021.0 1.000 1.000 1.000
v -1000.0 -1146.0 3021.0 1.000 1.000 1.000
v -2000.0 -854.0 -2979.0 1.000 1.000 1.000
v -2000.0 -271.0 -2979.0 1.000 1.000 1.000
v -2000.0 -271.0 21.0 1.000 1.000 1.000
v -2000.0 -854.0 21.0 1.000 1.000 1.000
v -2000.0 -854.0 21.0 1.000 1.000 1.000
v -2000.0 -271.0 21.0 1.000 1.000 1.000
v -3125.0 -271.0 21.0 1.000 1.000 1.000
v -3125.0 -854.0 21.0 1.000 1.000 1.000
v 2000.0 -937.0 3021.0 1.000 1.000 1.000
v 2000.0 -396.0 3021.0 1.000 1.000 1.000
v 2000.0 -396.0 1771.0 1.000 1.000 1.000
v 2000.0 -937.0 1771.0 1.000 1.000 1.000
v 2000.0 -937.0 1771.0 1.000 1.000 1.000
v 2000.0 -396.0 1771.0 1.000 1.000 1.000
v 3000.0 -396.0 1771.0 1.000 1.000 1.000
v 3000.0 -938.0 1771.0 1.000 1.000 1.000
v 3000.0 -938.0 1771.0 1.000 1.000 1.000
v 3000.0 -396.0 1771.0 1.000 1.000 1.000
v 3000.0 -396.0 3021.0 1.000 1.000 1.000
v 3000.0 -938.0 3021.0 1.000 1.000 1.000
v 3000.0 -938.0 3021.0 1.000 1.000 1.000
v 3000.0 -396.0 3021.0 1.000 1.000 1.000
v 2000.0 -396.0 3021.0 1.000 1.000 1.000
v 2000.0 -937.0 3021.0 1.000 1.000 1.000
v -2000.0 -271.0 21.0 1.000 1.000 1.000
v -1958.0 -229.0 63.0 1.000 1.000 1.000
v -3125.0 -229.0 63.0 1.000 1.000 1.000
v -3125.0 -271.0 21.0 1.000 1.000 1.000
v -2000.0 354.0 21.0 1.000 1.000 1.000
v -1958.0 396.0 63.0 1.000 1.000 1.000
v -3125.0 396.0 63.0 1.000 1.000 1.000
v -3125.0 354.0 21.0 1.000 1.000 1.000
v -2000.0 -271.0 -2979.0 1.000 1.000 1.000
v -1958.0 -229.0 -3021.0 1.000 1.000 1.000
v -1958.0 -229.0 63.0 1.000 1.000 1.000
v -2000.0 -271.0 21.0 1.000 1.000 1.000
v -2000.0 354.0 -2979.0 1.000 1.000 1.000
v -1958.0 396.0 -3021.0 1.000 1.000 1.000
v -1958.0 396.0 63.0 1.000 1.000 1.000
v -2000.0 354.0 21.0 1.000 1.000 1.000
v -125.0 979.0 -2771.0 1.000 1.000 1.000
v -83.0 1062.0 -2688.0 1.000 1.000 1.000
v -2000.0 1062.0 -2688.0 1.000 1.000 1.000
v -2000.0 979.0 -2771.0 1.000 1.000 1.000
v 0.0 979.0 -2771.0 1.000 1.000 1.000
v 0.0 1062.0 -2688.0 1.000 1.000 1.000
v -83.0 1062.0 -2688.0 1.000 1.000 1.000
v -125.0 979.0 -2771.0 1.000 1.000 1.000
v 2000.0 979.0 3021.0 1.000 1.000 1.000
v 1917.0 1062.0 3104.0 1.000 1.000 1.000
v 1917.0 1062.0 1687.0 1.000 1.000 1.000
v 2000.0 979.0 1771.0 1.000 1.000 1.000
v 2000.0 979.0 1771.0 1.000 1.000 1.000
v 1917.0 1062.0 1687.0 1.000 1.000 1.000
v 3083.0 1062.0 1687.0 1.000 1.000 1.000
v 3000.0 979.0 1771.0 1.000 1.000 1.000
v 3000.0 979.0 1771.0 1.000 1.000 1.000
v 3083.0 1062.0 1687.0 1.000 1.000 1.000
v 3083.0 1062.0 3104.0 1.000 1.000 1.000
v 3000.0 979.0 3021.0 1.000 1.000 1.000
v 3000.0 979.0 3021.0 1.000 1.000 1.000
v 3083.0 1062.0 3104.0 1.000 1.000 1.000
v 1917.0 1062.0 3104.0 1.000 1.000 1.000
v 2000.0 979.0 3021.0 1.000 1.000 1.000
v -2917.0 1104.0 3062.0 1.000 1.000 1.000
v -2917.0 1021.0 3062.0 1.000 1.000 1.000
v -2208.0 1021.0 3062.0 1.000 1.000 1.000
v -2208.0 1104.0 3062.0 1.000 1.000 1.000
v -2917.0 313.0 3104.0 1.000 1.000 1.000
v -2917.0 229.0 3021.0 1.000 1.000 1.000
v -2250.0 229.0 3021.0 1.000 1.000 1.000
v -2167.0 313.0 3104.0 1.000 1.000 1.000
v -2208.0 1021.0 119.0 1.000 1.000 1.000
v -2208.0 1104.0 83.0 1.000 1.000 1.000
v -2208.0 1104.0 3062.0 1.000 1.000 1.000
v -2208.0 1021.0 2979.0 1.000 1.000 1.000
v -2208.0 1021.0 3062.0 1.000 1.000 1.000
v -2250.0 229.0 396.0 1.000 1.000 1.000
v -2167.0 313.0 354.0 1.000 1.000 1.000
v -2167.0 313.0 2699.0 1.000 1.000 1.000
v -2250.0 229.0 2604.0 1.000 1.000 1.000
v -2167.0 313.0 3104.0 1.000 1.000 1.000
v -2250.0 229.0 3021.0 1.000 1.000 1.000
v -2208.0 1021.0 21.0 1.000 1.000 1.000
v -2208.0 1104.0 21.0 1.000 1.000 1.000
v -2208.0 1104.0 83.0 1.000 1.000 1.000
v -2208.0 1021.0 119.0 1.000 1.000 1.000
v -2250.0 229.0 21.0 1.000 1.000 1.000
v -2167.0 313.0 21.0 1.000 1.000 1.000
v -2167.0 313.0 354.0 1.000 1.000 1.000
v -2250.0 229.0 396.0 1.000 1.000 1.000
v -1958.0 -896.0 63.0 1.000 1.000 1.000
v -2000.0 -854.0 21.0 1.000 1.000 1.000
v -3125.0 -854.0 21.0 1.000 1.000 1.000
v -3125.0 -896.0 63.0 1.000 1.000 1.000
v -1958.0 -896.0 -3021.0 1.000 1.000 1.000
v -2000.0 -854.0 -2979.0 1.000 1.000 1.000
v -2000.0 -854.0 21.0 1.000 1.000 1.000
v -1958.0 -896.0 63.0 1.000 1.000 1.000
v -265.0 271.0 -2771.0 1.000 1.000 1.000
v -265.0 313.0 -2729.0 1.000 1.000 1.000
v -2000.0 313.0 -2729.0 1.000 1.000 1.000
v -2000.0 271.0 -2771.0 1.000 1.000 1.000
v -125.0 937.0 -2771.0 1.000 1.000 1.000
v -125.0 979.0 -2771.0 1.000 1.000 1.000
v -2000.0 979.0 -2771.0 1.000 1.000 1.000
v -2000.0 937.0 -2771.0 1.000 1.000 1.000
v 0.0 271.0 -2771.0 1.000 1.000 1.000
v 0.0 313.0 -2729.0 1.000 1.000 1.000
v -265.0 313.0 -2729.0 1.000 1.000 1.000
v -265.0 271.0 -2771.0 1.000 1.000 1.000
v 0.0 937.0 -2771.0 1.000 1.000 1.000
v 0.0 979.0 -2771.0 1.000 1.000 1.000
v -125.0 979.0 -2771.0 1.000 1.000 1.000
v -125.0 937.0 -2771.0 1.000 1.000 1.000
v 2000.0 229.0 3021.0 1.000 1.000 1.000
v 2000.0 271.0 3021.0 1.000 1.000 1.000
v 2000.0 271.0 1771.0 1.000 1.000 1.000
v 2000.0 229.0 1771.0 1.000 1.000 1.000
v 2000.0 937.0 3021.0 1.000 1.000 1.000
v 2000.0 979.0 3021.0 1.000 1.000 1.000
v 2000.0 979.0 1771.0 1.000 1.000 1.000
v 2000.0 937.0 1771.0 1.000 1.000 1.000
v 2000.0 229.0 1771.0 1.000 1.000 1.000
v 2000.0 271.0 1771.0 1.000 1.000 1.000
v 3000.0 271.0 1771.0 1.000 1.000 1.000
v 3000.0 229.0 1771.0 1.000 1.000 1.000
v 2000.0 937.0 1771.0 1.000 1.000 1.000
v 2000.0 979.0 1771.0 1.000 1.000 1.000
v 3000.0 979.0 1771.0 1.000 1.000 1.000
v 3000.0 937.0 1771.0 1.000 1.000 1.000
v 0.0 271.0 -2229.0 1.000 1.000 1.000
v -42.0 313.0 -2188.0 1.000 1.000 1.000
v -42.0 313.0 -3021.0 1.000 1.000 1.000
v 0.0 271.0 -2979.0 1.000 1.000 1.000
v 0.0 979.0 -2229.0 1.000 1.000 1.000
v -83.0 1062.0 -2146.0 1.000 1.000 1.000
v -83.0 1062.0 -3063.0 1.000 1.000 1.000
v 0.0 979.0 -2979.0 1.000 1.000 1.000
v -42.0 -312.0 -2188.0 1.000 1.000 1.000
v -42.0 -312.0 -3021.0 1.000 1.000 1.000
v -42.0 -354.0 -3021.0 1.000 1.000 1.000
v -42.0 -354.0 -2188.0 1.000 1.000 1.000
v -125.0 1146.0 -2104.0 1.000 1.000 1.000
v -125.0 1146.0 -3104.0 1.000 1.000 1.000
v -83.0 1104.0 -3063.0 1.000 1.000 1.000
v -83.0 1104.0 -2146.0 1.000 1.000 1.000
v 3000.0 271.0 -2979.0 1.000 1.000 1.000
v 3042.0 312.0 -3021.0 1.000 1.000 1.000
v 3042.0 312.0 -2188.0 1.000 1.000 1.000
v 3000.0 271.0 -2229.0 1.000 1.000 1.000
v 3000.0 979.0 -2979.0 1.000 1.000 1.000
v 3083.0 1062.0 -3063.0 1.000 1.000 1.000
v 3083.0 1062.0 -2146.0 1.000 1.000 1.000
v 3000.0 979.0 -2229.0 1.000 1.000 1.000
v 3042.0 -313.0 -3021.0 1.000 1.000 1.000
v 3042.0 -313.0 -2188.0 1.000 1.000 1.000
v 3042.0 -354.0 -2188.0 1.000 1.000 1.000
v 3042.0 -354.0 -3021.0 1.000 1.000 1.000
v 3125.0 1146.0 -3104.0 1.000 1.000 1.000
v 3125.0 1146.0 -2104.0 1.000 1.000 1.000
v 3083.0 1104.0 -2146.0 1.000 1.000 1.000
v 3083.0 1104.0 -3063.0 1.000 1.000 1.000
v 3000.0 271.0 -2229.0 1.000 1.000 1.000
v 3042.0 312.0 -2188.0 1.000 1.000 1.000
v -42.0 313.0 -2188.0 1.000 1.000 1.000
v 0.0 271.0 -2229.0 1.000 1.000 1.000
v 3000.0 979.0 -2229.0 1.000 1.000 1.000
v 3083.0 1062.0 -2146.0 1.000 1.000 1.000
v -83.0 1062.0 -2146.0 1.000 1.000 1.000
v 0.0 979.0 -2229.0 1.000 1.000 1.000
v 3042.0 -313.0 -2188.0 1.000 1.000 1.000
v -42.0 -312.0 -2188.0 1.000 1.000 1.000
v -42.0 -354.0 -2188.0 1.000 1.000 1.000
v 3042.0 -354.0 -2188.0 1.000 1.000 1.000
v 3125.0 1146.0 -2104.0 1.000 1.000 1.000
v -125.0 1146.0 -2104.0 1.000 1.000 1.000
v -83.0 1104.0 -2146.0 1.000 1.000 1.000
v 3083.0 1104.0 -2146.0 1.000 1.000 1.000
v 3000.0 229.0 1771.0 1.000 1.000 1.000
v 3000.0 271.0 1771.0 1.000 1.000 1.000
v 3000.0 271.0 3021.0 1.000 1.000 1.000
v 3000.0 229.0 3021.0 1.000 1.000 1.000
v 3000.0 937.0 1771.0 1.000 1.000 1.000
v 3000.0 979.0 1771.0 1.000 1.000 1.000
v 3000.0 979.0 3021.0 1.000 1.000 1.000
v 3000.0 937.0 3021.0 1.000 1.000 1.000
v 3000.0 229.0 3021.0 1.000 1.000 1.000
v 3000.0 271.0 3021.0 1.000 1.000 1.000
v 2000.0 271.0 3021.0 1.000 1.000 1.000
v 2000.0 229.0 3021.0 1.000 1.000 1.000
v 3000.0 937.0 3021.0 1.000 1.000 1.000
v 3000.0 979.0 3021.0 1.000 1.000 1.000
v 2000.0 979.0 3021.0 1.000 1.000 1.000
v 2000.0 937.0 3021.0 1.000 1.000 1.000
v -2000.0 313.0 21.0 1.000 1.000 1.000
v -2000.0 354.0 21.0 1.000 1.000 1.000
v -3125.0 354.0 21.0 1.000 1.000 1.000
v -3125.0 313.0 21.0 1.000 1.000 1.000
v -2000.0 313.0 -2979.0 1.000 1.000 1.000
v -2000.0 354.0 -2979.0 1.000 1.000 1.000
v -2000.0 354.0 21.0 1.000 1.000 1.000
v -2000.0 313.0 21.0 1.000 1.000 1.000
v 1917.0 1062.0 3104.0 1.000 1.000 1.000
v 1917.0 1104.0 3104.0 1.000 1.000 1.000
v 1917.0 1104.0 1687.0 1.000 1.000 1.000
v 1917.0 1062.0 1687.0 1.000 1.000 1.000
v 1917.0 1062.0 1687.0 1.000 1.000 1.000
v 1917.0 1104.0 1687.0 1.000 1.000 1.000
v 3083.0 1104.0 1687.0 1.000 1.000 1.000
v 3083.0 1062.0 1687.0 1.000 1.000 1.000
v 0.0 -437.0 -2229.0 1.000 1.000 1.000
v 0.0 -396.0 -2229.0 1.000 1.000 1.000
v 0.0 -396.0 -2979.0 1.000 1.000 1.000
v 0.0 -437.0 -2979.0 1.000 1.000 1.000
v -125.0 1187.0 -2104.0 1.000 1.000 1.000
v -125.0 1187.0 -3104.0 1.000 1.000 1.000
v -125.0 1146.0 -3104.0 1.000 1.000 1.000
v -125.0 1146.0 -2104.0 1.000 1.000 1.000
v 3000.0 -438.0 -2979.0 1.000 1.000 1.000
v 3000.0 -396.0 -2979.0 1.000 1.000 1.000
v 3000.0 -396.0 -2229.0 1.000 1.000 1.000
v 3000.0 -438.0 -2229.0 1.000 1.000 1.000
v 3125.0 1187.0 -3104.0 1.000 1.000 1.000
v 3125.0 1187.0 -2104.0 1.000 1.000 1.000
v 3125.0 1146.0 -2104.0 1.000 1.000 1.000
v 3125.0 1146.0 -3104.0 1.000 1.000 1.000
v 3000.0 -438.0 -2229.0 1.000 1.000 1.000
v 3000.0 -396.0 -2229.0 1.000 1.000 1.000
v 0.0 -396.0 -2229.0 1.000 1.000 1.000
v 0.0 -437.0 -2229.0 1.000 1.000 1.000
v 3125.0 1187.0 -2104.0 1.000 1.000 1.000
v -125.0 1187.0 -2104.0 1.000 1.000 1.000
v -125.0 1146.0 -2104.0 1.000 1.000 1.000
v 3125.0 1146.0 -2104.0 1.000 1.000 1.000
v 3083.0 1062.0 1687.0 1.000 1.000 1.000
v 3083.0 1104.0 1687.0 1.000 1.000 1.000
v 3083.0 1104.0 3104.0 1.000 1.000 1.000
v 3083.0 1062.0 3104.0 1.000 1.000 1.000
v 3083.0 1062.0 3104.0 1.000 1.000 1.000
v 3083.0 1104.0 3104.0 1.000 1.000 1.000
v 1917.0 1104.0 3104.0 1.000 1.000 1.000
v 1917.0 1062.0 3104.0 1.000 1.000 1.000
v -2000.0 -271.0 21.0 1.000 1.000 1.000
v -2000.0 313.0 21.0 1.000 1.000 1.000
v -3125.0 313.0 21.0 1.000 1.000 1.000
v -3125.0 -271.0 21.0 1.000 1.000 1.000
v -2000.0 396.0 21.0 1.000 1.000 1.000
v -2000.0 1062.0 21.0 1.000 1.000 1.000
v -3125.0 1062.0 21.0 1.000 1.000 1.000
v -3125.0 396.0 21.0 1.000 1.000 1.000
v -2000.0 -271.0 -2979.0 1.000 1.000 1.000
v -2000.0 313.0 -2979.0 1.000 1.000 1.000
v -2000.0 313.0 21.0 1.000 1.000 1.000
v -2000.0 -271.0 21.0 1.000 1.000 1.000
v -2000.0 396.0 -2979.0 1.000 1.000 1.000
v -2000.0 1062.0 -2979.0 1.000 1.000 1.000
v -2000.0 1062.0 21.0 1.000 1.000 1.000
v -2000.0 396.0 21.0 1.000 1.000 1.000
v -1292.0 -937.0 -2771.0 1.000 1.000 1.000
v -1292.0 -396.0 -2771.0 1.000 1.000 1.000
v -2000.0 -396.0 -2771.0 1.000 1.000 1.000
v -2000.0 -937.0 -2771.0 1.000 1.000 1.000
v -436.0 -396.0 -2771.0 1.000 1.000 1.000
v -417.0 -354.0 -2771.0 1.000 1.000 1.000
v -2000.0 -354.0 -2771.0 1.000 1.000 1.000
v 0.0 -937.0 -2771.0 1.000 1.000 1.000
v 0.0 -396.0 -2771.0 1.000 1.000 1.000
v -436.0 -396.0 -2771.0 1.000 1.000 1.000
v -542.0 -937.0 -2771.0 1.000 1.000 1.000
v 0.0 -354.0 -2771.0 1.000 1.000 1.000
v -417.0 -354.0 -2771.0 1.000 1.000 1.000
v -1250.0 -437.0 -2813.0 1.000 1.000 1.000
v -1292.0 -396.0 -2771.0 1.000 1.000 1.000
v -1292.0 -937.0 -2771.0 1.000 1.000 1.000
v -1250.0 -437.0 -2813.0 1.000 1.000 1.000
v -1292.0 -937.0 -2771.0 1.000 1.000 1.000
v -1250.0 -937.0 -2813.0 1.000 1.000 1.000
v -750.0 -437.0 -2813.0 1.000 1.000 1.000
v -708.0 -396.0 -2771.0 1.000 1.000 1.000
v -1292.0 -396.0 -2771.0 1.000 1.000 1.000
v -1250.0 -437.0 -2813.0 1.000 1.000 1.000
v -750.0 -937.0 -2813.0 1.000 1.000 1.000
v -708.0 -937.0 -2771.0 1.000 1.000 1.000
v -750.0 -437.0 -2813.0 1.000 1.000 1.000
v -708.0 -937.0 -2771.0 1.000 1.000 1.000
v -542.0 -937.0 -2771.0 1.000 1.000 1.000
v -436.0 -396.0 -2771.0 1.000 1.000 1.000
v -708.0 -396.0 -2771.0 1.000 1.000 1.000
v 0.0 -896.0 -2229.0 1.000 1.000 1.000
v 0.0 -437.0 -2229.0 1.000 1.000 1.000
v 0.0 -437.0 -2979.0 1.000 1.000 1.000
v 0.0 -896.0 -2979.0 1.000 1.000 1.000
v 0.0 313.0 -2229.0 1.000 1.000 1.000
v 0.0 896.0 -2229.0 1.000 1.000 1.000
v 0.0 896.0 -2979.0 1.000 1.000 1.000
v 0.0 313.0 -2979.0 1.000 1.000 1.000
v 3000.0 -896.0 -2979.0 1.000 1.000 1.000
v 3000.0 -438.0 -2979.0 1.000 1.000 1.000
v 3000.0 -438.0 -2229.0 1.000 1.000 1.000
v 3000.0 -896.0 -2229.0 1.000 1.000 1.000
v 3000.0 312.0 -2979.0 1.000 1.000 1.000
v 3000.0 896.0 -2979.0 1.000 1.000 1.000
v 3000.0 896.0 -2229.0 1.000 1.000 1.000
v 3000.0 312.0 -2229.0 1.000 1.000 1.000
v 3000.0 -896.0 -2229.0 1.000 1.000 1.000
v 3000.0 -438.0 -2229.0 1.000 1.000 1.000
v 0.0 -437.0 -2229.0 1.000 1.000 1.000
v 0.0 -896.0 -2229.0 1.000 1.000 1.000
v 3000.0 312.0 -2229.0 1.000 1.000 1.000
v 3000.0 896.0 -2229.0 1.000 1.000 1.000
v 0.0 896.0 -2229.0 1.000 1.000 1.000
v 0.0 313.0 -2229.0 1.000 1.000 1.000
v -2917.0 896.0 3021.0 1.000 1.000 1.000
v -2917.0 313.0 3021.0 1.000 1.000 1.000
v -2250.0 313.0 3021.0 1.000 1.000 1.000
v -2250.0 896.0 3021.0 1.000 1.000 1.000
v -2250.0 313.0 354.0 1.000 1.000 1.000
v -2250.0 896.0 229.0 1.000 1.000 1.000
v -2250.0 896.0 2918.0 1.000 1.000 1.000
v -2250.0 313.0 2699.0 1.000 1.000 1.000
v -2250.0 313.0 2699.0 1.000 1.000 1.000
v -2250.0 896.0 2918.0 1.000 1.000 1.000
v -2250.0 896.0 3021.0 1.000 1.000 1.000
v -2250.0 313.0 3021.0 1.000 1.000 1.000
v -2250.0 313.0 21.0 1.000 1.000 1.000
v -2250.0 896.0 21.0 1.000 1.000 1.000
v -2250.0 896.0 229.0 1.000 1.000 1.000
v -2250.0 313.0 354.0 1.000 1.000 1.000
v -2917.0 -438.0 3021.0 1.000 1.000 1.000
v -2917.0 -896.0 3021.0 1.000 1.000 1.000
v -2250.0 -896.0 3021.0 1.000 1.000 1.000
v -2250.0 -438.0 3021.0 1.000 1.000 1.000
v -2250.0 -896.0 820.0 1.000 1.000 1.000
v -2250.0 -437.0 659.0 1.000 1.000 1.000
v -2250.0 -437.0 2188.0 1.000 1.000 1.000
v -2250.0 -896.0 1979.0 1.000 1.000 1.000
v -2250.0 -896.0 1979.0 1.000 1.000 1.000
v -2250.0 -437.0 2188.0 1.000 1.000 1.000
v -2250.0 -438.0 3021.0 1.000 1.000 1.000
v -2250.0 -896.0 3021.0 1.000 1.000 1.000
v -2250.0 -896.0 21.0 1.000 1.000 1.000
v -2250.0 -437.0 21.0 1.000 1.000 1.000
v -2250.0 -437.0 659.0 1.000 1.000 1.000
v -2250.0 -896.0 820.0 1.000 1.000 1.000
v -1958.0 -1146.0 63.0 1.000 1.000 1.000
v -1958.0 -896.0 63.0 1.000 1.000 1.000
v -3125.0 -896.0 63.0 1.000 1.000 1.000
v -3125.0 -1146.0 63.0 1.000 1.000 1.000
v -1958.0 -1146.0 -3021.0 1.000 1.000 1.000
v -1958.0 -896.0 -3021.0 1.000 1.000 1.000
v -1958.0 -896.0 63.0 1.000 1.000 1.000
v -1958.0 -1146.0 63.0 1.000 1.000 1.000
v -417.0 -354.0 -2771.0 1.000 1.000 1.000
v -282.0 229.0 -2771.0 1.000 1.000 1.000
v -2000.0 229.0 -2771.0 1.000 1.000 1.000
v -2000.0 -354.0 -2771.0 1.000 1.000 1.000
v -265.0 313.0 -2771.0 1.000 1.000 1.000
v -125.0 937.0 -2771.0 1.000 1.000 1.000
v -2000.0 937.0 -2771.0 1.000 1.000 1.000
v -2000.0 313.0 -2771.0 1.000 1.000 1.000
v 0.0 -354.0 -2771.0 1.000 1.000 1.000
v 0.0 229.0 -2771.0 1.000 1.000 1.000
v -282.0 229.0 -2771.0 1.000 1.000 1.000
v -417.0 -354.0 -2771.0 1.000 1.000 1.000
v 0.0 313.0 -2771.0 1.000 1.000 1.000
v 0.0 937.0 -2771.0 1.000 1.000 1.000
v -125.0 937.0 -2771.0 1.000 1.000 1.000
v -265.0 313.0 -2771.0 1.000 1.000 1.000
v 2000.0 -354.0 3021.0 1.000 1.000 1.000
v 2000.0 229.0 3021.0 1.000 1.000 1.000
v 2000.0 229.0 1771.0 1.000 1.000 1.000
v 2000.0 -354.0 1771.0 1.000 1.000 1.000
v 2000.0 312.0 3021.0 1.000 1.000 1.000
v 2000.0 937.0 3021.0 1.000 1.000 1.000
v 2000.0 937.0 1771.0 1.000 1.000 1.000
v 2000.0 312.0 1771.0 1.000 1.000 1.000
v 2000.0 -354.0 1771.0 1.000 1.000 1.000
v 2000.0 229.0 1771.0 1.000 1.000 1.000
v 3000.0 229.0 1771.0 1.000 1.000 1.000
v 3000.0 -354.0 1771.0 1.000 1.000 1.000
v 2000.0 312.0 1771.0 1.000 1.000 1.000
v 2000.0 937.0 1771.0 1.000 1.000 1.000
v 3000.0 937.0 1771.0 1.000 1.000 1.000
v 3000.0 312.0 1771.0 1.000 1.000 1.000
v 3000.0 -354.0 1771.0 1.000 1.000 1.000
v 3000.0 229.0 1771.0 1.000 1.000 1.000
v 3000.0 229.0 3021.0 1.000 1.000 1.000
v 3000.0 -354.0 3021.0 1.000 1.000 1.000
v 3000.0 312.0 1771.0 1.000 1.000 1.000
v 3000.0 937.0 1771.0 1.000 1.000 1.000
v 3000.0 937.0 3021.0 1.000 1.000 1.000
v 3000.0 312.0 3021.0 1.000 1.000 1.000
v 3000.0 -354.0 3021.0 1.000 1.000 1.000
v 3000.0 229.0 3021.0 1.000 1.000 1.000
v 2000.0 229.0 3021.0 1.000 1.000 1.000
v 2000.0 -354.0 3021.0 1.000 1.000 1.000
v 3000.0 312.0 3021.0 1.000 1.000 1.000
v 3000.0 937.0 3021.0 1.000 1.000 1.000
v 2000.0 937.0 3021.0 1.000 1.000 1.000
v 2000.0 312.0 3021.0 1.000 1.000 1.000
v 1000.0 -1146.0 1021.0 1.000 1.000 1.000
v 917.0 -1146.0 937.0 1.000 1.000 1.000
v 917.0 -1146.0 3021.0 1.000 1.000 1.000
v 1000.0 -1146.0 3021.0 1.000 1.000 1.000
v 1958.0 -1146.0 1021.0 1.000 1.000 1.000
v 1958.0 -1146.0 937.0 1.000 1.000 1.000
v 917.0 -1146.0 937.0 1.000 1.000 1.000
v 1000.0 -1146.0 1021.0 1.000 1.000 1.000
v 3000.0 -1146.0 1021.0 1.000 1.000 1.000
v 3000.0 -1146.0 937.0 1.000 1.000 1.000
v 3000.0 -1187.0 937.0 1.000 1.000 1.000
v 1958.0 -1187.0 937.0 1.000 1.000 1.000
v 1958.0 -1146.0 937.0 1.000 1.000 1.000
v 3000.0 -1146.0 937.0 1.000 1.000 1.000
v 917.0 -1187.0 937.0 1.000 1.000 1.000
v 917.0 -1146.0 937.0 1.000 1.000 1.000
v 917.0 -1187.0 937.0 1.000 1.000 1.000
v 917.0 -1187.0 3021.0 1.000 1.000 1.000
v 917.0 -1146.0 3021.0 1.000 1.000 1.000
v 917.0 -1146.0 937.0 1.000 1.000 1.000
v -917.0 -1187.0 21.0 1.000 1.000 1.000
v -917.0 -1187.0 -896.0 1.000 1.000 1.000
v -917.0 -1146.0 -896.0 1.000 1.000 1.000
v -917.0 -1146.0 21.0 1.000 1.000 1.000
v -917.0 -1187.0 -896.0 1.000 1.000 1.000
v 917.0 -1187.0 -896.0 1.000 1.000 1.000
v 917.0 -1146.0 -896.0 1.000 1.000 1.000
v -917.0 -1146.0 -896.0 1.000 1.000 1.000
v 1958.0 -1187.0 -896.0 1.000 1.000 1.000
v 1958.0 -1146.0 -896.0 1.000 1.000 1.000
v 3000.0 -1187.0 -896.0 1.000 1.000 1.000
v 3000.0 -1146.0 -896.0 1.000 1.000 1.000
v -917.0 -1146.0 -896.0 1.000 1.000 1.000
v -1000.0 -1146.0 -979.0 1.000 1.000 1.000
v -1000.0 -1146.0 21.0 1.000 1.000 1.000
v -917.0 -1146.0 21.0 1.000 1.000 1.000
v 917.0 -1146.0 -896.0 1.000 1.000 1.000
v 917.0 -1146.0 -979.0 1.000 1.000 1.000
v -1000.0 -1146.0 -979.0 1.000 1.000 1.000
v -917.0 -1146.0 -896.0 1.000 1.000 1.000
v 1958.0 -1146.0 -896.0 1.000 1.000 1.000
v 1958.0 -1146.0 -979.0 1.000 1.000 1.000
v 3000.0 -1146.0 -896.0 1.000 1.000 1.000
v 3000.0 -1146.0 -979.0 1.000 1.000 1.000
v -1292.0 -1146.0 -2813.0 1.000 1.000 1.000
v -1292.0 -1146.0 -2729.0 1.000 1.000 1.000
v -1292.0 -1104.0 -2729.0 1.000 1.000 1.000
v -1292.0 -1104.0 -2813.0 1.000 1.000 1.000
v -708.0 -1104.0 -2813.0 1.000 1.000 1.000
v -708.0 -1104.0 -2729.0 1.000 1.000 1.000
v -708.0 -1146.0 -2729.0 1.000 1.000 1.000
v -708.0 -1146.0 -2813.0 1.000 1.000 1.000
v -708.0 -1104.0 -2729.0 1.000 1.000 1.000
v -1292.0 -1104.0 -2729.0 1.000 1.000 1.000
v -1292.0 -1146.0 -2729.0 1.000 1.000 1.000
v -708.0 -1146.0 -2729.0 1.000 1.000 1.000
v -708.0 -1104.0 -2813.0 1.000 1.000 1.000
v -1292.0 -1104.0 -2813.0 1.000 1.000 1.000
v -1292.0 -1104.0 -2729.0 1.000 1.000 1.000
v -708.0 -1104.0 -2729.0 1.000 1.000 1.000
v -917.0 -1146.0 1521.0 1.000 1.000 1.000
v -917.0 -1187.0 1521.0 1.000 1.000 1.000
v -917.0 -1187.0 21.0 1.000 1.000 1.000
v -917.0 -1146.0 21.0 1.000 1.000 1.000
v -917.0 -1146.0 3021.0 1.000 1.000 1.000
v -917.0 -1187.0 3021.0 1.000 1.000 1.000
v -917.0 -1187.0 1521.0 1.000 1.000 1.000
v -917.0 -1146.0 1521.0 1.000 1.000 1.000
v -1000.0 -1146.0 21.0 1.000 1.000 1.000
v -1000.0 -1146.0 1521.0 1.000 1.000 1.000
v -917.0 -1146.0 1521.0 1.000 1.000 1.000
v -917.0 -1146.0 21.0 1.000 1.000 1.000
v -1000.0 -1146.0 3021.0 1.000 1.000 1.000
v -917.0 -1146.0 3021.0 1.000 1.000 1.000
v -1958.0 1104.0 62.0 1.000 1.000 1.000
v -1958.0 1146.0 62.0 1.000 1.000 1.000
v -3125.0 1146.0 62.0 1.000 1.000 1.000
v -3125.0 1104.0 62.0 1.000 1.000 1.000
v -1958.0 1104.0 -3021.0 1.000 1.000 1.000
v -1958.0 1146.0 -3021.0 1.000 1.000 1.000
v -1958.0 1146.0 62.0 1.000 1.000 1.000
v -1958.0 1104.0 62.0 1.000 1.000 1.000
v -282.0 229.0 -2771.0 1.000 1.000 1.000
v -265.0 271.0 -2771.0 1.000 1.000 1.000
v -2000.0 271.0 -2771.0 1.000 1.000 1.000
v -2000.0 229.0 -2771.0 1.000 1.000 1.000
v -83.0 1062.0 -2688.0 1.000 1.000 1.000
v -83.0 1104.0 -2688.0 1.000 1.000 1.000
v -1958.0 1104.0 -2688.0 1.000 1.000 1.000
v -2000.0 1062.0 -2688.0 1.000 1.000 1.000
v 0.0 229.0 -2771.0 1.000 1.000 1.000
v 0.0 271.0 -2771.0 1.000 1.000 1.000
v -265.0 271.0 -2771.0 1.000 1.000 1.000
v -282.0 229.0 -2771.0 1.000 1.000 1.000
v 2000.0 -396.0 3021.0 1.000 1.000 1.000
v 2000.0 -354.0 3021.0 1.000 1.000 1.000
v 2000.0 -354.0 1771.0 1.000 1.000 1.000
v 2000.0 -396.0 1771.0 1.000 1.000 1.000
v 2000.0 -396.0 1771.0 1.000 1.000 1.000
v 2000.0 -354.0 1771.0 1.000 1.000 1.000
v 3000.0 -354.0 1771.0 1.000 1.000 1.000
v 3000.0 -396.0 1771.0 1.000 1.000 1.000
v 0.0 229.0 -2229.0 1.000 1.000 1.000
v 0.0 271.0 -2229.0 1.000 1.000 1.000
v 0.0 271.0 -2979.0 1.000 1.000 1.000
v 0.0 229.0 -2979.0 1.000 1.000 1.000
v 0.0 896.0 -2229.0 1.000 1.000 1.000
v 0.0 979.0 -2229.0 1.000 1.000 1.000
v 0.0 979.0 -2979.0 1.000 1.000 1.000
v 0.0 896.0 -2979.0 1.000 1.000 1.000
v -83.0 1062.0 -2146.0 1.000 1.000 1.000
v -83.0 1104.0 -2146.0 1.000 1.000 1.000
v -83.0 1104.0 -3063.0 1.000 1.000 1.000
v -83.0 1062.0 -3063.0 1.000 1.000 1.000
v 3000.0 229.0 -2979.0 1.000 1.000 1.000
v 3000.0 271.0 -2979.0 1.000 1.000 1.000
v 3000.0 271.0 -2229.0 1.000 1.000 1.000
v 3000.0 229.0 -2229.0 1.000 1.000 1.000
v 3000.0 896.0 -2979.0 1.000 1.000 1.000
v 3000.0 979.0 -2979.0 1.000 1.000 1.000
v 3000.0 979.0 -2229.0 1.000 1.000 1.000
v 3000.0 896.0 -2229.0 1.000 1.000 1.000
v 3083.0 1062.0 -3063.0 1.000 1.000 1.000
v 3083.0 1104.0 -3063.0 1.000 1.000 1.000
v 3083.0 1104.0 -2146.0 1.000 1.000 1.000
v 3083.0 1062.0 -2146.0 1.000 1.000 1.000
v 3000.0 229.0 -2229.0 1.000 1.000 1.000
v 3000.0 271.0 -2229.0 1.000 1.000 1.000
v 0.0 271.0 -2229.0 1.000 1.000 1.000
v 0.0 229.0 -2229.0 1.000 1.000 1.000
v 3000.0 896.0 -2229.0 1.000 1.000 1.000
v 3000.0 979.0 -2229.0 1.000 1.000 1.000
v 0.0 979.0 -2229.0 1.000 1.000 1.000
v 0.0 896.0 -2229.0 1.000 1.000 1.000
v 3083.0 1062.0 -2146.0 1.000 1.000 1.000
v 3083.0 1104.0 -2146.0 1.000 1.000 1.000
v -83.0 1104.0 -2146.0 1.000 1.000 1.000
v -83.0 1062.0 -2146.0 1.000 1.000 1.000
v 3000.0 -396.0 1771.0 1.000 1.000 1.000
v 3000.0 -354.0 1771.0 1.000 1.000 1.000
v 3000.0 -354.0 3021.0 1.000 1.000 1.000
v 3000.0 -396.0 3021.0 1.000 1.000 1.000
v 3000.0 -396.0 3021.0 1.000 1.000 1.000
v 3000.0 -354.0 3021.0 1.000 1.000 1.000
v 2000.0 -354.0 3021.0 1.000 1.000 1.000
v 2000.0 -396.0 3021.0 1.000 1.000 1.000
v -2917.0 979.0 3021.0 1.000 1.000 1.000
v -2917.0 896.0 3021.0 1.000 1.000 1.000
v -2250.0 896.0 3021.0 1.000 1.000 1.000
v -2250.0 979.0 3021.0 1.000 1.000 1.000
v -2917.0 229.0 3021.0 1.000 1.000 1.000
v -2917.0 187.0 3021.0 1.000 1.000 1.000
v -2250.0 188.0 3021.0 1.000 1.000 1.000
v -2250.0 229.0 3021.0 1.000 1.000 1.000
v -2917.0 -354.0 3021.0 1.000 1.000 1.000
v -2917.0 -438.0 3021.0 1.000 1.000 1.000
v -2250.0 -438.0 3021.0 1.000 1.000 1.000
v -2250.0 -354.0 3021.0 1.000 1.000 1.000
v -2250.0 188.0 415.0 1.000 1.000 1.000
v -2250.0 229.0 396.0 1.000 1.000 1.000
v -2250.0 229.0 2604.0 1.000 1.000 1.000
v -2250.0 188.0 2562.0 1.000 1.000 1.000
v -2250.0 188.0 2562.0 1.000 1.000 1.000
v -2250.0 229.0 2604.0 1.000 1.000 1.000
v -2250.0 229.0 3021.0 1.000 1.000 1.000
v -2250.0 188.0 3021.0 1.000 1.000 1.000
v -2250.0 -437.0 659.0 1.000 1.000 1.000
v -2250.0 -354.0 613.0 1.000 1.000 1.000
v -2250.0 -354.0 2229.0 1.000 1.000 1.000
v -2250.0 -437.0 2188.0 1.000 1.000 1.000
v -2250.0 -354.0 3021.0 1.000 1.000 1.000
v -2250.0 -438.0 3021.0 1.000 1.000 1.000
v -2250.0 -437.0 21.0 1.000 1.000 1.000
v -2250.0 -354.0 21.0 1.000 1.000 1.000
v -2250.0 -354.0 613.0 1.000 1.000 1.000
v -2250.0 -437.0 659.0 1.000 1.000 1.000
v -2250.0 896.0 229.0 1.000 1.000 1.000
v -2250.0 979.0 182.0 1.000 1.000 1.000
v -2250.0 979.0 2954.0 1.000 1.000 1.000
v -2250.0 896.0 2918.0 1.000 1.000 1.000
v -2250.0 896.0 2918.0 1.000 1.000 1.000
v -2250.0 979.0 2954.0 1.000 1.000 1.000
v -2250.0 979.0 3021.0 1.000 1.000 1.000
v -2250.0 896.0 3021.0 1.000 1.000 1.000
v -2250.0 188.0 21.0 1.000 1.000 1.000
v -2250.0 229.0 21.0 1.000 1.000 1.000
v -2250.0 229.0 396.0 1.000 1.000 1.000
v -2250.0 188.0 415.0 1.000 1.000 1.000
v -2250.0 896.0 21.0 1.000 1.000 1.000
v -2250.0 979.0 21.0 1.000 1.000 1.000
v -2250.0 979.0 182.0 1.000 1.000 1.000
v -2250.0 896.0 229.0 1.000 1.000 1.000
v 0.0 -396.0 -2229.0 1.000 1.000 1.000
v 0.0 229.0 -2229.0 1.000 1.000 1.000
v 0.0 229.0 -2979.0 1.000 1.000 1.000
v 0.0 -396.0 -2979.0 1.000 1.000 1.000
v 3000.0 -396.0 -2979.0 1.000 1.000 1.000
v 3000.0 229.0 -2979.0 1.000 1.000 1.000
v 3000.0 229.0 -2229.0 1.000 1.000 1.000
v 3000.0 -396.0 -2229.0 1.000 1.000 1.000
v 3000.0 -396.0 -2229.0 1.000 1.000 1.000
v 3000.0 229.0 -2229.0 1.000 1.000 1.000
v 0.0 229.0 -2229.0 1.000 1.000 1.000
v 0.0 -396.0 -2229.0 1.000 1.000 1.000
v -2917.0 187.0 3021.0 1.000 1.000 1.000
v -2917.0 -354.0 3021.0 1.000 1.000 1.000
v -2250.0 -354.0 3021.0 1.000 1.000 1.000
v -2250.0 188.0 3021.0 1.000 1.000 1.000
v -2250.0 -354.0 613.0 1.000 1.000 1.000
v -2250.0 188.0 415.0 1.000 1.000 1.000
v -2250.0 188.0 3021.0 1.000 1.000 1.000
v -2250.0 -354.0 3021.0 1.000 1.000 1.000
v -2250.0 -354.0 613.0 1.000 1.000 1.000
v -2250.0 -354.0 21.0 1.000 1.000 1.000
v -2250.0 188.0 21.0 1.000 1.000 1.000
v -2250.0 188.0 415.0 1.000 1.000 1.000
v -417.0 -354.0 -2771.0 1.000 1.000 1.000
v -417.0 -312.0 -2729.0 1.000 1.000 1.000
v -2000.0 -312.0 -2729.0 1.000 1.000 1.000
v -2000.0 -354.0 -2771.0 1.000 1.000 1.000
v 0.0 -354.0 -2771.0 1.000 1.000 1.000
v 0.0 -312.0 -2729.0 1.000 1.000 1.000
v -417.0 -312.0 -2729.0 1.000 1.000 1.000
v -417.0 -354.0 -2771.0 1.000 1.000 1.000
v 2000.0 -354.0 3021.0 1.000 1.000 1.000
v 1958.0 -313.0 3062.0 1.000 1.000 1.000
v 1958.0 -313.0 1729.0 1.000 1.000 1.000
v 2000.0 -354.0 1771.0 1.000 1.000 1.000
v 2000.0 -354.0 1771.0 1.000 1.000 1.000
v 1958.0 -313.0 1729.0 1.000 1.000 1.000
v 3042.0 -313.0 1729.0 1.000 1.000 1.000
v 3000.0 -354.0 1771.0 1.000 1.000 1.000
v 0.0 -896.0 -2229.0 1.000 1.000 1.000
v 0.0 -896.0 -2979.0 1.000 1.000 1.000
v -42.0 -937.0 -3021.0 1.000 1.000 1.000
v -42.0 -937.0 -2188.0 1.000 1.000 1.000
v 0.0 -396.0 -2229.0 1.000 1.000 1.000
v -42.0 -354.0 -2188.0 1.000 1.000 1.000
v -42.0 -354.0 -3021.0 1.000 1.000 1.000
v 0.0 -396.0 -2979.0 1.000 1.000 1.000
v 3000.0 -896.0 -2979.0 1.000 1.000 1.000
v 3000.0 -896.0 -2229.0 1.000 1.000 1.000
v 3042.0 -938.0 -2188.0 1.000 1.000 1.000
v 3042.0 -938.0 -3021.0 1.000 1.000 1.000
v 3000.0 -396.0 -2979.0 1.000 1.000 1.000
v 3042.0 -354.0 -3021.0 1.000 1.000 1.000
v 3042.0 -354.0 -2188.0 1.000 1.000 1.000
v 3000.0 -396.0 -2229.0 1.000 1.000 1.000
v 3000.0 -896.0 -2229.0 1.000 1.000 1.000
v 0.0 -896.0 -2229.0 1.000 1.000 1.000
v -42.0 -937.0 -2188.0 1.000 1.000 1.000
v 3042.0 -938.0 -2188.0 1.000 1.000 1.000
v 3000.0 -396.0 -2229.0 1.000 1.000 1.000
v 3042.0 -354.0 -2188.0 1.000 1.000 1.000
v -42.0 -354.0 -2188.0 1.000 1.000 1.000
v 0.0 -396.0 -2229.0 1.000 1.000 1.000
v 3000.0 -354.0 1771.0 1.000 1.000 1.000
v 3042.0 -313.0 1729.0 1.000 1.000 1.000
v 3042.0 -313.0 3062.0 1.000 1.000 1.000
v 3000.0 -354.0 3021.0 1.000 1.000 1.000
v 3000.0 -354.0 3021.0 1.000 1.000 1.000
v 3042.0 -313.0 3062.0 1.000 1.000 1.000
v 1958.0 -313.0 3062.0 1.000 1.000 1.000
v 2000.0 -354.0 3021.0 1.000 1.000 1.000
v -2917.0 1146.0 3104.0 1.000 1.000 1.000
v -2917.0 1104.0 3062.0 1.000 1.000 1.000
v -2208.0 1104.0 3062.0 1.000 1.000 1.000
v -2167.0 1146.0 3104.0 1.000 1.000 1.000
v -2917.0 -312.0 3063.0 1.000 1.000 1.000
v -2917.0 -354.0 3021.0 1.000 1.000 1.000
v -2250.0 -354.0 3021.0 1.000 1.000 1.000
v -2208.0 -312.0 3063.0 1.000 1.000 1.000
v -2917.0 -896.0 3021.0 1.000 1.000 1.000
v -2917.0 -937.0 3063.0 1.000 1.000 1.000
v -2208.0 -937.0 3063.0 1.000 1.000 1.000
v -2250.0 -896.0 3021.0 1.000 1.000 1.000
v -2208.0 1104.0 83.0 1.000 1.000 1.000
v -2167.0 1146.0 62.0 1.000 1.000 1.000
v -2167.0 1146.0 3104.0 1.000 1.000 1.000
v -2208.0 1104.0 3062.0 1.000 1.000 1.000
v -2250.0 -354.0 613.0 1.000 1.000 1.000
v -2208.0 -312.0 575.0 1.000 1.000 1.000
v -2208.0 -312.0 2313.0 1.000 1.000 1.000
v -2250.0 -354.0 2229.0 1.000 1.000 1.000
v -2250.0 -354.0 2229.0 1.000 1.000 1.000
v -2208.0 -312.0 2313.0 1.000 1.000 1.000
v -2208.0 -312.0 3063.0 1.000 1.000 1.000
v -2250.0 -354.0 3021.0 1.000 1.000 1.000
v -2208.0 -937.0 21.0 1.000 1.000 1.000
v -2250.0 -896.0 21.0 1.000 1.000 1.000
v -2250.0 -896.0 820.0 1.000 1.000 1.000
v -2208.0 -937.0 835.0 1.000 1.000 1.000
v -2208.0 -937.0 835.0 1.000 1.000 1.000
v -2250.0 -896.0 820.0 1.000 1.000 1.000
v -2250.0 -896.0 1979.0 1.000 1.000 1.000
v -2208.0 -937.0 1979.0 1.000 1.000 1.000
v -2250.0 -896.0 3021.0 1.000 1.000 1.000
v -2208.0 -937.0 3063.0 1.000 1.000 1.000
v -2250.0 -354.0 21.0 1.000 1.000 1.000
v -2208.0 -312.0 21.0 1.000 1.000 1.000
v -2208.0 -312.0 575.0 1.000 1.000 1.000
v -2250.0 -354.0 613.0 1.000 1.000 1.000
v -1292.0 -937.0 -2771.0 1.000 1.000 1.000
v -2000.0 -937.0 -2771.0 1.000 1.000 1.000
v -2000.0 -1146.0 -2771.0 1.000 1.000 1.000
v -1292.0 -1146.0 -2771.0 1.000 1.000 1.000
v 0.0 -937.0 -2771.0 1.000 1.000 1.000
v -542.0 -937.0 -2771.0 1.000 1.000 1.000
v -583.0 -1146.0 -2771.0 1.000 1.000 1.000
v 0.0 -1146.0 -2771.0 1.000 1.000 1.000
v -1250.0 -937.0 -2813.0 1.000 1.000 1.000
v -1292.0 -937.0 -2771.0 1.000 1.000 1.000
v -1292.0 -1104.0 -2771.0 1.000 1.000 1.000
v -1250.0 -1104.0 -2813.0 1.000 1.000 1.000
v -708.0 -937.0 -2771.0 1.000 1.000 1.000
v -708.0 -1146.0 -2771.0 1.000 1.000 1.000
v -583.0 -1146.0 -2771.0 1.000 1.000 1.000
v -542.0 -937.0 -2771.0 1.000 1.000 1.000
v -750.0 -937.0 -2813.0 1.000 1.000 1.000
v -750.0 -1104.0 -2813.0 1.000 1.000 1.000
v -708.0 -1104.0 -2771.0 1.000 1.000 1.000
v -708.0 -937.0 -2771.0 1.000 1.000 1.000
v 2000.0 -937.0 3021.0 1.000 1.000 1.000
v 2000.0 -937.0 1771.0 1.000 1.000 1.000
v 2000.0 -1146.0 1771.0 1.000 1.000 1.000
v 2000.0 -1146.0 3021.0 1.000 1.000 1.000
v 2000.0 -937.0 1771.0 1.000 1.000 1.000
v 3000.0 -938.0 1771.0 1.000 1.000 1.000
v 3000.0 -1146.0 1771.0 1.000 1.000 1.000
v 2000.0 -1146.0 1771.0 1.000 1.000 1.000
v -42.0 -937.0 -3021.0 1.000 1.000 1.000
v -42.0 -1146.0 -3021.0 1.000 1.000 1.000
v -42.0 -1146.0 -2188.0 1.000 1.000 1.000
v -42.0 -937.0 -2188.0 1.000 1.000 1.000
v 3042.0 -938.0 -2188.0 1.000 1.000 1.000
v 3042.0 -1146.0 -2188.0 1.000 1.000 1.000
v 3042.0 -1146.0 -3021.0 1.000 1.000 1.000
v 3042.0 -938.0 -3021.0 1.000 1.000 1.000
v -42.0 -937.0 -2188.0 1.000 1.000 1.000
v -42.0 -1146.0 -2188.0 1.000 1.000 1.000
v 3042.0 -1146.0 -2188.0 1.000 1.000 1.000
v 3042.0 -938.0 -2188.0 1.000 1.000 1.000
v 3000.0 -938.0 1771.0 1.000 1.000 1.000
v 3000.0 -938.0 3021.0 1.000 1.000 1.000
v 3000.0 -1146.0 3021.0 1.000 1.000 1.000
v 3000.0 -1146.0 1771.0 1.000 1.000 1.000
v 3000.0 -938.0 3021.0 1.000 1.000 1.000
v 2000.0 -937.0 3021.0 1.000 1.000 1.000
v 2000.0 -1146.0 3021.0 1.000 1.000 1.000
v 3000.0 -1146.0 3021.0 1.000 1.000 1.000
v -2917.0 -937.0 3063.0 1.000 1.000 1.000
v -2917.0 -1146.0 3063.0 1.000 1.000 1.000
v -2208.0 -1146.0 3063.0 1.000 1.000 1.000
v -2208.0 -937.0 3063.0 1.000 1.000 1.000
v -2208.0 -1146.0 21.0 1.000 1.000 1.000
v -2208.0 -937.0 21.0 1.000 1.000 1.000
v -2208.0 -937.0 835.0 1.000 1.000 1.000
v -2208.0 -1146.0 907.0 1.000 1.000 1.000
v -2208.0 -1146.0 907.0 1.000 1.000 1.000
v -2208.0 -937.0 835.0 1.000 1.000 1.000
v -2208.0 -937.0 1979.0 1.000 1.000 1.000
v -2208.0 -1146.0 1896.0 1.000 1.000 1.000
v -2208.0 -1146.0 1896.0 1.000 1.000 1.000
v -2208.0 -937.0 1979.0 1.000 1.000 1.000
v -2208.0 -937.0 3063.0 1.000 1.000 1.000
v -2208.0 -1146.0 3063.0 1.000 1.000 1.000
v -2000.0 1062.0 21.0 1.000 1.000 1.000
v -1958.0 1104.0 62.0 1.000 1.000 1.000
v -3125.0 1104.0 62.0 1.000 1.000 1.000
v -3125.0 1062.0 21.0 1.000 1.000 1.000
v -1958.0 1146.0 62.0 1.000 1.000 1.000
v -1917.0 1187.0 104.0 1.000 1.000 1.000
v -3125.0 1187.0 104.0 1.000 1.000 1.000
v -3125.0 1146.0 62.0 1.000 1.000 1.000
v -2000.0 1062.0 -2979.0 1.000 1.000 1.000
v -1958.0 1104.0 -3021.0 1.000 1.000 1.000
v -1958.0 1104.0 62.0 1.000 1.000 1.000
v -2000.0 1062.0 21.0 1.000 1.000 1.000
v -1958.0 1146.0 -3021.0 1.000 1.000 1.000
v -1917.0 1187.0 -3062.0 1.000 1.000 1.000
v -1917.0 1187.0 104.0 1.000 1.000 1.000
v -1958.0 1146.0 62.0 1.000 1.000 1.000
v 3000.0 -1187.0 -896.0 1.000 1.000 1.000
v 1958.0 -1187.0 -896.0 1.000 1.000 1.000
v 3000.0 -1187.0 21.0 1.000 1.000 1.000
v 917.0 -1187.0 21.0 1.000 1.000 1.000
v 917.0 -1187.0 -896.0 1.000 1.000 1.000
v 0.0 -1187.0 21.0 1.000 1.000 1.000
v -917.0 -1187.0 -896.0 1.000 1.000 1.000
v -917.0 -1187.0 21.0 1.000 1.000 1.000
v 0.0 -1187.0 21.0 1.000 1.000 1.000
v -917.0 -1187.0 -896.0 1.000 1.000 1.000
v 917.0 -1187.0 937.0 1.000 1.000 1.000
v 0.0 -1187.0 3021.0 1.000 1.000 1.000
v 917.0 -1187.0 3021.0 1.000 1.000 1.000
v 917.0 -1187.0 937.0 1.000 1.000 1.000
v 0.0 -1187.0 21.0 1.000 1.000 1.000
v 0.0 -1187.0 3021.0 1.000 1.000 1.000
v 917.0 -1187.0 21.0 1.000 1.000 1.000
v 917.0 -1187.0 937.0 1.000 1.000 1.000
v 1958.0 -1187.0 937.0 1.000 1.000 1.000
v 3000.0 -1187.0 21.0 1.000 1.000 1.000
v 3000.0 -1187.0 937.0 1.000 1.000 1.000
v -917.0 -1187.0 21.0 1.000 1.000 1.000
v -917.0 -1187.0 1521.0 1.000 1.000 1.000
v -917.0 -1187.0 3021.0 1.000 1.000 1.000
v 2000.0 271.0 3021.0 1.000 1.000 1.000
v 1958.0 313.0 3062.0 1.000 1.000 1.000
v 1958.0 313.0 1729.0 1.000 1.000 1.000
v 2000.0 271.0 3021.0 1.000 1.000 1.000
v 1958.0 313.0 1729.0 1.000 1.000 1.000
v 2000.0 271.0 1771.0 1.000 1.000 1.000
v 2000.0 271.0 1771.0 1.000 1.000 1.000
v 1958.0 313.0 1729.0 1.000 1.000 1.000
v 3042.0 312.0 1729.0 1.000 1.000 1.000
v 3000.0 271.0 1771.0 1.000 1.000 1.000
v 3000.0 271.0 1771.0 1.000 1.000 1.000
v 3042.0 312.0 1729.0 1.000 1.000 1.000
v 3042.0 312.0 3062.0 1.000 1.000 1.000
v 3000.0 271.0 3021.0 1.000 1.000 1.000
v 3000.0 271.0 3021.0 1.000 1.000 1.000
v 3042.0 312.0 3062.0 1.000 1.000 1.000
v 1958.0 313.0 3062.0 1.000 1.000 1.000
v 2000.0 271.0 3021.0 1.000 1.000 1.000
v -2917.0 1021.0 3062.0 1.000 1.000 1.000
v -2917.0 979.0 3021.0 1.000 1.000 1.000
v -2250.0 979.0 3021.0 1.000 1.000 1.000
v -2208.0 1021.0 3062.0 1.000 1.000 1.000
v -2250.0 979.0 182.0 1.000 1.000 1.000
v -2208.0 1021.0 119.0 1.000 1.000 1.000
v -2208.0 1021.0 2979.0 1.000 1.000 1.000
v -2250.0 979.0 2954.0 1.000 1.000 1.000
v -2208.0 1021.0 3062.0 1.000 1.000 1.000
v -2250.0 979.0 3021.0 1.000 1.000 1.000
v -2250.0 979.0 21.0 1.000 1.000 1.000
v -2208.0 1021.0 21.0 1.000 1.000 1.000
v -2208.0 1021.0 119.0 1.000 1.000 1.000
v -2250.0 979.0 182.0 1.000 1.000 1.000
v -750.0 -739.0 -2812.0 1.000 1.000 1.000
v -750.0 -437.0 -2813.0 1.000 1.000 1.000
v -1000.0 -437.0 -2813.0 1.000 1.000 1.000
v -1000.0 -739.0 -2812.0 1.000 1.000 1.000
v -1250.0 -437.0 -2813.0 1.000 1.000 1.000
v -1250.0 -739.0 -2812.0 1.000 1.000 1.000
v -1000.0 -1104.0 -2813.0 1.000 1.000 1.000
v -750.0 -1104.0 -2813.0 1.000 1.000 1.000
v -750.0 -739.0 -2812.0 1.000 1.000 1.000
v -1000.0 -739.0 -2812.0 1.000 1.000 1.000
v -1250.0 -739.0 -2812.0 1.000 1.000 1.000
v -1250.0 -1104.0 -2813.0 1.000 1.000 1.000
v 0.0 1062.0 -2688.0 1.000 1.000 1.000
v 0.0 1104.0 -2688.0 1.000 1.000 1.000
v -83.0 1104.0 -2688.0 1.000 1.000 1.000
v -83.0 1062.0 -2688.0 1.000 1.000 1.000
v -2208.0 1104.0 21.0 1.000 1.000 1.000
v -2167.0 1146.0 21.0 1.000 1.000 1.000
v -2167.0 1146.0 62.0 1.000 1.000 1.000
v -2208.0 1104.0 83.0 1.000 1.000 1.000
v -1701.0 -525.0 -2771.0 1.000 1.000 1.000
v -1701.0 -938.0 -2771.0 1.000 1.000 1.000
v -1501.0 -938.0 -2771.0 1.000 1.000 1.000
v -1501.0 -525.0 -2771.0 1.000 1.000 1.000
v -1534.0 145.0 -2771.0 1.000 1.000 1.000
v -1534.0 -268.0 -2771.0 1.000 1.000 1.000
v -1367.0 -268.0 -2771.0 1.000 1.000 1.000
v -1367.0 145.0 -2771.0 1.000 1.000 1.000
v -630.0 145.0 -2771.0 1.000 1.000 1.000
v -630.0 -268.0 -2771.0 1.000 1.000 1.000
v -463.0 -268.0 -2771.0 1.000 1.000 1.000
v -463.0 145.0 -2771.0 1.000 1.000 1.000
v -465.0 -525.0 -2771.0 1.000 1.000 1.000
v -465.0 -938.0 -2771.0 1.000 1.000 1.000
v -265.0 -938.0 -2771.0 1.000 1.000 1.000
v -265.0 -525.0 -2771.0 1.000 1.000 1.000
v 1011.0 145.0 -2229.0 1.000 1.000 1.000
v 1011.0 -268.0 -2229.0 1.000 1.000 1.000
v 1177.0 -268.0 -2229.0 1.000 1.000 1.000
v 1177.0 145.0 -2229.0 1.000 1.000 1.000
v 282.0 145.0 -2229.0 1.000 1.000 1.000
v 282.0 -268.0 -2229.0 1.000 1.000 1.000
v 449.0 -268.0 -2229.0 1.000 1.000 1.000
v 449.0 145.0 -2229.0 1.000 1.000 1.000
v 1860.0 145.0 -2229.0 1.000 1.000 1.000
v 1860.0 -268.0 -2229.0 1.000 1.000 1.000
v 2026.0 -268.0 -2229.0 1.000 1.000 1.000
v 2026.0 145.0 -2229.0 1.000 1.000 1.000
v 2523.0 145.0 -2229.0 1.000 1.000 1.000
v 2523.0 -268.0 -2229.0 1.000 1.000 1.000
v 2690.0 -268.0 -2229.0 1.000 1.000 1.000
v 2690.0 145.0 -2229.0 1.000 1.000 1.000
v 2526.0 812.0 -2229.0 1.000 1.000 1.000
v 2526.0 354.0 -2229.0 1.000 1.000 1.000
v 2693.0 354.0 -2229.0 1.000 1.000 1.000
v 2693.0 812.0 -2229.0 1.000 1.000 1.000
v 1856.0 813.0 -2229.0 1.000 1.000 1.000
v 1856.0 354.0 -2229.0 1.000 1.000 1.000
v 2023.0 354.0 -2229.0 1.000 1.000 1.000
v 2023.0 812.0 -2229.0 1.000 1.000 1.000
v 1011.0 813.0 -2229.0 1.000 1.000 1.000
v 1011.0 354.0 -2229.0 1.000 1.000 1.000
v 1177.0 354.0 -2229.0 1.000 1.000 1.000
v 1177.0 813.0 -2229.0 1.000 1.000 1.000
v -2250.0 813.0 2479.0 1.000 1.000 1.000
v -2250.0 813.0 2646.0 1.000 1.000 1.000
v -2250.0 354.0 2646.0 1.000 1.000 1.000
v -2250.0 354.0 2479.0 1.000 1.000 1.000
v -2250.0 813.0 390.0 1.000 1.000 1.000
v -2250.0 813.0 557.0 1.000 1.000 1.000
v -2250.0 354.0 557.0 1.000 1.000 1.000
v -2250.0 354.0 390.0 1.000 1.000 1.000
v -2250.0 813.0 1065.0 1.000 1.000 1.000
v -2250.0 813.0 1232.0 1.000 1.000 1.000
v -2250.0 354.0 1232.0 1.000 1.000 1.000
v -2250.0 354.0 1065.0 1.000 1.000 1.000
v -2250.0 813.0 1824.0 1.000 1.000 1.000
v -2250.0 813.0 1991.0 1.000 1.000 1.000
v -2250.0 354.0 1991.0 1.000 1.000 1.000
v -2250.0 354.0 1824.0 1.000 1.000 1.000
v -2250.0 104.0 682.0 1.000 1.000 1.000
v -2250.0 104.0 891.0 1.000 1.000 1.000
v -2250.0 -271.0 891.0 1.000 1.000 1.000
v -2250.0 -271.0 682.0 1.000 1.000 1.000
v -2250.0 104.0 1415.0 1.000 1.000 1.000
v -2250.0 104.0 1623.0 1.000 1.000 1.000
v -2250.0 -271.0 1623.0 1.000 1.000 1.000
v -2250.0 -271.0 1415.0 1.000 1.000 1.000
v -2000.0 896.0 -1793.0 1.000 1.000 1.000
v -2000.0 896.0 -1585.0 1.000 1.000 1.000
v -2000.0 438.0 -1585.0 1.000 1.000 1.000
v -2000.0 438.0 -1793.0 1.000 1.000 1.000
v 291.0 -484.0 -2229.0 1.000 1.000 1.000
v 291.0 -855.0 -2229.0 1.000 1.000 1.000
v 441.0 -855.0 -2229.0 1.000 1.000 1.000
v 441.0 -484.0 -2229.0 1.000 1.000 1.000
v 1013.0 -484.0 -2229.0 1.000 1.000 1.000
v 1013.0 -855.0 -2229.0 1.000 1.000 1.000
v 1163.0 -855.0 -2229.0 1.000 1.000 1.000
v 1163.0 -484.0 -2229.0 1.000 1.000 1.000
v 1872.0 -484.0 -2229.0 1.000 1.000 1.000
v 1872.0 -855.0 -2229.0 1.000 1.000 1.000
v 2022.0 -855.0 -2229.0 1.000 1.000 1.000
v 2022.0 -484.0 -2229.0 1.000 1.000 1.000
v 2537.0 -484.0 -2229.0 1.000 1.000 1.000
v 2537.0 -855.0 -2229.0 1.000 1.000 1.000
v 2687.0 -855.0 -2229.0 1.000 1.000 1.000
v 2687.0 -484.0 -2229.0 1.000 1.000 1.000
v 292.0 813.0 -2229.0 1.000 1.000 1.000
v 292.0 354.0 -2229.0 1.000 1.000 1.000
v 458.0 354.0 -2229.0 1.000 1.000 1.000
v 458.0 813.0 -2229.0 1.000 1.000 1.000
v -2250.0 104.0 2149.0 1.000 1.000 1.000
v -2250.0 104.0 2358.0 1.000 1.000 1.000
v -2250.0 -271.0 2358.0 1.000 1.000 1.000
v -2250.0 -271.0 2149.0 1.000 1.000 1.000
v -2250.0 -896.0 1766.0 1.000 1.000 1.000
v -2250.0 -495.0 1766.0 1.000 1.000 1.000
v -2250.0 -495.0 1974.0 1.000 1.000 1.000
v -2250.0 -896.0 1974.0 1.000 1.000 1.000
v -2250.0 -896.0 1044.0 1.000 1.000 1.000
v -2250.0 -495.0 1044.0 1.000 1.000 1.000
v -2250.0 -495.0 1253.0 1.000 1.000 1.000
v -2250.0 -896.0 1253.0 1.000 1.000 1.000
v -2250.0 -896.0 2433.0 1.000 1.000 1.000
v -2250.0 -495.0 2433.0 1.000 1.000 1.000
v -2250.0 -495.0 2641.0 1.000 1.000 1.000
v -2250.0 -896.0 2641.0 1.000 1.000 1.000
v -2250.0 -896.0 323.0 1.000 1.000 1.000
v -2250.0 -495.0 323.0 1.000 1.000 1.000
v -2250.0 -495.0 531.0 1.000 1.000 1.000
v -2250.0 -896.0 531.0 1.000 1.000 1.000
v -2000.0 -854.0 -552.0 1.000 1.000 1.000
v -2000.0 -438.0 -552.0 1.000 1.000 1.000
v -2000.0 -438.0 -344.0 1.000 1.000 1.000
v -2000.0 -854.0 -344.0 1.000 1.000 1.000
v -2000.0 -854.0 -2434.0 1.000 1.000 1.000
v -2000.0 -438.0 -2434.0 1.000 1.000 1.000
v -2000.0 -438.0 -2226.0 1.000 1.000 1.000
v -2000.0 -854.0 -2226.0 1.000 1.000 1.000
v -2000.0 -854.0 -1780.0 1.000 1.000 1.000
v -2000.0 -437.0 -1780.0 1.000 1.000 1.000
v -2000.0 -437.0 -1571.0 1.000 1.000 1.000
v -2000.0 -854.0 -1571.0 1.000 1.000 1.000
v -2000.0 -854.0 -1188.0 1.000 1.000 1.000
v -2000.0 -438.0 -1188.0 1.000 1.000 1.000
v -2000.0 -438.0 -980.0 1.000 1.000 1.000
v -2000.0 -854.0 -980.0 1.000 1.000 1.000
v -2000.0 229.0 -533.0 1.000 1.000 1.000
v -2000.0 229.0 -366.0 1.000 1.000 1.000
v -2000.0 -187.0 -366.0 1.000 1.000 1.000
v -2000.0 -187.0 -533.0 1.000 1.000 1.000
v -2000.0 229.0 -1168.0 1.000 1.000 1.000
v -2000.0 229.0 -1002.0 1.000 1.000 1.000
v -2000.0 -187.0 -1002.0 1.000 1.000 1.000
v -2000.0 -187.0 -1168.0 1.000 1.000 1.000
v -2000.0 229.0 -1762.0 1.000 1.000 1.000
v -2000.0 229.0 -1595.0 1.000 1.000 1.000
v -2000.0 -187.0 -1595.0 1.000 1.000 1.000
v -2000.0 -187.0 -1762.0 1.000 1.000 1.000
v -2000.0 229.0 -2402.0 1.000 1.000 1.000
v -2000.0 229.0 -2235.0 1.000 1.000 1.000
v -2000.0 -187.0 -2235.0 1.000 1.000 1.000
v -2000.0 -187.0 -2402.0 1.000 1.000 1.000
v -2000.0 896.0 -1179.0 1.000 1.000 1.000
v -2000.0 896.0 -971.0 1.000 1.000 1.000
v -2000.0 438.0 -971.0 1.000 1.000 1.000
v -2000.0 438.0 -1179.0 1.000 1.000 1.000
v -2000.0 896.0 -555.0 1.000 1.000 1.000
v -2000.0 896.0 -347.0 1.000 1.000 1.000
v -2000.0 438.0 -347.0 1.000 1.000 1.000
v -2000.0 438.0 -555.0 1.000 1.000 1.000
v -2000.0 896.0 -2429.0 1.000 1.000 1.000
v -2000.0 896.0 -2220.0 1.000 1.000 1.000
v -2000.0 438.0 -2220.0 1.000 1.000 1.000
v -2000.0 438.0 -2429.0 1.000 1.000 1.000
v -2000.0 396.0 -929.0 1.000 1.000 1.000
v -2000.0 396.0 -1221.0 1.000 1.000 1.000
v -2000.0 438.0 -1221.0 1.000 1.000 1.000
v -2000.0 438.0 -929.0 1.000 1.000 1.000
v -2000.0 396.0 -305.0 1.000 1.000 1.000
v -2000.0 396.0 -597.0 1.000 1.000 1.000
v -2000.0 438.0 -597.0 1.000 1.000 1.000
v -2000.0 438.0 -305.0 1.000 1.000 1.000
v -2000.0 396.0 -1543.0 1.000 1.000 1.000
v -2000.0 396.0 -1835.0 1.000 1.000 1.000
v -2000.0 438.0 -1835.0 1.000 1.000 1.000
v -2000.0 438.0 -1543.0 1.000 1.000 1.000
v -2000.0 396.0 -2179.0 1.000 1.000 1.000
v -2000.0 396.0 -2470.0 1.000 1.000 1.000
v -2000.0 438.0 -2470.0 1.000 1.000 1.000
v -2000.0 438.0 -2179.0 1.000 1.000 1.000
v -1325.0 -268.0 -2771.0 1.000 1.000 1.000
v -1575.0 -268.0 -2771.0 1.000 1.000 1.000
v -1575.0 -305.0 -2771.0 1.000 1.000 1.000
v -1325.0 -305.0 -2771.0 1.000 1.000 1.000
v -421.0 -268.0 -2771.0 1.000 1.000 1.000
v -671.0 -268.0 -2771.0 1.000 1.000 1.000
v -671.0 -305.0 -2771.0 1.000 1.000 1.000
v -421.0 -305.0 -2771.0 1.000 1.000 1.000
v 478.0 -855.0 -2229.0 1.000 1.000 1.000
v 253.0 -855.0 -2229.0 1.000 1.000 1.000
v 253.0 -889.0 -2229.0 1.000 1.000 1.000
v 478.0 -889.0 -2229.0 1.000 1.000 1.000
v 1200.0 -855.0 -2229.0 1.000 1.000 1.000
v 975.0 -855.0 -2229.0 1.000 1.000 1.000
v 975.0 -889.0 -2229.0 1.000 1.000 1.000
v 1200.0 -889.0 -2229.0 1.000 1.000 1.000
v 2059.0 -855.0 -2229.0 1.000 1.000 1.000
v 1834.0 -855.0 -2229.0 1.000 1.000 1.000
v 1834.0 -889.0 -2229.0 1.000 1.000 1.000
v 2059.0 -889.0 -2229.0 1.000 1.000 1.000
v 2724.0 -855.0 -2229.0 1.000 1.000 1.000
v 2499.0 -855.0 -2229.0 1.000 1.000 1.000
v 2499.0 -889.0 -2229.0 1.000 1.000 1.000
v 2724.0 -889.0 -2229.0 1.000 1.000 1.000
v 1219.0 -268.0 -2229.0 1.000 1.000 1.000
v 969.0 -268.0 -2229.0 1.000 1.000 1.000
v 969.0 -305.0 -2229.0 1.000 1.000 1.000
v 1219.0 -305.0 -2229.0 1.000 1.000 1.000
v 491.0 -268.0 -2229.0 1.000 1.000 1.000
v 241.0 -268.0 -2229.0 1.000 1.000 1.000
v 241.0 -305.0 -2229.0 1.000 1.000 1.000
v 491.0 -305.0 -2229.0 1.000 1.000 1.000
v 2068.0 -268.0 -2229.0 1.000 1.000 1.000
v 1818.0 -268.0 -2229.0 1.000 1.000 1.000
v 1818.0 -305.0 -2229.0 1.000 1.000 1.000
v 2068.0 -305.0 -2229.0 1.000 1.000 1.000
v 2731.0 -268.0 -2229.0 1.000 1.000 1.000
v 2481.0 -268.0 -2229.0 1.000 1.000 1.000
v 2481.0 -305.0 -2229.0 1.000 1.000 1.000
v 2731.0 -305.0 -2229.0 1.000 1.000 1.000
v 500.0 354.0 -2229.0 1.000 1.000 1.000
v 250.0 354.0 -2229.0 1.000 1.000 1.000
v 250.0 313.0 -2229.0 1.000 1.000 1.000
v 500.0 313.0 -2229.0 1.000 1.000 1.000
v 2734.0 354.0 -2229.0 1.000 1.000 1.000
v 2484.0 354.0 -2229.0 1.000 1.000 1.000
v 2484.0 312.0 -2229.0 1.000 1.000 1.000
v 2734.0 312.0 -2229.0 1.000 1.000 1.000
v 2065.0 354.0 -2229.0 1.000 1.000 1.000
v 1815.0 354.0 -2229.0 1.000 1.000 1.000
v 1815.0 313.0 -2229.0 1.000 1.000 1.000
v 2065.0 312.0 -2229.0 1.000 1.000 1.000
v 1219.0 354.0 -2229.0 1.000 1.000 1.000
v 969.0 354.0 -2229.0 1.000 1.000 1.000
v 969.0 313.0 -2229.0 1.000 1.000 1.000
v 1219.0 313.0 -2229.0 1.000 1.000 1.000
v -2250.0 313.0 2688.0 1.000 1.000 1.000
v -2250.0 313.0 2438.0 1.000 1.000 1.000
v -2250.0 354.0 2438.0 1.000 1.000 1.000
v -2250.0 354.0 2688.0 1.000 1.000 1.000
v -2250.0 313.0 598.0 1.000 1.000 1.000
v -2250.0 313.0 348.0 1.000 1.000 1.000
v -2250.0 354.0 348.0 1.000 1.000 1.000
v -2250.0 354.0 598.0 1.000 1.000 1.000
v -2250.0 313.0 1274.0 1.000 1.000 1.000
v -2250.0 313.0 1024.0 1.000 1.000 1.000
v -2250.0 354.0 1024.0 1.000 1.000 1.000
v -2250.0 354.0 1274.0 1.000 1.000 1.000
v -2250.0 313.0 2033.0 1.000 1.000 1.000
v -2250.0 313.0 1783.0 1.000 1.000 1.000
v -2250.0 354.0 1783.0 1.000 1.000 1.000
v -2250.0 354.0 2033.0 1.000 1.000 1.000
v -2000.0 -229.0 -325.0 1.000 1.000 1.000
v -2000.0 -229.0 -575.0 1.000 1.000 1.000
v -2000.0 -187.0 -575.0 1.000 1.000 1.000
v -2000.0 -187.0 -325.0 1.000 1.000 1.000
v -2000.0 -229.0 -960.0 1.000 1.000 1.000
v -2000.0 -229.0 -1210.0 1.000 1.000 1.000
v -2000.0 -187.0 -1210.0 1.000 1.000 1.000
v -2000.0 -187.0 -960.0 1.000 1.000 1.000
v -2000.0 -229.0 -1554.0 1.000 1.000 1.000
v -2000.0 -229.0 -1804.0 1.000 1.000 1.000
v -2000.0 -187.0 -1804.0 1.000 1.000 1.000
v -2000.0 -187.0 -1554.0 1.000 1.000 1.000
v -2000.0 -229.0 -2193.0 1.000 1.000 1.000
v -2000.0 -229.0 -2443.0 1.000 1.000 1.000
v -2000.0 -187.0 -2443.0 1.000 1.000 1.000
v -2000.0 -187.0 -2193.0 1.000 1.000 1.000
v -2250.0 -312.0 2399.0 1.000 1.000 1.000
v -2250.0 -312.0 2108.0 1.000 1.000 1.000
v -2250.0 -271.0 2108.0 1.000 1.000 1.000
v -2250.0 -271.0 2399.0 1.000 1.000 1.000
v -2250.0 -312.0 932.0 1.000 1.000 1.000
v -2250.0 -312.0 641.0 1.000 1.000 1.000
v -2250.0 -271.0 641.0 1.000 1.000 1.000
v -2250.0 -271.0 932.0 1.000 1.000 1.000
v -2250.0 -312.0 1665.0 1.000 1.000 1.000
v -2250.0 -312.0 1373.0 1.000 1.000 1.000
v -2250.0 -271.0 1373.0 1.000 1.000 1.000
v -2250.0 -271.0 1665.0 1.000 1.000 1.000
v -2000.0 -338.0 -552.0 1.000 1.000 1.000
v -2000.0 -338.0 -344.0 1.000 1.000 1.000
v -2000.0 -438.0 -344.0 1.000 1.000 1.000
v -2000.0 -438.0 -552.0 1.000 1.000 1.000
v -2000.0 -338.0 -2434.0 1.000 1.000 1.000
v -2000.0 -338.0 -2226.0 1.000 1.000 1.000
v -2000.0 -438.0 -2226.0 1.000 1.000 1.000
v -2000.0 -438.0 -2434.0 1.000 1.000 1.000
v -2000.0 -338.0 -1780.0 1.000 1.000 1.000
v -2000.0 -338.0 -1571.0 1.000 1.000 1.000
v -2000.0 -437.0 -1571.0 1.000 1.000 1.000
v -2000.0 -437.0 -1780.0 1.000 1.000 1.000
v -2000.0 -338.0 -1188.0 1.000 1.000 1.000
v -2000.0 -338.0 -980.0 1.000 1.000 1.000
v -2000.0 -438.0 -980.0 1.000 1.000 1.000
v -2000.0 -438.0 -1188.0 1.000 1.000 1.000
vt 1.5083 -2.8203
vt -0.7695 1.4326
vt 1.7173 1.0527
vt 0.2935 3.7100
vt 2.5273 -0.6367
vt 3.6348 1.7363
vt 2.7803 3.3301
vt 5.9126 -2.5166
vt 7.2886 -5.0850
vt 4.8052 -4.8896
vt 5.0742 -9.8311
vt 3.6978 -7.2617
vt 4.0552 -12.0146
vt 1.6602 -11.6279
vt -0.5449 -11.5967
vt 0.5215 -9.5020
vt 2.0176 -16.3799
vt 4.7197 -13.2549
vt 4.1440 -14.4883
vt 2.6821 -17.6201
vt -1.7598 -10.3945
vt -1.1870 -6.3125
vt -2.8989 -8.2686
vt -2.8955 -3.1240
vt -0.8105 -12.1660
vt -3.9590 -5.4014
vt -4.1802 -5.8760
vt 10.3721 1.0000
vt 10.3721 -3.0176
vt 0.0400 -3.0176
vt 0.0400 1.0000
vt 2.6387 0.9990
vt 2.6387 -3.0244
vt -1.2412 -3.0244
vt -1.2412 0.9990
vt 4.6338 1.0000
vt 4.6338 -3.0166
vt 0.0000 -3.0166
vt 0.0000 1.0000
vt 3.7334 1.0000
vt 3.7334 -3.0449
vt 0.0000 -3.0449
vt 3.7812 1.0000
vt 3.7812 -3.0664
vt -0.9111 -3.0664
vt -0.9111 1.0000
vt 3.7109 1.0000
vt 3.7109 -3.0195
vt 0.0000 -3.0195
vt 0.9248 1.7617
vt 1.1943 1.0000
vt -6.3467 1.0000
vt -6.3467 1.7617
vt 1.3564 1.7461
vt 1.6201 1.0000
vt -5.7676 1.0000
vt -5.7676 1.7461
vt 19.0586 1.7715
vt 19.3311 1.0000
vt -0.8408 1.0000
vt -0.5684 1.7715
vt 18.6152 1.7510
vt 18.8799 1.0000
vt -0.7559 1.0000
vt -0.4912 1.7510
vt 6.0049 1.0000
vt 6.2188 -0.2119
vt -3.6396 -0.2119
vt -3.6396 1.0000
vt 6.6475 1.0000
vt 6.6475 -0.2119
vt 4.8779 1.0000
vt 5.2354 -0.0107
vt -0.8418 -0.0107
vt -0.4844 1.0000
vt 2.4463 1.0000
vt 2.8018 -0.0059
vt -2.1768 -0.0059
vt -1.8213 1.0000
vt 1.3115 1.0000
vt 1.6650 -0.0020
vt -4.3594 -0.0020
vt -4.0049 1.0000
vt 1.3184 1.0000
vt 1.6729 -0.0029
vt -3.2891 -0.0029
vt -2.9346 1.0000
vt -1.9727 0.0068
vt -1.9727 1.0000
vt 2.2461 1.0000
vt 2.2461 0.0068
vt -0.9648 -0.0098
vt -0.9648 1.0000
vt 1.8896 1.0000
vt 2.2471 -0.0098
vt 17.5176 1.0000
vt 17.7334 0.0078
vt 0.0000 0.0078
vt 0.4961 1.0000
vt 10.9971 1.0000
vt 11.1748 -0.0049
vt 1.1729 -0.0049
vt 1.5781 1.0000
vt -0.5547 -0.0049
vt -0.1992 1.0000
vt 18.1045 1.0000
vt 18.1045 0.0078
vt 12.5967 1.0000
vt 12.5967 -0.0049
vt 1.9854 1.0000
vt 1.6367 0.0166
vt -7.7529 0.0166
vt -7.7529 1.0000
vt 22.5410 1.0000
vt 22.1992 0.0322
vt -2.4453 0.0322
vt -2.7871 1.0000
vt 7.4229 1.0000
vt 7.4229 0.0361
vt -6.7578 0.0361
vt -6.7578 1.0000
vt 11.2861 1.0000
vt 11.2861 0.0410
vt -10.2979 0.0410
vt -10.2979 1.0000
vt 9.5918 1.0000
vt 9.5918 0.0361
vt 12.7256 1.0000
vt 12.7256 0.0410
vt 13.7285 1.0000
vt 13.7285 0.0449
vt -0.5986 0.0449
vt -0.5986 1.0000
vt 14.5850 1.0000
vt 14.5850 0.0068
vt -0.3066 0.0068
vt -0.3066 1.0000
vt 2.3047 1.0000
vt 2.3047 0.0283
vt -9.3516 0.0283
vt -9.3516 1.0000
vt 2.8037 1.0000
vt 2.8037 0.0195
vt -8.9648 0.0195
vt -8.9648 1.0000
vt 3.2246 1.0000
vt 3.5801 -0.0049
vt -3.5273 -0.0049
vt -3.1719 1.0000
vt 2.3740 1.0000
vt 2.7979 -0.1982
vt -1.8613 -0.1982
vt -1.4375 1.0000
vt 4.0020 0.0264
vt -5.7373 0.0264
vt -5.7373 1.0000
vt 4.0020 1.0000
vt 2.9268 0.0010
vt -5.5459 0.0020
vt -5.1934 1.0000
vt 2.5742 1.0000
vt 6.3438 1.0000
vt 6.6963 0.0029
vt -0.3525 0.0029
vt 3.8086 1.0000
vt 4.2314 -0.1973
vt -0.4229 -0.1973
vt 8.1924 1.0000
vt -2.0439 1.0000
vt -2.0439 2.0234
vt 8.1924 2.0234
vt 8.0957 0.0049
vt -0.3516 0.0049
vt 7.7432 1.0000
vt 1.9326 1.0000
vt 2.2832 0.0068
vt -23.6953 0.0068
vt -23.3438 1.0000
vt 14.9746 1.0000
vt 15.3916 -0.1807
vt -0.4658 -0.1807
vt -0.0479 1.0000
vt 31.0703 0.0244
vt -5.0410 0.0244
vt -5.0410 1.0000
vt 31.0703 1.0000
vt 27.1357 0.0029
vt 26.7832 1.0000
vt 2.3975 1.0000
vt 2.3975 0.0254
vt -12.2256 0.0254
vt -12.2256 1.0000
vt 3.8076 1.0000
vt 3.8076 -0.0146
vt -11.4150 -0.0146
vt -11.4150 1.0000
vt 3.2939 1.0000
vt 3.2939 -0.0068
vt -8.7871 -0.0068
vt -8.7871 1.0000
vt 2.6514 1.0000
vt 2.6514 -0.0166
vt -9.5518 -0.0166
vt -9.5518 1.0000
vt 2.5859 1.0000
vt 2.5859 0.0049
vt -10.8525 0.0049
vt -10.8525 1.0000
vt 31.2617 1.0000
vt 31.2617 0.0195
vt -4.0459 0.0195
vt -4.0459 1.0000
vt 17.2344 1.0000
vt 17.2344 -0.0137
vt 0.0000 -0.0137
vt 2.3818 1.0000
vt 2.3818 0.0098
vt -11.4775 0.0098
vt -11.4775 1.0000
vt 4.4648 1.0000
vt 4.4648 0.0244
vt -4.3154 0.0244
vt -4.3154 1.0000
vt 2.4355 -0.0098
vt -9.6846 -0.0098
vt -9.6846 1.0000
vt 2.4355 1.0000
vt 8.5381 1.0000
vt 8.5381 0.0176
vt -0.3076 0.0176
vt -0.3076 1.0000
vt 11.9355 0.0059
vt 0.0000 0.0059
vt 11.9355 1.0000
vt 31.6436 1.0000
vt 31.6436 0.0205
vt -3.6094 0.0205
vt -3.6094 1.0000
vt 31.9658 0.0010
vt -7.0000 0.0010
vt -7.0000 1.0000
vt 31.9658 1.0000
vt 2.3506 1.0000
vt 2.3506 0.0059
vt -14.5498 0.0059
vt -14.5498 1.0000
vt 1.9590 1.0000
vt 1.9590 -0.0029
vt -12.0859 -0.0029
vt -12.0859 1.0000
vt 1.3135 1.0000
vt 1.3525 0.0000
vt -1.0264 0.0000
vt -1.0654 1.0000
vt -0.2549 0.0039
vt -0.2549 1.0000
vt 1.4268 1.0000
vt 1.4268 0.0039
vt 3.3340 1.0000
vt 3.3340 0.0127
vt -0.4844 0.0127
vt 1.4258 1.0000
vt 1.4258 0.0068
vt -2.4805 0.0068
vt -2.4805 1.0000
vt 1.0811 1.0000
vt 1.0811 0.0684
vt -0.1367 0.0684
vt -0.1367 1.0000
vt 2.5527 0.0684
vt 2.5859 -0.0029
vt -0.1367 -0.0029
vt 3.3027 1.0000
vt 3.3027 0.0684
vt 2.3711 1.0000
vt 3.3027 -0.0029
vt 1.1533 0.1396
vt 1.1533 1.0000
vt 2.0127 0.1396
vt 2.0850 0.0684
vt 2.0127 1.0000
vt 2.0850 1.0000
vt 1.0000 1.0000
vt 1.0000 0.0000
vt 0.0000 0.0000
vt -1.2549 1.0000
vt -1.2549 1.9766
vt 0.0000 1.9766
vt 1.6240 1.0000
vt 1.6240 0.0078
vt 1.2822 1.0000
vt 1.2822 0.0029
vt 0.0000 0.0029
vt 4.5107 1.0000
vt 4.5107 0.0195
vt -0.4805 0.0195
vt -0.4805 1.0000
vt -3.9756 1.0000
vt -3.9756 1.9727
vt 1.0244 1.9727
vt 1.0244 1.0000
vt -0.0732 0.0146
vt -0.0732 1.0000
vt 1.0527 1.0000
vt 1.0527 0.0146
vt 2.7246 1.0000
vt 2.9307 0.0420
vt -1.4863 0.0420
vt -1.1270 1.0000
vt -1.6553 0.0420
vt -1.6553 1.0000
vt 3.2725 1.0000
vt 3.2725 0.0420
vt -0.2061 -2.9932
vt -0.2061 0.9951
vt 2.6943 0.9951
vt 2.6943 -2.9932
vt 7.8008 1.0000
vt 8.5049 -2.9941
vt 1.8438 -2.9941
vt 2.7520 1.0000
vt -1.7871 -2.9941
vt -1.7871 1.0000
vt 11.2852 1.0000
vt 11.2852 -2.9941
vt 0.8418 1.0000
vt 0.8418 0.0068
vt -1.4766 0.0068
vt -1.4766 1.0000
vt 4.4238 1.0000
vt 4.4238 0.0352
vt -0.4531 0.0352
vt -0.4531 1.0000
vt 2.8789 1.0000
vt 3.1240 0.0146
vt 0.0000 0.0146
vt -2.2305 1.0000
vt -2.4521 1.9844
vt 0.5010 1.9844
vt 0.5010 1.0000
vt 3.6367 1.0000
vt 3.6367 0.0146
vt -2.6484 1.0000
vt -2.6484 1.9844
vt -2.1758 1.0000
vt -2.1758 1.9434
vt 0.0000 1.9434
vt 2.0039 1.0000
vt 2.0039 -0.0020
vt 0.0000 -0.0020
vt 0.0000 1.9717
vt 1.7939 1.9717
vt 1.7939 1.0000
vt 1.2100 1.0000
vt 1.2100 -0.0010
vt -0.3916 -0.0010
vt -0.3916 1.0000
vt -0.9033 1.0000
vt -0.9033 1.9688
vt 1.3311 1.9688
vt 1.3311 1.0000
vt 0.9951 1.0000
vt 0.9951 0.0166
vt -0.9717 0.0166
vt -0.9717 1.0000
vt -1.1201 1.0000
vt -1.1201 1.9766
vt 0.6826 1.9766
vt 0.6826 1.0000
vt 1.5703 1.0000
vt 1.5703 0.0186
vt 0.0000 0.0186
vt 8.0508 1.0000
vt 8.3857 0.1260
vt 0.0000 0.1260
vt 4.1826 -24.2402
vt 4.1826 -24.9062
vt 8.3486 -24.9062
vt 8.0156 -24.2402
vt 0.0156 -24.2402
vt 0.0156 -24.9062
vt -0.9844 1.6260
vt 3.1826 1.6260
vt 3.1826 1.1055
vt -0.9844 1.1055
vt 7.3486 1.6260
vt 7.3486 1.1055
vt -7.3320 1.4014
vt 1.0010 1.4014
vt 1.0010 1.0674
vt -7.3320 1.0674
vt 12.0000 1.0000
vt 15.6670 1.0000
vt 15.6670 0.1387
vt 12.0000 0.1387
vt 13.6670 0.4043
vt 6.3330 0.4043
vt 6.3330 0.1064
vt 13.6670 0.1064
vt 2.1670 0.4043
vt 2.1670 0.1064
vt -2.0000 0.4043
vt -2.0000 0.1064
vt 16.0000 1.6670
vt 12.0000 1.6670
vt 8.3330 0.0928
vt 8.3330 1.0000
vt 16.0000 1.0000
vt 15.6670 0.0928
vt 4.1670 0.0928
vt 4.1670 1.0000
vt 0.0000 0.0928
vt 1.0000 0.0430
vt 0.0000 0.0430
vt 0.0059 0.0400
vt 1.0000 0.0400
vt 0.9941 1.0000
vt 4.0098 0.0947
vt 0.0166 0.0947
vt 0.0166 1.0000
vt 4.0098 1.0000
vt 4.0283 1.0000
vt 0.0107 1.0000
vt 0.0107 0.1064
vt 4.0283 0.1064
vt 6.0000 0.1387
vt 6.0000 1.0000
vt 0.0000 0.1387
vt 6.0000 1.6670
vt 0.0000 1.6670
vt 2.9727 1.0000
vt 2.9727 0.3564
vt -15.0557 0.3564
vt -15.0557 1.0000
vt 31.7207 1.0000
vt 31.7207 0.3438
vt -16.8213 0.3438
vt -16.8213 1.0000
vt 14.4961 1.0000
vt 14.7559 0.3545
vt -12.1191 0.3545
vt -12.1191 1.0000
vt 25.5742 1.0000
vt 25.5742 0.0049
vt -19.2217 0.0049
vt -20.2178 1.0000
vt 18.8672 1.0000
vt 18.8672 0.3545
vt 5.0254 1.0000
vt 5.0254 0.3652
vt -14.0137 0.3652
vt -14.0137 1.0000
vt 0.0000 0.3545
vt -15.4980 0.3545
vt -15.4980 1.0000
vt 0.0000 0.3496
vt -11.7002 0.3486
vt -11.7002 0.9990
vt 0.0000 -0.0088
vt -9.0762 -0.0088
vt -9.0762 0.9990
vt 0.0000 0.3535
vt -14.2334 0.3525
vt -14.2334 1.0000
vt 10.7656 1.0000
vt 10.7656 0.4023
vt 0.0000 0.4023
vt 8.9805 1.0000
vt 8.9805 0.0020
vt 0.0000 0.0020
vt 14.5400 1.0000
vt 14.5400 0.3389
vt 0.0000 0.3389
vt 15.0000 1.0000
vt 15.0000 0.3594
vt -31.1484 0.3594
vt -31.1484 1.0000
vt 31.2881 1.0000
vt 31.2881 0.0195
vt -4.0000 0.0195
vt -4.0000 1.0000
vt 31.5254 1.0000
vt 31.5254 0.3750
vt -16.0000 0.3750
vt -16.0000 1.0000
vt 0.0000 0.3682
vt -18.9678 0.3682
vt -18.9678 1.0000
vt 15.8594 1.0000
vt 15.8594 0.3389
vt -8.0312 -0.0039
vt -8.0312 1.0000
vt 0.0000 -0.0039
vt -10.7764 0.3262
vt -10.7764 1.0000
vt 0.0000 0.3262
vt -7.9375 0.0078
vt -7.9375 1.0000
vt 31.6152 1.0000
vt 31.9209 0.3506
vt -2.5049 0.3506
vt -1.8555 1.0000
vt 7.1445 1.0000
vt 6.4951 0.3506
vt 0.0000 0.3506
vt 17.0615 1.0000
vt 17.6094 0.0029
vt -1.7305 0.0029
vt -1.2314 1.0000
vt -11.2041 0.0029
vt -11.2041 1.0000
vt 24.6963 1.0000
vt 24.6963 0.0029
vt 31.1074 1.0000
vt 31.6611 0.0117
vt -1.2119 0.0117
vt -0.7773 1.0000
vt 1.2227 1.0000
vt 0.7881 0.0117
vt 0.0000 0.0117
vt 31.7666 1.0000
vt 31.7666 0.3506
vt 25.9209 0.3506
vt 25.6152 1.0000
vt 31.5781 1.0000
vt 31.5781 0.0117
vt 29.6611 0.0117
vt 29.1074 1.0000
vt 1.3613 1.0000
vt 1.3613 0.0166
vt 0.0000 0.0166
vt 1.3457 1.9717
vt 1.3457 1.0000
vt 4.5811 1.0000
vt 4.5811 0.0059
vt -0.0254 0.0059
vt -0.0254 1.0000
vt 0.0000 0.0107
vt 1.3193 1.0000
vt 1.3193 0.0107
vt 3.3350 1.0000
vt 3.6494 0.0117
vt -1.5010 0.0117
vt -1.5010 1.0000
vt 3.1328 1.0000
vt 4.2363 1.0000
vt 4.2363 0.0029
vt 3.4492 0.0029
vt 8.7490 1.0000
vt 8.7490 0.0205
vt -4.4053 0.0205
vt -4.4053 1.0000
vt 12.2109 1.0000
vt 12.2109 0.0205
vt 6.4209 1.6426
vt 6.6484 1.0000
vt -0.6172 1.0000
vt -0.3896 1.6426
vt 5.0986 1.6572
vt 5.3311 1.0000
vt -0.7070 1.0000
vt -0.4746 1.6572
vt 3.1475 0.0107
vt -3.1504 0.0107
vt -3.5000 1.0000
vt 3.4971 1.0000
vt 3.5059 1.0000
vt 3.8555 0.0107
vt -3.1387 0.0107
vt -2.7891 1.0000
vt 5.4082 1.0000
vt -0.9834 1.0000
vt -1.3389 2.0039
vt 5.7627 2.0039
vt 5.8223 1.9971
vt 6.1748 1.0000
vt -0.8750 1.0000
vt -0.5225 1.9971
vt 24.2568 0.0225
vt -0.6318 0.0225
vt -0.9775 1.0000
vt 24.6025 1.0000
vt 24.8438 1.0000
vt 25.1934 0.0127
vt -0.6436 0.0127
vt -0.2949 1.0000
vt 1.2109 1.6523
vt 1.4414 1.0000
vt -5.9375 1.0000
vt -5.7070 1.6523
vt 5.3604 1.6494
vt 5.5898 1.0000
vt -0.3799 1.0000
vt -0.1504 1.6494
vt -3.0293 0.0020
vt -3.0293 1.0000
vt 2.9688 1.0000
vt 3.3223 0.0020
vt -3.7568 0.0303
vt -3.7568 1.0000
vt 1.7305 1.0000
vt 2.0742 0.0303
vt -1.9990 0.0049
vt -1.9990 1.0000
vt 3.9805 1.0000
vt 3.6289 0.0049
vt 25.0869 1.0000
vt 25.2607 0.0039
vt -0.4463 0.0039
vt -0.0947 1.0000
vt 12.3096 1.0000
vt 12.6279 0.0254
vt -1.7441 0.0254
vt -1.0547 1.0000
vt -7.9463 0.0254
vt -7.6016 1.0000
vt 24.9189 1.0000
vt 24.9189 -0.0088
vt 18.0752 -0.0088
vt 17.9521 1.0000
vt 8.1562 -0.0088
vt 8.1562 1.0000
vt -0.7588 -0.0088
vt -1.1162 1.0000
vt 17.2070 1.0000
vt 17.2070 0.0254
vt -1.4043 -0.0068
vt -2.8779 -0.0068
vt -2.8779 1.0000
vt -1.4043 1.0000
vt 1.2842 -0.0068
vt 0.1562 -0.0068
vt 0.0693 1.0000
vt 1.2842 1.0000
vt -1.3174 -0.0068
vt -1.4043 0.7988
vt -1.3174 0.7988
vt -0.1904 -0.0068
vt -0.1904 1.0000
vt -0.2773 -0.0068
vt -0.2773 0.7988
vt -0.1904 0.7988
vt 1.8857 0.0293
vt -0.4785 0.0293
vt -0.4785 1.0000
vt 1.8857 1.0000
vt 1.5312 0.0078
vt -0.3877 0.0078
vt -0.3877 1.0000
vt 1.5312 1.0000
vt -0.7900 0.0068
vt -0.7900 1.0000
vt 1.1953 1.0000
vt 1.1953 0.0068
vt 0.0000 0.0098
vt 1.9814 1.0000
vt 1.9814 0.0098
vt -0.7051 0.0117
vt -0.7051 1.0000
vt 6.6064 1.0000
vt 6.6064 0.0117
vt 1.8008 0.0332
vt -0.1074 0.0332
vt -0.1074 1.0000
vt 1.8008 1.0000
vt 1.8604 0.0352
vt -0.1006 0.0352
vt -0.1006 1.0000
vt 1.8604 1.0000
vt -0.1943 0.0205
vt -0.1943 1.0000
vt 1.4707 1.0000
vt 1.4707 0.0205
vt 3.0117 1.0000
vt 3.0117 0.0293
vt 2.1592 0.0293
vt 2.0830 1.0000
vt 0.9609 0.0293
vt 1.0479 1.0000
vt -0.1738 0.0293
vt -0.1738 1.0000
vt 2.1426 1.0000
vt 2.4990 -0.0068
vt -7.4717 -0.0068
vt -7.4717 1.0000
vt 2.0029 1.0000
vt 2.3525 0.0137
vt -7.7627 0.0137
vt -7.7627 1.0000
vt 24.7949 1.0000
vt 25.1494 -0.0039
vt -1.1162 -0.0039
vt -0.7617 1.0000
vt 25.4092 1.0000
vt 25.7607 0.0059
vt -0.9414 0.0059
vt -0.5898 1.0000
vt 1.0000 0.3057
vt 0.0000 -0.3887
vt 1.0000 -0.3887
vt 0.0000 -1.0000
vt 1.0000 -1.6113
vt 0.9971 -1.0000
vt -0.0029 -1.0000
vt 0.9966 -1.6113
vt -1.0000 -0.3887
vt -1.0000 1.0000
vt -1.0020 -0.3887
vt -1.0000 0.3057
vt 0.9985 0.0000
vt 9.7383 1.0000
vt 10.0820 0.0273
vt -0.9229 0.0273
vt -0.5791 1.0000
vt 1.9580 1.0000
vt 2.2979 0.0381
vt -6.5469 0.0381
vt -6.2070 1.0000
vt 2.0576 1.0000
vt 2.4121 -0.0029
vt -8.9346 -0.0029
vt -8.5801 1.0000
vt 1.9678 1.0000
vt 2.3174 0.0107
vt -6.7715 0.0107
vt -6.4219 1.0000
vt -3.2549 0.0156
vt -3.2549 1.0000
vt 2.3125 1.0000
vt 2.6611 0.0156
vt 23.1934 1.0000
vt 23.7217 0.0137
vt -0.2070 0.0137
vt -0.9043 0.0137
vt -0.5557 1.0000
vt 24.5459 1.0000
vt 24.5459 0.0137
vt 2.0000 1.0000
vt 2.0000 0.0000
vt -0.7881 1.0000
vt 2.6172 1.0000
vt 2.6172 0.0273
vt -0.7881 0.0264
vt 2.3867 0.0127
vt -0.5752 0.0127
vt -0.5752 1.0000
vt 2.3867 1.0000
vt -0.3828 1.0000
vt 2.6201 1.0000
vt 2.6201 -0.0010
vt -0.3828 -0.0010
vt -0.3604 1.0000
vt 2.6602 1.0000
vt 2.6602 -0.0068
vt -0.3604 -0.0068
vt -0.6055 1.0000
vt 2.7646 1.0000
vt 2.7646 0.0371
vt -0.6055 0.0371
vt -0.6992 1.0000
vt 2.6602 0.0400
vt -0.6992 0.0400
vn -0.577 -0.577 -0.577
vn 0.577 0.577 0.577
vn -0.577 -0.577 -0.577
vn 0.577 0.577 0.577
vn -0.577 -0.577 -0.577
vn 0.577 0.577 0.577
vn 0.577 0.577 0.577
vn 0.577 0.577 0.577
vn 0.577 0.577 0.577
vn -0.577 -0.577 -0.577
vn 0.577 0.577 0.577
vn -0.577 -0.577 -0.577
vn 0.577 0.577 0.577
vn -0.577 -0.577 -0.577
vn 0.577 0.577 0.577
vn -0.577 -0.577 -0.577
vn 0.577 0.577 0.577
vn 0.577 0.577 0.577
vn -0.577 -0.577 -0.577
vn 0.577 0.577 0.577
vn 0.577 0.577 0.577
vn 0.577 0.577 0.577
vn 0.577 0.577 0.577
vn 0.577 0.577 0.577
vn 0.577 0.577 0.577
vn 0.577 0.577 0.577
vn -0.577 -0.577 -0.577
vn -0.577 -0.577 -0.577
vn 0.577 0.577 0.577
vn 0.577 0.577 0.577
vn 0.577 0.577 0.577
vn 0.577 0.577 0.577
vn 0.577 0.577 0.577
vn 0.577 0.577 0.577
vn -0.577 -0.577 -0.577
vn 0.577 0.577 0.577
vn 0.577 0.577 0.577
vn 0.577 0.577 0.577
vn 0.577 0.577 0.577
vn 0.577 0.577 0.577
vn 0.577 0.577 0.577
vn 0.577 0.577 0.577
vn 0.577 0.577 0.577
vn 0.577 0.577 0.577
vn 0.577 0.577 0.577
vn 0.577 0.577 0.577
vn 0.577 0.577 0.577
vn 0.577 0.577 0.577
vn 0.649 0.612 0.452
vn 0.628 0.611 0.482
vn 0.628 0.604 0.490
vn 0.631 0.609 0.481
vn 0.628 0.607 0.486
vn -0.472 -0.509 -0.720
vn 0.637 0.588 0.498
vn 0.626 0.610 0.486
vn 0.634 0.604 0.483
vn 0.634 0.604 0.483
vn 0.634 0.604 0.483
vn 0.634 0.604 0.483
vn 0.634 0.604 0.483
vn 0.634 0.604 0.483
vn 0.634 0.604 0.483
vn 0.634 0.604 0.483
vn 0.577 0.577 0.577
vn 0.577 0.577 0.577
vn 0.577 0.577 0.577
vn 0.577 0.577 0.577
vn 0.577 0.577 0.577
vn 0.577 0.577 0.577
vn 0.577 0.577 0.577
vn 0.577 0.577 0.577
vn 0.577 0.577 0.577
vn 0.577 0.577 0.577
vn 0.577 0.577 0.577
vn 0.577 0.577 0.577
vn -0.577 -0.577 -0.577
vn -0.577 -0.577 -0.577
vn 0.577 0.577 0.577
vn 0.577 0.577 0.577
vn -0.577 -0.577 -0.577
vn -0.577 -0.577 -0.577
vn -0.577 -0.577 -0.577
vn -0.577 -0.577 -0.577
vn -0.577 -0.577 -0.577
vn -0.577 -0.577 -0.577
vn -0.577 -0.577 -0.577
vn -0.577 -0.577 -0.577
vn -0.577 -0.577 -0.577
vn -0.577 -0.577 -0.577
vn -0.577 -0.577 -0.577
vn -0.577 -0.577 -0.577
vn -0.577 -0.577 -0.577
vn -0.577 -0.577 -0.577
vn -0.577 -0.577 -0.577
vn -0.577 -0.577 -0.577
vn 0.627 0.614 0.480
vn 0.614 0.627 0.480
vn 0.622 0.622 0.476
vn 0.633 0.595 0.494
vn 0.634 0.604 0.483
vn 0.634 0.604 0.483
vn 0.634 0.604 0.483
vn 0.634 0.604 0.483
vn 0.651 0.574 0.496
vn 0.651 0.574 0.496
vn 0.651 0.574 0.496
vn 0.651 0.574 0.496
vn 0.651 0.574 0.496
vn 0.651 0.574 0.496
vn 0.651 0.574 0.496
vn 0.651 0.574 0.496
vn 0.577 0.577 0.577
vn 0.577 0.577 0.577
vn 0.577 0.577 0.577
vn 0.577 0.577 0.577
vn 0.577 0.577 0.577
vn -0.577 -0.577 -0.577
vn -0.577 -0.577 -0.577
vn -0.577 -0.577 -0.577
vn -0.577 -0.577 -0.577
vn 0.577 0.577 0.577
vn 0.577 0.577 0.577
vn 0.577 0.577 0.577
vn 0.577 0.577 0.577
vn 0.577 0.577 0.577
vn 0.577 0.577 0.577
vn 0.577 0.577 0.577
vn 0.577 0.577 0.577
vn 0.577 0.577 0.577
vn 0.577 0.577 0.577
vn 0.577 0.577 0.577
vn 0.577 0.577 0.577
vn 0.577 0.577 0.577
vn 0.577 0.577 0.577
vn 0.577 0.577 0.577
vn 0.577 0.577 0.577
vn 0.577 0.577 0.577
vn 0.577 0.577 0.577
vn -0.577 -0.577 -0.577
vn -0.577 -0.577 -0.577
vn -0.577 -0.577 -0.577
vn -0.577 -0.577 -0.577
vn -0.577 -0.577 -0.577
vn -0.577 -0.577 -0.577
vn -0.577 -0.577 -0.577
vn -0.577 -0.577 -0.577
vn -0.577 -0.577 -0.577
vn -0.577 -0.577 -0.577
vn -0.577 -0.577 -0.577
vn -0.577 -0.577 -0.577
vn -0.577 -0.577 -0.577
vn -0.577 -0.577 -0.577
vn -0.577 -0.577 -0.577
vn -0.577 -0.577 -0.577
vn 0.577 0.577 0.577
vn 0.577 0.577 0.577
vn -0.577 -0.577 -0.577
vn -0.577 -0.577 -0.577
vn 0.577 0.577 0.577
vn 0.577 0.577 0.577
vn 0.577 0.577 0.577
vn 0.577 0.577 0.577
vn -0.577 -0.577 -0.577
vn -0.577 -0.577 -0.577
vn 0.577 0.577 0.577
vn 0.577 0.577 0.577
vn -0.577 -0.577 -0.577
vn -0.577 -0.577 -0.577
vn 0.577 0.577 0.577
vn 0.577 0.577 0.577
vn 0.618 0.574 0.537
vn 0.612 0.583 0.534
vn 0.614 0.577 0.539
vn 0.608 0.577 0.546
vn 0.610 0.579 0.541
vn 0.611 0.581 0.538
vn 0.610 0.581 0.539
vn 0.609 0.579 0.543
vn 0.613 0.583 0.533
vn 0.615 0.573 0.542
vn 0.615 0.573 0.542
vn 0.615 0.573 0.542
vn 0.611 0.581 0.538
vn 0.614 0.578 0.538
vn 0.614 0.578 0.538
vn 0.611 0.581 0.538
vn 0.599 0.582 0.550
vn 0.599 0.582 0.550
vn 0.599 0.582 0.550
vn 0.599 0.582 0.550
vn 0.613 0.577 0.540
vn 0.607 0.581 0.542
vn 0.607 0.581 0.542
vn 0.607 0.581 0.542
vn 0.599 0.582 0.550
vn 0.599 0.582 0.550
vn 0.599 0.582 0.550
vn 0.599 0.582 0.550
vn 0.613 0.577 0.540
vn 0.607 0.581 0.542
vn 0.607 0.581 0.542
vn 0.613 0.577 0.540
vn -0.577 -0.577 -0.577
vn -0.577 -0.577 -0.577
vn -0.577 -0.577 -0.577
vn -0.577 -0.577 -0.577
vn -0.577 -0.577 -0.577
vn -0.577 -0.577 -0.577
vn -0.577 -0.577 -0.577
vn -0.577 -0.577 -0.577
vn 0.577 0.577 0.577
vn -0.577 -0.577 -0.577
vn -0.577 -0.577 -0.577
vn 0.577 0.577 0.577
vn -0.577 -0.577 -0.577
vn -0.577 -0.577 -0.577
vn -0.577 -0.577 -0.577
vn -0.577 -0.577 -0.577
vn 0.634 0.604 0.483
vn 0.634 0.604 0.483
vn 0.634 0.604 0.483
vn 0.634 0.604 0.483
vn 0.634 0.604 0.483
vn 0.634 0.604 0.483
vn 0.634 0.604 0.483
vn 0.634 0.604 0.483
vn 0.634 0.604 0.483
vn 0.634 0.604 0.483
vn 0.634 0.604 0.483
vn 0.634 0.604 0.483
vn 0.634 0.604 0.483
vn 0.634 0.604 0.483
vn 0.634 0.604 0.483
vn 0.634 0.604 0.483
vn 0.577 0.577 0.577
vn 0.577 0.577 0.577
vn 0.577 0.577 0.577
vn 0.577 0.577 0.577
vn -0.577 -0.577 -0.577
vn -0.577 -0.577 -0.577
vn 0.577 0.577 0.577
vn 0.577 0.577 0.577
vn 0.577 0.577 0.577
vn 0.577 0.577 0.577
vn 0.577 0.577 0.577
vn 0.577 0.577 0.577
vn -0.577 -0.577 -0.577
vn -0.577 -0.577 -0.577
vn 0.577 0.577 0.577
vn 0.577 0.577 0.577
vn 0.614 0.580 0.536
vn 0.602 0.581 0.548
vn 0.602 0.581 0.548
vn 0.602 0.581 0.548
vn 0.597 0.545 0.588
vn 0.608 0.582 0.540
vn 0.608 0.582 0.540
vn 0.597 0.545 0.588
vn 0.599 0.582 0.550
vn 0.599 0.582 0.550
vn 0.599 0.582 0.550
vn 0.599 0.582 0.550
vn 0.599 0.582 0.550
vn 0.599 0.582 0.550
vn 0.599 0.582 0.550
vn 0.599 0.582 0.550
vn 0.577 0.577 0.577
vn 0.577 0.577 0.577
vn 0.577 0.577 0.577
vn 0.577 0.577 0.577
vn -0.577 -0.577 -0.577
vn -0.577 -0.577 -0.577
vn -0.577 -0.577 -0.577
vn -0.577 -0.577 -0.577
vn 0.634 0.604 0.483
vn 0.634 0.604 0.483
vn 0.634 0.604 0.483
vn 0.634 0.604 0.483
vn 0.634 0.604 0.483
vn 0.634 0.604 0.483
vn 0.634 0.604 0.483
vn 0.634 0.604 0.483
vn 0.577 0.577 0.577
vn 0.577 0.577 0.577
vn 0.577 0.577 0.577
vn 0.577 0.577 0.577
vn 0.577 0.577 0.577
vn 0.577 0.577 0.577
vn 0.577 0.577 0.577
vn 0.577 0.577 0.577
vn 0.577 0.577 0.577
vn -0.577 -0.577 -0.577
vn 0.577 0.577 0.577
vn 0.577 0.577 0.577
vn -0.577 -0.577 -0.577
vn -0.577 -0.577 -0.577
vn 0.577 0.577 0.577
vn 0.577 0.577 0.577
vn 0.577 0.577 0.577
vn -0.577 -0.577 -0.577
vn -0.577 -0.577 -0.577
vn 0.577 0.577 0.577
vn -0.577 -0.577 -0.577
vn -0.577 -0.577 -0.577
vn -0.577 -0.577 -0.577
vn 0.577 0.577 0.577
vn 0.577 0.577 0.577
vn 0.577 0.577 0.577
vn 0.577 0.577 0.577
vn 0.577 0.577 0.577
vn 0.577 0.577 0.577
vn -0.577 -0.577 -0.577
vn -0.577 -0.577 -0.577
vn 0.577 0.577 0.577
vn -0.577 -0.577 -0.577
vn 0.577 0.577 0.577
vn 0.577 0.577 0.577
vn -0.577 -0.577 -0.577
vn -0.577 -0.577 -0.577
vn -0.577 -0.577 -0.577
vn -0.577 -0.577 -0.577
vn 0.577 0.577 0.577
vn 0.577 0.577 0.577
vn -0.577 -0.577 -0.577
vn -0.577 -0.577 -0.577
vn 0.577 0.577 0.577
vn -0.577 -0.577 -0.577
vn -0.577 -0.577 -0.577
vn 0.607 0.581 0.542
vn 0.614 0.580 0.536
vn 0.602 0.581 0.548
vn 0.607 0.581 0.542
vn 0.613 0.579 0.537
vn 0.613 0.579 0.537
vn 0.615 0.582 0.533
vn 0.608 0.582 0.540
vn 0.599 0.582 0.550
vn 0.599 0.582 0.550
vn 0.599 0.582 0.550
vn 0.599 0.582 0.550
vn 0.599 0.582 0.550
vn 0.599 0.582 0.550
vn 0.599 0.582 0.550
vn 0.599 0.582 0.550
vn 0.608 0.577 0.546
vn 0.612 0.579 0.539
vn 0.609 0.579 0.543
vn 0.612 0.583 0.534
vn 0.612 0.578 0.540
vn -0.602 0.583 0.545
vn -0.531 -0.573 -0.625
vn -0.536 -0.571 -0.621
vn 0.651 0.574 0.496
vn 0.651 0.574 0.496
vn 0.651 0.574 0.496
vn 0.651 0.574 0.496
vn 0.647 0.574 0.502
vn 0.647 0.572 0.504
vn 0.646 0.576 0.501
vn 0.657 0.557 0.508
vn 0.657 0.557 0.508
vn 0.646 0.576 0.501
vn 0.643 0.577 0.504
vn 0.648 0.574 0.501
vn 0.641 0.581 0.501
vn 0.661 0.594 0.460
vn 0.665 0.537 0.520
vn 0.642 0.577 0.504
vn 0.651 0.574 0.496
vn 0.651 0.574 0.496
vn 0.651 0.574 0.496
vn 0.651 0.574 0.496
vn 0.577 0.577 0.577
vn 0.577 0.577 0.577
vn -0.577 -0.577 -0.577
vn 0.577 0.577 0.577
vn 0.577 0.577 0.577
vn -0.577 -0.577 -0.577
vn 0.577 0.577 0.577
vn 0.577 0.577 0.577
vn 0.639 0.582 0.502
vn 0.649 0.574 0.499
vn 0.647 0.574 0.501
vn 0.641 0.581 0.501
vn 0.577 0.577 0.577
vn 0.577 0.577 0.577
vn 0.577 0.577 0.577
vn 0.577 0.577 0.577
vn 0.577 0.577 0.577
vn 0.577 0.577 0.577
vn 0.577 0.577 0.577
vn 0.577 0.577 0.577
vn -0.577 -0.577 -0.577
vn -0.577 -0.577 -0.577
vn -0.577 -0.577 -0.577
vn -0.577 -0.577 -0.577
vn -0.577 -0.577 -0.577
vn -0.577 -0.577 -0.577
vn -0.577 -0.577 -0.577
vn -0.577 -0.577 -0.577
vn 0.577 0.577 0.577
vn -0.577 -0.577 -0.577
vn -0.577 -0.577 -0.577
vn 0.577 0.577 0.577
vn -0.577 -0.577 -0.577
vn -0.577 -0.577 -0.577
vn -0.577 -0.577 -0.577
vn -0.577 -0.577 -0.577
vn 0.630 0.605 0.487
vn 0.631 0.609 0.481
vn 0.620 0.620 0.482
vn 0.620 0.620 0.482
vn 0.631 0.609 0.481
vn 0.631 0.609 0.481
vn 0.631 0.608 0.482
vn 0.628 0.605 0.489
vn -0.437 -0.494 -0.752
vn -0.437 -0.494 -0.752
vn 0.630 0.604 0.487
vn 0.624 0.608 0.490
vn -0.458 -0.498 -0.737
vn -0.618 0.613 0.492
vn 0.627 0.608 0.486
vn 0.627 0.608 0.486
vn 0.634 0.604 0.483
vn 0.634 0.604 0.483
vn 0.634 0.604 0.483
vn 0.634 0.604 0.483
vn 0.634 0.604 0.483
vn 0.634 0.604 0.483
vn 0.634 0.604 0.483
vn 0.634 0.604 0.483
vn 0.634 0.604 0.483
vn 0.634 0.604 0.483
vn 0.634 0.604 0.483
vn 0.634 0.604 0.483
vn 0.634 0.604 0.483
vn 0.634 0.604 0.483
vn 0.634 0.604 0.483
vn 0.634 0.604 0.483
vn -0.577 -0.577 -0.577
vn -0.577 -0.577 -0.577
vn 0.577 0.577 0.577
vn 0.577 0.577 0.577
vn -0.577 -0.577 -0.577
vn -0.577 -0.577 -0.577
vn -0.577 -0.577 -0.577
vn -0.577 -0.577 -0.577
vn 0.577 0.577 0.577
vn 0.577 0.577 0.577
vn 0.577 0.577 0.577
vn 0.577 0.577 0.577
vn 0.577 0.577 0.577
vn 0.577 0.577 0.577
vn 0.577 0.577 0.577
vn 0.577 0.577 0.577
vn 0.577 0.577 0.577
vn 0.577 0.577 0.577
vn 0.577 0.577 0.577
vn 0.577 0.577 0.577
vn 0.577 0.577 0.577
vn 0.577 0.577 0.577
vn 0.577 0.577 0.577
vn 0.577 0.577 0.577
vn 0.577 0.577 0.577
vn 0.577 0.577 0.577
vn 0.577 0.577 0.577
vn 0.577 0.577 0.577
vn 0.577 0.577 0.577
vn 0.577 0.577 0.577
vn 0.577 0.577 0.577
vn 0.577 0.577 0.577
vn -0.577 -0.577 -0.577
vn -0.577 -0.577 -0.577
vn -0.577 -0.577 -0.577
vn -0.577 -0.577 -0.577
vn -0.577 -0.577 -0.577
vn -0.577 -0.577 -0.577
vn -0.577 -0.577 -0.577
vn -0.577 -0.577 -0.577
vn -0.577 -0.577 -0.577
vn -0.577 -0.577 -0.577
vn 0.577 0.577 0.577
vn 0.577 0.577 0.577
vn 0.577 0.577 0.577
vn 0.577 0.577 0.577
vn 0.577 0.577 0.577
vn 0.577 0.577 0.577
vn 0.577 0.577 0.577
vn 0.577 0.577 0.577
vn 0.577 0.577 0.577
vn 0.577 0.577 0.577
vn 0.577 0.577 0.577
vn 0.577 0.577 0.577
vn 0.577 0.577 0.577
vn 0.577 0.577 0.577
vn 0.577 0.577 0.577
vn 0.577 0.577 0.577
vn 0.577 0.577 0.577
vn 0.577 0.577 0.577
vn 0.577 0.577 0.577
vn 0.577 0.577 0.577
vn 0.577 0.577 0.577
vn 0.577 0.577 0.577
vn 0.577 0.577 0.577
vn 0.577 0.577 0.577
vn 0.577 0.577 0.577
vn 0.577 0.577 0.577
vn -0.577 -0.577 -0.577
vn -0.577 -0.577 -0.577
vn -0.577 -0.577 -0.577
vn -0.577 -0.577 -0.577
vn 0.577 0.577 0.577
vn 0.577 0.577 0.577
vn 0.577 0.577 0.577
vn 0.577 0.577 0.577
vn 0.577 0.577 0.577
vn 0.577 0.577 0.577
vn -0.577 -0.577 -0.577
vn -0.577 -0.577 -0.577
vn 0.577 0.577 0.577
vn 0.577 0.577 0.577
vn -0.577 -0.577 -0.577
vn -0.577 -0.577 -0.577
vn -0.577 -0.577 -0.577
vn -0.577 -0.577 -0.577
vn -0.577 -0.577 -0.577
vn -0.577 -0.577 -0.577
vn -0.577 -0.577 -0.577
vn -0.577 -0.577 -0.577
vn -0.577 -0.577 -0.577
vn -0.577 -0.577 -0.577
vn -0.577 -0.577 -0.577
vn -0.577 -0.577 -0.577
vn 0.577 0.577 0.577
vn 0.577 0.577 0.577
vn -0.577 -0.577 -0.577
vn 0.577 0.577 0.577
vn -0.577 -0.577 -0.577
vn -0.577 -0.577 -0.577
vn 0.577 0.577 0.577
vn 0.577 0.577 0.577
vn 0.613 0.579 0.537
vn 0.613 0.579 0.537
vn 0.608 0.582 0.540
vn 0.608 0.582 0.540
vn 0.613 0.579 0.537
vn 0.613 0.579 0.537
vn 0.615 0.582 0.533
vn 0.615 0.582 0.533
vn 0.608 0.582 0.540
vn 0.608 0.582 0.540
vn 0.613 0.579 0.537
vn 0.613 0.579 0.537
vn 0.599 0.582 0.550
vn 0.599 0.582 0.550
vn 0.599 0.582 0.550
vn 0.599 0.582 0.550
vn 0.599 0.582 0.550
vn 0.599 0.582 0.550
vn 0.599 0.582 0.550
vn 0.599 0.582 0.550
vn 0.599 0.582 0.550
vn 0.599 0.582 0.550
vn 0.599 0.582 0.550
vn 0.599 0.582 0.550
vn -0.577 -0.577 -0.577
vn -0.577 -0.577 -0.577
vn -0.577 -0.577 -0.577
vn -0.577 -0.577 -0.577
vn -0.577 -0.577 -0.577
vn -0.577 -0.577 -0.577
vn -0.577 -0.577 -0.577
vn -0.577 -0.577 -0.577
vn -0.577 -0.577 -0.577
vn -0.577 -0.577 -0.577
vn -0.577 -0.577 -0.577
vn -0.577 -0.577 -0.577
vn 0.634 0.604 0.483
vn 0.634 0.604 0.483
vn 0.634 0.604 0.483
vn 0.634 0.604 0.483
vn 0.634 0.604 0.483
vn 0.634 0.604 0.483
vn 0.634 0.604 0.483
vn 0.634 0.604 0.483
vn 0.651 0.574 0.496
vn 0.651 0.574 0.496
vn 0.651 0.574 0.496
vn 0.651 0.574 0.496
vn 0.651 0.574 0.496
vn 0.651 0.574 0.496
vn 0.651 0.574 0.496
vn 0.651 0.574 0.496
vn 0.651 0.574 0.496
vn 0.651 0.574 0.496
vn 0.651 0.574 0.496
vn 0.651 0.574 0.496
vn -0.577 -0.577 -0.577
vn -0.577 -0.577 -0.577
vn -0.577 -0.577 -0.577
vn -0.577 -0.577 -0.577
vn -0.577 -0.577 -0.577
vn -0.577 -0.577 -0.577
vn 0.577 0.577 0.577
vn 0.577 0.577 0.577
vn 0.577 0.577 0.577
vn 0.577 0.577 0.577
vn -0.577 -0.577 -0.577
vn -0.577 -0.577 -0.577
vn 0.577 0.577 0.577
vn 0.577 0.577 0.577
vn 0.577 0.577 0.577
vn 0.577 0.577 0.577
vn 0.577 0.577 0.577
vn 0.577 0.577 0.577
vn -0.577 -0.577 -0.577
vn -0.577 -0.577 -0.577
vn -0.577 -0.577 -0.577
vn -0.577 -0.577 -0.577
vn -0.577 -0.577 -0.577
vn -0.577 -0.577 -0.577
vn 0.577 0.577 0.577
vn 0.577 0.577 0.577
vn 0.577 0.577 0.577
vn 0.577 0.577 0.577
vn 0.577 0.577 0.577
vn 0.577 0.577 0.577
vn 0.577 0.577 0.577
vn 0.577 0.577 0.577
vn 0.577 0.577 0.577
vn 0.577 0.577 0.577
vn 0.615 0.573 0.542
vn 0.613 0.579 0.537
vn 0.608 0.582 0.540
vn 0.615 0.573 0.542
vn 0.599 0.582 0.550
vn 0.599 0.582 0.550
vn 0.599 0.582 0.550
vn 0.599 0.582 0.550
vn 0.610 0.579 0.541
vn 0.614 0.580 0.536
vn -0.537 -0.571 -0.620
vn 0.614 0.580 0.536
vn 0.651 0.574 0.496
vn 0.651 0.574 0.496
vn 0.651 0.574 0.496
vn 0.651 0.574 0.496
vn 0.646 0.572 0.505
vn 0.649 0.572 0.501
vn 0.646 0.577 0.500
vn 0.643 0.577 0.503
vn 0.648 0.577 0.497
vn 0.648 0.574 0.501
vn 0.647 0.574 0.501
vn 0.642 0.577 0.504
vn -0.577 -0.577 -0.577
vn -0.577 -0.577 -0.577
vn -0.577 -0.577 -0.577
vn 0.577 0.577 0.577
vn 0.577 0.577 0.577
vn 0.577 0.577 0.577
vn 0.577 0.577 0.577
vn 0.577 0.577 0.577
vn 0.577 0.577 0.577
vn 0.577 0.577 0.577
vn -0.577 -0.577 -0.577
vn -0.577 -0.577 -0.577
vn -0.577 -0.577 -0.577
vn -0.577 -0.577 -0.577
vn 0.577 0.577 0.577
vn 0.577 0.577 0.577
vn 0.620 0.572 0.537
vn 0.613 0.577 0.540
vn 0.613 0.577 0.540
vn 0.607 0.584 0.538
vn 0.607 0.584 0.538
vn 0.614 0.580 0.536
vn 0.614 0.580 0.536
vn 0.607 0.584 0.538
vn 0.599 0.582 0.550
vn 0.599 0.582 0.550
vn 0.599 0.582 0.550
vn 0.599 0.582 0.550
vn 0.599 0.582 0.550
vn 0.599 0.582 0.550
vn 0.599 0.582 0.550
vn 0.599 0.582 0.550
vn 0.577 0.577 0.577
vn 0.577 0.577 0.577
vn 0.577 0.577 0.577
vn 0.577 0.577 0.577
vn 0.577 0.577 0.577
vn 0.577 0.577 0.577
vn 0.577 0.577 0.577
vn 0.577 0.577 0.577
vn 0.634 0.604 0.483
vn 0.634 0.604 0.483
vn 0.634 0.604 0.483
vn 0.634 0.604 0.483
vn 0.634 0.604 0.483
vn 0.634 0.604 0.483
vn 0.634 0.604 0.483
vn 0.634 0.604 0.483
vn 0.648 0.574 0.501
vn 0.648 0.574 0.501
vn 0.648 0.574 0.501
vn 0.659 0.554 0.509
vn 0.651 0.574 0.496
vn 0.651 0.574 0.496
vn 0.651 0.574 0.496
vn 0.651 0.574 0.496
vn 0.651 0.574 0.496
vn 0.651 0.574 0.496
vn 0.651 0.574 0.496
vn 0.651 0.574 0.496
vn -0.577 -0.577 -0.577
vn -0.577 -0.577 -0.577
vn -0.577 -0.577 -0.577
vn -0.577 -0.577 -0.577
vn 0.577 0.577 0.577
vn 0.577 0.577 0.577
vn -0.577 -0.577 -0.577
vn -0.577 -0.577 -0.577
vn -0.577 -0.577 -0.577
vn -0.577 -0.577 -0.577
vn 0.577 0.577 0.577
vn 0.577 0.577 0.577
vn 0.577 0.577 0.577
vn 0.577 0.577 0.577
vn 0.577 0.577 0.577
vn 0.577 0.577 0.577
vn 0.577 0.577 0.577
vn 0.577 0.577 0.577
vn 0.577 0.577 0.577
vn 0.577 0.577 0.577
vn 0.577 0.577 0.577
vn 0.577 0.577 0.577
vn 0.577 0.577 0.577
vn 0.577 0.577 0.577
vn 0.577 0.577 0.577
vn 0.577 0.577 0.577
vn 0.577 0.577 0.577
vn 0.577 0.577 0.577
vn 0.577 0.577 0.577
vn 0.577 0.577 0.577
vn 0.577 0.577 0.577
vn 0.577 0.577 0.577
vn 0.577 0.577 0.577
vn 0.577 0.577 0.577
vn 0.577 0.577 0.577
vn 0.577 0.577 0.577
vn 0.577 0.577 0.577
vn 0.577 0.577 0.577
vn -0.577 -0.577 -0.577
vn 0.577 0.577 0.577
vn 0.577 0.577 0.577
vn 0.577 0.577 0.577
vn 0.577 0.577 0.577
vn 0.577 0.577 0.577
vn 0.577 0.577 0.577
vn 0.577 0.577 0.577
vn 0.577 0.577 0.577
vn 0.577 0.577 0.577
vn 0.577 0.577 0.577
vn 0.577 0.577 0.577
vn -0.577 -0.577 -0.577
vn 0.577 0.577 0.577
vn 0.577 0.577 0.577
vn -0.577 -0.577 -0.577
vn 0.607 0.581 0.542
vn 0.612 0.585 0.532
vn 0.613 0.577 0.540
vn 0.613 0.577 0.540
vn 0.599 0.582 0.550
vn 0.599 0.582 0.550
vn 0.599 0.582 0.550
vn 0.599 0.582 0.550
vn 0.577 0.577 0.577
vn 0.577 0.577 0.577
vn 0.577 0.577 0.577
vn 0.577 0.577 0.577
vn 0.634 0.604 0.483
vn 0.634 0.604 0.483
vn 0.634 0.604 0.483
vn 0.634 0.604 0.483
vn 0.634 0.604 0.483
vn 0.634 0.604 0.483
vn 0.634 0.604 0.483
vn 0.634 0.604 0.483
vn 0.651 0.574 0.496
vn 0.651 0.574 0.496
vn 0.651 0.574 0.496
vn 0.651 0.574 0.496
vn 0.577 0.577 0.577
vn 0.577 0.577 0.577
vn 0.577 0.577 0.577
vn 0.577 0.577 0.577
vn 0.577 0.577 0.577
vn 0.577 0.577 0.577
vn 0.577 0.577 0.577
vn 0.577 0.577 0.577
vn 0.577 0.577 0.577
vn 0.577 0.577 0.577
vn 0.577 0.577 0.577
vn 0.577 0.577 0.577
vn 0.577 0.577 0.577
vn 0.577 0.577 0.577
vn 0.577 0.577 0.577
vn 0.577 0.577 0.577
vn 0.577 0.577 0.577
vn 0.577 0.577 0.577
vn 0.577 0.577 0.577
vn 0.577 0.577 0.577
vn -0.577 -0.577 -0.577
vn -0.577 -0.577 -0.577
vn -0.577 -0.577 -0.577
vn -0.577 -0.577 -0.577
vn -0.577 -0.577 -0.577
vn -0.577 -0.577 -0.577
vn -0.577 -0.577 -0.577
vn -0.577 -0.577 -0.577
vn 0.577 0.577 0.577
vn -0.577 -0.577 -0.577
vn 0.577 0.577 0.577
vn -0.577 -0.577 -0.577
vn -0.577 -0.577 -0.577
vn 0.577 0.577 0.577
vn -0.577 -0.577 -0.577
vn -0.577 -0.577 -0.577
vn 0.577 0.577 0.577
vn -0.577 -0.577 -0.577
vn -0.577 -0.577 -0.577
vn 0.577 0.577 0.577
vn 0.577 0.577 0.577
vn -0.577 -0.577 -0.577
vn 0.577 0.577 0.577
vn 0.577 0.577 0.577
vn -0.577 -0.577 -0.577
vn -0.577 -0.577 -0.577
vn -0.577 -0.577 -0.577
vn 0.577 0.577 0.577
vn 0.577 0.577 0.577
vn -0.577 -0.577 -0.577
vn -0.577 -0.577 -0.577
vn 0.577 0.577 0.577
vn -0.577 -0.577 -0.577
vn -0.577 -0.577 -0.577
vn -0.577 -0.577 -0.577
vn -0.577 -0.577 -0.577
vn -0.577 -0.577 -0.577
vn -0.577 -0.577 -0.577
vn -0.577 -0.577 -0.577
vn -0.577 -0.577 -0.577
vn -0.577 -0.577 -0.577
vn -0.577 -0.577 -0.577
vn 0.634 0.604 0.483
vn 0.634 0.604 0.483
vn 0.634 0.604 0.483
vn 0.634 0.604 0.483
vn 0.634 0.604 0.483
vn 0.634 0.604 0.483
vn 0.634 0.604 0.483
vn 0.634 0.604 0.483
vn 0.651 0.574 0.496
vn 0.651 0.574 0.496
vn 0.651 0.574 0.496
vn 0.651 0.574 0.496
vn -0.577 -0.577 -0.577
vn -0.577 -0.577 -0.577
vn -0.577 -0.577 -0.577
vn -0.577 -0.577 -0.577
vn -0.577 -0.577 -0.577
vn -0.577 -0.577 -0.577
vn 0.577 0.577 0.577
vn 0.577 0.577 0.577
vn 0.577 0.577 0.577
vn 0.577 0.577 0.577
vn -0.577 -0.577 -0.577
vn -0.577 -0.577 -0.577
vn -0.577 -0.577 -0.577
vn -0.577 -0.577 -0.577
vn -0.577 -0.577 -0.577
vn -0.577 -0.577 -0.577
vn 0.577 0.577 0.577
vn 0.577 0.577 0.577
vn -0.577 -0.577 -0.577
vn -0.577 -0.577 -0.577
vn -0.577 -0.577 -0.577
vn 0.577 0.577 0.577
vn -0.577 -0.577 -0.577
vn -0.577 -0.577 -0.577
vn -0.577 -0.577 -0.577
vn -0.577 -0.577 -0.577
vn 0.577 0.577 0.577
vn 0.577 0.577 0.577
vn 0.577 0.577 0.577
vn 0.577 0.577 0.577
vn -0.577 -0.577 -0.577
vn 0.577 0.577 0.577
vn 0.577 0.577 0.577
vn -0.577 -0.577 -0.577
vn -0.577 -0.577 -0.577
vn -0.577 -0.577 -0.577
vn -0.577 -0.577 -0.577
vn -0.577 -0.577 -0.577
vn -0.577 -0.577 -0.577
vn -0.577 -0.577 -0.577
vn -0.577 -0.577 -0.577
vn -0.577 -0.577 -0.577
vn 0.577 0.577 0.577
vn 0.577 0.577 0.577
vn 0.577 0.577 0.577
vn 0.577 0.577 0.577
vn -0.577 -0.577 -0.577
vn -0.577 -0.577 -0.577
vn -0.577 -0.577 -0.577
vn -0.577 -0.577 -0.577
vn -0.577 -0.577 -0.577
vn 0.577 0.577 0.577
vn 0.577 0.577 0.577
vn -0.577 -0.577 -0.577
vn -0.577 -0.577 -0.577
vn -0.577 -0.577 -0.577
vn -0.577 -0.577 -0.577
vn -0.577 -0.577 -0.577
vn -0.577 -0.577 -0.577
vn -0.577 -0.577 -0.577
vn -0.577 -0.577 -0.577
vn -0.577 -0.577 -0.577
vn -0.577 -0.577 -0.577
vn -0.577 -0.577 -0.577
vn -0.577 -0.577 -0.577
vn -0.577 -0.577 -0.577
vn -0.577 -0.577 -0.577
vn -0.577 -0.577 -0.577
vn -0.577 -0.577 -0.577
vn -0.577 -0.577 -0.577
vn -0.577 -0.577 -0.577
vn -0.577 -0.577 -0.577
vn -0.577 -0.577 -0.577
vn -0.577 -0.577 -0.577
vn -0.577 -0.577 -0.577
vn -0.577 -0.577 -0.577
vn -0.577 -0.577 -0.577
vn -0.577 -0.577 -0.577
vn -0.577 -0.577 -0.577
vn -0.577 -0.577 -0.577
vn -0.577 -0.577 -0.577
vn -0.577 -0.577 -0.577
vn -0.577 -0.577 -0.577
vn -0.577 -0.577 -0.577
vn -0.577 -0.577 -0.577
vn -0.577 -0.577 -0.577
vn -0.577 -0.577 -0.577
vn -0.577 -0.577 -0.577
vn -0.577 -0.577 -0.577
vn -0.577 -0.577 -0.577
vn -0.577 -0.577 -0.577
vn -0.577 -0.577 -0.577
vn -0.577 -0.577 -0.577
vn -0.577 -0.577 -0.577
vn -0.577 -0.577 -0.577
vn -0.577 -0.577 -0.577
vn -0.577 -0.577 -0.577
vn -0.577 -0.577 -0.577
vn -0.577 -0.577 -0.577
vn 0.577 0.577 0.577
vn 0.577 0.577 0.577
vn -0.577 -0.577 -0.577
vn 0.577 0.577 0.577
vn 0.577 0.577 0.577
vn 0.577 0.577 0.577
vn 0.577 0.577 0.577
vn 0.577 0.577 0.577
vn 0.577 0.577 0.577
vn 0.577 0.577 0.577
vn -0.577 -0.577 -0.577
vn -0.577 -0.577 -0.577
vn -0.577 -0.577 -0.577
vn -0.577 -0.577 -0.577
vn -0.577 -0.577 -0.577
vn -0.577 -0.577 -0.577
vn 0.577 0.577 0.577
vn 0.577 0.577 0.577
vn -0.577 -0.577 -0.577
vn -0.577 -0.577 -0.577
vn -0.577 -0.577 -0.577
vn -0.577 -0.577 -0.577
vn -0.577 -0.577 -0.577
vn -0.577 -0.577 -0.577
vn -0.577 -0.577 -0.577
vn -0.577 -0.577 -0.577
vn -0.577 -0.577 -0.577
vn -0.577 -0.577 -0.577
vn -0.577 -0.577 -0.577
vn -0.577 -0.577 -0.577
vn 0.577 0.577 0.577
vn 0.577 0.577 0.577
vn -0.577 -0.577 -0.577
vn -0.577 -0.577 -0.577
vn -0.577 -0.577 -0.577
vn 0.577 0.577 0.577
vn 0.577 0.577 0.577
vn 0.577 0.577 0.577
vn 0.577 0.577 0.577
vn 0.577 0.577 0.577
vn 0.577 0.577 0.577
vn 0.577 0.577 0.577
vn 0.577 0.577 0.577
vn 0.577 0.577 0.577
vn 0.577 0.577 0.577
vn 0.577 0.577 0.577
vn 0.577 0.577 0.577
vn 0.577 0.577 0.577
vn 0.577 0.577 0.577
vn 0.577 0.577 0.577
vn 0.577 0.577 0.577
vn 0.577 0.577 0.577
vn 0.577 0.577 0.577
vn 0.577 0.577 0.577
vn 0.577 0.577 0.577
vn 0.577 0.577 0.577
vn 0.577 0.577 0.577
vn 0.577 0.577 0.577
vn 0.577 0.577 0.577
vn 0.577 0.577 0.577
vn 0.577 0.577 0.577
vn 0.577 0.577 0.577
vn 0.577 0.577 0.577
vn 0.577 0.577 0.577
vn 0.577 0.577 0.577
vn 0.577 0.577 0.577
vn 0.577 0.577 0.577
vn 0.577 0.577 0.577
vn 0.577 0.577 0.577
vn 0.577 0.577 0.577
vn 0.577 0.577 0.577
vn -0.577 -0.577 -0.577
vn -0.577 -0.577 -0.577
vn 0.577 0.577 0.577
vn 0.577 0.577 0.577
vn 0.577 0.577 0.577
vn 0.577 0.577 0.577
vn 0.577 0.577 0.577
vn 0.577 0.577 0.577
vn 0.577 0.577 0.577
vn 0.577 0.577 0.577
vn 0.577 0.577 0.577
vn 0.577 0.577 0.577
vn -0.577 -0.577 -0.577
vn -0.577 -0.577 -0.577
vn -0.577 -0.577 -0.577
vn -0.577 -0.577 -0.577
vn 0.577 0.577 0.577
vn 0.577 0.577 0.577
vn 0.577 0.577 0.577
vn 0.577 0.577 0.577
vn 0.577 0.577 0.577
vn 0.577 0.577 0.577
vn 0.577 0.577 0.577
vn 0.577 0.577 0.577
vn 0.577 0.577 0.577
vn -0.577 -0.577 -0.577
vn -0.577 -0.577 -0.577
vn 0.577 0.577 0.577
vn -0.577 -0.577 -0.577
vn -0.577 -0.577 -0.577
vn -0.577 -0.577 -0.577
vn -0.577 -0.577 -0.577
vn -0.577 -0.577 -0.577
vn -0.577 -0.577 -0.577
vn -0.577 -0.577 -0.577
vn -0.577 -0.577 -0.577
vn -0.577 -0.577 -0.577
vn -0.577 -0.577 -0.577
vn -0.577 -0.577 -0.577
vn -0.577 -0.577 -0.577
vn 0.577 0.577 0.577
vn 0.577 0.577 0.577
vn 0.577 0.577 0.577
vn 0.577 0.577 0.577
vn 0.577 0.577 0.577
vn 0.577 0.577 0.577
vn 0.577 0.577 0.577
vn 0.577 0.577 0.577
vn -0.577 -0.577 -0.577
vn -0.577 -0.577 -0.577
vn -0.577 -0.577 -0.577
vn -0.577 -0.577 -0.577
vn 0.577 0.577 0.577
vn 0.577 0.577 0.577
vn 0.577 0.577 0.577
vn 0.577 0.577 0.577
vn -0.577 -0.577 -0.577
vn -0.577 -0.577 -0.577
vn -0.577 -0.577 -0.577
vn -0.577 -0.577 -0.577
vn 0.577 0.577 0.577
vn 0.577 0.577 0.577
vn 0.577 0.577 0.577
vn 0.577 0.577 0.577
vn -0.577 -0.577 -0.577
vn -0.577 -0.577 -0.577
vn -0.577 -0.577 -0.577
vn -0.577 -0.577 -0.577
vn -0.577 -0.577 -0.577
vn -0.577 -0.577 -0.577
vn -0.577 -0.577 -0.577
vn -0.577 -0.577 -0.577
vn -0.577 -0.577 -0.577
vn -0.577 -0.577 -0.577
vn -0.577 -0.577 -0.577
vn -0.577 -0.577 -0.577
vn -0.577 -0.577 -0.577
vn -0.577 -0.577 -0.577
vn -0.577 -0.577 -0.577
vn -0.577 -0.577 -0.577
vn -0.577 -0.577 -0.577
vn -0.577 -0.577 -0.577
vn -0.577 -0.577 -0.577
vn -0.577 -0.577 -0.577
vn -0.577 -0.577 -0.577
vn -0.577 -0.577 -0.577
vn -0.577 -0.577 -0.577
vn -0.577 -0.577 -0.577
vn -0.577 -0.577 -0.577
vn -0.577 -0.577 -0.577
vn -0.577 -0.577 -0.577
vn -0.577 -0.577 -0.577
vn -0.577 -0.577 -0.577
vn -0.577 -0.577 -0.577
vn -0.577 -0.577 -0.577
vn -0.577 -0.577 -0.577
vn -0.577 -0.577 -0.577
vn -0.577 -0.577 -0.577
vn -0.577 -0.577 -0.577
vn -0.577 -0.577 -0.577
vn -0.577 -0.577 -0.577
vn -0.577 -0.577 -0.577
vn -0.577 -0.577 -0.577
vn -0.577 -0.577 -0.577
vn 0.577 0.577 0.577
vn 0.577 0.577 0.577
vn 0.577 0.577 0.577
vn 0.577 0.577 0.577
vn 0.577 0.577 0.577
vn 0.577 0.577 0.577
vn 0.577 0.577 0.577
vn 0.577 0.577 0.577
vn 0.577 0.577 0.577
vn 0.577 0.577 0.577
vn 0.577 0.577 0.577
vn 0.577 0.577 0.577
vn 0.577 0.577 0.577
vn 0.577 0.577 0.577
vn 0.577 0.577 0.577
vn 0.577 0.577 0.577
vn -0.577 -0.577 -0.577
vn -0.577 -0.577 -0.577
vn -0.577 -0.577 -0.577
vn -0.577 -0.577 -0.577
vn -0.577 -0.577 -0.577
vn -0.577 -0.577 -0.577
vn -0.577 -0.577 -0.577
vn -0.577 -0.577 -0.577
vn -0.577 -0.577 -0.577
vn -0.577 -0.577 -0.577
vn -0.577 -0.577 -0.577
vn -0.577 -0.577 -0.577
vn 0.577 0.577 0.577
vn 0.577 0.577 0.577
vn 0.577 0.577 0.577
vn 0.577 0.577 0.577
vn 0.577 0.577 0.577
vn 0.577 0.577 0.577
vn 0.577 0.577 0.577
vn 0.577 0.577 0.577
vn 0.577 0.577 0.577
vn 0.577 0.577 0.577
vn 0.577 0.577 0.577
vn 0.577 0.577 0.577
vn 0.577 0.577 0.577
vn 0.577 0.577 0.577
vn 0.577 0.577 0.577
vn 0.577 0.577 0.577
usemtl tex_20_lit_ds
f 1/1/1 2/2/2 3/3/3
f 2/2/2 4/4/4 3/3/3
f 5/5/5 1/1/1 3/3/3
f 6/6/6 5/5/5 3/3/3
f 7/7/7 6/6/6 3/3/3
f 8/8/8 9/9/9 10/10/10
f 9/9/9 11/11/11 10/10/10
f 11/11/11 12/12/12 10/10/10
f 12/12/12 11/11/11 13/13/13
f 14/14/14 12/12/12 13/13/13
f 15/15/15 16/16/16 14/14/14
f 17/17/17 18/15/18 19/14/19
f 20/13/20 17/17/17 19/14/19
f 21/18/21 22/19/22 23/13/23
f 20/13/20 24/19/24 25/20/25
f 25/20/25 17/17/17 20/13/20
f 26/21/26 27/22/27 28/16/28
f 29/23/29 30/24/30 27/22/27
f 27/22/27 26/21/26 29/23/29
f 31/25/31 32/21/32 33/15/33
f 34/21/34 35/16/35 36/15/36
f 37/26/37 38/23/38 39/27/39
f 40/24/40 38/23/38 37/26/37
usemtl tex_2369_lit_ds
f 41/28/41 42/29/42 43/30/43
f 41/28/41 43/30/43 44/31/44
f 45/32/45 46/33/46 47/34/47
f 45/32/45 47/34/47 48/35/48
usemtl tex_2402_lit_ds
f 49/36/49 50/37/50 51/38/51
f 49/36/49 51/38/51 52/39/52
f 53/40/53 54/41/54 55/42/55
f 53/40/53 55/42/55 56/39/56
f 57/43/57 58/44/58 59/45/59
f 57/43/57 59/45/59 60/46/60
f 61/47/61 62/48/62 63/49/63
f 61/47/61 63/49/63 64/39/64
usemtl tex_373_lit_ds
f 65/50/65 66/51/66 67/52/67
f 65/50/65 67/52/67 68/53/68
f 69/54/69 70/55/70 71/56/71
f 69/54/69 71/56/71 72/57/72
f 73/58/73 74/59/74 75/60/75
f 73/58/73 75/60/75 76/61/76
f 77/62/77 78/63/78 79/64/79
f 77/62/77 79/64/79 80/65/80
f 81/66/81 82/67/82 83/68/83
f 81/66/81 83/68/83 84/69/84
f 85/70/85 86/71/86 87/67/87
f 85/70/85 87/67/87 88/66/88
f 89/72/89 90/73/90 91/74/91
f 89/72/89 91/74/91 92/75/92
f 93/76/93 94/77/94 95/78/95
f 93/76/93 95/78/95 96/79/96
f 97/80/97 98/81/98 99/82/99
f 97/80/97 99/82/99 100/83/100
f 101/84/101 102/85/102 103/86/103
f 101/84/101 103/86/103 104/87/104
f 105/88/105 106/89/106 107/90/107
f 105/88/105 107/90/107 108/91/108
f 109/92/109 110/93/110 111/94/111
f 109/92/109 111/94/111 112/95/112
f 113/96/113 114/97/114 115/98/115
f 113/96/113 115/98/115 116/99/116
f 116/99/116 115/98/115 117/39/117
f 118/100/118 119/101/119 120/102/120
f 118/100/118 120/102/120 121/103/121
f 121/103/121 120/102/120 122/104/122
f 121/103/121 122/104/122 123/105/123
f 124/106/124 125/107/125 126/97/126
f 124/106/124 126/97/126 127/96/127
f 128/108/128 129/109/129 130/101/130
f 128/108/128 130/101/130 131/100/131
usemtl tex_374_lit_ds
f 132/110/132 133/111/133 134/112/134
f 132/110/132 134/112/134 135/113/135
f 136/114/136 137/115/137 138/116/138
f 136/114/136 138/116/138 139/117/139
f 140/118/140 141/119/141 142/120/142
f 140/118/140 142/120/142 143/121/143
f 144/122/144 145/123/145 146/124/146
f 144/122/144 146/124/146 147/125/147
f 148/126/148 149/127/149 150/119/150
f 148/126/148 150/119/150 151/118/151
f 152/128/152 153/129/153 154/123/154
f 152/128/152 154/123/154 155/122/155
usemtl tex_374_lit_ds_ovl
f 156/130/156 157/131/157 158/132/158
f 156/130/156 158/132/158 159/133/159
f 160/134/160 161/135/161 162/136/162
f 160/134/160 162/136/162 163/137/163
f 164/138/164 165/139/165 166/140/166
f 164/138/164 166/140/166 167/141/167
f 168/142/168 169/143/169 170/144/170
f 168/142/168 170/144/170 171/145/171
usemtl tex_374_lit_ds
f 172/146/172 173/147/173 174/148/174
f 172/146/172 174/148/174 175/149/175
f 176/150/176 177/151/177 178/152/178
f 176/150/176 178/152/178 179/153/179
f 180/154/180 181/155/181 182/156/182
f 180/154/180 182/156/182 183/157/183
f 184/158/184 185/159/185 186/160/186
f 184/158/184 186/160/186 187/161/187
f 188/162/188 189/163/189 190/164/190
f 188/162/188 190/164/190 191/39/191
usemtl tex_374_lit_ds_ovl
f 192/165/192 193/166/193 194/167/194
f 192/165/192 194/167/194 195/39/195
usemtl tex_374_lit_ds
f 196/168/196 197/169/197 198/170/198
f 196/168/196 198/170/198 199/171/199
f 200/172/200 201/173/201 202/39/202
f 200/172/200 202/39/202 203/174/203
f 204/175/204 205/176/205 206/177/206
f 204/175/204 206/177/206 207/178/207
f 208/179/208 209/180/209 210/181/210
f 208/179/208 210/181/210 211/182/211
f 212/183/212 213/184/213 214/185/214
f 212/183/212 214/185/214 215/186/215
f 216/187/216 217/164/217 218/39/218
f 216/187/216 218/39/218 219/188/219
usemtl tex_374_lit_ds_ovl
f 220/189/220 221/190/221 222/191/222
f 220/189/220 222/191/222 223/192/223
f 224/193/224 225/194/225 226/195/226
f 224/193/224 226/195/226 227/196/227
f 228/197/228 229/198/229 230/199/230
f 228/197/228 230/199/230 231/200/231
f 232/201/232 233/202/233 234/203/234
f 232/201/232 234/203/234 235/204/235
usemtl tex_375_lit_ds_ovl
f 236/205/236 237/206/237 238/207/238
f 236/205/236 238/207/238 239/208/239
f 240/209/240 241/210/241 242/211/242
f 240/209/240 242/211/242 243/212/243
usemtl tex_375_lit_ds
f 244/213/244 245/214/245 246/215/246
f 244/213/244 246/215/246 247/39/247
f 248/216/248 249/217/249 250/218/250
f 248/216/248 250/218/250 251/219/251
f 252/220/252 253/221/253 254/222/254
f 252/220/252 254/222/254 255/223/255
f 256/224/256 257/225/257 258/226/258
f 256/224/256 258/226/258 259/227/259
usemtl tex_375_lit_ds_ovl
f 260/228/260 261/229/261 262/230/262
f 260/228/260 262/230/262 263/231/263
usemtl tex_375_lit_ds
f 264/232/264 265/233/265 266/39/266
f 264/232/264 266/39/266 267/234/267
f 268/235/268 269/236/269 270/237/270
f 268/235/268 270/237/270 271/238/271
f 272/239/272 273/240/273 274/241/274
f 272/239/272 274/241/274 275/242/275
f 276/243/276 277/244/277 278/245/278
f 276/243/276 278/245/278 279/246/279
f 280/247/280 281/248/281 282/249/282
f 280/247/280 282/249/282 283/250/283
usemtl tex_309_lit_ds_ovl
f 284/251/284 285/252/285 286/253/286
f 284/251/284 286/253/286 287/254/287
f 288/255/288 289/256/289 290/257/290
f 288/255/288 290/257/290 291/258/291
f 292/259/292 293/260/293 294/261/294
f 292/259/292 294/261/294 295/75/295
f 296/262/296 297/263/297 298/264/298
f 296/262/296 298/264/298 299/265/299
f 300/266/300 301/267/301 302/268/302
f 300/266/300 302/268/302 303/269/303
f 304/270/304 305/271/305 306/272/306
f 304/270/304 306/272/306 302/268/302
f 307/273/307 308/274/308 309/270/309
f 307/273/307 309/270/309 310/275/310
f 308/274/308 311/276/311 312/271/312
f 308/274/308 312/271/312 309/270/309
usemtl tex_309_lit_ds
f 313/277/313 314/267/314 315/266/315
f 316/277/316 317/266/317 318/278/318
f 319/279/319 320/280/320 321/267/321
f 319/279/319 321/267/321 322/277/322
f 323/281/323 324/282/324 320/280/320
f 323/281/323 320/280/320 325/279/325
usemtl tex_309_lit_ds_ovl
f 326/282/326 327/275/327 328/270/328
f 326/282/326 328/270/328 329/280/329
f 330/283/330 331/284/331 332/285/332
f 330/283/330 332/285/332 333/39/333
f 334/286/334 335/287/335 336/288/336
f 334/286/334 336/288/336 337/39/337
f 338/289/338 339/290/339 340/98/340
f 338/289/338 340/98/340 341/39/341
f 342/291/342 343/292/343 344/293/344
f 342/291/342 344/293/344 345/39/345
f 346/294/346 347/295/347 348/296/348
f 346/294/346 348/296/348 349/297/349
f 350/298/350 351/299/351 352/300/352
f 350/298/350 352/300/352 353/301/353
f 354/302/354 355/303/355 356/304/356
f 354/302/354 356/304/356 357/305/357
usemtl tex_309_lit_ds
f 358/306/358 359/307/359 360/308/360
f 358/306/358 360/308/360 361/309/361
f 362/309/362 363/308/363 364/310/364
f 362/309/362 364/310/364 365/311/365
f 366/312/366 367/313/367 368/307/368
f 366/312/366 368/307/368 369/306/369
usemtl tex_2405_lit_ds_ovl
f 370/314/370 371/315/371 372/316/372
f 370/314/370 372/316/372 373/317/373
f 374/318/374 375/319/375 376/320/376
f 374/318/374 376/320/376 377/321/377
f 378/321/378 379/320/379 380/322/380
f 378/321/378 380/322/380 381/323/381
f 382/324/382 383/325/383 384/319/384
f 382/324/382 384/319/384 385/318/385
usemtl tex_1484_lit_ds
f 386/326/386 387/327/387 388/328/388
f 386/326/386 388/328/388 389/329/389
f 390/330/390 391/331/391 392/332/392
f 390/330/390 392/332/392 393/333/393
usemtl tex_179_lit_ds_ovl
f 394/334/394 395/335/395 396/336/396
f 394/334/394 396/336/396 397/39/397
f 398/337/398 399/338/399 400/339/400
f 398/337/398 400/339/400 401/340/401
f 402/341/402 403/342/403 404/335/404
f 402/341/402 404/335/404 405/334/405
f 406/343/406 407/344/407 408/338/408
f 406/343/406 408/338/408 409/337/409
f 410/345/410 411/346/411 412/347/412
f 410/345/410 412/347/412 413/39/413
f 414/348/414 415/349/415 416/350/416
f 414/348/414 416/350/416 417/39/417
f 418/39/418 419/351/419 420/352/420
f 418/39/418 420/352/420 421/353/421
f 422/354/422 423/355/423 424/356/424
f 422/354/422 424/356/424 425/357/425
f 426/358/426 427/359/427 428/360/428
f 426/358/426 428/360/428 429/361/429
f 430/362/430 431/363/431 432/364/432
f 430/362/430 432/364/432 433/365/433
f 434/366/434 435/367/435 436/368/436
f 434/366/434 436/368/436 437/369/437
f 438/370/438 439/371/439 440/372/440
f 438/370/438 440/372/440 441/39/441
usemtl tex_1019_lit_ds_ovl
f 442/373/442 443/374/443 444/375/444
f 442/373/442 444/375/444 445/39/445
f 446/376/446 447/377/447 448/378/448
f 446/376/446 448/378/448 449/379/449
f 446/376/446 450/380/450 451/381/451
f 446/376/446 451/381/451 447/377/447
usemtl tex_1019_lit_ds
f 452/382/452 453/383/453 454/384/454
f 452/382/452 454/384/454 455/385/455
f 453/383/453 456/386/456 457/387/457
f 453/383/453 457/387/457 454/384/454
f 458/388/458 459/389/459 460/390/460
f 458/388/458 460/390/460 461/391/461
f 462/392/462 463/393/463 464/394/464
f 462/392/462 464/394/464 465/395/465
f 466/396/466 467/397/467 468/398/468
f 466/396/466 468/398/468 469/399/469
f 467/397/467 470/400/470 471/401/471
f 467/397/467 471/401/471 468/398/468
f 470/400/470 472/402/472 473/403/473
f 470/400/470 473/403/473 471/401/471
usemtl tex_1019_lit_ds_ovl
f 474/393/474 475/404/475 476/405/476
f 474/393/474 476/405/476 477/392/477
f 478/406/478 479/407/479 480/408/480
f 478/406/478 480/408/480 481/409/481
f 482/410/482 483/411/483 479/407/479
f 482/410/482 479/407/479 478/406/478
f 484/412/484 485/39/485 483/411/483
f 484/412/484 483/411/483 482/410/482
usemtl tex_1019_lit_ds
f 486/39/486 487/283/487 488/413/488
f 486/39/486 488/413/488 489/414/489
f 490/415/490 491/416/491 492/417/492
f 490/415/490 492/417/492 493/39/493
f 494/418/494 495/419/495 496/420/496
f 494/418/494 496/420/496 497/421/497
f 498/422/498 499/423/499 500/424/500
f 498/422/498 500/424/500 501/425/501
f 502/426/502 503/427/503 504/392/504
f 502/426/502 504/392/504 505/395/505
f 506/428/506 507/39/507 508/427/508
f 506/428/506 508/427/508 509/426/509
usemtl tex_1019_lit_ds_ovl
f 510/405/510 511/429/511 512/427/512
f 510/405/510 512/427/512 513/392/513
f 511/429/511 514/430/514 515/39/515
f 511/429/511 515/39/515 512/427/512
usemtl tex_378_lit_ds
f 516/431/516 517/432/517 518/433/518
f 516/431/516 518/433/518 519/434/519
usemtl tex_378_lit_ds_ovl
f 520/435/520 521/436/521 522/437/522
f 520/435/520 522/437/522 523/438/523
f 524/439/524 525/440/525 526/441/526
f 524/439/524 526/441/526 527/442/527
usemtl tex_378_lit_ds
f 528/443/528 529/444/529 530/445/530
f 528/443/528 530/445/530 531/446/531
usemtl tex_378_lit_ds_ovl
f 532/447/532 533/448/533 534/440/534
f 532/447/532 534/440/534 535/439/535
f 536/449/536 537/450/537 538/451/538
f 536/449/536 538/451/538 539/452/539
f 540/39/540 541/453/541 542/454/542
f 540/39/540 542/454/542 543/455/543
f 544/39/544 545/456/545 546/457/546
f 544/39/544 546/457/546 547/458/547
f 548/39/548 549/459/549 550/460/550
f 548/39/548 550/460/550 551/461/551
usemtl tex_378_lit_ds
f 552/39/552 553/462/553 554/463/554
f 552/39/552 554/463/554 555/464/555
usemtl tex_378_lit_ds_ovl
f 556/465/556 557/466/557 558/467/558
f 556/465/556 558/467/558 559/39/559
f 560/468/560 561/469/561 562/470/562
f 560/468/560 562/470/562 563/39/563
f 564/471/564 565/472/565 566/473/566
f 564/471/564 566/473/566 567/39/567
f 568/474/568 569/475/569 570/476/570
f 568/474/568 570/476/570 571/477/571
f 572/478/572 573/479/573 574/480/574
f 572/478/572 574/480/574 575/481/575
usemtl tex_378_lit_ds
f 576/482/576 577/483/577 578/484/578
f 576/482/576 578/484/578 579/485/579
usemtl tex_378_lit_ds_ovl
f 580/39/580 581/486/581 582/487/582
f 580/39/580 582/487/582 583/488/583
f 584/489/584 585/490/585 586/473/586
f 584/489/584 586/473/586 587/39/587
f 588/491/588 589/492/589 590/39/590
f 588/491/588 590/39/590 591/493/591
f 592/494/592 593/495/593 594/39/594
f 592/494/592 594/39/594 595/496/595
f 596/497/596 597/498/597 598/39/598
f 596/497/596 598/39/598 599/98/599
f 600/499/600 601/500/601 602/501/602
f 600/499/600 602/501/602 603/502/603
f 604/503/604 605/504/605 606/505/606
f 604/503/604 606/505/606 607/39/607
f 608/506/608 609/507/609 610/508/610
f 608/506/608 610/508/610 611/509/611
f 611/509/611 610/508/610 612/510/612
f 611/509/611 612/510/612 613/511/613
f 614/512/614 615/513/615 616/507/616
f 614/512/614 616/507/616 617/506/617
f 618/514/618 619/515/619 620/516/620
f 618/514/618 620/516/620 621/517/621
f 622/518/622 623/519/623 624/520/624
f 622/518/622 624/520/624 625/39/625
f 626/521/626 627/522/627 628/523/628
f 626/521/626 628/523/628 629/524/629
f 630/525/630 631/526/631 632/527/632
f 630/525/630 632/527/632 633/528/633
usemtl tex_178_lit_ds_ovl
f 634/529/634 635/530/635 636/531/636
f 634/529/634 636/531/636 637/39/637
f 638/532/638 639/533/639 640/39/640
f 638/532/638 640/39/640 641/351/641
f 642/534/642 643/535/643 644/536/644
f 642/534/642 644/536/644 645/537/645
f 646/538/646 647/39/647 648/539/648
f 646/538/646 648/539/648 649/540/649
f 650/541/650 651/542/651 652/543/652
f 650/541/650 652/543/652 653/544/653
f 654/545/654 655/546/655 656/547/656
f 654/545/654 656/547/656 657/548/657
usemtl tex_379_lit_ds
f 658/549/658 659/550/659 660/551/660
f 658/549/658 660/551/660 661/552/661
f 662/553/662 663/554/663 664/550/664
f 662/553/662 664/550/664 665/549/665
f 666/555/666 667/556/667 668/557/668
f 666/555/666 668/557/668 669/558/669
f 670/559/670 671/560/671 672/561/672
f 670/559/670 672/561/672 673/562/673
f 674/563/674 675/564/675 676/565/676
f 674/563/674 676/565/676 677/566/677
f 678/567/678 679/568/679 680/569/680
f 678/567/678 680/569/680 681/570/681
f 682/571/682 683/572/683 684/573/684
f 682/571/682 684/573/684 685/574/685
f 686/575/686 687/576/687 688/577/688
f 686/575/686 688/577/688 689/578/689
f 690/579/690 691/580/691 692/581/692
f 690/579/690 692/581/692 693/582/693
f 694/583/694 695/584/695 696/585/696
f 694/583/694 696/585/696 697/586/697
f 698/587/698 699/588/699 700/589/700
f 698/587/698 700/589/700 701/590/701
f 702/591/702 703/592/703 704/593/704
f 702/591/702 704/593/704 705/594/705
f 706/595/706 707/596/707 708/597/708
f 706/595/706 708/597/708 709/598/709
f 710/599/710 711/600/711 712/601/712
f 710/599/710 712/601/712 713/602/713
f 714/603/714 715/604/715 716/605/716
f 714/603/714 716/605/716 717/606/717
f 718/607/718 719/608/719 720/609/720
f 718/607/718 720/609/720 721/610/721
f 722/611/722 723/612/723 724/613/724
f 722/611/722 724/613/724 725/614/725
f 726/614/726 727/613/727 728/615/728
f 726/614/726 728/615/728 729/616/729
f 730/617/730 731/618/731 732/619/732
f 730/617/730 732/619/732 733/620/733
f 734/620/734 735/619/735 736/621/736
f 734/620/734 736/621/736 737/622/737
f 737/622/737 736/621/736 738/623/738
f 737/622/737 738/623/738 739/624/739
f 740/625/740 741/626/741 742/612/742
f 740/625/740 742/612/742 743/611/743
usemtl tex_1473_lit_ds_w01_ovl
f 744/627/744 745/628/745 746/629/746
f 744/627/744 746/629/746 747/630/747
f 748/631/748 749/632/749 750/633/750
f 748/631/748 750/633/750 751/634/751
f 752/635/752 753/627/753 754/636/754
f 752/635/752 754/636/754 755/637/755
f 756/638/756 757/639/757 758/633/758
f 756/638/756 758/633/758 759/632/759
f 760/640/760 761/641/761 762/642/762
f 760/640/760 762/642/762 763/638/763
f 764/643/764 765/644/765 766/645/766
f 764/643/764 766/645/766 767/646/767
f 768/647/768 769/648/769 770/649/770
f 768/647/768 770/649/770 771/650/771
f 772/651/772 773/652/773 774/653/774
f 772/651/772 774/653/774 775/654/775
f 776/655/776 777/39/777 778/656/778
f 776/655/776 778/656/778 779/657/779
f 780/658/780 781/659/781 782/660/782
f 780/658/780 782/660/782 783/661/783
f 784/662/784 785/663/785 786/664/786
f 784/662/784 786/664/786 787/665/787
f 788/666/788 789/667/789 790/668/790
f 788/666/788 790/668/790 791/669/791
usemtl tex_1473_lit_ds_w01
f 792/670/792 793/671/793 794/672/794
f 792/670/792 794/672/794 795/673/795
usemtl tex_1473_lit_ds_w01_ovl
f 796/674/796 797/675/797 798/676/798
f 796/674/796 798/676/798 799/677/799
f 800/677/800 801/676/801 802/678/802
f 800/677/800 802/678/802 803/679/803
f 804/679/804 805/678/805 806/680/806
f 804/679/804 806/680/806 807/681/807
usemtl tex_380_lit_ds
f 808/682/808 809/683/809 810/684/810
f 808/682/808 810/684/810 811/685/811
f 812/686/812 813/687/813 814/688/814
f 812/686/812 814/688/814 815/689/815
f 816/690/816 817/691/817 818/692/818
f 816/690/816 818/692/818 819/693/819
f 820/694/820 821/695/821 822/696/822
f 820/694/820 822/696/822 823/697/823
usemtl tex_1124_lit_ds
f 824/283/824 825/698/825 826/39/826
f 827/699/827 826/39/826 825/698/825
f 825/698/825 828/700/828 827/699/827
f 828/700/828 829/701/829 827/699/827
f 830/702/830 829/701/829 828/700/828
f 831/703/831 832/704/832 833/705/833
f 827/699/827 829/701/829 834/706/834
f 835/39/835 836/707/836 837/708/837
f 838/704/838 839/39/839 837/708/837
f 840/699/840 841/706/841 842/709/842
f 843/39/843 840/699/840 842/709/842
f 844/707/844 843/39/843 842/709/842
f 838/704/838 845/703/845 846/710/846
f 835/39/835 838/704/838 846/710/846
f 847/283/847 835/39/835 846/710/846
usemtl tex_381_lit_ds
f 848/711/848 849/712/849 850/713/850
f 851/711/851 852/713/852 853/714/853
f 854/715/854 855/716/855 856/717/856
f 854/715/854 856/717/856 857/718/857
usemtl tex_381_lit_ds_ovl
f 858/719/858 859/720/859 860/721/860
f 858/719/858 860/721/860 861/722/861
usemtl tex_381_lit_ds
f 862/723/862 863/724/863 864/725/864
f 862/723/862 864/725/864 865/726/865
f 866/727/866 867/728/867 868/729/868
f 866/727/866 868/729/868 869/730/869
f 870/731/870 871/732/871 872/733/872
f 870/731/870 872/733/872 873/39/873
f 873/39/873 872/733/872 874/734/874
f 873/39/873 874/734/874 875/735/875
f 876/736/876 877/737/877 878/732/878
f 876/736/876 878/732/878 879/731/879
usemtl tex_1533_lit_ds
f 880/738/880 881/739/881 882/284/882
f 880/738/880 882/284/882 883/283/883
f 882/284/882 884/285/884 885/39/885
f 882/284/882 885/39/885 883/283/883
usemtl tex_1532_lit_ds
f 886/283/886 887/738/887 888/739/888
f 886/283/886 888/739/888 889/284/889
f 890/285/890 891/39/891 886/283/886
f 890/285/890 886/283/886 889/284/889
usemtl tex_1514_lit_ds_ovl
f 892/39/892 893/39/893 894/39/894
f 892/39/892 894/39/894 895/39/895
f 896/39/896 897/39/897 898/39/898
f 896/39/896 898/39/898 899/39/899
usemtl tex_1518_lit_ds_w01_ovl
f 900/285/900 901/39/901 902/283/902
f 900/285/900 902/283/902 903/284/903
f 904/285/904 905/39/905 906/283/906
f 904/285/904 906/283/906 907/284/907
f 908/285/908 909/39/909 910/283/910
f 908/285/908 910/283/910 911/284/911
f 912/285/912 913/39/913 914/283/914
f 912/285/912 914/283/914 915/284/915
f 916/285/916 917/39/917 918/283/918
f 916/285/916 918/283/918 919/284/919
f 920/285/920 921/39/921 922/283/922
f 920/285/920 922/283/922 923/284/923
f 924/285/924 925/39/925 926/283/926
f 924/285/924 926/283/926 927/284/927
f 928/285/928 929/39/929 930/283/930
f 928/285/928 930/283/930 931/284/931
f 932/285/932 933/39/933 934/283/934
f 932/285/932 934/283/934 935/284/935
f 936/285/936 937/39/937 938/283/938
f 936/285/936 938/283/938 939/284/939
f 940/285/940 941/39/941 942/283/942
f 940/285/940 942/283/942 943/284/943
f 944/284/944 945/285/945 946/39/946
f 944/284/944 946/39/946 947/283/947
f 948/284/948 949/285/949 950/39/950
f 948/284/948 950/39/950 951/283/951
f 952/284/952 953/285/953 954/39/954
f 952/284/952 954/39/954 955/283/955
f 956/284/956 957/285/957 958/39/958
f 956/284/956 958/39/958 959/283/959
f 960/284/960 961/285/961 962/39/962
f 960/284/960 962/39/962 963/283/963
f 964/284/964 965/285/965 966/39/966
f 964/284/964 966/39/966 967/283/967
usemtl tex_1519_lit_ds_w01_ovl
f 968/284/968 969/285/969 970/39/970
f 968/284/968 970/39/970 971/283/971
f 972/285/972 973/39/973 974/283/974
f 972/285/972 974/283/974 975/284/975
f 976/285/976 977/39/977 978/283/978
f 976/285/976 978/283/978 979/284/979
f 980/285/980 981/39/981 982/283/982
f 980/285/980 982/283/982 983/284/983
f 984/285/984 985/39/985 986/283/986
f 984/285/984 986/283/986 987/284/987
f 988/285/988 989/39/989 990/283/990
f 988/285/988 990/283/990 991/284/991
f 992/284/992 993/285/993 994/39/994
f 992/284/992 994/39/994 995/283/995
f 996/283/996 997/284/997 998/285/998
f 996/283/996 998/285/998 999/39/999
f 1000/283/1000 1001/284/1001 1002/285/1002
f 1000/283/1000 1002/285/1002 1003/39/1003
f 1004/283/1004 1005/284/1005 1006/285/1006
f 1004/283/1004 1006/285/1006 1007/39/1007
f 1008/283/1008 1009/284/1009 1010/285/1010
f 1008/283/1008 1010/285/1010 1011/39/1011
usemtl tex_1516_lit_ds_w01_ovl
f 1012/283/1012 1013/284/1013 1014/285/1014
f 1012/283/1012 1014/285/1014 1015/39/1015
f 1016/283/1016 1017/284/1017 1018/285/1018
f 1016/283/1016 1018/285/1018 1019/39/1019
f 1020/283/1020 1021/284/1021 1022/285/1022
f 1020/283/1020 1022/285/1022 1023/39/1023
f 1024/283/1024 1025/284/1025 1026/285/1026
f 1024/283/1024 1026/285/1026 1027/39/1027
f 1028/284/1028 1029/285/1029 1030/39/1030
f 1028/284/1028 1030/39/1030 1031/283/1031
f 1032/284/1032 1033/285/1033 1034/39/1034
f 1032/284/1032 1034/39/1034 1035/283/1035
f 1036/284/1036 1037/285/1037 1038/39/1038
f 1036/284/1036 1038/39/1038 1039/283/1039
f 1040/284/1040 1041/285/1041 1042/39/1042
f 1040/284/1040 1042/39/1042 1043/283/1043
f 1044/284/1044 1045/285/1045 1046/39/1046
f 1044/284/1044 1046/39/1046 1047/283/1047
f 1048/284/1048 1049/285/1049 1050/39/1050
f 1048/284/1048 1050/39/1050 1051/283/1051
f 1052/284/1052 1053/285/1053 1054/39/1054
f 1052/284/1052 1054/39/1054 1055/283/1055
usemtl tex_379_lit_ds_ovl
f 1056/740/1056 1057/741/1057 1058/742/1058
f 1056/740/1056 1058/742/1058 1059/743/1059
f 1060/740/1060 1061/741/1061 1062/742/1062
f 1060/740/1060 1062/742/1062 1063/743/1063
f 1064/740/1064 1065/741/1065 1066/742/1066
f 1064/740/1064 1066/742/1066 1067/743/1067
f 1068/740/1068 1069/741/1069 1070/742/1070
f 1068/740/1068 1070/742/1070 1071/743/1071
f 1072/744/1072 1073/745/1073 1074/746/1074
f 1072/744/1072 1074/746/1074 1075/747/1075
f 1076/744/1076 1077/745/1077 1078/746/1078
f 1076/744/1076 1078/746/1078 1079/747/1079
f 1080/744/1080 1081/745/1081 1082/746/1082
f 1080/744/1080 1082/746/1082 1083/747/1083
f 1084/744/1084 1085/745/1085 1086/746/1086
f 1084/744/1084 1086/746/1086 1087/747/1087
f 1088/744/1088 1089/745/1089 1090/746/1090
f 1088/744/1088 1090/746/1090 1091/747/1091
f 1092/744/1092 1093/745/1093 1094/746/1094
f 1092/744/1092 1094/746/1094 1095/747/1095
f 1096/744/1096 1097/745/1097 1098/746/1098
f 1096/744/1096 1098/746/1098 1099/747/1099
f 1100/744/1100 1101/745/1101 1102/746/1102
f 1100/744/1100 1102/746/1102 1103/747/1103
f 1104/744/1104 1105/745/1105 1106/746/1106
f 1104/744/1104 1106/746/1106 1107/747/1107
f 1108/744/1108 1109/745/1109 1110/746/1110
f 1108/744/1108 1110/746/1110 1111/747/1111
f 1112/744/1112 1113/745/1113 1114/746/1114
f 1112/744/1112 1114/746/1114 1115/747/1115
f 1116/744/1116 1117/745/1117 1118/746/1118
f 1116/744/1116 1118/746/1118 1119/747/1119
f 1120/744/1120 1121/745/1121 1122/746/1122
f 1120/744/1120 1122/746/1122 1123/747/1123
f 1124/744/1124 1125/745/1125 1126/746/1126
f 1124/744/1124 1126/746/1126 1127/747/1127
usemtl tex_380_lit_ds_ovl
f 1128/748/1128 1129/749/1129 1130/750/1130
f 1128/748/1128 1130/750/1130 1131/751/1131
f 1132/748/1132 1133/749/1133 1134/750/1134
f 1132/748/1132 1134/750/1134 1135/751/1135
f 1136/748/1136 1137/749/1137 1138/750/1138
f 1136/748/1136 1138/750/1138 1139/751/1139
f 1140/748/1140 1141/749/1141 1142/750/1142
f 1140/748/1140 1142/750/1142 1143/751/1143
usemtl tex_381_lit_ds_ovl
f 1144/752/1144 1145/753/1145 1146/754/1146
f 1144/752/1144 1146/754/1146 1147/755/1147
f 1148/752/1148 1149/753/1149 1150/754/1150
f 1148/752/1148 1150/754/1150 1151/755/1151
f 1152/752/1152 1153/753/1153 1154/754/1154
f 1152/752/1152 1154/754/1154 1155/755/1155
f 1156/752/1156 1157/753/1157 1158/754/1158
f 1156/752/1156 1158/754/1158 1159/755/1159
f 1160/756/1160 1161/757/1161 1162/758/1162
f 1160/756/1160 1162/758/1162 1163/759/1163
f 1164/760/1164 1165/753/1165 1166/761/1166
f 1164/760/1164 1166/761/1166 1167/762/1167
f 1168/760/1168 1169/753/1169 1170/761/1170
f 1168/760/1168 1170/761/1170 1171/762/1171
usemtl tex_2381_lit_ds_w11_ovl
f 1172/284/1172 1173/285/1173 1174/39/1174
f 1172/284/1172 1174/39/1174 1175/283/1175
f 1176/284/1176 1177/285/1177 1178/39/1178
f 1176/284/1176 1178/39/1178 1179/283/1179
f 1180/284/1180 1181/285/1181 1182/39/1182
f 1180/284/1180 1182/39/1182 1183/283/1183
f 1184/284/1184 1185/285/1185 1186/39/1186
f 1184/284/1184 1186/39/1186 1187/283/1187
