mtllib Pst_pete_room_3tZ.mtl
v -979.0 -1146.0 -3000.0 1.000 1.000 1.000
v -2437.0 -1146.0 -3000.0 1.000 1.000 1.000
v -2437.0 -1146.0 -2208.0 1.000 1.000 1.000
v -979.0 -1146.0 -1958.0 1.000 1.000 1.000
v -979.0 -1146.0 -1000.0 1.000 1.000 1.000
v -2979.0 -1146.0 -1000.0 1.000 1.000 1.000
v -2979.0 -1146.0 -2208.0 1.000 1.000 1.000
v 896.0 -1146.0 2208.0 1.000 1.000 1.000
v 1521.0 -1146.0 1000.0 1.000 1.000 1.000
v 21.0 -1146.0 1000.0 1.000 1.000 1.000
v 1896.0 -1146.0 2208.0 1.000 1.000 1.000
v 3021.0 -1146.0 1000.0 1.000 1.000 1.000
v 62.0 -1146.0 2208.0 1.000 1.000 1.000
v 896.0 -1146.0 2208.0 1.000 1.000 1.000
v 62.0 -1146.0 1958.0 1.000 1.000 1.000
v 62.0 -1146.0 1958.0 1.000 1.000 1.000
v 3021.0 -1146.0 2000.0 1.000 1.000 1.000
v 1896.0 -1146.0 2208.0 1.000 1.000 1.000
v 3021.0 -1146.0 2208.0 1.000 1.000 1.000
v 3021.0 -1146.0 1000.0 1.000 1.000 1.000
v -2979.0 -1146.0 1958.0 1.000 1.000 1.000
v -1479.0 -1146.0 1000.0 1.000 1.000 1.000
v -2979.0 -1146.0 1000.0 1.000 1.000 1.000
v 62.0 -1146.0 1958.0 1.000 1.000 1.000
v 21.0 -1146.0 1000.0 1.000 1.000 1.000
v 1021.0 -1146.0 -1000.0 1.000 1.000 1.000
v 3021.0 -1146.0 -1000.0 1.000 1.000 1.000
v 1771.0 -1146.0 -2000.0 1.000 1.000 1.000
v 3021.0 -1146.0 -2000.0 1.000 1.000 1.000
v 1021.0 -1146.0 -1958.0 1.000 1.000 1.000
v 1021.0 -1146.0 -3000.0 1.000 1.000 1.000
v 1771.0 -1146.0 -3000.0 1.000 1.000 1.000
v 3021.0 -438.0 2917.0 1.000 1.000 1.000
v 3021.0 -896.0 2917.0 1.000 1.000 1.000
v 3021.0 -896.0 2250.0 1.000 1.000 1.000
v 3021.0 -438.0 2250.0 1.000 1.000 1.000
v 820.0 -896.0 2250.0 1.000 1.000 1.000
v 659.0 -438.0 2250.0 1.000 1.000 1.000
v 2187.0 -438.0 2250.0 1.000 1.000 1.000
v 1979.0 -896.0 2250.0 1.000 1.000 1.000
v 3021.0 -438.0 2250.0 1.000 1.000 1.000
v 3021.0 -896.0 2250.0 1.000 1.000 1.000
v 21.0 -896.0 2250.0 1.000 1.000 1.000
v 21.0 -438.0 2250.0 1.000 1.000 1.000
v 659.0 -438.0 2250.0 1.000 1.000 1.000
v 820.0 -896.0 2250.0 1.000 1.000 1.000
v -2479.0 229.0 -2250.0 1.000 1.000 1.000
v -2479.0 271.0 -2250.0 1.000 1.000 1.000
v -2979.0 271.0 -2250.0 1.000 1.000 1.000
v -2979.0 229.0 -2250.0 1.000 1.000 1.000
v -2479.0 271.0 -2250.0 1.000 1.000 1.000
v -2437.0 312.0 -2208.0 1.000 1.000 1.000
v -3021.0 312.0 -2208.0 1.000 1.000 1.000
v -2979.0 271.0 -2250.0 1.000 1.000 1.000
v -2479.0 229.0 -3000.0 1.000 1.000 1.000
v -2479.0 271.0 -3000.0 1.000 1.000 1.000
v -2479.0 271.0 -2250.0 1.000 1.000 1.000
v -2479.0 229.0 -2250.0 1.000 1.000 1.000
v -2479.0 271.0 -3000.0 1.000 1.000 1.000
v -2437.0 312.0 -3042.0 1.000 1.000 1.000
v -2437.0 312.0 -2208.0 1.000 1.000 1.000
v -2479.0 271.0 -2250.0 1.000 1.000 1.000
v -2979.0 229.0 -2250.0 1.000 1.000 1.000
v -2979.0 271.0 -2250.0 1.000 1.000 1.000
v -2979.0 271.0 -3000.0 1.000 1.000 1.000
v -2979.0 229.0 -3000.0 1.000 1.000 1.000
v -2979.0 271.0 -2250.0 1.000 1.000 1.000
v -3021.0 312.0 -2208.0 1.000 1.000 1.000
v -3021.0 312.0 -3042.0 1.000 1.000 1.000
v -2979.0 271.0 -3000.0 1.000 1.000 1.000
v 3062.0 1104.0 2917.0 1.000 1.000 1.000
v 3062.0 1021.0 2917.0 1.000 1.000 1.000
v 3062.0 1021.0 2208.0 1.000 1.000 1.000
v 3062.0 1104.0 2208.0 1.000 1.000 1.000
v 3062.0 1021.0 2917.0 1.000 1.000 1.000
v 3021.0 979.0 2917.0 1.000 1.000 1.000
v 3021.0 979.0 2250.0 1.000 1.000 1.000
v 3062.0 1021.0 2208.0 1.000 1.000 1.000
v 3021.0 979.0 2917.0 1.000 1.000 1.000
v 3021.0 896.0 2917.0 1.000 1.000 1.000
v 3021.0 896.0 2250.0 1.000 1.000 1.000
v 3021.0 979.0 2250.0 1.000 1.000 1.000
v 182.0 979.0 2250.0 1.000 1.000 1.000
v 119.0 1021.0 2208.0 1.000 1.000 1.000
v 2979.0 1021.0 2208.0 1.000 1.000 1.000
v 2954.0 979.0 2250.0 1.000 1.000 1.000
v 2954.0 979.0 2250.0 1.000 1.000 1.000
v 2979.0 1021.0 2208.0 1.000 1.000 1.000
v 3062.0 1021.0 2208.0 1.000 1.000 1.000
v 3021.0 979.0 2250.0 1.000 1.000 1.000
v 119.0 1021.0 2208.0 1.000 1.000 1.000
v 83.0 1104.0 2208.0 1.000 1.000 1.000
v 3062.0 1104.0 2208.0 1.000 1.000 1.000
v 2979.0 1021.0 2208.0 1.000 1.000 1.000
v 2979.0 1021.0 2208.0 1.000 1.000 1.000
v 3062.0 1104.0 2208.0 1.000 1.000 1.000
v 3062.0 1021.0 2208.0 1.000 1.000 1.000
v 229.0 896.0 2250.0 1.000 1.000 1.000
v 182.0 979.0 2250.0 1.000 1.000 1.000
v 2954.0 979.0 2250.0 1.000 1.000 1.000
v 2918.0 896.0 2250.0 1.000 1.000 1.000
v 3021.0 979.0 2250.0 1.000 1.000 1.000
v 3021.0 896.0 2250.0 1.000 1.000 1.000
v 21.0 896.0 2250.0 1.000 1.000 1.000
v 21.0 979.0 2250.0 1.000 1.000 1.000
v 182.0 979.0 2250.0 1.000 1.000 1.000
v 229.0 896.0 2250.0 1.000 1.000 1.000
v 21.0 979.0 2250.0 1.000 1.000 1.000
v 21.0 1021.0 2208.0 1.000 1.000 1.000
v 119.0 1021.0 2208.0 1.000 1.000 1.000
v 21.0 979.0 2250.0 1.000 1.000 1.000
v 119.0 1021.0 2208.0 1.000 1.000 1.000
v 182.0 979.0 2250.0 1.000 1.000 1.000
v 21.0 1021.0 2208.0 1.000 1.000 1.000
v 21.0 1104.0 2208.0 1.000 1.000 1.000
v 83.0 1104.0 2208.0 1.000 1.000 1.000
v 119.0 1021.0 2208.0 1.000 1.000 1.000
v 21.0 312.0 2000.0 1.000 1.000 1.000
v 21.0 354.0 2000.0 1.000 1.000 1.000
v 21.0 354.0 3125.0 1.000 1.000 1.000
v 21.0 312.0 3125.0 1.000 1.000 1.000
v -2979.0 312.0 3125.0 1.000 1.000 1.000
v -2979.0 354.0 3125.0 1.000 1.000 1.000
v -2979.0 354.0 2000.0 1.000 1.000 1.000
v -2979.0 312.0 2000.0 1.000 1.000 1.000
v -2979.0 312.0 2000.0 1.000 1.000 1.000
v -2979.0 354.0 2000.0 1.000 1.000 1.000
v 21.0 354.0 2000.0 1.000 1.000 1.000
v 21.0 312.0 2000.0 1.000 1.000 1.000
v 1771.0 979.0 -2000.0 1.000 1.000 1.000
v 1687.0 1062.0 -1917.0 1.000 1.000 1.000
v 1687.0 1062.0 -3083.0 1.000 1.000 1.000
v 1771.0 979.0 -3000.0 1.000 1.000 1.000
v 3021.0 979.0 -2000.0 1.000 1.000 1.000
v 3104.0 1062.0 -1917.0 1.000 1.000 1.000
v 1687.0 1062.0 -1917.0 1.000 1.000 1.000
v 1771.0 979.0 -2000.0 1.000 1.000 1.000
v -2354.0 1146.0 -2125.0 1.000 1.000 1.000
v -3104.0 1146.0 -2125.0 1.000 1.000 1.000
v -3062.0 1104.0 -2167.0 1.000 1.000 1.000
v -2396.0 1104.0 -2167.0 1.000 1.000 1.000
v -2354.0 1146.0 -3125.0 1.000 1.000 1.000
v -2354.0 1146.0 -2125.0 1.000 1.000 1.000
v -2396.0 1104.0 -2167.0 1.000 1.000 1.000
v -2396.0 1104.0 -3083.0 1.000 1.000 1.000
v -3104.0 1146.0 -2125.0 1.000 1.000 1.000
v -3104.0 1146.0 -3125.0 1.000 1.000 1.000
v -3062.0 1104.0 -3083.0 1.000 1.000 1.000
v -3062.0 1104.0 -2167.0 1.000 1.000 1.000
v 1771.0 979.0 -3000.0 1.000 1.000 1.000
v 1687.0 1062.0 -3083.0 1.000 1.000 1.000
v 3104.0 1062.0 -3083.0 1.000 1.000 1.000
v 3021.0 979.0 -3000.0 1.000 1.000 1.000
v 3021.0 979.0 -3000.0 1.000 1.000 1.000
v 3104.0 1062.0 -3083.0 1.000 1.000 1.000
v 3104.0 1062.0 -1917.0 1.000 1.000 1.000
v 3021.0 979.0 -2000.0 1.000 1.000 1.000
v 21.0 -271.0 2000.0 1.000 1.000 1.000
v 62.0 -229.0 1958.0 1.000 1.000 1.000
v 62.0 -229.0 3125.0 1.000 1.000 1.000
v 21.0 -271.0 3125.0 1.000 1.000 1.000
v 21.0 354.0 2000.0 1.000 1.000 1.000
v 62.0 396.0 1958.0 1.000 1.000 1.000
v 62.0 396.0 3125.0 1.000 1.000 1.000
v 21.0 354.0 3125.0 1.000 1.000 1.000
v -2979.0 354.0 3125.0 1.000 1.000 1.000
v -3021.0 396.0 3125.0 1.000 1.000 1.000
v -3021.0 396.0 1958.0 1.000 1.000 1.000
v -2979.0 354.0 2000.0 1.000 1.000 1.000
v -2979.0 -271.0 3125.0 1.000 1.000 1.000
v -3021.0 -229.0 3125.0 1.000 1.000 1.000
v -3021.0 -229.0 1958.0 1.000 1.000 1.000
v -2979.0 -271.0 2000.0 1.000 1.000 1.000
v -2979.0 -271.0 2000.0 1.000 1.000 1.000
v -3021.0 -229.0 1958.0 1.000 1.000 1.000
v 62.0 -229.0 1958.0 1.000 1.000 1.000
v 21.0 -271.0 2000.0 1.000 1.000 1.000
v -2979.0 354.0 2000.0 1.000 1.000 1.000
v -3021.0 396.0 1958.0 1.000 1.000 1.000
v 62.0 396.0 1958.0 1.000 1.000 1.000
v 21.0 354.0 2000.0 1.000 1.000 1.000
v -2479.0 -396.0 -2250.0 1.000 1.000 1.000
v -2437.0 -354.0 -2208.0 1.000 1.000 1.000
v -3021.0 -354.0 -2208.0 1.000 1.000 1.000
v -2979.0 -396.0 -2250.0 1.000 1.000 1.000
v -2479.0 -396.0 -3000.0 1.000 1.000 1.000
v -2437.0 -354.0 -3042.0 1.000 1.000 1.000
v -2437.0 -354.0 -2208.0 1.000 1.000 1.000
v -2479.0 -396.0 -2250.0 1.000 1.000 1.000
v -2979.0 -396.0 -2250.0 1.000 1.000 1.000
v -3021.0 -354.0 -2208.0 1.000 1.000 1.000
v -3021.0 -354.0 -3042.0 1.000 1.000 1.000
v -2979.0 -396.0 -3000.0 1.000 1.000 1.000
v 62.0 1104.0 1958.0 1.000 1.000 1.000
v 62.0 1146.0 1958.0 1.000 1.000 1.000
v 62.0 1146.0 3125.0 1.000 1.000 1.000
v 62.0 1104.0 3125.0 1.000 1.000 1.000
v -3021.0 1104.0 3125.0 1.000 1.000 1.000
v -3021.0 1146.0 3125.0 1.000 1.000 1.000
v -3021.0 1146.0 1958.0 1.000 1.000 1.000
v -3021.0 1104.0 1958.0 1.000 1.000 1.000
v -3021.0 1104.0 1958.0 1.000 1.000 1.000
v -3021.0 1146.0 1958.0 1.000 1.000 1.000
v 62.0 1146.0 1958.0 1.000 1.000 1.000
v 62.0 1104.0 1958.0 1.000 1.000 1.000
v -2479.0 -438.0 -2250.0 1.000 1.000 1.000
v -2479.0 -396.0 -2250.0 1.000 1.000 1.000
v -2979.0 -396.0 -2250.0 1.000 1.000 1.000
v -2979.0 -438.0 -2250.0 1.000 1.000 1.000
v -2396.0 1062.0 -2167.0 1.000 1.000 1.000
v -2396.0 1104.0 -2167.0 1.000 1.000 1.000
v -3062.0 1104.0 -2167.0 1.000 1.000 1.000
v -3062.0 1062.0 -2167.0 1.000 1.000 1.000
v -2479.0 -438.0 -3000.0 1.000 1.000 1.000
v -2479.0 -396.0 -3000.0 1.000 1.000 1.000
v -2479.0 -396.0 -2250.0 1.000 1.000 1.000
v -2479.0 -438.0 -2250.0 1.000 1.000 1.000
v -2396.0 1062.0 -3083.0 1.000 1.000 1.000
v -2396.0 1104.0 -3083.0 1.000 1.000 1.000
v -2396.0 1104.0 -2167.0 1.000 1.000 1.000
v -2396.0 1062.0 -2167.0 1.000 1.000 1.000
v -2979.0 -438.0 -2250.0 1.000 1.000 1.000
v -2979.0 -396.0 -2250.0 1.000 1.000 1.000
v -2979.0 -396.0 -3000.0 1.000 1.000 1.000
v -2979.0 -438.0 -3000.0 1.000 1.000 1.000
v -3062.0 1062.0 -2167.0 1.000 1.000 1.000
v -3062.0 1104.0 -2167.0 1.000 1.000 1.000
v -3062.0 1104.0 -3083.0 1.000 1.000 1.000
v -3062.0 1062.0 -3083.0 1.000 1.000 1.000
v 3021.0 -354.0 2917.0 1.000 1.000 1.000
v 3021.0 -438.0 2917.0 1.000 1.000 1.000
v 3021.0 -438.0 2250.0 1.000 1.000 1.000
v 3021.0 -354.0 2250.0 1.000 1.000 1.000
v 659.0 -438.0 2250.0 1.000 1.000 1.000
v 613.0 -354.0 2250.0 1.000 1.000 1.000
v 2229.0 -354.0 2250.0 1.000 1.000 1.000
v 2187.0 -438.0 2250.0 1.000 1.000 1.000
v 2187.0 -438.0 2250.0 1.000 1.000 1.000
v 2229.0 -354.0 2250.0 1.000 1.000 1.000
v 3021.0 -354.0 2250.0 1.000 1.000 1.000
v 3021.0 -438.0 2250.0 1.000 1.000 1.000
v 21.0 -438.0 2250.0 1.000 1.000 1.000
v 21.0 -354.0 2250.0 1.000 1.000 1.000
v 613.0 -354.0 2250.0 1.000 1.000 1.000
v 659.0 -438.0 2250.0 1.000 1.000 1.000
v 1771.0 -938.0 -2750.0 1.000 1.000 1.000
v 1771.0 -396.0 -2750.0 1.000 1.000 1.000
v 1771.0 -396.0 -3000.0 1.000 1.000 1.000
v 1771.0 -938.0 -3000.0 1.000 1.000 1.000
v 1771.0 312.0 -2000.0 1.000 1.000 1.000
v 1771.0 937.0 -2000.0 1.000 1.000 1.000
v 1771.0 937.0 -3000.0 1.000 1.000 1.000
v 1771.0 312.0 -3000.0 1.000 1.000 1.000
v 1812.0 -438.0 -2708.0 1.000 1.000 1.000
v 1771.0 -396.0 -2750.0 1.000 1.000 1.000
v 1771.0 -938.0 -2750.0 1.000 1.000 1.000
v 1812.0 -938.0 -2708.0 1.000 1.000 1.000
v 1812.0 -438.0 -2208.0 1.000 1.000 1.000
v 1771.0 -396.0 -2167.0 1.000 1.000 1.000
v 1771.0 -396.0 -2750.0 1.000 1.000 1.000
v 1812.0 -438.0 -2708.0 1.000 1.000 1.000
v 1812.0 -938.0 -2208.0 1.000 1.000 1.000
v 1771.0 -938.0 -2167.0 1.000 1.000 1.000
v 1771.0 -396.0 -2167.0 1.000 1.000 1.000
v 1812.0 -438.0 -2208.0 1.000 1.000 1.000
v 1771.0 -938.0 -2167.0 1.000 1.000 1.000
v 1771.0 -938.0 -2000.0 1.000 1.000 1.000
v 1771.0 -396.0 -2000.0 1.000 1.000 1.000
v 1771.0 -396.0 -2167.0 1.000 1.000 1.000
v 3021.0 -938.0 -2000.0 1.000 1.000 1.000
v 3021.0 -396.0 -2000.0 1.000 1.000 1.000
v 1771.0 -396.0 -2000.0 1.000 1.000 1.000
v 1771.0 -938.0 -2000.0 1.000 1.000 1.000
v 3021.0 312.0 -2000.0 1.000 1.000 1.000
v 3021.0 937.0 -2000.0 1.000 1.000 1.000
v 1771.0 937.0 -2000.0 1.000 1.000 1.000
v 1771.0 312.0 -2000.0 1.000 1.000 1.000
v -2479.0 -396.0 -2250.0 1.000 1.000 1.000
v -2479.0 229.0 -2250.0 1.000 1.000 1.000
v -2979.0 229.0 -2250.0 1.000 1.000 1.000
v -2979.0 -396.0 -2250.0 1.000 1.000 1.000
v -2479.0 -396.0 -3000.0 1.000 1.000 1.000
v -2479.0 229.0 -3000.0 1.000 1.000 1.000
v -2479.0 229.0 -2250.0 1.000 1.000 1.000
v -2479.0 -396.0 -2250.0 1.000 1.000 1.000
v -2979.0 -396.0 -2250.0 1.000 1.000 1.000
v -2979.0 229.0 -2250.0 1.000 1.000 1.000
v -2979.0 229.0 -3000.0 1.000 1.000 1.000
v -2979.0 -396.0 -3000.0 1.000 1.000 1.000
v 1771.0 -938.0 -3000.0 1.000 1.000 1.000
v 1771.0 -396.0 -3000.0 1.000 1.000 1.000
v 3021.0 -396.0 -3000.0 1.000 1.000 1.000
v 3021.0 -938.0 -3000.0 1.000 1.000 1.000
v 1771.0 312.0 -3000.0 1.000 1.000 1.000
v 1771.0 937.0 -3000.0 1.000 1.000 1.000
v 3021.0 937.0 -3000.0 1.000 1.000 1.000
v 3021.0 271.0 -3000.0 1.000 1.000 1.000
v 3021.0 -938.0 -3000.0 1.000 1.000 1.000
v 3021.0 -396.0 -3000.0 1.000 1.000 1.000
v 3021.0 -396.0 -2000.0 1.000 1.000 1.000
v 3021.0 -938.0 -2000.0 1.000 1.000 1.000
v 3021.0 271.0 -3000.0 1.000 1.000 1.000
v 3021.0 937.0 -3000.0 1.000 1.000 1.000
v 3021.0 937.0 -2000.0 1.000 1.000 1.000
v 3021.0 312.0 -2000.0 1.000 1.000 1.000
v 3021.0 187.0 2917.0 1.000 1.000 1.000
v 3021.0 -354.0 2917.0 1.000 1.000 1.000
v 3021.0 -354.0 2250.0 1.000 1.000 1.000
v 3021.0 188.0 2250.0 1.000 1.000 1.000
v 613.0 -354.0 2250.0 1.000 1.000 1.000
v 21.0 -354.0 2250.0 1.000 1.000 1.000
v 21.0 187.0 2250.0 1.000 1.000 1.000
v 415.0 187.0 2250.0 1.000 1.000 1.000
v 3021.0 188.0 2250.0 1.000 1.000 1.000
v 3021.0 -354.0 2250.0 1.000 1.000 1.000
v 613.0 -354.0 2250.0 1.000 1.000 1.000
v 415.0 187.0 2250.0 1.000 1.000 1.000
v 62.0 -1146.0 1958.0 1.000 1.000 1.000
v 62.0 -896.0 1958.0 1.000 1.000 1.000
v 62.0 -896.0 3125.0 1.000 1.000 1.000
v 62.0 -1146.0 3125.0 1.000 1.000 1.000
v -3021.0 -1146.0 3125.0 1.000 1.000 1.000
v -3021.0 -896.0 3125.0 1.000 1.000 1.000
v -3021.0 -896.0 1958.0 1.000 1.000 1.000
v -3021.0 -1146.0 1958.0 1.000 1.000 1.000
v -3021.0 -1146.0 1958.0 1.000 1.000 1.000
v -3021.0 -896.0 1958.0 1.000 1.000 1.000
v 62.0 -896.0 1958.0 1.000 1.000 1.000
v 62.0 -1146.0 1958.0 1.000 1.000 1.000
v -2979.0 -854.0 3125.0 1.000 1.000 1.000
v -2979.0 -271.0 3125.0 1.000 1.000 1.000
v -2979.0 -271.0 2000.0 1.000 1.000 1.000
v -2979.0 -854.0 2000.0 1.000 1.000 1.000
v -2979.0 -854.0 2000.0 1.000 1.000 1.000
v -2979.0 -271.0 2000.0 1.000 1.000 1.000
v 21.0 -271.0 2000.0 1.000 1.000 1.000
v 21.0 -854.0 2000.0 1.000 1.000 1.000
v 21.0 -854.0 2000.0 1.000 1.000 1.000
v 21.0 -271.0 2000.0 1.000 1.000 1.000
v 21.0 -271.0 3125.0 1.000 1.000 1.000
v 21.0 -854.0 3125.0 1.000 1.000 1.000
v 1812.0 -1146.0 -2750.0 1.000 1.000 1.000
v 1729.0 -1146.0 -2750.0 1.000 1.000 1.000
v 1729.0 -1104.0 -2750.0 1.000 1.000 1.000
v 1812.0 -1104.0 -2750.0 1.000 1.000 1.000
v 1812.0 -1104.0 -2167.0 1.000 1.000 1.000
v 1729.0 -1104.0 -2167.0 1.000 1.000 1.000
v 1729.0 -1146.0 -2167.0 1.000 1.000 1.000
v 1812.0 -1146.0 -2167.0 1.000 1.000 1.000
v 1729.0 -1104.0 -2167.0 1.000 1.000 1.000
v 1729.0 -1104.0 -2750.0 1.000 1.000 1.000
v 1729.0 -1146.0 -2750.0 1.000 1.000 1.000
v 1729.0 -1146.0 -2167.0 1.000 1.000 1.000
v 1812.0 -1104.0 -2167.0 1.000 1.000 1.000
v 1812.0 -1104.0 -2750.0 1.000 1.000 1.000
v 1729.0 -1104.0 -2750.0 1.000 1.000 1.000
v 1729.0 -1104.0 -2167.0 1.000 1.000 1.000
v -896.0 -1146.0 -917.0 1.000 1.000 1.000
v -979.0 -1146.0 -1000.0 1.000 1.000 1.000
v -2979.0 -1146.0 -1000.0 1.000 1.000 1.000
v -2979.0 -1146.0 -917.0 1.000 1.000 1.000
v -896.0 -1146.0 -1958.0 1.000 1.000 1.000
v -979.0 -1146.0 -1958.0 1.000 1.000 1.000
v -896.0 -1146.0 -3000.0 1.000 1.000 1.000
v -979.0 -1146.0 -3000.0 1.000 1.000 1.000
v -896.0 -1188.0 -917.0 1.000 1.000 1.000
v -896.0 -1146.0 -917.0 1.000 1.000 1.000
v -2979.0 -1146.0 -917.0 1.000 1.000 1.000
v -2979.0 -1188.0 -917.0 1.000 1.000 1.000
v -896.0 -1188.0 -917.0 1.000 1.000 1.000
v -896.0 -1188.0 -1958.0 1.000 1.000 1.000
v -896.0 -1146.0 -1958.0 1.000 1.000 1.000
v -896.0 -1146.0 -917.0 1.000 1.000 1.000
v -896.0 -1188.0 -3000.0 1.000 1.000 1.000
v -896.0 -1146.0 -3000.0 1.000 1.000 1.000
v 1521.0 -1146.0 917.0 1.000 1.000 1.000
v 1521.0 -1188.0 917.0 1.000 1.000 1.000
v 21.0 -1188.0 917.0 1.000 1.000 1.000
v 21.0 -1146.0 917.0 1.000 1.000 1.000
v 3021.0 -1146.0 917.0 1.000 1.000 1.000
v 3021.0 -1188.0 917.0 1.000 1.000 1.000
v 21.0 -1146.0 1000.0 1.000 1.000 1.000
v 1521.0 -1146.0 1000.0 1.000 1.000 1.000
v 1521.0 -1146.0 917.0 1.000 1.000 1.000
v 21.0 -1146.0 917.0 1.000 1.000 1.000
v 3021.0 -1146.0 1000.0 1.000 1.000 1.000
v 3021.0 -1146.0 917.0 1.000 1.000 1.000
v -1479.0 -1146.0 917.0 1.000 1.000 1.000
v -1479.0 -1188.0 917.0 1.000 1.000 1.000
v -2979.0 -1188.0 917.0 1.000 1.000 1.000
v -2979.0 -1146.0 917.0 1.000 1.000 1.000
v 21.0 -1146.0 917.0 1.000 1.000 1.000
v 21.0 -1188.0 917.0 1.000 1.000 1.000
v -2979.0 -1146.0 1000.0 1.000 1.000 1.000
v -1479.0 -1146.0 1000.0 1.000 1.000 1.000
v -1479.0 -1146.0 917.0 1.000 1.000 1.000
v -2979.0 -1146.0 917.0 1.000 1.000 1.000
v 1021.0 -1146.0 -1000.0 1.000 1.000 1.000
v 937.0 -1146.0 -917.0 1.000 1.000 1.000
v 3021.0 -1146.0 -917.0 1.000 1.000 1.000
v 3021.0 -1146.0 -1000.0 1.000 1.000 1.000
v 1021.0 -1146.0 -1958.0 1.000 1.000 1.000
v 937.0 -1146.0 -1958.0 1.000 1.000 1.000
v 937.0 -1146.0 -917.0 1.000 1.000 1.000
v 1021.0 -1146.0 -1000.0 1.000 1.000 1.000
v 1021.0 -1146.0 -3000.0 1.000 1.000 1.000
v 937.0 -1146.0 -3000.0 1.000 1.000 1.000
v 937.0 -1188.0 -3000.0 1.000 1.000 1.000
v 937.0 -1188.0 -1958.0 1.000 1.000 1.000
v 937.0 -1146.0 -1958.0 1.000 1.000 1.000
v 937.0 -1146.0 -3000.0 1.000 1.000 1.000
v 937.0 -1188.0 -917.0 1.000 1.000 1.000
v 937.0 -1146.0 -917.0 1.000 1.000 1.000
v 937.0 -1188.0 -917.0 1.000 1.000 1.000
v 3021.0 -1188.0 -917.0 1.000 1.000 1.000
v 3021.0 -1146.0 -917.0 1.000 1.000 1.000
v 937.0 -1146.0 -917.0 1.000 1.000 1.000
v -3021.0 -938.0 -2208.0 1.000 1.000 1.000
v -3021.0 -1146.0 -2208.0 1.000 1.000 1.000
v -2437.0 -1146.0 -2208.0 1.000 1.000 1.000
v -2437.0 -938.0 -2208.0 1.000 1.000 1.000
v -2437.0 -938.0 -2208.0 1.000 1.000 1.000
v -2437.0 -1146.0 -2208.0 1.000 1.000 1.000
v -2437.0 -1146.0 -3042.0 1.000 1.000 1.000
v -2437.0 -938.0 -3042.0 1.000 1.000 1.000
v 1771.0 229.0 -2000.0 1.000 1.000 1.000
v 1771.0 271.0 -2000.0 1.000 1.000 1.000
v 1771.0 271.0 -3000.0 1.000 1.000 1.000
v 1771.0 229.0 -3000.0 1.000 1.000 1.000
v 1771.0 937.0 -2000.0 1.000 1.000 1.000
v 1771.0 979.0 -2000.0 1.000 1.000 1.000
v 1771.0 979.0 -3000.0 1.000 1.000 1.000
v 1771.0 937.0 -3000.0 1.000 1.000 1.000
v 3021.0 229.0 -2000.0 1.000 1.000 1.000
v 3021.0 271.0 -2000.0 1.000 1.000 1.000
v 1771.0 271.0 -2000.0 1.000 1.000 1.000
v 1771.0 229.0 -2000.0 1.000 1.000 1.000
v 3021.0 937.0 -2000.0 1.000 1.000 1.000
v 3021.0 979.0 -2000.0 1.000 1.000 1.000
v 1771.0 979.0 -2000.0 1.000 1.000 1.000
v 1771.0 937.0 -2000.0 1.000 1.000 1.000
v -2479.0 896.0 -2250.0 1.000 1.000 1.000
v -2479.0 979.0 -2250.0 1.000 1.000 1.000
v -2979.0 979.0 -2250.0 1.000 1.000 1.000
v -2979.0 896.0 -2250.0 1.000 1.000 1.000
v -2479.0 896.0 -3000.0 1.000 1.000 1.000
v -2479.0 979.0 -3000.0 1.000 1.000 1.000
v -2479.0 979.0 -2250.0 1.000 1.000 1.000
v -2479.0 896.0 -2250.0 1.000 1.000 1.000
v -2979.0 896.0 -2250.0 1.000 1.000 1.000
v -2979.0 979.0 -2250.0 1.000 1.000 1.000
v -2979.0 979.0 -3000.0 1.000 1.000 1.000
v -2979.0 896.0 -3000.0 1.000 1.000 1.000
v 1771.0 229.0 -3000.0 1.000 1.000 1.000
v 1771.0 271.0 -3000.0 1.000 1.000 1.000
v 3021.0 271.0 -3000.0 1.000 1.000 1.000
v 3021.0 229.0 -3000.0 1.000 1.000 1.000
v 1771.0 937.0 -3000.0 1.000 1.000 1.000
v 1771.0 979.0 -3000.0 1.000 1.000 1.000
v 3021.0 979.0 -3000.0 1.000 1.000 1.000
v 3021.0 937.0 -3000.0 1.000 1.000 1.000
v 3021.0 229.0 -3000.0 1.000 1.000 1.000
v 3021.0 271.0 -3000.0 1.000 1.000 1.000
v 3021.0 271.0 -2000.0 1.000 1.000 1.000
v 3021.0 229.0 -2000.0 1.000 1.000 1.000
v 3021.0 937.0 -3000.0 1.000 1.000 1.000
v 3021.0 979.0 -3000.0 1.000 1.000 1.000
v 3021.0 979.0 -2000.0 1.000 1.000 1.000
v 3021.0 937.0 -2000.0 1.000 1.000 1.000
v 1771.0 -354.0 -2000.0 1.000 1.000 1.000
v 1771.0 229.0 -2000.0 1.000 1.000 1.000
v 1771.0 229.0 -3000.0 1.000 1.000 1.000
v 1771.0 -354.0 -3000.0 1.000 1.000 1.000
v 3021.0 -354.0 -2000.0 1.000 1.000 1.000
v 3021.0 229.0 -2000.0 1.000 1.000 1.000
v 1771.0 229.0 -2000.0 1.000 1.000 1.000
v 1771.0 -354.0 -2000.0 1.000 1.000 1.000
v -2479.0 -896.0 -2250.0 1.000 1.000 1.000
v -2479.0 -438.0 -2250.0 1.000 1.000 1.000
v -2979.0 -438.0 -2250.0 1.000 1.000 1.000
v -2979.0 -896.0 -2250.0 1.000 1.000 1.000
v -2479.0 312.0 -2250.0 1.000 1.000 1.000
v -2479.0 896.0 -2250.0 1.000 1.000 1.000
v -2979.0 896.0 -2250.0 1.000 1.000 1.000
v -2979.0 312.0 -2250.0 1.000 1.000 1.000
v -2479.0 -896.0 -3000.0 1.000 1.000 1.000
v -2479.0 -438.0 -3000.0 1.000 1.000 1.000
v -2479.0 -438.0 -2250.0 1.000 1.000 1.000
v -2479.0 -896.0 -2250.0 1.000 1.000 1.000
v -2479.0 896.0 -3000.0 1.000 1.000 1.000
v -2479.0 896.0 -2250.0 1.000 1.000 1.000
v -2479.0 312.0 -2250.0 1.000 1.000 1.000
v -2479.0 312.0 -3000.0 1.000 1.000 1.000
v -2979.0 -896.0 -2250.0 1.000 1.000 1.000
v -2979.0 -438.0 -2250.0 1.000 1.000 1.000
v -2979.0 -438.0 -3000.0 1.000 1.000 1.000
v -2979.0 -896.0 -3000.0 1.000 1.000 1.000
v -2979.0 312.0 -2250.0 1.000 1.000 1.000
v -2979.0 896.0 -2250.0 1.000 1.000 1.000
v -2979.0 896.0 -3000.0 1.000 1.000 1.000
v -2979.0 312.0 -3000.0 1.000 1.000 1.000
v 1771.0 -354.0 -3000.0 1.000 1.000 1.000
v 1771.0 229.0 -3000.0 1.000 1.000 1.000
v 3021.0 229.0 -3000.0 1.000 1.000 1.000
v 3021.0 -354.0 -3000.0 1.000 1.000 1.000
v 3021.0 -354.0 -3000.0 1.000 1.000 1.000
v 3021.0 229.0 -3000.0 1.000 1.000 1.000
v 3021.0 229.0 -2000.0 1.000 1.000 1.000
v 3021.0 -354.0 -2000.0 1.000 1.000 1.000
v 3021.0 896.0 2917.0 1.000 1.000 1.000
v 3021.0 312.0 2917.0 1.000 1.000 1.000
v 3021.0 312.0 2250.0 1.000 1.000 1.000
v 3021.0 896.0 2250.0 1.000 1.000 1.000
v 3021.0 896.0 2250.0 1.000 1.000 1.000
v 3021.0 312.0 2250.0 1.000 1.000 1.000
v 354.0 312.0 2250.0 1.000 1.000 1.000
v 229.0 896.0 2250.0 1.000 1.000 1.000
v 21.0 312.0 2250.0 1.000 1.000 1.000
v 21.0 896.0 2250.0 1.000 1.000 1.000
v 229.0 896.0 2250.0 1.000 1.000 1.000
v 354.0 312.0 2250.0 1.000 1.000 1.000
v 21.0 -271.0 2000.0 1.000 1.000 1.000
v 21.0 312.0 2000.0 1.000 1.000 1.000
v 21.0 312.0 3125.0 1.000 1.000 1.000
v 21.0 -271.0 3125.0 1.000 1.000 1.000
v 21.0 396.0 2000.0 1.000 1.000 1.000
v 21.0 1062.0 2000.0 1.000 1.000 1.000
v 21.0 1062.0 3125.0 1.000 1.000 1.000
v 21.0 396.0 3125.0 1.000 1.000 1.000
v -2979.0 396.0 3125.0 1.000 1.000 1.000
v -2979.0 1062.0 3125.0 1.000 1.000 1.000
v -2979.0 1062.0 2000.0 1.000 1.000 1.000
v -2979.0 396.0 2000.0 1.000 1.000 1.000
v -2979.0 -271.0 3125.0 1.000 1.000 1.000
v -2979.0 312.0 3125.0 1.000 1.000 1.000
v -2979.0 312.0 2000.0 1.000 1.000 1.000
v -2979.0 -271.0 2000.0 1.000 1.000 1.000
v -2979.0 -271.0 2000.0 1.000 1.000 1.000
v -2979.0 312.0 2000.0 1.000 1.000 1.000
v 21.0 312.0 2000.0 1.000 1.000 1.000
v 21.0 -271.0 2000.0 1.000 1.000 1.000
v -2979.0 396.0 2000.0 1.000 1.000 1.000
v -2979.0 1062.0 2000.0 1.000 1.000 1.000
v 21.0 1062.0 2000.0 1.000 1.000 1.000
v 21.0 396.0 2000.0 1.000 1.000 1.000
v 1771.0 -354.0 -2000.0 1.000 1.000 1.000
v 1729.0 -313.0 -1958.0 1.000 1.000 1.000
v 1729.0 -313.0 -3042.0 1.000 1.000 1.000
v 1771.0 -354.0 -3000.0 1.000 1.000 1.000
v 1687.0 1062.0 -1917.0 1.000 1.000 1.000
v 1687.0 1104.0 -1917.0 1.000 1.000 1.000
v 1687.0 1104.0 -3083.0 1.000 1.000 1.000
v 1687.0 1062.0 -3083.0 1.000 1.000 1.000
v 3021.0 -354.0 -2000.0 1.000 1.000 1.000
v 3062.0 -313.0 -1958.0 1.000 1.000 1.000
v 1729.0 -313.0 -1958.0 1.000 1.000 1.000
v 1771.0 -354.0 -2000.0 1.000 1.000 1.000
v 3104.0 1062.0 -1917.0 1.000 1.000 1.000
v 3104.0 1104.0 -1917.0 1.000 1.000 1.000
v 1687.0 1104.0 -1917.0 1.000 1.000 1.000
v 1687.0 1062.0 -1917.0 1.000 1.000 1.000
v -2479.0 -896.0 -2250.0 1.000 1.000 1.000
v -2979.0 -896.0 -2250.0 1.000 1.000 1.000
v -3021.0 -938.0 -2208.0 1.000 1.000 1.000
v -2437.0 -938.0 -2208.0 1.000 1.000 1.000
v -2479.0 979.0 -2250.0 1.000 1.000 1.000
v -2396.0 1062.0 -2167.0 1.000 1.000 1.000
v -3062.0 1062.0 -2167.0 1.000 1.000 1.000
v -2979.0 979.0 -2250.0 1.000 1.000 1.000
v -2479.0 -896.0 -3000.0 1.000 1.000 1.000
v -2479.0 -896.0 -2250.0 1.000 1.000 1.000
v -2437.0 -938.0 -2208.0 1.000 1.000 1.000
v -2437.0 -938.0 -3042.0 1.000 1.000 1.000
v -2479.0 979.0 -3000.0 1.000 1.000 1.000
v -2396.0 1062.0 -3083.0 1.000 1.000 1.000
v -2396.0 1062.0 -2167.0 1.000 1.000 1.000
v -2479.0 979.0 -2250.0 1.000 1.000 1.000
v -2979.0 -896.0 -2250.0 1.000 1.000 1.000
v -2979.0 -896.0 -3000.0 1.000 1.000 1.000
v -3021.0 -938.0 -3042.0 1.000 1.000 1.000
v -3021.0 -938.0 -2208.0 1.000 1.000 1.000
v -2979.0 979.0 -2250.0 1.000 1.000 1.000
v -3062.0 1062.0 -2167.0 1.000 1.000 1.000
v -3062.0 1062.0 -3083.0 1.000 1.000 1.000
v -2979.0 979.0 -3000.0 1.000 1.000 1.000
v 1771.0 -354.0 -3000.0 1.000 1.000 1.000
v 1729.0 -313.0 -3042.0 1.000 1.000 1.000
v 3062.0 -313.0 -3042.0 1.000 1.000 1.000
v 3021.0 -354.0 -3000.0 1.000 1.000 1.000
v 1687.0 1062.0 -3083.0 1.000 1.000 1.000
v 1687.0 1104.0 -3083.0 1.000 1.000 1.000
v 3104.0 1104.0 -3083.0 1.000 1.000 1.000
v 3104.0 1062.0 -3083.0 1.000 1.000 1.000
v 3021.0 -354.0 -3000.0 1.000 1.000 1.000
v 3062.0 -313.0 -3042.0 1.000 1.000 1.000
v 3062.0 -313.0 -1958.0 1.000 1.000 1.000
v 3021.0 -354.0 -2000.0 1.000 1.000 1.000
v 3104.0 1062.0 -3083.0 1.000 1.000 1.000
v 3104.0 1104.0 -3083.0 1.000 1.000 1.000
v 3104.0 1104.0 -1917.0 1.000 1.000 1.000
v 3104.0 1062.0 -1917.0 1.000 1.000 1.000
v 3104.0 1146.0 2917.0 1.000 1.000 1.000
v 3062.0 1104.0 2917.0 1.000 1.000 1.000
v 3062.0 1104.0 2208.0 1.000 1.000 1.000
v 3104.0 1146.0 2167.0 1.000 1.000 1.000
v 3104.0 312.0 2917.0 1.000 1.000 1.000
v 3021.0 229.0 2917.0 1.000 1.000 1.000
v 3021.0 229.0 2250.0 1.000 1.000 1.000
v 3104.0 312.0 2167.0 1.000 1.000 1.000
v 3021.0 229.0 2917.0 1.000 1.000 1.000
v 3021.0 187.0 2917.0 1.000 1.000 1.000
v 3021.0 188.0 2250.0 1.000 1.000 1.000
v 3021.0 229.0 2250.0 1.000 1.000 1.000
v 3062.0 -313.0 2917.0 1.000 1.000 1.000
v 3021.0 -354.0 2917.0 1.000 1.000 1.000
v 3021.0 -354.0 2250.0 1.000 1.000 1.000
v 3062.0 -313.0 2208.0 1.000 1.000 1.000
v 3021.0 -896.0 2917.0 1.000 1.000 1.000
v 3062.0 -938.0 2917.0 1.000 1.000 1.000
v 3062.0 -938.0 2208.0 1.000 1.000 1.000
v 3021.0 -896.0 2250.0 1.000 1.000 1.000
v 83.0 1104.0 2208.0 1.000 1.000 1.000
v 62.0 1146.0 2167.0 1.000 1.000 1.000
v 3104.0 1146.0 2167.0 1.000 1.000 1.000
v 3062.0 1104.0 2208.0 1.000 1.000 1.000
v 396.0 229.0 2250.0 1.000 1.000 1.000
v 354.0 312.0 2167.0 1.000 1.000 1.000
v 2699.0 312.0 2167.0 1.000 1.000 1.000
v 2604.0 229.0 2250.0 1.000 1.000 1.000
v 3104.0 312.0 2167.0 1.000 1.000 1.000
v 3021.0 229.0 2250.0 1.000 1.000 1.000
v 415.0 187.0 2250.0 1.000 1.000 1.000
v 396.0 229.0 2250.0 1.000 1.000 1.000
v 2604.0 229.0 2250.0 1.000 1.000 1.000
v 2562.0 187.0 2250.0 1.000 1.000 1.000
v 3021.0 229.0 2250.0 1.000 1.000 1.000
v 3021.0 188.0 2250.0 1.000 1.000 1.000
v 613.0 -354.0 2250.0 1.000 1.000 1.000
v 575.0 -313.0 2208.0 1.000 1.000 1.000
v 2312.0 -313.0 2208.0 1.000 1.000 1.000
v 2229.0 -354.0 2250.0 1.000 1.000 1.000
v 3062.0 -313.0 2208.0 1.000 1.000 1.000
v 3021.0 -354.0 2250.0 1.000 1.000 1.000
v 21.0 -938.0 2208.0 1.000 1.000 1.000
v 21.0 -896.0 2250.0 1.000 1.000 1.000
v 820.0 -896.0 2250.0 1.000 1.000 1.000
v 835.0 -938.0 2208.0 1.000 1.000 1.000
v 835.0 -938.0 2208.0 1.000 1.000 1.000
v 820.0 -896.0 2250.0 1.000 1.000 1.000
v 1979.0 -896.0 2250.0 1.000 1.000 1.000
v 1979.0 -938.0 2208.0 1.000 1.000 1.000
v 3021.0 -896.0 2250.0 1.000 1.000 1.000
v 3062.0 -938.0 2208.0 1.000 1.000 1.000
v 21.0 -354.0 2250.0 1.000 1.000 1.000
v 21.0 -313.0 2208.0 1.000 1.000 1.000
v 575.0 -313.0 2208.0 1.000 1.000 1.000
v 613.0 -354.0 2250.0 1.000 1.000 1.000
v 21.0 187.0 2250.0 1.000 1.000 1.000
v 21.0 229.0 2250.0 1.000 1.000 1.000
v 396.0 229.0 2250.0 1.000 1.000 1.000
v 415.0 187.0 2250.0 1.000 1.000 1.000
v 21.0 1104.0 2208.0 1.000 1.000 1.000
v 21.0 1146.0 2167.0 1.000 1.000 1.000
v 62.0 1146.0 2167.0 1.000 1.000 1.000
v 83.0 1104.0 2208.0 1.000 1.000 1.000
v 21.0 229.0 2250.0 1.000 1.000 1.000
v 21.0 312.0 2167.0 1.000 1.000 1.000
v 354.0 312.0 2167.0 1.000 1.000 1.000
v 396.0 229.0 2250.0 1.000 1.000 1.000
v 21.0 1062.0 2000.0 1.000 1.000 1.000
v 62.0 1104.0 1958.0 1.000 1.000 1.000
v 62.0 1104.0 3125.0 1.000 1.000 1.000
v 21.0 1062.0 3125.0 1.000 1.000 1.000
v -2979.0 1062.0 3125.0 1.000 1.000 1.000
v -3021.0 1104.0 3125.0 1.000 1.000 1.000
v -3021.0 1104.0 1958.0 1.000 1.000 1.000
v -2979.0 1062.0 2000.0 1.000 1.000 1.000
v -2979.0 1062.0 2000.0 1.000 1.000 1.000
v -3021.0 1104.0 1958.0 1.000 1.000 1.000
v 62.0 1104.0 1958.0 1.000 1.000 1.000
v 21.0 1062.0 2000.0 1.000 1.000 1.000
v 1771.0 -938.0 -2750.0 1.000 1.000 1.000
v 1771.0 -938.0 -3000.0 1.000 1.000 1.000
v 1771.0 -1146.0 -3000.0 1.000 1.000 1.000
v 1771.0 -1146.0 -2750.0 1.000 1.000 1.000
v 1812.0 -938.0 -2708.0 1.000 1.000 1.000
v 1771.0 -938.0 -2750.0 1.000 1.000 1.000
v 1771.0 -1104.0 -2750.0 1.000 1.000 1.000
v 1812.0 -1104.0 -2708.0 1.000 1.000 1.000
v 1771.0 -938.0 -2167.0 1.000 1.000 1.000
v 1771.0 -1146.0 -2167.0 1.000 1.000 1.000
v 1771.0 -1146.0 -2000.0 1.000 1.000 1.000
v 1771.0 -938.0 -2000.0 1.000 1.000 1.000
v 1812.0 -938.0 -2208.0 1.000 1.000 1.000
v 1812.0 -1104.0 -2208.0 1.000 1.000 1.000
v 1771.0 -1104.0 -2167.0 1.000 1.000 1.000
v 1771.0 -938.0 -2167.0 1.000 1.000 1.000
v 3021.0 -938.0 -2000.0 1.000 1.000 1.000
v 1771.0 -938.0 -2000.0 1.000 1.000 1.000
v 1771.0 -1146.0 -2000.0 1.000 1.000 1.000
v 3021.0 -1146.0 -2000.0 1.000 1.000 1.000
v -3021.0 -938.0 -3042.0 1.000 1.000 1.000
v -3021.0 -1146.0 -3042.0 1.000 1.000 1.000
v -3021.0 -1146.0 -2208.0 1.000 1.000 1.000
v -3021.0 -938.0 -2208.0 1.000 1.000 1.000
v 1771.0 -938.0 -3000.0 1.000 1.000 1.000
v 3021.0 -938.0 -3000.0 1.000 1.000 1.000
v 3021.0 -1146.0 -3000.0 1.000 1.000 1.000
v 1771.0 -1146.0 -3000.0 1.000 1.000 1.000
v 3021.0 -938.0 -3000.0 1.000 1.000 1.000
v 3021.0 -938.0 -2000.0 1.000 1.000 1.000
v 3021.0 -1146.0 -2000.0 1.000 1.000 1.000
v 3021.0 -1146.0 -3000.0 1.000 1.000 1.000
v 3062.0 -938.0 2917.0 1.000 1.000 1.000
v 3062.0 -1146.0 2917.0 1.000 1.000 1.000
v 3062.0 -1146.0 2208.0 1.000 1.000 1.000
v 3062.0 -938.0 2208.0 1.000 1.000 1.000
v 21.0 -1146.0 2208.0 1.000 1.000 1.000
v 21.0 -938.0 2208.0 1.000 1.000 1.000
v 835.0 -938.0 2208.0 1.000 1.000 1.000
v 907.0 -1146.0 2208.0 1.000 1.000 1.000
v 907.0 -1146.0 2208.0 1.000 1.000 1.000
v 835.0 -938.0 2208.0 1.000 1.000 1.000
v 1979.0 -938.0 2208.0 1.000 1.000 1.000
v 1896.0 -1146.0 2208.0 1.000 1.000 1.000
v 3062.0 -938.0 2208.0 1.000 1.000 1.000
v 3062.0 -1146.0 2208.0 1.000 1.000 1.000
v 1771.0 -396.0 -2000.0 1.000 1.000 1.000
v 1771.0 -354.0 -2000.0 1.000 1.000 1.000
v 1771.0 -354.0 -3000.0 1.000 1.000 1.000
v 1771.0 -396.0 -3000.0 1.000 1.000 1.000
v 3021.0 -396.0 -2000.0 1.000 1.000 1.000
v 3021.0 -354.0 -2000.0 1.000 1.000 1.000
v 1771.0 -354.0 -2000.0 1.000 1.000 1.000
v 1771.0 -396.0 -2000.0 1.000 1.000 1.000
v -2437.0 -313.0 -2208.0 1.000 1.000 1.000
v -3021.0 -313.0 -2208.0 1.000 1.000 1.000
v -3021.0 -354.0 -2208.0 1.000 1.000 1.000
v -2437.0 -354.0 -2208.0 1.000 1.000 1.000
v -2354.0 1187.0 -2125.0 1.000 1.000 1.000
v -3104.0 1187.0 -2125.0 1.000 1.000 1.000
v -3104.0 1146.0 -2125.0 1.000 1.000 1.000
v -2354.0 1146.0 -2125.0 1.000 1.000 1.000
v -2437.0 -313.0 -3042.0 1.000 1.000 1.000
v -2437.0 -313.0 -2208.0 1.000 1.000 1.000
v -2437.0 -354.0 -2208.0 1.000 1.000 1.000
v -2437.0 -354.0 -3042.0 1.000 1.000 1.000
v -2354.0 1187.0 -3125.0 1.000 1.000 1.000
v -2354.0 1187.0 -2125.0 1.000 1.000 1.000
v -2354.0 1146.0 -2125.0 1.000 1.000 1.000
v -2354.0 1146.0 -3125.0 1.000 1.000 1.000
v -3021.0 -313.0 -2208.0 1.000 1.000 1.000
v -3021.0 -313.0 -3042.0 1.000 1.000 1.000
v -3021.0 -354.0 -3042.0 1.000 1.000 1.000
v -3021.0 -354.0 -2208.0 1.000 1.000 1.000
v -3104.0 1187.0 -2125.0 1.000 1.000 1.000
v -3104.0 1187.0 -3125.0 1.000 1.000 1.000
v -3104.0 1146.0 -3125.0 1.000 1.000 1.000
v -3104.0 1146.0 -2125.0 1.000 1.000 1.000
v 1771.0 -396.0 -3000.0 1.000 1.000 1.000
v 1771.0 -354.0 -3000.0 1.000 1.000 1.000
v 3021.0 -354.0 -3000.0 1.000 1.000 1.000
v 3021.0 -396.0 -3000.0 1.000 1.000 1.000
v 3021.0 -396.0 -3000.0 1.000 1.000 1.000
v 3021.0 -354.0 -3000.0 1.000 1.000 1.000
v 3021.0 -354.0 -2000.0 1.000 1.000 1.000
v 3021.0 -396.0 -2000.0 1.000 1.000 1.000
v 62.0 -896.0 1958.0 1.000 1.000 1.000
v 21.0 -854.0 2000.0 1.000 1.000 1.000
v 21.0 -854.0 3125.0 1.000 1.000 1.000
v 62.0 -896.0 3125.0 1.000 1.000 1.000
v 62.0 1146.0 1958.0 1.000 1.000 1.000
v 104.0 1187.0 1917.0 1.000 1.000 1.000
v 104.0 1187.0 3125.0 1.000 1.000 1.000
v 62.0 1146.0 3125.0 1.000 1.000 1.000
v -3021.0 1146.0 3125.0 1.000 1.000 1.000
v -3062.0 1187.0 3125.0 1.000 1.000 1.000
v -3062.0 1187.0 1917.0 1.000 1.000 1.000
v -3021.0 1146.0 1958.0 1.000 1.000 1.000
v -3021.0 -896.0 3125.0 1.000 1.000 1.000
v -2979.0 -854.0 3125.0 1.000 1.000 1.000
v -2979.0 -854.0 2000.0 1.000 1.000 1.000
v -3021.0 -896.0 1958.0 1.000 1.000 1.000
v -3021.0 -896.0 1958.0 1.000 1.000 1.000
v -2979.0 -854.0 2000.0 1.000 1.000 1.000
v 21.0 -854.0 2000.0 1.000 1.000 1.000
v 62.0 -896.0 1958.0 1.000 1.000 1.000
v -3021.0 1146.0 1958.0 1.000 1.000 1.000
v -3062.0 1187.0 1917.0 1.000 1.000 1.000
v 104.0 1187.0 1917.0 1.000 1.000 1.000
v 62.0 1146.0 1958.0 1.000 1.000 1.000
v 21.0 -1188.0 -3000.0 1.000 1.000 1.000
v -896.0 -1188.0 -3000.0 1.000 1.000 1.000
v -896.0 -1188.0 -1958.0 1.000 1.000 1.000
v -2979.0 -1188.0 0.0 1.000 1.000 1.000
v 21.0 -1188.0 0.0 1.000 1.000 1.000
v -896.0 -1188.0 -917.0 1.000 1.000 1.000
v 21.0 -1188.0 -917.0 1.000 1.000 1.000
v -896.0 -1188.0 -1958.0 1.000 1.000 1.000
v -896.0 -1188.0 -917.0 1.000 1.000 1.000
v 21.0 -1188.0 -917.0 1.000 1.000 1.000
v 21.0 -1188.0 -3000.0 1.000 1.000 1.000
v -2979.0 -1188.0 -917.0 1.000 1.000 1.000
v 937.0 -1188.0 -917.0 1.000 1.000 1.000
v 3021.0 -1188.0 0.0 1.000 1.000 1.000
v 3021.0 -1188.0 -917.0 1.000 1.000 1.000
v 937.0 -1188.0 -917.0 1.000 1.000 1.000
v 937.0 -1188.0 -1958.0 1.000 1.000 1.000
v 937.0 -1188.0 -3000.0 1.000 1.000 1.000
v 21.0 -1188.0 0.0 1.000 1.000 1.000
v 21.0 -1188.0 917.0 1.000 1.000 1.000
v 1521.0 -1188.0 917.0 1.000 1.000 1.000
v 3021.0 -1188.0 0.0 1.000 1.000 1.000
v 3021.0 -1188.0 917.0 1.000 1.000 1.000
v -2979.0 -1188.0 0.0 1.000 1.000 1.000
v -2979.0 -1188.0 917.0 1.000 1.000 1.000
v -1479.0 -1188.0 917.0 1.000 1.000 1.000
v 1771.0 271.0 -2000.0 1.000 1.000 1.000
v 1729.0 312.0 -1958.0 1.000 1.000 1.000
v 1729.0 312.0 -3042.0 1.000 1.000 1.000
v 1771.0 271.0 -3000.0 1.000 1.000 1.000
v 3021.0 271.0 -2000.0 1.000 1.000 1.000
v 3062.0 312.0 -1958.0 1.000 1.000 1.000
v 1729.0 312.0 -1958.0 1.000 1.000 1.000
v 1771.0 271.0 -2000.0 1.000 1.000 1.000
v 1771.0 271.0 -3000.0 1.000 1.000 1.000
v 1729.0 312.0 -3042.0 1.000 1.000 1.000
v 3062.0 312.0 -3042.0 1.000 1.000 1.000
v 3021.0 271.0 -3000.0 1.000 1.000 1.000
v 3021.0 271.0 -3000.0 1.000 1.000 1.000
v 3062.0 312.0 -3042.0 1.000 1.000 1.000
v 3062.0 312.0 -1958.0 1.000 1.000 1.000
v 3021.0 271.0 -2000.0 1.000 1.000 1.000
v 1812.0 -739.0 -2208.0 1.000 1.000 1.000
v 1812.0 -438.0 -2208.0 1.000 1.000 1.000
v 1812.0 -438.0 -2458.0 1.000 1.000 1.000
v 1812.0 -739.0 -2458.0 1.000 1.000 1.000
v 1812.0 -438.0 -2708.0 1.000 1.000 1.000
v 1812.0 -739.0 -2708.0 1.000 1.000 1.000
v 1812.0 -1104.0 -2458.0 1.000 1.000 1.000
v 1812.0 -1104.0 -2208.0 1.000 1.000 1.000
v 1812.0 -739.0 -2208.0 1.000 1.000 1.000
v 1812.0 -739.0 -2458.0 1.000 1.000 1.000
v 1812.0 -739.0 -2708.0 1.000 1.000 1.000
v 1812.0 -1104.0 -2708.0 1.000 1.000 1.000
v -2979.0 -896.0 -3000.0 1.000 1.000 1.000
v -2479.0 -896.0 -3000.0 1.000 1.000 1.000
v -2437.0 -938.0 -3042.0 1.000 1.000 1.000
v -3021.0 -938.0 -3042.0 1.000 1.000 1.000
v -2979.0 -438.0 -3000.0 1.000 1.000 1.000
v -2479.0 -438.0 -3000.0 1.000 1.000 1.000
v -2479.0 -896.0 -3000.0 1.000 1.000 1.000
v -2979.0 -396.0 -3000.0 1.000 1.000 1.000
v -2479.0 -396.0 -3000.0 1.000 1.000 1.000
v -2979.0 -396.0 -3000.0 1.000 1.000 1.000
v -3021.0 -354.0 -3042.0 1.000 1.000 1.000
v -2437.0 -354.0 -3042.0 1.000 1.000 1.000
v -2479.0 -396.0 -3000.0 1.000 1.000 1.000
v -2979.0 229.0 -3000.0 1.000 1.000 1.000
v -2479.0 229.0 -3000.0 1.000 1.000 1.000
v -2979.0 271.0 -3000.0 1.000 1.000 1.000
v -2479.0 271.0 -3000.0 1.000 1.000 1.000
v -3021.0 312.0 -3042.0 1.000 1.000 1.000
v -2437.0 312.0 -3042.0 1.000 1.000 1.000
v -2979.0 312.0 -3000.0 1.000 1.000 1.000
v -2979.0 896.0 -3000.0 1.000 1.000 1.000
v -2479.0 896.0 -3000.0 1.000 1.000 1.000
v -2479.0 312.0 -3000.0 1.000 1.000 1.000
v -2979.0 979.0 -3000.0 1.000 1.000 1.000
v -2479.0 979.0 -3000.0 1.000 1.000 1.000
v -2979.0 979.0 -3000.0 1.000 1.000 1.000
v -3062.0 1062.0 -3083.0 1.000 1.000 1.000
v -2396.0 1062.0 -3083.0 1.000 1.000 1.000
v -2479.0 979.0 -3000.0 1.000 1.000 1.000
v -3062.0 1062.0 -3083.0 1.000 1.000 1.000
v -3062.0 1104.0 -3083.0 1.000 1.000 1.000
v -2396.0 1104.0 -3083.0 1.000 1.000 1.000
v -2396.0 1062.0 -3083.0 1.000 1.000 1.000
v -2437.0 -938.0 -3042.0 1.000 1.000 1.000
v -2437.0 -1146.0 -3042.0 1.000 1.000 1.000
v -3021.0 -1146.0 -3042.0 1.000 1.000 1.000
v -3021.0 -938.0 -3042.0 1.000 1.000 1.000
v -3021.0 -313.0 -3042.0 1.000 1.000 1.000
v -2437.0 -313.0 -3042.0 1.000 1.000 1.000
v -2437.0 -354.0 -3042.0 1.000 1.000 1.000
v -3021.0 -354.0 -3042.0 1.000 1.000 1.000
v -3104.0 1146.0 -3125.0 1.000 1.000 1.000
v -2354.0 1146.0 -3125.0 1.000 1.000 1.000
v -2396.0 1104.0 -3083.0 1.000 1.000 1.000
v -3062.0 1104.0 -3083.0 1.000 1.000 1.000
v -3104.0 1187.0 -3125.0 1.000 1.000 1.000
v -2354.0 1187.0 -3125.0 1.000 1.000 1.000
v -2354.0 1146.0 -3125.0 1.000 1.000 1.000
v -3104.0 1146.0 -3125.0 1.000 1.000 1.000
v -348.0 -229.0 2000.0 1.000 1.000 1.000
v -598.0 -229.0 2000.0 1.000 1.000 1.000
v -598.0 -188.0 2000.0 1.000 1.000 1.000
v -348.0 -188.0 2000.0 1.000 1.000 1.000
v -2356.0 -229.0 2000.0 1.000 1.000 1.000
v -2606.0 -229.0 2000.0 1.000 1.000 1.000
v -2606.0 -188.0 2000.0 1.000 1.000 1.000
v -2356.0 -188.0 2000.0 1.000 1.000 1.000
v -1684.0 -229.0 2000.0 1.000 1.000 1.000
v -1934.0 -229.0 2000.0 1.000 1.000 1.000
v -1934.0 -188.0 2000.0 1.000 1.000 1.000
v -1684.0 -188.0 2000.0 1.000 1.000 1.000
v -1002.0 -229.0 2000.0 1.000 1.000 1.000
v -1252.0 -229.0 2000.0 1.000 1.000 1.000
v -1252.0 -188.0 2000.0 1.000 1.000 1.000
v -1002.0 -188.0 2000.0 1.000 1.000 1.000
v -573.0 -854.0 2000.0 1.000 1.000 1.000
v -573.0 -354.0 2000.0 1.000 1.000 1.000
v -365.0 -354.0 2000.0 1.000 1.000 1.000
v -365.0 -854.0 2000.0 1.000 1.000 1.000
v -2577.0 -854.0 2000.0 1.000 1.000 1.000
v -2577.0 -354.0 2000.0 1.000 1.000 1.000
v -2369.0 -354.0 2000.0 1.000 1.000 1.000
v -2369.0 -854.0 2000.0 1.000 1.000 1.000
v -1919.0 -854.0 2000.0 1.000 1.000 1.000
v -1919.0 -354.0 2000.0 1.000 1.000 1.000
v -1711.0 -354.0 2000.0 1.000 1.000 1.000
v -1711.0 -854.0 2000.0 1.000 1.000 1.000
v -1222.0 -854.0 2000.0 1.000 1.000 1.000
v -1222.0 -354.0 2000.0 1.000 1.000 1.000
v -1014.0 -354.0 2000.0 1.000 1.000 1.000
v -1014.0 -854.0 2000.0 1.000 1.000 1.000
v 2479.0 812.0 2250.0 1.000 1.000 1.000
v 2646.0 812.0 2250.0 1.000 1.000 1.000
v 2646.0 354.0 2250.0 1.000 1.000 1.000
v 2479.0 354.0 2250.0 1.000 1.000 1.000
v 398.0 812.0 2250.0 1.000 1.000 1.000
v 564.0 812.0 2250.0 1.000 1.000 1.000
v 564.0 354.0 2250.0 1.000 1.000 1.000
v 398.0 354.0 2250.0 1.000 1.000 1.000
v 1097.0 812.0 2250.0 1.000 1.000 1.000
v 1263.0 812.0 2250.0 1.000 1.000 1.000
v 1263.0 354.0 2250.0 1.000 1.000 1.000
v 1097.0 354.0 2250.0 1.000 1.000 1.000
v 1839.0 812.0 2250.0 1.000 1.000 1.000
v 2006.0 812.0 2250.0 1.000 1.000 1.000
v 2006.0 354.0 2250.0 1.000 1.000 1.000
v 1839.0 354.0 2250.0 1.000 1.000 1.000
v -557.0 229.0 2000.0 1.000 1.000 1.000
v -390.0 229.0 2000.0 1.000 1.000 1.000
v -390.0 -188.0 2000.0 1.000 1.000 1.000
v -557.0 -188.0 2000.0 1.000 1.000 1.000
v -2564.0 229.0 2000.0 1.000 1.000 1.000
v -2398.0 229.0 2000.0 1.000 1.000 1.000
v -2398.0 -188.0 2000.0 1.000 1.000 1.000
v -2564.0 -188.0 2000.0 1.000 1.000 1.000
v -1893.0 229.0 2000.0 1.000 1.000 1.000
v -1726.0 229.0 2000.0 1.000 1.000 1.000
v -1726.0 -188.0 2000.0 1.000 1.000 1.000
v -1893.0 -188.0 2000.0 1.000 1.000 1.000
v -1210.0 229.0 2000.0 1.000 1.000 1.000
v -1043.0 229.0 2000.0 1.000 1.000 1.000
v -1043.0 -188.0 2000.0 1.000 1.000 1.000
v -1210.0 -188.0 2000.0 1.000 1.000 1.000
v -2479.0 187.0 -2543.0 1.000 1.000 1.000
v -2479.0 -271.0 -2543.0 1.000 1.000 1.000
v -2479.0 -271.0 -2710.0 1.000 1.000 1.000
v -2479.0 187.0 -2710.0 1.000 1.000 1.000
v -2479.0 812.0 -2543.0 1.000 1.000 1.000
v -2479.0 354.0 -2543.0 1.000 1.000 1.000
v -2479.0 354.0 -2710.0 1.000 1.000 1.000
v -2479.0 812.0 -2710.0 1.000 1.000 1.000
v 1767.0 -896.0 2250.0 1.000 1.000 1.000
v 1767.0 -521.0 2250.0 1.000 1.000 1.000
v 1976.0 -521.0 2250.0 1.000 1.000 1.000
v 1976.0 -896.0 2250.0 1.000 1.000 1.000
v 899.0 -896.0 2250.0 1.000 1.000 1.000
v 899.0 -521.0 2250.0 1.000 1.000 1.000
v 1108.0 -521.0 2250.0 1.000 1.000 1.000
v 1108.0 -896.0 2250.0 1.000 1.000 1.000
v 2562.0 -896.0 2250.0 1.000 1.000 1.000
v 2562.0 -521.0 2250.0 1.000 1.000 1.000
v 2771.0 -521.0 2250.0 1.000 1.000 1.000
v 2771.0 -896.0 2250.0 1.000 1.000 1.000
v 194.0 -896.0 2250.0 1.000 1.000 1.000
v 194.0 -521.0 2250.0 1.000 1.000 1.000
v 402.0 -521.0 2250.0 1.000 1.000 1.000
v 402.0 -896.0 2250.0 1.000 1.000 1.000
v 171.0 104.0 2250.0 1.000 1.000 1.000
v 379.0 104.0 2250.0 1.000 1.000 1.000
v 379.0 -271.0 2250.0 1.000 1.000 1.000
v 171.0 -271.0 2250.0 1.000 1.000 1.000
v 2552.0 104.0 2250.0 1.000 1.000 1.000
v 2760.0 104.0 2250.0 1.000 1.000 1.000
v 2760.0 -271.0 2250.0 1.000 1.000 1.000
v 2552.0 -271.0 2250.0 1.000 1.000 1.000
v 911.0 104.0 2250.0 1.000 1.000 1.000
v 1120.0 104.0 2250.0 1.000 1.000 1.000
v 1120.0 -271.0 2250.0 1.000 1.000 1.000
v 911.0 -271.0 2250.0 1.000 1.000 1.000
v 1770.0 104.0 2250.0 1.000 1.000 1.000
v 1978.0 104.0 2250.0 1.000 1.000 1.000
v 1978.0 -271.0 2250.0 1.000 1.000 1.000
v 1770.0 -271.0 2250.0 1.000 1.000 1.000
v -1971.0 896.0 2000.0 1.000 1.000 1.000
v -1762.0 896.0 2000.0 1.000 1.000 1.000
v -1762.0 437.0 2000.0 1.000 1.000 1.000
v -1971.0 437.0 2000.0 1.000 1.000 1.000
v -1207.0 896.0 2000.0 1.000 1.000 1.000
v -999.0 896.0 2000.0 1.000 1.000 1.000
v -999.0 437.0 2000.0 1.000 1.000 1.000
v -1207.0 437.0 2000.0 1.000 1.000 1.000
v -564.0 896.0 2000.0 1.000 1.000 1.000
v -356.0 896.0 2000.0 1.000 1.000 1.000
v -356.0 437.0 2000.0 1.000 1.000 1.000
v -564.0 437.0 2000.0 1.000 1.000 1.000
v -2614.0 896.0 2000.0 1.000 1.000 1.000
v -2406.0 896.0 2000.0 1.000 1.000 1.000
v -2406.0 437.0 2000.0 1.000 1.000 1.000
v -2614.0 437.0 2000.0 1.000 1.000 1.000
v -2479.0 -271.0 -2752.0 1.000 1.000 1.000
v -2479.0 -271.0 -2502.0 1.000 1.000 1.000
v -2479.0 -313.0 -2502.0 1.000 1.000 1.000
v -2479.0 -313.0 -2752.0 1.000 1.000 1.000
v -2479.0 354.0 -2752.0 1.000 1.000 1.000
v -2479.0 354.0 -2502.0 1.000 1.000 1.000
v -2479.0 312.0 -2502.0 1.000 1.000 1.000
v -2479.0 312.0 -2752.0 1.000 1.000 1.000
v 2687.0 312.0 2250.0 1.000 1.000 1.000
v 2437.0 312.0 2250.0 1.000 1.000 1.000
v 2437.0 354.0 2250.0 1.000 1.000 1.000
v 2687.0 354.0 2250.0 1.000 1.000 1.000
v 606.0 312.0 2250.0 1.000 1.000 1.000
v 356.0 312.0 2250.0 1.000 1.000 1.000
v 356.0 354.0 2250.0 1.000 1.000 1.000
v 606.0 354.0 2250.0 1.000 1.000 1.000
v 1305.0 312.0 2250.0 1.000 1.000 1.000
v 1055.0 312.0 2250.0 1.000 1.000 1.000
v 1055.0 354.0 2250.0 1.000 1.000 1.000
v 1305.0 354.0 2250.0 1.000 1.000 1.000
v 2047.0 312.0 2250.0 1.000 1.000 1.000
v 1797.0 312.0 2250.0 1.000 1.000 1.000
v 1797.0 354.0 2250.0 1.000 1.000 1.000
v 2047.0 354.0 2250.0 1.000 1.000 1.000
v 421.0 -313.0 2250.0 1.000 1.000 1.000
v 129.0 -313.0 2250.0 1.000 1.000 1.000
v 129.0 -271.0 2250.0 1.000 1.000 1.000
v 421.0 -271.0 2250.0 1.000 1.000 1.000
v 2802.0 -313.0 2250.0 1.000 1.000 1.000
v 2510.0 -313.0 2250.0 1.000 1.000 1.000
v 2510.0 -271.0 2250.0 1.000 1.000 1.000
v 2802.0 -271.0 2250.0 1.000 1.000 1.000
v 1161.0 -313.0 2250.0 1.000 1.000 1.000
v 870.0 -313.0 2250.0 1.000 1.000 1.000
v 870.0 -271.0 2250.0 1.000 1.000 1.000
v 1161.0 -271.0 2250.0 1.000 1.000 1.000
v 2020.0 -313.0 2250.0 1.000 1.000 1.000
v 1728.0 -313.0 2250.0 1.000 1.000 1.000
v 1728.0 -271.0 2250.0 1.000 1.000 1.000
v 2020.0 -271.0 2250.0 1.000 1.000 1.000
v -1721.0 396.0 2000.0 1.000 1.000 1.000
v -2012.0 396.0 2000.0 1.000 1.000 1.000
v -2012.0 437.0 2000.0 1.000 1.000 1.000
v -1721.0 437.0 2000.0 1.000 1.000 1.000
v -957.0 396.0 2000.0 1.000 1.000 1.000
v -1249.0 396.0 2000.0 1.000 1.000 1.000
v -1249.0 437.0 2000.0 1.000 1.000 1.000
v -957.0 437.0 2000.0 1.000 1.000 1.000
v -314.0 396.0 2000.0 1.000 1.000 1.000
v -606.0 396.0 2000.0 1.000 1.000 1.000
v -606.0 437.0 2000.0 1.000 1.000 1.000
v -314.0 437.0 2000.0 1.000 1.000 1.000
v -2364.0 396.0 2000.0 1.000 1.000 1.000
v -2656.0 396.0 2000.0 1.000 1.000 1.000
v -2656.0 437.0 2000.0 1.000 1.000 1.000
v -2364.0 437.0 2000.0 1.000 1.000 1.000
v 1767.0 -438.0 2250.0 1.000 1.000 1.000
v 1976.0 -438.0 2250.0 1.000 1.000 1.000
v 1976.0 -521.0 2250.0 1.000 1.000 1.000
v 1767.0 -521.0 2250.0 1.000 1.000 1.000
v 899.0 -438.0 2250.0 1.000 1.000 1.000
v 1108.0 -438.0 2250.0 1.000 1.000 1.000
v 1108.0 -521.0 2250.0 1.000 1.000 1.000
v 899.0 -521.0 2250.0 1.000 1.000 1.000
v 2562.0 -438.0 2250.0 1.000 1.000 1.000
v 2771.0 -438.0 2250.0 1.000 1.000 1.000
v 2771.0 -521.0 2250.0 1.000 1.000 1.000
v 2562.0 -521.0 2250.0 1.000 1.000 1.000
v 194.0 -438.0 2250.0 1.000 1.000 1.000
v 402.0 -438.0 2250.0 1.000 1.000 1.000
v 402.0 -521.0 2250.0 1.000 1.000 1.000
v 194.0 -521.0 2250.0 1.000 1.000 1.000
vt 0.6646 6.4541
vt 3.0415 3.6475
vt 2.2798 1.0664
vt -0.3379 3.0576
vt -1.2603 -0.0664
vt 2.0000 -3.9150
vt 3.1626 0.0234
vt 0.0005 -2.1455
vt 0.5962 4.1309
vt 3.3677 -0.2148
vt -1.8477 0.7520
vt -2.1758 8.4775
vt 1.5400 -4.5596
vt 1.9023 -3.6357
vt -3.6245 4.7822
vt -3.9263 4.0117
vt 7.5225 -12.4492
vt 6.1392 -4.5615
vt 8.9111 -8.9072
vt 2.5322 -4.1377
vt -1.0835 1.1211
vt 2.4912 1.4502
vt 0.2314 4.7373
vt 3.7925 -0.6729
vt 5.1621 3.0938
vt 3.8062 5.0664
vt -0.0713 -3.0615
vt -0.0713 1.0000
vt 2.8828 1.0000
vt 2.8828 -3.0615
vt 7.0654 1.0000
vt 7.7783 -3.0469
vt 1.0303 -3.0469
vt 1.9502 1.0000
vt -2.6484 -3.0469
vt -2.6484 1.0000
vt 10.5947 1.0000
vt 10.5947 -3.0469
vt 2.7432 1.0000
vt 2.7432 0.4375
vt -0.6304 0.4375
vt -0.6304 1.0000
vt 1.8154 1.6377
vt 2.0410 1.0000
vt -1.1152 1.0000
vt -0.8896 1.6377
vt 4.7085 1.0000
vt 4.7085 0.4355
vt -0.3716 0.4355
vt -0.3716 1.0000
vt 4.0044 1.6475
vt 4.2334 1.0000
vt -0.3477 1.0000
vt -0.1182 1.6475
vt 2.5396 1.0000
vt 2.5396 0.4277
vt -2.6113 0.4277
vt -2.6113 1.0000
vt 2.1680 1.6797
vt 2.4087 1.0000
vt -2.3984 1.0000
vt -2.1577 1.6797
vt -1.0020 -0.0156
vt -1.0020 1.0000
vt 3.3159 1.0000
vt 3.3159 -0.0156
vt -1.6206 0.2949
vt -1.6206 1.0000
vt 2.3662 1.0000
vt 2.6152 0.2949
vt -1.2285 -0.0127
vt -1.2285 1.0000
vt 2.8208 1.0000
vt 2.8208 -0.0127
vt 15.5151 1.0000
vt 15.9019 0.2783
vt -1.6182 0.2783
vt -1.4663 1.0000
vt -0.4663 1.0000
vt -0.6182 0.2783
vt -1.1289 0.2783
vt -0.8735 1.0000
vt 13.6812 1.9434
vt 13.8867 1.0000
vt -2.9790 1.0000
vt -2.5073 1.9434
vt -2.9790 1.9434
vt 8.4810 1.0000
vt 8.6367 0.0010
vt -0.6138 0.0010
vt -0.4912 1.0000
vt -0.8350 0.0010
vt -0.8350 1.0000
vt 9.1763 1.0000
vt 9.1763 0.0010
vt 15.5054 1.0000
vt 15.5054 0.2783
vt 14.9019 0.2783
vt 14.5151 1.0000
vt 14.2393 1.9434
vt 14.2393 1.0000
vt 1.5537 1.0000
vt 1.5537 0.5039
vt -3.4590 0.5039
vt -3.4590 1.0000
vt 5.8418 1.4971
vt 5.8418 1.0000
vt -0.8750 1.0000
vt -0.8750 1.4971
vt 10.6855 1.0000
vt 10.6855 0.5166
vt -0.3428 0.5166
vt -0.3428 1.0000
vt 2.2598 1.0000
vt 2.6104 0.0098
vt -2.2920 0.0098
vt -1.9424 1.0000
vt 5.0137 1.0000
vt 5.3662 0.0039
vt -0.6230 0.0039
vt -0.2715 1.0000
vt 3.1631 0.1787
vt -2.0605 0.1787
vt -1.7695 1.0000
vt 2.8730 1.0000
vt 6.1729 0.1553
vt -0.9980 0.1553
vt -0.6992 1.0000
vt 5.8740 1.0000
vt 3.4316 0.1543
vt -3.7451 0.1543
vt -3.4463 1.0000
vt 3.1328 1.0000
vt 2.2080 1.0000
vt 2.5547 0.0186
vt -3.3467 0.0186
vt -2.9990 1.0000
vt 2.8984 1.0000
vt 3.2549 -0.0098
vt -1.7432 -0.0098
vt -1.3857 1.0000
vt 1.9434 1.0000
vt 2.2773 0.0566
vt -7.0654 0.0566
vt -7.0654 1.0000
vt 3.2383 1.0000
vt 3.5986 -0.0215
vt -6.5088 -0.0215
vt -6.5088 1.0000
vt 8.8516 1.0000
vt 8.8516 0.0264
vt -0.7832 0.0264
vt -0.4395 1.0000
vt 7.8320 1.0000
vt 7.8320 0.0586
vt -1.4893 0.0586
vt -1.1562 1.0000
vt 23.1270 1.0000
vt 23.4570 0.0654
vt -1.0029 0.0654
vt -0.6719 1.0000
vt 24.9287 1.0000
vt 25.2832 -0.0029
vt -0.9473 -0.0029
vt -0.5928 1.0000
vt 2.9746 1.0000
vt 3.3242 0.0098
vt -1.5781 0.0098
vt -1.2275 1.0000
vt 5.4766 1.0000
vt 5.8271 0.0068
vt -1.1982 0.0068
vt -0.8467 1.0000
vt 4.1582 1.0000
vt 4.5049 0.0205
vt -2.4189 0.0205
vt -2.0732 1.0000
vt 1.4336 1.0000
vt 1.4336 -0.0127
vt -5.7197 -0.0127
vt -5.7197 1.0000
vt 13.2422 1.0000
vt 13.2422 0.0068
vt -0.6670 0.0068
vt -0.6670 1.0000
vt 21.0908 1.0000
vt 21.0908 0.0254
vt -0.4824 0.0254
vt -0.4824 1.0000
vt 3.7881 1.0000
vt 3.7881 -0.0068
vt -2.2520 -0.0068
vt -2.2520 1.0000
vt 3.8877 1.0000
vt 3.8877 0.0049
vt -4.0771 0.0049
vt -4.0771 1.0000
vt 8.2773 1.0000
vt 8.2773 0.0098
vt -0.6357 0.0098
vt -0.6357 1.0000
vt 9.7998 1.0000
vt 9.7998 0.0078
vt -1.1162 0.0078
vt -1.1162 1.0000
vt 6.3135 1.0000
vt 6.3135 0.0107
vt -2.5869 0.0107
vt -2.5869 1.0000
vt 6.8545 1.0000
vt 6.8545 -0.0166
vt -4.3330 -0.0166
vt -4.3330 1.0000
vt -1.3154 -0.0020
vt -1.3154 1.0000
vt 2.6924 1.0000
vt 2.6924 -0.0020
vt 14.1406 1.0000
vt 14.4141 0.0020
vt 4.7393 0.0020
vt 4.9893 1.0000
vt 0.0000 0.0020
vt 0.0000 1.0000
vt 17.9600 1.0000
vt 17.9600 0.0020
vt 0.4473 1.0000
vt 0.4473 0.0322
vt 0.0000 0.0322
vt 1.5801 1.0000
vt 1.5801 0.0127
vt 0.0000 0.0127
vt 0.5215 0.1064
vt 0.5215 1.0000
vt 1.4150 0.1064
vt 1.4893 0.0322
vt 1.4150 1.0000
vt 1.4893 1.0000
vt 1.7871 1.0000
vt 1.7871 0.0322
vt 1.6592 1.0000
vt 1.6592 0.0127
vt 1.8281 1.0000
vt 1.8281 0.0244
vt -0.1240 0.0244
vt -0.1240 1.0000
vt 1.0088 1.0000
vt 1.0088 0.3066
vt 0.3545 0.3066
vt 0.3545 1.0000
vt 1.0000 1.0000
vt 1.0000 0.0000
vt 0.0000 0.0000
vt 1.0654 1.0000
vt 1.0654 0.0049
vt -0.3125 0.0049
vt -0.3125 1.0000
vt 1.4385 1.0000
vt 1.4385 0.2178
vt -0.3682 0.2178
vt -0.3682 1.0000
vt -0.9238 1.0000
vt -0.9238 1.5859
vt 0.2471 1.5859
vt 0.2471 1.0000
vt -1.3818 1.0000
vt -1.3818 1.9648
vt 0.3994 1.9648
vt 0.3994 1.0000
vt 0.0000 0.2500
vt 1.0000 0.2500
vt 2.3184 1.0000
vt 2.9502 1.0000
vt 2.9570 0.0049
vt 2.5068 0.0049
vt -0.4658 0.0049
vt -0.4727 1.0000
vt 1.0723 1.0000
vt 1.0723 0.0098
vt -1.2373 0.0098
vt -1.2373 1.0000
vt 2.3145 1.0000
vt 2.3145 0.0078
vt 0.0000 0.0078
vt 4.6436 1.0000
vt 4.6436 0.0215
vt -1.3887 0.0215
vt -1.3887 1.0000
vt 1.7930 1.0000
vt 1.7930 0.0137
vt -0.1094 0.0137
vt -0.1094 1.0000
vt 3.9873 1.0000
vt 3.9873 0.0117
vt -0.2031 0.0117
vt -0.2031 1.0000
vt 0.9434 1.0000
vt 0.9434 0.0010
vt -0.9824 0.0010
vt -0.9824 1.0000
vt 1.0000 2.0078
vt 0.0000 2.0078
vt 0.0000 2.0068
vt 1.0000 2.0068
vt 3.0000 0.5713
vt 0.0000 0.5713
vt 3.0000 1.0000
vt 2.9961 1.0000
vt 0.0000 1.9775
vt 2.9961 1.9775
vt 8.3330 0.3330
vt 8.0000 1.0000
vt 0.0000 0.3330
vt 4.1670 0.3330
vt 4.1670 1.0000
vt 7.3330 1.3330
vt 7.3330 1.0000
vt -1.0000 1.0000
vt -1.0000 1.3330
vt 3.1670 1.3330
vt 3.1670 1.0000
vt 19.0000 0.2285
vt 19.0000 1.0000
vt 13.0000 1.0000
vt 13.0000 0.2285
vt 25.0000 0.2285
vt 25.0000 1.0000
vt 12.0000 2.0078
vt 18.0000 2.0078
vt 18.0000 1.0000
vt 12.0000 1.0000
vt 24.0000 2.0078
vt 24.0000 1.0000
vt 7.0000 0.2285
vt 7.0000 1.0000
vt 1.0000 0.2285
vt 6.0000 2.0078
vt 6.0000 1.0000
vt 4.1670 1.6670
vt 8.3330 1.0000
vt 8.0000 1.6670
vt 0.0000 1.6670
vt -5.0078 1.3818
vt -0.8408 1.3818
vt -0.8408 1.0479
vt -5.0078 1.0479
vt 3.3262 1.3818
vt 3.3262 1.0479
vt -1.0000 33.0000
vt 0.0000 33.0000
vt 0.0000 27.4004
vt -1.0000 27.4004
vt -1.0166 -22.6445
vt -0.0166 -22.6445
vt -0.0166 -30.6445
vt -1.0166 -30.6445
vt 6.0703 1.0000
vt 6.0703 0.3896
vt -8.5762 0.3896
vt -8.5762 1.0000
vt 5.1016 1.0000
vt 5.1016 0.3555
vt -10.3584 0.3555
vt -10.3584 1.0000
vt 16.9580 1.0000
vt 16.9580 0.4072
vt -0.8125 0.4072
vt -0.8125 1.0000
vt 18.3037 1.0000
vt 18.3037 0.3662
vt -0.7100 0.3662
vt -0.7100 1.0000
vt 2.8633 1.0000
vt 2.8633 0.3594
vt -0.9824 0.3594
vt 4.8457 1.0000
vt 4.8457 0.3770
vt -0.7588 0.3770
vt -0.7588 1.0000
vt 4.0156 1.0000
vt 4.0156 0.3496
vt -1.8340 0.3496
vt -1.8340 1.0000
vt 9.4697 1.0000
vt 9.4697 0.4092
vt -8.2490 0.4092
vt -8.2490 1.0000
vt 5.5225 1.0000
vt 5.5225 0.4170
vt -11.9658 0.4170
vt -11.9658 1.0000
vt 5.8398 1.0000
vt 5.8398 0.3516
vt -9.7217 0.3516
vt -9.7217 1.0000
vt 7.3867 1.0000
vt 7.3867 0.3467
vt -8.2871 0.3467
vt -8.2871 1.0000
vt 1.1738 1.0000
vt 1.1738 0.0127
vt 2.2832 1.0000
vt 2.2832 0.0107
vt 0.0000 0.0107
vt 1.0000 0.0830
vt 0.0000 0.0830
vt 1.2686 0.0137
vt 0.0000 0.0137
vt 1.2686 1.0000
vt 1.5098 1.0000
vt 1.5098 0.0244
vt -0.0859 0.0244
vt -0.0859 1.0000
vt 1.1807 1.0000
vt 1.1807 0.0117
vt -0.0898 0.0117
vt -0.0898 1.0000
vt -1.5039 1.0000
vt -1.5039 1.8887
vt 0.5479 1.8887
vt 0.5479 1.0000
vt 1.1846 1.0000
vt 1.1846 0.0059
vt -0.6514 0.0059
vt -0.6514 1.0000
vt 0.0000 0.0176
vt 1.0000 0.0176
vt -1.2051 0.0166
vt -1.2051 1.0000
vt 3.2900 1.0000
vt 3.5000 0.0166
vt 3.8516 1.0000
vt 3.8516 0.0166
vt 0.8447 1.0000
vt 0.8447 0.0059
vt -1.2188 0.0059
vt -1.2188 1.0000
vt 1.1416 1.0000
vt 1.1416 0.0176
vt -0.5166 0.0176
vt -0.5166 1.0000
vt 1.6855 1.0000
vt 1.6855 0.0010
vt 0.0000 0.0010
vt 2.0508 1.0000
vt 2.0508 0.0127
vt 5.3389 1.0000
vt 5.3389 0.0117
vt -0.1367 0.0117
vt -0.1367 1.0000
vt 4.2383 1.0000
vt 4.2383 0.0098
vt -0.2188 0.0098
vt -0.2188 1.0000
vt 5.0889 1.0000
vt 5.4385 0.0127
vt -3.6396 0.0127
vt -3.2900 1.0000
vt 2.7354 1.6738
vt 2.7354 1.0000
vt -6.7002 1.0000
vt -6.7002 1.6738
vt 9.9092 1.0000
vt 10.2617 0.0020
vt -1.0322 0.0020
vt -0.6797 1.0000
vt 11.3037 1.7021
vt 11.3037 1.0000
vt -0.6279 1.0000
vt -0.6279 1.7021
vt 2.4873 0.2598
vt -0.6523 0.2598
vt -0.9141 1.0000
vt 2.7490 1.0000
vt 1.8389 1.0000
vt 2.1934 0.0000
vt -0.6367 0.0000
vt -0.2832 1.0000
vt 4.0820 0.2676
vt -0.5820 0.2676
vt -0.8408 1.0000
vt 4.3408 1.0000
vt 2.8398 1.0000
vt 3.1943 -0.0039
vt -0.7090 -0.0039
vt -0.3545 1.0000
vt 3.5898 0.2510
vt -1.1748 0.2510
vt -1.4395 1.0000
vt 3.8555 1.0000
vt 1.8613 1.0000
vt 2.2148 0.0000
vt -1.6738 0.0000
vt -1.3203 1.0000
vt 4.0234 1.0000
vt 4.3691 0.0215
vt -6.7031 0.0215
vt -6.3574 1.0000
vt 3.8057 1.7500
vt 3.8057 1.0000
vt -8.9492 1.0000
vt -8.9492 1.7500
vt 2.8252 1.0000
vt 3.1738 0.0137
vt -5.8916 0.0137
vt -5.5430 1.0000
vt 1.7715 1.7363
vt 1.7715 1.0000
vt -8.5420 1.0000
vt -8.5420 1.7363
vt -3.0576 -0.0068
vt -3.0576 1.0000
vt 2.9922 1.0000
vt 3.3477 -0.0068
vt -0.2012 0.0049
vt -0.2012 1.0000
vt 2.6123 1.0000
vt 2.9648 0.0049
vt -2.2217 -0.0020
vt -2.2217 1.0000
vt 5.7910 1.0000
vt 5.7910 -0.0020
vt -1.5176 0.0176
vt -1.5176 1.0000
vt 4.0410 1.0000
vt 4.3887 0.0176
vt -2.3984 -0.0049
vt 3.6396 1.0000
vt 3.2842 -0.0049
vt 22.3877 1.0000
vt 22.5625 -0.0010
vt -3.2695 -0.0010
vt -2.9150 1.0000
vt 10.6338 1.0000
vt 10.8096 0.0039
vt 0.9033 0.0039
vt 1.3047 1.0000
vt -0.8076 0.0039
vt -0.4561 1.0000
vt 14.1309 1.0000
vt 14.2666 0.0186
vt -1.0312 0.0186
vt -0.7432 1.0000
vt -3.9180 0.0186
vt -3.9180 1.0000
vt 13.6982 1.0000
vt 13.9258 0.0146
vt 3.6582 0.0146
vt 4.1504 1.0000
vt -0.7725 0.0146
vt -0.5264 1.0000
vt 14.7305 1.0000
vt 14.7305 0.0029
vt 7.9697 0.0029
vt 7.8467 1.0000
vt -1.8301 0.0029
vt -1.8301 1.0000
vt -10.6396 0.0029
vt -10.9922 1.0000
vt 17.1973 1.0000
vt 17.1973 0.0146
vt 16.8643 1.0000
vt 16.8643 0.0186
vt 22.9170 1.0000
vt 22.9170 -0.0010
vt 12.2178 1.0000
vt 12.2178 0.0039
vt 2.2725 1.0000
vt 2.6240 0.0068
vt -7.2119 0.0068
vt -7.2119 1.0000
vt 8.5420 1.0000
vt 8.5420 0.0195
vt -1.1621 0.0195
vt -0.8154 1.0000
vt 24.9492 1.0000
vt 25.2998 0.0068
vt -0.6709 0.0078
vt -0.3203 1.0000
vt 0.4629 0.0195
vt 0.0000 0.0195
vt 0.4629 1.0000
vt 0.5400 0.0195
vt 0.4629 0.8037
vt 0.5400 0.8037
vt 1.5420 0.0195
vt 1.5420 1.0000
vt 1.8506 1.0000
vt 1.8506 0.0195
vt 1.4648 0.0195
vt 1.4648 0.8037
vt 1.5420 0.8037
vt 2.4473 0.0176
vt 2.4473 1.0000
vt -0.7275 0.0166
vt -0.7275 1.0000
vt 1.2393 1.0000
vt 1.2393 0.0166
vt 1.6191 0.0342
vt -0.8506 0.0342
vt -0.8506 1.0000
vt 1.6191 1.0000
vt 1.0723 0.0166
vt -0.6445 0.0166
vt -0.6445 1.0000
vt 1.2803 1.0000
vt 1.2803 0.0020
vt 2.9209 1.0000
vt 2.9209 0.0215
vt 1.6533 0.0215
vt 1.5410 1.0000
vt -0.1299 0.0215
vt -1.8174 0.0215
vt -1.8174 1.0000
vt 4.0664 1.5693
vt 4.0664 1.0000
vt -2.7676 1.0000
vt -2.7676 1.5693
vt 8.7041 1.5938
vt 8.7041 1.0000
vt -0.2080 1.0000
vt -0.2080 1.5938
vt 3.8311 0.0098
vt -3.1035 0.0098
vt -3.1035 1.0000
vt 3.8311 1.0000
vt 4.7402 0.0068
vt -4.2002 0.0068
vt -4.2002 1.0000
vt 4.7402 1.0000
vt 9.5850 -0.0312
vt -0.7256 -0.0312
vt -0.7256 1.0000
vt 9.5850 1.0000
vt 11.0674 -0.0068
vt -1.0166 -0.0068
vt -1.0166 1.0000
vt 11.0674 1.0000
vt 5.5527 0.0244
vt -4.2021 0.0244
vt -4.2021 1.0000
vt 5.5527 1.0000
vt 4.7871 -0.0176
vt -7.4238 -0.0176
vt -7.4238 1.0000
vt 4.7871 1.0000
vt 3.1641 1.5674
vt 3.1641 1.0000
vt -5.3438 1.0000
vt -5.3438 1.5674
vt 1.0801 1.0000
vt 1.0801 0.2764
vt -7.6055 0.2764
vt -7.6055 1.0000
vt 2.1318 1.0000
vt 1.7764 -0.0049
vt -7.8184 -0.0049
vt -7.8184 1.0000
vt 2.8125 1.0000
vt 3.1650 0.0029
vt -7.0586 0.0029
vt -7.0586 1.0000
vt 9.2998 1.0000
vt 9.2998 0.0000
vt -0.9551 0.0000
vt -0.6016 1.0000
vt 8.1348 1.0000
vt 8.1348 0.0049
vt -1.3613 0.0049
vt -1.7139 1.0000
vt 25.1748 1.0000
vt 24.8184 -0.0078
vt -0.8291 -0.0078
vt -1.1846 1.0000
vt 24.8740 1.0000
vt 25.2236 0.0127
vt -1.2988 0.0127
vt -0.9492 1.0000
vt 2.0000 1.0000
vt 2.0000 0.0000
vt 1.0000 -3.0000
vt 1.0000 -1.0000
vt 0.0000 -1.6113
vt 0.0000 -1.0000
vt 2.0000 -1.0000
vt 0.0000 -3.0000
vt 0.0000 -0.3887
vt 2.0000 -3.0000
vt 2.0000 -2.0000
vt 4.6475 1.0000
vt 4.9971 0.0117
vt -4.0918 0.0117
vt -3.7422 1.0000
vt 9.6855 1.0000
vt 10.0312 0.0215
vt -1.0400 0.0215
vt -0.6943 1.0000
vt 3.3330 1.0000
vt 3.6904 -0.0127
vt -7.7695 -0.0127
vt -7.4111 1.0000
vt 3.2100 1.0000
vt 3.5723 -0.0264
vt -5.8594 -0.0264
vt -5.4971 1.0000
vt -0.6855 1.9414
vt 2.1396 1.9414
vt 2.1396 1.0000
vt -0.6855 1.0000
vt 2.5537 0.0195
vt -0.3867 0.0195
vt -0.3867 1.0000
vt 2.5537 1.0000
vt -0.3828 1.0000
vt 2.5605 1.0000
vt 2.5605 0.0186
vt -0.3828 0.0186
vt -0.5371 1.0000
vt 1.8555 1.0000
vt 1.8555 -0.0244
vt -0.5371 -0.0244
vt -0.4131 1.0000
vt 3.1191 1.0000
vt 3.1191 -0.0088
vt -0.4131 -0.0098
vn 0.577 0.577 0.577
vn 0.577 0.577 0.577
vn -0.577 -0.577 -0.577
vn -0.577 -0.577 -0.577
vn -0.577 -0.577 -0.577
vn 0.577 0.577 0.577
vn 0.577 0.577 0.577
vn -0.577 -0.577 -0.577
vn -0.577 -0.577 -0.577
vn -0.577 -0.577 -0.577
vn -0.577 -0.577 -0.577
vn 0.577 0.577 0.577
vn 0.577 0.577 0.577
vn 0.577 0.577 0.577
vn 0.577 0.577 0.577
vn 0.577 0.577 0.577
vn 0.577 0.577 0.577
vn -0.577 -0.577 -0.577
vn 0.577 0.577 0.577
vn 0.577 0.577 0.577
vn 0.577 0.577 0.577
vn -0.577 -0.577 -0.577
vn 0.577 0.577 0.577
vn 0.577 0.577 0.577
vn -0.577 -0.577 -0.577
vn -0.577 -0.577 -0.577
vn 0.577 0.577 0.577
vn -0.577 -0.577 -0.577
vn 0.577 0.577 0.577
vn -0.577 -0.577 -0.577
vn 0.577 0.577 0.577
vn 0.577 0.577 0.577
vn 0.577 0.577 0.577
vn 0.577 0.577 0.577
vn 0.577 0.577 0.577
vn 0.577 0.577 0.577
vn 0.577 0.577 0.577
vn 0.577 0.577 0.577
vn 0.577 0.577 0.577
vn 0.577 0.577 0.577
vn 0.577 0.577 0.577
vn 0.577 0.577 0.577
vn 0.577 0.577 0.577
vn 0.577 0.577 0.577
vn 0.577 0.577 0.577
vn 0.577 0.577 0.577
vn 0.577 0.577 0.577
vn 0.577 0.577 0.577
vn 0.577 0.577 0.577
vn 0.577 0.577 0.577
vn -0.577 -0.577 -0.577
vn -0.577 -0.577 -0.577
vn 0.577 0.577 0.577
vn 0.577 0.577 0.577
vn -0.577 -0.577 -0.577
vn -0.577 -0.577 -0.577
vn -0.577 -0.577 -0.577
vn -0.577 -0.577 -0.577
vn -0.577 -0.577 -0.577
vn -0.577 -0.577 -0.577
vn -0.577 -0.577 -0.577
vn -0.577 -0.577 -0.577
vn 0.577 0.577 0.577
vn 0.577 0.577 0.577
vn 0.577 0.577 0.577
vn 0.577 0.577 0.577
vn 0.577 0.577 0.577
vn 0.577 0.577 0.577
vn 0.577 0.577 0.577
vn 0.577 0.577 0.577
vn 0.577 0.577 0.577
vn 0.577 0.577 0.577
vn 0.577 0.577 0.577
vn 0.577 0.577 0.577
vn 0.577 0.577 0.577
vn 0.577 0.577 0.577
vn 0.577 0.577 0.577
vn 0.577 0.577 0.577
vn 0.577 0.577 0.577
vn 0.577 0.577 0.577
vn 0.577 0.577 0.577
vn 0.577 0.577 0.577
vn -0.577 -0.577 -0.577
vn -0.577 -0.577 -0.577
vn -0.577 -0.577 -0.577
vn -0.577 -0.577 -0.577
vn -0.577 -0.577 -0.577
vn -0.577 -0.577 -0.577
vn -0.577 -0.577 -0.577
vn -0.577 -0.577 -0.577
vn -0.577 -0.577 -0.577
vn -0.577 -0.577 -0.577
vn 0.577 0.577 0.577
vn -0.577 -0.577 -0.577
vn -0.577 -0.577 -0.577
vn 0.577 0.577 0.577
vn 0.577 0.577 0.577
vn -0.577 -0.577 -0.577
vn -0.577 -0.577 -0.577
vn -0.577 -0.577 -0.577
vn -0.577 -0.577 -0.577
vn -0.577 -0.577 -0.577
vn 0.577 0.577 0.577
vn 0.577 0.577 0.577
vn 0.577 0.577 0.577
vn 0.577 0.577 0.577
vn 0.577 0.577 0.577
vn -0.577 -0.577 -0.577
vn -0.577 -0.577 -0.577
vn -0.577 -0.577 -0.577
vn -0.577 -0.577 -0.577
vn -0.577 -0.577 -0.577
vn -0.577 -0.577 -0.577
vn 0.577 0.577 0.577
vn 0.577 0.577 0.577
vn 0.577 0.577 0.577
vn 0.577 0.577 0.577
vn 0.613 0.577 0.540
vn 0.613 0.577 0.540
vn 0.607 0.584 0.538
vn 0.620 0.572 0.537
vn 0.613 0.577 0.541
vn 0.613 0.577 0.541
vn 0.613 0.577 0.541
vn 0.613 0.577 0.541
vn 0.577 0.577 0.577
vn 0.577 0.577 0.577
vn 0.577 0.577 0.577
vn 0.577 0.577 0.577
vn -0.577 -0.577 -0.577
vn -0.577 -0.577 -0.577
vn -0.577 -0.577 -0.577
vn -0.577 -0.577 -0.577
vn -0.577 -0.577 -0.577
vn -0.577 -0.577 -0.577
vn -0.577 -0.577 -0.577
vn -0.577 -0.577 -0.577
vn -0.577 -0.577 -0.577
vn -0.577 -0.577 -0.577
vn -0.577 -0.577 -0.577
vn -0.577 -0.577 -0.577
vn -0.577 -0.577 -0.577
vn -0.577 -0.577 -0.577
vn -0.577 -0.577 -0.577
vn -0.577 -0.577 -0.577
vn 0.577 0.577 0.577
vn 0.577 0.577 0.577
vn 0.577 0.577 0.577
vn 0.577 0.577 0.577
vn 0.577 0.577 0.577
vn 0.577 0.577 0.577
vn 0.577 0.577 0.577
vn 0.577 0.577 0.577
vn 0.577 0.577 0.577
vn 0.577 0.577 0.577
vn 0.577 0.577 0.577
vn 0.577 0.577 0.577
vn 0.599 0.582 0.550
vn 0.599 0.582 0.550
vn 0.615 0.586 0.527
vn 0.618 0.571 0.540
vn 0.620 0.572 0.537
vn 0.607 0.584 0.538
vn 0.614 0.580 0.536
vn 0.607 0.584 0.538
vn 0.613 0.577 0.541
vn 0.613 0.577 0.541
vn 0.613 0.577 0.541
vn 0.613 0.577 0.541
vn 0.613 0.577 0.541
vn 0.613 0.577 0.541
vn 0.613 0.577 0.541
vn 0.613 0.577 0.541
vn 0.577 0.577 0.577
vn 0.577 0.577 0.577
vn 0.577 0.577 0.577
vn 0.577 0.577 0.577
vn 0.577 0.577 0.577
vn 0.577 0.577 0.577
vn -0.577 -0.577 -0.577
vn -0.577 -0.577 -0.577
vn 0.577 0.577 0.577
vn 0.577 0.577 0.577
vn 0.577 0.577 0.577
vn 0.577 0.577 0.577
vn 0.577 0.577 0.577
vn 0.577 0.577 0.577
vn 0.577 0.577 0.577
vn 0.577 0.577 0.577
vn 0.577 0.577 0.577
vn 0.577 0.577 0.577
vn 0.577 0.577 0.577
vn 0.577 0.577 0.577
vn 0.628 0.608 0.486
vn 0.609 0.580 0.541
vn 0.612 0.583 0.535
vn 0.612 0.583 0.535
vn 0.613 0.577 0.541
vn 0.613 0.577 0.541
vn 0.613 0.577 0.541
vn 0.613 0.577 0.541
vn 0.577 0.577 0.577
vn 0.577 0.577 0.577
vn -0.577 -0.577 -0.577
vn -0.577 -0.577 -0.577
vn 0.577 0.577 0.577
vn 0.577 0.577 0.577
vn 0.577 0.577 0.577
vn 0.577 0.577 0.577
vn 0.577 0.577 0.577
vn 0.577 0.577 0.577
vn 0.577 0.577 0.577
vn 0.577 0.577 0.577
vn 0.577 0.577 0.577
vn 0.577 0.577 0.577
vn 0.577 0.577 0.577
vn 0.577 0.577 0.577
vn -0.577 -0.577 -0.577
vn -0.577 -0.577 -0.577
vn -0.577 -0.577 -0.577
vn -0.577 -0.577 -0.577
vn 0.577 0.577 0.577
vn 0.577 0.577 0.577
vn 0.577 0.577 0.577
vn 0.577 0.577 0.577
vn 0.577 0.577 0.577
vn 0.577 0.577 0.577
vn 0.577 0.577 0.577
vn 0.577 0.577 0.577
vn 0.577 0.577 0.577
vn 0.577 0.577 0.577
vn 0.577 0.577 0.577
vn 0.577 0.577 0.577
vn 0.577 0.577 0.577
vn 0.577 0.577 0.577
vn 0.577 0.577 0.577
vn 0.577 0.577 0.577
vn 0.577 0.577 0.577
vn 0.577 0.577 0.577
vn 0.577 0.577 0.577
vn 0.577 0.577 0.577
vn 0.577 0.577 0.577
vn 0.577 0.577 0.577
vn 0.577 0.577 0.577
vn 0.577 0.577 0.577
vn 0.577 0.577 0.577
vn 0.577 0.577 0.577
vn 0.577 0.577 0.577
vn 0.577 0.577 0.577
vn -0.577 -0.577 -0.577
vn -0.577 -0.577 -0.577
vn -0.577 -0.577 -0.577
vn -0.577 -0.577 -0.577
vn 0.577 0.577 0.577
vn 0.577 0.577 0.577
vn 0.577 0.577 0.577
vn 0.577 0.577 0.577
vn 0.577 0.577 0.577
vn 0.577 0.577 0.577
vn 0.577 0.577 0.577
vn 0.577 0.577 0.577
vn 0.577 0.577 0.577
vn 0.577 0.577 0.577
vn 0.577 0.577 0.577
vn 0.577 0.577 0.577
vn -0.577 -0.577 -0.577
vn -0.577 -0.577 -0.577
vn -0.577 -0.577 -0.577
vn -0.577 -0.577 -0.577
vn 0.577 0.577 0.577
vn 0.577 0.577 0.577
vn 0.577 0.577 0.577
vn 0.577 0.577 0.577
vn 0.577 0.577 0.577
vn 0.577 0.577 0.577
vn 0.577 0.577 0.577
vn 0.577 0.577 0.577
vn 0.577 0.577 0.577
vn 0.577 0.577 0.577
vn 0.577 0.577 0.577
vn 0.577 0.577 0.577
vn 0.577 0.577 0.577
vn -0.577 -0.577 -0.577
vn -0.577 -0.577 -0.577
vn -0.577 -0.577 -0.577
vn 0.577 0.577 0.577
vn 0.577 0.577 0.577
vn 0.577 0.577 0.577
vn 0.577 0.577 0.577
vn 0.577 0.577 0.577
vn 0.577 0.577 0.577
vn 0.577 0.577 0.577
vn 0.577 0.577 0.577
vn 0.577 0.577 0.577
vn 0.577 0.577 0.577
vn 0.577 0.577 0.577
vn 0.577 0.577 0.577
vn 0.577 0.577 0.577
vn 0.577 0.577 0.577
vn 0.577 0.577 0.577
vn 0.577 0.577 0.577
vn 0.577 0.577 0.577
vn 0.577 0.577 0.577
vn 0.577 0.577 0.577
vn 0.577 0.577 0.577
vn 0.577 0.577 0.577
vn 0.577 0.577 0.577
vn 0.577 0.577 0.577
vn 0.577 0.577 0.577
vn 0.577 0.577 0.577
vn 0.577 0.577 0.577
vn 0.577 0.577 0.577
vn 0.577 0.577 0.577
vn 0.577 0.577 0.577
vn 0.577 0.577 0.577
vn 0.577 0.577 0.577
vn -0.577 -0.577 -0.577
vn 0.607 0.581 0.542
vn 0.614 0.572 0.544
vn 0.599 0.582 0.550
vn 0.599 0.582 0.550
vn 0.613 0.577 0.541
vn 0.613 0.577 0.541
vn 0.613 0.577 0.541
vn 0.613 0.577 0.541
vn 0.577 0.577 0.577
vn 0.577 0.577 0.577
vn 0.577 0.577 0.577
vn 0.577 0.577 0.577
vn 0.613 0.577 0.541
vn 0.613 0.577 0.541
vn 0.613 0.577 0.541
vn 0.613 0.577 0.541
vn 0.577 0.577 0.577
vn 0.577 0.577 0.577
vn 0.577 0.577 0.577
vn 0.577 0.577 0.577
vn 0.615 0.586 0.527
vn 0.599 0.582 0.550
vn 0.615 0.586 0.527
vn 0.599 0.582 0.550
vn 0.577 0.577 0.577
vn 0.577 0.577 0.577
vn 0.577 0.577 0.577
vn 0.577 0.577 0.577
vn 0.577 0.577 0.577
vn 0.577 0.577 0.577
vn 0.577 0.577 0.577
vn 0.577 0.577 0.577
vn -0.577 -0.577 -0.577
vn 0.577 0.577 0.577
vn 0.577 0.577 0.577
vn -0.577 -0.577 -0.577
vn -0.577 -0.577 -0.577
vn -0.577 -0.577 -0.577
vn -0.577 -0.577 -0.577
vn -0.577 -0.577 -0.577
vn -0.577 -0.577 -0.577
vn -0.577 -0.577 -0.577
vn 0.577 0.577 0.577
vn 0.577 0.577 0.577
vn -0.577 -0.577 -0.577
vn -0.577 -0.577 -0.577
vn 0.577 0.577 0.577
vn 0.577 0.577 0.577
vn 0.577 0.577 0.577
vn 0.577 0.577 0.577
vn 0.577 0.577 0.577
vn 0.577 0.577 0.577
vn 0.577 0.577 0.577
vn 0.577 0.577 0.577
vn 0.577 0.577 0.577
vn 0.577 0.577 0.577
vn 0.577 0.577 0.577
vn 0.577 0.577 0.577
vn 0.577 0.577 0.577
vn 0.577 0.577 0.577
vn 0.577 0.577 0.577
vn 0.577 0.577 0.577
vn 0.577 0.577 0.577
vn 0.577 0.577 0.577
vn -0.577 -0.577 -0.577
vn -0.577 -0.577 -0.577
vn -0.577 -0.577 -0.577
vn -0.577 -0.577 -0.577
vn 0.577 0.577 0.577
vn 0.577 0.577 0.577
vn 0.577 0.577 0.577
vn 0.577 0.577 0.577
vn 0.577 0.577 0.577
vn 0.577 0.577 0.577
vn 0.577 0.577 0.577
vn 0.577 0.577 0.577
vn 0.577 0.577 0.577
vn -0.577 -0.577 -0.577
vn -0.577 -0.577 -0.577
vn 0.577 0.577 0.577
vn -0.577 -0.577 -0.577
vn -0.577 -0.577 -0.577
vn 0.577 0.577 0.577
vn 0.577 0.577 0.577
vn -0.577 -0.577 -0.577
vn -0.577 -0.577 -0.577
vn -0.577 -0.577 -0.577
vn -0.577 -0.577 -0.577
vn 0.577 0.577 0.577
vn 0.577 0.577 0.577
vn 0.577 0.577 0.577
vn 0.577 0.577 0.577
vn 0.577 0.577 0.577
vn 0.577 0.577 0.577
vn 0.577 0.577 0.577
vn 0.577 0.577 0.577
vn 0.577 0.577 0.577
vn 0.577 0.577 0.577
vn 0.577 0.577 0.577
vn 0.577 0.577 0.577
vn 0.577 0.577 0.577
vn 0.577 0.577 0.577
vn 0.577 0.577 0.577
vn 0.577 0.577 0.577
vn 0.577 0.577 0.577
vn -0.577 -0.577 -0.577
vn 0.577 0.577 0.577
vn 0.577 0.577 0.577
vn -0.577 -0.577 -0.577
vn -0.577 -0.577 -0.577
vn -0.577 -0.577 -0.577
vn -0.577 -0.577 -0.577
vn -0.577 -0.577 -0.577
vn -0.577 -0.577 -0.577
vn -0.577 -0.577 -0.577
vn -0.577 -0.577 -0.577
vn 0.577 0.577 0.577
vn 0.577 0.577 0.577
vn 0.577 0.577 0.577
vn 0.577 0.577 0.577
vn 0.577 0.577 0.577
vn 0.577 0.577 0.577
vn 0.577 0.577 0.577
vn 0.577 0.577 0.577
vn 0.577 0.577 0.577
vn 0.577 0.577 0.577
vn 0.577 0.577 0.577
vn 0.577 0.577 0.577
vn -0.577 -0.577 -0.577
vn -0.577 -0.577 -0.577
vn -0.577 -0.577 -0.577
vn -0.577 -0.577 -0.577
vn 0.577 0.577 0.577
vn 0.577 0.577 0.577
vn 0.577 0.577 0.577
vn 0.577 0.577 0.577
vn 0.577 0.577 0.577
vn 0.577 0.577 0.577
vn 0.577 0.577 0.577
vn 0.577 0.577 0.577
vn 0.577 0.577 0.577
vn 0.577 0.577 0.577
vn 0.577 0.577 0.577
vn 0.577 0.577 0.577
vn 0.577 0.577 0.577
vn 0.577 0.577 0.577
vn 0.577 0.577 0.577
vn 0.577 0.577 0.577
vn 0.577 0.577 0.577
vn 0.577 0.577 0.577
vn 0.577 0.577 0.577
vn 0.577 0.577 0.577
vn -0.577 -0.577 -0.577
vn -0.577 -0.577 -0.577
vn -0.577 -0.577 -0.577
vn 0.577 0.577 0.577
vn 0.577 0.577 0.577
vn 0.577 0.577 0.577
vn 0.577 0.577 0.577
vn 0.577 0.577 0.577
vn 0.577 0.577 0.577
vn 0.577 0.577 0.577
vn 0.577 0.577 0.577
vn 0.577 0.577 0.577
vn 0.577 0.577 0.577
vn 0.577 0.577 0.577
vn 0.577 0.577 0.577
vn 0.577 0.577 0.577
vn 0.577 0.577 0.577
vn 0.577 0.577 0.577
vn 0.577 0.577 0.577
vn 0.577 0.577 0.577
vn -0.577 -0.577 -0.577
vn -0.577 -0.577 -0.577
vn -0.577 -0.577 -0.577
vn -0.577 -0.577 -0.577
vn 0.577 0.577 0.577
vn 0.577 0.577 0.577
vn 0.577 0.577 0.577
vn 0.577 0.577 0.577
vn 0.577 0.577 0.577
vn 0.577 0.577 0.577
vn 0.577 0.577 0.577
vn 0.577 0.577 0.577
vn 0.577 0.577 0.577
vn 0.577 0.577 0.577
vn 0.577 0.577 0.577
vn 0.577 0.577 0.577
vn 0.577 0.577 0.577
vn 0.577 0.577 0.577
vn 0.577 0.577 0.577
vn 0.577 0.577 0.577
vn 0.577 0.577 0.577
vn 0.577 0.577 0.577
vn 0.577 0.577 0.577
vn 0.577 0.577 0.577
vn 0.577 0.577 0.577
vn 0.577 0.577 0.577
vn -0.577 -0.577 -0.577
vn -0.577 -0.577 -0.577
vn 0.577 0.577 0.577
vn 0.577 0.577 0.577
vn 0.577 0.577 0.577
vn 0.577 0.577 0.577
vn 0.599 0.582 0.550
vn 0.613 0.577 0.540
vn 0.620 0.572 0.537
vn 0.615 0.586 0.527
vn 0.620 0.572 0.537
vn 0.628 0.608 0.486
vn 0.609 0.580 0.541
vn 0.607 0.584 0.538
vn 0.613 0.577 0.541
vn 0.613 0.577 0.541
vn 0.613 0.577 0.541
vn 0.613 0.577 0.541
vn 0.613 0.577 0.541
vn 0.613 0.577 0.541
vn 0.613 0.577 0.541
vn 0.613 0.577 0.541
vn 0.613 0.577 0.540
vn 0.615 0.573 0.542
vn 0.618 0.573 0.538
vn 0.607 0.584 0.538
vn 0.613 0.583 0.533
vn 0.618 0.573 0.538
vn 0.610 0.583 0.536
vn 0.613 0.579 0.537
vn -0.577 -0.577 -0.577
vn -0.577 -0.577 -0.577
vn 0.577 0.577 0.577
vn 0.577 0.577 0.577
vn -0.577 -0.577 -0.577
vn -0.577 -0.577 -0.577
vn -0.577 -0.577 -0.577
vn -0.577 -0.577 -0.577
vn 0.577 0.577 0.577
vn 0.577 0.577 0.577
vn 0.577 0.577 0.577
vn 0.577 0.577 0.577
vn 0.577 0.577 0.577
vn 0.577 0.577 0.577
vn 0.577 0.577 0.577
vn 0.577 0.577 0.577
vn 0.577 0.577 0.577
vn 0.577 0.577 0.577
vn 0.577 0.577 0.577
vn 0.577 0.577 0.577
vn -0.577 -0.577 -0.577
vn -0.577 -0.577 -0.577
vn -0.577 -0.577 -0.577
vn -0.577 -0.577 -0.577
vn 0.577 0.577 0.577
vn 0.577 0.577 0.577
vn -0.577 -0.577 -0.577
vn 0.577 0.577 0.577
vn -0.577 -0.577 -0.577
vn -0.577 -0.577 -0.577
vn -0.577 -0.577 -0.577
vn -0.577 -0.577 -0.577
vn 0.577 0.577 0.577
vn 0.577 0.577 0.577
vn 0.577 0.577 0.577
vn 0.577 0.577 0.577
vn 0.577 0.577 0.577
vn 0.577 0.577 0.577
vn 0.577 0.577 0.577
vn 0.577 0.577 0.577
vn 0.577 0.577 0.577
vn 0.577 0.577 0.577
vn 0.577 0.577 0.577
vn 0.577 0.577 0.577
vn 0.577 0.577 0.577
vn 0.577 0.577 0.577
vn 0.577 0.577 0.577
vn 0.577 0.577 0.577
vn 0.577 0.577 0.577
vn 0.577 0.577 0.577
vn 0.577 0.577 0.577
vn 0.577 0.577 0.577
vn 0.577 0.577 0.577
vn 0.577 0.577 0.577
vn 0.577 0.577 0.577
vn 0.577 0.577 0.577
vn 0.577 0.577 0.577
vn 0.577 0.577 0.577
vn 0.577 0.577 0.577
vn 0.577 0.577 0.577
vn 0.577 0.577 0.577
vn 0.577 0.577 0.577
vn 0.577 0.577 0.577
vn 0.577 0.577 0.577
vn 0.577 0.577 0.577
vn 0.577 0.577 0.577
vn 0.577 0.577 0.577
vn 0.577 0.577 0.577
vn 0.577 0.577 0.577
vn 0.577 0.577 0.577
vn 0.577 0.577 0.577
vn 0.577 0.577 0.577
vn 0.577 0.577 0.577
vn 0.577 0.577 0.577
vn 0.577 0.577 0.577
vn 0.577 0.577 0.577
vn -0.577 -0.577 -0.577
vn -0.577 -0.577 -0.577
vn -0.577 -0.577 -0.577
vn -0.577 -0.577 -0.577
vn -0.577 -0.577 -0.577
vn -0.577 -0.577 -0.577
vn -0.577 -0.577 -0.577
vn -0.577 -0.577 -0.577
vn 0.577 0.577 0.577
vn 0.577 0.577 0.577
vn -0.577 -0.577 -0.577
vn -0.577 -0.577 -0.577
vn 0.577 0.577 0.577
vn 0.577 0.577 0.577
vn 0.577 0.577 0.577
vn 0.577 0.577 0.577
vn 0.577 0.577 0.577
vn 0.577 0.577 0.577
vn 0.577 0.577 0.577
vn 0.577 0.577 0.577
vn 0.577 0.577 0.577
vn 0.577 0.577 0.577
vn 0.577 0.577 0.577
vn 0.577 0.577 0.577
vn 0.577 0.577 0.577
vn 0.577 0.577 0.577
vn 0.577 0.577 0.577
vn 0.577 0.577 0.577
vn 0.577 0.577 0.577
vn -0.577 -0.577 -0.577
vn 0.577 0.577 0.577
vn 0.577 0.577 0.577
vn 0.577 0.577 0.577
vn 0.577 0.577 0.577
vn 0.577 0.577 0.577
vn 0.577 0.577 0.577
vn 0.577 0.577 0.577
vn 0.577 0.577 0.577
vn 0.577 0.577 0.577
vn 0.577 0.577 0.577
vn -0.577 -0.577 -0.577
vn -0.577 -0.577 -0.577
vn -0.577 -0.577 -0.577
vn -0.577 -0.577 -0.577
vn 0.577 0.577 0.577
vn 0.577 0.577 0.577
vn 0.577 0.577 0.577
vn 0.577 0.577 0.577
vn 0.613 0.579 0.537
vn 0.615 0.582 0.533
vn 0.611 0.579 0.540
vn 0.609 0.577 0.545
vn 0.616 0.582 0.531
vn 0.616 0.582 0.531
vn 0.616 0.582 0.531
vn 0.616 0.582 0.531
vn -0.577 -0.577 -0.577
vn -0.577 -0.577 -0.577
vn -0.577 -0.577 -0.577
vn -0.577 -0.577 -0.577
vn 0.577 0.577 0.577
vn 0.577 0.577 0.577
vn 0.577 0.577 0.577
vn 0.577 0.577 0.577
vn 0.577 0.577 0.577
vn 0.577 0.577 0.577
vn -0.577 -0.577 -0.577
vn -0.577 -0.577 -0.577
vn -0.577 -0.577 -0.577
vn -0.577 -0.577 -0.577
vn -0.577 -0.577 -0.577
vn -0.577 -0.577 -0.577
vn 0.577 0.577 0.577
vn 0.577 0.577 0.577
vn 0.577 0.577 0.577
vn 0.577 0.577 0.577
vn 0.577 0.577 0.577
vn 0.577 0.577 0.577
vn 0.577 0.577 0.577
vn 0.577 0.577 0.577
vn 0.577 0.577 0.577
vn 0.577 0.577 0.577
vn 0.577 0.577 0.577
vn 0.577 0.577 0.577
vn 0.577 0.577 0.577
vn 0.577 0.577 0.577
vn 0.577 0.577 0.577
vn 0.577 0.577 0.577
vn 0.577 0.577 0.577
vn 0.577 0.577 0.577
vn 0.577 0.577 0.577
vn 0.577 0.577 0.577
vn 0.577 0.577 0.577
vn 0.577 0.577 0.577
vn 0.577 0.577 0.577
vn 0.577 0.577 0.577
vn 0.577 0.577 0.577
vn 0.577 0.577 0.577
vn 0.577 0.577 0.577
vn 0.577 0.577 0.577
vn 0.577 0.577 0.577
vn 0.577 0.577 0.577
vn 0.577 0.577 0.577
vn -0.577 -0.577 -0.577
vn 0.577 0.577 0.577
vn 0.577 0.577 0.577
vn -0.577 -0.577 -0.577
vn -0.577 -0.577 -0.577
vn 0.577 0.577 0.577
vn 0.577 0.577 0.577
vn 0.577 0.577 0.577
vn 0.577 0.577 0.577
vn 0.577 0.577 0.577
vn 0.577 0.577 0.577
vn 0.577 0.577 0.577
vn 0.577 0.577 0.577
vn 0.577 0.577 0.577
vn 0.577 0.577 0.577
vn 0.577 0.577 0.577
vn 0.577 0.577 0.577
vn 0.577 0.577 0.577
vn 0.577 0.577 0.577
vn 0.577 0.577 0.577
vn -0.577 -0.577 -0.577
vn -0.577 -0.577 -0.577
vn 0.577 0.577 0.577
vn -0.577 -0.577 -0.577
vn -0.577 -0.577 -0.577
vn -0.577 -0.577 -0.577
vn -0.577 -0.577 -0.577
vn 0.577 0.577 0.577
vn 0.577 0.577 0.577
vn 0.577 0.577 0.577
vn 0.577 0.577 0.577
vn 0.577 0.577 0.577
vn 0.577 0.577 0.577
vn 0.577 0.577 0.577
vn 0.577 0.577 0.577
vn 0.577 0.577 0.577
vn 0.577 0.577 0.577
vn 0.577 0.577 0.577
vn 0.577 0.577 0.577
vn 0.577 0.577 0.577
vn 0.577 0.577 0.577
vn 0.577 0.577 0.577
vn 0.577 0.577 0.577
vn 0.612 0.585 0.532
vn 0.614 0.572 0.544
vn 0.599 0.582 0.550
vn 0.599 0.582 0.550
vn 0.611 0.579 0.540
vn 0.611 0.579 0.540
vn 0.614 0.577 0.539
vn 0.611 0.579 0.540
vn 0.616 0.582 0.531
vn 0.616 0.582 0.531
vn 0.616 0.582 0.531
vn 0.616 0.582 0.531
vn 0.613 0.577 0.541
vn 0.613 0.577 0.541
vn 0.613 0.577 0.541
vn 0.613 0.577 0.541
vn 0.577 0.577 0.577
vn 0.577 0.577 0.577
vn 0.577 0.577 0.577
vn 0.577 0.577 0.577
vn -0.577 -0.577 -0.577
vn -0.577 -0.577 -0.577
vn -0.577 -0.577 -0.577
vn -0.577 -0.577 -0.577
vn 0.577 0.577 0.577
vn 0.577 0.577 0.577
vn -0.577 -0.577 -0.577
vn 0.577 0.577 0.577
vn -0.577 -0.577 -0.577
vn -0.577 -0.577 -0.577
vn -0.577 -0.577 -0.577
vn -0.577 -0.577 -0.577
vn -0.577 -0.577 -0.577
vn -0.577 -0.577 -0.577
vn 0.577 0.577 0.577
vn 0.577 0.577 0.577
vn -0.577 -0.577 -0.577
vn 0.577 0.577 0.577
vn 0.577 0.577 0.577
vn -0.577 -0.577 -0.577
vn -0.577 -0.577 -0.577
vn 0.577 0.577 0.577
vn -0.577 -0.577 -0.577
vn -0.577 -0.577 -0.577
vn -0.577 -0.577 -0.577
vn 0.577 0.577 0.577
vn 0.577 0.577 0.577
vn 0.577 0.577 0.577
vn 0.577 0.577 0.577
vn -0.577 -0.577 -0.577
vn -0.577 -0.577 -0.577
vn -0.577 -0.577 -0.577
vn -0.577 -0.577 -0.577
vn -0.577 -0.577 -0.577
vn 0.577 0.577 0.577
vn 0.577 0.577 0.577
vn -0.577 -0.577 -0.577
vn -0.577 -0.577 -0.577
vn 0.577 0.577 0.577
vn 0.577 0.577 0.577
vn 0.577 0.577 0.577
vn 0.577 0.577 0.577
vn 0.577 0.577 0.577
vn 0.577 0.577 0.577
vn 0.577 0.577 0.577
vn 0.577 0.577 0.577
vn 0.577 0.577 0.577
vn -0.577 -0.577 -0.577
vn 0.577 0.577 0.577
vn 0.577 0.577 0.577
vn 0.577 0.577 0.577
vn 0.577 0.577 0.577
vn -0.577 -0.577 -0.577
vn -0.577 -0.577 -0.577
vn 0.577 0.577 0.577
vn 0.577 0.577 0.577
vn 0.577 0.577 0.577
vn 0.577 0.577 0.577
vn 0.577 0.577 0.577
vn 0.577 0.577 0.577
vn 0.577 0.577 0.577
vn 0.577 0.577 0.577
vn 0.577 0.577 0.577
vn 0.577 0.577 0.577
vn 0.577 0.577 0.577
vn 0.577 0.577 0.577
vn 0.577 0.577 0.577
vn 0.577 0.577 0.577
vn 0.577 0.577 0.577
vn 0.577 0.577 0.577
vn 0.577 0.577 0.577
vn 0.577 0.577 0.577
vn 0.577 0.577 0.577
vn 0.577 0.577 0.577
vn 0.577 0.577 0.577
vn 0.577 0.577 0.577
vn 0.577 0.577 0.577
vn 0.577 0.577 0.577
vn 0.577 0.577 0.577
vn 0.577 0.577 0.577
vn 0.577 0.577 0.577
vn 0.577 0.577 0.577
vn 0.577 0.577 0.577
vn 0.577 0.577 0.577
vn 0.577 0.577 0.577
vn 0.577 0.577 0.577
vn 0.577 0.577 0.577
vn 0.577 0.577 0.577
vn 0.577 0.577 0.577
vn 0.577 0.577 0.577
vn 0.577 0.577 0.577
vn 0.577 0.577 0.577
vn 0.577 0.577 0.577
vn 0.577 0.577 0.577
vn 0.577 0.577 0.577
vn 0.577 0.577 0.577
vn 0.577 0.577 0.577
vn 0.577 0.577 0.577
vn 0.577 0.577 0.577
vn 0.577 0.577 0.577
vn 0.577 0.577 0.577
vn 0.577 0.577 0.577
vn 0.577 0.577 0.577
vn 0.577 0.577 0.577
vn 0.577 0.577 0.577
vn 0.577 0.577 0.577
vn 0.577 0.577 0.577
vn 0.577 0.577 0.577
vn 0.577 0.577 0.577
vn 0.577 0.577 0.577
vn 0.577 0.577 0.577
vn 0.577 0.577 0.577
vn 0.577 0.577 0.577
vn 0.577 0.577 0.577
vn 0.577 0.577 0.577
vn -0.577 -0.577 -0.577
vn -0.577 -0.577 -0.577
vn -0.577 -0.577 -0.577
vn -0.577 -0.577 -0.577
vn -0.577 -0.577 -0.577
vn -0.577 -0.577 -0.577
vn -0.577 -0.577 -0.577
vn -0.577 -0.577 -0.577
vn 0.577 0.577 0.577
vn 0.577 0.577 0.577
vn 0.577 0.577 0.577
vn 0.577 0.577 0.577
vn 0.577 0.577 0.577
vn 0.577 0.577 0.577
vn 0.577 0.577 0.577
vn 0.577 0.577 0.577
vn 0.577 0.577 0.577
vn 0.577 0.577 0.577
vn -0.577 -0.577 -0.577
vn -0.577 -0.577 -0.577
vn -0.577 -0.577 -0.577
vn -0.577 -0.577 -0.577
vn 0.577 0.577 0.577
vn 0.577 0.577 0.577
vn -0.577 -0.577 -0.577
vn -0.577 -0.577 -0.577
vn -0.577 -0.577 -0.577
vn -0.577 -0.577 -0.577
vn -0.577 -0.577 -0.577
vn -0.577 -0.577 -0.577
vn -0.577 -0.577 -0.577
vn -0.577 -0.577 -0.577
vn -0.577 -0.577 -0.577
vn -0.577 -0.577 -0.577
vn -0.577 -0.577 -0.577
vn -0.577 -0.577 -0.577
vn -0.577 -0.577 -0.577
vn -0.577 -0.577 -0.577
vn -0.577 -0.577 -0.577
vn -0.577 -0.577 -0.577
vn -0.577 -0.577 -0.577
vn 0.577 0.577 0.577
vn 0.577 0.577 0.577
vn 0.577 0.577 0.577
vn 0.577 0.577 0.577
vn 0.577 0.577 0.577
vn 0.577 0.577 0.577
vn 0.577 0.577 0.577
vn -0.577 -0.577 -0.577
vn -0.577 -0.577 -0.577
vn -0.577 -0.577 -0.577
vn -0.577 -0.577 -0.577
vn -0.577 -0.577 -0.577
vn -0.577 -0.577 -0.577
vn -0.577 -0.577 -0.577
vn -0.577 -0.577 -0.577
vn -0.577 -0.577 -0.577
vn -0.577 -0.577 -0.577
vn 0.577 0.577 0.577
vn -0.577 -0.577 -0.577
vn -0.577 -0.577 -0.577
vn -0.577 -0.577 -0.577
vn -0.577 -0.577 -0.577
vn -0.577 -0.577 -0.577
vn 0.577 0.577 0.577
vn 0.577 0.577 0.577
vn 0.577 0.577 0.577
vn 0.577 0.577 0.577
vn 0.577 0.577 0.577
vn 0.577 0.577 0.577
vn 0.577 0.577 0.577
vn 0.577 0.577 0.577
vn 0.577 0.577 0.577
vn 0.577 0.577 0.577
vn 0.577 0.577 0.577
vn 0.577 0.577 0.577
vn 0.577 0.577 0.577
vn 0.577 0.577 0.577
vn 0.577 0.577 0.577
vn 0.577 0.577 0.577
vn 0.577 0.577 0.577
vn 0.577 0.577 0.577
vn 0.577 0.577 0.577
vn 0.577 0.577 0.577
vn 0.577 0.577 0.577
vn 0.577 0.577 0.577
vn 0.577 0.577 0.577
vn 0.577 0.577 0.577
vn -0.577 -0.577 -0.577
vn -0.577 -0.577 -0.577
vn -0.577 -0.577 -0.577
vn 0.577 0.577 0.577
vn -0.577 -0.577 -0.577
vn -0.577 -0.577 -0.577
vn -0.577 -0.577 -0.577
vn -0.577 -0.577 -0.577
vn -0.577 -0.577 -0.577
vn -0.577 -0.577 -0.577
vn -0.577 -0.577 -0.577
vn -0.577 -0.577 -0.577
vn -0.577 -0.577 -0.577
vn -0.577 -0.577 -0.577
vn -0.577 -0.577 -0.577
vn -0.577 -0.577 -0.577
vn -0.577 -0.577 -0.577
vn -0.577 -0.577 -0.577
vn -0.577 -0.577 -0.577
vn -0.577 -0.577 -0.577
vn -0.577 -0.577 -0.577
vn -0.577 -0.577 -0.577
vn -0.577 -0.577 -0.577
vn 0.577 0.577 0.577
vn 0.577 0.577 0.577
vn -0.577 -0.577 -0.577
vn -0.577 -0.577 -0.577
vn 0.577 0.577 0.577
vn -0.577 -0.577 -0.577
vn -0.577 -0.577 -0.577
vn -0.577 -0.577 -0.577
vn -0.577 -0.577 -0.577
vn 0.577 0.577 0.577
vn -0.577 -0.577 -0.577
vn -0.577 -0.577 -0.577
vn 0.577 0.577 0.577
vn -0.577 -0.577 -0.577
vn -0.577 -0.577 -0.577
vn -0.577 -0.577 -0.577
vn -0.577 -0.577 -0.577
vn -0.577 -0.577 -0.577
vn -0.577 -0.577 -0.577
vn -0.577 -0.577 -0.577
vn -0.577 -0.577 -0.577
vn -0.577 -0.577 -0.577
vn -0.577 -0.577 -0.577
vn -0.577 -0.577 -0.577
vn -0.577 -0.577 -0.577
vn 0.577 0.577 0.577
vn 0.577 0.577 0.577
vn 0.577 0.577 0.577
vn 0.577 0.577 0.577
vn 0.577 0.577 0.577
vn 0.577 0.577 0.577
vn 0.577 0.577 0.577
vn 0.577 0.577 0.577
vn -0.577 -0.577 -0.577
vn 0.577 0.577 0.577
vn 0.577 0.577 0.577
vn -0.577 -0.577 -0.577
vn 0.577 0.577 0.577
vn -0.577 -0.577 -0.577
vn -0.577 -0.577 -0.577
vn -0.577 -0.577 -0.577
vn -0.577 -0.577 -0.577
vn -0.577 -0.577 -0.577
vn -0.577 -0.577 -0.577
vn -0.577 -0.577 -0.577
vn -0.577 -0.577 -0.577
vn -0.577 -0.577 -0.577
vn -0.577 -0.577 -0.577
vn -0.577 -0.577 -0.577
vn 0.577 0.577 0.577
vn -0.577 -0.577 -0.577
vn -0.577 -0.577 -0.577
vn -0.577 -0.577 -0.577
vn -0.577 -0.577 -0.577
vn 0.577 0.577 0.577
vn 0.577 0.577 0.577
vn -0.577 -0.577 -0.577
vn 0.577 0.577 0.577
vn 0.577 0.577 0.577
vn 0.577 0.577 0.577
vn 0.577 0.577 0.577
vn 0.577 0.577 0.577
vn 0.577 0.577 0.577
vn 0.577 0.577 0.577
vn 0.577 0.577 0.577
vn 0.577 0.577 0.577
vn 0.577 0.577 0.577
vn 0.577 0.577 0.577
vn 0.577 0.577 0.577
vn 0.577 0.577 0.577
vn 0.577 0.577 0.577
vn 0.577 0.577 0.577
vn 0.577 0.577 0.577
usemtl tex_20_lit_ds
f 1/1/1 2/2/2 3/3/3
f 4/4/4 1/1/1 3/3/3
f 5/5/5 4/4/4 3/3/3
f 6/6/6 5/5/5 3/3/3
f 7/7/7 6/6/6 3/3/3
f 8/8/8 9/9/9 10/10/10
f 11/11/11 12/12/12 9/9/9
f 9/9/9 8/8/8 11/11/11
f 13/13/13 14/8/14 15/14/15
f 8/8/8 10/10/10 16/14/16
f 17/15/17 18/11/18 19/16/19
f 20/12/20 18/11/18 17/15/17
f 21/17/21 22/18/22 23/19/23
f 24/14/24 25/10/25 22/18/22
f 22/18/22 21/17/21 24/14/24
f 26/20/26 27/21/27 28/22/28
f 27/21/27 29/23/29 28/22/28
f 30/24/30 26/20/26 28/22/28
f 31/25/31 30/24/30 28/22/28
f 32/26/32 31/25/31 28/22/28
usemtl tex_2369_lit_ds
f 33/27/33 34/28/34 35/29/35
f 33/27/33 35/29/35 36/30/36
f 37/31/37 38/32/38 39/33/39
f 37/31/37 39/33/39 40/34/40
f 40/34/40 39/33/39 41/35/41
f 40/34/40 41/35/41 42/36/42
f 43/37/43 44/38/44 45/32/45
f 43/37/43 45/32/45 46/31/46
usemtl tex_1048_lit_ds
f 47/39/47 48/40/48 49/41/49
f 47/39/47 49/41/49 50/42/50
f 51/43/51 52/44/52 53/45/53
f 51/43/51 53/45/53 54/46/54
f 55/47/55 56/48/56 57/49/57
f 55/47/55 57/49/57 58/50/58
f 59/51/59 60/52/60 61/53/61
f 59/51/59 61/53/61 62/54/62
f 63/55/63 64/56/64 65/57/65
f 63/55/63 65/57/65 66/58/66
f 67/59/67 68/60/68 69/61/69
f 67/59/67 69/61/69 70/62/70
f 71/63/71 72/64/72 73/65/73
f 71/63/71 73/65/73 74/66/74
f 75/67/75 76/68/76 77/69/77
f 75/67/75 77/69/77 78/70/78
usemtl tex_1048_lit_ds_ovl
f 79/71/79 80/72/80 81/73/81
f 79/71/79 81/73/81 82/74/82
usemtl tex_1048_lit_ds
f 83/75/83 84/76/84 85/77/85
f 83/75/83 85/77/85 86/78/86
f 87/79/87 88/80/88 89/81/89
f 87/79/87 89/81/89 90/82/90
f 91/83/91 92/84/92 93/85/93
f 91/83/91 93/85/93 94/86/94
f 95/86/95 96/85/96 97/87/97
usemtl tex_1048_lit_ds_ovl
f 98/88/98 99/89/99 100/90/100
f 98/88/98 100/90/100 101/91/101
f 101/91/101 100/90/100 102/92/102
f 101/91/101 102/92/102 103/93/103
f 104/94/104 105/95/105 106/89/106
f 104/94/104 106/89/106 107/88/107
usemtl tex_1048_lit_ds
f 108/96/108 109/97/109 110/98/110
f 111/96/111 112/98/112 113/99/113
f 114/100/114 115/101/115 116/84/116
f 114/100/114 116/84/116 117/83/117
usemtl tex_2402_lit_ds
f 118/102/118 119/103/119 120/104/120
f 118/102/118 120/104/120 121/105/121
usemtl tex_2402_lit_ds_ovl
f 122/106/122 123/107/123 124/108/124
f 122/106/122 124/108/124 125/109/125
usemtl tex_2402_lit_ds
f 126/110/126 127/111/127 128/112/128
f 126/110/126 128/112/128 129/113/129
usemtl tex_373_lit_ds
f 130/114/130 131/115/131 132/116/132
f 130/114/130 132/116/132 133/117/133
f 134/118/134 135/119/135 136/120/136
f 134/118/134 136/120/136 137/121/137
f 138/122/138 139/123/139 140/124/140
f 138/122/138 140/124/140 141/125/141
f 142/126/142 143/127/143 144/128/144
f 142/126/142 144/128/144 145/129/145
f 146/130/146 147/131/147 148/132/148
f 146/130/146 148/132/148 149/133/149
f 150/134/150 151/135/151 152/136/152
f 150/134/150 152/136/152 153/137/153
f 154/138/154 155/139/155 156/140/156
f 154/138/154 156/140/156 157/141/157
f 158/142/158 159/143/159 160/144/160
f 158/142/158 160/144/160 161/145/161
f 162/146/162 163/147/163 164/148/164
f 162/146/162 164/148/164 165/149/165
f 166/150/166 167/151/167 168/152/168
f 166/150/166 168/152/168 169/153/169
f 170/154/170 171/155/171 172/156/172
f 170/154/170 172/156/172 173/157/173
f 174/158/174 175/159/175 176/160/176
f 174/158/174 176/160/176 177/161/177
f 178/162/178 179/163/179 180/164/180
f 178/162/178 180/164/180 181/165/181
usemtl tex_374_lit_ds
f 182/166/182 183/167/183 184/168/184
f 182/166/182 184/168/184 185/169/185
f 186/170/186 187/171/187 188/172/188
f 186/170/186 188/172/188 189/173/189
f 190/174/190 191/175/191 192/176/192
f 190/174/190 192/176/192 193/177/193
f 194/178/194 195/179/195 196/180/196
f 194/178/194 196/180/196 197/181/197
f 198/182/198 199/183/199 200/184/200
f 198/182/198 200/184/200 201/185/201
f 202/186/202 203/187/203 204/188/204
f 202/186/202 204/188/204 205/189/205
usemtl tex_375_lit_ds_ovl
f 206/190/206 207/191/207 208/192/208
f 206/190/206 208/192/208 209/193/209
usemtl tex_375_lit_ds
f 210/194/210 211/195/211 212/196/212
f 210/194/210 212/196/212 213/197/213
usemtl tex_375_lit_ds_ovl
f 214/198/214 215/199/215 216/200/216
f 214/198/214 216/200/216 217/201/217
usemtl tex_375_lit_ds
f 218/202/218 219/203/219 220/204/220
f 218/202/218 220/204/220 221/205/221
usemtl tex_375_lit_ds_ovl
f 222/206/222 223/207/223 224/208/224
f 222/206/222 224/208/224 225/209/225
usemtl tex_375_lit_ds
f 226/210/226 227/211/227 228/212/228
f 226/210/226 228/212/228 229/213/229
usemtl tex_375_lit_ds_ovl
f 230/214/230 231/215/231 232/216/232
f 230/214/230 232/216/232 233/217/233
f 234/218/234 235/219/235 236/220/236
f 234/218/234 236/220/236 237/221/237
f 238/221/238 239/220/239 240/222/240
f 238/221/238 240/222/240 241/223/241
f 242/224/242 243/225/243 244/219/244
f 242/224/242 244/219/244 245/218/245
usemtl tex_309_lit_ds
f 246/226/246 247/227/247 248/228/248
f 246/226/246 248/228/248 249/223/249
f 250/229/250 251/230/251 252/231/252
f 250/229/250 252/231/252 253/223/253
f 254/232/254 255/227/255 256/226/256
f 254/232/254 256/226/256 257/233/257
f 258/234/258 259/235/259 260/227/260
f 258/234/258 260/227/260 261/232/261
f 262/236/262 263/237/263 264/235/264
f 262/236/262 264/235/264 265/234/265
f 266/237/266 267/238/267 268/239/268
f 266/237/266 268/239/268 269/235/269
f 270/240/270 271/241/271 272/231/272
f 270/240/270 272/231/272 273/223/273
f 274/242/274 275/243/275 276/244/276
f 274/242/274 276/244/276 277/245/277
usemtl tex_309_lit_ds_ovl
f 278/246/278 279/247/279 280/248/280
f 278/246/278 280/248/280 281/249/281
f 282/250/282 283/251/283 284/252/284
f 282/250/282 284/252/284 285/223/285
f 286/253/286 287/254/287 288/255/288
f 286/253/286 288/255/288 289/256/289
usemtl tex_309_lit_ds
f 290/257/290 291/258/291 292/259/292
f 290/257/290 292/259/292 293/260/293
f 294/261/294 295/262/295 296/263/296
f 294/261/294 296/263/296 297/264/297
usemtl tex_309_lit_ds_ovl
f 298/265/298 299/266/299 300/267/300
f 298/265/298 300/267/300 301/268/301
f 302/229/302 303/230/303 304/231/304
f 302/229/302 304/231/304 305/223/305
f 306/269/306 307/223/307 308/250/308
f 306/269/306 308/250/308 309/270/309
f 310/271/310 311/272/311 312/273/312
f 310/271/310 312/273/312 313/274/313
f 314/275/314 315/276/315 316/271/316
f 314/275/314 316/271/316 317/274/317
usemtl tex_1484_lit_ds_ovl
f 318/277/318 319/278/319 320/279/320
f 318/277/318 320/279/320 321/280/321
f 322/281/322 323/282/323 324/283/324
f 322/281/322 324/283/324 325/223/325
f 326/284/326 327/285/327 328/286/328
f 326/284/326 328/286/328 329/287/329
usemtl tex_179_lit_ds_ovl
f 330/288/330 331/289/331 332/290/332
f 330/288/330 332/290/332 333/291/333
f 334/292/334 335/293/335 336/294/336
f 334/292/334 336/294/336 337/295/337
f 338/296/338 339/297/339 340/298/340
f 338/296/338 340/298/340 341/299/341
usemtl tex_2376_lit_ds
f 342/223/342 343/250/343 344/300/344
f 342/223/342 344/300/344 345/301/345
usemtl tex_2376_lit_ds_ovl
f 346/302/346 347/303/347 348/250/348
f 346/302/346 348/250/348 349/223/349
usemtl tex_2376_lit_ds
f 350/304/350 351/305/351 352/223/352
f 350/304/350 352/223/352 353/306/353
f 354/307/354 355/223/355 356/308/356
f 354/307/354 356/308/356 357/309/357
usemtl tex_1019_lit_ds_ovl
f 358/310/358 359/311/359 360/223/360
f 358/310/358 360/223/360 361/312/361
f 358/310/358 362/313/362 363/314/363
f 358/310/358 363/314/363 359/311/359
f 362/313/362 364/312/364 365/223/365
f 362/313/362 365/223/365 363/314/363
usemtl tex_1019_lit_ds
f 366/315/366 367/316/367 368/317/368
f 366/315/366 368/317/368 369/318/369
f 370/315/370 371/319/371 372/320/372
f 370/315/370 372/320/372 373/316/373
f 371/319/371 374/318/374 375/317/375
f 371/319/371 375/317/375 372/320/372
f 376/321/376 377/322/377 378/323/378
f 376/321/376 378/323/378 379/324/379
f 380/325/380 381/326/381 377/322/377
f 380/325/380 377/322/377 376/321/376
usemtl tex_1019_lit_ds_ovl
f 382/327/382 383/328/383 384/329/384
f 382/327/382 384/329/384 385/330/385
f 383/328/383 386/331/386 387/332/387
f 383/328/383 387/332/387 384/329/384
usemtl tex_1019_lit_ds
f 388/333/388 389/334/389 390/250/390
f 388/333/388 390/250/390 391/335/391
f 392/324/392 393/323/393 389/334/389
f 392/324/392 389/334/389 388/333/388
usemtl tex_1019_lit_ds_ovl
f 394/301/394 395/336/395 396/337/396
f 394/301/394 396/337/396 397/223/397
f 395/336/395 382/327/382 385/330/385
f 395/336/395 385/330/385 396/337/396
f 398/311/398 399/310/399 400/312/400
f 398/311/398 400/312/400 401/223/401
f 402/338/402 403/314/403 404/339/404
f 402/338/402 404/339/404 405/340/405
f 402/338/402 406/341/406 407/223/407
f 402/338/402 407/223/407 403/314/403
usemtl tex_1019_lit_ds
f 408/342/408 409/343/409 410/344/410
f 408/342/408 410/344/410 411/345/411
f 409/343/409 412/346/412 413/347/413
f 409/343/409 413/347/413 410/344/410
f 414/315/414 415/318/415 416/317/416
f 414/315/414 416/317/416 417/316/417
usemtl tex_1127_lit_ds
f 418/348/418 419/349/419 420/350/420
f 418/348/418 420/350/420 421/351/421
f 422/352/422 423/353/423 424/354/424
f 422/352/422 424/354/424 425/355/425
usemtl tex_378_lit_ds_ovl
f 426/356/426 427/357/427 428/358/428
f 426/356/426 428/358/428 429/359/429
f 430/360/430 431/361/431 432/362/432
f 430/360/430 432/362/432 433/363/433
f 434/364/434 435/365/435 436/366/436
f 434/364/434 436/366/436 437/367/437
f 438/368/438 439/369/439 440/370/440
f 438/368/438 440/370/440 441/371/441
f 442/372/442 443/373/443 444/374/444
f 442/372/442 444/374/444 445/299/445
f 446/375/446 447/376/447 448/377/448
f 446/375/446 448/377/448 449/378/449
f 450/379/450 451/380/451 452/381/452
f 450/379/450 452/381/452 453/382/453
f 454/383/454 455/384/455 456/385/456
f 454/383/454 456/385/456 457/386/457
f 458/387/458 459/388/459 460/389/460
f 458/387/458 460/389/460 461/390/461
f 462/391/462 463/392/463 464/393/464
f 462/391/462 464/393/464 465/394/465
f 466/395/466 467/396/467 468/397/468
f 466/395/466 468/397/468 469/398/469
usemtl tex_178_lit_ds_ovl
f 470/399/470 471/400/471 472/231/472
f 470/399/470 472/231/472 473/223/473
f 474/401/474 475/402/475 476/403/476
f 474/401/474 476/403/476 477/223/477
f 478/250/478 479/404/479 480/405/480
f 478/250/478 480/405/480 481/223/481
f 482/250/482 483/251/483 484/252/484
f 482/250/482 484/252/484 485/223/485
f 486/250/486 487/251/487 488/252/488
f 486/250/486 488/252/488 489/223/489
f 490/406/490 491/407/491 492/223/492
f 490/406/490 492/223/492 493/408/493
f 494/409/494 495/410/495 496/411/496
f 494/409/494 496/411/496 497/412/497
f 498/413/498 499/414/499 500/415/500
f 498/413/498 500/415/500 501/416/501
f 502/417/502 503/418/503 504/419/504
f 502/417/502 504/419/504 505/420/505
f 506/421/506 507/422/507 508/423/508
f 506/421/506 508/423/508 509/424/509
f 510/425/510 511/223/511 512/250/512
f 510/425/510 512/250/512 513/426/513
f 514/427/514 515/428/515 516/429/516
f 514/427/514 516/429/516 517/430/517
f 518/431/518 519/432/519 520/430/520
f 518/431/518 520/430/520 521/429/521
f 522/433/522 523/434/523 524/435/524
f 522/433/522 524/435/524 525/436/525
f 526/437/526 527/438/527 528/439/528
f 526/437/526 528/439/528 529/440/529
f 530/441/530 531/442/531 532/443/532
f 530/441/530 532/443/532 533/223/533
f 534/444/534 535/445/535 536/231/536
f 534/444/534 536/231/536 537/223/537
f 538/446/538 539/447/539 540/448/540
f 538/446/538 540/448/540 541/449/541
f 542/450/542 543/451/543 544/452/544
f 542/450/542 544/452/544 545/453/545
usemtl tex_379_lit_ds
f 546/454/546 547/455/547 548/456/548
f 546/454/546 548/456/548 549/457/549
f 550/458/550 551/459/551 552/460/552
f 550/458/550 552/460/552 553/461/553
f 554/462/554 555/463/555 556/464/556
f 554/462/554 556/464/556 557/465/557
f 558/466/558 559/467/559 560/468/560
f 558/466/558 560/468/560 561/469/561
f 562/470/562 563/471/563 564/472/564
f 562/470/562 564/472/564 565/473/565
f 566/474/566 567/475/567 568/476/568
f 566/474/566 568/476/568 569/477/569
usemtl tex_379_lit_ds_ovl
f 570/478/570 571/479/571 572/480/572
f 570/478/570 572/480/572 573/481/573
usemtl tex_379_lit_ds
f 574/482/574 575/483/575 576/484/576
f 574/482/574 576/484/576 577/485/577
usemtl tex_379_lit_ds_ovl
f 578/486/578 579/487/579 580/488/580
f 578/486/578 580/488/580 581/489/581
usemtl tex_379_lit_ds
f 582/490/582 583/491/583 584/492/584
f 582/490/582 584/492/584 585/493/585
f 586/494/586 587/495/587 588/496/588
f 586/494/586 588/496/588 589/497/589
f 590/498/590 591/499/591 592/500/592
f 590/498/590 592/500/592 593/501/593
f 594/502/594 595/503/595 596/504/596
f 594/502/594 596/504/596 597/505/597
f 598/506/598 599/507/599 600/508/600
f 598/506/598 600/508/600 601/509/601
f 602/510/602 603/511/603 604/512/604
f 602/510/602 604/512/604 605/513/605
f 606/514/606 607/515/607 608/516/608
f 606/514/606 608/516/608 609/517/609
usemtl tex_379_lit_ds_ovl
f 610/518/610 611/519/611 612/520/612
f 610/518/610 612/520/612 613/521/613
usemtl tex_379_lit_ds
f 614/522/614 615/523/615 616/524/616
f 614/522/614 616/524/616 617/525/617
f 618/526/618 619/61/619 620/527/620
f 618/526/618 620/527/620 621/528/621
f 622/529/622 623/530/623 624/531/624
f 622/529/622 624/531/624 625/532/625
f 626/533/626 627/534/627 628/535/628
f 626/533/626 628/535/628 629/536/629
f 629/536/629 628/535/628 630/537/630
f 629/536/629 630/537/630 631/538/631
usemtl tex_379_lit_ds_ovl
f 632/539/632 633/540/633 634/541/634
f 632/539/632 634/541/634 635/542/635
f 635/542/635 634/541/634 636/543/636
f 635/542/635 636/543/636 637/544/637
usemtl tex_379_lit_ds
f 638/545/638 639/546/639 640/547/640
f 638/545/638 640/547/640 641/548/641
f 641/548/641 640/547/640 642/549/642
f 641/548/641 642/549/642 643/550/643
f 644/551/644 645/552/645 646/553/646
f 644/551/644 646/553/646 647/554/647
f 648/554/648 649/553/649 650/555/650
f 648/554/648 650/555/650 651/556/651
f 651/556/651 650/555/650 652/557/652
f 651/556/651 652/557/652 653/558/653
f 654/559/654 655/560/655 656/546/656
f 654/559/654 656/546/656 657/545/657
usemtl tex_379_lit_ds_ovl
f 658/561/658 659/562/659 660/540/660
f 658/561/658 660/540/660 661/539/661
usemtl tex_379_lit_ds
f 662/563/662 663/564/663 664/530/664
f 662/563/662 664/530/664 665/529/665
f 666/565/666 667/566/667 668/534/668
f 666/565/666 668/534/668 669/533/669
f 670/567/670 671/568/671 672/569/672
f 670/567/670 672/569/672 673/570/673
f 674/571/674 675/572/675 676/573/676
f 674/571/674 676/573/676 677/574/677
f 678/575/678 679/576/679 680/577/680
f 678/575/678 680/577/680 681/578/681
usemtl tex_1473_lit_ds_w01_ovl
f 682/579/682 683/580/683 684/223/684
f 682/579/682 684/223/684 685/581/685
f 686/582/686 687/579/687 688/583/688
f 686/582/686 688/583/688 689/584/689
f 690/585/690 691/586/691 692/587/692
f 690/585/690 692/587/692 693/588/693
f 694/589/694 695/590/695 696/591/696
f 694/589/694 696/591/696 697/585/697
f 698/592/698 699/425/699 700/223/700
f 698/592/698 700/223/700 701/593/701
f 702/594/702 703/595/703 704/596/704
f 702/594/702 704/596/704 705/597/705
f 706/598/706 707/599/707 708/600/708
f 706/598/706 708/600/708 709/601/709
f 710/602/710 711/603/711 712/604/712
f 710/602/710 712/604/712 713/277/713
f 714/222/714 715/223/715 716/605/716
f 714/222/714 716/605/716 717/606/717
f 718/607/718 719/608/719 720/609/720
f 718/607/718 720/609/720 721/610/721
f 722/610/722 723/609/723 724/611/724
f 722/610/722 724/611/724 725/223/725
f 725/223/725 724/611/724 726/612/726
f 725/223/725 726/612/726 727/613/727
usemtl tex_380_lit_ds_ovl
f 728/614/728 729/615/729 730/616/730
f 728/614/728 730/616/730 731/617/731
f 732/618/732 733/619/733 734/620/734
f 732/618/732 734/620/734 735/621/735
f 736/622/736 737/623/737 738/624/738
f 736/622/736 738/624/738 739/625/739
usemtl tex_380_lit_ds
f 740/626/740 741/627/741 742/628/742
f 740/626/740 742/628/742 743/629/743
usemtl tex_380_lit_ds_ovl
f 744/630/744 745/631/745 746/632/746
f 744/630/744 746/632/746 747/633/747
usemtl tex_380_lit_ds
f 748/634/748 749/635/749 750/636/750
f 748/634/748 750/636/750 751/637/751
usemtl tex_380_lit_ds_ovl
f 752/638/752 753/639/753 754/640/754
f 752/638/752 754/640/754 755/641/755
usemtl tex_380_lit_ds
f 756/642/756 757/643/757 758/644/758
f 756/642/756 758/644/758 759/645/759
usemtl tex_380_lit_ds_ovl
f 760/646/760 761/647/761 762/648/762
f 760/646/760 762/648/762 763/649/763
f 764/650/764 765/651/765 766/652/766
f 764/650/764 766/652/766 767/653/767
usemtl tex_380_lit_ds
f 768/654/768 769/655/769 770/656/770
f 768/654/768 770/656/770 771/657/771
f 772/658/772 773/659/773 774/660/774
f 772/658/772 774/660/774 775/661/775
f 776/662/776 777/663/777 778/664/778
f 776/662/776 778/664/778 779/665/779
f 780/666/780 781/667/781 782/668/782
f 780/666/780 782/668/782 783/669/783
f 784/670/784 785/671/785 786/672/786
f 784/670/784 786/672/786 787/673/787
f 788/674/788 789/675/789 790/676/790
f 788/674/788 790/676/790 791/677/791
usemtl tex_1124_lit_ds
f 792/250/792 793/678/793 794/679/794
f 795/680/795 796/681/796 797/682/797
f 796/681/796 798/683/798 797/682/797
f 799/679/799 800/684/800 801/681/801
f 801/681/801 802/250/802 799/679/799
f 803/685/803 795/680/795 797/682/797
f 798/683/798 796/681/796 804/686/804
f 805/250/805 806/223/806 804/686/804
f 796/681/796 805/250/805 804/686/804
f 801/681/801 807/683/807 808/252/808
f 802/250/802 801/681/801 808/252/808
f 809/223/809 802/250/802 808/252/808
f 810/681/810 811/684/811 812/679/812
f 813/250/813 810/681/810 812/679/812
f 814/678/814 813/250/813 812/679/812
f 815/680/815 816/687/816 817/688/817
f 810/681/810 815/680/815 817/688/817
f 811/684/811 810/681/810 817/688/817
usemtl tex_381_lit_ds
f 818/689/818 819/690/819 820/691/820
f 818/689/818 820/691/820 821/692/821
f 822/693/822 823/694/823 824/695/824
f 822/693/822 824/695/824 825/696/825
f 826/697/826 827/698/827 828/699/828
f 826/697/826 828/699/828 829/700/829
f 830/701/830 831/702/831 832/703/832
f 830/701/830 832/703/832 833/704/833
usemtl tex_1533_lit_ds
f 834/678/834 835/679/835 836/251/836
f 834/678/834 836/251/836 837/250/837
f 836/251/836 838/252/838 839/223/839
f 836/251/836 839/223/839 837/250/837
usemtl tex_1532_lit_ds_ovl
f 840/250/840 841/678/841 842/679/842
f 840/250/840 842/679/842 843/251/843
f 844/252/844 845/223/845 840/250/840
f 844/252/844 840/250/840 843/251/843
usemtl tex_1514_lit_ds
f 846/223/846 847/223/847 848/223/848
f 846/223/846 848/223/848 849/223/849
usemtl tex_1514_lit_ds_ovl
f 846/223/846 850/223/850 851/223/851
f 846/223/846 851/223/851 852/223/852
f 850/223/850 853/223/853 854/223/854
f 850/223/850 854/223/854 851/223/851
usemtl tex_1514_lit_ds
f 855/223/855 856/223/856 857/223/857
f 855/223/855 857/223/857 858/223/858
usemtl tex_1514_lit_ds_ovl
f 855/223/855 859/223/859 860/223/860
f 855/223/855 860/223/860 858/223/858
f 859/223/859 861/223/861 862/223/862
f 859/223/859 862/223/862 860/223/860
f 861/223/861 863/223/863 864/223/864
f 861/223/861 864/223/864 862/223/862
f 865/223/865 866/223/866 867/223/867
f 865/223/865 867/223/867 868/223/868
f 866/223/866 869/223/869 870/223/870
f 866/223/866 870/223/870 867/223/867
f 871/223/871 872/223/872 873/223/873
f 871/223/871 873/223/873 874/223/874
f 875/223/875 876/223/876 877/223/877
f 875/223/875 877/223/877 878/223/878
usemtl tex_1514_lit_ds
f 879/223/879 880/223/880 881/223/881
f 879/223/879 881/223/881 882/223/882
f 883/223/883 884/223/884 885/223/885
f 883/223/883 885/223/885 886/223/886
f 887/223/887 888/223/888 889/223/889
f 887/223/887 889/223/889 890/223/890
f 891/223/891 892/223/892 893/223/893
f 891/223/891 893/223/893 894/223/894
usemtl tex_373_lit_ds_ovl
f 895/705/895 896/706/896 897/707/897
f 895/705/895 897/707/897 898/708/898
f 899/705/899 900/706/900 901/707/901
f 899/705/899 901/707/901 902/708/902
f 903/705/903 904/706/904 905/707/905
f 903/705/903 905/707/905 906/708/906
f 907/705/907 908/706/908 909/707/909
f 907/705/907 909/707/909 910/708/910
usemtl tex_1518_lit_ds_w01_ovl
f 911/250/911 912/251/912 913/252/913
f 911/250/911 913/252/913 914/223/914
f 915/250/915 916/251/916 917/252/917
f 915/250/915 917/252/917 918/223/918
f 919/250/919 920/251/920 921/252/921
f 919/250/919 921/252/921 922/223/922
f 923/250/923 924/251/924 925/252/925
f 923/250/923 925/252/925 926/223/926
usemtl tex_1519_lit_ds_w01_ovl
f 927/251/927 928/252/928 929/223/929
f 927/251/927 929/223/929 930/250/930
f 931/251/931 932/252/932 933/223/933
f 931/251/931 933/223/933 934/250/934
f 935/251/935 936/252/936 937/223/937
f 935/251/935 937/223/937 938/250/938
f 939/251/939 940/252/940 941/223/941
f 939/251/939 941/223/941 942/250/942
f 943/251/943 944/252/944 945/223/945
f 943/251/943 945/223/945 946/250/946
f 947/251/947 948/252/948 949/223/949
f 947/251/947 949/223/949 950/250/950
f 951/251/951 952/252/952 953/223/953
f 951/251/951 953/223/953 954/250/954
f 955/251/955 956/252/956 957/223/957
f 955/251/955 957/223/957 958/250/958
usemtl tex_1516_lit_ds_w01_ovl
f 959/252/959 960/223/960 961/250/961
f 959/252/959 961/250/961 962/251/962
f 963/252/963 964/223/964 965/250/965
f 963/252/963 965/250/965 966/251/966
f 967/250/967 968/251/968 969/252/969
f 967/250/967 969/252/969 970/223/970
f 971/250/971 972/251/972 973/252/973
f 971/250/971 973/252/973 974/223/974
f 975/250/975 976/251/976 977/252/977
f 975/250/975 977/252/977 978/223/978
f 979/250/979 980/251/980 981/252/981
f 979/250/979 981/252/981 982/223/982
f 983/251/983 984/252/984 985/223/985
f 983/251/983 985/223/985 986/250/986
f 987/251/987 988/252/988 989/223/989
f 987/251/987 989/223/989 990/250/990
f 991/251/991 992/252/992 993/223/993
f 991/251/991 993/223/993 994/250/994
f 995/251/995 996/252/996 997/223/997
f 995/251/995 997/223/997 998/250/998
f 999/251/999 1000/252/1000 1001/223/1001
f 999/251/999 1001/223/1001 1002/250/1002
f 1003/251/1003 1004/252/1004 1005/223/1005
f 1003/251/1003 1005/223/1005 1006/250/1006
f 1007/251/1007 1008/252/1008 1009/223/1009
f 1007/251/1007 1009/223/1009 1010/250/1010
f 1011/251/1011 1012/252/1012 1013/223/1013
f 1011/251/1011 1013/223/1013 1014/250/1014
usemtl tex_379_lit_ds_ovl
f 1015/709/1015 1016/710/1016 1017/711/1017
f 1015/709/1015 1017/711/1017 1018/712/1018
f 1019/709/1019 1020/710/1020 1021/711/1021
f 1019/709/1019 1021/711/1021 1022/712/1022
usemtl tex_380_lit_ds_ovl
f 1023/713/1023 1024/714/1024 1025/715/1025
f 1023/713/1023 1025/715/1025 1026/716/1026
f 1027/713/1027 1028/714/1028 1029/715/1029
f 1027/713/1027 1029/715/1029 1030/716/1030
f 1031/713/1031 1032/714/1032 1033/715/1033
f 1031/713/1031 1033/715/1033 1034/716/1034
f 1035/713/1035 1036/714/1036 1037/715/1037
f 1035/713/1035 1037/715/1037 1038/716/1038
usemtl tex_381_lit_ds_ovl
f 1039/717/1039 1040/718/1040 1041/719/1041
f 1039/717/1039 1041/719/1041 1042/720/1042
f 1043/717/1043 1044/718/1044 1045/719/1045
f 1043/717/1043 1045/719/1045 1046/720/1046
f 1047/717/1047 1048/718/1048 1049/719/1049
f 1047/717/1047 1049/719/1049 1050/720/1050
f 1051/717/1051 1052/718/1052 1053/719/1053
f 1051/717/1051 1053/719/1053 1054/720/1054
f 1055/721/1055 1056/722/1056 1057/723/1057
f 1055/721/1055 1057/723/1057 1058/724/1058
f 1059/721/1059 1060/722/1060 1061/723/1061
f 1059/721/1059 1061/723/1061 1062/724/1062
f 1063/721/1063 1064/722/1064 1065/723/1065
f 1063/721/1063 1065/723/1065 1066/724/1066
f 1067/721/1067 1068/722/1068 1069/723/1069
f 1067/721/1067 1069/723/1069 1070/724/1070
usemtl tex_2381_lit_ds_w11_ovl
f 1071/251/1071 1072/252/1072 1073/223/1073
f 1071/251/1071 1073/223/1073 1074/250/1074
f 1075/251/1075 1076/252/1076 1077/223/1077
f 1075/251/1075 1077/223/1077 1078/250/1078
f 1079/251/1079 1080/252/1080 1081/223/1081
f 1079/251/1079 1081/223/1081 1082/250/1082
f 1083/251/1083 1084/252/1084 1085/223/1085
f 1083/251/1083 1085/223/1085 1086/250/1086
