mtllib Pst_pete_room_1iZ.mtl
v -2551.0 -2145.0 -5324.0 1.000 1.000 1.000
v -1738.0 -2145.0 -2662.0 1.000 1.000 1.000
v -1738.0 -2145.0 -5324.0 1.000 1.000 1.000
v -2551.0 -2145.0 74.0 1.000 1.000 1.000
v -1738.0 -2145.0 0.0 1.000 1.000 1.000
v -2995.0 -2145.0 2736.0 1.000 1.000 1.000
v -1738.0 -2145.0 2662.0 1.000 1.000 1.000
v -2995.0 -2145.0 5324.0 1.000 1.000 1.000
v -1738.0 -2145.0 5324.0 1.000 1.000 1.000
v -2995.0 -2145.0 74.0 1.000 1.000 1.000
v -2995.0 -2145.0 2736.0 1.000 1.000 1.000
v -2551.0 -2145.0 74.0 1.000 1.000 1.000
v 3956.0 -2145.0 5324.0 1.000 1.000 1.000
v 1812.0 -2145.0 2662.0 1.000 1.000 1.000
v 1812.0 -2145.0 5324.0 1.000 1.000 1.000
v 3956.0 -2145.0 -74.0 1.000 1.000 1.000
v 1812.0 -2145.0 0.0 1.000 1.000 1.000
v 1812.0 -2145.0 2662.0 1.000 1.000 1.000
v 3956.0 -2145.0 5324.0 1.000 1.000 1.000
v 4400.0 -2145.0 -1553.0 1.000 1.000 1.000
v 1812.0 -2145.0 -2662.0 1.000 1.000 1.000
v 4400.0 -2145.0 -3328.0 1.000 1.000 1.000
v 1812.0 -2145.0 -5324.0 1.000 1.000 1.000
v 4400.0 -2145.0 -74.0 1.000 1.000 1.000
v 4400.0 -2145.0 -1553.0 1.000 1.000 1.000
v 3956.0 -2145.0 -74.0 1.000 1.000 1.000
v 3882.0 -2145.0 -5324.0 1.000 1.000 1.000
v 4400.0 -2145.0 -5324.0 1.000 1.000 1.000
v 5657.0 -887.0 -5324.0 1.000 1.000 1.000
v 5657.0 -1701.0 -5324.0 1.000 1.000 1.000
v 4474.0 -1701.0 -5324.0 1.000 1.000 1.000
v 5657.0 -887.0 -5324.0 1.000 1.000 1.000
v 4474.0 -1701.0 -5324.0 1.000 1.000 1.000
v 4474.0 -887.0 -5324.0 1.000 1.000 1.000
v 4474.0 -1701.0 -1419.0 1.000 1.000 1.000
v 4474.0 -887.0 -1132.0 1.000 1.000 1.000
v 4474.0 -887.0 -3845.0 1.000 1.000 1.000
v 4474.0 -1701.0 -3476.0 1.000 1.000 1.000
v 4474.0 -887.0 -5324.0 1.000 1.000 1.000
v 4474.0 -1701.0 -5324.0 1.000 1.000 1.000
v 4474.0 -1701.0 0.0 1.000 1.000 1.000
v 4474.0 -887.0 0.0 1.000 1.000 1.000
v 4474.0 -887.0 -1132.0 1.000 1.000 1.000
v 4474.0 -1701.0 -1419.0 1.000 1.000 1.000
v -6027.0 -1701.0 0.0 1.000 1.000 1.000
v -2625.0 -1701.0 0.0 1.000 1.000 1.000
v -2625.0 -813.0 0.0 1.000 1.000 1.000
v -6027.0 -1701.0 0.0 1.000 1.000 1.000
v -2625.0 -813.0 0.0 1.000 1.000 1.000
v -6027.0 -813.0 0.0 1.000 1.000 1.000
v -2625.0 -813.0 0.0 1.000 1.000 1.000
v -2625.0 -1701.0 0.0 1.000 1.000 1.000
v -2625.0 -1701.0 -5324.0 1.000 1.000 1.000
v -2625.0 -813.0 -5324.0 1.000 1.000 1.000
v -6027.0 -813.0 -5324.0 1.000 1.000 1.000
v -2625.0 -813.0 -5324.0 1.000 1.000 1.000
v -2625.0 -1701.0 -5324.0 1.000 1.000 1.000
v -6027.0 -1701.0 -5324.0 1.000 1.000 1.000
v -3069.0 -887.0 0.0 1.000 1.000 1.000
v -2995.0 -813.0 0.0 1.000 1.000 1.000
v -2995.0 -813.0 1695.0 1.000 1.000 1.000
v -3069.0 -887.0 1846.0 1.000 1.000 1.000
v -3069.0 -739.0 0.0 1.000 1.000 1.000
v -2995.0 -666.0 0.0 1.000 1.000 1.000
v -2995.0 -665.0 1403.0 1.000 1.000 1.000
v -3069.0 -739.0 1551.0 1.000 1.000 1.000
v -3069.0 444.0 0.0 1.000 1.000 1.000
v -3069.0 518.0 0.0 1.000 1.000 1.000
v -3069.0 518.0 911.0 1.000 1.000 1.000
v -3069.0 444.0 928.0 1.000 1.000 1.000
v -3069.0 518.0 0.0 1.000 1.000 1.000
v -2921.0 666.0 0.0 1.000 1.000 1.000
v -2921.0 666.0 763.0 1.000 1.000 1.000
v -3069.0 518.0 911.0 1.000 1.000 1.000
v -2995.0 1923.0 0.0 1.000 1.000 1.000
v -2995.0 1923.0 296.0 1.000 1.000 1.000
v -3069.0 1849.0 340.0 1.000 1.000 1.000
v -3069.0 1849.0 0.0 1.000 1.000 1.000
v -2995.0 2071.0 0.0 1.000 1.000 1.000
v -2995.0 2071.0 222.0 1.000 1.000 1.000
v -2995.0 1923.0 296.0 1.000 1.000 1.000
v -2995.0 1923.0 0.0 1.000 1.000 1.000
v -2921.0 2145.0 0.0 1.000 1.000 1.000
v -2921.0 2145.0 148.0 1.000 1.000 1.000
v -2995.0 2071.0 222.0 1.000 1.000 1.000
v -2995.0 2071.0 0.0 1.000 1.000 1.000
v -3069.0 -887.0 5324.0 1.000 1.000 1.000
v -2995.0 -813.0 5398.0 1.000 1.000 1.000
v -5509.0 -813.0 5398.0 1.000 1.000 1.000
v -5509.0 -887.0 5324.0 1.000 1.000 1.000
v -3069.0 -739.0 5324.0 1.000 1.000 1.000
v -2995.0 -666.0 5398.0 1.000 1.000 1.000
v -5509.0 -666.0 5398.0 1.000 1.000 1.000
v -5509.0 -739.0 5324.0 1.000 1.000 1.000
v -3069.0 444.0 5324.0 1.000 1.000 1.000
v -3069.0 518.0 5324.0 1.000 1.000 1.000
v -5509.0 518.0 5324.0 1.000 1.000 1.000
v -5509.0 444.0 5324.0 1.000 1.000 1.000
v -3069.0 518.0 5324.0 1.000 1.000 1.000
v -2921.0 666.0 5472.0 1.000 1.000 1.000
v -5509.0 666.0 5472.0 1.000 1.000 1.000
v -5509.0 518.0 5324.0 1.000 1.000 1.000
v -2995.0 1923.0 5398.0 1.000 1.000 1.000
v -5509.0 1923.0 5398.0 1.000 1.000 1.000
v -5509.0 1849.0 5324.0 1.000 1.000 1.000
v -3069.0 1849.0 5324.0 1.000 1.000 1.000
v -2995.0 2071.0 5398.0 1.000 1.000 1.000
v -5509.0 2071.0 5398.0 1.000 1.000 1.000
v -5509.0 1923.0 5398.0 1.000 1.000 1.000
v -2995.0 1923.0 5398.0 1.000 1.000 1.000
v -2921.0 2145.0 5472.0 1.000 1.000 1.000
v -5509.0 2145.0 5472.0 1.000 1.000 1.000
v -5509.0 2071.0 5398.0 1.000 1.000 1.000
v -2995.0 2071.0 5398.0 1.000 1.000 1.000
v -3069.0 -887.0 1846.0 1.000 1.000 1.000
v -2995.0 -813.0 1695.0 1.000 1.000 1.000
v -2995.0 -813.0 5398.0 1.000 1.000 1.000
v -3069.0 -887.0 5324.0 1.000 1.000 1.000
v -3069.0 -739.0 1551.0 1.000 1.000 1.000
v -2995.0 -665.0 1403.0 1.000 1.000 1.000
v -2995.0 -666.0 5398.0 1.000 1.000 1.000
v -3069.0 -739.0 5324.0 1.000 1.000 1.000
v -3069.0 444.0 928.0 1.000 1.000 1.000
v -3069.0 518.0 911.0 1.000 1.000 1.000
v -3069.0 518.0 5324.0 1.000 1.000 1.000
v -3069.0 444.0 5324.0 1.000 1.000 1.000
v -3069.0 518.0 911.0 1.000 1.000 1.000
v -2921.0 666.0 763.0 1.000 1.000 1.000
v -2921.0 666.0 5472.0 1.000 1.000 1.000
v -3069.0 518.0 5324.0 1.000 1.000 1.000
v -2995.0 1923.0 296.0 1.000 1.000 1.000
v -2995.0 1923.0 5398.0 1.000 1.000 1.000
v -3069.0 1849.0 5324.0 1.000 1.000 1.000
v -3069.0 1849.0 340.0 1.000 1.000 1.000
v -2995.0 2071.0 222.0 1.000 1.000 1.000
v -2995.0 2071.0 5398.0 1.000 1.000 1.000
v -2995.0 1923.0 5398.0 1.000 1.000 1.000
v -2995.0 1923.0 296.0 1.000 1.000 1.000
v -2921.0 2145.0 148.0 1.000 1.000 1.000
v -2921.0 2145.0 5472.0 1.000 1.000 1.000
v -2995.0 2071.0 5398.0 1.000 1.000 1.000
v -2995.0 2071.0 222.0 1.000 1.000 1.000
v -6027.0 592.0 0.0 1.000 1.000 1.000
v -2625.0 592.0 0.0 1.000 1.000 1.000
v -2477.0 739.0 148.0 1.000 1.000 1.000
v -6027.0 739.0 148.0 1.000 1.000 1.000
v -6027.0 518.0 0.0 1.000 1.000 1.000
v -2625.0 518.0 0.0 1.000 1.000 1.000
v -2625.0 592.0 0.0 1.000 1.000 1.000
v -6027.0 592.0 0.0 1.000 1.000 1.000
v -2477.0 739.0 148.0 1.000 1.000 1.000
v -2625.0 592.0 0.0 1.000 1.000 1.000
v -2625.0 592.0 -5324.0 1.000 1.000 1.000
v -2477.0 739.0 -5472.0 1.000 1.000 1.000
v -2625.0 592.0 0.0 1.000 1.000 1.000
v -2625.0 518.0 0.0 1.000 1.000 1.000
v -2625.0 518.0 -5324.0 1.000 1.000 1.000
v -2625.0 592.0 -5324.0 1.000 1.000 1.000
v -6027.0 739.0 -5472.0 1.000 1.000 1.000
v -2477.0 739.0 -5472.0 1.000 1.000 1.000
v -2625.0 592.0 -5324.0 1.000 1.000 1.000
v -6027.0 592.0 -5324.0 1.000 1.000 1.000
v -6027.0 592.0 -5324.0 1.000 1.000 1.000
v -2625.0 592.0 -5324.0 1.000 1.000 1.000
v -2625.0 518.0 -5324.0 1.000 1.000 1.000
v -6027.0 518.0 -5324.0 1.000 1.000 1.000
v 4030.0 518.0 0.0 1.000 1.000 1.000
v 3956.0 592.0 -74.0 1.000 1.000 1.000
v 6027.0 592.0 -74.0 1.000 1.000 1.000
v 6027.0 518.0 0.0 1.000 1.000 1.000
v 6027.0 518.0 5324.0 1.000 1.000 1.000
v 6027.0 592.0 5398.0 1.000 1.000 1.000
v 3956.0 592.0 5398.0 1.000 1.000 1.000
v 4030.0 518.0 5324.0 1.000 1.000 1.000
v 4030.0 518.0 5324.0 1.000 1.000 1.000
v 3956.0 592.0 5398.0 1.000 1.000 1.000
v 3956.0 592.0 -74.0 1.000 1.000 1.000
v 4030.0 518.0 0.0 1.000 1.000 1.000
v 5657.0 1923.0 -5472.0 1.000 1.000 1.000
v 5657.0 1849.0 -5398.0 1.000 1.000 1.000
v 4400.0 1849.0 -5398.0 1.000 1.000 1.000
v 4326.0 1923.0 -5472.0 1.000 1.000 1.000
v 5657.0 1701.0 -5398.0 1.000 1.000 1.000
v 5657.0 1627.0 -5324.0 1.000 1.000 1.000
v 4474.0 1627.0 -5324.0 1.000 1.000 1.000
v 4400.0 1701.0 -5398.0 1.000 1.000 1.000
v 4474.0 1627.0 -287.0 1.000 1.000 1.000
v 4400.0 1701.0 -175.0 1.000 1.000 1.000
v 4400.0 1701.0 -5250.0 1.000 1.000 1.000
v 4474.0 1627.0 -5207.0 1.000 1.000 1.000
v 4474.0 1627.0 -5207.0 1.000 1.000 1.000
v 4400.0 1701.0 -5250.0 1.000 1.000 1.000
v 4400.0 1701.0 -5398.0 1.000 1.000 1.000
v 4474.0 1627.0 -5324.0 1.000 1.000 1.000
v 4400.0 1849.0 -111.0 1.000 1.000 1.000
v 4326.0 1923.0 -74.0 1.000 1.000 1.000
v 4326.0 1923.0 -5472.0 1.000 1.000 1.000
v 4400.0 1849.0 -5398.0 1.000 1.000 1.000
v 4474.0 1627.0 0.0 1.000 1.000 1.000
v 4400.0 1701.0 0.0 1.000 1.000 1.000
v 4400.0 1701.0 -175.0 1.000 1.000 1.000
v 4474.0 1627.0 -287.0 1.000 1.000 1.000
v 4400.0 1849.0 0.0 1.000 1.000 1.000
v 4326.0 1923.0 0.0 1.000 1.000 1.000
v 4326.0 1923.0 -74.0 1.000 1.000 1.000
v 4400.0 1849.0 -111.0 1.000 1.000 1.000
v -2995.0 -1849.0 0.0 1.000 1.000 1.000
v -3069.0 -1775.0 0.0 1.000 1.000 1.000
v -3069.0 -1775.0 2407.0 1.000 1.000 1.000
v -2995.0 -1849.0 2566.0 1.000 1.000 1.000
v -2995.0 -1849.0 5398.0 1.000 1.000 1.000
v -3069.0 -1775.0 5324.0 1.000 1.000 1.000
v -5509.0 -1775.0 5324.0 1.000 1.000 1.000
v -5509.0 -1849.0 5398.0 1.000 1.000 1.000
v -2995.0 -1849.0 2566.0 1.000 1.000 1.000
v -3069.0 -1775.0 2407.0 1.000 1.000 1.000
v -3069.0 -1775.0 5324.0 1.000 1.000 1.000
v -2995.0 -1849.0 5398.0 1.000 1.000 1.000
v -6027.0 -1775.0 74.0 1.000 1.000 1.000
v -2551.0 -1775.0 74.0 1.000 1.000 1.000
v -2625.0 -1701.0 0.0 1.000 1.000 1.000
v -6027.0 -1701.0 0.0 1.000 1.000 1.000
v -2625.0 -1701.0 0.0 1.000 1.000 1.000
v -2551.0 -1775.0 74.0 1.000 1.000 1.000
v -2551.0 -1775.0 -5398.0 1.000 1.000 1.000
v -2625.0 -1701.0 -5324.0 1.000 1.000 1.000
v -6027.0 -1701.0 -5324.0 1.000 1.000 1.000
v -2625.0 -1701.0 -5324.0 1.000 1.000 1.000
v -2551.0 -1775.0 -5398.0 1.000 1.000 1.000
v -6027.0 -1775.0 -5398.0 1.000 1.000 1.000
v 5657.0 444.0 -5472.0 1.000 1.000 1.000
v 5657.0 296.0 -5324.0 1.000 1.000 1.000
v 4474.0 296.0 -5324.0 1.000 1.000 1.000
v 4326.0 444.0 -5472.0 1.000 1.000 1.000
v 5657.0 -1701.0 -5324.0 1.000 1.000 1.000
v 5657.0 -1775.0 -5398.0 1.000 1.000 1.000
v 4400.0 -1775.0 -5398.0 1.000 1.000 1.000
v 4474.0 -1701.0 -5324.0 1.000 1.000 1.000
v 4474.0 296.0 -666.0 1.000 1.000 1.000
v 4326.0 444.0 -592.0 1.000 1.000 1.000
v 4326.0 444.0 -4753.0 1.000 1.000 1.000
v 4474.0 296.0 -4585.0 1.000 1.000 1.000
v 4474.0 296.0 -5324.0 1.000 1.000 1.000
v 4326.0 444.0 -5472.0 1.000 1.000 1.000
v 4400.0 -1775.0 0.0 1.000 1.000 1.000
v 4474.0 -1701.0 0.0 1.000 1.000 1.000
v 4474.0 -1701.0 -1419.0 1.000 1.000 1.000
v 4400.0 -1775.0 -1445.0 1.000 1.000 1.000
v 4400.0 -1775.0 -1445.0 1.000 1.000 1.000
v 4474.0 -1701.0 -1419.0 1.000 1.000 1.000
v 4474.0 -1701.0 -3476.0 1.000 1.000 1.000
v 4400.0 -1775.0 -3476.0 1.000 1.000 1.000
v 4474.0 -1701.0 -5324.0 1.000 1.000 1.000
v 4400.0 -1775.0 -5398.0 1.000 1.000 1.000
v 4474.0 296.0 0.0 1.000 1.000 1.000
v 4326.0 444.0 0.0 1.000 1.000 1.000
v 4326.0 444.0 -592.0 1.000 1.000 1.000
v 4474.0 296.0 -666.0 1.000 1.000 1.000
v 3956.0 1849.0 -74.0 1.000 1.000 1.000
v 3956.0 1923.0 -74.0 1.000 1.000 1.000
v 6027.0 1923.0 -74.0 1.000 1.000 1.000
v 6027.0 1849.0 -74.0 1.000 1.000 1.000
v 6027.0 1849.0 5398.0 1.000 1.000 1.000
v 6027.0 1923.0 5398.0 1.000 1.000 1.000
v 3956.0 1923.0 5398.0 1.000 1.000 1.000
v 3956.0 1849.0 5398.0 1.000 1.000 1.000
v 3956.0 1849.0 5398.0 1.000 1.000 1.000
v 3956.0 1923.0 5398.0 1.000 1.000 1.000
v 3956.0 1923.0 -74.0 1.000 1.000 1.000
v 3956.0 1849.0 -74.0 1.000 1.000 1.000
v 5657.0 -739.0 -5324.0 1.000 1.000 1.000
v 5657.0 -887.0 -5324.0 1.000 1.000 1.000
v 4474.0 -887.0 -5324.0 1.000 1.000 1.000
v 4474.0 -739.0 -5324.0 1.000 1.000 1.000
v 4474.0 -887.0 -1132.0 1.000 1.000 1.000
v 4474.0 -739.0 -1051.0 1.000 1.000 1.000
v 4474.0 -739.0 -3919.0 1.000 1.000 1.000
v 4474.0 -887.0 -3845.0 1.000 1.000 1.000
v 4474.0 -739.0 -5324.0 1.000 1.000 1.000
v 4474.0 -887.0 -5324.0 1.000 1.000 1.000
v 4474.0 -887.0 0.0 1.000 1.000 1.000
v 4474.0 -739.0 0.0 1.000 1.000 1.000
v 4474.0 -739.0 -1051.0 1.000 1.000 1.000
v 4474.0 -887.0 -1132.0 1.000 1.000 1.000
v -3069.0 -887.0 0.0 1.000 1.000 1.000
v -3069.0 -887.0 1846.0 1.000 1.000 1.000
v -3069.0 -961.0 1904.0 1.000 1.000 1.000
v -3069.0 -961.0 0.0 1.000 1.000 1.000
v -3069.0 -887.0 5324.0 1.000 1.000 1.000
v -5509.0 -887.0 5324.0 1.000 1.000 1.000
v -5509.0 -961.0 5324.0 1.000 1.000 1.000
v -3069.0 -961.0 5324.0 1.000 1.000 1.000
v -3069.0 -887.0 1846.0 1.000 1.000 1.000
v -3069.0 -887.0 5324.0 1.000 1.000 1.000
v -3069.0 -961.0 5324.0 1.000 1.000 1.000
v -3069.0 -961.0 1904.0 1.000 1.000 1.000
v -6027.0 -813.0 0.0 1.000 1.000 1.000
v -2625.0 -813.0 0.0 1.000 1.000 1.000
v -2625.0 -666.0 0.0 1.000 1.000 1.000
v -6027.0 -666.0 0.0 1.000 1.000 1.000
v -2625.0 -666.0 0.0 1.000 1.000 1.000
v -2625.0 -813.0 0.0 1.000 1.000 1.000
v -2625.0 -813.0 -5324.0 1.000 1.000 1.000
v -2625.0 -666.0 -5324.0 1.000 1.000 1.000
v -6027.0 -666.0 -5324.0 1.000 1.000 1.000
v -2625.0 -666.0 -5324.0 1.000 1.000 1.000
v -2625.0 -813.0 -5324.0 1.000 1.000 1.000
v -6027.0 -813.0 -5324.0 1.000 1.000 1.000
v 4030.0 -592.0 0.0 1.000 1.000 1.000
v 4030.0 444.0 0.0 1.000 1.000 1.000
v 6027.0 444.0 0.0 1.000 1.000 1.000
v 6027.0 -592.0 0.0 1.000 1.000 1.000
v 6027.0 -592.0 5324.0 1.000 1.000 1.000
v 6027.0 444.0 5324.0 1.000 1.000 1.000
v 4030.0 444.0 5324.0 1.000 1.000 1.000
v 4030.0 -592.0 5324.0 1.000 1.000 1.000
v 4030.0 -592.0 5324.0 1.000 1.000 1.000
v 4030.0 444.0 5324.0 1.000 1.000 1.000
v 4030.0 444.0 0.0 1.000 1.000 1.000
v 4030.0 -592.0 0.0 1.000 1.000 1.000
v -3069.0 -961.0 0.0 1.000 1.000 1.000
v -3069.0 -961.0 1904.0 1.000 1.000 1.000
v -3069.0 -1775.0 2407.0 1.000 1.000 1.000
v -3069.0 -1775.0 0.0 1.000 1.000 1.000
v -3069.0 -887.0 0.0 1.000 1.000 1.000
v -3069.0 444.0 0.0 1.000 1.000 1.000
v -3069.0 444.0 928.0 1.000 1.000 1.000
v -3069.0 -887.0 1629.0 1.000 1.000 1.000
v -3069.0 666.0 0.0 1.000 1.000 1.000
v -3069.0 1849.0 0.0 1.000 1.000 1.000
v -3069.0 1849.0 340.0 1.000 1.000 1.000
v -3069.0 666.0 763.0 1.000 1.000 1.000
v -3069.0 -961.0 5324.0 1.000 1.000 1.000
v -5509.0 -961.0 5324.0 1.000 1.000 1.000
v -5509.0 -1775.0 5324.0 1.000 1.000 1.000
v -3069.0 -1775.0 5324.0 1.000 1.000 1.000
v -3069.0 -887.0 5324.0 1.000 1.000 1.000
v -3069.0 444.0 5324.0 1.000 1.000 1.000
v -5509.0 444.0 5324.0 1.000 1.000 1.000
v -5509.0 -887.0 5324.0 1.000 1.000 1.000
v -3069.0 666.0 5324.0 1.000 1.000 1.000
v -3069.0 1849.0 5324.0 1.000 1.000 1.000
v -5509.0 1849.0 5324.0 1.000 1.000 1.000
v -5509.0 666.0 5324.0 1.000 1.000 1.000
v -3069.0 -961.0 1904.0 1.000 1.000 1.000
v -3069.0 -961.0 5324.0 1.000 1.000 1.000
v -3069.0 -1775.0 5324.0 1.000 1.000 1.000
v -3069.0 -1775.0 2407.0 1.000 1.000 1.000
v -3069.0 -887.0 1629.0 1.000 1.000 1.000
v -3069.0 444.0 928.0 1.000 1.000 1.000
v -3069.0 444.0 5324.0 1.000 1.000 1.000
v -3069.0 -887.0 5324.0 1.000 1.000 1.000
v -3069.0 666.0 763.0 1.000 1.000 1.000
v -3069.0 1849.0 340.0 1.000 1.000 1.000
v -3069.0 1849.0 5324.0 1.000 1.000 1.000
v -3069.0 666.0 5324.0 1.000 1.000 1.000
v -6027.0 739.0 0.0 1.000 1.000 1.000
v -2625.0 739.0 0.0 1.000 1.000 1.000
v -2625.0 1923.0 0.0 1.000 1.000 1.000
v -6027.0 1923.0 0.0 1.000 1.000 1.000
v -2625.0 1923.0 0.0 1.000 1.000 1.000
v -2625.0 739.0 0.0 1.000 1.000 1.000
v -2625.0 739.0 -5324.0 1.000 1.000 1.000
v -2625.0 1923.0 -5324.0 1.000 1.000 1.000
v -6027.0 1923.0 -5324.0 1.000 1.000 1.000
v -2625.0 1923.0 -5324.0 1.000 1.000 1.000
v -2625.0 739.0 -5324.0 1.000 1.000 1.000
v -6027.0 739.0 -5324.0 1.000 1.000 1.000
v 6027.0 -1627.0 5324.0 1.000 1.000 1.000
v 6027.0 -592.0 5324.0 1.000 1.000 1.000
v 4030.0 -592.0 5324.0 1.000 1.000 1.000
v 4030.0 -1627.0 5324.0 1.000 1.000 1.000
v 4030.0 -1627.0 5324.0 1.000 1.000 1.000
v 4030.0 -592.0 5324.0 1.000 1.000 1.000
v 4030.0 -592.0 0.0 1.000 1.000 1.000
v 4030.0 -1627.0 0.0 1.000 1.000 1.000
v 4030.0 -1627.0 0.0 1.000 1.000 1.000
v 4030.0 -592.0 0.0 1.000 1.000 1.000
v 6027.0 -592.0 0.0 1.000 1.000 1.000
v 6027.0 -1627.0 0.0 1.000 1.000 1.000
v 3956.0 -2145.0 -74.0 1.000 1.000 1.000
v 3956.0 -1701.0 -74.0 1.000 1.000 1.000
v 6027.0 -1701.0 -74.0 1.000 1.000 1.000
v 6027.0 -2145.0 -74.0 1.000 1.000 1.000
v 6027.0 -2145.0 5398.0 1.000 1.000 1.000
v 6027.0 -1701.0 5398.0 1.000 1.000 1.000
v 3956.0 -1701.0 5398.0 1.000 1.000 1.000
v 3956.0 -2145.0 5398.0 1.000 1.000 1.000
v 3956.0 -2145.0 5398.0 1.000 1.000 1.000
v 3956.0 -1701.0 5398.0 1.000 1.000 1.000
v 3956.0 -1701.0 -74.0 1.000 1.000 1.000
v 3956.0 -2145.0 -74.0 1.000 1.000 1.000
v -2995.0 -1849.0 2566.0 1.000 1.000 1.000
v -2995.0 -2145.0 2751.0 1.000 1.000 1.000
v -2995.0 -2145.0 0.0 1.000 1.000 1.000
v -2995.0 -1849.0 0.0 1.000 1.000 1.000
v -5509.0 -1849.0 5398.0 1.000 1.000 1.000
v -5509.0 -2145.0 5398.0 1.000 1.000 1.000
v -2995.0 -2145.0 5398.0 1.000 1.000 1.000
v -2995.0 -1849.0 5398.0 1.000 1.000 1.000
v -2995.0 -1849.0 5398.0 1.000 1.000 1.000
v -2995.0 -2145.0 5398.0 1.000 1.000 1.000
v -2995.0 -2145.0 2751.0 1.000 1.000 1.000
v -2995.0 -1849.0 2566.0 1.000 1.000 1.000
v 5657.0 222.0 -5324.0 1.000 1.000 1.000
v 5657.0 -739.0 -5324.0 1.000 1.000 1.000
v 4474.0 -739.0 -5324.0 1.000 1.000 1.000
v 4474.0 222.0 -5324.0 1.000 1.000 1.000
v 4474.0 -739.0 -983.0 1.000 1.000 1.000
v 4474.0 222.0 -700.0 1.000 1.000 1.000
v 4474.0 222.0 -5324.0 1.000 1.000 1.000
v 4474.0 -739.0 -5324.0 1.000 1.000 1.000
v 4474.0 -739.0 -983.0 1.000 1.000 1.000
v 4474.0 -739.0 0.0 1.000 1.000 1.000
v 4474.0 222.0 0.0 1.000 1.000 1.000
v 4474.0 222.0 -700.0 1.000 1.000 1.000
v -1590.0 -2145.0 -2662.0 1.000 1.000 1.000
v -1590.0 -2218.0 -2662.0 1.000 1.000 1.000
v -1590.0 -2218.0 -5324.0 1.000 1.000 1.000
v -1590.0 -2145.0 -5324.0 1.000 1.000 1.000
v -1590.0 -2145.0 0.0 1.000 1.000 1.000
v -1590.0 -2218.0 0.0 1.000 1.000 1.000
v -1738.0 -2145.0 -5324.0 1.000 1.000 1.000
v -1738.0 -2145.0 -2662.0 1.000 1.000 1.000
v -1590.0 -2145.0 -2662.0 1.000 1.000 1.000
v -1590.0 -2145.0 -5324.0 1.000 1.000 1.000
v -1738.0 -2145.0 0.0 1.000 1.000 1.000
v -1590.0 -2145.0 0.0 1.000 1.000 1.000
v -1590.0 -2145.0 2662.0 1.000 1.000 1.000
v -1590.0 -2218.0 2662.0 1.000 1.000 1.000
v -1590.0 -2218.0 0.0 1.000 1.000 1.000
v -1590.0 -2145.0 0.0 1.000 1.000 1.000
v -1590.0 -2145.0 5324.0 1.000 1.000 1.000
v -1590.0 -2218.0 5324.0 1.000 1.000 1.000
v -1738.0 -2145.0 0.0 1.000 1.000 1.000
v -1738.0 -2145.0 2662.0 1.000 1.000 1.000
v -1590.0 -2145.0 2662.0 1.000 1.000 1.000
v -1590.0 -2145.0 0.0 1.000 1.000 1.000
v -1738.0 -2145.0 5324.0 1.000 1.000 1.000
v -1590.0 -2145.0 5324.0 1.000 1.000 1.000
v 1664.0 -2145.0 2662.0 1.000 1.000 1.000
v 1664.0 -2218.0 2662.0 1.000 1.000 1.000
v 1664.0 -2218.0 5324.0 1.000 1.000 1.000
v 1664.0 -2145.0 5324.0 1.000 1.000 1.000
v 1664.0 -2145.0 0.0 1.000 1.000 1.000
v 1664.0 -2218.0 0.0 1.000 1.000 1.000
v 1664.0 -2218.0 2662.0 1.000 1.000 1.000
v 1664.0 -2145.0 2662.0 1.000 1.000 1.000
v 1812.0 -2145.0 5324.0 1.000 1.000 1.000
v 1812.0 -2145.0 2662.0 1.000 1.000 1.000
v 1664.0 -2145.0 2662.0 1.000 1.000 1.000
v 1664.0 -2145.0 5324.0 1.000 1.000 1.000
v 1812.0 -2145.0 0.0 1.000 1.000 1.000
v 1664.0 -2145.0 0.0 1.000 1.000 1.000
v 1664.0 -2145.0 -2662.0 1.000 1.000 1.000
v 1664.0 -2218.0 -2662.0 1.000 1.000 1.000
v 1664.0 -2145.0 -5324.0 1.000 1.000 1.000
v 1664.0 -2218.0 -5324.0 1.000 1.000 1.000
v 1812.0 -2145.0 -2662.0 1.000 1.000 1.000
v 1664.0 -2145.0 -2662.0 1.000 1.000 1.000
v 1812.0 -2145.0 -2662.0 1.000 1.000 1.000
v 1812.0 -2145.0 -5324.0 1.000 1.000 1.000
v 1664.0 -2145.0 -5324.0 1.000 1.000 1.000
v 1664.0 -2145.0 -2662.0 1.000 1.000 1.000
v 4030.0 444.0 0.0 1.000 1.000 1.000
v 4030.0 518.0 0.0 1.000 1.000 1.000
v 6027.0 518.0 0.0 1.000 1.000 1.000
v 6027.0 444.0 0.0 1.000 1.000 1.000
v 6027.0 444.0 5324.0 1.000 1.000 1.000
v 6027.0 518.0 5324.0 1.000 1.000 1.000
v 4030.0 518.0 5324.0 1.000 1.000 1.000
v 4030.0 444.0 5324.0 1.000 1.000 1.000
v 4030.0 444.0 5324.0 1.000 1.000 1.000
v 4030.0 518.0 5324.0 1.000 1.000 1.000
v 4030.0 518.0 0.0 1.000 1.000 1.000
v 4030.0 444.0 0.0 1.000 1.000 1.000
v 5657.0 1627.0 -5324.0 1.000 1.000 1.000
v 5657.0 1479.0 -5324.0 1.000 1.000 1.000
v 4474.0 1479.0 -5324.0 1.000 1.000 1.000
v 4474.0 1627.0 -5324.0 1.000 1.000 1.000
v 4474.0 1479.0 -370.0 1.000 1.000 1.000
v 4474.0 1627.0 -287.0 1.000 1.000 1.000
v 4474.0 1627.0 -5207.0 1.000 1.000 1.000
v 4474.0 1479.0 -5141.0 1.000 1.000 1.000
v 4474.0 1627.0 -5324.0 1.000 1.000 1.000
v 4474.0 1479.0 -5324.0 1.000 1.000 1.000
v 4474.0 1479.0 0.0 1.000 1.000 1.000
v 4474.0 1627.0 0.0 1.000 1.000 1.000
v 4474.0 1627.0 -287.0 1.000 1.000 1.000
v 4474.0 1479.0 -370.0 1.000 1.000 1.000
v -6027.0 1997.0 74.0 1.000 1.000 1.000
v -2551.0 1997.0 74.0 1.000 1.000 1.000
v -2551.0 2071.0 74.0 1.000 1.000 1.000
v -6027.0 2071.0 74.0 1.000 1.000 1.000
v -2551.0 2071.0 74.0 1.000 1.000 1.000
v -2551.0 1997.0 74.0 1.000 1.000 1.000
v -2551.0 1997.0 -5398.0 1.000 1.000 1.000
v -2551.0 2071.0 -5398.0 1.000 1.000 1.000
v -6027.0 2071.0 -5398.0 1.000 1.000 1.000
v -2551.0 2071.0 -5398.0 1.000 1.000 1.000
v -2551.0 1997.0 -5398.0 1.000 1.000 1.000
v -6027.0 1997.0 -5398.0 1.000 1.000 1.000
v 4030.0 592.0 0.0 1.000 1.000 1.000
v 4030.0 1775.0 0.0 1.000 1.000 1.000
v 6027.0 1775.0 0.0 1.000 1.000 1.000
v 6027.0 592.0 0.0 1.000 1.000 1.000
v 6027.0 592.0 5324.0 1.000 1.000 1.000
v 6027.0 1775.0 5324.0 1.000 1.000 1.000
v 4030.0 1775.0 5324.0 1.000 1.000 1.000
v 4030.0 592.0 5324.0 1.000 1.000 1.000
v 4030.0 592.0 5324.0 1.000 1.000 1.000
v 4030.0 1775.0 5324.0 1.000 1.000 1.000
v 4030.0 1775.0 0.0 1.000 1.000 1.000
v 4030.0 592.0 0.0 1.000 1.000 1.000
v 5657.0 1479.0 -5324.0 1.000 1.000 1.000
v 5657.0 444.0 -5324.0 1.000 1.000 1.000
v 4474.0 444.0 -5324.0 1.000 1.000 1.000
v 4474.0 1479.0 -5324.0 1.000 1.000 1.000
v 4474.0 444.0 -592.0 1.000 1.000 1.000
v 4474.0 1479.0 -370.0 1.000 1.000 1.000
v 4474.0 1479.0 -5141.0 1.000 1.000 1.000
v 4474.0 444.0 -4753.0 1.000 1.000 1.000
v 4474.0 444.0 -4753.0 1.000 1.000 1.000
v 4474.0 1479.0 -5141.0 1.000 1.000 1.000
v 4474.0 1479.0 -5324.0 1.000 1.000 1.000
v 4474.0 444.0 -5324.0 1.000 1.000 1.000
v 4474.0 444.0 0.0 1.000 1.000 1.000
v 4474.0 1479.0 0.0 1.000 1.000 1.000
v 4474.0 1479.0 -370.0 1.000 1.000 1.000
v 4474.0 444.0 -592.0 1.000 1.000 1.000
v -6027.0 -666.0 0.0 1.000 1.000 1.000
v -2625.0 -666.0 0.0 1.000 1.000 1.000
v -2625.0 518.0 0.0 1.000 1.000 1.000
v -6027.0 518.0 0.0 1.000 1.000 1.000
v -2625.0 -666.0 -5324.0 1.000 1.000 1.000
v -2625.0 518.0 -5324.0 1.000 1.000 1.000
v -2625.0 518.0 0.0 1.000 1.000 1.000
v -2625.0 -666.0 0.0 1.000 1.000 1.000
v -6027.0 518.0 -5324.0 1.000 1.000 1.000
v -2625.0 518.0 -5324.0 1.000 1.000 1.000
v -2625.0 -666.0 -5324.0 1.000 1.000 1.000
v -6027.0 -666.0 -5324.0 1.000 1.000 1.000
v 3956.0 -1701.0 -74.0 1.000 1.000 1.000
v 4030.0 -1627.0 0.0 1.000 1.000 1.000
v 6027.0 -1627.0 0.0 1.000 1.000 1.000
v 6027.0 -1701.0 -74.0 1.000 1.000 1.000
v 4030.0 -592.0 0.0 1.000 1.000 1.000
v 3956.0 -518.0 -74.0 1.000 1.000 1.000
v 6027.0 -518.0 -74.0 1.000 1.000 1.000
v 6027.0 -592.0 0.0 1.000 1.000 1.000
v 4030.0 1775.0 0.0 1.000 1.000 1.000
v 3956.0 1849.0 -74.0 1.000 1.000 1.000
v 6027.0 1849.0 -74.0 1.000 1.000 1.000
v 6027.0 1775.0 0.0 1.000 1.000 1.000
v 3956.0 1923.0 -74.0 1.000 1.000 1.000
v 3882.0 1997.0 -148.0 1.000 1.000 1.000
v 6027.0 1997.0 -148.0 1.000 1.000 1.000
v 6027.0 1923.0 -74.0 1.000 1.000 1.000
v 6027.0 1775.0 5324.0 1.000 1.000 1.000
v 6027.0 1849.0 5398.0 1.000 1.000 1.000
v 3956.0 1849.0 5398.0 1.000 1.000 1.000
v 4030.0 1775.0 5324.0 1.000 1.000 1.000
v 6027.0 1923.0 5398.0 1.000 1.000 1.000
v 6027.0 1997.0 5472.0 1.000 1.000 1.000
v 3882.0 1997.0 5472.0 1.000 1.000 1.000
v 3956.0 1923.0 5398.0 1.000 1.000 1.000
v 6027.0 -592.0 5324.0 1.000 1.000 1.000
v 6027.0 -518.0 5398.0 1.000 1.000 1.000
v 3956.0 -518.0 5398.0 1.000 1.000 1.000
v 4030.0 -592.0 5324.0 1.000 1.000 1.000
v 6027.0 -1701.0 5398.0 1.000 1.000 1.000
v 6027.0 -1627.0 5324.0 1.000 1.000 1.000
v 4030.0 -1627.0 5324.0 1.000 1.000 1.000
v 3956.0 -1701.0 5398.0 1.000 1.000 1.000
v 3956.0 -1701.0 5398.0 1.000 1.000 1.000
v 4030.0 -1627.0 5324.0 1.000 1.000 1.000
v 4030.0 -1627.0 0.0 1.000 1.000 1.000
v 3956.0 -1701.0 -74.0 1.000 1.000 1.000
v 4030.0 -592.0 5324.0 1.000 1.000 1.000
v 3956.0 -518.0 5398.0 1.000 1.000 1.000
v 3956.0 -518.0 -74.0 1.000 1.000 1.000
v 4030.0 -592.0 0.0 1.000 1.000 1.000
v 4030.0 1775.0 5324.0 1.000 1.000 1.000
v 3956.0 1849.0 5398.0 1.000 1.000 1.000
v 3956.0 1849.0 -74.0 1.000 1.000 1.000
v 4030.0 1775.0 0.0 1.000 1.000 1.000
v 3956.0 1923.0 5398.0 1.000 1.000 1.000
v 3882.0 1997.0 5472.0 1.000 1.000 1.000
v 3882.0 1997.0 -148.0 1.000 1.000 1.000
v 3956.0 1923.0 -74.0 1.000 1.000 1.000
v 5657.0 -666.0 -5398.0 1.000 1.000 1.000
v 5657.0 -739.0 -5324.0 1.000 1.000 1.000
v 4474.0 -739.0 -5324.0 1.000 1.000 1.000
v 4400.0 -666.0 -5398.0 1.000 1.000 1.000
v 4474.0 -739.0 -1051.0 1.000 1.000 1.000
v 4400.0 -666.0 -983.0 1.000 1.000 1.000
v 4400.0 -666.0 -3968.0 1.000 1.000 1.000
v 4474.0 -739.0 -3919.0 1.000 1.000 1.000
v 4400.0 -666.0 -5398.0 1.000 1.000 1.000
v 4474.0 -739.0 -5324.0 1.000 1.000 1.000
v 4474.0 -739.0 0.0 1.000 1.000 1.000
v 4400.0 -666.0 0.0 1.000 1.000 1.000
v 4400.0 -666.0 -983.0 1.000 1.000 1.000
v 4474.0 -739.0 -1051.0 1.000 1.000 1.000
v -6027.0 2071.0 74.0 1.000 1.000 1.000
v -2551.0 2071.0 74.0 1.000 1.000 1.000
v -2477.0 2145.0 148.0 1.000 1.000 1.000
v -6027.0 2145.0 148.0 1.000 1.000 1.000
v -6027.0 1923.0 0.0 1.000 1.000 1.000
v -2625.0 1923.0 0.0 1.000 1.000 1.000
v -2551.0 1997.0 74.0 1.000 1.000 1.000
v -6027.0 1997.0 74.0 1.000 1.000 1.000
v -6027.0 -666.0 0.0 1.000 1.000 1.000
v -2625.0 -666.0 0.0 1.000 1.000 1.000
v -2551.0 -592.0 74.0 1.000 1.000 1.000
v -6027.0 -592.0 74.0 1.000 1.000 1.000
v -2477.0 2145.0 148.0 1.000 1.000 1.000
v -2551.0 2071.0 74.0 1.000 1.000 1.000
v -2551.0 2071.0 -5398.0 1.000 1.000 1.000
v -2477.0 2145.0 -5472.0 1.000 1.000 1.000
v -2551.0 1997.0 74.0 1.000 1.000 1.000
v -2625.0 1923.0 0.0 1.000 1.000 1.000
v -2625.0 1923.0 -5324.0 1.000 1.000 1.000
v -2551.0 1997.0 -5398.0 1.000 1.000 1.000
v -2551.0 -592.0 74.0 1.000 1.000 1.000
v -2625.0 -666.0 0.0 1.000 1.000 1.000
v -2625.0 -666.0 -5324.0 1.000 1.000 1.000
v -2551.0 -592.0 -5398.0 1.000 1.000 1.000
v -6027.0 2145.0 -5472.0 1.000 1.000 1.000
v -2477.0 2145.0 -5472.0 1.000 1.000 1.000
v -2551.0 2071.0 -5398.0 1.000 1.000 1.000
v -6027.0 2071.0 -5398.0 1.000 1.000 1.000
v -6027.0 1997.0 -5398.0 1.000 1.000 1.000
v -2551.0 1997.0 -5398.0 1.000 1.000 1.000
v -2625.0 1923.0 -5324.0 1.000 1.000 1.000
v -6027.0 1923.0 -5324.0 1.000 1.000 1.000
v -6027.0 -592.0 -5398.0 1.000 1.000 1.000
v -2551.0 -592.0 -5398.0 1.000 1.000 1.000
v -2625.0 -666.0 -5324.0 1.000 1.000 1.000
v -6027.0 -666.0 -5324.0 1.000 1.000 1.000
v 5657.0 -1775.0 -5398.0 1.000 1.000 1.000
v 5657.0 -2145.0 -5398.0 1.000 1.000 1.000
v 4400.0 -2145.0 -5398.0 1.000 1.000 1.000
v 4400.0 -1775.0 -5398.0 1.000 1.000 1.000
v 4400.0 -2145.0 0.0 1.000 1.000 1.000
v 4400.0 -1775.0 0.0 1.000 1.000 1.000
v 4400.0 -1775.0 -1445.0 1.000 1.000 1.000
v 4400.0 -2145.0 -1573.0 1.000 1.000 1.000
v 4400.0 -2145.0 -1573.0 1.000 1.000 1.000
v 4400.0 -1775.0 -1445.0 1.000 1.000 1.000
v 4400.0 -1775.0 -3476.0 1.000 1.000 1.000
v 4400.0 -2145.0 -3328.0 1.000 1.000 1.000
v 4400.0 -1775.0 -5398.0 1.000 1.000 1.000
v 4400.0 -2145.0 -5398.0 1.000 1.000 1.000
v -6027.0 -2145.0 74.0 1.000 1.000 1.000
v -2551.0 -2145.0 74.0 1.000 1.000 1.000
v -2551.0 -1775.0 74.0 1.000 1.000 1.000
v -6027.0 -1775.0 74.0 1.000 1.000 1.000
v -2551.0 -1775.0 74.0 1.000 1.000 1.000
v -2551.0 -2145.0 74.0 1.000 1.000 1.000
v -2551.0 -2145.0 -5398.0 1.000 1.000 1.000
v -2551.0 -1775.0 -5398.0 1.000 1.000 1.000
v -6027.0 -1775.0 -5398.0 1.000 1.000 1.000
v -2551.0 -1775.0 -5398.0 1.000 1.000 1.000
v -2551.0 -2145.0 -5398.0 1.000 1.000 1.000
v -6027.0 -2145.0 -5398.0 1.000 1.000 1.000
v 5657.0 1849.0 -5398.0 1.000 1.000 1.000
v 5657.0 1701.0 -5398.0 1.000 1.000 1.000
v 4400.0 1701.0 -5398.0 1.000 1.000 1.000
v 4400.0 1849.0 -5398.0 1.000 1.000 1.000
v 4400.0 1701.0 -175.0 1.000 1.000 1.000
v 4400.0 1849.0 -111.0 1.000 1.000 1.000
v 4400.0 1849.0 -5398.0 1.000 1.000 1.000
v 4400.0 1701.0 -5250.0 1.000 1.000 1.000
v 4400.0 1701.0 -5398.0 1.000 1.000 1.000
v 4400.0 1701.0 0.0 1.000 1.000 1.000
v 4400.0 1849.0 0.0 1.000 1.000 1.000
v 4400.0 1849.0 -111.0 1.000 1.000 1.000
v 4400.0 1701.0 0.0 1.000 1.000 1.000
v 4400.0 1849.0 -111.0 1.000 1.000 1.000
v 4400.0 1701.0 -175.0 1.000 1.000 1.000
v 37.0 -2218.0 -5324.0 1.000 1.000 1.000
v -1590.0 -2218.0 -5324.0 1.000 1.000 1.000
v -1590.0 -2218.0 -2662.0 1.000 1.000 1.000
v 37.0 -2218.0 0.0 1.000 1.000 1.000
v -1590.0 -2218.0 0.0 1.000 1.000 1.000
v -1590.0 -2218.0 2662.0 1.000 1.000 1.000
v 37.0 -2218.0 5324.0 1.000 1.000 1.000
v -1590.0 -2218.0 5324.0 1.000 1.000 1.000
v 1664.0 -2218.0 5324.0 1.000 1.000 1.000
v 1664.0 -2218.0 2662.0 1.000 1.000 1.000
v 1664.0 -2218.0 0.0 1.000 1.000 1.000
v 1664.0 -2218.0 -2662.0 1.000 1.000 1.000
v 1664.0 -2218.0 -5324.0 1.000 1.000 1.000
v 5657.0 296.0 -5324.0 1.000 1.000 1.000
v 5657.0 222.0 -5324.0 1.000 1.000 1.000
v 4474.0 222.0 -5324.0 1.000 1.000 1.000
v 4474.0 296.0 -5324.0 1.000 1.000 1.000
v 4474.0 222.0 -700.0 1.000 1.000 1.000
v 4474.0 296.0 -666.0 1.000 1.000 1.000
v 4474.0 296.0 -4585.0 1.000 1.000 1.000
v 4474.0 222.0 -4511.0 1.000 1.000 1.000
v 4474.0 296.0 -5324.0 1.000 1.000 1.000
v 4474.0 222.0 -5324.0 1.000 1.000 1.000
v 4474.0 222.0 0.0 1.000 1.000 1.000
v 4474.0 296.0 0.0 1.000 1.000 1.000
v 4474.0 296.0 -666.0 1.000 1.000 1.000
v 4474.0 222.0 -700.0 1.000 1.000 1.000
v -6027.0 2145.0 148.0 1.000 1.000 1.000
v -2477.0 2145.0 148.0 1.000 1.000 1.000
v -2477.0 2218.0 148.0 1.000 1.000 1.000
v -6027.0 2218.0 148.0 1.000 1.000 1.000
v -2477.0 2218.0 148.0 1.000 1.000 1.000
v -2477.0 2145.0 148.0 1.000 1.000 1.000
v -2477.0 2145.0 -5472.0 1.000 1.000 1.000
v -2477.0 2218.0 -5472.0 1.000 1.000 1.000
v -6027.0 2218.0 -5472.0 1.000 1.000 1.000
v -2477.0 2218.0 -5472.0 1.000 1.000 1.000
v -2477.0 2145.0 -5472.0 1.000 1.000 1.000
v -6027.0 2145.0 -5472.0 1.000 1.000 1.000
v 4030.0 296.0 1086.0 1.000 1.000 1.000
v 4030.0 296.0 791.0 1.000 1.000 1.000
v 4030.0 -444.0 791.0 1.000 1.000 1.000
v 4030.0 -444.0 1086.0 1.000 1.000 1.000
v 4030.0 296.0 4641.0 1.000 1.000 1.000
v 4030.0 296.0 4345.0 1.000 1.000 1.000
v 4030.0 -444.0 4345.0 1.000 1.000 1.000
v 4030.0 -444.0 4641.0 1.000 1.000 1.000
v 4030.0 296.0 2318.0 1.000 1.000 1.000
v 4030.0 296.0 2022.0 1.000 1.000 1.000
v 4030.0 -444.0 2022.0 1.000 1.000 1.000
v 4030.0 -444.0 2318.0 1.000 1.000 1.000
v 4030.0 296.0 3550.0 1.000 1.000 1.000
v 4030.0 296.0 3254.0 1.000 1.000 1.000
v 4030.0 -444.0 3254.0 1.000 1.000 1.000
v 4030.0 -444.0 3550.0 1.000 1.000 1.000
v 4030.0 1479.0 3581.0 1.000 1.000 1.000
v 4030.0 1479.0 3212.0 1.000 1.000 1.000
v 4030.0 666.0 3212.0 1.000 1.000 1.000
v 4030.0 666.0 3581.0 1.000 1.000 1.000
v 4474.0 74.0 -4079.0 1.000 1.000 1.000
v 4474.0 74.0 -4449.0 1.000 1.000 1.000
v 4474.0 -592.0 -4449.0 1.000 1.000 1.000
v 4474.0 -592.0 -4079.0 1.000 1.000 1.000
v 4474.0 -1701.0 -3101.0 1.000 1.000 1.000
v 4474.0 -1035.0 -3101.0 1.000 1.000 1.000
v 4474.0 -1035.0 -3471.0 1.000 1.000 1.000
v 4474.0 -1701.0 -3471.0 1.000 1.000 1.000
v 4474.0 -1701.0 -1907.0 1.000 1.000 1.000
v 4474.0 -1035.0 -1907.0 1.000 1.000 1.000
v 4474.0 -1035.0 -2277.0 1.000 1.000 1.000
v 4474.0 -1701.0 -2277.0 1.000 1.000 1.000
v 4474.0 -1701.0 -4295.0 1.000 1.000 1.000
v 4474.0 -1035.0 -4295.0 1.000 1.000 1.000
v 4474.0 -1035.0 -4665.0 1.000 1.000 1.000
v 4474.0 -1701.0 -4665.0 1.000 1.000 1.000
v 4474.0 -1701.0 -805.0 1.000 1.000 1.000
v 4474.0 -1035.0 -805.0 1.000 1.000 1.000
v 4474.0 -1035.0 -1174.0 1.000 1.000 1.000
v 4474.0 -1701.0 -1174.0 1.000 1.000 1.000
v -3069.0 -592.0 431.0 1.000 1.000 1.000
v -3069.0 296.0 431.0 1.000 1.000 1.000
v -3069.0 296.0 800.0 1.000 1.000 1.000
v -3069.0 -592.0 800.0 1.000 1.000 1.000
v -3069.0 -592.0 1709.0 1.000 1.000 1.000
v -3069.0 296.0 1709.0 1.000 1.000 1.000
v -3069.0 296.0 2079.0 1.000 1.000 1.000
v -3069.0 -592.0 2079.0 1.000 1.000 1.000
v -3069.0 -592.0 3224.0 1.000 1.000 1.000
v -3069.0 296.0 3224.0 1.000 1.000 1.000
v -3069.0 296.0 3594.0 1.000 1.000 1.000
v -3069.0 -592.0 3594.0 1.000 1.000 1.000
v -3069.0 -592.0 4616.0 1.000 1.000 1.000
v -3069.0 296.0 4616.0 1.000 1.000 1.000
v -3069.0 296.0 4986.0 1.000 1.000 1.000
v -3069.0 -592.0 4986.0 1.000 1.000 1.000
v -2625.0 -1035.0 -4479.0 1.000 1.000 1.000
v -2625.0 -1035.0 -4109.0 1.000 1.000 1.000
v -2625.0 -1701.0 -4109.0 1.000 1.000 1.000
v -2625.0 -1701.0 -4479.0 1.000 1.000 1.000
v -2625.0 -1035.0 -1083.0 1.000 1.000 1.000
v -2625.0 -1035.0 -713.0 1.000 1.000 1.000
v -2625.0 -1701.0 -713.0 1.000 1.000 1.000
v -2625.0 -1701.0 -1083.0 1.000 1.000 1.000
v -2625.0 -1035.0 -2267.0 1.000 1.000 1.000
v -2625.0 -1035.0 -1897.0 1.000 1.000 1.000
v -2625.0 -1701.0 -1897.0 1.000 1.000 1.000
v -2625.0 -1701.0 -2267.0 1.000 1.000 1.000
v -2625.0 -1035.0 -3408.0 1.000 1.000 1.000
v -2625.0 -1035.0 -3039.0 1.000 1.000 1.000
v -2625.0 -1701.0 -3039.0 1.000 1.000 1.000
v -2625.0 -1701.0 -3408.0 1.000 1.000 1.000
v -2625.0 -518.0 -4484.0 1.000 1.000 1.000
v -2625.0 370.0 -4484.0 1.000 1.000 1.000
v -2625.0 370.0 -4114.0 1.000 1.000 1.000
v -2625.0 -518.0 -4114.0 1.000 1.000 1.000
v 4474.0 1331.0 -4363.0 1.000 1.000 1.000
v 4474.0 1331.0 -4659.0 1.000 1.000 1.000
v 4474.0 518.0 -4659.0 1.000 1.000 1.000
v 4474.0 518.0 -4363.0 1.000 1.000 1.000
v 4474.0 1331.0 -675.0 1.000 1.000 1.000
v 4474.0 1331.0 -971.0 1.000 1.000 1.000
v 4474.0 518.0 -971.0 1.000 1.000 1.000
v 4474.0 518.0 -675.0 1.000 1.000 1.000
v 4474.0 1331.0 -1944.0 1.000 1.000 1.000
v 4474.0 1331.0 -2240.0 1.000 1.000 1.000
v 4474.0 518.0 -2240.0 1.000 1.000 1.000
v 4474.0 518.0 -1944.0 1.000 1.000 1.000
v 4474.0 1331.0 -3212.0 1.000 1.000 1.000
v 4474.0 1331.0 -3508.0 1.000 1.000 1.000
v 4474.0 518.0 -3508.0 1.000 1.000 1.000
v 4474.0 518.0 -3212.0 1.000 1.000 1.000
v -2625.0 887.0 -4478.0 1.000 1.000 1.000
v -2625.0 1775.0 -4478.0 1.000 1.000 1.000
v -2625.0 1775.0 -4108.0 1.000 1.000 1.000
v -2625.0 887.0 -4108.0 1.000 1.000 1.000
v -2625.0 887.0 -1133.0 1.000 1.000 1.000
v -2625.0 1775.0 -1133.0 1.000 1.000 1.000
v -2625.0 1775.0 -763.0 1.000 1.000 1.000
v -2625.0 887.0 -763.0 1.000 1.000 1.000
v -2625.0 887.0 -2286.0 1.000 1.000 1.000
v -2625.0 1775.0 -2286.0 1.000 1.000 1.000
v -2625.0 1775.0 -1917.0 1.000 1.000 1.000
v -2625.0 887.0 -1917.0 1.000 1.000 1.000
v -2625.0 887.0 -3440.0 1.000 1.000 1.000
v -2625.0 1775.0 -3440.0 1.000 1.000 1.000
v -2625.0 1775.0 -3070.0 1.000 1.000 1.000
v -2625.0 887.0 -3070.0 1.000 1.000 1.000
v 4030.0 -1627.0 1117.0 1.000 1.000 1.000
v 4030.0 -887.0 1117.0 1.000 1.000 1.000
v 4030.0 -887.0 748.0 1.000 1.000 1.000
v 4030.0 -1627.0 748.0 1.000 1.000 1.000
v 4030.0 -1627.0 2363.0 1.000 1.000 1.000
v 4030.0 -887.0 2363.0 1.000 1.000 1.000
v 4030.0 -887.0 1993.0 1.000 1.000 1.000
v 4030.0 -1627.0 1993.0 1.000 1.000 1.000
v 4030.0 -1627.0 3609.0 1.000 1.000 1.000
v 4030.0 -887.0 3609.0 1.000 1.000 1.000
v 4030.0 -887.0 3239.0 1.000 1.000 1.000
v 4030.0 -1627.0 3239.0 1.000 1.000 1.000
v 4030.0 -1627.0 4721.0 1.000 1.000 1.000
v 4030.0 -887.0 4721.0 1.000 1.000 1.000
v 4030.0 -887.0 4351.0 1.000 1.000 1.000
v 4030.0 -1627.0 4351.0 1.000 1.000 1.000
v 4030.0 1479.0 2345.0 1.000 1.000 1.000
v 4030.0 1479.0 1975.0 1.000 1.000 1.000
v 4030.0 666.0 1975.0 1.000 1.000 1.000
v 4030.0 666.0 2345.0 1.000 1.000 1.000
v 4030.0 1479.0 1126.0 1.000 1.000 1.000
v 4030.0 1479.0 756.0 1.000 1.000 1.000
v 4030.0 666.0 756.0 1.000 1.000 1.000
v 4030.0 666.0 1126.0 1.000 1.000 1.000
v 4030.0 1479.0 4677.0 1.000 1.000 1.000
v 4030.0 1479.0 4308.0 1.000 1.000 1.000
v 4030.0 666.0 4308.0 1.000 1.000 1.000
v 4030.0 666.0 4677.0 1.000 1.000 1.000
v 4474.0 74.0 -1044.0 1.000 1.000 1.000
v 4474.0 74.0 -1414.0 1.000 1.000 1.000
v 4474.0 -592.0 -1414.0 1.000 1.000 1.000
v 4474.0 -592.0 -1044.0 1.000 1.000 1.000
v 4474.0 74.0 -1968.0 1.000 1.000 1.000
v 4474.0 74.0 -2337.0 1.000 1.000 1.000
v 4474.0 -592.0 -2337.0 1.000 1.000 1.000
v 4474.0 -592.0 -1968.0 1.000 1.000 1.000
v 4474.0 74.0 -3135.0 1.000 1.000 1.000
v 4474.0 74.0 -3505.0 1.000 1.000 1.000
v 4474.0 -592.0 -3505.0 1.000 1.000 1.000
v 4474.0 -592.0 -3135.0 1.000 1.000 1.000
v -3069.0 739.0 846.0 1.000 1.000 1.000
v -3069.0 1627.0 846.0 1.000 1.000 1.000
v -3069.0 1627.0 1216.0 1.000 1.000 1.000
v -3069.0 739.0 1216.0 1.000 1.000 1.000
v -3069.0 739.0 4114.0 1.000 1.000 1.000
v -3069.0 1627.0 4114.0 1.000 1.000 1.000
v -3069.0 1627.0 4484.0 1.000 1.000 1.000
v -3069.0 739.0 4484.0 1.000 1.000 1.000
v -3069.0 739.0 1915.0 1.000 1.000 1.000
v -3069.0 1627.0 1915.0 1.000 1.000 1.000
v -3069.0 1627.0 2285.0 1.000 1.000 1.000
v -3069.0 739.0 2285.0 1.000 1.000 1.000
v -3069.0 739.0 3053.0 1.000 1.000 1.000
v -3069.0 1627.0 3053.0 1.000 1.000 1.000
v -3069.0 1627.0 3423.0 1.000 1.000 1.000
v -3069.0 739.0 3423.0 1.000 1.000 1.000
v -2625.0 -518.0 -2281.0 1.000 1.000 1.000
v -2625.0 370.0 -2281.0 1.000 1.000 1.000
v -2625.0 370.0 -1912.0 1.000 1.000 1.000
v -2625.0 -518.0 -1912.0 1.000 1.000 1.000
v 4474.0 -666.0 -4523.0 1.000 1.000 1.000
v 4474.0 -666.0 -4005.0 1.000 1.000 1.000
v 4474.0 -592.0 -4005.0 1.000 1.000 1.000
v 4474.0 -592.0 -4523.0 1.000 1.000 1.000
v 4474.0 -666.0 -1488.0 1.000 1.000 1.000
v 4474.0 -666.0 -970.0 1.000 1.000 1.000
v 4474.0 -592.0 -970.0 1.000 1.000 1.000
v 4474.0 -592.0 -1488.0 1.000 1.000 1.000
v 4474.0 -666.0 -2411.0 1.000 1.000 1.000
v 4474.0 -666.0 -1894.0 1.000 1.000 1.000
v 4474.0 -592.0 -1894.0 1.000 1.000 1.000
v 4474.0 -592.0 -2411.0 1.000 1.000 1.000
v 4474.0 -666.0 -3579.0 1.000 1.000 1.000
v 4474.0 -666.0 -3061.0 1.000 1.000 1.000
v 4474.0 -592.0 -3061.0 1.000 1.000 1.000
v 4474.0 -592.0 -3579.0 1.000 1.000 1.000
v -3069.0 -666.0 874.0 1.000 1.000 1.000
v -3069.0 -666.0 357.0 1.000 1.000 1.000
v -3069.0 -592.0 357.0 1.000 1.000 1.000
v -3069.0 -592.0 874.0 1.000 1.000 1.000
v -3069.0 -666.0 2153.0 1.000 1.000 1.000
v -3069.0 -666.0 1635.0 1.000 1.000 1.000
v -3069.0 -592.0 1635.0 1.000 1.000 1.000
v -3069.0 -592.0 2153.0 1.000 1.000 1.000
v -3069.0 -666.0 3668.0 1.000 1.000 1.000
v -3069.0 -666.0 3150.0 1.000 1.000 1.000
v -3069.0 -592.0 3150.0 1.000 1.000 1.000
v -3069.0 -592.0 3668.0 1.000 1.000 1.000
v -3069.0 -666.0 5060.0 1.000 1.000 1.000
v -3069.0 -666.0 4542.0 1.000 1.000 1.000
v -3069.0 -592.0 4542.0 1.000 1.000 1.000
v -3069.0 -592.0 5060.0 1.000 1.000 1.000
v -3069.0 666.0 1290.0 1.000 1.000 1.000
v -3069.0 666.0 772.0 1.000 1.000 1.000
v -3069.0 739.0 772.0 1.000 1.000 1.000
v -3069.0 739.0 1290.0 1.000 1.000 1.000
v -3069.0 666.0 4558.0 1.000 1.000 1.000
v -3069.0 666.0 4040.0 1.000 1.000 1.000
v -3069.0 739.0 4040.0 1.000 1.000 1.000
v -3069.0 739.0 4558.0 1.000 1.000 1.000
v -3069.0 666.0 2359.0 1.000 1.000 1.000
v -3069.0 666.0 1842.0 1.000 1.000 1.000
v -3069.0 739.0 1842.0 1.000 1.000 1.000
v -3069.0 739.0 2359.0 1.000 1.000 1.000
v -3069.0 666.0 3497.0 1.000 1.000 1.000
v -3069.0 666.0 2979.0 1.000 1.000 1.000
v -3069.0 739.0 2979.0 1.000 1.000 1.000
v -3069.0 739.0 3497.0 1.000 1.000 1.000
v -2625.0 -592.0 -4040.0 1.000 1.000 1.000
v -2625.0 -592.0 -4558.0 1.000 1.000 1.000
v -2625.0 -518.0 -4558.0 1.000 1.000 1.000
v -2625.0 -518.0 -4040.0 1.000 1.000 1.000
v -2625.0 -592.0 -679.0 1.000 1.000 1.000
v -2625.0 -592.0 -1197.0 1.000 1.000 1.000
v -2625.0 -518.0 -1197.0 1.000 1.000 1.000
v -2625.0 -518.0 -679.0 1.000 1.000 1.000
v -2625.0 -592.0 -1838.0 1.000 1.000 1.000
v -2625.0 -592.0 -2355.0 1.000 1.000 1.000
v -2625.0 -518.0 -2355.0 1.000 1.000 1.000
v -2625.0 -518.0 -1838.0 1.000 1.000 1.000
v -2625.0 -592.0 -2996.0 1.000 1.000 1.000
v -2625.0 -592.0 -3514.0 1.000 1.000 1.000
v -2625.0 -518.0 -3514.0 1.000 1.000 1.000
v -2625.0 -518.0 -2996.0 1.000 1.000 1.000
v 4474.0 518.0 -4363.0 1.000 1.000 1.000
v 4474.0 518.0 -4289.0 1.000 1.000 1.000
v 4474.0 1405.0 -4289.0 1.000 1.000 1.000
v 4474.0 1331.0 -4363.0 1.000 1.000 1.000
v 4474.0 1331.0 -4363.0 1.000 1.000 1.000
v 4474.0 1405.0 -4289.0 1.000 1.000 1.000
v 4474.0 1405.0 -4733.0 1.000 1.000 1.000
v 4474.0 1331.0 -4659.0 1.000 1.000 1.000
v 4474.0 518.0 -4659.0 1.000 1.000 1.000
v 4474.0 1331.0 -4659.0 1.000 1.000 1.000
v 4474.0 1405.0 -4733.0 1.000 1.000 1.000
v 4474.0 518.0 -4733.0 1.000 1.000 1.000
v 4474.0 444.0 -4733.0 1.000 1.000 1.000
v 4474.0 444.0 -4289.0 1.000 1.000 1.000
v 4474.0 518.0 -4289.0 1.000 1.000 1.000
v 4474.0 518.0 -4733.0 1.000 1.000 1.000
v 4474.0 444.0 -1045.0 1.000 1.000 1.000
v 4474.0 444.0 -601.0 1.000 1.000 1.000
v 4474.0 518.0 -601.0 1.000 1.000 1.000
v 4474.0 518.0 -1045.0 1.000 1.000 1.000
v 4474.0 518.0 -675.0 1.000 1.000 1.000
v 4474.0 518.0 -601.0 1.000 1.000 1.000
v 4474.0 1405.0 -601.0 1.000 1.000 1.000
v 4474.0 1331.0 -675.0 1.000 1.000 1.000
v 4474.0 518.0 -971.0 1.000 1.000 1.000
v 4474.0 1331.0 -971.0 1.000 1.000 1.000
v 4474.0 1405.0 -1045.0 1.000 1.000 1.000
v 4474.0 518.0 -1045.0 1.000 1.000 1.000
v 4474.0 1331.0 -675.0 1.000 1.000 1.000
v 4474.0 1405.0 -601.0 1.000 1.000 1.000
v 4474.0 1405.0 -1045.0 1.000 1.000 1.000
v 4474.0 1331.0 -971.0 1.000 1.000 1.000
v 4474.0 1331.0 -1944.0 1.000 1.000 1.000
v 4474.0 1405.0 -1870.0 1.000 1.000 1.000
v 4474.0 1405.0 -2314.0 1.000 1.000 1.000
v 4474.0 1331.0 -2240.0 1.000 1.000 1.000
v 4474.0 518.0 -2240.0 1.000 1.000 1.000
v 4474.0 1331.0 -2240.0 1.000 1.000 1.000
v 4474.0 1405.0 -2314.0 1.000 1.000 1.000
v 4474.0 518.0 -2314.0 1.000 1.000 1.000
v 4474.0 518.0 -1944.0 1.000 1.000 1.000
v 4474.0 518.0 -1870.0 1.000 1.000 1.000
v 4474.0 1405.0 -1870.0 1.000 1.000 1.000
v 4474.0 1331.0 -1944.0 1.000 1.000 1.000
v 4474.0 444.0 -2314.0 1.000 1.000 1.000
v 4474.0 444.0 -1870.0 1.000 1.000 1.000
v 4474.0 518.0 -1870.0 1.000 1.000 1.000
v 4474.0 518.0 -2314.0 1.000 1.000 1.000
v 4474.0 444.0 -3582.0 1.000 1.000 1.000
v 4474.0 444.0 -3138.0 1.000 1.000 1.000
v 4474.0 518.0 -3138.0 1.000 1.000 1.000
v 4474.0 518.0 -3582.0 1.000 1.000 1.000
v 4474.0 518.0 -3212.0 1.000 1.000 1.000
v 4474.0 518.0 -3138.0 1.000 1.000 1.000
v 4474.0 1405.0 -3138.0 1.000 1.000 1.000
v 4474.0 1331.0 -3212.0 1.000 1.000 1.000
v 4474.0 518.0 -3508.0 1.000 1.000 1.000
v 4474.0 1331.0 -3508.0 1.000 1.000 1.000
v 4474.0 1405.0 -3582.0 1.000 1.000 1.000
v 4474.0 518.0 -3582.0 1.000 1.000 1.000
v 4474.0 1331.0 -3212.0 1.000 1.000 1.000
v 4474.0 1405.0 -3138.0 1.000 1.000 1.000
v 4474.0 1405.0 -3582.0 1.000 1.000 1.000
v 4474.0 1331.0 -3508.0 1.000 1.000 1.000
v 4030.0 -518.0 717.0 1.000 1.000 1.000
v 4030.0 -518.0 1160.0 1.000 1.000 1.000
v 4030.0 -444.0 1160.0 1.000 1.000 1.000
v 4030.0 -444.0 717.0 1.000 1.000 1.000
v 4030.0 -518.0 4271.0 1.000 1.000 1.000
v 4030.0 -518.0 4715.0 1.000 1.000 1.000
v 4030.0 -444.0 4715.0 1.000 1.000 1.000
v 4030.0 -444.0 4271.0 1.000 1.000 1.000
v 4030.0 -518.0 1948.0 1.000 1.000 1.000
v 4030.0 -518.0 2392.0 1.000 1.000 1.000
v 4030.0 -444.0 2392.0 1.000 1.000 1.000
v 4030.0 -444.0 1948.0 1.000 1.000 1.000
v 4030.0 -518.0 3180.0 1.000 1.000 1.000
v 4030.0 -518.0 3624.0 1.000 1.000 1.000
v 4030.0 -444.0 3624.0 1.000 1.000 1.000
v 4030.0 -444.0 3180.0 1.000 1.000 1.000
v 4030.0 592.0 3138.0 1.000 1.000 1.000
v 4030.0 592.0 3655.0 1.000 1.000 1.000
v 4030.0 666.0 3655.0 1.000 1.000 1.000
v 4030.0 666.0 3138.0 1.000 1.000 1.000
v 4030.0 592.0 1901.0 1.000 1.000 1.000
v 4030.0 592.0 2419.0 1.000 1.000 1.000
v 4030.0 666.0 2419.0 1.000 1.000 1.000
v 4030.0 666.0 1901.0 1.000 1.000 1.000
v 4030.0 592.0 682.0 1.000 1.000 1.000
v 4030.0 592.0 1200.0 1.000 1.000 1.000
v 4030.0 666.0 1200.0 1.000 1.000 1.000
v 4030.0 666.0 682.0 1.000 1.000 1.000
v 4030.0 592.0 4234.0 1.000 1.000 1.000
v 4030.0 592.0 4751.0 1.000 1.000 1.000
v 4030.0 666.0 4751.0 1.000 1.000 1.000
v 4030.0 666.0 4234.0 1.000 1.000 1.000
v -2625.0 813.0 -4035.0 1.000 1.000 1.000
v -2625.0 813.0 -4552.0 1.000 1.000 1.000
v -2625.0 887.0 -4552.0 1.000 1.000 1.000
v -2625.0 887.0 -4035.0 1.000 1.000 1.000
v -2625.0 813.0 -689.0 1.000 1.000 1.000
v -2625.0 813.0 -1207.0 1.000 1.000 1.000
v -2625.0 887.0 -1207.0 1.000 1.000 1.000
v -2625.0 887.0 -689.0 1.000 1.000 1.000
v -2625.0 813.0 -1843.0 1.000 1.000 1.000
v -2625.0 813.0 -2360.0 1.000 1.000 1.000
v -2625.0 887.0 -2360.0 1.000 1.000 1.000
v -2625.0 887.0 -1843.0 1.000 1.000 1.000
v -2625.0 813.0 -2996.0 1.000 1.000 1.000
v -2625.0 813.0 -3514.0 1.000 1.000 1.000
v -2625.0 887.0 -3514.0 1.000 1.000 1.000
v -2625.0 887.0 -2996.0 1.000 1.000 1.000
v -2625.0 -518.0 -1123.0 1.000 1.000 1.000
v -2625.0 370.0 -1123.0 1.000 1.000 1.000
v -2625.0 370.0 -753.0 1.000 1.000 1.000
v -2625.0 -518.0 -753.0 1.000 1.000 1.000
v -2625.0 -518.0 -3440.0 1.000 1.000 1.000
v -2625.0 370.0 -3440.0 1.000 1.000 1.000
v -2625.0 370.0 -3070.0 1.000 1.000 1.000
v -2625.0 -518.0 -3070.0 1.000 1.000 1.000
v 4030.0 -739.0 1117.0 1.000 1.000 1.000
v 4030.0 -739.0 748.0 1.000 1.000 1.000
v 4030.0 -887.0 748.0 1.000 1.000 1.000
v 4030.0 -887.0 1117.0 1.000 1.000 1.000
v 4030.0 -739.0 2363.0 1.000 1.000 1.000
v 4030.0 -739.0 1993.0 1.000 1.000 1.000
v 4030.0 -887.0 1993.0 1.000 1.000 1.000
v 4030.0 -887.0 2363.0 1.000 1.000 1.000
v 4030.0 -739.0 3609.0 1.000 1.000 1.000
v 4030.0 -739.0 3239.0 1.000 1.000 1.000
v 4030.0 -887.0 3239.0 1.000 1.000 1.000
v 4030.0 -887.0 3609.0 1.000 1.000 1.000
v 4030.0 -739.0 4721.0 1.000 1.000 1.000
v 4030.0 -739.0 4351.0 1.000 1.000 1.000
v 4030.0 -887.0 4351.0 1.000 1.000 1.000
v 4030.0 -887.0 4721.0 1.000 1.000 1.000
vt 12.0000 -0.8330
vt 9.0000 1.0000
vt 12.0000 1.0000
vt 5.9165 -0.8330
vt 6.0000 1.0000
vt 2.9165 -1.8330
vt 3.0000 1.0000
vt 0.0000 -1.8330
vt 0.0000 1.0000
vt 5.9165 -1.8330
vt 0.0000 4.8330
vt 3.0000 0.0000
vt 0.0000 0.0000
vt 6.0835 4.8330
vt 6.0000 0.0000
vt 7.7500 5.8330
vt 9.0000 0.0000
vt 9.7500 5.8330
vt 12.0000 0.0000
vt 6.0835 5.8330
vt 12.0000 4.6670
vt 12.0000 5.8330
vt 8.4121 -2.0615
vt 8.4121 0.9941
vt 10.6348 0.9941
vt 10.6348 -2.0615
vt -0.9980 1.0000
vt -0.4600 -2.0557
vt -5.5557 -2.0557
vt -4.8613 1.0000
vt -8.3330 -2.0557
vt -8.3330 1.0000
vt 1.6670 1.0000
vt 1.6670 -2.0557
vt -3.5459 1.0000
vt 2.1709 1.0000
vt 2.1709 -1.9824
vt -3.5459 -1.9824
vt 0.1025 -1.9912
vt 0.1025 1.0068
vt 9.0967 1.0068
vt 9.0967 -1.9912
vt 5.2930 -1.9893
vt -0.4258 -1.9893
vt -0.4258 0.9941
vt 5.2930 0.9941
vt 10.5103 1.0000
vt 10.5103 -0.0049
vt 5.4092 -0.0049
vt 4.9546 1.0000
vt 15.7070 1.0000
vt 15.7070 -0.0068
vt 11.1172 -0.0068
vt 10.6655 1.0000
vt 4.4756 1.0000
vt 4.4756 0.6387
vt 2.2510 0.6387
vt 2.2104 1.0000
vt 3.9575 1.0000
vt 3.9575 -0.0029
vt 2.1279 -0.0029
vt 1.7734 1.0000
vt 1.4375 0.5410
vt 0.7891 0.5410
vt 0.6914 1.0000
vt 1.4375 1.0000
vt 2.7939 -0.0049
vt 2.3013 -0.0049
vt 2.1367 1.0000
vt 2.7939 1.0000
vt 3.6099 1.0000
vt 3.1050 1.0000
vt 2.8530 1.7139
vt 3.6099 1.7139
vt 3.2139 1.0000
vt 3.5688 -0.0039
vt -8.4995 -0.0039
vt -8.4995 1.0000
vt 2.2510 1.0000
vt 2.6050 -0.0020
vt -9.4390 -0.0020
vt -9.4390 1.0000
vt 1.2705 1.0000
vt 1.2705 0.6426
vt -4.6289 0.6426
vt -4.6289 1.0000
vt 1.7007 1.0000
vt 2.0527 0.0029
vt -4.1143 0.0029
vt -4.1143 1.0000
vt 1.6948 0.5459
vt -3.7686 0.5459
vt -3.7686 1.0000
vt 1.5342 1.0000
vt 2.1646 0.0020
vt -6.3193 0.0020
vt -6.3193 1.0000
vt 2.1646 1.0000
vt 2.2080 1.0000
vt -6.3833 1.0000
vt -6.3833 1.6943
vt 1.9624 1.6943
vt -5.7319 -0.0049
vt -5.5093 1.0000
vt -0.7798 -0.0068
vt -0.5542 1.0000
vt -8.5225 0.6387
vt -8.5225 1.0000
vt -9.1577 -0.0029
vt -8.8032 1.0000
vt -10.3970 0.5410
vt -10.2349 1.0000
vt -9.1943 -0.0049
vt -9.1943 1.0000
vt -15.0547 1.0000
vt -14.8027 1.7139
vt -2.5947 1.0000
vt 5.3638 1.0000
vt 5.7100 0.0215
vt -2.5947 0.0215
vt -5.7344 1.0000
vt 2.2686 1.0000
vt 2.2686 0.6523
vt -5.7344 0.6523
vt -0.9609 0.0234
vt -0.6157 1.0000
vt 11.8149 1.0000
vt 12.1602 0.0234
vt -1.0913 0.6436
vt -1.0913 1.0000
vt 11.7236 1.0000
vt 11.7236 0.6436
vt 7.9312 1.0000
vt -0.5601 1.0000
vt -0.2061 2.0010
vt 7.9312 2.0010
vt 7.8223 0.6426
vt -0.4087 0.6426
vt -0.4087 1.0000
vt 7.8223 1.0000
vt 1.0186 1.7598
vt 1.2871 1.0000
vt -6.2305 1.0000
vt -6.2305 1.7598
vt 6.8291 1.7490
vt 6.8291 1.0000
vt -0.5820 1.0000
vt -0.3174 1.7490
vt 11.1826 1.7490
vt 11.4473 1.0000
vt -8.1396 1.0000
vt -7.8750 1.7490
vt -1.6016 1.0000
vt -1.6016 1.7500
vt 2.9062 1.7500
vt 3.1719 1.0000
vt -1.1445 1.0000
vt -1.1445 1.6357
vt 2.4492 1.6357
vt 2.6748 1.0000
vt 8.4170 1.6211
vt 8.7490 1.0000
vt -6.3105 1.0000
vt -6.1807 1.6211
vt -6.7490 1.0000
vt -6.5303 1.6211
vt 10.4980 1.7568
vt 10.6309 1.0000
vt -8.9121 1.0000
vt -8.6436 1.7568
vt 9.2686 1.6211
vt 9.2686 1.0000
vt 10.8984 1.7568
vt 10.8984 1.0000
vt -11.8262 1.0000
vt -11.8262 1.7451
vt -3.2500 1.7451
vt -2.6836 1.0000
vt -1.8809 1.0000
vt -1.6211 1.7354
vt 6.9580 1.7354
vt 6.9580 1.0000
vt 7.1436 1.7451
vt 7.4072 1.0000
vt 11.1494 1.0000
vt -1.1992 1.0000
vt -0.9365 1.7432
vt 11.1494 1.7432
vt 2.5488 1.7480
vt 2.8135 1.0000
vt -16.7695 1.0000
vt -16.5049 1.7480
vt -10.9775 1.7451
vt 1.1436 1.7451
vt 1.4062 1.0000
vt -10.9775 1.0000
vt -0.8750 0.0039
vt -0.8750 1.0000
vt 1.6084 1.0000
vt 1.9189 0.0039
vt -0.7100 0.6123
vt -0.7100 1.0000
vt 1.6230 1.0000
vt 1.4863 0.6123
vt 3.9082 1.0000
vt 4.0176 -0.0117
vt -2.1396 -0.0117
vt -1.8896 1.0000
vt -2.9844 1.0000
vt -3.2031 -0.0117
vt 7.9053 1.0000
vt 7.9053 0.6240
vt 5.3574 0.6240
vt 5.3105 1.0000
vt 1.6631 0.6240
vt 1.6631 1.0000
vt -1.6582 0.6240
vt -1.7910 1.0000
vt 4.8936 1.0000
vt 4.8936 -0.0117
vt 2.0000 1.0000
vt 2.0000 0.0029
vt -11.9609 0.0029
vt -11.9609 1.0000
vt 14.0488 1.0000
vt 14.0488 -0.0039
vt 0.0000 -0.0039
vt 22.1201 1.0000
vt 22.1279 0.0000
vt -1.1729 0.0000
vt -1.1807 1.0000
vt -0.1582 0.0000
vt -0.1514 1.0000
vt 1.9951 1.0000
vt 1.9883 0.0000
vt 3.4395 1.0000
vt 3.5547 0.0000
vt -0.6924 0.0000
vt -0.5771 1.0000
vt -2.7725 0.0000
vt -2.7676 1.0000
vt 5.1162 1.0000
vt 5.1104 0.0000
vt 10.6826 -0.0098
vt 4.7227 -0.0098
vt 4.5381 1.0000
vt 10.6826 1.0000
vt 2.6699 0.0000
vt -8.4883 0.0000
vt -8.4883 1.0000
vt 2.6699 1.0000
vt -6.5049 -0.0098
vt -6.5049 1.0000
vt -9.2314 1.0000
vt 2.1738 1.0000
vt 2.1738 0.0078
vt -9.2314 0.0078
vt -0.2471 0.0020
vt -0.2471 1.0000
vt 17.7236 1.0000
vt 17.7236 0.0020
vt 11.1670 -0.0059
vt -0.4043 -0.0059
vt -0.4043 1.0000
vt 11.1670 1.0000
vt 1.2822 1.0000
vt 1.2822 0.0303
vt -0.7324 0.0303
vt -0.7324 1.0000
vt 2.0615 1.0000
vt 2.0615 0.0078
vt 0.0000 0.0078
vt 3.2539 1.0000
vt 3.2539 0.0215
vt 0.0000 0.0215
vt 3.7012 0.0186
vt 1.8535 0.0186
vt 1.3652 1.0000
vt 3.7012 1.0000
vt 3.1719 0.8828
vt 3.1719 0.0039
vt 2.6191 0.0039
vt 2.2764 0.8828
vt 2.8535 0.0000
vt 2.8359 1.0000
vt 2.6357 1.0000
vt 2.4062 0.0000
vt 1.8857 0.2148
vt 0.0000 0.2148
vt 1.8857 1.0000
vt 1.4971 1.0000
vt 1.4971 0.1758
vt -0.3154 0.1758
vt -0.3154 1.0000
vt 1.6553 1.8027
vt 1.6553 1.0000
vt 0.0000 1.8027
vt -1.4668 0.0186
vt -1.4668 1.0000
vt 0.0000 0.0039
vt 0.0000 0.8828
vt -0.2861 1.0000
vt -0.2686 0.0000
vt -2.5830 1.0000
vt 1.0000 1.0000
vt 1.0000 0.0000
vt -2.5830 0.0000
vt 4.4805 1.0000
vt 4.4805 0.0039
vt 2.5791 1.0000
vt -0.0957 1.0000
vt -0.0957 1.9307
vt 2.5791 1.9307
vt 4.2852 1.0273
vt 4.2852 -3.5645
vt -0.1426 -3.5645
vt -0.1426 1.0273
vt 10.9375 1.0020
vt 10.9375 -3.5625
vt -0.8018 -3.5625
vt -0.8018 1.0020
vt 2.3242 1.0000
vt 2.3242 -3.5713
vt -2.0830 -3.5713
vt -2.0830 1.0000
vt 1.2158 1.0000
vt 1.2158 0.0049
vt -1.1055 0.0049
vt -1.1055 1.0000
vt 1.4023 1.0000
vt 1.4023 0.0186
vt 0.0000 0.0186
vt 4.0049 1.0000
vt 4.0049 -0.0127
vt -0.6758 -0.0127
vt -0.6758 1.0000
vt 1.3262 0.0254
vt 1.0869 1.0000
vt 4.6504 1.0000
vt 4.6504 0.0254
vt -0.6865 0.0059
vt -0.6865 1.0000
vt 2.0068 1.0000
vt 2.0068 0.0059
vt -2.3438 0.0254
vt -2.3438 1.0000
vt 0.0000 0.0771
vt 1.0000 0.0771
vt 2.4111 1.0000
vt 2.6699 0.0107
vt -1.5703 0.0107
vt -1.5703 1.0000
vt 3.3125 1.0000
vt 3.3125 0.0107
vt 7.5000 1.1670
vt 7.5000 2.0000
vt 0.0000 2.0000
vt 0.0000 1.1670
vt 15.0000 1.1670
vt 15.0000 2.0000
vt 7.5000 1.0000
vt 7.5000 0.1670
vt 0.0000 0.1670
vt 15.0000 1.0000
vt 15.0000 0.1670
vt 22.5000 1.1670
vt 22.5000 2.0000
vt 30.0000 1.1670
vt 30.0000 2.0000
vt 22.5000 1.0000
vt 22.5000 0.1670
vt 30.0000 1.0000
vt 30.0000 0.1670
vt 6.0000 1.1670
vt 6.0000 2.0000
vt 12.0000 1.1670
vt 12.0000 2.0000
vt 6.0000 0.1670
vt 12.0000 0.1670
vt 18.0000 1.1670
vt 18.0000 2.0000
vt 24.0000 1.1670
vt 24.0000 2.0000
vt 18.0000 1.0000
vt 18.0000 0.1670
vt 24.0000 1.0000
vt 24.0000 0.1670
vt 1.9258 1.0000
vt 1.9258 0.3496
vt -15.6475 0.3496
vt -15.6475 1.0000
vt 17.5869 1.0000
vt 17.5869 0.3486
vt 0.0000 0.3486
vt 27.8848 1.0000
vt 27.8848 0.3438
vt -19.3984 0.3438
vt -19.3984 1.0000
vt 0.0000 0.3525
vt 5.1787 1.0000
vt 5.1787 0.3525
vt 14.5508 1.0000
vt 14.9326 0.3184
vt -7.7324 0.3184
vt -7.4326 1.0000
vt -8.2754 0.3184
vt -8.2754 1.0000
vt 16.2549 1.0000
vt 16.2549 0.3184
vt -26.5146 1.0000
vt 2.8477 1.0000
vt 2.8477 0.3750
vt -26.5146 0.3750
vt -17.9404 0.3311
vt -17.9404 1.0000
vt 31.5635 1.0000
vt 31.5635 0.3311
vt 31.1807 0.3311
vt -0.2412 0.3311
vt -0.2412 1.0000
vt 31.1807 1.0000
vt 0.9990 1.0000
vt 0.9990 0.3926
vt -0.0254 0.3926
vt -0.0254 1.0000
vt 1.6641 1.0000
vt 1.6641 0.0137
vt 0.0000 0.0137
vt 2.6230 1.0000
vt 2.6230 0.2383
vt -0.8057 0.2383
vt -0.8057 1.0000
vt 0.0000 0.1250
vt 1.0000 0.1250
vt 2.4062 1.0000
vt 2.5850 0.0068
vt -1.2637 0.0068
vt -0.9502 1.0000
vt -1.4111 0.0068
vt -1.4111 1.0000
vt 2.8828 1.0000
vt 2.8828 0.0068
vt -1.4277 1.0000
vt -1.4277 0.0000
vt 3.2773 1.0000
vt 3.2773 0.0430
vt -1.3174 0.0430
vt -1.3174 1.0000
vt 3.0020 0.0215
vt 3.0020 1.0000
vt 1.4570 1.0000
vt 1.1885 0.2373
vt -6.0889 0.2373
vt -6.0889 1.0000
vt 1.4873 1.0000
vt 1.8379 0.0059
vt -8.0010 0.0059
vt -8.0010 1.0000
vt 1.3848 1.0000
vt 1.7373 0.0010
vt -8.1504 0.0010
vt -8.1504 1.0000
vt 1.2109 1.0000
vt 1.5625 0.0068
vt -8.6201 0.0068
vt -8.6201 1.0000
vt 9.2842 1.0000
vt 9.2842 0.0020
vt -0.5986 0.0020
vt -0.2461 1.0000
vt 9.4727 1.0000
vt 9.4727 0.0029
vt -0.7480 0.0029
vt -0.3955 1.0000
vt 9.2275 1.9971
vt 9.2275 1.0000
vt -0.6445 1.0000
vt -0.2920 1.9971
vt 5.9072 1.0000
vt 5.9072 0.2764
vt -1.0010 0.2764
vt -1.2568 1.0000
vt 18.9893 1.0000
vt 18.7197 0.2520
vt -0.6826 0.2520
vt -0.9521 1.0000
vt 9.2705 1.0000
vt 9.5107 0.0068
vt -8.2227 0.0068
vt -7.9834 1.0000
vt 18.3252 1.0000
vt 18.5654 0.0000
vt -0.8691 0.0000
vt -0.5830 1.0000
vt 24.2451 1.0000
vt 24.5947 0.0107
vt -1.9863 0.0107
vt -1.6367 1.0000
vt -0.8682 0.0000
vt -0.8359 1.0000
vt 1.8193 1.0000
vt 1.9531 0.0000
vt 5.8193 1.0000
vt 6.0117 0.0059
vt -2.6553 0.0059
vt -2.2393 1.0000
vt -6.3955 0.0059
vt -6.1875 1.0000
vt 8.7725 1.0000
vt 8.7725 0.0059
vt -11.1348 1.0000
vt 1.2910 1.0000
vt 1.5557 0.2520
vt -11.1348 0.2520
vt -14.5557 1.0000
vt 1.8047 0.0156
vt -14.5557 0.0156
vt -14.0859 1.0000
vt 2.2402 1.0000
vt 2.5957 -0.0039
vt -14.0859 -0.0039
vt -1.0713 0.2363
vt -0.8008 1.0000
vt 19.1846 1.0000
vt 19.4551 0.2363
vt -1.1299 0.0244
vt -0.7852 1.0000
vt 24.0371 1.0000
vt 24.3828 0.0244
vt -0.4648 0.0000
vt -0.1875 1.0000
vt 16.0381 1.0000
vt 16.2109 0.0000
vt 11.9482 0.2256
vt -1.1885 0.2256
vt -0.9150 1.0000
vt 11.9482 1.0000
vt 15.8535 1.0000
vt -0.6035 1.0000
vt -0.2529 1.9902
vt 15.8535 1.9902
vt 15.5635 0.0078
vt -0.9277 0.0078
vt 15.5635 1.0000
vt 0.0000 0.0059
vt 1.3232 1.0000
vt 1.3232 0.0059
vt 3.2393 1.0000
vt 3.2305 0.0000
vt 2.2207 0.0000
vt 2.1396 1.0000
vt 0.8008 0.0000
vt 0.9131 1.0000
vt -0.5430 0.0000
vt -0.5352 1.0000
vt -3.2764 1.0000
vt 1.3770 1.0000
vt 1.3770 0.0098
vt -3.2764 0.0098
vt -0.4746 0.0186
vt -0.4746 1.0000
vt 3.4150 1.0000
vt 3.4150 0.0186
vt 3.3398 0.0166
vt -0.6680 0.0166
vt -0.6680 1.0000
vt 3.3398 1.0000
vt -1.2451 -0.0137
vt -1.2451 1.0000
vt 3.0615 1.0000
vt 3.0615 -0.0137
vt 5.2256 1.0000
vt 5.3418 -0.0088
vt -4.2334 -0.0088
vt -3.9648 1.0000
vt -4.2334 1.0000
vt 5.5420 1.0000
vt 5.5420 -0.0088
vt 1.0000 -3.0000
vt 2.0000 -3.0000
vt 2.0000 -2.0000
vt 1.0000 -1.0000
vt 2.0000 -1.0000
vt 2.0000 0.0000
vt 0.0000 -1.0000
vt 0.0000 -2.0000
vt 0.0000 -3.0000
vt -2.1035 0.3203
vt -2.1035 1.0000
vt 3.3311 1.0000
vt 3.3311 0.3203
vt 12.9258 1.0000
vt 13.0840 0.3301
vt -4.6797 0.3301
vt -4.3438 1.0000
vt -8.0303 0.3301
vt -8.0303 1.0000
vt 16.1006 1.0000
vt 16.1006 0.3301
vt -21.6172 1.0000
vt 2.3789 1.0000
vt 2.3789 0.0000
vt -21.6172 0.0000
vt -7.3730 -0.0146
vt -7.3730 1.0000
vt 31.1973 1.0000
vt 31.1973 -0.0146
vt 23.6865 -0.0059
vt -0.4502 -0.0059
vt -0.4502 1.0000
vt 23.6865 1.0000
vt 1.0000 0.0013
vt 0.0000 0.0013
vt -0.6436 1.0000
vt 2.8652 1.0000
vt 2.8652 -0.0029
vt -0.6436 -0.0029
vt -0.2607 1.0000
vt 1.4639 1.0000
vt 1.4639 0.0000
vt -0.2607 0.0000
vt -0.6611 1.8848
vt 2.4346 1.8848
vt 2.4346 1.0000
vt -0.6611 1.0000
vt 5.3682 1.0000
vt 5.3682 0.0244
vt -0.4883 0.0244
vt 1.4287 1.0000
vt 1.7861 0.0029
vt -0.3574 0.0029
vt -4.7373 1.0000
vt 0.6475 1.0000
vt 1.1367 0.0205
vt -4.7373 0.0205
vt -0.3164 1.0000
vt 1.7227 1.0000
vt 1.7227 0.3203
vt -0.3164 0.3203
vt 2.9775 1.0000
vt 2.9775 0.0078
vt -0.2744 1.0000
vt 1.4150 1.0000
vt 1.4150 -0.0049
vt -0.2744 -0.0049
vt -0.6289 1.0000
vt 2.9561 1.0000
vt 2.9561 -0.0244
vt -0.6289 -0.0244
vn 0.577 0.577 0.577
vn -0.577 -0.577 -0.577
vn 0.577 0.577 0.577
vn -0.577 -0.577 -0.577
vn -0.577 -0.577 -0.577
vn -0.577 -0.577 -0.577
vn -0.577 -0.577 -0.577
vn 0.577 0.577 0.577
vn 0.577 0.577 0.577
vn 0.577 0.577 0.577
vn 0.577 0.577 0.577
vn 0.577 0.577 0.577
vn 0.577 0.577 0.577
vn -0.577 -0.577 -0.577
vn 0.577 0.577 0.577
vn 0.577 0.577 0.577
vn -0.577 -0.577 -0.577
vn -0.577 -0.577 -0.577
vn 0.577 0.577 0.577
vn 0.577 0.577 0.577
vn -0.577 -0.577 -0.577
vn 0.577 0.577 0.577
vn 0.577 0.577 0.577
vn 0.577 0.577 0.577
vn 0.577 0.577 0.577
vn 0.577 0.577 0.577
vn 0.577 0.577 0.577
vn 0.577 0.577 0.577
vn 0.577 0.577 0.577
vn 0.577 0.577 0.577
vn 0.577 0.577 0.577
vn 0.577 0.577 0.577
vn 0.577 0.577 0.577
vn 0.577 0.577 0.577
vn 0.577 0.577 0.577
vn 0.577 0.577 0.577
vn 0.577 0.577 0.577
vn 0.577 0.577 0.577
vn 0.577 0.577 0.577
vn 0.577 0.577 0.577
vn 0.577 0.577 0.577
vn 0.577 0.577 0.577
vn 0.577 0.577 0.577
vn 0.577 0.577 0.577
vn 0.577 0.577 0.577
vn 0.577 0.577 0.577
vn 0.577 0.577 0.577
vn 0.577 0.577 0.577
vn 0.577 0.577 0.577
vn 0.577 0.577 0.577
vn 0.577 0.577 0.577
vn 0.577 0.577 0.577
vn 0.577 0.577 0.577
vn 0.577 0.577 0.577
vn 0.577 0.577 0.577
vn 0.577 0.577 0.577
vn 0.577 0.577 0.577
vn 0.577 0.577 0.577
vn 0.577 0.577 0.577
vn 0.577 0.577 0.577
vn 0.577 0.577 0.577
vn 0.577 0.577 0.577
vn 0.577 0.577 0.577
vn 0.577 0.577 0.577
vn 0.577 0.577 0.577
vn 0.577 0.577 0.577
vn 0.577 0.577 0.577
vn 0.577 0.577 0.577
vn 0.577 0.577 0.577
vn 0.577 0.577 0.577
vn 0.577 0.577 0.577
vn 0.577 0.577 0.577
vn 0.577 0.577 0.577
vn 0.577 0.577 0.577
vn 0.577 0.577 0.577
vn 0.577 0.577 0.577
vn 0.577 0.577 0.577
vn 0.577 0.577 0.577
vn 0.577 0.577 0.577
vn 0.577 0.577 0.577
vn 0.577 0.577 0.577
vn 0.577 0.577 0.577
vn 0.577 0.577 0.577
vn 0.577 0.577 0.577
vn 0.577 0.577 0.577
vn 0.577 0.577 0.577
vn 0.577 0.577 0.577
vn 0.577 0.577 0.577
vn 0.577 0.577 0.577
vn 0.577 0.577 0.577
vn 0.577 0.577 0.577
vn 0.577 0.577 0.577
vn 0.577 0.577 0.577
vn 0.577 0.577 0.577
vn 0.577 0.577 0.577
vn 0.577 0.577 0.577
vn 0.577 0.577 0.577
vn 0.577 0.577 0.577
vn 0.577 0.577 0.577
vn 0.577 0.577 0.577
vn 0.577 0.577 0.577
vn 0.577 0.577 0.577
vn 0.577 0.577 0.577
vn 0.577 0.577 0.577
vn 0.577 0.577 0.577
vn 0.577 0.577 0.577
vn 0.577 0.577 0.577
vn 0.577 0.577 0.577
vn 0.577 0.577 0.577
vn 0.577 0.577 0.577
vn 0.577 0.577 0.577
vn 0.577 0.577 0.577
vn 0.577 0.577 0.577
vn 0.577 0.577 0.577
vn 0.577 0.577 0.577
vn 0.577 0.577 0.577
vn 0.577 0.577 0.577
vn 0.577 0.577 0.577
vn 0.577 0.577 0.577
vn 0.577 0.577 0.577
vn 0.577 0.577 0.577
vn 0.577 0.577 0.577
vn 0.577 0.577 0.577
vn 0.577 0.577 0.577
vn 0.577 0.577 0.577
vn 0.577 0.577 0.577
vn -0.577 -0.577 -0.577
vn -0.577 -0.577 -0.577
vn 0.577 0.577 0.577
vn 0.577 0.577 0.577
vn -0.577 -0.577 -0.577
vn -0.577 -0.577 -0.577
vn -0.577 -0.577 -0.577
vn -0.577 -0.577 -0.577
vn -0.577 -0.577 -0.577
vn 0.577 0.577 0.577
vn 0.577 0.577 0.577
vn -0.577 -0.577 -0.577
vn -0.577 -0.577 -0.577
vn -0.577 -0.577 -0.577
vn -0.577 -0.577 -0.577
vn -0.577 -0.577 -0.577
vn 0.577 0.577 0.577
vn 0.577 0.577 0.577
vn 0.577 0.577 0.577
vn 0.577 0.577 0.577
vn 0.577 0.577 0.577
vn 0.577 0.577 0.577
vn 0.577 0.577 0.577
vn 0.577 0.577 0.577
vn 0.615 0.573 0.542
vn 0.615 0.573 0.542
vn 0.613 0.577 0.540
vn 0.613 0.577 0.540
vn 0.620 0.572 0.537
vn 0.613 0.577 0.540
vn 0.612 0.585 0.532
vn 0.612 0.585 0.532
vn 0.577 0.577 0.577
vn 0.577 0.577 0.577
vn 0.577 0.577 0.577
vn 0.577 0.577 0.577
vn 0.577 0.577 0.577
vn 0.577 0.577 0.577
vn 0.577 0.577 0.577
vn 0.577 0.577 0.577
vn 0.577 0.577 0.577
vn 0.577 0.577 0.577
vn 0.577 0.577 0.577
vn 0.577 0.577 0.577
vn 0.577 0.577 0.577
vn 0.577 0.577 0.577
vn 0.577 0.577 0.577
vn 0.577 0.577 0.577
vn 0.577 0.577 0.577
vn 0.577 0.577 0.577
vn -0.577 -0.577 -0.577
vn -0.577 -0.577 -0.577
vn 0.577 0.577 0.577
vn 0.577 0.577 0.577
vn 0.577 0.577 0.577
vn 0.577 0.577 0.577
vn 0.577 0.577 0.577
vn 0.577 0.577 0.577
vn 0.577 0.577 0.577
vn 0.577 0.577 0.577
vn -0.577 -0.577 -0.577
vn -0.577 -0.577 -0.577
vn -0.577 -0.577 -0.577
vn -0.577 -0.577 -0.577
vn -0.577 -0.577 -0.577
vn -0.577 -0.577 -0.577
vn -0.577 -0.577 -0.577
vn -0.577 -0.577 -0.577
vn -0.577 -0.577 -0.577
vn -0.577 -0.577 -0.577
vn -0.577 -0.577 -0.577
vn -0.577 -0.577 -0.577
vn -0.577 -0.577 -0.577
vn -0.577 -0.577 -0.577
vn -0.577 -0.577 -0.577
vn -0.577 -0.577 -0.577
vn -0.577 -0.577 -0.577
vn -0.577 -0.577 -0.577
vn -0.577 -0.577 -0.577
vn -0.577 -0.577 -0.577
vn 0.577 0.577 0.577
vn 0.577 0.577 0.577
vn 0.577 0.577 0.577
vn 0.577 0.577 0.577
vn 0.577 0.577 0.577
vn 0.577 0.577 0.577
vn 0.577 0.577 0.577
vn 0.577 0.577 0.577
vn -0.577 -0.577 -0.577
vn -0.577 -0.577 -0.577
vn 0.577 0.577 0.577
vn 0.577 0.577 0.577
vn 0.577 0.577 0.577
vn 0.577 0.577 0.577
vn 0.577 0.577 0.577
vn 0.577 0.577 0.577
vn 0.577 0.577 0.577
vn 0.577 0.577 0.577
vn 0.577 0.577 0.577
vn 0.577 0.577 0.577
vn 0.577 0.577 0.577
vn 0.577 0.577 0.577
vn 0.577 0.577 0.577
vn 0.577 0.577 0.577
vn 0.577 0.577 0.577
vn 0.577 0.577 0.577
vn 0.577 0.577 0.577
vn 0.577 0.577 0.577
vn 0.577 0.577 0.577
vn 0.577 0.577 0.577
vn 0.577 0.577 0.577
vn 0.577 0.577 0.577
vn -0.577 -0.577 -0.577
vn -0.577 -0.577 -0.577
vn -0.577 -0.577 -0.577
vn -0.577 -0.577 -0.577
vn 0.577 0.577 0.577
vn 0.577 0.577 0.577
vn 0.577 0.577 0.577
vn 0.577 0.577 0.577
vn 0.577 0.577 0.577
vn 0.577 0.577 0.577
vn 0.577 0.577 0.577
vn 0.577 0.577 0.577
vn 0.577 0.577 0.577
vn 0.577 0.577 0.577
vn 0.577 0.577 0.577
vn 0.577 0.577 0.577
vn 0.577 0.577 0.577
vn 0.577 0.577 0.577
vn 0.577 0.577 0.577
vn 0.577 0.577 0.577
vn 0.577 0.577 0.577
vn 0.577 0.577 0.577
vn 0.577 0.577 0.577
vn 0.577 0.577 0.577
vn 0.577 0.577 0.577
vn 0.577 0.577 0.577
vn 0.577 0.577 0.577
vn 0.577 0.577 0.577
vn 0.577 0.577 0.577
vn 0.577 0.577 0.577
vn -0.577 -0.577 -0.577
vn -0.577 -0.577 -0.577
vn 0.577 0.577 0.577
vn 0.577 0.577 0.577
vn 0.577 0.577 0.577
vn 0.577 0.577 0.577
vn 0.577 0.577 0.577
vn 0.577 0.577 0.577
vn 0.577 0.577 0.577
vn 0.577 0.577 0.577
vn 0.577 0.577 0.577
vn 0.577 0.577 0.577
vn 0.577 0.577 0.577
vn 0.577 0.577 0.577
vn 0.577 0.577 0.577
vn 0.577 0.577 0.577
vn 0.577 0.577 0.577
vn 0.577 0.577 0.577
vn 0.577 0.577 0.577
vn 0.577 0.577 0.577
vn 0.577 0.577 0.577
vn 0.577 0.577 0.577
vn 0.577 0.577 0.577
vn 0.577 0.577 0.577
vn 0.577 0.577 0.577
vn 0.577 0.577 0.577
vn 0.577 0.577 0.577
vn 0.577 0.577 0.577
vn 0.577 0.577 0.577
vn 0.577 0.577 0.577
vn 0.577 0.577 0.577
vn 0.577 0.577 0.577
vn 0.577 0.577 0.577
vn 0.577 0.577 0.577
vn 0.577 0.577 0.577
vn 0.577 0.577 0.577
vn 0.577 0.577 0.577
vn 0.577 0.577 0.577
vn 0.577 0.577 0.577
vn 0.577 0.577 0.577
vn 0.627 0.614 0.480
vn 0.628 0.608 0.486
vn 0.631 0.599 0.492
vn 0.632 0.632 0.448
vn 0.648 0.574 0.501
vn 0.648 0.574 0.501
vn 0.648 0.574 0.501
vn 0.648 0.574 0.501
vn 0.649 0.574 0.499
vn 0.647 0.574 0.501
vn 0.642 0.577 0.504
vn 0.639 0.582 0.502
vn 0.577 0.577 0.577
vn 0.577 0.577 0.577
vn 0.577 0.577 0.577
vn 0.577 0.577 0.577
vn 0.577 0.577 0.577
vn 0.577 0.577 0.577
vn 0.577 0.577 0.577
vn 0.577 0.577 0.577
vn 0.577 0.577 0.577
vn 0.577 0.577 0.577
vn 0.577 0.577 0.577
vn 0.577 0.577 0.577
vn 0.577 0.577 0.577
vn 0.577 0.577 0.577
vn 0.577 0.577 0.577
vn 0.577 0.577 0.577
vn 0.577 0.577 0.577
vn 0.577 0.577 0.577
vn 0.577 0.577 0.577
vn 0.577 0.577 0.577
vn 0.577 0.577 0.577
vn 0.577 0.577 0.577
vn 0.577 0.577 0.577
vn 0.577 0.577 0.577
vn 0.577 0.577 0.577
vn 0.577 0.577 0.577
vn 0.577 0.577 0.577
vn -0.577 -0.577 -0.577
vn 0.577 0.577 0.577
vn 0.577 0.577 0.577
vn 0.577 0.577 0.577
vn 0.577 0.577 0.577
vn 0.577 0.577 0.577
vn -0.577 -0.577 -0.577
vn 0.577 0.577 0.577
vn 0.577 0.577 0.577
vn 0.577 0.577 0.577
vn 0.577 0.577 0.577
vn 0.577 0.577 0.577
vn 0.577 0.577 0.577
vn 0.613 0.583 0.533
vn 0.607 0.584 0.538
vn 0.612 0.585 0.532
vn 0.620 0.572 0.537
vn 0.613 0.577 0.541
vn 0.613 0.577 0.541
vn 0.613 0.577 0.541
vn 0.613 0.577 0.541
vn 0.577 0.577 0.577
vn 0.577 0.577 0.577
vn 0.577 0.577 0.577
vn 0.577 0.577 0.577
vn 0.577 0.577 0.577
vn 0.577 0.577 0.577
vn 0.577 0.577 0.577
vn 0.577 0.577 0.577
vn 0.577 0.577 0.577
vn 0.577 0.577 0.577
vn 0.577 0.577 0.577
vn 0.577 0.577 0.577
vn 0.577 0.577 0.577
vn 0.577 0.577 0.577
vn 0.577 0.577 0.577
vn 0.577 0.577 0.577
vn 0.577 0.577 0.577
vn 0.577 0.577 0.577
vn 0.577 0.577 0.577
vn 0.577 0.577 0.577
vn 0.577 0.577 0.577
vn 0.577 0.577 0.577
vn 0.577 0.577 0.577
vn 0.577 0.577 0.577
vn 0.577 0.577 0.577
vn 0.577 0.577 0.577
vn 0.577 0.577 0.577
vn 0.577 0.577 0.577
vn 0.577 0.577 0.577
vn 0.577 0.577 0.577
vn 0.577 0.577 0.577
vn 0.577 0.577 0.577
vn 0.577 0.577 0.577
vn 0.577 0.577 0.577
vn -0.577 -0.577 -0.577
vn -0.577 -0.577 -0.577
vn 0.620 0.620 0.481
vn 0.620 0.620 0.481
vn 0.620 0.620 0.481
vn 0.620 0.620 0.481
vn 0.620 0.620 0.481
vn 0.634 0.634 0.444
vn 0.619 0.619 0.484
vn 0.620 0.620 0.480
vn 0.621 0.621 0.478
vn 0.614 0.627 0.480
vn 0.607 0.626 0.489
vn 0.619 0.619 0.483
vn 0.577 0.577 0.577
vn 0.577 0.577 0.577
vn 0.577 0.577 0.577
vn 0.577 0.577 0.577
vn 0.577 0.577 0.577
vn 0.577 0.577 0.577
vn 0.577 0.577 0.577
vn -0.577 -0.577 -0.577
vn -0.577 -0.577 -0.577
vn 0.577 0.577 0.577
vn -0.577 -0.577 -0.577
vn -0.577 -0.577 -0.577
vn 0.577 0.577 0.577
vn 0.577 0.577 0.577
vn 0.577 0.577 0.577
vn 0.577 0.577 0.577
vn 0.577 0.577 0.577
vn 0.577 0.577 0.577
vn -0.577 -0.577 -0.577
vn -0.577 -0.577 -0.577
vn -0.577 -0.577 -0.577
vn -0.577 -0.577 -0.577
vn 0.577 0.577 0.577
vn 0.577 0.577 0.577
vn 0.577 0.577 0.577
vn 0.577 0.577 0.577
vn 0.577 0.577 0.577
vn 0.577 0.577 0.577
vn 0.577 0.577 0.577
vn 0.577 0.577 0.577
vn 0.577 0.577 0.577
vn 0.577 0.577 0.577
vn 0.577 0.577 0.577
vn -0.577 -0.577 -0.577
vn -0.577 -0.577 -0.577
vn 0.577 0.577 0.577
vn -0.577 -0.577 -0.577
vn -0.577 -0.577 -0.577
vn 0.577 0.577 0.577
vn 0.577 0.577 0.577
vn 0.577 0.577 0.577
vn 0.577 0.577 0.577
vn -0.577 -0.577 -0.577
vn -0.577 -0.577 -0.577
vn -0.577 -0.577 -0.577
vn 0.577 0.577 0.577
vn 0.577 0.577 0.577
vn -0.577 -0.577 -0.577
vn 0.577 0.577 0.577
vn 0.577 0.577 0.577
vn 0.577 0.577 0.577
vn 0.577 0.577 0.577
vn 0.577 0.577 0.577
vn 0.577 0.577 0.577
vn 0.577 0.577 0.577
vn 0.577 0.577 0.577
vn 0.577 0.577 0.577
vn 0.577 0.577 0.577
vn -0.577 -0.577 -0.577
vn -0.577 -0.577 -0.577
vn 0.577 0.577 0.577
vn 0.577 0.577 0.577
vn 0.577 0.577 0.577
vn 0.577 0.577 0.577
vn -0.577 -0.577 -0.577
vn -0.577 -0.577 -0.577
vn -0.577 -0.577 -0.577
vn -0.577 -0.577 -0.577
vn -0.577 -0.577 -0.577
vn -0.577 -0.577 -0.577
vn 0.577 0.577 0.577
vn 0.577 0.577 0.577
vn 0.577 0.577 0.577
vn 0.577 0.577 0.577
vn 0.577 0.577 0.577
vn 0.577 0.577 0.577
vn 0.577 0.577 0.577
vn 0.577 0.577 0.577
vn 0.577 0.577 0.577
vn 0.577 0.577 0.577
vn 0.577 0.577 0.577
vn 0.577 0.577 0.577
vn 0.577 0.577 0.577
vn 0.577 0.577 0.577
vn 0.577 0.577 0.577
vn 0.577 0.577 0.577
vn 0.626 0.607 0.489
vn 0.637 0.588 0.498
vn 0.628 0.611 0.482
vn 0.629 0.608 0.484
vn 0.648 0.574 0.501
vn 0.648 0.574 0.501
vn 0.648 0.574 0.501
vn 0.648 0.574 0.501
vn 0.652 0.574 0.496
vn 0.643 0.577 0.503
vn 0.643 0.577 0.504
vn 0.675 0.593 0.439
vn 0.622 0.622 0.477
vn 0.622 0.622 0.477
vn 0.622 0.622 0.477
vn 0.622 0.622 0.477
vn 0.621 0.621 0.479
vn -0.520 -0.520 0.677
vn 0.621 0.621 0.479
vn 0.621 0.621 0.479
vn 0.621 0.621 0.479
vn 0.621 0.621 0.479
vn 0.620 0.620 0.480
vn 0.621 0.621 0.479
vn 0.634 0.634 0.441
vn 0.620 0.620 0.481
vn 0.620 0.620 0.482
vn 0.628 0.611 0.482
vn 0.577 0.577 0.577
vn 0.577 0.577 0.577
vn 0.577 0.577 0.577
vn 0.577 0.577 0.577
vn 0.615 0.586 0.527
vn 0.612 0.585 0.532
vn 0.613 0.577 0.540
vn 0.614 0.572 0.544
vn 0.613 0.577 0.541
vn 0.613 0.577 0.541
vn 0.613 0.577 0.541
vn 0.613 0.577 0.541
vn 0.577 0.577 0.577
vn 0.577 0.577 0.577
vn 0.577 0.577 0.577
vn 0.577 0.577 0.577
vn 0.577 0.577 0.577
vn 0.577 0.577 0.577
vn 0.577 0.577 0.577
vn 0.577 0.577 0.577
vn 0.577 0.577 0.577
vn 0.577 0.577 0.577
vn 0.577 0.577 0.577
vn 0.577 0.577 0.577
vn 0.577 0.577 0.577
vn 0.577 0.577 0.577
vn 0.577 0.577 0.577
vn 0.577 0.577 0.577
vn 0.577 0.577 0.577
vn 0.577 0.577 0.577
vn 0.577 0.577 0.577
vn 0.577 0.577 0.577
vn 0.577 0.577 0.577
vn 0.577 0.577 0.577
vn 0.577 0.577 0.577
vn 0.577 0.577 0.577
vn 0.577 0.577 0.577
vn 0.577 0.577 0.577
vn 0.577 0.577 0.577
vn 0.577 0.577 0.577
vn 0.577 0.577 0.577
vn 0.577 0.577 0.577
vn 0.577 0.577 0.577
vn 0.577 0.577 0.577
vn 0.577 0.577 0.577
vn 0.577 0.577 0.577
vn 0.577 0.577 0.577
vn 0.577 0.577 0.577
vn 0.577 0.577 0.577
vn 0.577 0.577 0.577
vn 0.577 0.577 0.577
vn 0.577 0.577 0.577
vn -0.577 -0.577 -0.577
vn -0.577 -0.577 -0.577
vn -0.577 -0.577 -0.577
vn -0.577 -0.577 -0.577
vn -0.577 -0.577 -0.577
vn -0.577 -0.577 -0.577
vn -0.577 -0.577 -0.577
vn -0.577 -0.577 -0.577
vn 0.577 0.577 0.577
vn 0.577 0.577 0.577
vn 0.577 0.577 0.577
vn 0.577 0.577 0.577
vn 0.577 0.577 0.577
vn 0.577 0.577 0.577
vn 0.577 0.577 0.577
vn 0.577 0.577 0.577
vn 0.577 0.577 0.577
vn 0.577 0.577 0.577
vn 0.577 0.577 0.577
vn 0.577 0.577 0.577
vn 0.577 0.577 0.577
vn 0.577 0.577 0.577
vn 0.577 0.577 0.577
vn 0.577 0.577 0.577
vn 0.577 0.577 0.577
vn 0.577 0.577 0.577
vn 0.577 0.577 0.577
vn 0.577 0.577 0.577
vn 0.577 0.577 0.577
vn 0.577 0.577 0.577
vn 0.577 0.577 0.577
vn 0.577 0.577 0.577
vn 0.577 0.577 0.577
vn 0.577 0.577 0.577
vn -0.577 -0.577 -0.577
vn -0.577 -0.577 -0.577
vn 0.577 0.577 0.577
vn 0.577 0.577 0.577
vn -0.577 -0.577 -0.577
vn -0.577 -0.577 -0.577
vn 0.577 0.577 0.577
vn 0.577 0.577 0.577
vn 0.577 0.577 0.577
vn 0.577 0.577 0.577
vn 0.577 0.577 0.577
vn 0.577 0.577 0.577
vn 0.577 0.577 0.577
vn 0.577 0.577 0.577
vn 0.577 0.577 0.577
vn 0.577 0.577 0.577
vn 0.577 0.577 0.577
vn 0.577 0.577 0.577
vn 0.577 0.577 0.577
vn 0.577 0.577 0.577
vn 0.577 0.577 0.577
vn 0.577 0.577 0.577
vn 0.577 0.577 0.577
vn 0.577 0.577 0.577
vn 0.577 0.577 0.577
vn 0.577 0.577 0.577
vn 0.577 0.577 0.577
vn 0.577 0.577 0.577
vn 0.577 0.577 0.577
vn 0.577 0.577 0.577
vn 0.577 0.577 0.577
vn 0.577 0.577 0.577
vn 0.577 0.577 0.577
vn 0.577 0.577 0.577
vn 0.577 0.577 0.577
vn 0.577 0.577 0.577
vn 0.577 0.577 0.577
vn 0.577 0.577 0.577
vn 0.577 0.577 0.577
vn 0.577 0.577 0.577
vn 0.577 0.577 0.577
vn 0.577 0.577 0.577
vn 0.577 0.577 0.577
vn 0.577 0.577 0.577
vn 0.577 0.577 0.577
vn 0.577 0.577 0.577
vn 0.577 0.577 0.577
vn 0.577 0.577 0.577
vn 0.577 0.577 0.577
vn 0.577 0.577 0.577
vn 0.577 0.577 0.577
vn 0.577 0.577 0.577
vn 0.577 0.577 0.577
vn 0.577 0.577 0.577
vn -0.577 -0.577 -0.577
vn -0.577 -0.577 -0.577
vn -0.577 -0.577 -0.577
vn -0.577 -0.577 -0.577
vn -0.577 -0.577 -0.577
vn 0.577 0.577 0.577
vn 0.577 0.577 0.577
vn 0.577 0.577 0.577
vn 0.577 0.577 0.577
vn 0.577 0.577 0.577
vn 0.577 0.577 0.577
vn 0.577 0.577 0.577
vn 0.577 0.577 0.577
vn -0.577 -0.577 -0.577
vn -0.577 -0.577 -0.577
vn -0.577 -0.577 -0.577
vn -0.577 -0.577 -0.577
vn 0.577 0.577 0.577
vn 0.577 0.577 0.577
vn 0.577 0.577 0.577
vn -0.577 -0.577 -0.577
vn -0.577 -0.577 -0.577
vn -0.577 -0.577 -0.577
vn 0.577 0.577 0.577
vn 0.620 0.620 0.481
vn 0.620 0.620 0.481
vn 0.620 0.620 0.481
vn 0.620 0.620 0.481
vn -0.577 -0.577 -0.577
vn -0.577 -0.577 -0.577
vn -0.577 -0.577 -0.577
vn -0.577 -0.577 -0.577
vn 0.577 0.577 0.577
vn 0.577 0.577 0.577
vn 0.577 0.577 0.577
vn 0.577 0.577 0.577
vn 0.577 0.577 0.577
vn 0.577 0.577 0.577
vn 0.577 0.577 0.577
vn 0.577 0.577 0.577
vn 0.577 0.577 0.577
vn 0.577 0.577 0.577
vn 0.577 0.577 0.577
vn 0.577 0.577 0.577
vn 0.577 0.577 0.577
vn 0.577 0.577 0.577
vn 0.577 0.577 0.577
vn 0.577 0.577 0.577
vn 0.577 0.577 0.577
vn 0.577 0.577 0.577
vn -0.577 -0.577 -0.577
vn -0.577 -0.577 -0.577
vn 0.577 0.577 0.577
vn 0.577 0.577 0.577
vn 0.577 0.577 0.577
vn -0.577 -0.577 -0.577
vn 0.577 0.577 0.577
vn 0.577 0.577 0.577
vn -0.577 -0.577 -0.577
vn -0.577 -0.577 -0.577
vn -0.577 -0.577 -0.577
vn -0.577 -0.577 -0.577
vn -0.577 -0.577 -0.577
vn -0.577 -0.577 -0.577
vn -0.577 -0.577 -0.577
vn -0.577 -0.577 -0.577
vn -0.577 -0.577 -0.577
vn -0.577 -0.577 -0.577
vn -0.577 -0.577 -0.577
vn -0.577 -0.577 -0.577
vn -0.577 -0.577 -0.577
vn 0.577 0.577 0.577
vn 0.577 0.577 0.577
vn 0.577 0.577 0.577
vn 0.577 0.577 0.577
vn 0.577 0.577 0.577
vn 0.577 0.577 0.577
vn 0.577 0.577 0.577
vn 0.577 0.577 0.577
vn 0.577 0.577 0.577
vn 0.577 0.577 0.577
vn 0.577 0.577 0.577
vn 0.577 0.577 0.577
vn 0.577 0.577 0.577
vn 0.577 0.577 0.577
vn 0.577 0.577 0.577
vn 0.577 0.577 0.577
vn 0.577 0.577 0.577
vn 0.577 0.577 0.577
vn 0.577 0.577 0.577
vn 0.577 0.577 0.577
vn 0.577 0.577 0.577
vn 0.577 0.577 0.577
vn 0.577 0.577 0.577
vn 0.577 0.577 0.577
vn -0.577 -0.577 -0.577
vn -0.577 -0.577 -0.577
vn -0.577 -0.577 -0.577
vn -0.577 -0.577 -0.577
vn -0.577 -0.577 -0.577
vn -0.577 -0.577 -0.577
vn -0.577 -0.577 -0.577
vn 0.577 0.577 0.577
vn 0.577 0.577 0.577
vn 0.577 0.577 0.577
vn 0.577 0.577 0.577
vn 0.577 0.577 0.577
vn 0.577 0.577 0.577
vn 0.577 0.577 0.577
vn 0.577 0.577 0.577
vn 0.577 0.577 0.577
vn 0.577 0.577 0.577
vn 0.577 0.577 0.577
vn 0.577 0.577 0.577
vn -0.577 -0.577 -0.577
vn -0.577 -0.577 -0.577
vn -0.577 -0.577 -0.577
vn -0.577 -0.577 -0.577
vn 0.577 0.577 0.577
vn -0.577 -0.577 -0.577
vn -0.577 -0.577 -0.577
vn -0.577 -0.577 -0.577
vn 0.577 0.577 0.577
vn 0.577 0.577 0.577
vn 0.577 0.577 0.577
vn 0.577 0.577 0.577
vn -0.577 -0.577 -0.577
vn -0.577 -0.577 -0.577
vn -0.577 -0.577 -0.577
vn -0.577 -0.577 -0.577
vn -0.577 -0.577 -0.577
vn -0.577 -0.577 -0.577
vn -0.577 -0.577 -0.577
vn -0.577 -0.577 -0.577
vn -0.577 -0.577 -0.577
vn -0.577 -0.577 -0.577
vn -0.577 -0.577 -0.577
vn -0.577 -0.577 -0.577
vn -0.577 -0.577 -0.577
vn -0.577 -0.577 -0.577
vn -0.577 -0.577 -0.577
vn -0.577 -0.577 -0.577
vn 0.577 0.577 0.577
vn 0.577 0.577 0.577
vn 0.577 0.577 0.577
vn 0.577 0.577 0.577
vn 0.577 0.577 0.577
vn 0.577 0.577 0.577
vn 0.577 0.577 0.577
vn 0.577 0.577 0.577
vn -0.577 -0.577 -0.577
vn -0.577 -0.577 -0.577
vn -0.577 -0.577 -0.577
vn -0.577 -0.577 -0.577
vn -0.577 -0.577 -0.577
vn -0.577 -0.577 -0.577
vn -0.577 -0.577 -0.577
vn -0.577 -0.577 -0.577
vn 0.577 0.577 0.577
vn 0.577 0.577 0.577
vn 0.577 0.577 0.577
vn 0.577 0.577 0.577
vn 0.577 0.577 0.577
vn 0.577 0.577 0.577
vn 0.577 0.577 0.577
vn 0.577 0.577 0.577
vn 0.577 0.577 0.577
vn 0.577 0.577 0.577
vn 0.577 0.577 0.577
vn 0.577 0.577 0.577
vn 0.577 0.577 0.577
vn 0.577 0.577 0.577
vn 0.577 0.577 0.577
vn 0.577 0.577 0.577
vn -0.577 -0.577 -0.577
vn -0.577 -0.577 -0.577
vn -0.577 -0.577 -0.577
vn -0.577 -0.577 -0.577
vn -0.577 -0.577 -0.577
vn -0.577 -0.577 -0.577
vn -0.577 -0.577 -0.577
vn -0.577 -0.577 -0.577
vn -0.577 -0.577 -0.577
vn -0.577 -0.577 -0.577
vn -0.577 -0.577 -0.577
vn -0.577 -0.577 -0.577
vn -0.577 -0.577 -0.577
vn -0.577 -0.577 -0.577
vn 0.577 0.577 0.577
vn 0.577 0.577 0.577
vn -0.577 -0.577 -0.577
vn -0.577 -0.577 -0.577
vn -0.577 -0.577 -0.577
vn -0.577 -0.577 -0.577
vn -0.577 -0.577 -0.577
vn -0.577 -0.577 -0.577
vn 0.577 0.577 0.577
vn -0.577 -0.577 -0.577
vn 0.577 0.577 0.577
vn -0.577 -0.577 -0.577
vn -0.577 -0.577 -0.577
vn -0.577 -0.577 -0.577
vn -0.577 -0.577 -0.577
vn -0.577 -0.577 -0.577
vn -0.577 -0.577 -0.577
vn 0.577 0.577 0.577
vn -0.577 -0.577 -0.577
vn -0.577 -0.577 -0.577
vn -0.577 -0.577 -0.577
vn -0.577 -0.577 -0.577
vn -0.577 -0.577 -0.577
vn -0.577 -0.577 -0.577
vn -0.577 -0.577 -0.577
vn -0.577 -0.577 -0.577
vn -0.577 -0.577 -0.577
vn -0.577 -0.577 -0.577
vn -0.577 -0.577 -0.577
vn -0.577 -0.577 -0.577
vn 0.577 0.577 0.577
vn 0.577 0.577 0.577
vn 0.577 0.577 0.577
vn 0.577 0.577 0.577
vn 0.577 0.577 0.577
vn 0.577 0.577 0.577
vn 0.577 0.577 0.577
vn 0.577 0.577 0.577
vn -0.577 -0.577 -0.577
vn 0.577 0.577 0.577
vn -0.577 -0.577 -0.577
vn -0.577 -0.577 -0.577
vn 0.577 0.577 0.577
vn -0.577 -0.577 -0.577
vn -0.577 -0.577 -0.577
vn 0.577 0.577 0.577
vn 0.577 0.577 0.577
vn 0.577 0.577 0.577
vn 0.577 0.577 0.577
vn 0.577 0.577 0.577
vn -0.577 -0.577 -0.577
vn 0.577 0.577 0.577
vn 0.577 0.577 0.577
vn -0.577 -0.577 -0.577
vn 0.577 0.577 0.577
vn -0.577 -0.577 -0.577
vn -0.577 -0.577 -0.577
vn 0.577 0.577 0.577
vn 0.577 0.577 0.577
vn 0.577 0.577 0.577
vn 0.577 0.577 0.577
vn 0.577 0.577 0.577
vn -0.577 -0.577 -0.577
vn 0.577 0.577 0.577
vn 0.577 0.577 0.577
vn -0.577 -0.577 -0.577
vn 0.577 0.577 0.577
vn -0.577 -0.577 -0.577
vn -0.577 -0.577 -0.577
vn 0.577 0.577 0.577
vn -0.577 -0.577 -0.577
vn -0.577 -0.577 -0.577
vn -0.577 -0.577 -0.577
vn -0.577 -0.577 -0.577
vn -0.577 -0.577 -0.577
vn -0.577 -0.577 -0.577
vn -0.577 -0.577 -0.577
vn -0.577 -0.577 -0.577
vn 0.577 0.577 0.577
vn 0.577 0.577 0.577
vn 0.577 0.577 0.577
vn 0.577 0.577 0.577
vn 0.577 0.577 0.577
vn 0.577 0.577 0.577
vn 0.577 0.577 0.577
vn 0.577 0.577 0.577
vn -0.577 -0.577 -0.577
vn -0.577 -0.577 -0.577
vn -0.577 -0.577 -0.577
vn -0.577 -0.577 -0.577
vn -0.577 -0.577 -0.577
vn 0.577 0.577 0.577
vn -0.577 -0.577 -0.577
vn -0.577 -0.577 -0.577
vn -0.577 -0.577 -0.577
vn -0.577 -0.577 -0.577
vn -0.577 -0.577 -0.577
vn -0.577 -0.577 -0.577
vn -0.577 -0.577 -0.577
vn -0.577 -0.577 -0.577
vn -0.577 -0.577 -0.577
vn -0.577 -0.577 -0.577
vn -0.577 -0.577 -0.577
vn -0.577 -0.577 -0.577
vn -0.577 -0.577 -0.577
vn -0.577 -0.577 -0.577
vn -0.577 -0.577 -0.577
vn -0.577 -0.577 -0.577
vn -0.577 -0.577 -0.577
vn -0.577 -0.577 -0.577
vn -0.577 -0.577 -0.577
vn -0.577 -0.577 -0.577
vn -0.577 -0.577 -0.577
vn -0.577 -0.577 -0.577
vn -0.577 -0.577 -0.577
vn -0.577 -0.577 -0.577
vn -0.577 -0.577 -0.577
vn -0.577 -0.577 -0.577
vn -0.577 -0.577 -0.577
vn -0.577 -0.577 -0.577
vn -0.577 -0.577 -0.577
vn -0.577 -0.577 -0.577
vn -0.577 -0.577 -0.577
vn -0.577 -0.577 -0.577
vn -0.577 -0.577 -0.577
vn -0.577 -0.577 -0.577
vn -0.577 -0.577 -0.577
vn -0.577 -0.577 -0.577
vn -0.577 -0.577 -0.577
vn -0.577 -0.577 -0.577
vn -0.577 -0.577 -0.577
vn -0.577 -0.577 -0.577
vn -0.577 -0.577 -0.577
vn -0.577 -0.577 -0.577
vn -0.577 -0.577 -0.577
vn -0.577 -0.577 -0.577
vn -0.577 -0.577 -0.577
vn -0.577 -0.577 -0.577
vn -0.577 -0.577 -0.577
vn -0.577 -0.577 -0.577
vn -0.577 -0.577 -0.577
vn -0.577 -0.577 -0.577
vn -0.577 -0.577 -0.577
vn -0.577 -0.577 -0.577
vn -0.577 -0.577 -0.577
vn -0.577 -0.577 -0.577
vn -0.577 -0.577 -0.577
vn -0.577 -0.577 -0.577
vn -0.577 -0.577 -0.577
vn -0.577 -0.577 -0.577
vn -0.577 -0.577 -0.577
vn -0.577 -0.577 -0.577
vn -0.577 -0.577 -0.577
vn -0.577 -0.577 -0.577
vn -0.577 -0.577 -0.577
vn -0.577 -0.577 -0.577
vn -0.577 -0.577 -0.577
vn -0.577 -0.577 -0.577
vn 0.577 0.577 0.577
vn 0.577 0.577 0.577
vn 0.577 0.577 0.577
vn 0.577 0.577 0.577
vn 0.577 0.577 0.577
vn 0.577 0.577 0.577
vn 0.577 0.577 0.577
vn 0.577 0.577 0.577
vn -0.577 -0.577 -0.577
vn -0.577 -0.577 -0.577
vn -0.577 -0.577 -0.577
vn -0.577 -0.577 -0.577
vn -0.577 -0.577 -0.577
vn -0.577 -0.577 -0.577
vn -0.577 -0.577 -0.577
vn -0.577 -0.577 -0.577
vn -0.577 -0.577 -0.577
vn -0.577 -0.577 -0.577
vn -0.577 -0.577 -0.577
vn -0.577 -0.577 -0.577
vn -0.577 -0.577 -0.577
vn -0.577 -0.577 -0.577
vn -0.577 -0.577 -0.577
vn -0.577 -0.577 -0.577
vn -0.577 -0.577 -0.577
vn -0.577 -0.577 -0.577
vn -0.577 -0.577 -0.577
vn -0.577 -0.577 -0.577
vn -0.577 -0.577 -0.577
vn -0.577 -0.577 -0.577
vn -0.577 -0.577 -0.577
vn -0.577 -0.577 -0.577
vn 0.577 0.577 0.577
vn 0.577 0.577 0.577
vn 0.577 0.577 0.577
vn 0.577 0.577 0.577
vn 0.577 0.577 0.577
vn 0.577 0.577 0.577
vn 0.577 0.577 0.577
vn 0.577 0.577 0.577
vn -0.577 -0.577 -0.577
vn -0.577 -0.577 -0.577
vn -0.577 -0.577 -0.577
vn -0.577 -0.577 -0.577
vn -0.577 -0.577 -0.577
vn -0.577 -0.577 -0.577
vn -0.577 -0.577 -0.577
vn -0.577 -0.577 -0.577
vn 0.577 0.577 0.577
vn 0.577 0.577 0.577
vn 0.577 0.577 0.577
vn 0.577 0.577 0.577
vn -0.577 -0.577 -0.577
vn -0.577 -0.577 -0.577
vn -0.577 -0.577 -0.577
vn -0.577 -0.577 -0.577
vn 0.577 0.577 0.577
vn 0.577 0.577 0.577
vn 0.577 0.577 0.577
vn 0.577 0.577 0.577
vn -0.577 -0.577 -0.577
vn 0.577 0.577 0.577
vn 0.577 0.577 0.577
vn 0.577 0.577 0.577
vn 0.577 0.577 0.577
vn -0.577 -0.577 -0.577
vn 0.577 0.577 0.577
vn 0.577 0.577 0.577
vn 0.577 0.577 0.577
vn 0.577 0.577 0.577
vn 0.577 0.577 0.577
vn 0.577 0.577 0.577
usemtl tex_20_lit_ds
f 1/1/1 2/2/2 3/3/3
f 4/4/4 5/5/5 2/2/2
f 2/2/2 1/1/1 4/4/4
f 6/6/6 7/7/7 5/5/5
f 8/8/8 9/9/9 7/7/7
f 7/7/7 6/6/6 8/8/8
f 10/10/10 11/6/11 12/4/12
f 6/6/6 5/5/5 4/4/4
f 13/11/13 14/12/14 15/13/15
f 16/14/16 17/15/17 18/12/18
f 18/12/18 19/11/19 16/14/16
f 20/16/20 21/17/21 17/15/17
f 22/18/22 23/19/23 21/17/21
f 21/17/21 20/16/20 22/18/22
f 24/20/24 25/16/25 26/14/26
f 20/16/20 17/15/17 16/14/16
f 27/21/27 22/18/22 28/22/28
f 23/19/23 22/18/22 27/21/27
usemtl tex_2369_lit_ds
f 29/23/29 30/24/30 31/25/31
f 32/23/32 33/25/33 34/26/34
f 35/27/35 36/28/36 37/29/37
f 35/27/35 37/29/37 38/30/38
f 38/30/38 37/29/37 39/31/39
f 38/30/38 39/31/39 40/32/40
f 41/33/41 42/34/42 43/28/43
f 41/33/41 43/28/43 44/27/44
f 45/35/45 46/36/46 47/37/47
f 48/35/48 49/37/49 50/38/50
f 51/39/51 52/40/52 53/41/53
f 51/39/51 53/41/53 54/42/54
f 55/43/55 56/44/56 57/45/57
f 55/43/55 57/45/57 58/46/58
usemtl tex_1048_lit_ds
f 59/47/59 60/48/60 61/49/61
f 59/47/59 61/49/61 62/50/62
f 63/51/63 64/52/64 65/53/65
f 63/51/63 65/53/65 66/54/66
f 67/55/67 68/56/68 69/57/69
f 67/55/67 69/57/69 70/58/70
f 71/59/71 72/60/72 73/61/73
f 71/59/71 73/61/73 74/62/74
f 75/63/75 76/64/76 77/65/77
f 75/63/75 77/65/77 78/66/78
f 79/67/79 80/68/80 81/69/81
f 79/67/79 81/69/81 82/70/82
f 83/71/83 84/72/84 85/73/85
f 83/71/83 85/73/85 86/74/86
f 87/75/87 88/76/88 89/77/89
f 87/75/87 89/77/89 90/78/90
f 91/79/91 92/80/92 93/81/93
f 91/79/91 93/81/93 94/82/94
f 95/83/95 96/84/96 97/85/97
f 95/83/95 97/85/97 98/86/98
f 99/87/99 100/88/100 101/89/101
f 99/87/99 101/89/101 102/90/102
f 103/91/103 104/92/104 105/93/105
f 103/91/103 105/93/105 106/94/106
f 107/95/107 108/96/108 109/97/109
f 107/95/107 109/97/109 110/98/110
f 111/99/111 112/100/112 113/101/113
f 111/99/111 113/101/113 114/102/114
f 115/50/115 116/49/116 117/103/117
f 115/50/115 117/103/117 118/104/118
f 119/54/119 120/53/120 121/105/121
f 119/54/119 121/105/121 122/106/122
f 123/58/123 124/57/124 125/107/125
f 123/58/123 125/107/125 126/108/126
f 127/62/127 128/61/128 129/109/129
f 127/62/127 129/109/129 130/110/130
f 131/64/131 132/111/132 133/112/133
f 131/64/131 133/112/133 134/65/134
f 135/68/135 136/113/136 137/114/137
f 135/68/135 137/114/137 138/69/138
f 139/72/139 140/115/140 141/116/141
f 139/72/139 141/116/141 142/73/142
f 143/117/143 144/118/144 145/119/145
f 143/117/143 145/119/145 146/120/146
usemtl tex_1048_lit_ds_ovl
f 147/121/147 148/122/148 149/123/149
f 147/121/147 149/123/149 150/124/150
usemtl tex_1048_lit_ds
f 151/125/151 152/126/152 153/127/153
f 151/125/151 153/127/153 154/128/154
usemtl tex_1048_lit_ds_ovl
f 155/129/155 156/130/156 157/131/157
f 155/129/155 157/131/157 158/132/158
usemtl tex_1048_lit_ds
f 159/133/159 160/134/160 161/135/161
f 159/133/159 161/135/161 162/136/162
usemtl tex_1048_lit_ds_ovl
f 163/137/163 164/138/164 165/139/165
f 163/137/163 165/139/165 166/140/166
usemtl tex_373_lit_ds
f 167/141/167 168/142/168 169/143/169
f 167/141/167 169/143/169 170/144/170
usemtl tex_373_lit_ds_ovl
f 171/145/171 172/146/172 173/147/173
f 171/145/171 173/147/173 174/148/174
usemtl tex_373_lit_ds
f 175/149/175 176/150/176 177/151/177
f 175/149/175 177/151/177 178/152/178
f 179/153/179 180/154/180 181/155/181
f 179/153/179 181/155/181 182/156/182
f 183/157/183 184/158/184 185/159/185
f 183/157/183 185/159/185 186/160/186
f 187/161/187 188/162/188 189/163/189
f 187/161/187 189/163/189 190/164/190
f 191/164/191 192/163/192 193/165/193
f 191/164/191 193/165/193 194/166/194
f 195/167/195 196/168/196 197/169/197
f 195/167/195 197/169/197 198/170/198
f 199/171/199 200/172/200 201/162/201
f 199/171/199 201/162/201 202/161/202
f 203/173/203 204/174/204 205/168/205
f 203/173/203 205/168/205 206/167/206
f 207/175/207 208/176/208 209/177/209
f 207/175/207 209/177/209 210/178/210
f 211/179/211 212/180/212 213/181/213
f 211/179/211 213/181/213 214/182/214
f 215/178/215 216/177/216 217/183/217
f 215/178/215 217/183/217 218/184/218
f 219/185/219 220/186/220 221/187/221
f 219/185/219 221/187/221 222/188/222
f 223/189/223 224/190/224 225/191/225
f 223/189/223 225/191/225 226/192/226
f 227/193/227 228/194/228 229/195/229
f 227/193/227 229/195/229 230/196/230
usemtl tex_374_lit_ds
f 231/197/231 232/198/232 233/199/233
f 231/197/231 233/199/233 234/200/234
usemtl tex_374_lit_ds_ovl
f 235/201/235 236/202/236 237/203/237
f 235/201/235 237/203/237 238/204/238
usemtl tex_374_lit_ds
f 239/205/239 240/206/240 241/207/241
f 239/205/239 241/207/241 242/208/242
f 243/209/243 242/208/242 241/207/241
f 243/209/243 241/207/241 244/210/244
f 245/211/245 246/212/246 247/213/247
f 245/211/245 247/213/247 248/214/248
f 249/214/249 250/213/250 251/215/251
f 249/214/249 251/215/251 252/216/252
f 252/216/252 251/215/251 253/217/253
f 252/216/252 253/217/253 254/218/254
f 255/219/255 256/220/256 257/206/257
f 255/219/255 257/206/257 258/205/258
usemtl tex_375_lit_ds
f 259/221/259 260/222/260 261/223/261
f 259/221/259 261/223/261 262/224/262
usemtl tex_375_lit_ds_ovl
f 263/225/263 264/226/264 265/227/265
f 263/225/263 265/227/265 266/9/266
usemtl tex_375_lit_ds
f 267/228/267 268/229/268 269/230/269
f 267/228/267 269/230/269 270/231/270
usemtl tex_375_lit_ds_ovl
f 271/232/271 272/233/272 273/234/273
f 271/232/271 273/234/273 274/235/274
f 275/236/275 276/237/276 277/238/277
f 275/236/275 277/238/277 278/239/278
f 278/239/278 277/238/277 279/240/279
f 278/239/278 279/240/279 280/241/280
f 281/242/281 282/243/282 283/237/283
f 281/242/281 283/237/283 284/236/284
f 285/244/285 286/245/286 287/246/287
f 285/244/285 287/246/287 288/247/288
f 289/248/289 290/249/290 291/250/291
f 289/248/289 291/250/291 292/251/292
f 293/245/293 294/252/294 295/253/295
f 293/245/293 295/253/295 296/246/296
f 297/254/297 298/255/298 299/256/299
f 297/254/297 299/256/299 300/257/300
f 301/258/301 302/259/302 303/260/303
f 301/258/301 303/260/303 304/261/304
f 305/262/305 306/263/306 307/264/307
f 305/262/305 307/264/307 308/265/308
usemtl tex_309_lit_ds_ovl
f 309/266/309 310/267/310 311/268/311
f 309/266/309 311/268/311 312/269/312
f 313/270/313 314/271/314 315/272/315
f 313/270/313 315/272/315 316/9/316
usemtl tex_309_lit_ds
f 317/273/317 318/274/318 319/275/319
f 317/273/317 319/275/319 320/9/320
usemtl tex_309_lit_ds_ovl
f 321/276/321 322/277/322 323/278/323
f 321/276/321 323/278/323 324/279/324
f 325/280/325 326/281/326 327/282/327
f 325/280/325 327/282/327 328/283/328
f 329/284/329 330/285/330 331/286/331
f 329/284/329 331/286/331 332/287/332
f 333/288/333 334/289/334 335/9/335
f 333/288/333 335/9/335 336/290/336
f 337/291/337 338/292/338 339/293/339
f 337/291/337 339/293/339 340/294/340
f 341/295/341 342/296/342 343/9/343
f 341/295/341 343/9/343 344/297/344
f 345/277/345 346/298/346 347/299/347
f 345/277/345 347/299/347 348/278/348
f 349/283/349 350/282/350 351/300/351
f 349/283/349 351/300/351 352/301/352
f 353/287/353 354/286/354 355/302/355
f 353/287/353 355/302/355 356/303/356
f 357/304/357 358/305/358 359/306/359
f 357/304/357 359/306/359 360/307/360
f 361/300/361 362/9/362 363/308/363
f 361/300/361 363/308/363 364/309/364
f 365/310/365 366/311/366 367/312/367
f 365/310/365 367/312/367 368/313/368
usemtl tex_2405_lit_ds_ovl
f 369/314/369 370/315/370 371/316/371
f 369/314/369 371/316/371 372/317/372
f 373/318/373 374/319/374 375/320/375
f 373/318/373 375/320/375 376/321/376
f 377/322/377 378/323/378 379/324/379
f 377/322/377 379/324/379 380/325/380
usemtl tex_1484_lit_ds_ovl
f 381/326/381 382/327/382 383/328/383
f 381/326/381 383/328/383 384/329/384
f 385/330/385 386/331/386 387/332/387
f 385/330/385 387/332/387 388/9/388
f 389/333/389 390/334/390 391/335/391
f 389/333/389 391/335/391 392/336/392
f 393/337/393 394/338/394 395/339/395
f 393/337/393 395/339/395 396/340/396
f 397/341/397 398/342/398 399/343/399
f 397/341/397 399/343/399 400/344/400
f 401/345/401 402/346/402 403/338/403
f 401/345/401 403/338/403 404/337/404
usemtl tex_179_lit_ds_ovl
f 405/347/405 406/9/406 407/305/407
f 405/347/405 407/305/407 408/348/408
f 409/349/409 410/350/410 411/351/411
f 409/349/409 411/351/411 412/352/412
f 413/349/413 414/353/414 415/354/415
f 413/349/413 415/354/415 416/350/416
usemtl tex_1019_lit_ds
f 417/355/417 418/356/418 419/357/419
f 417/355/417 419/357/419 420/358/420
f 421/359/421 422/360/422 418/356/418
f 421/359/421 418/356/418 417/355/417
usemtl tex_1019_lit_ds_ovl
f 423/9/423 424/361/424 425/362/425
f 423/9/423 425/362/425 426/363/426
f 424/361/424 427/364/427 428/365/428
f 424/361/424 428/365/428 425/362/425
usemtl tex_1019_lit_ds
f 429/366/429 430/367/430 431/360/431
f 429/366/429 431/360/431 432/359/432
f 433/368/433 434/369/434 430/367/430
f 433/368/433 430/367/430 429/366/429
usemtl tex_1019_lit_ds_ovl
f 435/364/435 436/370/436 437/371/437
f 435/364/435 437/371/437 438/365/438
f 436/370/436 439/372/439 440/373/440
f 436/370/436 440/373/440 437/371/437
usemtl tex_1019_lit_ds
f 441/374/441 442/375/442 443/357/443
f 441/374/441 443/357/443 444/358/444
f 445/376/445 446/377/446 447/375/447
f 445/376/445 447/375/447 448/374/448
usemtl tex_1019_lit_ds_ovl
f 449/9/449 450/5/450 451/378/451
f 449/9/449 451/378/451 452/363/452
f 450/5/450 453/3/453 454/379/454
f 450/5/450 454/379/454 451/378/451
usemtl tex_1019_lit_ds
f 455/380/455 456/381/456 446/377/446
f 455/380/455 446/377/446 445/376/445
f 457/382/457 458/383/458 456/381/456
f 457/382/457 456/381/456 455/380/455
usemtl tex_1019_lit_ds_ovl
f 453/3/453 459/384/459 460/385/460
f 453/3/453 460/385/460 454/379/454
f 461/384/461 462/386/462 463/387/463
f 461/384/461 463/387/463 464/385/464
usemtl tex_378_lit_ds_ovl
f 465/388/465 466/389/466 467/390/467
f 465/388/465 467/390/467 468/391/468
f 469/392/469 470/393/470 471/394/471
f 469/392/469 471/394/471 472/9/472
f 473/395/473 474/396/474 475/397/475
f 473/395/473 475/397/475 476/398/476
f 477/399/477 478/9/478 479/400/479
f 477/399/477 479/400/479 480/401/480
f 481/402/481 482/403/482 483/404/483
f 481/402/481 483/404/483 484/405/484
f 484/405/484 483/404/483 485/406/485
f 484/405/484 485/406/485 486/407/486
f 487/408/487 488/409/488 489/403/489
f 487/408/487 489/403/489 490/402/490
usemtl tex_378_lit_ds
f 491/410/491 492/411/492 493/412/493
f 491/410/491 493/412/493 494/413/494
f 495/414/495 496/415/496 497/416/497
f 495/414/495 497/416/497 498/417/498
f 499/418/499 500/419/500 501/420/501
f 499/418/499 501/420/501 502/421/502
usemtl tex_178_lit_ds_ovl
f 503/422/503 504/423/504 505/424/505
f 503/422/503 505/424/505 506/425/506
f 507/426/507 508/427/508 509/428/509
f 507/426/507 509/428/509 510/9/510
f 511/429/511 512/430/512 513/431/513
f 511/429/511 513/431/513 514/432/514
f 515/433/515 516/9/516 517/305/517
f 515/433/515 517/305/517 518/434/518
f 519/435/519 520/436/520 521/437/521
f 519/435/519 521/437/521 522/438/522
f 523/438/523 524/437/524 525/439/525
f 523/438/523 525/439/525 526/440/526
f 527/441/527 528/442/528 529/436/529
f 527/441/527 529/436/529 530/435/530
f 531/443/531 532/305/532 533/306/533
f 531/443/531 533/306/533 534/444/534
f 535/445/535 536/446/536 537/447/537
f 535/445/535 537/447/537 538/448/538
f 539/449/539 540/275/540 541/9/541
f 539/449/539 541/9/541 542/450/542
usemtl tex_379_lit_ds
f 543/451/543 544/452/544 545/453/545
f 543/451/543 545/453/545 546/454/546
f 547/455/547 548/456/548 549/457/549
f 547/455/547 549/457/549 550/458/550
f 551/459/551 552/460/552 553/461/553
f 551/459/551 553/461/553 554/462/554
f 555/463/555 556/464/556 557/465/557
f 555/463/555 557/465/557 558/466/558
f 559/467/559 560/468/560 561/469/561
f 559/467/559 561/469/561 562/470/562
usemtl tex_379_lit_ds_ovl
f 563/471/563 564/472/564 565/473/565
f 563/471/563 565/473/565 566/474/566
usemtl tex_379_lit_ds
f 567/475/567 568/476/568 569/477/569
f 567/475/567 569/477/569 570/478/570
f 571/479/571 572/480/572 573/481/573
f 571/479/571 573/481/573 574/482/574
f 575/483/575 576/484/576 577/485/577
f 575/483/575 577/485/577 578/486/578
f 579/487/579 580/488/580 581/489/581
f 579/487/579 581/489/581 582/490/582
f 583/491/583 584/492/584 585/493/585
f 583/491/583 585/493/585 586/494/586
f 587/495/587 588/496/588 589/497/589
f 587/495/587 589/497/589 590/498/590
f 591/499/591 592/500/592 593/501/593
f 591/499/591 593/501/593 594/502/594
f 595/503/595 596/504/596 597/505/597
f 595/503/595 597/505/597 598/506/598
f 598/506/598 597/505/597 599/507/599
f 598/506/598 599/507/599 600/508/600
f 601/509/601 602/510/602 603/504/603
f 601/509/601 603/504/603 604/503/604
f 605/511/605 606/512/606 607/513/607
f 605/511/605 607/513/607 608/514/608
f 609/515/609 610/451/610 611/516/611
f 609/515/609 611/516/611 612/517/612
f 613/518/613 614/519/614 615/520/615
f 613/518/613 615/520/615 616/521/616
f 617/522/617 618/523/618 619/524/619
f 617/522/617 619/524/619 620/525/620
f 621/526/621 622/527/622 623/528/623
f 621/526/621 623/528/623 624/529/624
f 625/530/625 626/531/626 627/532/627
f 625/530/625 627/532/627 628/533/628
f 629/534/629 630/535/630 631/536/631
f 629/534/629 631/536/631 632/537/632
f 633/538/633 634/539/634 635/540/635
f 633/538/633 635/540/635 636/541/636
f 637/542/637 638/543/638 639/239/639
f 637/542/637 639/239/639 640/544/640
usemtl tex_1473_lit_ds_w01_ovl
f 641/545/641 642/9/642 643/546/643
f 641/545/641 643/546/643 644/547/644
usemtl tex_1473_lit_ds_w01
f 645/548/645 646/549/646 647/550/647
f 645/548/645 647/550/647 648/551/648
f 649/551/649 650/550/650 651/552/651
f 649/551/649 651/552/651 652/553/652
f 652/553/652 651/552/651 653/554/653
f 652/553/652 653/554/653 654/555/654
usemtl tex_1473_lit_ds_w01_ovl
f 655/556/655 656/557/656 657/558/657
f 655/556/655 657/558/657 658/559/658
f 659/560/659 660/561/660 661/562/661
f 659/560/659 661/562/661 662/563/662
f 663/564/663 664/565/664 665/566/665
f 663/564/663 665/566/665 666/567/666
usemtl tex_380_lit_ds_ovl
f 667/568/667 668/569/668 669/570/669
f 667/568/667 669/570/669 670/571/670
f 671/572/671 672/573/672 673/574/673
f 671/572/671 673/574/673 674/575/674
f 674/575/674 673/574/673 675/576/675
f 676/577/676 677/578/677 678/573/678
f 679/577/679 680/573/680 681/572/681
usemtl tex_1124_lit_ds
f 682/579/682 683/580/683 684/581/684
f 685/582/685 682/579/682 684/581/684
f 686/583/686 685/582/685 684/581/684
f 685/582/685 686/583/686 687/584/687
f 688/305/688 685/582/685 687/584/687
f 689/221/689 688/305/688 687/584/687
f 688/305/688 690/9/690 691/13/691
f 685/582/685 688/305/688 691/13/691
f 692/585/692 685/582/685 691/13/691
f 685/582/685 692/585/692 693/586/693
f 682/579/682 685/582/685 693/586/693
f 694/587/694 682/579/682 693/586/693
usemtl tex_381_lit_ds_ovl
f 695/588/695 696/589/696 697/590/697
f 695/588/695 697/590/697 698/591/698
f 699/592/699 700/593/700 701/594/701
f 699/592/699 701/594/701 702/595/702
f 702/595/702 701/594/701 703/596/703
f 702/595/702 703/596/703 704/597/704
f 705/598/705 706/599/706 707/593/707
f 705/598/705 707/593/707 708/592/708
usemtl tex_381_lit_ds
f 709/600/709 710/601/710 711/602/711
f 709/600/709 711/602/711 712/603/712
f 713/604/713 714/605/714 715/606/715
f 713/604/713 715/606/715 716/607/716
f 717/608/717 718/609/718 719/610/719
f 717/608/717 719/610/719 720/611/720
usemtl tex_1518_lit_ds_w01_ovl
f 721/306/721 722/13/722 723/9/723
f 721/306/721 723/9/723 724/305/724
f 725/306/725 726/13/726 727/9/727
f 725/306/725 727/9/727 728/305/728
f 729/306/729 730/13/730 731/9/731
f 729/306/729 731/9/731 732/305/732
f 733/306/733 734/13/734 735/9/735
f 733/306/733 735/9/735 736/305/736
f 737/306/737 738/13/738 739/9/739
f 737/306/737 739/9/739 740/305/740
f 741/306/741 742/13/742 743/9/743
f 741/306/741 743/9/743 744/305/744
f 745/305/745 746/306/746 747/13/747
f 745/305/745 747/13/747 748/9/748
f 749/305/749 750/306/750 751/13/751
f 749/305/749 751/13/751 752/9/752
f 753/305/753 754/306/754 755/13/755
f 753/305/753 755/13/755 756/9/756
f 757/305/757 758/306/758 759/13/759
f 757/305/757 759/13/759 760/9/760
f 761/305/761 762/306/762 763/13/763
f 761/305/761 763/13/763 764/9/764
f 765/305/765 766/306/766 767/13/767
f 765/305/765 767/13/767 768/9/768
f 769/305/769 770/306/770 771/13/771
f 769/305/769 771/13/771 772/9/772
f 773/305/773 774/306/774 775/13/775
f 773/305/773 775/13/775 776/9/776
f 777/306/777 778/13/778 779/9/779
f 777/306/777 779/9/779 780/305/780
f 781/306/781 782/13/782 783/9/783
f 781/306/781 783/9/783 784/305/784
f 785/306/785 786/13/786 787/9/787
f 785/306/785 787/9/787 788/305/788
f 789/306/789 790/13/790 791/9/791
f 789/306/789 791/9/791 792/305/792
f 793/305/793 794/306/794 795/13/795
f 793/305/793 795/13/795 796/9/796
usemtl tex_1519_lit_ds_w01_ovl
f 797/612/797 798/613/798 799/9/799
f 797/612/797 799/9/799 800/305/800
f 801/612/801 802/613/802 803/9/803
f 801/612/801 803/9/803 804/305/804
f 805/612/805 806/613/806 807/9/807
f 805/612/805 807/9/807 808/305/808
f 809/612/809 810/613/810 811/9/811
f 809/612/809 811/9/811 812/305/812
f 813/305/813 814/306/814 815/13/815
f 813/305/813 815/13/815 816/9/816
f 817/305/817 818/306/818 819/13/819
f 817/305/817 819/13/819 820/9/820
f 821/305/821 822/306/822 823/13/823
f 821/305/821 823/13/823 824/9/824
f 825/305/825 826/306/826 827/13/827
f 825/305/825 827/13/827 828/9/828
usemtl tex_1516_lit_ds_w01_ovl
f 829/305/829 830/306/830 831/13/831
f 829/305/829 831/13/831 832/9/832
f 833/305/833 834/306/834 835/13/835
f 833/305/833 835/13/835 836/9/836
f 837/305/837 838/306/838 839/13/839
f 837/305/837 839/13/839 840/9/840
f 841/305/841 842/306/842 843/13/843
f 841/305/841 843/13/843 844/9/844
f 845/306/845 846/13/846 847/9/847
f 845/306/845 847/9/847 848/305/848
f 849/306/849 850/13/850 851/9/851
f 849/306/849 851/9/851 852/305/852
f 853/306/853 854/13/854 855/9/855
f 853/306/853 855/9/855 856/305/856
f 857/306/857 858/13/858 859/9/859
f 857/306/857 859/9/859 860/305/860
f 861/306/861 862/13/862 863/9/863
f 861/306/861 863/9/863 864/305/864
f 865/306/865 866/13/866 867/9/867
f 865/306/865 867/9/867 868/305/868
f 869/305/869 870/306/870 871/13/871
f 869/305/869 871/13/871 872/9/872
f 873/305/873 874/306/874 875/13/875
f 873/305/873 875/13/875 876/9/876
f 877/305/877 878/306/878 879/13/879
f 877/305/877 879/13/879 880/9/880
f 881/305/881 882/306/882 883/13/883
f 881/305/881 883/13/883 884/9/884
f 885/305/885 886/306/886 887/13/887
f 885/305/885 887/13/887 888/9/888
usemtl tex_379_lit_ds_ovl
f 889/614/889 890/615/890 891/616/891
f 889/614/889 891/616/891 892/617/892
f 893/614/893 894/615/894 895/616/895
f 893/614/893 895/616/895 896/617/896
f 897/614/897 898/615/898 899/616/899
f 897/614/897 899/616/899 900/617/900
f 901/614/901 902/615/902 903/616/903
f 901/614/901 903/616/903 904/617/904
f 905/618/905 906/619/906 907/620/907
f 905/618/905 907/620/907 908/621/908
f 909/618/909 910/619/910 911/620/911
f 909/618/909 911/620/911 912/621/912
f 913/618/913 914/619/914 915/620/915
f 913/618/913 915/620/915 916/621/916
f 917/618/917 918/619/918 919/620/919
f 917/618/917 919/620/919 920/621/920
f 921/618/921 922/619/922 923/620/923
f 921/618/921 923/620/923 924/621/924
f 925/618/925 926/619/926 927/620/927
f 925/618/925 927/620/927 928/621/928
f 929/618/929 930/619/930 931/620/931
f 929/618/929 931/620/931 932/621/932
f 933/618/933 934/619/934 935/620/935
f 933/618/933 935/620/935 936/621/936
f 937/622/937 938/623/938 939/624/939
f 937/622/937 939/624/939 940/625/940
f 941/622/941 942/623/942 943/624/943
f 941/622/941 943/624/943 944/625/944
f 945/622/945 946/623/946 947/624/947
f 945/622/945 947/624/947 948/625/948
f 949/622/949 950/623/950 951/624/951
f 949/622/949 951/624/951 952/625/952
usemtl tex_380_lit_ds_ovl
f 953/626/953 954/627/954 955/628/955
f 953/626/953 955/628/955 956/9/956
f 957/629/957 958/630/958 959/631/959
f 957/629/957 959/631/959 960/9/960
f 961/632/961 962/633/962 963/634/963
f 961/632/961 963/634/963 964/635/964
f 965/636/965 966/637/966 967/638/967
f 965/636/965 967/638/967 968/639/968
f 969/636/969 970/637/970 971/638/971
f 969/636/969 971/638/971 972/639/972
f 973/626/973 974/627/974 975/628/975
f 973/626/973 975/628/975 976/9/976
f 977/632/977 978/633/978 979/634/979
f 977/632/977 979/634/979 980/635/980
f 981/629/981 982/630/982 983/631/983
f 981/629/981 983/631/983 984/9/984
f 985/629/985 986/630/986 987/631/987
f 985/629/985 987/631/987 988/9/988
f 989/632/989 990/633/990 991/634/991
f 989/632/989 991/634/991 992/635/992
f 993/626/993 994/627/994 995/628/995
f 993/626/993 995/628/995 996/9/996
f 997/636/997 998/637/998 999/638/999
f 997/636/997 999/638/999 1000/639/1000
f 1001/636/1001 1002/637/1002 1003/638/1003
f 1001/636/1001 1003/638/1003 1004/639/1004
f 1005/626/1005 1006/627/1006 1007/628/1007
f 1005/626/1005 1007/628/1007 1008/9/1008
f 1009/632/1009 1010/633/1010 1011/634/1011
f 1009/632/1009 1011/634/1011 1012/635/1012
f 1013/629/1013 1014/630/1014 1015/631/1015
f 1013/629/1013 1015/631/1015 1016/9/1016
usemtl tex_381_lit_ds_ovl
f 1017/9/1017 1018/640/1018 1019/641/1019
f 1017/9/1017 1019/641/1019 1020/272/1020
f 1021/9/1021 1022/640/1022 1023/641/1023
f 1021/9/1021 1023/641/1023 1024/272/1024
f 1025/9/1025 1026/640/1026 1027/641/1027
f 1025/9/1025 1027/641/1027 1028/272/1028
f 1029/9/1029 1030/640/1030 1031/641/1031
f 1029/9/1029 1031/641/1031 1032/272/1032
f 1033/642/1033 1034/643/1034 1035/644/1035
f 1033/642/1033 1035/644/1035 1036/645/1036
f 1037/642/1037 1038/643/1038 1039/644/1039
f 1037/642/1037 1039/644/1039 1040/645/1040
f 1041/642/1041 1042/643/1042 1043/644/1043
f 1041/642/1041 1043/644/1043 1044/645/1044
f 1045/642/1045 1046/643/1046 1047/644/1047
f 1045/642/1045 1047/644/1047 1048/645/1048
f 1049/646/1049 1050/647/1050 1051/648/1051
f 1049/646/1049 1051/648/1051 1052/649/1052
f 1053/646/1053 1054/647/1054 1055/648/1055
f 1053/646/1053 1055/648/1055 1056/649/1056
f 1057/646/1057 1058/647/1058 1059/648/1059
f 1057/646/1057 1059/648/1059 1060/649/1060
f 1061/646/1061 1062/647/1062 1063/648/1063
f 1061/646/1061 1063/648/1063 1064/649/1064
usemtl tex_2424_lit_ds_w01_ovl
f 1065/305/1065 1066/306/1066 1067/13/1067
f 1065/305/1065 1067/13/1067 1068/9/1068
f 1069/305/1069 1070/306/1070 1071/13/1071
f 1069/305/1069 1071/13/1071 1072/9/1072
usemtl tex_2381_lit_ds_w11_ovl
f 1073/306/1073 1074/13/1074 1075/9/1075
f 1073/306/1073 1075/9/1075 1076/305/1076
f 1077/306/1077 1078/13/1078 1079/9/1079
f 1077/306/1077 1079/9/1079 1080/305/1080
f 1081/306/1081 1082/13/1082 1083/9/1083
f 1081/306/1081 1083/9/1083 1084/305/1084
f 1085/306/1085 1086/13/1086 1087/9/1087
f 1085/306/1085 1087/9/1087 1088/305/1088
