mtllib Pst_pete_room_2iZ.mtl
v 2662.0 -2071.0 5324.0 1.000 1.000 1.000
v 1775.0 -2071.0 2662.0 1.000 1.000 1.000
v 1775.0 -2071.0 5324.0 1.000 1.000 1.000
v 2662.0 -2071.0 0.0 1.000 1.000 1.000
v 1775.0 -2071.0 0.0 1.000 1.000 1.000
v 3550.0 -2071.0 -1183.0 1.000 1.000 1.000
v 1775.0 -2071.0 -2662.0 1.000 1.000 1.000
v 3550.0 -2071.0 -5324.0 1.000 1.000 1.000
v 1775.0 -2071.0 -5324.0 1.000 1.000 1.000
v 3550.0 -2071.0 0.0 1.000 1.000 1.000
v 3550.0 -2071.0 -1183.0 1.000 1.000 1.000
v 2662.0 -2071.0 0.0 1.000 1.000 1.000
v -3919.0 -2071.0 -5324.0 1.000 1.000 1.000
v -1775.0 -2071.0 -2662.0 1.000 1.000 1.000
v -1775.0 -2071.0 -5324.0 1.000 1.000 1.000
v -3919.0 -2071.0 74.0 1.000 1.000 1.000
v -1775.0 -2071.0 0.0 1.000 1.000 1.000
v -1775.0 -2071.0 -2662.0 1.000 1.000 1.000
v -3919.0 -2071.0 -5324.0 1.000 1.000 1.000
v -4363.0 -2071.0 1997.0 1.000 1.000 1.000
v -1775.0 -2071.0 2662.0 1.000 1.000 1.000
v -4363.0 -2071.0 3771.0 1.000 1.000 1.000
v -1775.0 -2071.0 5324.0 1.000 1.000 1.000
v -4363.0 -2071.0 74.0 1.000 1.000 1.000
v -4363.0 -2071.0 1997.0 1.000 1.000 1.000
v -3919.0 -2071.0 74.0 1.000 1.000 1.000
v -3845.0 -2071.0 5324.0 1.000 1.000 1.000
v -4363.0 -2071.0 5324.0 1.000 1.000 1.000
v 2736.0 -2071.0 1109.0 1.000 1.000 1.000
v 2662.0 -2071.0 1035.0 1.000 1.000 1.000
v 2662.0 -2071.0 2071.0 1.000 1.000 1.000
v 2736.0 -2071.0 1109.0 1.000 1.000 1.000
v 2662.0 -2071.0 2071.0 1.000 1.000 1.000
v 2736.0 -2071.0 1997.0 1.000 1.000 1.000
v -5768.0 -1627.0 -5324.0 1.000 1.000 1.000
v -5768.0 -666.0 -5324.0 1.000 1.000 1.000
v -3993.0 -666.0 -5324.0 1.000 1.000 1.000
v -3993.0 -1627.0 -5324.0 1.000 1.000 1.000
v -3993.0 -1627.0 -5324.0 1.000 1.000 1.000
v -3993.0 -666.0 -5324.0 1.000 1.000 1.000
v -3993.0 -666.0 0.0 1.000 1.000 1.000
v -3993.0 -1627.0 0.0 1.000 1.000 1.000
v -3993.0 -1627.0 0.0 1.000 1.000 1.000
v -3993.0 -666.0 0.0 1.000 1.000 1.000
v -5768.0 -666.0 0.0 1.000 1.000 1.000
v -5768.0 -1627.0 0.0 1.000 1.000 1.000
v -6212.0 296.0 5324.0 1.000 1.000 1.000
v -6212.0 -666.0 5324.0 1.000 1.000 1.000
v -4437.0 -666.0 5324.0 1.000 1.000 1.000
v -4437.0 296.0 5324.0 1.000 1.000 1.000
v -4437.0 222.0 935.0 1.000 1.000 1.000
v -4437.0 296.0 813.0 1.000 1.000 1.000
v -4437.0 296.0 4624.0 1.000 1.000 1.000
v -4437.0 -666.0 4342.0 1.000 1.000 1.000
v -4437.0 -666.0 1257.0 1.000 1.000 1.000
v -4437.0 296.0 5324.0 1.000 1.000 1.000
v -4437.0 -666.0 5324.0 1.000 1.000 1.000
v -4437.0 -666.0 0.0 1.000 1.000 1.000
v -4437.0 296.0 0.0 1.000 1.000 1.000
v -4437.0 296.0 813.0 1.000 1.000 1.000
v -4437.0 222.0 935.0 1.000 1.000 1.000
v -4437.0 -666.0 1257.0 1.000 1.000 1.000
v 6212.0 2145.0 -5398.0 1.000 1.000 1.000
v 6212.0 2071.0 -5324.0 1.000 1.000 1.000
v 3550.0 2071.0 -5324.0 1.000 1.000 1.000
v 3476.0 2145.0 -5398.0 1.000 1.000 1.000
v 6212.0 1923.0 -5398.0 1.000 1.000 1.000
v 6212.0 1849.0 -5324.0 1.000 1.000 1.000
v 3550.0 1849.0 -5324.0 1.000 1.000 1.000
v 3476.0 1923.0 -5398.0 1.000 1.000 1.000
v 6212.0 518.0 -5398.0 1.000 1.000 1.000
v 6212.0 444.0 -5324.0 1.000 1.000 1.000
v 3550.0 444.0 -5324.0 1.000 1.000 1.000
v 3476.0 518.0 -5398.0 1.000 1.000 1.000
v 6212.0 -444.0 -5398.0 1.000 1.000 1.000
v 6212.0 -518.0 -5324.0 1.000 1.000 1.000
v 3550.0 -518.0 -5324.0 1.000 1.000 1.000
v 3476.0 -444.0 -5398.0 1.000 1.000 1.000
v 6212.0 -666.0 -5398.0 1.000 1.000 1.000
v 6212.0 -739.0 -5324.0 1.000 1.000 1.000
v 3550.0 -739.0 -5324.0 1.000 1.000 1.000
v 3476.0 -666.0 -5398.0 1.000 1.000 1.000
v 3476.0 2145.0 -74.0 1.000 1.000 1.000
v 3550.0 2071.0 -99.0 1.000 1.000 1.000
v 3550.0 2071.0 0.0 1.000 1.000 1.000
v 3476.0 2145.0 0.0 1.000 1.000 1.000
v 3476.0 1923.0 -224.0 1.000 1.000 1.000
v 3550.0 1849.0 -248.0 1.000 1.000 1.000
v 3550.0 1849.0 0.0 1.000 1.000 1.000
v 3476.0 1923.0 0.0 1.000 1.000 1.000
v 3476.0 518.0 -490.0 1.000 1.000 1.000
v 3550.0 444.0 -521.0 1.000 1.000 1.000
v 3550.0 444.0 0.0 1.000 1.000 1.000
v 3476.0 518.0 0.0 1.000 1.000 1.000
v 3476.0 -444.0 -737.0 1.000 1.000 1.000
v 3550.0 -518.0 -749.0 1.000 1.000 1.000
v 3550.0 -518.0 0.0 1.000 1.000 1.000
v 3476.0 -444.0 0.0 1.000 1.000 1.000
v 3476.0 -666.0 -798.0 1.000 1.000 1.000
v 3550.0 -739.0 -810.0 1.000 1.000 1.000
v 3550.0 -739.0 0.0 1.000 1.000 1.000
v 3476.0 -666.0 0.0 1.000 1.000 1.000
v 3550.0 1849.0 -248.0 1.000 1.000 1.000
v 3476.0 1923.0 -224.0 1.000 1.000 1.000
v 3476.0 1923.0 -5398.0 1.000 1.000 1.000
v 3550.0 1849.0 -5324.0 1.000 1.000 1.000
v 3550.0 2071.0 -99.0 1.000 1.000 1.000
v 3476.0 2145.0 -74.0 1.000 1.000 1.000
v 3476.0 2145.0 -5398.0 1.000 1.000 1.000
v 3550.0 2071.0 -5324.0 1.000 1.000 1.000
v 3476.0 -666.0 -798.0 1.000 1.000 1.000
v 3476.0 -666.0 -5398.0 1.000 1.000 1.000
v 3550.0 -739.0 -5324.0 1.000 1.000 1.000
v 3550.0 -739.0 -810.0 1.000 1.000 1.000
v 3550.0 -518.0 -749.0 1.000 1.000 1.000
v 3476.0 -444.0 -737.0 1.000 1.000 1.000
v 3476.0 -444.0 -5398.0 1.000 1.000 1.000
v 3550.0 -518.0 -5324.0 1.000 1.000 1.000
v 3550.0 444.0 -521.0 1.000 1.000 1.000
v 3476.0 518.0 -490.0 1.000 1.000 1.000
v 3476.0 518.0 -5398.0 1.000 1.000 1.000
v 3550.0 444.0 -5324.0 1.000 1.000 1.000
v -3993.0 1627.0 0.0 1.000 1.000 1.000
v -3919.0 1701.0 74.0 1.000 1.000 1.000
v -5768.0 1701.0 74.0 1.000 1.000 1.000
v -5768.0 1627.0 0.0 1.000 1.000 1.000
v -5768.0 1627.0 -5324.0 1.000 1.000 1.000
v -5768.0 1701.0 -5398.0 1.000 1.000 1.000
v -3919.0 1701.0 -5398.0 1.000 1.000 1.000
v -3993.0 1627.0 -5324.0 1.000 1.000 1.000
v -3993.0 1627.0 -5324.0 1.000 1.000 1.000
v -3919.0 1701.0 -5398.0 1.000 1.000 1.000
v -3919.0 1701.0 74.0 1.000 1.000 1.000
v -3993.0 1627.0 0.0 1.000 1.000 1.000
v -6212.0 1997.0 5472.0 1.000 1.000 1.000
v -6212.0 1923.0 5398.0 1.000 1.000 1.000
v -4363.0 1923.0 5398.0 1.000 1.000 1.000
v -4289.0 1997.0 5472.0 1.000 1.000 1.000
v -6212.0 1775.0 5398.0 1.000 1.000 1.000
v -6212.0 1701.0 5324.0 1.000 1.000 1.000
v -4437.0 1701.0 5324.0 1.000 1.000 1.000
v -4363.0 1775.0 5398.0 1.000 1.000 1.000
v -6212.0 -592.0 5398.0 1.000 1.000 1.000
v -6212.0 -666.0 5324.0 1.000 1.000 1.000
v -4437.0 -666.0 5324.0 1.000 1.000 1.000
v -4363.0 -592.0 5398.0 1.000 1.000 1.000
v -4437.0 1701.0 118.0 1.000 1.000 1.000
v -4363.0 1775.0 74.0 1.000 1.000 1.000
v -4363.0 1775.0 5150.0 1.000 1.000 1.000
v -4437.0 1701.0 5038.0 1.000 1.000 1.000
v -4437.0 1701.0 0.0 1.000 1.000 1.000
v -4363.0 1775.0 -74.0 1.000 1.000 1.000
v -4363.0 1923.0 -74.0 1.000 1.000 1.000
v -4289.0 1997.0 -148.0 1.000 1.000 1.000
v -4289.0 1997.0 5250.0 1.000 1.000 1.000
v -4363.0 1923.0 5214.0 1.000 1.000 1.000
v -4437.0 -666.0 1405.0 1.000 1.000 1.000
v -4363.0 -592.0 1257.0 1.000 1.000 1.000
v -4363.0 -592.0 4342.0 1.000 1.000 1.000
v -4437.0 -666.0 4273.0 1.000 1.000 1.000
v -4437.0 -666.0 0.0 1.000 1.000 1.000
v -4363.0 -592.0 -74.0 1.000 1.000 1.000
v -4363.0 -592.0 5398.0 1.000 1.000 1.000
v -4437.0 -666.0 5324.0 1.000 1.000 1.000
v -4437.0 1701.0 5038.0 1.000 1.000 1.000
v -4363.0 1775.0 5150.0 1.000 1.000 1.000
v -4363.0 1775.0 5398.0 1.000 1.000 1.000
v -4437.0 1701.0 5324.0 1.000 1.000 1.000
v -4363.0 1923.0 5214.0 1.000 1.000 1.000
v -4289.0 1997.0 5250.0 1.000 1.000 1.000
v -4289.0 1997.0 5472.0 1.000 1.000 1.000
v -4363.0 1923.0 5398.0 1.000 1.000 1.000
v 2662.0 444.0 5324.0 1.000 1.000 1.000
v 2588.0 518.0 5398.0 1.000 1.000 1.000
v 2588.0 518.0 -74.0 1.000 1.000 1.000
v 2662.0 444.0 0.0 1.000 1.000 1.000
v 2588.0 1923.0 5398.0 1.000 1.000 1.000
v 2514.0 1997.0 5472.0 1.000 1.000 1.000
v 2514.0 1997.0 -148.0 1.000 1.000 1.000
v 2588.0 1923.0 -74.0 1.000 1.000 1.000
v 2514.0 1997.0 5472.0 1.000 1.000 1.000
v 2514.0 2071.0 5472.0 1.000 1.000 1.000
v 2514.0 2071.0 -148.0 1.000 1.000 1.000
v 2514.0 1997.0 -148.0 1.000 1.000 1.000
v 5398.0 1997.0 -148.0 1.000 1.000 1.000
v 2514.0 1997.0 -148.0 1.000 1.000 1.000
v 2514.0 2071.0 -148.0 1.000 1.000 1.000
v 5398.0 2071.0 -148.0 1.000 1.000 1.000
v 5398.0 1923.0 -74.0 1.000 1.000 1.000
v 2588.0 1923.0 -74.0 1.000 1.000 1.000
v 2514.0 1997.0 -148.0 1.000 1.000 1.000
v 5398.0 1997.0 -148.0 1.000 1.000 1.000
v 5398.0 444.0 0.0 1.000 1.000 1.000
v 2662.0 444.0 0.0 1.000 1.000 1.000
v 2588.0 518.0 -74.0 1.000 1.000 1.000
v 5398.0 518.0 -74.0 1.000 1.000 1.000
v 5398.0 2071.0 5472.0 1.000 1.000 1.000
v 2514.0 2071.0 5472.0 1.000 1.000 1.000
v 2514.0 1997.0 5472.0 1.000 1.000 1.000
v 5398.0 1997.0 5472.0 1.000 1.000 1.000
v 5398.0 1997.0 5472.0 1.000 1.000 1.000
v 2514.0 1997.0 5472.0 1.000 1.000 1.000
v 2588.0 1923.0 5398.0 1.000 1.000 1.000
v 5398.0 1923.0 5398.0 1.000 1.000 1.000
v 5398.0 518.0 5398.0 1.000 1.000 1.000
v 2588.0 518.0 5398.0 1.000 1.000 1.000
v 2662.0 444.0 5324.0 1.000 1.000 1.000
v 5398.0 444.0 5324.0 1.000 1.000 1.000
v -6212.0 -1627.0 5324.0 1.000 1.000 1.000
v -6212.0 -1701.0 5398.0 1.000 1.000 1.000
v -4363.0 -1701.0 5398.0 1.000 1.000 1.000
v -4437.0 -1627.0 5324.0 1.000 1.000 1.000
v -4363.0 -1701.0 3880.0 1.000 1.000 1.000
v -4437.0 -1627.0 3905.0 1.000 1.000 1.000
v -4437.0 -1627.0 5324.0 1.000 1.000 1.000
v -4363.0 -1701.0 5398.0 1.000 1.000 1.000
v -4363.0 -1701.0 1849.0 1.000 1.000 1.000
v -4437.0 -1627.0 1849.0 1.000 1.000 1.000
v -4363.0 -1701.0 -74.0 1.000 1.000 1.000
v -4437.0 -1627.0 0.0 1.000 1.000 1.000
v -4437.0 -1627.0 1849.0 1.000 1.000 1.000
v -4363.0 -1701.0 1849.0 1.000 1.000 1.000
v 2662.0 592.0 5324.0 1.000 1.000 1.000
v 2588.0 666.0 5398.0 1.000 1.000 1.000
v 2588.0 666.0 -74.0 1.000 1.000 1.000
v 2662.0 592.0 0.0 1.000 1.000 1.000
v 5398.0 592.0 0.0 1.000 1.000 1.000
v 2662.0 592.0 0.0 1.000 1.000 1.000
v 2588.0 666.0 -74.0 1.000 1.000 1.000
v 5398.0 666.0 -74.0 1.000 1.000 1.000
v 5398.0 666.0 5398.0 1.000 1.000 1.000
v 2588.0 666.0 5398.0 1.000 1.000 1.000
v 2662.0 592.0 5324.0 1.000 1.000 1.000
v 5398.0 592.0 5324.0 1.000 1.000 1.000
v 6212.0 2071.0 -5324.0 1.000 1.000 1.000
v 6212.0 1923.0 -5324.0 1.000 1.000 1.000
v 3550.0 1923.0 -5324.0 1.000 1.000 1.000
v 3550.0 2071.0 -5324.0 1.000 1.000 1.000
v 6212.0 444.0 -5324.0 1.000 1.000 1.000
v 6212.0 370.0 -5324.0 1.000 1.000 1.000
v 3550.0 370.0 -5324.0 1.000 1.000 1.000
v 3550.0 444.0 -5324.0 1.000 1.000 1.000
v 3550.0 2071.0 -99.0 1.000 1.000 1.000
v 3550.0 1923.0 -224.0 1.000 1.000 1.000
v 3550.0 1923.0 0.0 1.000 1.000 1.000
v 3550.0 2071.0 0.0 1.000 1.000 1.000
v 3550.0 444.0 -521.0 1.000 1.000 1.000
v 3550.0 370.0 -569.0 1.000 1.000 1.000
v 3550.0 370.0 0.0 1.000 1.000 1.000
v 3550.0 444.0 0.0 1.000 1.000 1.000
v 3550.0 1923.0 -224.0 1.000 1.000 1.000
v 3550.0 2071.0 -99.0 1.000 1.000 1.000
v 3550.0 2071.0 -5324.0 1.000 1.000 1.000
v 3550.0 1923.0 -5324.0 1.000 1.000 1.000
v 3550.0 370.0 -569.0 1.000 1.000 1.000
v 3550.0 444.0 -521.0 1.000 1.000 1.000
v 3550.0 444.0 -5324.0 1.000 1.000 1.000
v 3550.0 370.0 -5324.0 1.000 1.000 1.000
v -6212.0 1923.0 5398.0 1.000 1.000 1.000
v -6212.0 1775.0 5398.0 1.000 1.000 1.000
v -4363.0 1775.0 5398.0 1.000 1.000 1.000
v -4363.0 1923.0 5398.0 1.000 1.000 1.000
v -4363.0 1775.0 74.0 1.000 1.000 1.000
v -4363.0 1923.0 -74.0 1.000 1.000 1.000
v -4363.0 1923.0 5214.0 1.000 1.000 1.000
v -4363.0 1775.0 5150.0 1.000 1.000 1.000
v -4363.0 1775.0 5150.0 1.000 1.000 1.000
v -4363.0 1923.0 5214.0 1.000 1.000 1.000
v -4363.0 1923.0 5398.0 1.000 1.000 1.000
v -4363.0 1775.0 5398.0 1.000 1.000 1.000
v 2662.0 518.0 5324.0 1.000 1.000 1.000
v 2662.0 592.0 5324.0 1.000 1.000 1.000
v 2662.0 592.0 0.0 1.000 1.000 1.000
v 2662.0 518.0 0.0 1.000 1.000 1.000
v 2588.0 1849.0 5398.0 1.000 1.000 1.000
v 2588.0 1923.0 5398.0 1.000 1.000 1.000
v 2588.0 1923.0 -74.0 1.000 1.000 1.000
v 2588.0 1849.0 -74.0 1.000 1.000 1.000
v 5398.0 1849.0 -74.0 1.000 1.000 1.000
v 2588.0 1849.0 -74.0 1.000 1.000 1.000
v 2588.0 1923.0 -74.0 1.000 1.000 1.000
v 5398.0 1923.0 -74.0 1.000 1.000 1.000
v 5398.0 518.0 0.0 1.000 1.000 1.000
v 2662.0 518.0 0.0 1.000 1.000 1.000
v 2662.0 592.0 0.0 1.000 1.000 1.000
v 5398.0 592.0 0.0 1.000 1.000 1.000
v 5398.0 1923.0 5398.0 1.000 1.000 1.000
v 2588.0 1923.0 5398.0 1.000 1.000 1.000
v 2588.0 1849.0 5398.0 1.000 1.000 1.000
v 5398.0 1849.0 5398.0 1.000 1.000 1.000
v 5398.0 592.0 5324.0 1.000 1.000 1.000
v 2662.0 592.0 5324.0 1.000 1.000 1.000
v 2662.0 518.0 5324.0 1.000 1.000 1.000
v 5398.0 518.0 5324.0 1.000 1.000 1.000
v 6212.0 370.0 -5324.0 1.000 1.000 1.000
v 6212.0 -518.0 -5324.0 1.000 1.000 1.000
v 3550.0 -518.0 -5324.0 1.000 1.000 1.000
v 3550.0 370.0 -5324.0 1.000 1.000 1.000
v 6212.0 -518.0 -5324.0 1.000 1.000 1.000
v 6212.0 -739.0 -5324.0 1.000 1.000 1.000
v 3550.0 -739.0 -5324.0 1.000 1.000 1.000
v 3550.0 -518.0 -5324.0 1.000 1.000 1.000
v 6212.0 -739.0 -5324.0 1.000 1.000 1.000
v 6212.0 -1701.0 -5324.0 1.000 1.000 1.000
v 3550.0 -1701.0 -5324.0 1.000 1.000 1.000
v 3550.0 -739.0 -5324.0 1.000 1.000 1.000
v 3550.0 370.0 -569.0 1.000 1.000 1.000
v 3550.0 -518.0 -737.0 1.000 1.000 1.000
v 3550.0 -518.0 0.0 1.000 1.000 1.000
v 3550.0 370.0 0.0 1.000 1.000 1.000
v 3550.0 -518.0 -749.0 1.000 1.000 1.000
v 3550.0 -739.0 -798.0 1.000 1.000 1.000
v 3550.0 -739.0 0.0 1.000 1.000 1.000
v 3550.0 -518.0 0.0 1.000 1.000 1.000
v 3550.0 -739.0 -810.0 1.000 1.000 1.000
v 3550.0 -1701.0 -1072.0 1.000 1.000 1.000
v 3550.0 -1701.0 0.0 1.000 1.000 1.000
v 3550.0 -739.0 0.0 1.000 1.000 1.000
v 3550.0 -739.0 -810.0 1.000 1.000 1.000
v 3550.0 -739.0 -5324.0 1.000 1.000 1.000
v 3550.0 -1701.0 -5324.0 1.000 1.000 1.000
v 3550.0 -1701.0 -1072.0 1.000 1.000 1.000
v 3550.0 -739.0 -798.0 1.000 1.000 1.000
v 3550.0 -518.0 -749.0 1.000 1.000 1.000
v 3550.0 -518.0 -5324.0 1.000 1.000 1.000
v 3550.0 -739.0 -5324.0 1.000 1.000 1.000
v 3550.0 -518.0 -737.0 1.000 1.000 1.000
v 3550.0 370.0 -569.0 1.000 1.000 1.000
v 3550.0 370.0 -5324.0 1.000 1.000 1.000
v 3550.0 -518.0 -5324.0 1.000 1.000 1.000
v -3993.0 -666.0 0.0 1.000 1.000 1.000
v -3993.0 222.0 0.0 1.000 1.000 1.000
v -5768.0 222.0 0.0 1.000 1.000 1.000
v -5768.0 -666.0 0.0 1.000 1.000 1.000
v -5768.0 -666.0 -5324.0 1.000 1.000 1.000
v -5768.0 222.0 -5324.0 1.000 1.000 1.000
v -3993.0 222.0 -5324.0 1.000 1.000 1.000
v -3993.0 -666.0 -5324.0 1.000 1.000 1.000
v -3993.0 -666.0 -5324.0 1.000 1.000 1.000
v -3993.0 222.0 -5324.0 1.000 1.000 1.000
v -3993.0 222.0 0.0 1.000 1.000 1.000
v -3993.0 -666.0 0.0 1.000 1.000 1.000
v 2662.0 -1923.0 1035.0 1.000 1.000 1.000
v 2662.0 -666.0 1035.0 1.000 1.000 1.000
v 2662.0 -666.0 0.0 1.000 1.000 1.000
v 2662.0 -1923.0 0.0 1.000 1.000 1.000
v 2736.0 -1923.0 1109.0 1.000 1.000 1.000
v 2736.0 -739.0 1109.0 1.000 1.000 1.000
v 2662.0 -666.0 1035.0 1.000 1.000 1.000
v 2662.0 -1923.0 1035.0 1.000 1.000 1.000
v 2736.0 -739.0 1997.0 1.000 1.000 1.000
v 2662.0 -666.0 2071.0 1.000 1.000 1.000
v 2662.0 -666.0 1035.0 1.000 1.000 1.000
v 2736.0 -739.0 1109.0 1.000 1.000 1.000
v 2736.0 -1923.0 1997.0 1.000 1.000 1.000
v 2662.0 -1923.0 2071.0 1.000 1.000 1.000
v 2662.0 -1923.0 5324.0 1.000 1.000 1.000
v 2662.0 -666.0 5324.0 1.000 1.000 1.000
v 2662.0 -666.0 2071.0 1.000 1.000 1.000
v 2662.0 -1923.0 2071.0 1.000 1.000 1.000
v 2662.0 666.0 5324.0 1.000 1.000 1.000
v 2662.0 1627.0 5324.0 1.000 1.000 1.000
v 2662.0 1627.0 0.0 1.000 1.000 1.000
v 2662.0 666.0 0.0 1.000 1.000 1.000
v 5398.0 666.0 0.0 1.000 1.000 1.000
v 2662.0 666.0 0.0 1.000 1.000 1.000
v 2662.0 1627.0 0.0 1.000 1.000 1.000
v 5398.0 1627.0 0.0 1.000 1.000 1.000
v 5398.0 -1923.0 0.0 1.000 1.000 1.000
v 2662.0 -1923.0 0.0 1.000 1.000 1.000
v 2662.0 -666.0 0.0 1.000 1.000 1.000
v 5398.0 -666.0 0.0 1.000 1.000 1.000
v 5398.0 1627.0 5324.0 1.000 1.000 1.000
v 2662.0 1627.0 5324.0 1.000 1.000 1.000
v 2662.0 666.0 5324.0 1.000 1.000 1.000
v 5398.0 666.0 5324.0 1.000 1.000 1.000
v 5398.0 -666.0 5324.0 1.000 1.000 1.000
v 2662.0 -666.0 5324.0 1.000 1.000 1.000
v 2662.0 -1923.0 5324.0 1.000 1.000 1.000
v 5398.0 -1923.0 5324.0 1.000 1.000 1.000
v -6212.0 -813.0 5324.0 1.000 1.000 1.000
v -6212.0 -1627.0 5324.0 1.000 1.000 1.000
v -4437.0 -1627.0 5324.0 1.000 1.000 1.000
v -4437.0 -813.0 5324.0 1.000 1.000 1.000
v -4437.0 -1627.0 1849.0 1.000 1.000 1.000
v -4437.0 -813.0 1479.0 1.000 1.000 1.000
v -4437.0 -813.0 4192.0 1.000 1.000 1.000
v -4437.0 -1627.0 3905.0 1.000 1.000 1.000
v -4437.0 -1627.0 0.0 1.000 1.000 1.000
v -4437.0 -813.0 0.0 1.000 1.000 1.000
v -4437.0 -813.0 1479.0 1.000 1.000 1.000
v -4437.0 -1627.0 1849.0 1.000 1.000 1.000
v -4437.0 -1627.0 3905.0 1.000 1.000 1.000
v -4437.0 -813.0 4192.0 1.000 1.000 1.000
v -4437.0 -813.0 5324.0 1.000 1.000 1.000
v -4437.0 -1627.0 5324.0 1.000 1.000 1.000
v -6212.0 -1701.0 5398.0 1.000 1.000 1.000
v -6212.0 -2071.0 5398.0 1.000 1.000 1.000
v -4363.0 -2071.0 5398.0 1.000 1.000 1.000
v -4363.0 -1701.0 5398.0 1.000 1.000 1.000
v -4363.0 -2071.0 3751.0 1.000 1.000 1.000
v -4363.0 -1701.0 3880.0 1.000 1.000 1.000
v -4363.0 -1701.0 5398.0 1.000 1.000 1.000
v -4363.0 -2071.0 5398.0 1.000 1.000 1.000
v -4363.0 -2071.0 1997.0 1.000 1.000 1.000
v -4363.0 -1701.0 1849.0 1.000 1.000 1.000
v -4363.0 -2071.0 -74.0 1.000 1.000 1.000
v -4363.0 -1701.0 -74.0 1.000 1.000 1.000
v -4363.0 -1701.0 1849.0 1.000 1.000 1.000
v -4363.0 -2071.0 1997.0 1.000 1.000 1.000
v -3993.0 444.0 0.0 1.000 1.000 1.000
v -3993.0 1627.0 0.0 1.000 1.000 1.000
v -5768.0 1627.0 0.0 1.000 1.000 1.000
v -5768.0 444.0 0.0 1.000 1.000 1.000
v -5768.0 444.0 -5324.0 1.000 1.000 1.000
v -5768.0 1627.0 -5324.0 1.000 1.000 1.000
v -3993.0 1627.0 -5324.0 1.000 1.000 1.000
v -3993.0 444.0 -5324.0 1.000 1.000 1.000
v -3993.0 444.0 -5324.0 1.000 1.000 1.000
v -3993.0 1627.0 -5324.0 1.000 1.000 1.000
v -3993.0 1627.0 0.0 1.000 1.000 1.000
v -3993.0 444.0 0.0 1.000 1.000 1.000
v -6212.0 1553.0 5324.0 1.000 1.000 1.000
v -6212.0 518.0 5324.0 1.000 1.000 1.000
v -4437.0 518.0 5324.0 1.000 1.000 1.000
v -4437.0 1553.0 5324.0 1.000 1.000 1.000
v -4437.0 518.0 571.0 1.000 1.000 1.000
v -4437.0 1553.0 183.0 1.000 1.000 1.000
v -4437.0 1553.0 4955.0 1.000 1.000 1.000
v -4437.0 518.0 4733.0 1.000 1.000 1.000
v -4437.0 518.0 0.0 1.000 1.000 1.000
v -4437.0 1553.0 0.0 1.000 1.000 1.000
v -4437.0 1553.0 183.0 1.000 1.000 1.000
v -4437.0 518.0 571.0 1.000 1.000 1.000
v -4437.0 1553.0 5324.0 1.000 1.000 1.000
v -4437.0 518.0 5324.0 1.000 1.000 1.000
v 1627.0 -2071.0 2662.0 1.000 1.000 1.000
v 1627.0 -2145.0 2662.0 1.000 1.000 1.000
v 1627.0 -2145.0 5324.0 1.000 1.000 1.000
v 1627.0 -2071.0 5324.0 1.000 1.000 1.000
v 1627.0 -2071.0 0.0 1.000 1.000 1.000
v 1627.0 -2145.0 0.0 1.000 1.000 1.000
v 1775.0 -2071.0 5324.0 1.000 1.000 1.000
v 1775.0 -2071.0 2662.0 1.000 1.000 1.000
v 1627.0 -2071.0 2662.0 1.000 1.000 1.000
v 1627.0 -2071.0 5324.0 1.000 1.000 1.000
v 1775.0 -2071.0 0.0 1.000 1.000 1.000
v 1627.0 -2071.0 0.0 1.000 1.000 1.000
v 1627.0 -2071.0 -2662.0 1.000 1.000 1.000
v 1627.0 -2145.0 -2662.0 1.000 1.000 1.000
v 1627.0 -2071.0 -5324.0 1.000 1.000 1.000
v 1627.0 -2145.0 -5324.0 1.000 1.000 1.000
v 1775.0 -2071.0 0.0 1.000 1.000 1.000
v 1775.0 -2071.0 -2662.0 1.000 1.000 1.000
v 1627.0 -2071.0 -2662.0 1.000 1.000 1.000
v 1627.0 -2071.0 0.0 1.000 1.000 1.000
v 1775.0 -2071.0 -5324.0 1.000 1.000 1.000
v 1627.0 -2071.0 -5324.0 1.000 1.000 1.000
v -1627.0 -2071.0 -2662.0 1.000 1.000 1.000
v -1627.0 -2145.0 -2662.0 1.000 1.000 1.000
v -1627.0 -2145.0 -5324.0 1.000 1.000 1.000
v -1627.0 -2071.0 -5324.0 1.000 1.000 1.000
v -1627.0 -2071.0 0.0 1.000 1.000 1.000
v -1627.0 -2145.0 0.0 1.000 1.000 1.000
v -1775.0 -2071.0 -5324.0 1.000 1.000 1.000
v -1775.0 -2071.0 -2662.0 1.000 1.000 1.000
v -1627.0 -2071.0 -2662.0 1.000 1.000 1.000
v -1627.0 -2071.0 -5324.0 1.000 1.000 1.000
v -1775.0 -2071.0 -2662.0 1.000 1.000 1.000
v -1775.0 -2071.0 0.0 1.000 1.000 1.000
v -1627.0 -2071.0 0.0 1.000 1.000 1.000
v -1627.0 -2071.0 -2662.0 1.000 1.000 1.000
v -1627.0 -2071.0 2662.0 1.000 1.000 1.000
v -1627.0 -2145.0 2662.0 1.000 1.000 1.000
v -1627.0 -2145.0 0.0 1.000 1.000 1.000
v -1627.0 -2071.0 0.0 1.000 1.000 1.000
v -1627.0 -2071.0 5324.0 1.000 1.000 1.000
v -1627.0 -2145.0 5324.0 1.000 1.000 1.000
v -1775.0 -2071.0 2662.0 1.000 1.000 1.000
v -1627.0 -2071.0 2662.0 1.000 1.000 1.000
v -1775.0 -2071.0 5324.0 1.000 1.000 1.000
v -1627.0 -2071.0 5324.0 1.000 1.000 1.000
v -3993.0 222.0 0.0 1.000 1.000 1.000
v -3993.0 370.0 0.0 1.000 1.000 1.000
v -5768.0 370.0 0.0 1.000 1.000 1.000
v -5768.0 222.0 0.0 1.000 1.000 1.000
v -5768.0 222.0 -5324.0 1.000 1.000 1.000
v -5768.0 370.0 -5324.0 1.000 1.000 1.000
v -3993.0 370.0 -5324.0 1.000 1.000 1.000
v -3993.0 222.0 -5324.0 1.000 1.000 1.000
v -3919.0 1701.0 74.0 1.000 1.000 1.000
v -3919.0 1849.0 74.0 1.000 1.000 1.000
v -5768.0 1849.0 74.0 1.000 1.000 1.000
v -5768.0 1701.0 74.0 1.000 1.000 1.000
v -5768.0 1701.0 -5398.0 1.000 1.000 1.000
v -5768.0 1849.0 -5398.0 1.000 1.000 1.000
v -3919.0 1849.0 -5398.0 1.000 1.000 1.000
v -3919.0 1701.0 -5398.0 1.000 1.000 1.000
v -3993.0 222.0 -5324.0 1.000 1.000 1.000
v -3993.0 370.0 -5324.0 1.000 1.000 1.000
v -3993.0 370.0 0.0 1.000 1.000 1.000
v -3993.0 222.0 0.0 1.000 1.000 1.000
v -3919.0 1701.0 -5398.0 1.000 1.000 1.000
v -3919.0 1849.0 -5398.0 1.000 1.000 1.000
v -3919.0 1849.0 74.0 1.000 1.000 1.000
v -3919.0 1701.0 74.0 1.000 1.000 1.000
v -6212.0 1701.0 5324.0 1.000 1.000 1.000
v -6212.0 1553.0 5324.0 1.000 1.000 1.000
v -4437.0 1553.0 5324.0 1.000 1.000 1.000
v -4437.0 1701.0 5324.0 1.000 1.000 1.000
v -6212.0 370.0 5324.0 1.000 1.000 1.000
v -6212.0 296.0 5324.0 1.000 1.000 1.000
v -4437.0 296.0 5324.0 1.000 1.000 1.000
v -4437.0 370.0 5324.0 1.000 1.000 1.000
v -6212.0 -666.0 5324.0 1.000 1.000 1.000
v -6212.0 -813.0 5324.0 1.000 1.000 1.000
v -4437.0 -813.0 5324.0 1.000 1.000 1.000
v -4437.0 -666.0 5324.0 1.000 1.000 1.000
v -4437.0 296.0 813.0 1.000 1.000 1.000
v -4437.0 370.0 739.0 1.000 1.000 1.000
v -4437.0 370.0 4659.0 1.000 1.000 1.000
v -4437.0 296.0 4624.0 1.000 1.000 1.000
v -4437.0 296.0 0.0 1.000 1.000 1.000
v -4437.0 370.0 0.0 1.000 1.000 1.000
v -4437.0 370.0 739.0 1.000 1.000 1.000
v -4437.0 296.0 813.0 1.000 1.000 1.000
v -4437.0 -813.0 1479.0 1.000 1.000 1.000
v -4437.0 -666.0 1405.0 1.000 1.000 1.000
v -4437.0 -666.0 4273.0 1.000 1.000 1.000
v -4437.0 -813.0 4192.0 1.000 1.000 1.000
v -4437.0 -813.0 0.0 1.000 1.000 1.000
v -4437.0 -666.0 0.0 1.000 1.000 1.000
v -4437.0 -666.0 1405.0 1.000 1.000 1.000
v -4437.0 -813.0 1479.0 1.000 1.000 1.000
v -4437.0 -813.0 4192.0 1.000 1.000 1.000
v -4437.0 -666.0 4273.0 1.000 1.000 1.000
v -4437.0 -666.0 5324.0 1.000 1.000 1.000
v -4437.0 -813.0 5324.0 1.000 1.000 1.000
v -4437.0 1553.0 183.0 1.000 1.000 1.000
v -4437.0 1701.0 118.0 1.000 1.000 1.000
v -4437.0 1701.0 5038.0 1.000 1.000 1.000
v -4437.0 1553.0 4955.0 1.000 1.000 1.000
v -4437.0 1553.0 0.0 1.000 1.000 1.000
v -4437.0 1701.0 0.0 1.000 1.000 1.000
v -4437.0 1701.0 118.0 1.000 1.000 1.000
v -4437.0 1553.0 183.0 1.000 1.000 1.000
v -4437.0 296.0 4624.0 1.000 1.000 1.000
v -4437.0 370.0 4659.0 1.000 1.000 1.000
v -4437.0 370.0 5324.0 1.000 1.000 1.000
v -4437.0 296.0 5324.0 1.000 1.000 1.000
v -4437.0 1553.0 4955.0 1.000 1.000 1.000
v -4437.0 1701.0 5038.0 1.000 1.000 1.000
v -4437.0 1701.0 5324.0 1.000 1.000 1.000
v -4437.0 1553.0 5324.0 1.000 1.000 1.000
v 2662.0 370.0 5324.0 1.000 1.000 1.000
v 2662.0 444.0 5324.0 1.000 1.000 1.000
v 2662.0 444.0 0.0 1.000 1.000 1.000
v 2662.0 370.0 0.0 1.000 1.000 1.000
v 2662.0 1627.0 5324.0 1.000 1.000 1.000
v 2662.0 1775.0 5324.0 1.000 1.000 1.000
v 2662.0 1775.0 0.0 1.000 1.000 1.000
v 2662.0 1627.0 0.0 1.000 1.000 1.000
v 5398.0 1627.0 0.0 1.000 1.000 1.000
v 2662.0 1627.0 0.0 1.000 1.000 1.000
v 2662.0 1775.0 0.0 1.000 1.000 1.000
v 5398.0 1775.0 0.0 1.000 1.000 1.000
v 5398.0 370.0 0.0 1.000 1.000 1.000
v 2662.0 370.0 0.0 1.000 1.000 1.000
v 2662.0 444.0 0.0 1.000 1.000 1.000
v 5398.0 444.0 0.0 1.000 1.000 1.000
v 5398.0 1775.0 5324.0 1.000 1.000 1.000
v 2662.0 1775.0 5324.0 1.000 1.000 1.000
v 2662.0 1627.0 5324.0 1.000 1.000 1.000
v 5398.0 1627.0 5324.0 1.000 1.000 1.000
v 5398.0 444.0 5324.0 1.000 1.000 1.000
v 2662.0 444.0 5324.0 1.000 1.000 1.000
v 2662.0 370.0 5324.0 1.000 1.000 1.000
v 5398.0 370.0 5324.0 1.000 1.000 1.000
v 6212.0 1849.0 -5324.0 1.000 1.000 1.000
v 6212.0 518.0 -5324.0 1.000 1.000 1.000
v 3550.0 518.0 -5324.0 1.000 1.000 1.000
v 3550.0 1849.0 -5324.0 1.000 1.000 1.000
v 3550.0 1849.0 -248.0 1.000 1.000 1.000
v 3550.0 518.0 -490.0 1.000 1.000 1.000
v 3550.0 518.0 0.0 1.000 1.000 1.000
v 3550.0 1849.0 0.0 1.000 1.000 1.000
v 3550.0 518.0 -490.0 1.000 1.000 1.000
v 3550.0 1849.0 -248.0 1.000 1.000 1.000
v 3550.0 1849.0 -5324.0 1.000 1.000 1.000
v 3550.0 518.0 -5324.0 1.000 1.000 1.000
v 2662.0 -666.0 5324.0 1.000 1.000 1.000
v 2662.0 370.0 5324.0 1.000 1.000 1.000
v 2662.0 370.0 0.0 1.000 1.000 1.000
v 2662.0 -666.0 0.0 1.000 1.000 1.000
v 5398.0 -666.0 0.0 1.000 1.000 1.000
v 2662.0 -666.0 0.0 1.000 1.000 1.000
v 2662.0 370.0 0.0 1.000 1.000 1.000
v 5398.0 370.0 0.0 1.000 1.000 1.000
v 5398.0 370.0 5324.0 1.000 1.000 1.000
v 2662.0 370.0 5324.0 1.000 1.000 1.000
v 2662.0 -666.0 5324.0 1.000 1.000 1.000
v 5398.0 -666.0 5324.0 1.000 1.000 1.000
v -3919.0 -1701.0 74.0 1.000 1.000 1.000
v -3993.0 -1627.0 0.0 1.000 1.000 1.000
v -5768.0 -1627.0 0.0 1.000 1.000 1.000
v -5768.0 -1701.0 74.0 1.000 1.000 1.000
v -3993.0 -666.0 0.0 1.000 1.000 1.000
v -3919.0 -592.0 74.0 1.000 1.000 1.000
v -5768.0 -592.0 74.0 1.000 1.000 1.000
v -5768.0 -666.0 0.0 1.000 1.000 1.000
v -3993.0 370.0 0.0 1.000 1.000 1.000
v -3919.0 444.0 74.0 1.000 1.000 1.000
v -5768.0 444.0 74.0 1.000 1.000 1.000
v -5768.0 370.0 0.0 1.000 1.000 1.000
v -3919.0 1849.0 74.0 1.000 1.000 1.000
v -3845.0 1923.0 148.0 1.000 1.000 1.000
v -5768.0 1923.0 148.0 1.000 1.000 1.000
v -5768.0 1849.0 74.0 1.000 1.000 1.000
v -5768.0 370.0 -5324.0 1.000 1.000 1.000
v -5768.0 444.0 -5398.0 1.000 1.000 1.000
v -3919.0 444.0 -5398.0 1.000 1.000 1.000
v -3993.0 370.0 -5324.0 1.000 1.000 1.000
v -5768.0 1849.0 -5398.0 1.000 1.000 1.000
v -5768.0 1923.0 -5472.0 1.000 1.000 1.000
v -3845.0 1923.0 -5472.0 1.000 1.000 1.000
v -3919.0 1849.0 -5398.0 1.000 1.000 1.000
v -5768.0 -666.0 -5324.0 1.000 1.000 1.000
v -5768.0 -592.0 -5398.0 1.000 1.000 1.000
v -3919.0 -592.0 -5398.0 1.000 1.000 1.000
v -3993.0 -666.0 -5324.0 1.000 1.000 1.000
v -5768.0 -1701.0 -5398.0 1.000 1.000 1.000
v -5768.0 -1627.0 -5324.0 1.000 1.000 1.000
v -3993.0 -1627.0 -5324.0 1.000 1.000 1.000
v -3919.0 -1701.0 -5398.0 1.000 1.000 1.000
v -3919.0 -1701.0 -5398.0 1.000 1.000 1.000
v -3993.0 -1627.0 -5324.0 1.000 1.000 1.000
v -3993.0 -1627.0 0.0 1.000 1.000 1.000
v -3919.0 -1701.0 74.0 1.000 1.000 1.000
v -3993.0 -666.0 -5324.0 1.000 1.000 1.000
v -3919.0 -592.0 -5398.0 1.000 1.000 1.000
v -3919.0 -592.0 74.0 1.000 1.000 1.000
v -3993.0 -666.0 0.0 1.000 1.000 1.000
v -3993.0 370.0 -5324.0 1.000 1.000 1.000
v -3919.0 444.0 -5398.0 1.000 1.000 1.000
v -3919.0 444.0 74.0 1.000 1.000 1.000
v -3993.0 370.0 0.0 1.000 1.000 1.000
v -3919.0 1849.0 -5398.0 1.000 1.000 1.000
v -3845.0 1923.0 -5472.0 1.000 1.000 1.000
v -3845.0 1923.0 148.0 1.000 1.000 1.000
v -3919.0 1849.0 74.0 1.000 1.000 1.000
v -6212.0 518.0 5472.0 1.000 1.000 1.000
v -6212.0 370.0 5324.0 1.000 1.000 1.000
v -4437.0 370.0 5324.0 1.000 1.000 1.000
v -4289.0 518.0 5472.0 1.000 1.000 1.000
v -4437.0 370.0 739.0 1.000 1.000 1.000
v -4289.0 518.0 571.0 1.000 1.000 1.000
v -4289.0 518.0 4733.0 1.000 1.000 1.000
v -4437.0 370.0 4659.0 1.000 1.000 1.000
v -4437.0 370.0 0.0 1.000 1.000 1.000
v -4289.0 518.0 -148.0 1.000 1.000 1.000
v -4289.0 518.0 571.0 1.000 1.000 1.000
v -4437.0 370.0 739.0 1.000 1.000 1.000
v -4437.0 370.0 4659.0 1.000 1.000 1.000
v -4289.0 518.0 4733.0 1.000 1.000 1.000
v -4289.0 518.0 5472.0 1.000 1.000 1.000
v -4437.0 370.0 5324.0 1.000 1.000 1.000
v 2662.0 -666.0 5324.0 1.000 1.000 1.000
v 2588.0 -592.0 5398.0 1.000 1.000 1.000
v 2588.0 -592.0 -74.0 1.000 1.000 1.000
v 2662.0 -666.0 0.0 1.000 1.000 1.000
v 2662.0 1775.0 5324.0 1.000 1.000 1.000
v 2588.0 1849.0 5398.0 1.000 1.000 1.000
v 2588.0 1849.0 -74.0 1.000 1.000 1.000
v 2662.0 1775.0 0.0 1.000 1.000 1.000
v 5398.0 1775.0 0.0 1.000 1.000 1.000
v 2662.0 1775.0 0.0 1.000 1.000 1.000
v 2588.0 1849.0 -74.0 1.000 1.000 1.000
v 5398.0 1849.0 -74.0 1.000 1.000 1.000
v 5398.0 -666.0 0.0 1.000 1.000 1.000
v 2662.0 -666.0 0.0 1.000 1.000 1.000
v 2588.0 -592.0 -74.0 1.000 1.000 1.000
v 5398.0 -592.0 -74.0 1.000 1.000 1.000
v 5398.0 1849.0 5398.0 1.000 1.000 1.000
v 2588.0 1849.0 5398.0 1.000 1.000 1.000
v 2662.0 1775.0 5324.0 1.000 1.000 1.000
v 5398.0 1775.0 5324.0 1.000 1.000 1.000
v 5398.0 -592.0 5398.0 1.000 1.000 1.000
v 2588.0 -592.0 5398.0 1.000 1.000 1.000
v 2662.0 -666.0 5324.0 1.000 1.000 1.000
v 5398.0 -666.0 5324.0 1.000 1.000 1.000
v 6212.0 -1701.0 -5324.0 1.000 1.000 1.000
v 6212.0 -2071.0 -5324.0 1.000 1.000 1.000
v 3550.0 -2071.0 -5324.0 1.000 1.000 1.000
v 3550.0 -1701.0 -5324.0 1.000 1.000 1.000
v 3550.0 -1701.0 -1072.0 1.000 1.000 1.000
v 3550.0 -2071.0 -1194.0 1.000 1.000 1.000
v 3550.0 -2071.0 0.0 1.000 1.000 1.000
v 3550.0 -1701.0 0.0 1.000 1.000 1.000
v 3550.0 -1701.0 -1072.0 1.000 1.000 1.000
v 3550.0 -1701.0 -5324.0 1.000 1.000 1.000
v 3550.0 -2071.0 -5324.0 1.000 1.000 1.000
v 3550.0 -2071.0 -1194.0 1.000 1.000 1.000
v -3919.0 -2071.0 74.0 1.000 1.000 1.000
v -3919.0 -1701.0 74.0 1.000 1.000 1.000
v -5768.0 -1701.0 74.0 1.000 1.000 1.000
v -5768.0 -2071.0 74.0 1.000 1.000 1.000
v -5768.0 -2071.0 -5398.0 1.000 1.000 1.000
v -5768.0 -1701.0 -5398.0 1.000 1.000 1.000
v -3919.0 -1701.0 -5398.0 1.000 1.000 1.000
v -3919.0 -2071.0 -5398.0 1.000 1.000 1.000
v -3919.0 -2071.0 -5398.0 1.000 1.000 1.000
v -3919.0 -1701.0 -5398.0 1.000 1.000 1.000
v -3919.0 -1701.0 74.0 1.000 1.000 1.000
v -3919.0 -2071.0 74.0 1.000 1.000 1.000
v 2662.0 -2071.0 1035.0 1.000 1.000 1.000
v 2662.0 -1923.0 1035.0 1.000 1.000 1.000
v 2662.0 -1923.0 0.0 1.000 1.000 1.000
v 2662.0 -2071.0 0.0 1.000 1.000 1.000
v 2662.0 -2071.0 1035.0 1.000 1.000 1.000
v 2736.0 -2071.0 1109.0 1.000 1.000 1.000
v 2736.0 -1923.0 1109.0 1.000 1.000 1.000
v 2662.0 -1923.0 1035.0 1.000 1.000 1.000
v 2736.0 -2071.0 1997.0 1.000 1.000 1.000
v 2662.0 -2071.0 2071.0 1.000 1.000 1.000
v 2662.0 -1923.0 2071.0 1.000 1.000 1.000
v 2736.0 -1923.0 1997.0 1.000 1.000 1.000
v 2662.0 -2071.0 2071.0 1.000 1.000 1.000
v 2662.0 -2071.0 5324.0 1.000 1.000 1.000
v 2662.0 -1923.0 5324.0 1.000 1.000 1.000
v 2662.0 -1923.0 2071.0 1.000 1.000 1.000
v 5398.0 -2071.0 0.0 1.000 1.000 1.000
v 2662.0 -2071.0 0.0 1.000 1.000 1.000
v 2662.0 -1923.0 0.0 1.000 1.000 1.000
v 5398.0 -1923.0 0.0 1.000 1.000 1.000
v 5398.0 -1923.0 5324.0 1.000 1.000 1.000
v 2662.0 -1923.0 5324.0 1.000 1.000 1.000
v 2662.0 -2071.0 5324.0 1.000 1.000 1.000
v 5398.0 -2071.0 5324.0 1.000 1.000 1.000
v 0.0 -2145.0 5324.0 1.000 1.000 1.000
v 1627.0 -2145.0 5324.0 1.000 1.000 1.000
v 1627.0 -2145.0 2662.0 1.000 1.000 1.000
v 0.0 -2145.0 0.0 1.000 1.000 1.000
v 1627.0 -2145.0 0.0 1.000 1.000 1.000
v 1627.0 -2145.0 -2662.0 1.000 1.000 1.000
v 0.0 -2145.0 -5324.0 1.000 1.000 1.000
v 1627.0 -2145.0 -5324.0 1.000 1.000 1.000
v -1627.0 -2145.0 -5324.0 1.000 1.000 1.000
v -1627.0 -2145.0 -2662.0 1.000 1.000 1.000
v -1627.0 -2145.0 0.0 1.000 1.000 1.000
v -1627.0 -2145.0 2662.0 1.000 1.000 1.000
v -1627.0 -2145.0 5324.0 1.000 1.000 1.000
v 2736.0 -1405.0 1553.0 1.000 1.000 1.000
v 2736.0 -739.0 1553.0 1.000 1.000 1.000
v 2736.0 -739.0 1109.0 1.000 1.000 1.000
v 2736.0 -1405.0 1553.0 1.000 1.000 1.000
v 2736.0 -739.0 1109.0 1.000 1.000 1.000
v 2736.0 -1405.0 1109.0 1.000 1.000 1.000
v 2736.0 -1405.0 1997.0 1.000 1.000 1.000
v 2736.0 -739.0 1997.0 1.000 1.000 1.000
v 2736.0 -739.0 1553.0 1.000 1.000 1.000
v 2736.0 -2071.0 1109.0 1.000 1.000 1.000
v 2736.0 -2071.0 1553.0 1.000 1.000 1.000
v 2736.0 -1405.0 1553.0 1.000 1.000 1.000
v 2736.0 -1405.0 1109.0 1.000 1.000 1.000
v 2736.0 -2071.0 1997.0 1.000 1.000 1.000
v 2736.0 -1405.0 1997.0 1.000 1.000 1.000
v -4363.0 1775.0 -74.0 1.000 1.000 1.000
v -4363.0 1923.0 -74.0 1.000 1.000 1.000
v -4363.0 1923.0 -74.0 1.000 1.000 1.000
v -4363.0 1775.0 74.0 1.000 1.000 1.000
v -3993.0 444.0 -592.0 1.000 1.000 1.000
v -3993.0 444.0 -1109.0 1.000 1.000 1.000
v -3993.0 518.0 -1109.0 1.000 1.000 1.000
v -3993.0 518.0 -592.0 1.000 1.000 1.000
v -3993.0 444.0 -4281.0 1.000 1.000 1.000
v -3993.0 444.0 -4799.0 1.000 1.000 1.000
v -3993.0 518.0 -4799.0 1.000 1.000 1.000
v -3993.0 518.0 -4281.0 1.000 1.000 1.000
v -3993.0 444.0 -3086.0 1.000 1.000 1.000
v -3993.0 444.0 -3603.0 1.000 1.000 1.000
v -3993.0 518.0 -3603.0 1.000 1.000 1.000
v -3993.0 518.0 -3086.0 1.000 1.000 1.000
v -3993.0 444.0 -1752.0 1.000 1.000 1.000
v -3993.0 444.0 -2269.0 1.000 1.000 1.000
v -3993.0 518.0 -2269.0 1.000 1.000 1.000
v -3993.0 518.0 -1752.0 1.000 1.000 1.000
v -4437.0 -518.0 1631.0 1.000 1.000 1.000
v -4437.0 -518.0 2097.0 1.000 1.000 1.000
v -4437.0 -592.0 2097.0 1.000 1.000 1.000
v -4437.0 -592.0 1631.0 1.000 1.000 1.000
v -4437.0 -518.0 3128.0 1.000 1.000 1.000
v -4437.0 -518.0 3594.0 1.000 1.000 1.000
v -4437.0 -592.0 3594.0 1.000 1.000 1.000
v -4437.0 -592.0 3128.0 1.000 1.000 1.000
v -4437.0 -518.0 4593.0 1.000 1.000 1.000
v -4437.0 -518.0 5059.0 1.000 1.000 1.000
v -4437.0 -592.0 5059.0 1.000 1.000 1.000
v -4437.0 -592.0 4593.0 1.000 1.000 1.000
v -4437.0 -518.0 469.0 1.000 1.000 1.000
v -4437.0 -518.0 935.0 1.000 1.000 1.000
v -4437.0 -592.0 935.0 1.000 1.000 1.000
v -4437.0 -592.0 469.0 1.000 1.000 1.000
v -4437.0 592.0 961.0 1.000 1.000 1.000
v -4437.0 592.0 666.0 1.000 1.000 1.000
v -4437.0 1405.0 666.0 1.000 1.000 1.000
v -4437.0 1405.0 961.0 1.000 1.000 1.000
v -4437.0 592.0 4644.0 1.000 1.000 1.000
v -4437.0 592.0 4348.0 1.000 1.000 1.000
v -4437.0 1405.0 4348.0 1.000 1.000 1.000
v -4437.0 1405.0 4644.0 1.000 1.000 1.000
v -4437.0 592.0 2066.0 1.000 1.000 1.000
v -4437.0 592.0 1770.0 1.000 1.000 1.000
v -4437.0 1405.0 1770.0 1.000 1.000 1.000
v -4437.0 1405.0 2066.0 1.000 1.000 1.000
v -4437.0 592.0 3464.0 1.000 1.000 1.000
v -4437.0 592.0 3168.0 1.000 1.000 1.000
v -4437.0 1405.0 3168.0 1.000 1.000 1.000
v -4437.0 1405.0 3464.0 1.000 1.000 1.000
v -4437.0 -518.0 2031.0 1.000 1.000 1.000
v -4437.0 -518.0 1698.0 1.000 1.000 1.000
v -4437.0 148.0 1698.0 1.000 1.000 1.000
v -4437.0 148.0 2031.0 1.000 1.000 1.000
v -4437.0 -518.0 3527.0 1.000 1.000 1.000
v -4437.0 -518.0 3194.0 1.000 1.000 1.000
v -4437.0 148.0 3194.0 1.000 1.000 1.000
v -4437.0 148.0 3527.0 1.000 1.000 1.000
v -4437.0 -518.0 4993.0 1.000 1.000 1.000
v -4437.0 -518.0 4660.0 1.000 1.000 1.000
v -4437.0 148.0 4660.0 1.000 1.000 1.000
v -4437.0 148.0 4993.0 1.000 1.000 1.000
v 2662.0 -515.0 4566.0 1.000 1.000 1.000
v 2662.0 217.0 4566.0 1.000 1.000 1.000
v 2662.0 217.0 4240.0 1.000 1.000 1.000
v 2662.0 -515.0 4240.0 1.000 1.000 1.000
v 2662.0 -515.0 1115.0 1.000 1.000 1.000
v 2662.0 217.0 1115.0 1.000 1.000 1.000
v 2662.0 217.0 789.0 1.000 1.000 1.000
v 2662.0 -515.0 789.0 1.000 1.000 1.000
v 2662.0 -515.0 3489.0 1.000 1.000 1.000
v 2662.0 217.0 3489.0 1.000 1.000 1.000
v 2662.0 217.0 3163.0 1.000 1.000 1.000
v 2662.0 -515.0 3163.0 1.000 1.000 1.000
v 2662.0 -515.0 2192.0 1.000 1.000 1.000
v 2662.0 217.0 2192.0 1.000 1.000 1.000
v 2662.0 217.0 1867.0 1.000 1.000 1.000
v 2662.0 -515.0 1867.0 1.000 1.000 1.000
v 3550.0 592.0 -3157.0 1.000 1.000 1.000
v 3550.0 1405.0 -3157.0 1.000 1.000 1.000
v 3550.0 1405.0 -3600.0 1.000 1.000 1.000
v 3550.0 592.0 -3600.0 1.000 1.000 1.000
v -3993.0 148.0 -1035.0 1.000 1.000 1.000
v -3993.0 148.0 -739.0 1.000 1.000 1.000
v -3993.0 -518.0 -739.0 1.000 1.000 1.000
v -3993.0 -518.0 -1035.0 1.000 1.000 1.000
v -3993.0 148.0 -4669.0 1.000 1.000 1.000
v -3993.0 148.0 -4374.0 1.000 1.000 1.000
v -3993.0 -518.0 -4374.0 1.000 1.000 1.000
v -3993.0 -518.0 -4669.0 1.000 1.000 1.000
v -3993.0 148.0 -3543.0 1.000 1.000 1.000
v -3993.0 148.0 -3247.0 1.000 1.000 1.000
v -3993.0 -518.0 -3247.0 1.000 1.000 1.000
v -3993.0 -518.0 -3543.0 1.000 1.000 1.000
v -3993.0 148.0 -2101.0 1.000 1.000 1.000
v -3993.0 148.0 -1805.0 1.000 1.000 1.000
v -3993.0 -518.0 -1805.0 1.000 1.000 1.000
v -3993.0 -518.0 -2101.0 1.000 1.000 1.000
v -3993.0 1257.0 -1035.0 1.000 1.000 1.000
v -3993.0 1257.0 -666.0 1.000 1.000 1.000
v -3993.0 518.0 -666.0 1.000 1.000 1.000
v -3993.0 518.0 -1035.0 1.000 1.000 1.000
v -4437.0 -1627.0 1850.0 1.000 1.000 1.000
v -4437.0 -928.0 1850.0 1.000 1.000 1.000
v -4437.0 -928.0 2220.0 1.000 1.000 1.000
v -4437.0 -1627.0 2220.0 1.000 1.000 1.000
v -4437.0 -1627.0 3129.0 1.000 1.000 1.000
v -4437.0 -928.0 3129.0 1.000 1.000 1.000
v -4437.0 -928.0 3499.0 1.000 1.000 1.000
v -4437.0 -1627.0 3499.0 1.000 1.000 1.000
v -4437.0 -1627.0 517.0 1.000 1.000 1.000
v -4437.0 -928.0 517.0 1.000 1.000 1.000
v -4437.0 -928.0 886.0 1.000 1.000 1.000
v -4437.0 -1627.0 886.0 1.000 1.000 1.000
v -4437.0 -1627.0 4415.0 1.000 1.000 1.000
v -4437.0 -928.0 4415.0 1.000 1.000 1.000
v -4437.0 -928.0 4785.0 1.000 1.000 1.000
v -4437.0 -1627.0 4785.0 1.000 1.000 1.000
v -4437.0 -518.0 869.0 1.000 1.000 1.000
v -4437.0 -518.0 536.0 1.000 1.000 1.000
v -4437.0 148.0 536.0 1.000 1.000 1.000
v -4437.0 148.0 869.0 1.000 1.000 1.000
v 2662.0 -1537.0 3489.0 1.000 1.000 1.000
v 2662.0 -805.0 3489.0 1.000 1.000 1.000
v 2662.0 -805.0 3163.0 1.000 1.000 1.000
v 2662.0 -1537.0 3163.0 1.000 1.000 1.000
v 2662.0 -1537.0 4549.0 1.000 1.000 1.000
v 2662.0 -805.0 4549.0 1.000 1.000 1.000
v 2662.0 -805.0 4223.0 1.000 1.000 1.000
v 2662.0 -1537.0 4223.0 1.000 1.000 1.000
v 3550.0 -1701.0 -2506.0 1.000 1.000 1.000
v 3550.0 -969.0 -2506.0 1.000 1.000 1.000
v 3550.0 -969.0 -2864.0 1.000 1.000 1.000
v 3550.0 -1701.0 -2864.0 1.000 1.000 1.000
v 3550.0 -370.0 -4251.0 1.000 1.000 1.000
v 3550.0 296.0 -4251.0 1.000 1.000 1.000
v 3550.0 296.0 -4546.0 1.000 1.000 1.000
v 3550.0 -370.0 -4546.0 1.000 1.000 1.000
v 3550.0 592.0 -4388.0 1.000 1.000 1.000
v 3550.0 1405.0 -4388.0 1.000 1.000 1.000
v 3550.0 1405.0 -4831.0 1.000 1.000 1.000
v 3550.0 592.0 -4831.0 1.000 1.000 1.000
v 3550.0 592.0 -1780.0 1.000 1.000 1.000
v 3550.0 1405.0 -1780.0 1.000 1.000 1.000
v 3550.0 1405.0 -2224.0 1.000 1.000 1.000
v 3550.0 592.0 -2224.0 1.000 1.000 1.000
v -3993.0 -1627.0 -1035.0 1.000 1.000 1.000
v -3993.0 -961.0 -1035.0 1.000 1.000 1.000
v -3993.0 -961.0 -666.0 1.000 1.000 1.000
v -3993.0 -1627.0 -666.0 1.000 1.000 1.000
v -3993.0 -1627.0 -4695.0 1.000 1.000 1.000
v -3993.0 -961.0 -4695.0 1.000 1.000 1.000
v -3993.0 -961.0 -4325.0 1.000 1.000 1.000
v -3993.0 -1627.0 -4325.0 1.000 1.000 1.000
v -3993.0 -1627.0 -3584.0 1.000 1.000 1.000
v -3993.0 -961.0 -3584.0 1.000 1.000 1.000
v -3993.0 -961.0 -3214.0 1.000 1.000 1.000
v -3993.0 -1627.0 -3214.0 1.000 1.000 1.000
v -3993.0 -1627.0 -2148.0 1.000 1.000 1.000
v -3993.0 -961.0 -2148.0 1.000 1.000 1.000
v -3993.0 -961.0 -1778.0 1.000 1.000 1.000
v -3993.0 -1627.0 -1778.0 1.000 1.000 1.000
v -3993.0 1257.0 -4725.0 1.000 1.000 1.000
v -3993.0 1257.0 -4355.0 1.000 1.000 1.000
v -3993.0 518.0 -4355.0 1.000 1.000 1.000
v -3993.0 518.0 -4725.0 1.000 1.000 1.000
v -3993.0 1257.0 -3529.0 1.000 1.000 1.000
v -3993.0 1257.0 -3160.0 1.000 1.000 1.000
v -3993.0 518.0 -3160.0 1.000 1.000 1.000
v -3993.0 518.0 -3529.0 1.000 1.000 1.000
v -3993.0 1257.0 -2195.0 1.000 1.000 1.000
v -3993.0 1257.0 -1825.0 1.000 1.000 1.000
v -3993.0 518.0 -1825.0 1.000 1.000 1.000
v -3993.0 518.0 -2195.0 1.000 1.000 1.000
v 2662.0 777.0 4566.0 1.000 1.000 1.000
v 2662.0 1510.0 4566.0 1.000 1.000 1.000
v 2662.0 1510.0 4240.0 1.000 1.000 1.000
v 2662.0 777.0 4240.0 1.000 1.000 1.000
v 2662.0 777.0 3489.0 1.000 1.000 1.000
v 2662.0 1510.0 3489.0 1.000 1.000 1.000
v 2662.0 1510.0 3163.0 1.000 1.000 1.000
v 2662.0 777.0 3163.0 1.000 1.000 1.000
v 2662.0 777.0 2192.0 1.000 1.000 1.000
v 2662.0 1510.0 2192.0 1.000 1.000 1.000
v 2662.0 1510.0 1867.0 1.000 1.000 1.000
v 2662.0 777.0 1867.0 1.000 1.000 1.000
v 2662.0 777.0 1115.0 1.000 1.000 1.000
v 2662.0 1510.0 1115.0 1.000 1.000 1.000
v 2662.0 1510.0 789.0 1.000 1.000 1.000
v 2662.0 777.0 789.0 1.000 1.000 1.000
v 3550.0 -370.0 -738.0 1.000 1.000 1.000
v 3550.0 -370.0 -1182.0 1.000 1.000 1.000
v 3550.0 -444.0 -1182.0 1.000 1.000 1.000
v 3550.0 -444.0 -738.0 1.000 1.000 1.000
v 3550.0 -370.0 -4177.0 1.000 1.000 1.000
v 3550.0 -370.0 -4620.0 1.000 1.000 1.000
v 3550.0 -444.0 -4620.0 1.000 1.000 1.000
v 3550.0 -444.0 -4177.0 1.000 1.000 1.000
v 3550.0 -370.0 -3082.0 1.000 1.000 1.000
v 3550.0 -370.0 -3526.0 1.000 1.000 1.000
v 3550.0 -444.0 -3526.0 1.000 1.000 1.000
v 3550.0 -444.0 -3082.0 1.000 1.000 1.000
v 3550.0 -370.0 -1840.0 1.000 1.000 1.000
v 3550.0 -370.0 -2283.0 1.000 1.000 1.000
v 3550.0 -444.0 -2283.0 1.000 1.000 1.000
v 3550.0 -444.0 -1840.0 1.000 1.000 1.000
v -3993.0 -592.0 -666.0 1.000 1.000 1.000
v -3993.0 -592.0 -1109.0 1.000 1.000 1.000
v -3993.0 -518.0 -1109.0 1.000 1.000 1.000
v -3993.0 -518.0 -666.0 1.000 1.000 1.000
v -3993.0 -592.0 -4300.0 1.000 1.000 1.000
v -3993.0 -592.0 -4743.0 1.000 1.000 1.000
v -3993.0 -518.0 -4743.0 1.000 1.000 1.000
v -3993.0 -518.0 -4300.0 1.000 1.000 1.000
v -3993.0 -592.0 -3174.0 1.000 1.000 1.000
v -3993.0 -592.0 -3617.0 1.000 1.000 1.000
v -3993.0 -518.0 -3617.0 1.000 1.000 1.000
v -3993.0 -518.0 -3174.0 1.000 1.000 1.000
v -3993.0 -592.0 -1731.0 1.000 1.000 1.000
v -3993.0 -592.0 -2175.0 1.000 1.000 1.000
v -3993.0 -518.0 -2175.0 1.000 1.000 1.000
v -3993.0 -518.0 -1731.0 1.000 1.000 1.000
v -4437.0 592.0 592.0 1.000 1.000 1.000
v -4437.0 592.0 1035.0 1.000 1.000 1.000
v -4437.0 518.0 1035.0 1.000 1.000 1.000
v -4437.0 518.0 592.0 1.000 1.000 1.000
v -4437.0 592.0 4274.0 1.000 1.000 1.000
v -4437.0 592.0 4718.0 1.000 1.000 1.000
v -4437.0 518.0 4718.0 1.000 1.000 1.000
v -4437.0 518.0 4274.0 1.000 1.000 1.000
v -4437.0 592.0 1696.0 1.000 1.000 1.000
v -4437.0 592.0 2140.0 1.000 1.000 1.000
v -4437.0 518.0 2140.0 1.000 1.000 1.000
v -4437.0 518.0 1696.0 1.000 1.000 1.000
v -4437.0 592.0 3094.0 1.000 1.000 1.000
v -4437.0 592.0 3538.0 1.000 1.000 1.000
v -4437.0 518.0 3538.0 1.000 1.000 1.000
v -4437.0 518.0 3094.0 1.000 1.000 1.000
v 2662.0 -1537.0 3570.0 1.000 1.000 1.000
v 2662.0 -1537.0 3082.0 1.000 1.000 1.000
v 2662.0 -1619.0 3082.0 1.000 1.000 1.000
v 2662.0 -1619.0 3570.0 1.000 1.000 1.000
v 2662.0 -1537.0 4630.0 1.000 1.000 1.000
v 2662.0 -1537.0 4142.0 1.000 1.000 1.000
v 2662.0 -1619.0 4142.0 1.000 1.000 1.000
v 2662.0 -1619.0 4630.0 1.000 1.000 1.000
v 2662.0 -515.0 4647.0 1.000 1.000 1.000
v 2662.0 -515.0 4159.0 1.000 1.000 1.000
v 2662.0 -596.0 4159.0 1.000 1.000 1.000
v 2662.0 -596.0 4647.0 1.000 1.000 1.000
v 2662.0 -515.0 1196.0 1.000 1.000 1.000
v 2662.0 -515.0 708.0 1.000 1.000 1.000
v 2662.0 -596.0 708.0 1.000 1.000 1.000
v 2662.0 -596.0 1196.0 1.000 1.000 1.000
v 2662.0 -515.0 3570.0 1.000 1.000 1.000
v 2662.0 -515.0 3082.0 1.000 1.000 1.000
v 2662.0 -596.0 3082.0 1.000 1.000 1.000
v 2662.0 -596.0 3570.0 1.000 1.000 1.000
v 2662.0 -515.0 2273.0 1.000 1.000 1.000
v 2662.0 -515.0 1785.0 1.000 1.000 1.000
v 2662.0 -596.0 1785.0 1.000 1.000 1.000
v 2662.0 -596.0 2273.0 1.000 1.000 1.000
v 2662.0 777.0 4647.0 1.000 1.000 1.000
v 2662.0 777.0 4159.0 1.000 1.000 1.000
v 2662.0 696.0 4159.0 1.000 1.000 1.000
v 2662.0 696.0 4647.0 1.000 1.000 1.000
v 2662.0 777.0 3570.0 1.000 1.000 1.000
v 2662.0 777.0 3082.0 1.000 1.000 1.000
v 2662.0 696.0 3082.0 1.000 1.000 1.000
v 2662.0 696.0 3570.0 1.000 1.000 1.000
v 2662.0 777.0 2273.0 1.000 1.000 1.000
v 2662.0 777.0 1785.0 1.000 1.000 1.000
v 2662.0 696.0 1785.0 1.000 1.000 1.000
v 2662.0 696.0 2273.0 1.000 1.000 1.000
v 2662.0 777.0 1196.0 1.000 1.000 1.000
v 2662.0 777.0 708.0 1.000 1.000 1.000
v 2662.0 696.0 708.0 1.000 1.000 1.000
v 2662.0 696.0 1196.0 1.000 1.000 1.000
v 3550.0 592.0 -4314.0 1.000 1.000 1.000
v 3550.0 592.0 -4905.0 1.000 1.000 1.000
v 3550.0 518.0 -4905.0 1.000 1.000 1.000
v 3550.0 518.0 -4314.0 1.000 1.000 1.000
v 3550.0 592.0 -3083.0 1.000 1.000 1.000
v 3550.0 592.0 -3674.0 1.000 1.000 1.000
v 3550.0 518.0 -3674.0 1.000 1.000 1.000
v 3550.0 518.0 -3083.0 1.000 1.000 1.000
v 3550.0 592.0 -1706.0 1.000 1.000 1.000
v 3550.0 592.0 -2298.0 1.000 1.000 1.000
v 3550.0 518.0 -2298.0 1.000 1.000 1.000
v 3550.0 518.0 -1706.0 1.000 1.000 1.000
v 3550.0 592.0 -490.0 1.000 1.000 1.000
v 3550.0 592.0 -1081.0 1.000 1.000 1.000
v 3550.0 518.0 -1081.0 1.000 1.000 1.000
v 3550.0 518.0 -490.0 1.000 1.000 1.000
v 3550.0 -1701.0 -1122.0 1.000 1.000 1.000
v 3550.0 -969.0 -1122.0 1.000 1.000 1.000
v 3550.0 -969.0 -1480.0 1.000 1.000 1.000
v 3550.0 -1701.0 -1480.0 1.000 1.000 1.000
v 3550.0 -1701.0 -4021.0 1.000 1.000 1.000
v 3550.0 -969.0 -4021.0 1.000 1.000 1.000
v 3550.0 -969.0 -4379.0 1.000 1.000 1.000
v 3550.0 -1701.0 -4379.0 1.000 1.000 1.000
v 3550.0 -370.0 -812.0 1.000 1.000 1.000
v 3550.0 296.0 -812.0 1.000 1.000 1.000
v 3550.0 296.0 -1108.0 1.000 1.000 1.000
v 3550.0 -370.0 -1108.0 1.000 1.000 1.000
v 3550.0 -370.0 -3156.0 1.000 1.000 1.000
v 3550.0 296.0 -3156.0 1.000 1.000 1.000
v 3550.0 296.0 -3452.0 1.000 1.000 1.000
v 3550.0 -370.0 -3452.0 1.000 1.000 1.000
v 3550.0 -370.0 -1913.0 1.000 1.000 1.000
v 3550.0 296.0 -1913.0 1.000 1.000 1.000
v 3550.0 296.0 -2209.0 1.000 1.000 1.000
v 3550.0 -370.0 -2209.0 1.000 1.000 1.000
v 3550.0 592.0 -564.0 1.000 1.000 1.000
v 3550.0 1405.0 -564.0 1.000 1.000 1.000
v 3550.0 1405.0 -1007.0 1.000 1.000 1.000
v 3550.0 592.0 -1007.0 1.000 1.000 1.000
v -3993.0 -799.0 -1035.0 1.000 1.000 1.000
v -3993.0 -799.0 -666.0 1.000 1.000 1.000
v -3993.0 -961.0 -666.0 1.000 1.000 1.000
v -3993.0 -961.0 -1035.0 1.000 1.000 1.000
v -3993.0 -799.0 -4695.0 1.000 1.000 1.000
v -3993.0 -799.0 -4325.0 1.000 1.000 1.000
v -3993.0 -961.0 -4325.0 1.000 1.000 1.000
v -3993.0 -961.0 -4695.0 1.000 1.000 1.000
v -3993.0 -799.0 -3584.0 1.000 1.000 1.000
v -3993.0 -799.0 -3214.0 1.000 1.000 1.000
v -3993.0 -961.0 -3214.0 1.000 1.000 1.000
v -3993.0 -961.0 -3584.0 1.000 1.000 1.000
v -3993.0 -799.0 -2148.0 1.000 1.000 1.000
v -3993.0 -799.0 -1778.0 1.000 1.000 1.000
v -3993.0 -961.0 -1778.0 1.000 1.000 1.000
v -3993.0 -961.0 -2148.0 1.000 1.000 1.000
vt 9.2412 -6.8740
vt 6.7930 -2.6416
vt 9.6313 -4.9814
vt 3.5645 -2.1943
vt 3.9546 -0.3018
vt 1.9131 -3.0469
vt 1.1162 2.0381
vt -2.5020 0.5938
vt -1.7222 4.3779
vt 3.1748 -4.0869
vt 3.8569 -14.9688
vt 4.4058 -6.5068
vt 6.1401 -12.1748
vt 0.3398 -3.4756
vt 2.6709 -0.8389
vt -1.3848 0.0391
vt 0.9365 4.8291
vt -2.5410 3.8184
vt -0.7979 10.4971
vt -0.1323 -4.0537
vt -3.0020 7.7988
vt -3.5527 7.1240
vt 4.7148 -3.3271
vt 4.6685 -3.1045
vt 5.7720 -4.0137
vt 5.6606 -4.1064
vt 3.2793 1.0088
vt 3.2793 -2.9902
vt -0.4131 -2.9902
vt -0.4131 1.0088
vt 7.0986 1.0000
vt 7.0986 -2.9785
vt -3.9189 -2.9785
vt -3.9189 1.0000
vt 1.6592 1.0098
vt 1.6592 -2.9883
vt -2.0312 -2.9883
vt -2.0312 1.0098
vt -2.7734 -3.5020
vt -2.7734 0.9932
vt 1.7217 0.9932
vt 1.7217 -3.5020
vt 11.1904 -3.1182
vt 11.4980 -3.4932
vt 1.8535 -3.4932
vt 2.5684 0.9990
vt 10.3750 0.9990
vt 0.0811 -3.4932
vt 0.0811 0.9990
vt 13.5576 0.9990
vt 13.5576 -3.4932
vt -8.2114 0.0391
vt -8.2114 1.0000
vt 4.0205 1.0000
vt 4.3599 0.0391
vt -8.3037 0.0234
vt -8.3037 1.0000
vt 4.1255 1.0000
vt 4.4707 0.0234
vt -6.7554 1.0000
vt -6.7554 1.6934
vt 2.0747 1.6934
vt 2.3203 1.0000
vt -9.2476 0.0039
vt -9.2476 1.0000
vt 3.4268 1.0000
vt 3.7788 0.0039
vt -8.7607 0.0430
vt -8.7607 1.0000
vt 3.4219 1.0000
vt 3.7603 0.0430
vt 7.3447 0.0371
vt 7.2290 1.0000
vt 7.6855 1.0000
vt 7.6855 0.0371
vt 2.9858 -0.0039
vt 2.8687 1.0000
vt 4.0610 1.0000
vt 4.0610 -0.0039
vt 5.1143 1.0000
vt 5.0132 1.6904
vt 6.7314 1.6904
vt 6.7314 1.0000
vt 5.6348 0.0107
vt 5.5771 1.0000
vt 9.1172 1.0000
vt 9.1172 0.0107
vt 11.2202 0.0322
vt 11.1748 1.0000
vt 14.1836 1.0000
vt 14.1836 0.0322
vt 8.8687 1.0000
vt 8.9858 -0.0039
vt -15.8506 -0.0039
vt -15.4956 1.0000
vt 9.2290 1.0000
vt 9.3447 0.0371
vt -15.1733 0.0371
vt -14.8325 1.0000
vt -5.8716 0.0322
vt -5.5967 1.0000
vt 6.5771 1.0000
vt 6.6348 0.0107
vt -15.4043 0.0107
vt -15.0547 1.0000
vt -11.0835 1.0000
vt -10.8394 1.6904
vt 1.7686 1.0000
vt 2.1221 -0.0010
vt -6.7246 -0.0010
vt -6.7246 1.0000
vt 8.3096 1.0000
vt 8.3096 -0.0254
vt -0.7500 -0.0254
vt -0.3877 1.0000
vt 3.8281 1.0000
vt 4.1885 -0.0195
vt -22.4736 -0.0195
vt -22.1143 1.0000
vt -3.2686 -0.0068
vt -3.2686 1.0000
vt 1.6729 1.0000
vt 1.8701 -0.0068
vt -3.3057 1.0000
vt -3.3057 1.7617
vt 3.1611 1.7617
vt 3.4307 1.0000
vt -3.7275 0.0205
vt -3.7275 1.0000
vt 4.5811 1.0000
vt 4.9268 0.0205
vt 17.6973 1.7432
vt 17.8535 1.0000
vt -0.1895 1.0000
vt 0.2090 1.7432
vt 18.1162 1.7432
vt 18.3789 1.0000
vt 25.2422 1.9980
vt 25.5947 1.0000
vt -0.1553 1.0000
vt 0.0186 1.9980
vt 13.3389 1.0000
vt 14.0420 0.0049
vt -0.6367 0.0049
vt -0.3115 1.0000
vt 20.0254 1.0000
vt 20.3770 0.0049
vt -5.6650 0.0049
vt -5.3135 1.0000
vt -1.0742 1.0000
vt -0.8115 1.7432
vt -1.2139 1.0000
vt -0.8613 1.9980
vt 8.0205 1.5410
vt 8.2119 1.0000
vt -5.9355 1.0000
vt -5.7441 1.5410
vt 9.4756 1.5850
vt 9.6826 1.0000
vt -6.0293 1.0000
vt -5.8223 1.5850
vt 14.9014 1.0000
vt 14.9014 0.0098
vt -10.3223 0.0098
vt -10.3223 1.0000
vt -15.8438 1.0000
vt 3.4160 1.0000
vt 3.4160 0.0127
vt -15.8438 0.0117
vt -6.8623 1.5986
vt 1.1855 1.5986
vt 1.3975 1.0000
vt -6.8623 1.0000
vt -5.9834 1.5361
vt 1.0303 1.5361
vt 1.2197 1.0000
vt -5.9834 1.0000
vt 18.3379 0.0029
vt -1.1113 0.0029
vt -1.1113 1.0000
vt 18.3379 1.0000
vt 7.0967 1.0000
vt -0.4033 1.0000
vt -0.2109 1.5439
vt 7.0967 1.5439
vt 6.2949 1.0000
vt -1.1436 1.0000
vt -0.9482 1.5537
vt 6.2949 1.5537
vt -2.9141 0.0146
vt -2.9141 1.0000
vt 5.7939 1.0000
vt 5.4463 0.0146
vt 2.4199 1.0000
vt 2.3594 0.0137
vt -1.0088 0.0137
vt -1.1846 1.0000
vt 7.2412 1.0000
vt 7.2412 0.0137
vt 11.8057 1.0000
vt 11.6299 0.0137
vt 8.8545 1.9814
vt 9.0635 1.0000
vt -6.3594 1.0000
vt -6.1514 1.9814
vt -11.1748 1.9756
vt 1.5859 1.9756
vt 1.9307 1.0000
vt -11.1748 1.0000
vt 12.4346 0.0000
vt -1.0049 0.0000
vt -0.6504 1.0000
vt 12.4346 1.0000
vt -4.5635 0.0098
vt -4.5635 1.0000
vt 1.9277 1.0000
vt 1.9277 0.0098
vt -7.4365 0.0518
vt -7.4365 1.0000
vt 3.1270 1.0000
vt 3.1270 0.0518
vt 6.7119 -0.0059
vt 6.2871 1.0000
vt 7.0488 1.0000
vt 7.0488 -0.0059
vt 11.3975 0.0508
vt 11.2012 1.0000
vt 13.4980 1.0000
vt 13.4980 0.0508
vt -11.0547 -0.0059
vt -11.0547 1.0000
vt -7.9824 0.0508
vt -7.9824 1.0000
vt -4.5381 -0.0029
vt -4.5381 1.0000
vt 1.7324 1.0000
vt 1.7324 -0.0029
vt 16.9014 1.0000
vt 17.3975 0.0068
vt -0.3516 0.0068
vt -0.1357 1.0000
vt -0.9707 0.0068
vt -0.9707 1.0000
vt 10.9902 1.0000
vt 10.9902 -0.0225
vt -7.6768 -0.0225
vt -7.6768 1.0000
vt 13.4258 1.0000
vt 13.4258 0.0039
vt -8.0254 0.0039
vt -8.0254 1.0000
vt -15.0625 1.0000
vt 3.9805 1.0000
vt 3.9805 -0.0020
vt -15.0625 -0.0020
vt -14.1641 1.0000
vt 4.0752 1.0000
vt 4.0752 0.0137
vt -14.1641 0.0137
vt 18.3691 -0.0166
vt -0.9492 -0.0166
vt -0.9492 1.0000
vt 18.3691 1.0000
vt 18.0625 -0.0039
vt -0.5186 -0.0039
vt -0.5186 1.0000
vt 18.0625 1.0000
vt -0.7969 1.9502
vt -0.7969 1.2031
vt 1.5459 1.2031
vt 1.5459 1.9502
vt -0.7969 1.1357
vt -0.7969 1.0000
vt 1.5459 1.0000
vt 1.5459 1.1357
vt -0.3516 0.0254
vt -0.3516 1.0000
vt 1.6494 1.0000
vt 1.6494 0.0254
vt 3.2363 -0.0020
vt 3.0928 1.0000
vt 3.7275 1.0000
vt 3.7275 -0.0020
vt 1.9053 1.2168
vt 1.8711 1.0723
vt 2.4199 1.0723
vt 2.4199 1.2168
vt 1.8633 1.0000
vt 1.6826 0.0625
vt 2.4199 0.0625
vt -1.2441 1.0000
vt -1.2441 0.0625
vt -1.2441 1.2168
vt -1.2441 1.0723
vt -0.8594 -0.0020
vt -0.8594 1.0000
vt 1.0361 1.0000
vt 1.0361 0.0088
vt -0.6162 0.0088
vt -0.6162 1.0000
vt 2.1553 1.0000
vt 2.1553 0.0117
vt 0.0000 0.0117
vt 0.0000 1.0000
vt 2.8594 1.0000
vt 2.8594 0.0088
vt -1.7412 0.0088
vt -1.7412 1.0000
vt 0.6865 1.0000
vt 0.6865 0.0117
vt 0.7363 1.0000
vt 0.7363 0.0693
vt 1.3242 0.0693
vt 1.3740 0.0117
vt 1.3242 1.0000
vt 1.3740 1.0000
vt 3.5322 1.0000
vt 3.5322 0.0117
vt 2.8643 1.0000
vt 2.8643 0.0078
vt -1.0010 0.0078
vt -1.0010 1.0000
vt -0.9932 1.0000
vt 1.8105 1.0000
vt 1.8105 0.0146
vt -0.9932 0.0146
vt 1.6885 1.0000
vt -0.3936 1.0000
vt -0.3936 1.9561
vt 1.6885 1.9561
vt 1.3906 1.0000
vt 0.0000 0.0947
vt 1.3906 0.0947
vt 1.4395 0.0645
vt -0.3154 0.0645
vt -0.3154 1.0000
vt 1.4395 1.0000
vt -1.8936 -2.4893
vt -1.8936 1.0000
vt 1.9131 1.0000
vt 1.9131 -2.4893
vt 6.2881 1.0000
vt 7.0840 -2.5020
vt 1.2441 -2.5020
vt 1.8613 1.0000
vt 10.2666 1.0000
vt 10.2666 -2.5020
vt -1.1924 -2.5020
vt -1.1924 1.0000
vt -0.2295 0.0000
vt -0.2295 1.0000
vt 2.2705 1.0000
vt 2.2705 0.0000
vt 1.3047 1.0000
vt 1.1797 0.0137
vt -0.2959 0.0137
vt -0.2959 1.0000
vt 3.0098 1.0000
vt 3.1533 0.0137
vt 5.0205 1.0000
vt 5.0205 0.0137
vt 1.0000 1.0000
vt 1.0000 0.0000
vt -0.9756 0.0000
vt -0.9756 1.0000
vt 1.4863 1.0000
vt 1.4863 0.0088
vt 0.0000 0.0088
vt 2.9619 1.0000
vt 2.9619 0.0117
vt -1.4844 0.0117
vt -1.4844 1.0000
vt -0.2822 0.0039
vt -0.2822 1.0000
vt 1.4248 1.0000
vt 1.4248 0.0039
vt 3.8379 1.0000
vt 4.2100 0.0059
vt -0.3721 0.0059
vt -0.1592 1.0000
vt 4.3857 1.0000
vt 4.3857 0.0059
vt -0.7275 0.0059
vt -0.7275 1.0000
vt 5.0000 0.0947
vt 5.0000 1.0000
vt -1.0000 1.0000
vt -1.0000 0.0947
vt 11.0000 0.0947
vt 11.0000 1.0000
vt 6.0000 1.0000
vt 6.0000 0.3330
vt 0.0000 0.3330
vt 12.0000 1.0000
vt 12.0000 0.3330
vt 17.0000 0.0947
vt 17.0000 1.0000
vt 23.0000 0.0947
vt 23.0000 1.0000
vt 18.0000 1.0000
vt 18.0000 0.3330
vt 24.0000 1.0000
vt 24.0000 0.3330
vt 4.0000 0.0352
vt 4.0000 1.0000
vt -2.0000 1.0000
vt -2.0000 0.0352
vt 10.0000 0.0352
vt 10.0000 1.0000
vt 16.0000 0.0352
vt 16.0000 1.0000
vt 22.0000 0.0352
vt 22.0000 1.0000
vt 3.7070 1.0000
vt 3.7070 0.0049
vt -8.2383 0.0049
vt -8.2383 1.0000
vt 11.3232 1.0000
vt 11.3232 -0.0010
vt -0.6865 -0.0010
vt -0.6865 1.0000
vt 3.0723 1.0000
vt 3.0723 -0.0068
vt -9.5098 -0.0068
vt -9.5098 1.0000
vt 11.8262 1.0000
vt 11.8262 -0.0039
vt -0.7246 -0.0039
vt -0.7246 1.0000
vt 31.6807 1.0000
vt 31.6807 0.0244
vt -3.4326 0.0244
vt -3.4326 1.0000
vt 4.9766 1.0000
vt 4.9766 0.0137
vt -31.5176 0.0137
vt -31.5176 1.0000
vt -3.6025 0.0449
vt -3.6025 1.0000
vt 7.8633 1.0000
vt 7.8633 0.0439
vt -9.2705 0.4082
vt -9.2705 1.0000
vt 4.9346 1.0000
vt 4.9346 0.4082
vt -4.4072 0.0264
vt -4.4072 1.0000
vt 7.2773 1.0000
vt 7.2773 0.0264
vt 30.4863 1.0000
vt 31.1455 0.3408
vt -3.8154 0.3408
vt -3.5049 1.0000
vt 31.7422 1.0000
vt 31.7422 0.3408
vt 25.1455 0.3408
vt 24.4863 1.0000
vt 14.9658 1.0010
vt 15.3916 0.0225
vt -1.0869 0.0215
vt -0.6201 1.0000
vt 23.4629 1.0010
vt 23.4629 0.0225
vt -7.1260 0.0215
vt -7.1260 1.0000
vt 30.9482 1.0000
vt 31.3721 0.0391
vt -0.5811 0.0391
vt -0.0430 1.0000
vt 31.1377 1.0000
vt 31.1377 0.0391
vt 30.3721 0.0391
vt 29.9482 1.0000
vt 5.4951 1.0000
vt 5.1846 0.3408
vt -0.7529 0.3408
vt -0.7529 1.0000
vt -2.4453 0.0391
vt -2.4453 1.0000
vt 26.2080 1.0000
vt 26.2080 0.3916
vt -17.6270 0.3916
vt -17.6270 1.0000
vt 19.0273 1.0000
vt 19.0273 0.0518
vt -15.1113 0.0518
vt -15.1113 1.0000
vt -13.2432 1.0000
vt 4.2939 1.0000
vt 4.2939 0.0518
vt -13.2432 0.0518
vt -19.5596 1.0000
vt 2.6553 1.0000
vt 2.6553 0.3994
vt -19.5596 0.3994
vt 17.2305 1.0000
vt -1.0947 1.0000
vt -1.0947 1.9902
vt 17.2305 1.9902
vt 22.1533 0.3369
vt -2.3887 0.3369
vt -2.3887 1.0000
vt 22.1533 1.0000
vt -0.5566 0.0098
vt -0.5566 1.0000
vt 1.4238 1.0000
vt 1.4238 0.0098
vt 2.1807 0.0098
vt 2.0010 1.0000
vt 2.3652 1.0000
vt 2.3652 0.0098
vt -1.5947 0.0098
vt -1.5947 1.0000
vt 2.5977 1.0000
vt 2.5977 0.0225
vt -1.3711 0.0225
vt -1.3711 1.0000
vt -0.6318 1.0000
vt 2.1689 1.0000
vt 2.1689 0.0156
vt -0.6318 0.0156
vt 2.6973 0.0215
vt -0.0791 0.0215
vt -0.0791 1.0000
vt 2.6973 1.0000
vt 1.9678 1.0000
vt 1.6113 -0.0088
vt -6.9492 -0.0088
vt -6.9492 1.0000
vt 1.6523 1.0000
vt 2.0078 -0.0059
vt -6.8809 -0.0059
vt -6.8809 1.0000
vt 1.8574 1.0000
vt 2.2119 -0.0010
vt -6.6377 -0.0010
vt -6.6377 1.0000
vt 2.8613 1.0000
vt 3.2168 -0.0049
vt -6.0205 -0.0049
vt -6.0205 1.0000
vt 7.8955 1.0000
vt 7.8955 0.0156
vt -0.8086 0.0156
vt -0.4600 1.0000
vt 8.2119 0.0059
vt -0.9297 0.0059
vt -0.5781 1.0000
vt 7.8584 1.9854
vt 7.8584 1.0000
vt -0.8545 1.0000
vt -0.5059 1.9854
vt 7.7510 2.0000
vt 7.7510 1.0000
vt -0.7314 1.0000
vt -1.0850 2.0000
vt 25.3896 1.0000
vt 25.0381 0.0049
vt -0.2998 0.0049
vt -0.6514 1.0000
vt 25.7305 1.0000
vt 26.0918 -0.0215
vt -0.6416 -0.0215
vt -0.2803 1.0000
vt 24.3467 1.0000
vt 24.6895 0.0293
vt -0.7148 0.0293
vt -0.3711 1.0000
vt 3.0830 1.0000
vt 3.4316 0.0127
vt -23.1006 0.0127
vt -22.7520 1.0000
vt -1.0908 0.0137
vt -1.0908 1.0000
vt 3.0918 1.0000
vt 3.4404 0.0137
vt 10.5244 1.0000
vt 10.9268 0.0000
vt 0.9785 0.0000
vt 1.1553 1.0000
vt 12.2920 1.0000
vt 12.6455 0.0000
vt -0.7900 0.0000
vt -0.4365 1.0000
vt 8.9766 1.0000
vt 9.2031 0.0293
vt -7.5332 0.0293
vt -7.3066 1.0000
vt 9.7197 1.6289
vt 9.9424 1.0000
vt -6.5068 1.0000
vt -6.2852 1.6289
vt -6.7383 1.6260
vt 1.4570 1.6260
vt 1.6777 1.0000
vt -6.7383 1.0000
vt -10.3477 1.0000
vt 2.5732 1.0000
vt 2.9229 0.0127
vt -10.3477 0.0127
vt 7.6035 1.0000
vt -0.6973 1.0000
vt -0.4795 1.6182
vt 7.6035 1.6182
vt 11.4150 0.0254
vt -1.6738 0.0254
vt -1.3291 1.0000
vt 11.4150 1.0000
vt -0.4043 0.0068
vt -0.4043 1.0000
vt 1.7158 1.0000
vt 1.7158 0.0068
vt 2.2070 0.0215
vt 2.1152 1.0000
vt 3.0098 0.0215
vt -0.9795 0.0215
vt -0.9795 1.0000
vt 1.8027 1.0000
vt 1.8027 0.0146
vt -0.6602 0.0146
vt -0.6602 1.0000
vt 1.7891 1.0000
vt 1.7891 0.0137
vt -0.3174 0.0137
vt -0.3174 1.0000
vt 1.7080 1.0000
vt 1.7080 0.0205
vt -2.5303 0.0205
vt -2.5303 1.0000
vt -1.3047 1.0000
vt -1.3047 0.7725
vt -2.4336 0.7725
vt -2.4336 1.0000
vt -1.2246 1.0000
vt -1.2246 0.7725
vt -0.2568 1.0000
vt -0.1758 1.0000
vt -0.1758 0.7725
vt -0.2568 0.7725
vt 3.3730 1.0000
vt 3.3730 0.7725
vt -1.6104 1.0000
vt 0.6973 1.0000
vt 0.6973 0.7510
vt -1.6104 0.7510
vt 2.5723 0.7178
vt -0.0381 0.7178
vt -0.0381 1.0000
vt 2.5723 1.0000
vt 0.0000 -3.0000
vt 1.0000 -3.0000
vt 1.0000 -2.0000
vt 0.0000 -1.0000
vt 1.0000 -1.0000
vt -1.0000 0.0000
vt -1.0000 -1.0000
vt -1.0000 -2.0000
vt -1.0000 -3.0000
vt 0.0000 0.0000
vt 2.0000 1.0000
vt 2.0000 0.0000
vt -0.6196 1.0000
vt 2.8955 1.0000
vt 2.8955 -0.0039
vt -0.6196 -0.0039
vt 2.4414 0.0059
vt -0.6909 0.0059
vt -0.6909 1.0000
vt 2.4414 1.0000
vt 2.5596 -0.0400
vt -0.5596 -0.0400
vt -0.5596 1.0000
vt 2.5596 1.0000
vt -0.6426 1.0000
vt 2.3770 1.0000
vt 2.3770 -0.0068
vt -0.6426 -0.0068
vt 2.2559 1.0000
vt -0.5186 1.9248
vt 2.2559 1.9248
vt 2.3457 0.2568
vt -0.6260 0.2568
vt -0.6260 1.0000
vt 2.3457 1.0000
vn 0.577 0.577 0.577
vn -0.577 -0.577 -0.577
vn 0.577 0.577 0.577
vn -0.577 -0.577 -0.577
vn -0.577 -0.577 -0.577
vn -0.577 -0.577 -0.577
vn -0.577 -0.577 -0.577
vn 0.577 0.577 0.577
vn 0.577 0.577 0.577
vn 0.577 0.577 0.577
vn 0.577 0.577 0.577
vn 0.577 0.577 0.577
vn 0.577 0.577 0.577
vn -0.577 -0.577 -0.577
vn 0.577 0.577 0.577
vn 0.577 0.577 0.577
vn -0.577 -0.577 -0.577
vn -0.577 -0.577 -0.577
vn 0.577 0.577 0.577
vn 0.577 0.577 0.577
vn -0.577 -0.577 -0.577
vn 0.577 0.577 0.577
vn 0.577 0.577 0.577
vn 0.577 0.577 0.577
vn 0.577 0.577 0.577
vn 0.577 0.577 0.577
vn 0.577 0.577 0.577
vn 0.577 0.577 0.577
vn -0.577 -0.577 -0.577
vn -0.577 -0.577 -0.577
vn 0.577 0.577 0.577
vn -0.577 -0.577 -0.577
vn 0.577 0.577 0.577
vn 0.577 0.577 0.577
vn 0.650 0.569 0.504
vn 0.650 0.569 0.504
vn 0.650 0.569 0.504
vn 0.650 0.569 0.504
vn 0.577 0.577 0.577
vn 0.577 0.577 0.577
vn 0.577 0.577 0.577
vn 0.577 0.577 0.577
vn 0.637 0.597 0.488
vn 0.614 0.572 0.544
vn 0.638 0.587 0.498
vn 0.670 0.539 0.510
vn 0.577 0.577 0.577
vn 0.577 0.577 0.577
vn 0.577 0.577 0.577
vn 0.577 0.577 0.577
vn -0.577 -0.577 -0.577
vn -0.577 -0.577 -0.577
vn -0.577 -0.577 -0.577
vn 0.577 0.577 0.577
vn 0.577 0.577 0.577
vn 0.577 0.577 0.577
vn 0.577 0.577 0.577
vn 0.577 0.577 0.577
vn 0.577 0.577 0.577
vn 0.577 0.577 0.577
vn 0.577 0.577 0.577
vn 0.577 0.577 0.577
vn 0.577 0.577 0.577
vn 0.577 0.577 0.577
vn 0.577 0.577 0.577
vn 0.577 0.577 0.577
vn 0.577 0.577 0.577
vn 0.577 0.577 0.577
vn 0.577 0.577 0.577
vn 0.577 0.577 0.577
vn 0.577 0.577 0.577
vn 0.577 0.577 0.577
vn 0.577 0.577 0.577
vn 0.577 0.577 0.577
vn 0.577 0.577 0.577
vn 0.577 0.577 0.577
vn 0.577 0.577 0.577
vn 0.577 0.577 0.577
vn 0.577 0.577 0.577
vn 0.577 0.577 0.577
vn 0.577 0.577 0.577
vn 0.577 0.577 0.577
vn -0.577 -0.577 -0.577
vn -0.577 -0.577 -0.577
vn -0.577 -0.577 -0.577
vn -0.577 -0.577 -0.577
vn 0.577 0.577 0.577
vn 0.577 0.577 0.577
vn 0.577 0.577 0.577
vn 0.577 0.577 0.577
vn 0.577 0.577 0.577
vn 0.577 0.577 0.577
vn 0.577 0.577 0.577
vn 0.577 0.577 0.577
vn 0.577 0.577 0.577
vn 0.577 0.577 0.577
vn 0.577 0.577 0.577
vn 0.577 0.577 0.577
vn 0.577 0.577 0.577
vn 0.577 0.577 0.577
vn 0.577 0.577 0.577
vn 0.577 0.577 0.577
vn -0.577 -0.577 -0.577
vn -0.577 -0.577 -0.577
vn -0.577 -0.577 -0.577
vn -0.577 -0.577 -0.577
vn -0.577 -0.577 -0.577
vn -0.577 -0.577 -0.577
vn -0.577 -0.577 -0.577
vn -0.577 -0.577 -0.577
vn 0.577 0.577 0.577
vn 0.577 0.577 0.577
vn 0.577 0.577 0.577
vn 0.577 0.577 0.577
vn 0.577 0.577 0.577
vn 0.577 0.577 0.577
vn 0.577 0.577 0.577
vn 0.577 0.577 0.577
vn 0.577 0.577 0.577
vn 0.577 0.577 0.577
vn 0.577 0.577 0.577
vn 0.577 0.577 0.577
vn 0.643 0.589 0.490
vn 0.635 0.591 0.497
vn 0.635 0.591 0.497
vn 0.642 0.589 0.491
vn 0.650 0.569 0.504
vn 0.650 0.569 0.504
vn 0.650 0.569 0.504
vn 0.650 0.569 0.504
vn -0.577 -0.577 -0.577
vn -0.577 -0.577 -0.577
vn -0.577 -0.577 -0.577
vn -0.577 -0.577 -0.577
vn 0.577 0.577 0.577
vn 0.577 0.577 0.577
vn 0.577 0.577 0.577
vn 0.577 0.577 0.577
vn 0.577 0.577 0.577
vn 0.577 0.577 0.577
vn 0.577 0.577 0.577
vn 0.577 0.577 0.577
vn 0.577 0.577 0.577
vn 0.577 0.577 0.577
vn 0.577 0.577 0.577
vn 0.577 0.577 0.577
vn -0.577 -0.577 -0.577
vn -0.577 -0.577 -0.577
vn -0.577 -0.577 -0.577
vn -0.577 -0.577 -0.577
vn -0.577 -0.577 -0.577
vn -0.577 -0.577 -0.577
vn -0.577 -0.577 -0.577
vn -0.577 -0.577 -0.577
vn -0.577 -0.577 -0.577
vn -0.577 -0.577 -0.577
vn 0.577 0.577 0.577
vn 0.577 0.577 0.577
vn 0.577 0.577 0.577
vn 0.577 0.577 0.577
vn 0.577 0.577 0.577
vn 0.577 0.577 0.577
vn 0.577 0.577 0.577
vn 0.577 0.577 0.577
vn -0.577 -0.577 -0.577
vn -0.577 -0.577 -0.577
vn -0.577 -0.577 -0.577
vn -0.577 -0.577 -0.577
vn -0.577 -0.577 -0.577
vn -0.577 -0.577 -0.577
vn -0.577 -0.577 -0.577
vn -0.577 -0.577 -0.577
vn 0.577 0.577 0.577
vn 0.577 0.577 0.577
vn 0.577 0.577 0.577
vn 0.577 0.577 0.577
vn 0.577 0.577 0.577
vn 0.577 0.577 0.577
vn -0.577 -0.577 -0.577
vn -0.577 -0.577 -0.577
vn 0.577 0.577 0.577
vn 0.577 0.577 0.577
vn 0.577 0.577 0.577
vn 0.577 0.577 0.577
vn 0.577 0.577 0.577
vn 0.577 0.577 0.577
vn 0.577 0.577 0.577
vn 0.577 0.577 0.577
vn 0.577 0.577 0.577
vn 0.577 0.577 0.577
vn 0.577 0.577 0.577
vn 0.577 0.577 0.577
vn 0.577 0.577 0.577
vn 0.577 0.577 0.577
vn 0.577 0.577 0.577
vn 0.577 0.577 0.577
vn 0.610 0.590 0.529
vn 0.610 0.590 0.529
vn 0.610 0.590 0.529
vn 0.610 0.590 0.529
vn 0.577 0.577 0.577
vn 0.577 0.577 0.577
vn 0.577 0.577 0.577
vn 0.610 0.590 0.529
vn 0.610 0.590 0.529
vn 0.610 0.590 0.529
vn 0.610 0.590 0.529
vn 0.610 0.590 0.529
vn 0.577 0.577 0.577
vn 0.577 0.577 0.577
vn 0.577 0.577 0.577
vn 0.577 0.577 0.577
vn 0.577 0.577 0.577
vn 0.577 0.577 0.577
vn 0.577 0.577 0.577
vn 0.577 0.577 0.577
vn 0.577 0.577 0.577
vn 0.577 0.577 0.577
vn 0.577 0.577 0.577
vn 0.577 0.577 0.577
vn 0.577 0.577 0.577
vn 0.577 0.577 0.577
vn 0.577 0.577 0.577
vn 0.577 0.577 0.577
vn 0.577 0.577 0.577
vn 0.577 0.577 0.577
vn 0.577 0.577 0.577
vn 0.577 0.577 0.577
vn 0.577 0.577 0.577
vn 0.577 0.577 0.577
vn 0.610 0.590 0.529
vn 0.610 0.590 0.529
vn 0.610 0.590 0.529
vn 0.610 0.590 0.529
vn 0.577 0.577 0.577
vn 0.577 0.577 0.577
vn 0.577 0.577 0.577
vn 0.577 0.577 0.577
vn 0.577 0.577 0.577
vn 0.577 0.577 0.577
vn 0.577 0.577 0.577
vn 0.577 0.577 0.577
vn 0.577 0.577 0.577
vn 0.577 0.577 0.577
vn 0.577 0.577 0.577
vn 0.577 0.577 0.577
vn 0.577 0.577 0.577
vn 0.577 0.577 0.577
vn 0.577 0.577 0.577
vn 0.577 0.577 0.577
vn -0.577 -0.577 -0.577
vn -0.577 -0.577 -0.577
vn 0.577 0.577 0.577
vn 0.577 0.577 0.577
vn 0.577 0.577 0.577
vn 0.577 0.577 0.577
vn 0.577 0.577 0.577
vn 0.577 0.577 0.577
vn 0.577 0.577 0.577
vn 0.577 0.577 0.577
vn 0.577 0.577 0.577
vn 0.577 0.577 0.577
vn -0.577 -0.577 -0.577
vn -0.577 -0.577 -0.577
vn -0.577 -0.577 -0.577
vn -0.577 -0.577 -0.577
vn -0.577 -0.577 -0.577
vn -0.577 -0.577 -0.577
vn -0.577 -0.577 -0.577
vn -0.577 -0.577 -0.577
vn 0.577 0.577 0.577
vn 0.577 0.577 0.577
vn 0.577 0.577 0.577
vn 0.577 0.577 0.577
vn 0.577 0.577 0.577
vn 0.577 0.577 0.577
vn 0.577 0.577 0.577
vn 0.577 0.577 0.577
vn 0.577 0.577 0.577
vn 0.577 0.577 0.577
vn 0.577 0.577 0.577
vn 0.577 0.577 0.577
vn 0.577 0.577 0.577
vn 0.577 0.577 0.577
vn 0.577 0.577 0.577
vn 0.577 0.577 0.577
vn 0.610 0.590 0.529
vn 0.610 0.590 0.529
vn 0.610 0.590 0.529
vn 0.610 0.590 0.529
vn 0.610 0.590 0.529
vn 0.610 0.590 0.529
vn 0.610 0.590 0.529
vn 0.610 0.590 0.529
vn 0.577 0.577 0.577
vn 0.577 0.577 0.577
vn 0.577 0.577 0.577
vn 0.577 0.577 0.577
vn 0.577 0.577 0.577
vn 0.577 0.577 0.577
vn 0.577 0.577 0.577
vn 0.577 0.577 0.577
vn 0.577 0.577 0.577
vn 0.577 0.577 0.577
vn 0.577 0.577 0.577
vn 0.577 0.577 0.577
vn 0.577 0.577 0.577
vn 0.577 0.577 0.577
vn 0.577 0.577 0.577
vn 0.577 0.577 0.577
vn 0.577 0.577 0.577
vn 0.577 0.577 0.577
vn 0.577 0.577 0.577
vn 0.577 0.577 0.577
vn 0.577 0.577 0.577
vn 0.577 0.577 0.577
vn 0.577 0.577 0.577
vn 0.577 0.577 0.577
vn 0.577 0.577 0.577
vn 0.577 0.577 0.577
vn 0.577 0.577 0.577
vn 0.577 0.577 0.577
vn 0.577 0.577 0.577
vn 0.577 0.577 0.577
vn 0.577 0.577 0.577
vn 0.577 0.577 0.577
vn 0.577 0.577 0.577
vn 0.577 0.577 0.577
vn 0.577 0.577 0.577
vn 0.577 0.577 0.577
vn 0.637 0.597 0.488
vn 0.639 0.582 0.502
vn 0.639 0.585 0.499
vn 0.638 0.587 0.498
vn 0.650 0.569 0.504
vn 0.650 0.569 0.504
vn 0.650 0.569 0.504
vn 0.650 0.569 0.504
vn 0.631 0.599 0.492
vn 0.641 0.586 0.495
vn 0.635 0.591 0.497
vn 0.637 0.590 0.496
vn 0.608 0.577 0.546
vn 0.602 0.581 0.548
vn 0.620 0.572 0.537
vn 0.608 0.582 0.540
vn 0.607 0.581 0.542
vn 0.619 0.573 0.536
vn 0.612 0.583 0.535
vn 0.612 0.579 0.539
vn 0.577 0.577 0.577
vn 0.577 0.577 0.577
vn 0.577 0.577 0.577
vn 0.577 0.577 0.577
vn 0.577 0.577 0.577
vn 0.577 0.577 0.577
vn 0.613 0.583 0.533
vn 0.613 0.577 0.540
vn 0.609 0.580 0.540
vn 0.611 0.581 0.538
vn 0.614 0.580 0.536
vn 0.615 0.573 0.542
vn 0.597 0.545 0.588
vn 0.615 0.573 0.542
vn 0.607 0.581 0.542
vn 0.613 0.577 0.540
vn 0.577 0.577 0.577
vn 0.615 0.573 0.542
vn 0.615 0.586 0.527
vn 0.614 0.580 0.536
vn 0.618 0.571 0.540
vn 0.618 0.571 0.540
vn 0.610 0.590 0.529
vn 0.610 0.590 0.529
vn 0.610 0.590 0.529
vn 0.610 0.590 0.529
vn 0.610 0.590 0.529
vn 0.610 0.590 0.529
vn 0.610 0.590 0.529
vn 0.610 0.590 0.529
vn 0.577 0.577 0.577
vn 0.577 0.577 0.577
vn 0.577 0.577 0.577
vn 0.577 0.577 0.577
vn 0.577 0.577 0.577
vn 0.577 0.577 0.577
vn 0.577 0.577 0.577
vn 0.577 0.577 0.577
vn 0.577 0.577 0.577
vn 0.577 0.577 0.577
vn 0.577 0.577 0.577
vn 0.577 0.577 0.577
vn 0.577 0.577 0.577
vn 0.577 0.577 0.577
vn 0.577 0.577 0.577
vn 0.577 0.577 0.577
vn 0.577 0.577 0.577
vn 0.577 0.577 0.577
vn 0.577 0.577 0.577
vn 0.577 0.577 0.577
vn 0.577 0.577 0.577
vn 0.577 0.577 0.577
vn 0.577 0.577 0.577
vn 0.577 0.577 0.577
vn 0.577 0.577 0.577
vn 0.577 0.577 0.577
vn 0.577 0.577 0.577
vn 0.577 0.577 0.577
vn 0.577 0.577 0.577
vn 0.577 0.577 0.577
vn 0.631 0.599 0.492
vn 0.634 0.598 0.491
vn 0.638 0.594 0.489
vn 0.641 0.588 0.494
vn 0.650 0.569 0.504
vn 0.650 0.569 0.504
vn 0.650 0.569 0.504
vn 0.650 0.569 0.504
vn 0.638 0.594 0.489
vn 0.643 0.589 0.490
vn 0.638 0.588 0.497
vn 0.639 0.590 0.493
vn 0.577 0.577 0.577
vn 0.577 0.577 0.577
vn 0.577 0.577 0.577
vn 0.577 0.577 0.577
vn -0.577 -0.577 -0.577
vn -0.577 -0.577 -0.577
vn -0.577 -0.577 -0.577
vn -0.577 -0.577 -0.577
vn 0.577 0.577 0.577
vn 0.577 0.577 0.577
vn 0.577 0.577 0.577
vn 0.577 0.577 0.577
vn -0.577 -0.577 -0.577
vn 0.577 0.577 0.577
vn 0.577 0.577 0.577
vn 0.577 0.577 0.577
vn 0.577 0.577 0.577
vn 0.577 0.577 0.577
vn 0.577 0.577 0.577
vn 0.577 0.577 0.577
vn 0.577 0.577 0.577
vn -0.577 -0.577 -0.577
vn -0.577 -0.577 -0.577
vn 0.577 0.577 0.577
vn -0.577 -0.577 -0.577
vn -0.577 -0.577 -0.577
vn 0.577 0.577 0.577
vn 0.577 0.577 0.577
vn 0.577 0.577 0.577
vn 0.577 0.577 0.577
vn -0.577 -0.577 -0.577
vn -0.577 -0.577 -0.577
vn -0.577 -0.577 -0.577
vn -0.577 -0.577 -0.577
vn 0.577 0.577 0.577
vn 0.577 0.577 0.577
vn 0.577 0.577 0.577
vn 0.577 0.577 0.577
vn 0.577 0.577 0.577
vn 0.577 0.577 0.577
vn 0.577 0.577 0.577
vn 0.577 0.577 0.577
vn 0.577 0.577 0.577
vn -0.577 -0.577 -0.577
vn -0.577 -0.577 -0.577
vn 0.577 0.577 0.577
vn -0.577 -0.577 -0.577
vn -0.577 -0.577 -0.577
vn -0.577 -0.577 -0.577
vn -0.577 -0.577 -0.577
vn 0.577 0.577 0.577
vn 0.577 0.577 0.577
vn 0.577 0.577 0.577
vn 0.577 0.577 0.577
vn 0.577 0.577 0.577
vn 0.577 0.577 0.577
vn -0.577 -0.577 -0.577
vn -0.577 -0.577 -0.577
vn 0.577 0.577 0.577
vn 0.577 0.577 0.577
vn 0.639 0.582 0.502
vn 0.639 0.585 0.499
vn 0.641 0.588 0.494
vn 0.639 0.585 0.499
vn 0.650 0.569 0.504
vn 0.650 0.569 0.504
vn 0.650 0.569 0.504
vn 0.650 0.569 0.504
vn 0.638 0.594 0.489
vn 0.638 0.594 0.489
vn 0.638 0.594 0.489
vn 0.638 0.594 0.489
vn 0.650 0.569 0.504
vn 0.650 0.569 0.504
vn 0.650 0.569 0.504
vn 0.650 0.569 0.504
vn 0.577 0.577 0.577
vn 0.577 0.577 0.577
vn -0.577 -0.577 -0.577
vn 0.577 0.577 0.577
vn 0.577 0.577 0.577
vn 0.577 0.577 0.577
vn -0.577 -0.577 -0.577
vn -0.577 -0.577 -0.577
vn 0.577 0.577 0.577
vn 0.577 0.577 0.577
vn 0.577 0.577 0.577
vn 0.577 0.577 0.577
vn 0.577 0.577 0.577
vn 0.577 0.577 0.577
vn 0.577 0.577 0.577
vn 0.577 0.577 0.577
vn 0.577 0.577 0.577
vn 0.577 0.577 0.577
vn 0.577 0.577 0.577
vn 0.577 0.577 0.577
vn -0.577 -0.577 -0.577
vn -0.577 -0.577 -0.577
vn -0.577 -0.577 -0.577
vn -0.577 -0.577 -0.577
vn 0.577 0.577 0.577
vn 0.577 0.577 0.577
vn 0.577 0.577 0.577
vn 0.577 0.577 0.577
vn 0.577 0.577 0.577
vn 0.577 0.577 0.577
vn 0.577 0.577 0.577
vn 0.577 0.577 0.577
vn 0.577 0.577 0.577
vn 0.577 0.577 0.577
vn 0.577 0.577 0.577
vn 0.577 0.577 0.577
vn 0.577 0.577 0.577
vn 0.577 0.577 0.577
vn 0.577 0.577 0.577
vn 0.577 0.577 0.577
vn -0.577 -0.577 -0.577
vn -0.577 -0.577 -0.577
vn -0.577 -0.577 -0.577
vn -0.577 -0.577 -0.577
vn 0.577 0.577 0.577
vn 0.577 0.577 0.577
vn 0.577 0.577 0.577
vn 0.577 0.577 0.577
vn -0.577 -0.577 -0.577
vn -0.577 -0.577 -0.577
vn 0.577 0.577 0.577
vn 0.577 0.577 0.577
vn -0.577 -0.577 -0.577
vn -0.577 -0.577 -0.577
vn -0.577 -0.577 -0.577
vn -0.577 -0.577 -0.577
vn 0.577 0.577 0.577
vn 0.577 0.577 0.577
vn 0.577 0.577 0.577
vn 0.577 0.577 0.577
vn 0.577 0.577 0.577
vn 0.577 0.577 0.577
vn 0.577 0.577 0.577
vn 0.577 0.577 0.577
vn 0.577 0.577 0.577
vn 0.577 0.577 0.577
vn 0.577 0.577 0.577
vn 0.577 0.577 0.577
vn 0.577 0.577 0.577
vn 0.577 0.577 0.577
vn 0.577 0.577 0.577
vn 0.577 0.577 0.577
vn 0.610 0.590 0.529
vn 0.610 0.590 0.529
vn 0.610 0.590 0.529
vn 0.610 0.590 0.529
vn 0.610 0.590 0.529
vn 0.610 0.590 0.529
vn 0.610 0.590 0.529
vn 0.610 0.590 0.529
vn 0.577 0.577 0.577
vn 0.577 0.577 0.577
vn 0.577 0.577 0.577
vn 0.577 0.577 0.577
vn 0.577 0.577 0.577
vn 0.577 0.577 0.577
vn 0.577 0.577 0.577
vn 0.577 0.577 0.577
vn 0.577 0.577 0.577
vn -0.577 -0.577 -0.577
vn 0.577 0.577 0.577
vn 0.577 0.577 0.577
vn 0.613 0.577 0.540
vn 0.607 0.584 0.538
vn 0.602 0.581 0.548
vn 0.620 0.572 0.537
vn 0.618 0.571 0.540
vn 0.618 0.571 0.540
vn 0.612 0.585 0.532
vn 0.612 0.585 0.532
vn 0.610 0.590 0.529
vn 0.610 0.590 0.529
vn 0.610 0.590 0.529
vn 0.610 0.590 0.529
vn 0.644 0.582 0.496
vn 0.638 0.587 0.498
vn 0.670 0.539 0.510
vn 0.670 0.539 0.510
vn 0.670 0.539 0.510
vn 0.670 0.539 0.510
vn 0.637 0.597 0.488
vn 0.637 0.597 0.488
vn 0.631 0.599 0.492
vn 0.636 0.595 0.492
vn 0.628 0.608 0.486
vn 0.636 0.595 0.492
vn 0.639 0.589 0.495
vn 0.636 0.593 0.494
vn 0.636 0.595 0.492
vn 0.636 0.593 0.494
vn 0.650 0.569 0.504
vn 0.650 0.569 0.504
vn 0.650 0.569 0.504
vn 0.650 0.569 0.504
vn 0.638 0.590 0.494
vn 0.638 0.590 0.494
vn 0.638 0.590 0.494
vn 0.638 0.590 0.494
vn 0.650 0.569 0.504
vn 0.650 0.569 0.504
vn 0.650 0.569 0.504
vn 0.650 0.569 0.504
vn 0.650 0.569 0.504
vn 0.650 0.569 0.504
vn 0.650 0.569 0.504
vn 0.650 0.569 0.504
vn 0.577 0.577 0.577
vn 0.577 0.577 0.577
vn 0.577 0.577 0.577
vn 0.577 0.577 0.577
vn 0.577 0.577 0.577
vn 0.577 0.577 0.577
vn 0.577 0.577 0.577
vn 0.577 0.577 0.577
vn 0.577 0.577 0.577
vn 0.577 0.577 0.577
vn -0.577 -0.577 -0.577
vn -0.577 -0.577 -0.577
vn -0.577 -0.577 -0.577
vn -0.577 -0.577 -0.577
vn -0.577 -0.577 -0.577
vn -0.577 -0.577 -0.577
vn 0.577 0.577 0.577
vn 0.577 0.577 0.577
vn 0.577 0.577 0.577
vn 0.577 0.577 0.577
vn -0.577 -0.577 -0.577
vn -0.577 -0.577 -0.577
vn -0.577 -0.577 -0.577
vn -0.577 -0.577 -0.577
vn 0.577 0.577 0.577
vn 0.577 0.577 0.577
vn 0.577 0.577 0.577
vn 0.577 0.577 0.577
vn -0.577 -0.577 -0.577
vn -0.577 -0.577 -0.577
vn 0.577 0.577 0.577
vn 0.577 0.577 0.577
vn 0.577 0.577 0.577
vn 0.577 0.577 0.577
vn 0.577 0.577 0.577
vn 0.577 0.577 0.577
vn 0.577 0.577 0.577
vn 0.577 0.577 0.577
vn -0.577 -0.577 -0.577
vn -0.577 -0.577 -0.577
vn 0.577 0.577 0.577
vn 0.577 0.577 0.577
vn 0.577 0.577 0.577
vn 0.577 0.577 0.577
vn 0.577 0.577 0.577
vn 0.577 0.577 0.577
vn 0.577 0.577 0.577
vn 0.577 0.577 0.577
vn 0.610 0.590 0.529
vn 0.610 0.590 0.529
vn 0.610 0.590 0.529
vn 0.610 0.590 0.529
vn 0.610 0.590 0.529
vn 0.610 0.590 0.529
vn 0.610 0.590 0.529
vn 0.610 0.590 0.529
vn 0.577 0.577 0.577
vn 0.577 0.577 0.577
vn 0.577 0.577 0.577
vn 0.577 0.577 0.577
vn 0.577 0.577 0.577
vn 0.577 0.577 0.577
vn 0.577 0.577 0.577
vn 0.577 0.577 0.577
vn 0.577 0.577 0.577
vn 0.577 0.577 0.577
vn 0.577 0.577 0.577
vn 0.577 0.577 0.577
vn 0.620 0.572 0.537
vn 0.637 0.597 0.488
vn 0.670 0.539 0.510
vn 0.670 0.539 0.510
vn 0.650 0.569 0.504
vn 0.650 0.569 0.504
vn 0.650 0.569 0.504
vn 0.650 0.569 0.504
vn 0.577 0.577 0.577
vn 0.577 0.577 0.577
vn 0.577 0.577 0.577
vn 0.577 0.577 0.577
vn 0.577 0.577 0.577
vn 0.577 0.577 0.577
vn 0.577 0.577 0.577
vn 0.577 0.577 0.577
vn -0.577 -0.577 -0.577
vn -0.577 -0.577 -0.577
vn -0.577 -0.577 -0.577
vn -0.577 -0.577 -0.577
vn 0.577 0.577 0.577
vn 0.577 0.577 0.577
vn 0.577 0.577 0.577
vn 0.577 0.577 0.577
vn -0.577 -0.577 -0.577
vn 0.577 0.577 0.577
vn 0.577 0.577 0.577
vn -0.577 -0.577 -0.577
vn 0.577 0.577 0.577
vn 0.577 0.577 0.577
vn 0.577 0.577 0.577
vn 0.577 0.577 0.577
vn 0.610 0.590 0.529
vn 0.610 0.590 0.529
vn 0.610 0.590 0.529
vn 0.610 0.590 0.529
vn 0.577 0.577 0.577
vn 0.577 0.577 0.577
vn -0.577 -0.577 -0.577
vn -0.577 -0.577 -0.577
vn -0.577 -0.577 -0.577
vn -0.577 -0.577 -0.577
vn 0.577 0.577 0.577
vn 0.577 0.577 0.577
vn 0.577 0.577 0.577
vn -0.577 -0.577 -0.577
vn -0.577 -0.577 -0.577
vn -0.577 -0.577 -0.577
vn 0.577 0.577 0.577
vn 0.577 0.577 0.577
vn 0.577 0.577 0.577
vn 0.577 0.577 0.577
vn 0.577 0.577 0.577
vn 0.577 0.577 0.577
vn 0.577 0.577 0.577
vn -0.577 -0.577 -0.577
vn -0.577 -0.577 -0.577
vn 0.577 0.577 0.577
vn 0.577 0.577 0.577
vn -0.577 -0.577 -0.577
vn 0.577 0.577 0.577
vn 0.577 0.577 0.577
vn -0.577 -0.577 -0.577
vn -0.577 -0.577 -0.577
vn -0.577 -0.577 -0.577
vn -0.577 -0.577 -0.577
vn -0.577 -0.577 -0.577
vn -0.577 -0.577 -0.577
vn -0.577 -0.577 -0.577
vn -0.577 -0.577 -0.577
vn -0.577 -0.577 -0.577
vn -0.577 -0.577 -0.577
vn -0.577 -0.577 -0.577
vn 0.577 0.577 0.577
vn -0.577 -0.577 -0.577
vn -0.577 -0.577 -0.577
vn -0.577 -0.577 -0.577
vn -0.577 -0.577 -0.577
vn -0.577 -0.577 -0.577
vn -0.577 -0.577 -0.577
vn -0.577 -0.577 -0.577
vn -0.577 -0.577 -0.577
vn -0.577 -0.577 -0.577
vn -0.577 -0.577 -0.577
vn -0.577 -0.577 -0.577
vn -0.577 -0.577 -0.577
vn -0.577 -0.577 -0.577
vn -0.577 -0.577 -0.577
vn -0.577 -0.577 -0.577
vn -0.577 -0.577 -0.577
vn -0.577 -0.577 -0.577
vn -0.577 -0.577 -0.577
vn 0.577 0.577 0.577
vn 0.577 0.577 0.577
vn 0.577 0.577 0.577
vn 0.577 0.577 0.577
vn 0.577 0.577 0.577
vn 0.577 0.577 0.577
vn 0.577 0.577 0.577
vn 0.577 0.577 0.577
vn -0.577 -0.577 -0.577
vn -0.577 -0.577 -0.577
vn -0.577 -0.577 -0.577
vn -0.577 -0.577 -0.577
vn -0.577 -0.577 -0.577
vn -0.577 -0.577 -0.577
vn -0.577 -0.577 -0.577
vn -0.577 -0.577 -0.577
vn -0.577 -0.577 -0.577
vn -0.577 -0.577 -0.577
vn -0.577 -0.577 -0.577
vn -0.577 -0.577 -0.577
vn -0.577 -0.577 -0.577
vn -0.577 -0.577 -0.577
vn -0.577 -0.577 -0.577
vn -0.577 -0.577 -0.577
vn -0.577 -0.577 -0.577
vn -0.577 -0.577 -0.577
vn -0.577 -0.577 -0.577
vn -0.577 -0.577 -0.577
vn -0.577 -0.577 -0.577
vn -0.577 -0.577 -0.577
vn -0.577 -0.577 -0.577
vn -0.577 -0.577 -0.577
vn 0.577 0.577 0.577
vn 0.577 0.577 0.577
vn -0.577 -0.577 -0.577
vn 0.577 0.577 0.577
vn 0.577 0.577 0.577
vn 0.577 0.577 0.577
vn 0.577 0.577 0.577
vn 0.577 0.577 0.577
vn 0.577 0.577 0.577
vn 0.577 0.577 0.577
vn 0.577 0.577 0.577
vn 0.577 0.577 0.577
vn -0.577 -0.577 -0.577
vn -0.577 -0.577 -0.577
vn -0.577 -0.577 -0.577
vn -0.577 -0.577 -0.577
vn -0.577 -0.577 -0.577
vn -0.577 -0.577 -0.577
vn -0.577 -0.577 -0.577
vn -0.577 -0.577 -0.577
vn -0.577 -0.577 -0.577
vn -0.577 -0.577 -0.577
vn -0.577 -0.577 -0.577
vn -0.577 -0.577 -0.577
vn -0.577 -0.577 -0.577
vn -0.577 -0.577 -0.577
vn 0.577 0.577 0.577
vn 0.577 0.577 0.577
vn 0.577 0.577 0.577
vn -0.577 -0.577 -0.577
vn 0.577 0.577 0.577
vn 0.577 0.577 0.577
vn -0.577 -0.577 -0.577
vn -0.577 -0.577 -0.577
vn -0.577 -0.577 -0.577
vn -0.577 -0.577 -0.577
vn -0.577 -0.577 -0.577
vn -0.577 -0.577 -0.577
vn -0.577 -0.577 -0.577
vn -0.577 -0.577 -0.577
vn -0.577 -0.577 -0.577
vn -0.577 -0.577 -0.577
vn -0.577 -0.577 -0.577
vn -0.577 -0.577 -0.577
vn 0.577 0.577 0.577
vn 0.577 0.577 0.577
vn -0.577 -0.577 -0.577
vn 0.577 0.577 0.577
vn 0.577 0.577 0.577
vn -0.577 -0.577 -0.577
vn 0.577 0.577 0.577
vn 0.577 0.577 0.577
vn 0.577 0.577 0.577
vn 0.577 0.577 0.577
vn 0.577 0.577 0.577
vn 0.577 0.577 0.577
vn 0.577 0.577 0.577
vn 0.577 0.577 0.577
vn 0.577 0.577 0.577
vn 0.577 0.577 0.577
vn 0.577 0.577 0.577
vn 0.577 0.577 0.577
vn 0.577 0.577 0.577
vn 0.577 0.577 0.577
vn -0.577 -0.577 -0.577
vn 0.577 0.577 0.577
vn -0.577 -0.577 -0.577
vn -0.577 -0.577 -0.577
vn 0.577 0.577 0.577
vn 0.577 0.577 0.577
vn 0.577 0.577 0.577
vn 0.577 0.577 0.577
vn -0.577 -0.577 -0.577
vn 0.577 0.577 0.577
vn 0.577 0.577 0.577
vn -0.577 -0.577 -0.577
vn 0.577 0.577 0.577
vn 0.577 0.577 0.577
vn 0.577 0.577 0.577
vn 0.577 0.577 0.577
vn 0.577 0.577 0.577
vn -0.577 -0.577 -0.577
vn 0.577 0.577 0.577
vn 0.577 0.577 0.577
vn -0.577 -0.577 -0.577
vn -0.577 -0.577 -0.577
vn -0.577 -0.577 -0.577
vn -0.577 -0.577 -0.577
vn 0.577 0.577 0.577
vn 0.577 0.577 0.577
vn 0.577 0.577 0.577
vn 0.577 0.577 0.577
vn 0.577 0.577 0.577
vn 0.577 0.577 0.577
vn 0.577 0.577 0.577
vn 0.577 0.577 0.577
vn 0.577 0.577 0.577
vn -0.577 -0.577 -0.577
vn -0.577 -0.577 -0.577
vn -0.577 -0.577 -0.577
vn -0.577 -0.577 -0.577
vn -0.577 -0.577 -0.577
vn -0.577 -0.577 -0.577
vn 0.577 0.577 0.577
vn -0.577 -0.577 -0.577
vn -0.577 -0.577 -0.577
vn -0.577 -0.577 -0.577
vn -0.577 -0.577 -0.577
vn -0.577 -0.577 -0.577
vn -0.577 -0.577 -0.577
vn -0.577 -0.577 -0.577
vn -0.577 -0.577 -0.577
vn -0.577 -0.577 -0.577
vn -0.577 -0.577 -0.577
vn -0.577 -0.577 -0.577
vn -0.577 -0.577 -0.577
vn 0.577 0.577 0.577
vn 0.577 0.577 0.577
vn 0.577 0.577 0.577
vn 0.577 0.577 0.577
vn -0.577 -0.577 -0.577
vn -0.577 -0.577 -0.577
vn -0.577 -0.577 -0.577
vn -0.577 -0.577 -0.577
vn -0.577 -0.577 -0.577
vn -0.577 -0.577 -0.577
vn -0.577 -0.577 -0.577
vn -0.577 -0.577 -0.577
vn 0.577 0.577 0.577
vn 0.577 0.577 0.577
vn 0.577 0.577 0.577
vn 0.577 0.577 0.577
vn 0.577 0.577 0.577
vn 0.577 0.577 0.577
vn 0.577 0.577 0.577
vn 0.577 0.577 0.577
vn 0.577 0.577 0.577
vn 0.577 0.577 0.577
vn 0.577 0.577 0.577
vn 0.577 0.577 0.577
vn 0.577 0.577 0.577
vn 0.577 0.577 0.577
vn 0.577 0.577 0.577
vn 0.577 0.577 0.577
vn 0.577 0.577 0.577
vn 0.577 0.577 0.577
vn 0.577 0.577 0.577
vn 0.577 0.577 0.577
vn 0.577 0.577 0.577
vn 0.577 0.577 0.577
vn -0.577 -0.577 -0.577
vn 0.577 0.577 0.577
vn 0.577 0.577 0.577
vn 0.577 0.577 0.577
vn 0.577 0.577 0.577
vn 0.577 0.577 0.577
vn -0.577 -0.577 -0.577
vn -0.577 -0.577 -0.577
vn -0.577 -0.577 -0.577
vn -0.577 -0.577 -0.577
vn -0.577 -0.577 -0.577
vn -0.577 -0.577 -0.577
vn -0.577 -0.577 -0.577
vn -0.577 -0.577 -0.577
vn -0.577 -0.577 -0.577
vn -0.577 -0.577 -0.577
vn -0.577 -0.577 -0.577
vn -0.577 -0.577 -0.577
vn -0.577 -0.577 -0.577
vn -0.577 -0.577 -0.577
vn -0.577 -0.577 -0.577
vn -0.577 -0.577 -0.577
vn -0.577 -0.577 -0.577
vn -0.577 -0.577 -0.577
vn -0.577 -0.577 -0.577
vn -0.577 -0.577 -0.577
vn -0.577 -0.577 -0.577
vn -0.577 -0.577 -0.577
vn -0.577 -0.577 -0.577
vn -0.577 -0.577 -0.577
vn 0.577 0.577 0.577
vn -0.577 -0.577 -0.577
vn -0.577 -0.577 -0.577
vn -0.577 -0.577 -0.577
vn 0.577 0.577 0.577
vn 0.577 0.577 0.577
vn 0.577 0.577 0.577
vn 0.577 0.577 0.577
vn 0.577 0.577 0.577
vn 0.577 0.577 0.577
vn 0.577 0.577 0.577
vn 0.577 0.577 0.577
vn 0.577 0.577 0.577
vn 0.577 0.577 0.577
vn 0.577 0.577 0.577
vn 0.577 0.577 0.577
vn 0.577 0.577 0.577
vn -0.577 -0.577 -0.577
vn -0.577 -0.577 -0.577
vn 0.577 0.577 0.577
vn -0.577 -0.577 -0.577
vn -0.577 -0.577 -0.577
vn -0.577 -0.577 -0.577
vn -0.577 -0.577 -0.577
vn 0.577 0.577 0.577
vn 0.577 0.577 0.577
vn 0.577 0.577 0.577
vn 0.577 0.577 0.577
vn -0.577 -0.577 -0.577
vn -0.577 -0.577 -0.577
vn -0.577 -0.577 -0.577
vn -0.577 -0.577 -0.577
vn -0.577 -0.577 -0.577
vn -0.577 -0.577 -0.577
vn -0.577 -0.577 -0.577
vn -0.577 -0.577 -0.577
vn 0.577 0.577 0.577
vn 0.577 0.577 0.577
vn 0.577 0.577 0.577
vn 0.577 0.577 0.577
vn 0.577 0.577 0.577
vn 0.577 0.577 0.577
vn 0.577 0.577 0.577
vn 0.577 0.577 0.577
vn -0.577 -0.577 -0.577
vn -0.577 -0.577 -0.577
vn -0.577 -0.577 -0.577
vn -0.577 -0.577 -0.577
vn -0.577 -0.577 -0.577
vn -0.577 -0.577 -0.577
vn -0.577 -0.577 -0.577
vn -0.577 -0.577 -0.577
vn 0.577 0.577 0.577
vn -0.577 -0.577 -0.577
vn 0.577 0.577 0.577
vn 0.577 0.577 0.577
vn 0.577 0.577 0.577
vn 0.577 0.577 0.577
vn 0.577 0.577 0.577
vn 0.577 0.577 0.577
vn 0.577 0.577 0.577
vn 0.577 0.577 0.577
vn 0.577 0.577 0.577
vn 0.577 0.577 0.577
vn 0.577 0.577 0.577
vn 0.577 0.577 0.577
vn 0.577 0.577 0.577
vn 0.577 0.577 0.577
vn 0.577 0.577 0.577
vn -0.577 -0.577 -0.577
vn -0.577 -0.577 -0.577
vn 0.577 0.577 0.577
vn 0.577 0.577 0.577
vn -0.577 -0.577 -0.577
vn -0.577 -0.577 -0.577
vn 0.577 0.577 0.577
vn 0.577 0.577 0.577
vn -0.577 -0.577 -0.577
vn -0.577 -0.577 -0.577
vn 0.577 0.577 0.577
vn 0.577 0.577 0.577
vn 0.577 0.577 0.577
vn 0.577 0.577 0.577
vn 0.577 0.577 0.577
vn 0.577 0.577 0.577
vn 0.577 0.577 0.577
vn 0.577 0.577 0.577
vn 0.577 0.577 0.577
vn -0.577 -0.577 -0.577
vn -0.577 -0.577 -0.577
vn -0.577 -0.577 -0.577
vn -0.577 -0.577 -0.577
vn -0.577 -0.577 -0.577
vn -0.577 -0.577 -0.577
vn -0.577 -0.577 -0.577
vn -0.577 -0.577 -0.577
usemtl tex_20_lit_ds
f 1/1/1 2/2/2 3/3/3
f 4/4/4 5/5/5 2/2/2
f 2/2/2 1/1/1 4/4/4
f 6/6/6 7/7/7 5/5/5
f 8/8/8 9/9/9 7/7/7
f 7/7/7 6/6/6 8/8/8
f 10/10/10 11/6/11 12/4/12
f 6/6/6 5/5/5 4/4/4
f 13/11/13 14/12/14 15/13/15
f 16/14/16 17/15/17 18/12/18
f 18/12/18 19/11/19 16/14/16
f 20/16/20 21/17/21 17/15/17
f 22/18/22 23/19/23 21/17/21
f 21/17/21 20/16/20 22/18/22
f 24/20/24 25/16/25 26/14/26
f 20/16/20 17/15/17 16/14/16
f 27/21/27 22/18/22 28/22/28
f 23/19/23 22/18/22 27/21/27
f 29/23/29 30/24/30 31/25/31
f 32/23/32 33/25/33 34/26/34
usemtl tex_2369_lit_ds
f 35/27/35 36/28/36 37/29/37
f 35/27/35 37/29/37 38/30/38
f 39/31/39 40/32/40 41/33/41
f 39/31/39 41/33/41 42/34/42
f 43/35/43 44/36/44 45/37/45
f 43/35/43 45/37/45 46/38/46
f 47/39/47 48/40/48 49/41/49
f 47/39/47 49/41/49 50/42/50
f 51/43/51 52/44/52 53/45/53
f 51/43/51 53/45/53 54/46/54
f 51/43/51 54/46/54 55/47/55
f 53/45/53 56/48/56 57/49/57
f 53/45/53 57/49/57 54/46/54
f 58/50/58 59/51/59 60/44/60
f 58/50/58 60/44/60 61/43/61
f 58/50/58 61/43/61 62/47/62
usemtl tex_1048_lit_ds
f 63/52/63 64/53/64 65/54/65
f 63/52/63 65/54/65 66/55/66
f 67/56/67 68/57/68 69/58/69
f 67/56/67 69/58/69 70/59/70
f 71/60/71 72/61/72 73/62/73
f 71/60/71 73/62/73 74/63/74
f 75/64/75 76/65/76 77/66/77
f 75/64/75 77/66/77 78/67/78
f 79/68/79 80/69/80 81/70/81
f 79/68/79 81/70/81 82/71/82
f 83/72/83 84/73/84 85/74/85
f 83/72/83 85/74/85 86/75/86
f 87/76/87 88/77/88 89/78/89
f 87/76/87 89/78/89 90/79/90
f 91/80/91 92/81/92 93/82/93
f 91/80/91 93/82/93 94/83/94
f 95/84/95 96/85/96 97/86/97
f 95/84/95 97/86/97 98/87/98
f 99/88/99 100/89/100 101/90/101
f 99/88/99 101/90/101 102/91/102
f 103/92/103 104/93/104 105/94/105
f 103/92/103 105/94/105 106/95/106
f 107/96/107 108/97/108 109/98/109
f 107/96/107 109/98/109 110/99/110
f 111/88/111 112/100/112 113/101/113
f 111/88/111 113/101/113 114/89/114
f 115/102/115 116/103/116 117/104/117
f 115/102/115 117/104/117 118/105/118
f 119/81/119 120/80/120 121/106/121
f 119/81/119 121/106/121 122/107/122
usemtl tex_373_lit_ds
f 123/108/123 124/109/124 125/110/125
f 123/108/123 125/110/125 126/111/126
f 127/112/127 128/113/128 129/114/129
f 127/112/127 129/114/129 130/115/130
f 131/116/131 132/117/132 133/118/133
f 131/116/131 133/118/133 134/119/134
f 135/120/135 136/121/136 137/122/137
f 135/120/135 137/122/137 138/123/138
f 139/124/139 140/125/140 141/126/141
f 139/124/139 141/126/141 142/127/142
f 143/128/143 144/129/144 145/130/145
f 143/128/143 145/130/145 146/131/146
f 147/132/147 148/133/148 149/134/149
f 147/132/147 149/134/149 150/135/150
f 151/136/151 152/137/152 148/133/148
f 151/136/151 148/133/148 147/132/147
f 153/138/153 154/139/154 155/140/155
f 153/138/153 155/140/155 156/141/156
f 157/142/157 158/143/158 159/144/159
f 157/142/157 159/144/159 160/145/160
f 161/146/161 162/147/162 158/143/158
f 161/146/161 158/143/158 157/142/157
f 160/145/160 159/144/159 163/148/163
f 160/145/160 163/148/163 164/149/164
f 165/135/165 166/134/166 167/150/167
f 165/135/165 167/150/167 168/151/168
f 169/141/169 170/140/170 171/152/171
f 169/141/169 171/152/171 172/153/172
f 173/154/173 174/155/174 175/156/175
f 173/154/173 175/156/175 176/157/176
f 177/158/177 178/159/178 179/160/179
f 177/158/177 179/160/179 180/161/180
f 181/162/181 182/163/182 183/164/183
f 181/162/181 183/164/183 184/165/184
f 185/166/185 186/167/186 187/168/187
f 185/166/185 187/168/187 188/169/188
f 189/170/189 190/171/190 191/172/191
f 189/170/189 191/172/191 192/173/192
f 193/174/193 194/175/194 195/176/195
f 193/174/193 195/176/195 196/177/196
f 197/178/197 198/179/198 199/180/199
f 197/178/197 199/180/199 200/181/200
f 201/182/201 202/183/202 203/184/203
f 201/182/201 203/184/203 204/185/204
f 205/186/205 206/187/206 207/188/207
f 205/186/205 207/188/207 208/189/208
usemtl tex_374_lit_ds
f 209/190/209 210/191/210 211/192/211
f 209/190/209 211/192/211 212/193/212
f 213/194/213 214/195/214 215/196/215
f 213/194/213 215/196/215 216/197/216
f 217/198/217 218/199/218 214/195/214
f 217/198/217 214/195/214 213/194/213
f 219/200/219 220/201/220 221/199/221
f 219/200/219 221/199/221 222/198/222
f 223/202/223 224/203/224 225/204/225
f 223/202/223 225/204/225 226/205/226
f 227/206/227 228/207/228 229/208/229
f 227/206/227 229/208/229 230/209/230
f 231/210/231 232/211/232 233/212/233
f 231/210/231 233/212/233 234/213/234
usemtl tex_375_lit_ds_ovl
f 235/214/235 236/215/236 237/216/237
f 235/214/235 237/216/237 238/217/238
f 239/218/239 240/219/240 241/220/241
f 239/218/239 241/220/241 242/221/242
usemtl tex_375_lit_ds
f 243/222/243 244/223/244 245/224/245
f 243/222/243 245/224/245 246/225/246
f 247/226/247 248/227/248 249/228/249
f 247/226/247 249/228/249 250/229/250
f 251/223/251 252/222/252 253/230/253
f 251/223/251 253/230/253 254/231/254
f 255/227/255 256/226/256 257/232/257
f 255/227/255 257/232/257 258/233/258
f 259/234/259 260/235/260 261/236/261
f 259/234/259 261/236/261 262/237/262
f 263/238/263 264/239/264 265/240/265
f 263/238/263 265/240/265 266/241/266
f 267/241/267 268/240/268 269/242/269
f 267/241/267 269/242/269 270/243/270
f 271/244/271 272/245/272 273/246/273
f 271/244/271 273/246/273 274/247/274
f 275/248/275 276/249/276 277/250/277
f 275/248/275 277/250/277 278/251/278
f 279/252/279 280/253/280 281/254/281
f 279/252/279 281/254/281 282/255/282
usemtl tex_375_lit_ds_ovl
f 283/256/283 284/257/284 285/258/285
f 283/256/283 285/258/285 286/259/286
usemtl tex_375_lit_ds
f 287/260/287 288/261/288 289/262/289
f 287/260/287 289/262/289 290/263/290
usemtl tex_375_lit_ds_ovl
f 291/264/291 292/265/292 293/266/293
f 291/264/291 293/266/293 294/267/294
usemtl tex_309_lit_ds_ovl
f 295/268/295 296/269/296 297/270/297
f 295/268/295 297/270/297 298/271/298
f 299/272/299 300/273/300 301/274/301
f 299/272/299 301/274/301 302/275/302
f 303/276/303 304/277/304 305/278/305
f 303/276/303 305/278/305 306/279/306
f 307/280/307 308/281/308 309/282/309
f 307/280/307 309/282/309 310/283/310
f 311/284/311 312/285/312 313/286/313
f 311/284/311 313/286/313 314/287/314
f 315/288/315 316/289/316 317/290/317
f 315/288/315 317/290/317 318/194/318
f 319/288/319 320/291/320 321/292/321
f 319/288/319 321/292/321 322/289/322
f 323/285/323 324/284/324 325/293/325
f 323/285/323 325/293/325 326/294/326
f 327/281/327 328/280/328 329/295/329
f 327/281/327 329/295/329 330/296/330
f 331/297/331 332/298/332 333/299/333
f 331/297/331 333/299/333 334/300/334
f 335/301/335 336/302/336 337/303/337
f 335/301/335 337/303/337 338/304/338
f 339/305/339 340/306/340 341/307/341
f 339/305/339 341/307/341 342/308/342
f 343/309/343 344/310/344 345/303/345
f 343/309/343 345/303/345 346/304/346
usemtl tex_309_lit_ds
f 347/311/347 348/312/348 349/310/349
f 347/311/347 349/310/349 350/309/350
f 351/313/351 352/314/352 353/310/353
f 351/313/351 353/310/353 354/312/354
f 355/315/355 356/316/356 352/314/352
f 355/315/355 352/314/352 351/313/351
usemtl tex_309_lit_ds_ovl
f 357/317/357 358/318/358 359/314/359
f 357/317/357 359/314/359 360/316/360
f 361/319/361 362/320/362 363/321/363
f 361/319/361 363/321/363 364/322/364
f 365/323/365 366/324/366 367/325/367
f 365/323/365 367/325/367 368/326/368
f 369/327/369 370/328/370 371/329/371
f 369/327/369 371/329/371 372/330/372
f 373/331/373 374/304/374 375/332/375
f 373/331/373 375/332/375 376/333/376
f 377/334/377 378/335/378 379/336/379
f 377/334/377 379/336/379 380/337/380
usemtl tex_2405_lit_ds_ovl
f 381/338/381 382/339/382 383/340/383
f 381/338/381 383/340/383 384/341/384
f 385/342/385 386/343/386 387/344/387
f 385/342/385 387/344/387 388/345/388
f 389/346/389 390/347/390 391/343/391
f 389/346/389 391/343/391 392/342/392
f 393/345/393 394/344/394 395/348/395
f 393/345/393 395/348/395 396/349/396
usemtl tex_1484_lit_ds_ovl
f 397/350/397 398/351/398 399/352/399
f 397/350/397 399/352/399 400/353/400
f 401/354/401 402/355/402 403/356/403
f 401/354/401 403/356/403 404/357/404
f 405/358/405 406/359/406 402/355/402
f 405/358/405 402/355/402 401/354/401
f 407/360/407 408/361/408 409/359/409
f 407/360/407 409/359/409 410/358/410
usemtl tex_179_lit_ds_ovl
f 411/362/411 412/363/412 413/364/413
f 411/362/411 413/364/413 414/365/414
f 415/366/415 416/367/416 417/368/417
f 415/366/415 417/368/417 418/304/418
f 419/369/419 420/370/420 421/371/421
f 419/369/419 421/371/421 422/372/422
f 423/373/423 424/374/424 425/375/425
f 423/373/423 425/375/425 426/376/426
f 427/377/427 428/378/428 429/379/429
f 427/377/427 429/379/429 430/380/430
f 431/381/431 432/382/432 433/378/433
f 431/381/431 433/378/433 434/377/434
f 430/380/430 429/379/429 435/383/435
f 430/380/430 435/383/435 436/384/436
usemtl tex_1019_lit_ds
f 437/385/437 438/386/438 439/387/439
f 437/385/437 439/387/439 440/388/440
f 441/389/441 442/390/442 438/386/438
f 441/389/441 438/386/438 437/385/437
usemtl tex_1019_lit_ds_ovl
f 443/304/443 444/391/444 445/392/445
f 443/304/443 445/392/445 446/393/446
f 444/391/444 447/394/447 448/395/448
f 444/391/444 448/395/448 445/392/445
usemtl tex_1019_lit_ds
f 449/396/449 450/397/450 442/390/442
f 449/396/449 442/390/442 441/389/441
f 451/398/451 452/399/452 450/397/450
f 451/398/451 450/397/450 449/396/449
usemtl tex_1019_lit_ds_ovl
f 453/394/453 454/400/454 455/401/455
f 453/394/453 455/401/455 456/395/456
f 454/400/454 457/402/457 458/403/458
f 454/400/454 458/403/458 455/401/455
usemtl tex_1019_lit_ds
f 459/404/459 460/405/460 461/406/461
f 459/404/459 461/406/461 462/407/462
f 463/408/463 464/409/464 460/405/460
f 463/408/463 460/405/460 459/404/459
usemtl tex_1019_lit_ds_ovl
f 465/304/465 466/391/466 467/392/467
f 465/304/465 467/392/467 468/393/468
f 469/391/469 470/394/470 471/395/471
f 469/391/469 471/395/471 472/392/472
usemtl tex_1019_lit_ds
f 473/410/473 474/411/474 475/409/475
f 473/410/473 475/409/475 476/408/476
f 477/412/477 478/413/478 474/411/474
f 477/412/477 474/411/474 473/410/473
usemtl tex_1019_lit_ds_ovl
f 470/394/470 479/400/479 480/401/480
f 470/394/470 480/401/480 471/395/471
f 479/400/479 481/402/481 482/403/482
f 479/400/479 482/403/482 480/401/480
usemtl tex_378_lit_ds_ovl
f 483/414/483 484/415/484 485/416/485
f 483/414/483 485/416/485 486/417/486
f 487/418/487 488/419/488 489/420/489
f 487/418/487 489/420/489 490/421/490
usemtl tex_378_lit_ds
f 491/422/491 492/423/492 493/424/493
f 491/422/491 493/424/493 494/425/494
f 495/426/495 496/427/496 497/428/497
f 495/426/495 497/428/497 498/429/498
usemtl tex_378_lit_ds_ovl
f 499/430/499 500/431/500 501/432/501
f 499/430/499 501/432/501 502/433/502
usemtl tex_378_lit_ds
f 503/434/503 504/435/504 505/436/505
f 503/434/503 505/436/505 506/437/506
usemtl tex_378_lit_ds_ovl
f 507/438/507 508/439/508 509/440/509
f 507/438/507 509/440/509 510/441/510
f 511/442/511 512/443/512 513/444/513
f 511/442/511 513/444/513 514/445/514
f 515/446/515 516/447/516 517/448/517
f 515/446/515 517/448/517 518/449/518
f 519/450/519 520/451/520 521/452/521
f 519/450/519 521/452/521 522/453/522
f 523/454/523 524/455/524 525/456/525
f 523/454/523 525/456/525 526/457/526
f 527/458/527 528/459/528 529/460/529
f 527/458/527 529/460/529 530/461/530
f 531/462/531 532/463/532 533/459/533
f 531/462/531 533/459/533 534/458/534
f 535/461/535 536/460/536 537/464/537
f 535/461/535 537/464/537 538/465/538
f 539/466/539 540/467/540 541/468/541
f 539/466/539 541/468/541 542/469/542
f 543/470/543 544/471/544 545/472/545
f 543/470/543 545/472/545 546/473/546
f 547/474/547 548/475/548 549/476/549
f 547/474/547 549/476/549 550/477/550
f 551/469/551 552/468/552 553/478/553
f 551/469/551 553/478/553 554/479/554
f 555/480/555 556/481/556 557/482/557
f 555/480/555 557/482/557 558/483/558
f 559/484/559 560/485/560 561/486/561
f 559/484/559 561/486/561 562/487/562
f 563/488/563 564/489/564 565/490/565
f 563/488/563 565/490/565 566/491/566
f 567/492/567 568/493/568 569/494/569
f 567/492/567 569/494/569 570/495/570
f 571/496/571 572/497/572 573/498/573
f 571/496/571 573/498/573 574/499/574
f 575/500/575 576/501/576 577/502/577
f 575/500/575 577/502/577 578/503/578
usemtl tex_178_lit_ds_ovl
f 579/504/579 580/505/580 581/506/581
f 579/504/579 581/506/581 582/507/582
f 583/508/583 584/509/584 585/510/585
f 583/508/583 585/510/585 586/511/586
f 587/509/587 588/508/588 589/512/589
f 587/509/587 589/512/589 590/513/590
f 591/514/591 592/515/592 593/516/593
f 591/514/591 593/516/593 594/517/594
f 595/518/595 596/519/596 597/520/597
f 595/518/595 597/520/597 598/521/598
f 599/522/599 600/523/600 601/524/601
f 599/522/599 601/524/601 602/525/602
usemtl tex_379_lit_ds
f 603/526/603 604/527/604 605/528/605
f 603/526/603 605/528/605 606/529/606
f 607/530/607 608/531/608 609/532/609
f 607/530/607 609/532/609 610/533/610
f 611/534/611 612/535/612 613/536/613
f 611/534/611 613/536/613 614/537/614
f 615/538/615 616/539/616 617/540/617
f 615/538/615 617/540/617 618/541/618
f 619/542/619 620/543/620 621/544/621
f 619/542/619 621/544/621 622/545/622
f 623/155/623 624/546/624 625/547/625
f 623/155/623 625/547/625 626/548/626
f 627/549/627 628/550/628 629/551/629
f 627/549/627 629/551/629 630/552/630
f 631/553/631 632/554/632 633/555/633
f 631/553/631 633/555/633 634/556/634
f 635/557/635 636/558/636 637/559/637
f 635/557/635 637/559/637 638/560/638
f 639/561/639 640/562/640 641/563/641
f 639/561/639 641/563/641 642/564/642
f 643/565/643 644/566/644 645/567/645
f 643/565/643 645/567/645 646/568/646
f 647/569/647 648/570/648 649/571/649
f 647/569/647 649/571/649 650/572/650
f 651/573/651 652/574/652 653/575/653
f 651/573/651 653/575/653 654/576/654
f 655/577/655 656/578/656 657/579/657
f 655/577/655 657/579/657 658/580/658
f 659/581/659 660/582/660 661/578/661
f 659/581/659 661/578/661 662/577/662
f 663/580/663 664/579/664 665/583/665
f 663/580/663 665/583/665 666/584/666
f 667/585/667 668/586/668 669/587/669
f 667/585/667 669/587/669 670/588/670
f 671/589/671 672/590/672 673/591/673
f 671/589/671 673/591/673 674/592/674
f 675/593/675 676/594/676 677/595/677
f 675/593/675 677/595/677 678/596/678
f 679/597/679 680/598/680 681/599/681
f 679/597/679 681/599/681 682/600/682
f 683/601/683 684/602/684 685/603/685
f 683/601/683 685/603/685 686/604/686
usemtl tex_379_lit_ds_ovl
f 687/605/687 688/606/688 689/607/689
f 687/605/687 689/607/689 690/608/690
usemtl tex_1473_lit_ds_w01_ovl
f 691/609/691 692/610/692 693/611/693
f 691/609/691 693/611/693 694/612/694
f 695/613/695 696/614/696 697/358/697
f 695/613/695 697/358/697 698/615/698
f 699/613/699 700/616/700 701/617/701
f 699/613/699 701/617/701 702/614/702
f 703/618/703 704/619/704 705/620/705
f 703/618/703 705/620/705 706/621/706
f 707/622/707 708/623/708 709/624/709
f 707/622/707 709/624/709 710/625/710
f 711/626/711 712/627/712 713/628/713
f 711/626/711 713/628/713 714/629/714
f 715/630/715 716/631/716 717/632/717
f 715/630/715 717/632/717 718/633/718
f 719/630/719 720/634/720 721/635/721
f 719/630/719 721/635/721 722/631/722
f 723/636/723 724/637/724 725/638/725
f 723/636/723 725/638/725 726/639/726
f 727/637/727 728/640/728 729/641/729
f 727/637/727 729/641/729 730/638/730
f 731/642/731 732/643/732 733/644/733
f 731/642/731 733/644/733 734/645/734
f 735/646/735 736/647/736 737/648/737
f 735/646/735 737/648/737 738/649/738
usemtl tex_1124_lit_ds
f 739/650/739 740/651/740 741/652/741
f 742/653/742 739/650/739 741/652/741
f 743/654/743 742/653/742 741/652/741
f 742/653/742 743/654/743 744/363/744
f 745/304/745 742/653/742 744/363/744
f 746/362/746 745/304/745 744/363/744
f 745/304/745 747/387/747 748/655/748
f 742/653/742 745/304/745 748/655/748
f 749/656/749 742/653/742 748/655/748
f 742/653/742 749/656/749 750/657/750
f 739/650/739 742/653/742 750/657/750
f 751/658/751 739/650/739 750/657/750
usemtl tex_1533_lit_ds
f 752/362/752 753/363/753 754/659/754
f 755/362/755 756/659/756 757/304/757
f 758/660/758 759/661/759 760/363/760
f 758/660/758 760/363/760 755/362/755
usemtl tex_1532_lit_ds_ovl
f 761/304/761 762/362/762 763/363/763
f 761/304/761 763/363/763 764/659/764
f 765/660/765 766/661/766 763/363/763
f 765/660/765 763/363/763 762/362/762
usemtl tex_1514_lit_ds_ovl
f 767/304/767 768/304/768 770/304/770
usemtl tex_1048_lit_ds_ovl
f 771/662/771 772/663/772 773/664/773
f 771/662/771 773/664/773 774/665/774
f 775/662/775 776/663/776 777/664/777
f 775/662/775 777/664/777 778/665/778
f 779/662/779 780/663/780 781/664/781
f 779/662/779 781/664/781 782/665/782
f 783/662/783 784/663/784 785/664/785
f 783/662/783 785/664/785 786/665/786
f 787/666/787 788/667/788 789/668/789
f 787/666/787 789/668/789 790/669/790
f 791/666/791 792/667/792 793/668/793
f 791/666/791 793/668/793 794/669/794
f 795/666/795 796/667/796 797/668/797
f 795/666/795 797/668/797 798/669/798
f 799/666/799 800/667/800 801/668/801
f 799/666/799 801/668/801 802/669/802
usemtl tex_1518_lit_ds_w01_ovl
f 803/304/803 804/362/804 805/363/805
f 803/304/803 805/363/805 806/659/806
f 807/304/807 808/362/808 809/363/809
f 807/304/807 809/363/809 810/659/810
f 811/304/811 812/362/812 813/363/813
f 811/304/811 813/363/813 814/659/814
f 815/304/815 816/362/816 817/363/817
f 815/304/815 817/363/817 818/659/818
f 819/304/819 820/362/820 821/363/821
f 819/304/819 821/363/821 822/659/822
f 823/304/823 824/362/824 825/363/825
f 823/304/823 825/363/825 826/659/826
f 827/304/827 828/362/828 829/363/829
f 827/304/827 829/363/829 830/659/830
f 831/362/831 832/363/832 833/659/833
f 831/362/831 833/659/833 834/304/834
f 835/362/835 836/363/836 837/659/837
f 835/362/835 837/659/837 838/304/838
f 839/362/839 840/363/840 841/659/841
f 839/362/839 841/659/841 842/304/842
f 843/362/843 844/363/844 845/659/845
f 843/362/843 845/659/845 846/304/846
usemtl tex_1519_lit_ds_w01_ovl
f 847/362/847 848/363/848 849/659/849
f 847/362/847 849/659/849 850/304/850
f 851/363/851 852/659/852 853/304/853
f 851/363/851 853/304/853 854/362/854
f 855/363/855 856/659/856 857/304/857
f 855/363/855 857/304/857 858/362/858
f 859/363/859 860/659/860 861/304/861
f 859/363/859 861/304/861 862/362/862
f 863/363/863 864/659/864 865/304/865
f 863/363/863 865/304/865 866/362/866
f 867/363/867 868/659/868 869/304/869
f 867/363/867 869/304/869 870/362/870
f 871/362/871 872/363/872 873/659/873
f 871/362/871 873/659/873 874/304/874
f 875/362/875 876/363/876 877/659/877
f 875/362/875 877/659/877 878/304/878
f 879/362/879 880/363/880 881/659/881
f 879/362/879 881/659/881 882/304/882
f 883/362/883 884/363/884 885/659/885
f 883/362/883 885/659/885 886/304/886
f 887/304/887 888/362/888 889/363/889
f 887/304/887 889/363/889 890/659/890
f 891/362/891 892/363/892 893/659/893
f 891/362/891 893/659/893 894/304/894
f 895/362/895 896/363/896 897/659/897
f 895/362/895 897/659/897 898/304/898
usemtl tex_1516_lit_ds_w01_ovl
f 899/362/899 900/363/900 901/659/901
f 899/362/899 901/659/901 902/304/902
f 903/362/903 904/363/904 905/659/905
f 903/362/903 905/659/905 906/304/906
f 907/362/907 908/363/908 909/659/909
f 907/362/907 909/659/909 910/304/910
f 911/362/911 912/363/912 913/659/913
f 911/362/911 913/659/913 914/304/914
f 915/362/915 916/363/916 917/659/917
f 915/362/915 917/659/917 918/304/918
f 919/362/919 920/363/920 921/659/921
f 919/362/919 921/659/921 922/304/922
f 923/362/923 924/363/924 925/659/925
f 923/362/923 925/659/925 926/304/926
f 927/362/927 928/363/928 929/659/929
f 927/362/927 929/659/929 930/304/930
f 931/363/931 932/659/932 933/304/933
f 931/363/931 933/304/933 934/362/934
f 935/363/935 936/659/936 937/304/937
f 935/363/935 937/304/937 938/362/938
f 939/363/939 940/659/940 941/304/941
f 939/363/939 941/304/941 942/362/942
f 943/362/943 944/363/944 945/659/945
f 943/362/943 945/659/945 946/304/946
f 947/362/947 948/363/948 949/659/949
f 947/362/947 949/659/949 950/304/950
f 951/362/951 952/363/952 953/659/953
f 951/362/951 953/659/953 954/304/954
f 955/362/955 956/363/956 957/659/957
f 955/362/955 957/659/957 958/304/958
usemtl tex_379_lit_ds_ovl
f 959/670/959 960/671/960 961/672/961
f 959/670/959 961/672/961 962/673/962
f 963/670/963 964/671/964 965/672/965
f 963/670/963 965/672/965 966/673/966
f 967/670/967 968/671/968 969/672/969
f 967/670/967 969/672/969 970/673/970
f 971/670/971 972/671/972 973/672/973
f 971/670/971 973/672/973 974/673/974
f 975/674/975 976/675/976 977/676/977
f 975/674/975 977/676/977 978/677/978
f 979/674/979 980/675/980 981/676/981
f 979/674/979 981/676/981 982/677/982
f 983/674/983 984/675/984 985/676/985
f 983/674/983 985/676/985 986/677/986
f 987/674/987 988/675/988 989/676/989
f 987/674/987 989/676/989 990/677/990
f 991/678/991 992/266/992 993/679/993
f 991/678/991 993/679/993 994/680/994
f 995/678/995 996/266/996 997/679/997
f 995/678/995 997/679/997 998/680/998
f 999/678/999 1000/266/1000 1001/679/1001
f 999/678/999 1001/679/1001 1002/680/1002
f 1003/678/1003 1004/266/1004 1005/679/1005
f 1003/678/1003 1005/679/1005 1006/680/1006
f 1007/670/1007 1008/671/1008 1009/672/1009
f 1007/670/1007 1009/672/1009 1010/673/1010
f 1011/670/1011 1012/671/1012 1013/672/1013
f 1011/670/1011 1013/672/1013 1014/673/1014
f 1015/670/1015 1016/671/1016 1017/672/1017
f 1015/670/1015 1017/672/1017 1018/673/1018
f 1019/670/1019 1020/671/1020 1021/672/1021
f 1019/670/1019 1021/672/1021 1022/673/1022
f 1023/670/1023 1024/671/1024 1025/672/1025
f 1023/670/1023 1025/672/1025 1026/673/1026
f 1027/670/1027 1028/671/1028 1029/672/1029
f 1027/670/1027 1029/672/1029 1030/673/1030
f 1031/670/1031 1032/671/1032 1033/672/1033
f 1031/670/1031 1033/672/1033 1034/673/1034
f 1035/670/1035 1036/671/1036 1037/672/1037
f 1035/670/1035 1037/672/1037 1038/673/1038
f 1039/670/1039 1040/671/1040 1041/672/1041
f 1039/670/1039 1041/672/1041 1042/673/1042
f 1043/670/1043 1044/671/1044 1045/672/1045
f 1043/670/1043 1045/672/1045 1046/673/1046
usemtl tex_380_lit_ds_ovl
f 1047/681/1047 1048/682/1048 1049/683/1049
f 1047/681/1047 1049/683/1049 1050/684/1050
f 1051/681/1051 1052/682/1052 1053/683/1053
f 1051/681/1051 1053/683/1053 1054/684/1054
f 1055/681/1055 1056/682/1056 1057/683/1057
f 1055/681/1055 1057/683/1057 1058/684/1058
f 1059/681/1059 1060/682/1060 1061/683/1061
f 1059/681/1059 1061/683/1061 1062/684/1062
usemtl tex_2424_lit_ds_w01_ovl
f 1063/362/1063 1064/363/1064 1065/659/1065
f 1063/362/1063 1065/659/1065 1066/304/1066
f 1067/362/1067 1068/363/1068 1069/659/1069
f 1067/362/1067 1069/659/1069 1070/304/1070
f 1071/362/1071 1072/363/1072 1073/659/1073
f 1071/362/1071 1073/659/1073 1074/304/1074
f 1075/362/1075 1076/363/1076 1077/659/1077
f 1075/362/1075 1077/659/1077 1078/304/1078
f 1079/362/1079 1080/363/1080 1081/659/1081
f 1079/362/1079 1081/659/1081 1082/304/1082
f 1083/362/1083 1084/363/1084 1085/659/1085
f 1083/362/1083 1085/659/1085 1086/304/1086
usemtl tex_2381_lit_ds_w11_ovl
f 1087/363/1087 1088/659/1088 1089/304/1089
f 1087/363/1087 1089/304/1089 1090/362/1090
f 1091/363/1091 1092/659/1092 1093/304/1093
f 1091/363/1091 1093/304/1093 1094/362/1094
f 1095/363/1095 1096/659/1096 1097/304/1097
f 1095/363/1095 1097/304/1097 1098/362/1098
f 1099/363/1099 1100/659/1100 1101/304/1101
f 1099/363/1099 1101/304/1101 1102/362/1102
