mtllib Pst_pete_room_6cZ.mtl
v -2229.0 -1208.0 -583.0 1.000 1.000 1.000
v -3271.0 -1208.0 -1542.0 1.000 1.000 1.000
v -3271.0 -1208.0 -583.0 1.000 1.000 1.000
v -1188.0 -1208.0 -1542.0 1.000 1.000 1.000
v -1188.0 -1208.0 -583.0 1.000 1.000 1.000
v -271.0 -1208.0 -583.0 1.000 1.000 1.000
v -229.0 -1208.0 -1542.0 1.000 1.000 1.000
v 729.0 -1208.0 -583.0 1.000 1.000 1.000
v 2437.0 -1208.0 -1167.0 1.000 1.000 1.000
v 2437.0 -1208.0 -375.0 1.000 1.000 1.000
v -1271.0 -1208.0 2375.0 1.000 1.000 1.000
v -1271.0 -1208.0 1417.0 1.000 1.000 1.000
v -1979.0 -1208.0 2625.0 1.000 1.000 1.000
v -1271.0 -1208.0 3417.0 1.000 1.000 1.000
v -1979.0 -1208.0 3417.0 1.000 1.000 1.000
v -2229.0 -1208.0 1417.0 1.000 1.000 1.000
v -3271.0 -1208.0 2625.0 1.000 1.000 1.000
v -1979.0 -1208.0 2625.0 1.000 1.000 1.000
v -2229.0 -1208.0 1417.0 1.000 1.000 1.000
v -3271.0 -1208.0 1417.0 1.000 1.000 1.000
v 2187.0 -1208.0 375.0 1.000 1.000 1.000
v 2437.0 -1208.0 -375.0 1.000 1.000 1.000
v 729.0 -1208.0 -583.0 1.000 1.000 1.000
v -229.0 -1208.0 -2167.0 1.000 1.000 1.000
v -229.0 -1208.0 -1542.0 1.000 1.000 1.000
v 2437.0 -1208.0 -1167.0 1.000 1.000 1.000
v 2437.0 -1208.0 -2167.0 1.000 1.000 1.000
v 729.0 -1208.0 1333.0 1.000 1.000 1.000
v 2187.0 -1208.0 1333.0 1.000 1.000 1.000
v 729.0 -1208.0 417.0 1.000 1.000 1.000
v 2437.0 -1208.0 375.0 1.000 1.000 1.000
v 2437.0 -1208.0 -375.0 1.000 1.000 1.000
v 2187.0 -1208.0 375.0 1.000 1.000 1.000
v 2187.0 -1208.0 3417.0 1.000 1.000 1.000
v 729.0 -1208.0 2375.0 1.000 1.000 1.000
v 729.0 -1208.0 3417.0 1.000 1.000 1.000
v 2187.0 -1208.0 1333.0 1.000 1.000 1.000
v 729.0 -1208.0 1333.0 1.000 1.000 1.000
v -2021.0 -542.0 2667.0 1.000 1.000 1.000
v -2021.0 -542.0 3417.0 1.000 1.000 1.000
v -2021.0 -1000.0 3417.0 1.000 1.000 1.000
v -2021.0 -1000.0 2667.0 1.000 1.000 1.000
v -3313.0 -542.0 2667.0 1.000 1.000 1.000
v -2021.0 -542.0 2667.0 1.000 1.000 1.000
v -2021.0 -1000.0 2667.0 1.000 1.000 1.000
v -3313.0 -1000.0 2667.0 1.000 1.000 1.000
v -2021.0 -542.0 3417.0 1.000 1.000 1.000
v -3313.0 -542.0 3417.0 1.000 1.000 1.000
v -3313.0 -1000.0 3417.0 1.000 1.000 1.000
v -2021.0 -1000.0 3417.0 1.000 1.000 1.000
v 2479.0 -542.0 -2208.0 1.000 1.000 1.000
v -271.0 -542.0 -2208.0 1.000 1.000 1.000
v -271.0 -1000.0 -2208.0 1.000 1.000 1.000
v 2479.0 -1000.0 -2208.0 1.000 1.000 1.000
v 2479.0 -500.0 -181.0 1.000 1.000 1.000
v 2479.0 -417.0 -163.0 1.000 1.000 1.000
v 2479.0 -417.0 -1543.0 1.000 1.000 1.000
v 2479.0 -500.0 -1502.0 1.000 1.000 1.000
v 2479.0 -500.0 -1502.0 1.000 1.000 1.000
v 2479.0 -417.0 -1543.0 1.000 1.000 1.000
v 2479.0 -417.0 -2208.0 1.000 1.000 1.000
v 2479.0 -500.0 -2208.0 1.000 1.000 1.000
v 2479.0 -500.0 417.0 1.000 1.000 1.000
v 2479.0 -417.0 417.0 1.000 1.000 1.000
v 2479.0 -417.0 -163.0 1.000 1.000 1.000
v 2479.0 -500.0 -181.0 1.000 1.000 1.000
v 3354.0 -917.0 3417.0 1.000 1.000 1.000
v 3354.0 -333.0 3417.0 1.000 1.000 1.000
v 2229.0 -333.0 3417.0 1.000 1.000 1.000
v 2229.0 -917.0 3417.0 1.000 1.000 1.000
v 2229.0 -917.0 3417.0 1.000 1.000 1.000
v 2229.0 -333.0 3417.0 1.000 1.000 1.000
v 2229.0 -333.0 417.0 1.000 1.000 1.000
v 2229.0 -917.0 417.0 1.000 1.000 1.000
v 2229.0 -917.0 417.0 1.000 1.000 1.000
v 2229.0 -333.0 417.0 1.000 1.000 1.000
v 3354.0 -333.0 417.0 1.000 1.000 1.000
v 3354.0 -917.0 417.0 1.000 1.000 1.000
v -3271.0 333.0 -3500.0 1.000 1.000 1.000
v -3271.0 333.0 -1583.0 1.000 1.000 1.000
v -3354.0 417.0 -1500.0 1.000 1.000 1.000
v -3354.0 417.0 -3500.0 1.000 1.000 1.000
v -3271.0 -375.0 -3500.0 1.000 1.000 1.000
v -3271.0 -375.0 -1583.0 1.000 1.000 1.000
v -3313.0 -333.0 -1542.0 1.000 1.000 1.000
v -3313.0 -333.0 -3500.0 1.000 1.000 1.000
v -3313.0 -1000.0 -3500.0 1.000 1.000 1.000
v -3313.0 -1000.0 -1542.0 1.000 1.000 1.000
v -3271.0 -958.0 -1583.0 1.000 1.000 1.000
v -3271.0 -958.0 -3500.0 1.000 1.000 1.000
v -3354.0 417.0 -1500.0 1.000 1.000 1.000
v -3271.0 333.0 -1583.0 1.000 1.000 1.000
v -271.0 333.0 -1583.0 1.000 1.000 1.000
v -188.0 417.0 -1500.0 1.000 1.000 1.000
v -3313.0 -333.0 -1542.0 1.000 1.000 1.000
v -3271.0 -375.0 -1583.0 1.000 1.000 1.000
v -271.0 -375.0 -1583.0 1.000 1.000 1.000
v -229.0 -333.0 -1542.0 1.000 1.000 1.000
v -3271.0 -958.0 -1583.0 1.000 1.000 1.000
v -3313.0 -1000.0 -1542.0 1.000 1.000 1.000
v -229.0 -1000.0 -1542.0 1.000 1.000 1.000
v -271.0 -958.0 -1583.0 1.000 1.000 1.000
v -188.0 417.0 -3500.0 1.000 1.000 1.000
v -188.0 417.0 -1500.0 1.000 1.000 1.000
v -271.0 333.0 -1583.0 1.000 1.000 1.000
v -271.0 333.0 -3500.0 1.000 1.000 1.000
v -229.0 -333.0 -3500.0 1.000 1.000 1.000
v -229.0 -333.0 -1542.0 1.000 1.000 1.000
v -271.0 -375.0 -1583.0 1.000 1.000 1.000
v -271.0 -375.0 -3500.0 1.000 1.000 1.000
v -271.0 -958.0 -3500.0 1.000 1.000 1.000
v -271.0 -958.0 -1583.0 1.000 1.000 1.000
v -229.0 -1000.0 -1542.0 1.000 1.000 1.000
v -229.0 -1000.0 -3500.0 1.000 1.000 1.000
v -2021.0 292.0 2667.0 1.000 1.000 1.000
v -1938.0 375.0 2583.0 1.000 1.000 1.000
v -1938.0 375.0 3500.0 1.000 1.000 1.000
v -2021.0 292.0 3417.0 1.000 1.000 1.000
v -1979.0 1083.0 2625.0 1.000 1.000 1.000
v -1979.0 1083.0 3458.0 1.000 1.000 1.000
v -2021.0 1042.0 3417.0 1.000 1.000 1.000
v -2021.0 1042.0 2667.0 1.000 1.000 1.000
v -3313.0 292.0 2667.0 1.000 1.000 1.000
v -3313.0 375.0 2583.0 1.000 1.000 1.000
v -1938.0 375.0 2583.0 1.000 1.000 1.000
v -2021.0 292.0 2667.0 1.000 1.000 1.000
v -2021.0 292.0 3417.0 1.000 1.000 1.000
v -1938.0 375.0 3500.0 1.000 1.000 1.000
v -3313.0 375.0 3500.0 1.000 1.000 1.000
v -3313.0 292.0 3417.0 1.000 1.000 1.000
v -3313.0 1083.0 2625.0 1.000 1.000 1.000
v -1979.0 1083.0 2625.0 1.000 1.000 1.000
v -2021.0 1042.0 2667.0 1.000 1.000 1.000
v -3313.0 1042.0 2667.0 1.000 1.000 1.000
v -1979.0 1083.0 3458.0 1.000 1.000 1.000
v -3313.0 1083.0 3458.0 1.000 1.000 1.000
v -3313.0 1042.0 3417.0 1.000 1.000 1.000
v -2021.0 1042.0 3417.0 1.000 1.000 1.000
v 2479.0 -417.0 -2208.0 1.000 1.000 1.000
v 2479.0 -375.0 -2167.0 1.000 1.000 1.000
v -313.0 -375.0 -2167.0 1.000 1.000 1.000
v -271.0 -417.0 -2208.0 1.000 1.000 1.000
v 2479.0 292.0 -2208.0 1.000 1.000 1.000
v 2479.0 375.0 -2125.0 1.000 1.000 1.000
v -354.0 375.0 -2125.0 1.000 1.000 1.000
v -271.0 292.0 -2208.0 1.000 1.000 1.000
v 2479.0 1083.0 -2167.0 1.000 1.000 1.000
v -313.0 1083.0 -2167.0 1.000 1.000 1.000
v -271.0 1042.0 -2208.0 1.000 1.000 1.000
v 2479.0 1042.0 -2208.0 1.000 1.000 1.000
v 2479.0 1208.0 -2125.0 1.000 1.000 1.000
v -354.0 1208.0 -2125.0 1.000 1.000 1.000
v -313.0 1167.0 -2167.0 1.000 1.000 1.000
v 2479.0 1167.0 -2167.0 1.000 1.000 1.000
v 2479.0 -417.0 -163.0 1.000 1.000 1.000
v 2437.0 -375.0 -152.0 1.000 1.000 1.000
v 2437.0 -375.0 -1563.0 1.000 1.000 1.000
v 2479.0 -417.0 -1543.0 1.000 1.000 1.000
v 2479.0 -417.0 -1543.0 1.000 1.000 1.000
v 2437.0 -375.0 -1563.0 1.000 1.000 1.000
v 2437.0 -375.0 -2208.0 1.000 1.000 1.000
v 2479.0 -417.0 -2208.0 1.000 1.000 1.000
v 2437.0 -1000.0 417.0 1.000 1.000 1.000
v 2479.0 -958.0 417.0 1.000 1.000 1.000
v 2479.0 -958.0 -286.0 1.000 1.000 1.000
v 2437.0 -1000.0 -301.0 1.000 1.000 1.000
v 2437.0 -1000.0 -301.0 1.000 1.000 1.000
v 2479.0 -958.0 -286.0 1.000 1.000 1.000
v 2479.0 -958.0 -1293.0 1.000 1.000 1.000
v 2437.0 -1000.0 -1273.0 1.000 1.000 1.000
v 2437.0 -1000.0 -1273.0 1.000 1.000 1.000
v 2479.0 -958.0 -1293.0 1.000 1.000 1.000
v 2479.0 -958.0 -2208.0 1.000 1.000 1.000
v 2437.0 -1000.0 -2208.0 1.000 1.000 1.000
v 2479.0 -417.0 417.0 1.000 1.000 1.000
v 2437.0 -375.0 417.0 1.000 1.000 1.000
v 2437.0 -375.0 -152.0 1.000 1.000 1.000
v 2479.0 -417.0 -163.0 1.000 1.000 1.000
v 2187.0 -958.0 375.0 1.000 1.000 1.000
v 2229.0 -917.0 417.0 1.000 1.000 1.000
v 3354.0 -917.0 417.0 1.000 1.000 1.000
v 3354.0 -958.0 375.0 1.000 1.000 1.000
v 2229.0 292.0 417.0 1.000 1.000 1.000
v 2187.0 333.0 375.0 1.000 1.000 1.000
v 3354.0 333.0 375.0 1.000 1.000 1.000
v 3354.0 292.0 417.0 1.000 1.000 1.000
v 3354.0 292.0 3417.0 1.000 1.000 1.000
v 3354.0 333.0 3458.0 1.000 1.000 1.000
v 2187.0 333.0 3458.0 1.000 1.000 1.000
v 2229.0 292.0 3417.0 1.000 1.000 1.000
v 3354.0 -958.0 3458.0 1.000 1.000 1.000
v 3354.0 -917.0 3417.0 1.000 1.000 1.000
v 2229.0 -917.0 3417.0 1.000 1.000 1.000
v 2187.0 -958.0 3458.0 1.000 1.000 1.000
v 2187.0 -958.0 3458.0 1.000 1.000 1.000
v 2229.0 -917.0 3417.0 1.000 1.000 1.000
v 2229.0 -917.0 417.0 1.000 1.000 1.000
v 2187.0 -958.0 375.0 1.000 1.000 1.000
v 2229.0 292.0 3417.0 1.000 1.000 1.000
v 2187.0 333.0 3458.0 1.000 1.000 1.000
v 2187.0 333.0 375.0 1.000 1.000 1.000
v 2229.0 292.0 417.0 1.000 1.000 1.000
v -2021.0 -500.0 2667.0 1.000 1.000 1.000
v -1979.0 -458.0 2625.0 1.000 1.000 1.000
v -1979.0 -458.0 3458.0 1.000 1.000 1.000
v -2021.0 -500.0 3417.0 1.000 1.000 1.000
v -3313.0 -500.0 2667.0 1.000 1.000 1.000
v -3313.0 -458.0 2625.0 1.000 1.000 1.000
v -1979.0 -458.0 2625.0 1.000 1.000 1.000
v -2021.0 -500.0 2667.0 1.000 1.000 1.000
v -2021.0 -500.0 3417.0 1.000 1.000 1.000
v -1979.0 -458.0 3458.0 1.000 1.000 1.000
v -3313.0 -458.0 3458.0 1.000 1.000 1.000
v -3313.0 -500.0 3417.0 1.000 1.000 1.000
v 2479.0 917.0 220.0 1.000 1.000 1.000
v 2437.0 958.0 235.0 1.000 1.000 1.000
v 2437.0 958.0 -2110.0 1.000 1.000 1.000
v 2479.0 917.0 -2085.0 1.000 1.000 1.000
v 2479.0 917.0 -2085.0 1.000 1.000 1.000
v 2437.0 958.0 -2110.0 1.000 1.000 1.000
v 2437.0 958.0 -2208.0 1.000 1.000 1.000
v 2479.0 917.0 -2208.0 1.000 1.000 1.000
v 2479.0 917.0 417.0 1.000 1.000 1.000
v 2437.0 958.0 417.0 1.000 1.000 1.000
v 2437.0 958.0 235.0 1.000 1.000 1.000
v 2479.0 917.0 220.0 1.000 1.000 1.000
v -3354.0 1208.0 -3500.0 1.000 1.000 1.000
v -3354.0 1208.0 -1500.0 1.000 1.000 1.000
v -3354.0 1250.0 -1500.0 1.000 1.000 1.000
v -3354.0 1250.0 -3500.0 1.000 1.000 1.000
v -3271.0 -458.0 -3500.0 1.000 1.000 1.000
v -3271.0 -458.0 -1583.0 1.000 1.000 1.000
v -3271.0 -375.0 -1583.0 1.000 1.000 1.000
v -3271.0 -375.0 -3500.0 1.000 1.000 1.000
v -3354.0 1250.0 -1500.0 1.000 1.000 1.000
v -3354.0 1208.0 -1500.0 1.000 1.000 1.000
v -188.0 1208.0 -1500.0 1.000 1.000 1.000
v -188.0 1250.0 -1500.0 1.000 1.000 1.000
v -3271.0 -375.0 -1583.0 1.000 1.000 1.000
v -3271.0 -458.0 -1583.0 1.000 1.000 1.000
v -271.0 -458.0 -1583.0 1.000 1.000 1.000
v -271.0 -375.0 -1583.0 1.000 1.000 1.000
v -188.0 1250.0 -3500.0 1.000 1.000 1.000
v -188.0 1250.0 -1500.0 1.000 1.000 1.000
v -188.0 1208.0 -1500.0 1.000 1.000 1.000
v -188.0 1208.0 -3500.0 1.000 1.000 1.000
v -271.0 -375.0 -3500.0 1.000 1.000 1.000
v -271.0 -375.0 -1583.0 1.000 1.000 1.000
v -271.0 -458.0 -1583.0 1.000 1.000 1.000
v -271.0 -458.0 -3500.0 1.000 1.000 1.000
v -2021.0 -500.0 2667.0 1.000 1.000 1.000
v -2021.0 -500.0 3417.0 1.000 1.000 1.000
v -2021.0 -542.0 3417.0 1.000 1.000 1.000
v -2021.0 -542.0 2667.0 1.000 1.000 1.000
v -3313.0 -500.0 2667.0 1.000 1.000 1.000
v -2021.0 -500.0 2667.0 1.000 1.000 1.000
v -2021.0 -542.0 2667.0 1.000 1.000 1.000
v -3313.0 -542.0 2667.0 1.000 1.000 1.000
v -2021.0 -500.0 3417.0 1.000 1.000 1.000
v -3313.0 -500.0 3417.0 1.000 1.000 1.000
v -3313.0 -542.0 3417.0 1.000 1.000 1.000
v -2021.0 -542.0 3417.0 1.000 1.000 1.000
v 2479.0 -500.0 -2208.0 1.000 1.000 1.000
v -271.0 -500.0 -2208.0 1.000 1.000 1.000
v -271.0 -542.0 -2208.0 1.000 1.000 1.000
v 2479.0 -542.0 -2208.0 1.000 1.000 1.000
v 2479.0 -500.0 -2208.0 1.000 1.000 1.000
v 2479.0 -417.0 -2208.0 1.000 1.000 1.000
v -271.0 -417.0 -2208.0 1.000 1.000 1.000
v -271.0 -500.0 -2208.0 1.000 1.000 1.000
v 2437.0 1042.0 271.0 1.000 1.000 1.000
v 2396.0 1083.0 292.0 1.000 1.000 1.000
v 2396.0 1083.0 -2171.0 1.000 1.000 1.000
v 2437.0 1042.0 -2145.0 1.000 1.000 1.000
v 2396.0 1083.0 -2171.0 1.000 1.000 1.000
v 2437.0 1042.0 -2208.0 1.000 1.000 1.000
v 2437.0 1042.0 -2145.0 1.000 1.000 1.000
v 2479.0 125.0 -37.0 1.000 1.000 1.000
v 2479.0 167.0 -18.0 1.000 1.000 1.000
v 2479.0 167.0 -1771.0 1.000 1.000 1.000
v 2479.0 125.0 -1753.0 1.000 1.000 1.000
v 2479.0 125.0 -1753.0 1.000 1.000 1.000
v 2479.0 167.0 -1771.0 1.000 1.000 1.000
v 2479.0 167.0 -2208.0 1.000 1.000 1.000
v 2479.0 125.0 -2208.0 1.000 1.000 1.000
v 2479.0 125.0 417.0 1.000 1.000 1.000
v 2479.0 167.0 417.0 1.000 1.000 1.000
v 2479.0 167.0 -18.0 1.000 1.000 1.000
v 2479.0 125.0 -37.0 1.000 1.000 1.000
v 2437.0 1042.0 417.0 1.000 1.000 1.000
v 2396.0 1083.0 417.0 1.000 1.000 1.000
v 2396.0 1083.0 292.0 1.000 1.000 1.000
v 2437.0 1042.0 271.0 1.000 1.000 1.000
v -2021.0 -417.0 2667.0 1.000 1.000 1.000
v -2021.0 250.0 2667.0 1.000 1.000 1.000
v -2021.0 250.0 3417.0 1.000 1.000 1.000
v -2021.0 -417.0 3417.0 1.000 1.000 1.000
v -2021.0 375.0 2667.0 1.000 1.000 1.000
v -2021.0 1042.0 2667.0 1.000 1.000 1.000
v -2021.0 1042.0 3417.0 1.000 1.000 1.000
v -2021.0 375.0 3417.0 1.000 1.000 1.000
v -3313.0 -417.0 2667.0 1.000 1.000 1.000
v -3313.0 250.0 2667.0 1.000 1.000 1.000
v -2021.0 250.0 2667.0 1.000 1.000 1.000
v -2021.0 -417.0 2667.0 1.000 1.000 1.000
v -3313.0 375.0 2667.0 1.000 1.000 1.000
v -3313.0 1042.0 2667.0 1.000 1.000 1.000
v -2021.0 1042.0 2667.0 1.000 1.000 1.000
v -2021.0 375.0 2667.0 1.000 1.000 1.000
v -2021.0 -417.0 3417.0 1.000 1.000 1.000
v -2021.0 250.0 3417.0 1.000 1.000 1.000
v -3313.0 250.0 3417.0 1.000 1.000 1.000
v -3313.0 -417.0 3417.0 1.000 1.000 1.000
v -2021.0 375.0 3417.0 1.000 1.000 1.000
v -2021.0 1042.0 3417.0 1.000 1.000 1.000
v -3313.0 1042.0 3417.0 1.000 1.000 1.000
v -3313.0 375.0 3417.0 1.000 1.000 1.000
v 2479.0 250.0 0.0 1.000 1.000 1.000
v 2479.0 833.0 174.0 1.000 1.000 1.000
v 2479.0 833.0 -2048.0 1.000 1.000 1.000
v 2479.0 250.0 -1806.0 1.000 1.000 1.000
v 2479.0 250.0 -1806.0 1.000 1.000 1.000
v 2479.0 833.0 -2048.0 1.000 1.000 1.000
v 2479.0 833.0 -2208.0 1.000 1.000 1.000
v 2479.0 250.0 -2208.0 1.000 1.000 1.000
v 2479.0 250.0 417.0 1.000 1.000 1.000
v 2479.0 833.0 417.0 1.000 1.000 1.000
v 2479.0 833.0 174.0 1.000 1.000 1.000
v 2479.0 250.0 0.0 1.000 1.000 1.000
v 2479.0 -958.0 -286.0 1.000 1.000 1.000
v 2479.0 -500.0 -181.0 1.000 1.000 1.000
v 2479.0 -500.0 -1502.0 1.000 1.000 1.000
v 2479.0 -958.0 -1293.0 1.000 1.000 1.000
v 2479.0 -958.0 -1293.0 1.000 1.000 1.000
v 2479.0 -500.0 -1502.0 1.000 1.000 1.000
v 2479.0 -500.0 -2208.0 1.000 1.000 1.000
v 2479.0 -958.0 -2208.0 1.000 1.000 1.000
v 2479.0 -958.0 417.0 1.000 1.000 1.000
v 2479.0 -500.0 417.0 1.000 1.000 1.000
v 2479.0 -500.0 -181.0 1.000 1.000 1.000
v 2479.0 -958.0 -286.0 1.000 1.000 1.000
v 2229.0 -333.0 417.0 1.000 1.000 1.000
v 2229.0 250.0 417.0 1.000 1.000 1.000
v 3354.0 250.0 417.0 1.000 1.000 1.000
v 3354.0 -333.0 417.0 1.000 1.000 1.000
v 3354.0 -333.0 3417.0 1.000 1.000 1.000
v 3354.0 250.0 3417.0 1.000 1.000 1.000
v 2229.0 250.0 3417.0 1.000 1.000 1.000
v 2229.0 -333.0 3417.0 1.000 1.000 1.000
v 2229.0 -333.0 3417.0 1.000 1.000 1.000
v 2229.0 250.0 3417.0 1.000 1.000 1.000
v 2229.0 250.0 417.0 1.000 1.000 1.000
v 2229.0 -333.0 417.0 1.000 1.000 1.000
v -3271.0 -958.0 -3500.0 1.000 1.000 1.000
v -3271.0 -958.0 -1583.0 1.000 1.000 1.000
v -3271.0 -458.0 -1583.0 1.000 1.000 1.000
v -3271.0 -458.0 -3500.0 1.000 1.000 1.000
v -3271.0 -458.0 -1583.0 1.000 1.000 1.000
v -3271.0 -958.0 -1583.0 1.000 1.000 1.000
v -271.0 -958.0 -1583.0 1.000 1.000 1.000
v -271.0 -458.0 -1583.0 1.000 1.000 1.000
v -271.0 -458.0 -3500.0 1.000 1.000 1.000
v -271.0 -458.0 -1583.0 1.000 1.000 1.000
v -271.0 -958.0 -1583.0 1.000 1.000 1.000
v -271.0 -958.0 -3500.0 1.000 1.000 1.000
v 2479.0 -417.0 -2208.0 1.000 1.000 1.000
v 2479.0 250.0 -2208.0 1.000 1.000 1.000
v -271.0 250.0 -2208.0 1.000 1.000 1.000
v -271.0 -417.0 -2208.0 1.000 1.000 1.000
v -313.0 -1042.0 -2167.0 1.000 1.000 1.000
v -313.0 -1208.0 -2167.0 1.000 1.000 1.000
v 2479.0 -1208.0 -2167.0 1.000 1.000 1.000
v 2479.0 -1042.0 -2167.0 1.000 1.000 1.000
v -3271.0 417.0 -3500.0 1.000 1.000 1.000
v -3271.0 417.0 -1583.0 1.000 1.000 1.000
v -3271.0 1083.0 -1583.0 1.000 1.000 1.000
v -3271.0 1083.0 -3500.0 1.000 1.000 1.000
v -3271.0 1083.0 -1583.0 1.000 1.000 1.000
v -3271.0 417.0 -1583.0 1.000 1.000 1.000
v -271.0 417.0 -1583.0 1.000 1.000 1.000
v -271.0 1083.0 -1583.0 1.000 1.000 1.000
v -271.0 1083.0 -3500.0 1.000 1.000 1.000
v -271.0 1083.0 -1583.0 1.000 1.000 1.000
v -271.0 417.0 -1583.0 1.000 1.000 1.000
v -271.0 417.0 -3500.0 1.000 1.000 1.000
v 2479.0 375.0 -2208.0 1.000 1.000 1.000
v 2479.0 1042.0 -2208.0 1.000 1.000 1.000
v -271.0 1042.0 -2208.0 1.000 1.000 1.000
v -271.0 375.0 -2208.0 1.000 1.000 1.000
v -1188.0 -1250.0 1333.0 1.000 1.000 1.000
v -2229.0 -1250.0 1333.0 1.000 1.000 1.000
v -2229.0 -1208.0 1333.0 1.000 1.000 1.000
v -1188.0 -1208.0 1333.0 1.000 1.000 1.000
v -3271.0 -1250.0 1333.0 1.000 1.000 1.000
v -3271.0 -1208.0 1333.0 1.000 1.000 1.000
v -1188.0 -1250.0 2375.0 1.000 1.000 1.000
v -1188.0 -1250.0 1333.0 1.000 1.000 1.000
v -1188.0 -1208.0 1333.0 1.000 1.000 1.000
v -1188.0 -1208.0 2375.0 1.000 1.000 1.000
v -1188.0 -1250.0 3417.0 1.000 1.000 1.000
v -1188.0 -1208.0 3417.0 1.000 1.000 1.000
v -3271.0 -1250.0 -500.0 1.000 1.000 1.000
v -2229.0 -1250.0 -500.0 1.000 1.000 1.000
v -2229.0 -1208.0 -500.0 1.000 1.000 1.000
v -3271.0 -1208.0 -500.0 1.000 1.000 1.000
v -1188.0 -1250.0 -500.0 1.000 1.000 1.000
v -1188.0 -1208.0 -500.0 1.000 1.000 1.000
v -271.0 -1250.0 -500.0 1.000 1.000 1.000
v -271.0 -1208.0 -500.0 1.000 1.000 1.000
v 646.0 -1250.0 -500.0 1.000 1.000 1.000
v 646.0 -1208.0 -500.0 1.000 1.000 1.000
v 646.0 -1250.0 -500.0 1.000 1.000 1.000
v 646.0 -1250.0 417.0 1.000 1.000 1.000
v 646.0 -1208.0 417.0 1.000 1.000 1.000
v 646.0 -1208.0 -500.0 1.000 1.000 1.000
v 646.0 -1250.0 1333.0 1.000 1.000 1.000
v 646.0 -1208.0 1333.0 1.000 1.000 1.000
v -2229.0 -1208.0 -583.0 1.000 1.000 1.000
v -2229.0 -1208.0 -500.0 1.000 1.000 1.000
v -1188.0 -1208.0 -500.0 1.000 1.000 1.000
v -1188.0 -1208.0 -583.0 1.000 1.000 1.000
v -3271.0 -1208.0 -583.0 1.000 1.000 1.000
v -3271.0 -1208.0 -500.0 1.000 1.000 1.000
v -1188.0 -1208.0 2375.0 1.000 1.000 1.000
v -1271.0 -1208.0 2375.0 1.000 1.000 1.000
v -1271.0 -1208.0 3417.0 1.000 1.000 1.000
v -1188.0 -1208.0 3417.0 1.000 1.000 1.000
v -1188.0 -1208.0 1333.0 1.000 1.000 1.000
v -1271.0 -1208.0 1417.0 1.000 1.000 1.000
v -1271.0 -1208.0 2375.0 1.000 1.000 1.000
v -1188.0 -1208.0 2375.0 1.000 1.000 1.000
v -1188.0 -1208.0 1333.0 1.000 1.000 1.000
v -2229.0 -1208.0 1333.0 1.000 1.000 1.000
v -2229.0 -1208.0 1417.0 1.000 1.000 1.000
v -1271.0 -1208.0 1417.0 1.000 1.000 1.000
v -3271.0 -1208.0 1333.0 1.000 1.000 1.000
v -3271.0 -1208.0 1417.0 1.000 1.000 1.000
v 729.0 -1208.0 1333.0 1.000 1.000 1.000
v 729.0 -1208.0 417.0 1.000 1.000 1.000
v 646.0 -1208.0 417.0 1.000 1.000 1.000
v 646.0 -1208.0 1333.0 1.000 1.000 1.000
v 729.0 -1208.0 -583.0 1.000 1.000 1.000
v 646.0 -1208.0 -500.0 1.000 1.000 1.000
v 729.0 -1208.0 -583.0 1.000 1.000 1.000
v -271.0 -1208.0 -583.0 1.000 1.000 1.000
v -271.0 -1208.0 -500.0 1.000 1.000 1.000
v 646.0 -1208.0 -500.0 1.000 1.000 1.000
v -1188.0 -1208.0 -583.0 1.000 1.000 1.000
v -1188.0 -1208.0 -500.0 1.000 1.000 1.000
v 646.0 -1208.0 2375.0 1.000 1.000 1.000
v 646.0 -1250.0 2375.0 1.000 1.000 1.000
v 646.0 -1250.0 3417.0 1.000 1.000 1.000
v 646.0 -1208.0 3417.0 1.000 1.000 1.000
v 646.0 -1208.0 1333.0 1.000 1.000 1.000
v 646.0 -1250.0 1333.0 1.000 1.000 1.000
v 729.0 -1208.0 3417.0 1.000 1.000 1.000
v 729.0 -1208.0 2375.0 1.000 1.000 1.000
v 646.0 -1208.0 2375.0 1.000 1.000 1.000
v 646.0 -1208.0 3417.0 1.000 1.000 1.000
v 729.0 -1208.0 2375.0 1.000 1.000 1.000
v 729.0 -1208.0 1333.0 1.000 1.000 1.000
v 646.0 -1208.0 1333.0 1.000 1.000 1.000
v 646.0 -1208.0 2375.0 1.000 1.000 1.000
v -3313.0 1125.0 -3500.0 1.000 1.000 1.000
v -3313.0 1125.0 -1542.0 1.000 1.000 1.000
v -3313.0 1167.0 -1542.0 1.000 1.000 1.000
v -3313.0 1167.0 -3500.0 1.000 1.000 1.000
v -3271.0 292.0 -3500.0 1.000 1.000 1.000
v -3271.0 292.0 -1583.0 1.000 1.000 1.000
v -3271.0 333.0 -1583.0 1.000 1.000 1.000
v -3271.0 333.0 -3500.0 1.000 1.000 1.000
v -3313.0 1167.0 -1542.0 1.000 1.000 1.000
v -3313.0 1125.0 -1542.0 1.000 1.000 1.000
v -229.0 1125.0 -1542.0 1.000 1.000 1.000
v -229.0 1167.0 -1542.0 1.000 1.000 1.000
v -3271.0 333.0 -1583.0 1.000 1.000 1.000
v -3271.0 292.0 -1583.0 1.000 1.000 1.000
v -271.0 292.0 -1583.0 1.000 1.000 1.000
v -271.0 333.0 -1583.0 1.000 1.000 1.000
v -229.0 1167.0 -3500.0 1.000 1.000 1.000
v -229.0 1167.0 -1542.0 1.000 1.000 1.000
v -229.0 1125.0 -1542.0 1.000 1.000 1.000
v -229.0 1125.0 -3500.0 1.000 1.000 1.000
v -271.0 333.0 -3500.0 1.000 1.000 1.000
v -271.0 333.0 -1583.0 1.000 1.000 1.000
v -271.0 292.0 -1583.0 1.000 1.000 1.000
v -271.0 292.0 -3500.0 1.000 1.000 1.000
v -2021.0 -500.0 2667.0 1.000 1.000 1.000
v -2021.0 -417.0 2667.0 1.000 1.000 1.000
v -2021.0 -417.0 3417.0 1.000 1.000 1.000
v -2021.0 -500.0 3417.0 1.000 1.000 1.000
v -2021.0 250.0 2667.0 1.000 1.000 1.000
v -2021.0 292.0 2667.0 1.000 1.000 1.000
v -2021.0 292.0 3417.0 1.000 1.000 1.000
v -2021.0 250.0 3417.0 1.000 1.000 1.000
v -1979.0 1167.0 2625.0 1.000 1.000 1.000
v -1979.0 1167.0 3458.0 1.000 1.000 1.000
v -1979.0 1083.0 3458.0 1.000 1.000 1.000
v -1979.0 1083.0 2625.0 1.000 1.000 1.000
v -3313.0 -500.0 2667.0 1.000 1.000 1.000
v -3313.0 -417.0 2667.0 1.000 1.000 1.000
v -2021.0 -417.0 2667.0 1.000 1.000 1.000
v -2021.0 -500.0 2667.0 1.000 1.000 1.000
v -3313.0 250.0 2667.0 1.000 1.000 1.000
v -3313.0 292.0 2667.0 1.000 1.000 1.000
v -2021.0 292.0 2667.0 1.000 1.000 1.000
v -2021.0 250.0 2667.0 1.000 1.000 1.000
v -2021.0 -500.0 3417.0 1.000 1.000 1.000
v -2021.0 -417.0 3417.0 1.000 1.000 1.000
v -3313.0 -417.0 3417.0 1.000 1.000 1.000
v -3313.0 -500.0 3417.0 1.000 1.000 1.000
v -2021.0 250.0 3417.0 1.000 1.000 1.000
v -2021.0 292.0 3417.0 1.000 1.000 1.000
v -3313.0 292.0 3417.0 1.000 1.000 1.000
v -3313.0 250.0 3417.0 1.000 1.000 1.000
v -3313.0 1167.0 2625.0 1.000 1.000 1.000
v -1979.0 1167.0 2625.0 1.000 1.000 1.000
v -1979.0 1083.0 2625.0 1.000 1.000 1.000
v -3313.0 1083.0 2625.0 1.000 1.000 1.000
v -1979.0 1167.0 3458.0 1.000 1.000 1.000
v -3313.0 1167.0 3458.0 1.000 1.000 1.000
v -3313.0 1083.0 3458.0 1.000 1.000 1.000
v -1979.0 1083.0 3458.0 1.000 1.000 1.000
v 2479.0 250.0 -2208.0 1.000 1.000 1.000
v 2479.0 292.0 -2208.0 1.000 1.000 1.000
v -271.0 292.0 -2208.0 1.000 1.000 1.000
v -271.0 250.0 -2208.0 1.000 1.000 1.000
v 2479.0 1167.0 -2167.0 1.000 1.000 1.000
v -313.0 1167.0 -2167.0 1.000 1.000 1.000
v -313.0 1083.0 -2167.0 1.000 1.000 1.000
v 2479.0 1083.0 -2167.0 1.000 1.000 1.000
v 2479.0 833.0 174.0 1.000 1.000 1.000
v 2479.0 917.0 220.0 1.000 1.000 1.000
v 2479.0 917.0 -2085.0 1.000 1.000 1.000
v 2479.0 833.0 -2048.0 1.000 1.000 1.000
v 2479.0 833.0 -2048.0 1.000 1.000 1.000
v 2479.0 917.0 -2085.0 1.000 1.000 1.000
v 2479.0 917.0 -2208.0 1.000 1.000 1.000
v 2479.0 833.0 -2208.0 1.000 1.000 1.000
v 2479.0 833.0 417.0 1.000 1.000 1.000
v 2479.0 917.0 417.0 1.000 1.000 1.000
v 2479.0 917.0 220.0 1.000 1.000 1.000
v 2479.0 833.0 174.0 1.000 1.000 1.000
v 2229.0 250.0 417.0 1.000 1.000 1.000
v 2229.0 292.0 417.0 1.000 1.000 1.000
v 3354.0 292.0 417.0 1.000 1.000 1.000
v 3354.0 250.0 417.0 1.000 1.000 1.000
v 3354.0 250.0 3417.0 1.000 1.000 1.000
v 3354.0 292.0 3417.0 1.000 1.000 1.000
v 2229.0 292.0 3417.0 1.000 1.000 1.000
v 2229.0 250.0 3417.0 1.000 1.000 1.000
v 2187.0 1042.0 375.0 1.000 1.000 1.000
v 2187.0 1083.0 375.0 1.000 1.000 1.000
v 3354.0 1083.0 375.0 1.000 1.000 1.000
v 3354.0 1042.0 375.0 1.000 1.000 1.000
v 3354.0 1042.0 3458.0 1.000 1.000 1.000
v 3354.0 1083.0 3458.0 1.000 1.000 1.000
v 2187.0 1083.0 3458.0 1.000 1.000 1.000
v 2187.0 1042.0 3458.0 1.000 1.000 1.000
v 2229.0 250.0 3417.0 1.000 1.000 1.000
v 2229.0 292.0 3417.0 1.000 1.000 1.000
v 2229.0 292.0 417.0 1.000 1.000 1.000
v 2229.0 250.0 417.0 1.000 1.000 1.000
v 2187.0 1042.0 3458.0 1.000 1.000 1.000
v 2187.0 1083.0 3458.0 1.000 1.000 1.000
v 2187.0 1083.0 375.0 1.000 1.000 1.000
v 2187.0 1042.0 375.0 1.000 1.000 1.000
v -3271.0 -375.0 -3500.0 1.000 1.000 1.000
v -3271.0 -375.0 -1583.0 1.000 1.000 1.000
v -3271.0 292.0 -1583.0 1.000 1.000 1.000
v -3271.0 292.0 -3500.0 1.000 1.000 1.000
v -271.0 -375.0 -1583.0 1.000 1.000 1.000
v -271.0 292.0 -1583.0 1.000 1.000 1.000
v -3271.0 292.0 -1583.0 1.000 1.000 1.000
v -3271.0 -375.0 -1583.0 1.000 1.000 1.000
v -271.0 292.0 -3500.0 1.000 1.000 1.000
v -271.0 292.0 -1583.0 1.000 1.000 1.000
v -271.0 -375.0 -1583.0 1.000 1.000 1.000
v -271.0 -375.0 -3500.0 1.000 1.000 1.000
v 2479.0 83.0 -1729.0 1.000 1.000 1.000
v 2479.0 125.0 -37.0 1.000 1.000 1.000
v 2479.0 125.0 -1753.0 1.000 1.000 1.000
v 2479.0 -417.0 -1543.0 1.000 1.000 1.000
v 2479.0 -417.0 -163.0 1.000 1.000 1.000
v 2479.0 -417.0 -163.0 1.000 1.000 1.000
v 2479.0 -417.0 418.0 1.000 1.000 1.000
v 2479.0 125.0 417.0 1.000 1.000 1.000
v 2479.0 -417.0 -163.0 1.000 1.000 1.000
v 2479.0 125.0 417.0 1.000 1.000 1.000
v 2479.0 125.0 -37.0 1.000 1.000 1.000
v 2479.0 -417.0 -1543.0 1.000 1.000 1.000
v 2479.0 83.0 -1729.0 1.000 1.000 1.000
v 2479.0 125.0 -1753.0 1.000 1.000 1.000
v 2479.0 125.0 -2208.0 1.000 1.000 1.000
v 2479.0 -417.0 -2208.0 1.000 1.000 1.000
v 2229.0 333.0 417.0 1.000 1.000 1.000
v 2229.0 1000.0 417.0 1.000 1.000 1.000
v 3354.0 1000.0 417.0 1.000 1.000 1.000
v 3354.0 333.0 417.0 1.000 1.000 1.000
v 3354.0 333.0 3417.0 1.000 1.000 1.000
v 3354.0 1000.0 3417.0 1.000 1.000 1.000
v 2229.0 1000.0 3417.0 1.000 1.000 1.000
v 2229.0 333.0 3417.0 1.000 1.000 1.000
v 2229.0 333.0 3417.0 1.000 1.000 1.000
v 2229.0 1000.0 3417.0 1.000 1.000 1.000
v 2229.0 1000.0 417.0 1.000 1.000 1.000
v 2229.0 333.0 417.0 1.000 1.000 1.000
v -3313.0 1167.0 -3500.0 1.000 1.000 1.000
v -3313.0 1167.0 -1542.0 1.000 1.000 1.000
v -3354.0 1208.0 -1500.0 1.000 1.000 1.000
v -3354.0 1208.0 -3500.0 1.000 1.000 1.000
v -3271.0 1083.0 -3500.0 1.000 1.000 1.000
v -3271.0 1083.0 -1583.0 1.000 1.000 1.000
v -3313.0 1125.0 -1542.0 1.000 1.000 1.000
v -3313.0 1125.0 -3500.0 1.000 1.000 1.000
v -3354.0 1208.0 -1500.0 1.000 1.000 1.000
v -3313.0 1167.0 -1542.0 1.000 1.000 1.000
v -229.0 1167.0 -1542.0 1.000 1.000 1.000
v -188.0 1208.0 -1500.0 1.000 1.000 1.000
v -3313.0 1125.0 -1542.0 1.000 1.000 1.000
v -3271.0 1083.0 -1583.0 1.000 1.000 1.000
v -271.0 1083.0 -1583.0 1.000 1.000 1.000
v -229.0 1125.0 -1542.0 1.000 1.000 1.000
v -188.0 1208.0 -3500.0 1.000 1.000 1.000
v -188.0 1208.0 -1500.0 1.000 1.000 1.000
v -229.0 1167.0 -1542.0 1.000 1.000 1.000
v -229.0 1167.0 -3500.0 1.000 1.000 1.000
v -229.0 1125.0 -3500.0 1.000 1.000 1.000
v -229.0 1125.0 -1542.0 1.000 1.000 1.000
v -271.0 1083.0 -1583.0 1.000 1.000 1.000
v -271.0 1083.0 -3500.0 1.000 1.000 1.000
v -1979.0 -1042.0 2625.0 1.000 1.000 1.000
v -2021.0 -1000.0 2667.0 1.000 1.000 1.000
v -2021.0 -1000.0 3417.0 1.000 1.000 1.000
v -1979.0 -1042.0 3458.0 1.000 1.000 1.000
v -1938.0 1208.0 2583.0 1.000 1.000 1.000
v -1938.0 1208.0 3500.0 1.000 1.000 1.000
v -1979.0 1167.0 3458.0 1.000 1.000 1.000
v -1979.0 1167.0 2625.0 1.000 1.000 1.000
v -3313.0 -1042.0 2625.0 1.000 1.000 1.000
v -3313.0 -1000.0 2667.0 1.000 1.000 1.000
v -2021.0 -1000.0 2667.0 1.000 1.000 1.000
v -1979.0 -1042.0 2625.0 1.000 1.000 1.000
v -1979.0 -1042.0 3458.0 1.000 1.000 1.000
v -2021.0 -1000.0 3417.0 1.000 1.000 1.000
v -3313.0 -1000.0 3417.0 1.000 1.000 1.000
v -3313.0 -1042.0 3458.0 1.000 1.000 1.000
v -3313.0 1208.0 2583.0 1.000 1.000 1.000
v -1938.0 1208.0 2583.0 1.000 1.000 1.000
v -1979.0 1167.0 2625.0 1.000 1.000 1.000
v -3313.0 1167.0 2625.0 1.000 1.000 1.000
v -1938.0 1208.0 3500.0 1.000 1.000 1.000
v -3313.0 1208.0 3500.0 1.000 1.000 1.000
v -3313.0 1167.0 3458.0 1.000 1.000 1.000
v -1979.0 1167.0 3458.0 1.000 1.000 1.000
v 2479.0 -1042.0 -2167.0 1.000 1.000 1.000
v 2479.0 -1000.0 -2208.0 1.000 1.000 1.000
v -271.0 -1000.0 -2208.0 1.000 1.000 1.000
v -313.0 -1042.0 -2167.0 1.000 1.000 1.000
v 2479.0 -500.0 -2208.0 1.000 1.000 1.000
v 2479.0 -458.0 -2167.0 1.000 1.000 1.000
v -313.0 -458.0 -2167.0 1.000 1.000 1.000
v -271.0 -500.0 -2208.0 1.000 1.000 1.000
v 2479.0 167.0 -18.0 1.000 1.000 1.000
v 2396.0 250.0 0.0 1.000 1.000 1.000
v 2396.0 250.0 -1806.0 1.000 1.000 1.000
v 2479.0 167.0 -1771.0 1.000 1.000 1.000
v 2479.0 167.0 -1771.0 1.000 1.000 1.000
v 2396.0 250.0 -1806.0 1.000 1.000 1.000
v 2396.0 250.0 -2208.0 1.000 1.000 1.000
v 2479.0 167.0 -2208.0 1.000 1.000 1.000
v 2479.0 167.0 417.0 1.000 1.000 1.000
v 2396.0 250.0 417.0 1.000 1.000 1.000
v 2396.0 250.0 0.0 1.000 1.000 1.000
v 2479.0 167.0 -18.0 1.000 1.000 1.000
v 2229.0 -333.0 417.0 1.000 1.000 1.000
v 2187.0 -292.0 375.0 1.000 1.000 1.000
v 3354.0 -292.0 375.0 1.000 1.000 1.000
v 3354.0 -333.0 417.0 1.000 1.000 1.000
v 3354.0 -333.0 3417.0 1.000 1.000 1.000
v 3354.0 -292.0 3458.0 1.000 1.000 1.000
v 2187.0 -292.0 3458.0 1.000 1.000 1.000
v 2229.0 -333.0 3417.0 1.000 1.000 1.000
v 2229.0 -333.0 3417.0 1.000 1.000 1.000
v 2187.0 -292.0 3458.0 1.000 1.000 1.000
v 2187.0 -292.0 375.0 1.000 1.000 1.000
v 2229.0 -333.0 417.0 1.000 1.000 1.000
v -3313.0 -1208.0 -3500.0 1.000 1.000 1.000
v -3313.0 -1208.0 -1542.0 1.000 1.000 1.000
v -3313.0 -1000.0 -1542.0 1.000 1.000 1.000
v -3313.0 -1000.0 -3500.0 1.000 1.000 1.000
v -3313.0 -1000.0 -1542.0 1.000 1.000 1.000
v -3313.0 -1208.0 -1542.0 1.000 1.000 1.000
v -229.0 -1208.0 -1542.0 1.000 1.000 1.000
v -229.0 -1000.0 -1542.0 1.000 1.000 1.000
v -229.0 -1000.0 -3500.0 1.000 1.000 1.000
v -229.0 -1000.0 -1542.0 1.000 1.000 1.000
v -229.0 -1208.0 -1542.0 1.000 1.000 1.000
v -229.0 -1208.0 -3500.0 1.000 1.000 1.000
v -1979.0 -1042.0 3458.0 1.000 1.000 1.000
v -1979.0 -1208.0 3458.0 1.000 1.000 1.000
v -1979.0 -1208.0 2625.0 1.000 1.000 1.000
v -1979.0 -1042.0 2625.0 1.000 1.000 1.000
v -1979.0 -1042.0 2625.0 1.000 1.000 1.000
v -1979.0 -1208.0 2625.0 1.000 1.000 1.000
v -3313.0 -1208.0 2625.0 1.000 1.000 1.000
v -3313.0 -1042.0 2625.0 1.000 1.000 1.000
v -3313.0 -1042.0 3458.0 1.000 1.000 1.000
v -3313.0 -1208.0 3458.0 1.000 1.000 1.000
v -1979.0 -1208.0 3458.0 1.000 1.000 1.000
v -1979.0 -1042.0 3458.0 1.000 1.000 1.000
v 2437.0 -1208.0 417.0 1.000 1.000 1.000
v 2437.0 -1000.0 417.0 1.000 1.000 1.000
v 2437.0 -1000.0 -301.0 1.000 1.000 1.000
v 2437.0 -1208.0 -357.0 1.000 1.000 1.000
v 2437.0 -1208.0 -357.0 1.000 1.000 1.000
v 2437.0 -1000.0 -301.0 1.000 1.000 1.000
v 2437.0 -1000.0 -1273.0 1.000 1.000 1.000
v 2437.0 -1208.0 -1190.0 1.000 1.000 1.000
v 2437.0 -1208.0 -1190.0 1.000 1.000 1.000
v 2437.0 -1000.0 -1273.0 1.000 1.000 1.000
v 2437.0 -1000.0 -2208.0 1.000 1.000 1.000
v 2437.0 -1208.0 -2208.0 1.000 1.000 1.000
v 2187.0 -1208.0 375.0 1.000 1.000 1.000
v 2187.0 -958.0 375.0 1.000 1.000 1.000
v 3354.0 -958.0 375.0 1.000 1.000 1.000
v 3354.0 -1208.0 375.0 1.000 1.000 1.000
v 3354.0 -1208.0 3458.0 1.000 1.000 1.000
v 3354.0 -958.0 3458.0 1.000 1.000 1.000
v 2187.0 -958.0 3458.0 1.000 1.000 1.000
v 2187.0 -1208.0 3458.0 1.000 1.000 1.000
v 2187.0 -1208.0 3458.0 1.000 1.000 1.000
v 2187.0 -958.0 3458.0 1.000 1.000 1.000
v 2187.0 -958.0 375.0 1.000 1.000 1.000
v 2187.0 -1208.0 375.0 1.000 1.000 1.000
v -2021.0 -417.0 2667.0 1.000 1.000 1.000
v -1979.0 -375.0 2625.0 1.000 1.000 1.000
v -1979.0 -375.0 3458.0 1.000 1.000 1.000
v -2021.0 -417.0 3417.0 1.000 1.000 1.000
v -3313.0 -417.0 2667.0 1.000 1.000 1.000
v -3313.0 -375.0 2625.0 1.000 1.000 1.000
v -1979.0 -375.0 2625.0 1.000 1.000 1.000
v -2021.0 -417.0 2667.0 1.000 1.000 1.000
v -2021.0 -417.0 3417.0 1.000 1.000 1.000
v -1979.0 -375.0 3458.0 1.000 1.000 1.000
v -3313.0 -375.0 3458.0 1.000 1.000 1.000
v -3313.0 -417.0 3417.0 1.000 1.000 1.000
v 2437.0 958.0 235.0 1.000 1.000 1.000
v 2437.0 1042.0 271.0 1.000 1.000 1.000
v 2437.0 1042.0 -2145.0 1.000 1.000 1.000
v 2437.0 958.0 -2110.0 1.000 1.000 1.000
v 2437.0 958.0 -2110.0 1.000 1.000 1.000
v 2437.0 1042.0 -2145.0 1.000 1.000 1.000
v 2437.0 1042.0 -2208.0 1.000 1.000 1.000
v 2437.0 958.0 -2208.0 1.000 1.000 1.000
v 2437.0 958.0 417.0 1.000 1.000 1.000
v 2437.0 1042.0 417.0 1.000 1.000 1.000
v 2437.0 1042.0 271.0 1.000 1.000 1.000
v 2437.0 958.0 235.0 1.000 1.000 1.000
v 2229.0 1000.0 417.0 1.000 1.000 1.000
v 2187.0 1042.0 375.0 1.000 1.000 1.000
v 3354.0 1042.0 375.0 1.000 1.000 1.000
v 3354.0 1000.0 417.0 1.000 1.000 1.000
v 3354.0 1000.0 3417.0 1.000 1.000 1.000
v 3354.0 1042.0 3458.0 1.000 1.000 1.000
v 2187.0 1042.0 3458.0 1.000 1.000 1.000
v 2229.0 1000.0 3417.0 1.000 1.000 1.000
v 2229.0 1000.0 3417.0 1.000 1.000 1.000
v 2187.0 1042.0 3458.0 1.000 1.000 1.000
v 2187.0 1042.0 375.0 1.000 1.000 1.000
v 2229.0 1000.0 417.0 1.000 1.000 1.000
v -3271.0 -1250.0 417.0 1.000 1.000 1.000
v -3271.0 -1250.0 1333.0 1.000 1.000 1.000
v -2229.0 -1250.0 1333.0 1.000 1.000 1.000
v -2229.0 -1250.0 -500.0 1.000 1.000 1.000
v -3271.0 -1250.0 -500.0 1.000 1.000 1.000
v -1188.0 -1250.0 417.0 1.000 1.000 1.000
v -1188.0 -1250.0 -500.0 1.000 1.000 1.000
v -1188.0 -1250.0 1333.0 1.000 1.000 1.000
v -271.0 -1250.0 417.0 1.000 1.000 1.000
v -1188.0 -1250.0 417.0 1.000 1.000 1.000
v -1188.0 -1250.0 1333.0 1.000 1.000 1.000
v -1188.0 -1250.0 1333.0 1.000 1.000 1.000
v -271.0 -1250.0 1333.0 1.000 1.000 1.000
v -271.0 -1250.0 417.0 1.000 1.000 1.000
v -1188.0 -1250.0 -500.0 1.000 1.000 1.000
v -271.0 -1250.0 -500.0 1.000 1.000 1.000
v 646.0 -1250.0 -500.0 1.000 1.000 1.000
v 646.0 -1250.0 417.0 1.000 1.000 1.000
v 646.0 -1250.0 -500.0 1.000 1.000 1.000
v 646.0 -1250.0 1333.0 1.000 1.000 1.000
v -1188.0 -1250.0 2375.0 1.000 1.000 1.000
v -1188.0 -1250.0 3417.0 1.000 1.000 1.000
v -271.0 -1250.0 3417.0 1.000 1.000 1.000
v -2229.0 -1250.0 1333.0 1.000 1.000 1.000
v -1188.0 -1250.0 417.0 1.000 1.000 1.000
v -3271.0 -1250.0 417.0 1.000 1.000 1.000
v -271.0 -1250.0 1333.0 1.000 1.000 1.000
v -1188.0 -1250.0 1333.0 1.000 1.000 1.000
v -1188.0 -1250.0 2375.0 1.000 1.000 1.000
v -271.0 -1250.0 3417.0 1.000 1.000 1.000
v 646.0 -1250.0 3417.0 1.000 1.000 1.000
v 646.0 -1250.0 2375.0 1.000 1.000 1.000
v 646.0 -1250.0 1333.0 1.000 1.000 1.000
v 2187.0 1083.0 375.0 1.000 1.000 1.000
v 2146.0 1125.0 333.0 1.000 1.000 1.000
v 3354.0 1125.0 333.0 1.000 1.000 1.000
v 3354.0 1083.0 375.0 1.000 1.000 1.000
v 3354.0 1083.0 3458.0 1.000 1.000 1.000
v 3354.0 1125.0 3500.0 1.000 1.000 1.000
v 2146.0 1125.0 3500.0 1.000 1.000 1.000
v 2187.0 1083.0 3458.0 1.000 1.000 1.000
v 2187.0 1083.0 3458.0 1.000 1.000 1.000
v 2146.0 1125.0 3500.0 1.000 1.000 1.000
v 2146.0 1125.0 333.0 1.000 1.000 1.000
v 2187.0 1083.0 375.0 1.000 1.000 1.000
v 2479.0 -375.0 -1316.0 1.000 1.000 1.000
v 2479.0 -375.0 -1045.0 1.000 1.000 1.000
v 2479.0 -333.0 -1045.0 1.000 1.000 1.000
v 2479.0 -333.0 -1316.0 1.000 1.000 1.000
v 2479.0 -375.0 -659.0 1.000 1.000 1.000
v 2479.0 -375.0 -388.0 1.000 1.000 1.000
v 2479.0 -333.0 -388.0 1.000 1.000 1.000
v 2479.0 -333.0 -659.0 1.000 1.000 1.000
v 2479.0 -375.0 -54.0 1.000 1.000 1.000
v 2479.0 -375.0 217.0 1.000 1.000 1.000
v 2479.0 -333.0 217.0 1.000 1.000 1.000
v 2479.0 -333.0 -54.0 1.000 1.000 1.000
v 2479.0 -375.0 -2000.0 1.000 1.000 1.000
v 2479.0 -375.0 -1729.0 1.000 1.000 1.000
v 2479.0 -333.0 -1729.0 1.000 1.000 1.000
v 2479.0 -333.0 -2000.0 1.000 1.000 1.000
v -661.0 500.0 -1583.0 1.000 1.000 1.000
v -661.0 1000.0 -1583.0 1.000 1.000 1.000
v -869.0 1000.0 -1583.0 1.000 1.000 1.000
v -869.0 500.0 -1583.0 1.000 1.000 1.000
v -2686.0 500.0 -1583.0 1.000 1.000 1.000
v -2686.0 1000.0 -1583.0 1.000 1.000 1.000
v -2894.0 1000.0 -1583.0 1.000 1.000 1.000
v -2894.0 500.0 -1583.0 1.000 1.000 1.000
v -1323.0 500.0 -1583.0 1.000 1.000 1.000
v -1323.0 1000.0 -1583.0 1.000 1.000 1.000
v -1531.0 1000.0 -1583.0 1.000 1.000 1.000
v -1531.0 500.0 -1583.0 1.000 1.000 1.000
v -2052.0 500.0 -1583.0 1.000 1.000 1.000
v -2052.0 1000.0 -1583.0 1.000 1.000 1.000
v -2261.0 1000.0 -1583.0 1.000 1.000 1.000
v -2261.0 500.0 -1583.0 1.000 1.000 1.000
v -2055.0 -292.0 -1583.0 1.000 1.000 1.000
v -2055.0 208.0 -1583.0 1.000 1.000 1.000
v -2264.0 208.0 -1583.0 1.000 1.000 1.000
v -2264.0 -292.0 -1583.0 1.000 1.000 1.000
v -2688.0 -292.0 -1583.0 1.000 1.000 1.000
v -2688.0 208.0 -1583.0 1.000 1.000 1.000
v -2897.0 208.0 -1583.0 1.000 1.000 1.000
v -2897.0 -292.0 -1583.0 1.000 1.000 1.000
v -668.0 -292.0 -1583.0 1.000 1.000 1.000
v -668.0 208.0 -1583.0 1.000 1.000 1.000
v -876.0 208.0 -1583.0 1.000 1.000 1.000
v -876.0 -292.0 -1583.0 1.000 1.000 1.000
v -3066.0 -333.0 2667.0 1.000 1.000 1.000
v -3066.0 167.0 2667.0 1.000 1.000 1.000
v -2858.0 167.0 2667.0 1.000 1.000 1.000
v -2858.0 -333.0 2667.0 1.000 1.000 1.000
v -2525.0 -333.0 2667.0 1.000 1.000 1.000
v -2525.0 167.0 2667.0 1.000 1.000 1.000
v -2317.0 167.0 2667.0 1.000 1.000 1.000
v -2317.0 -333.0 2667.0 1.000 1.000 1.000
v -2525.0 417.0 2667.0 1.000 1.000 1.000
v -2525.0 917.0 2667.0 1.000 1.000 1.000
v -2317.0 917.0 2667.0 1.000 1.000 1.000
v -2317.0 417.0 2667.0 1.000 1.000 1.000
v -3066.0 417.0 2667.0 1.000 1.000 1.000
v -3066.0 917.0 2667.0 1.000 1.000 1.000
v -2858.0 917.0 2667.0 1.000 1.000 1.000
v -2858.0 417.0 2667.0 1.000 1.000 1.000
v 2229.0 167.0 985.0 1.000 1.000 1.000
v 2229.0 167.0 818.0 1.000 1.000 1.000
v 2229.0 -250.0 818.0 1.000 1.000 1.000
v 2229.0 -250.0 985.0 1.000 1.000 1.000
v 2229.0 167.0 1706.0 1.000 1.000 1.000
v 2229.0 167.0 1539.0 1.000 1.000 1.000
v 2229.0 -250.0 1539.0 1.000 1.000 1.000
v 2229.0 -250.0 1706.0 1.000 1.000 1.000
v 2229.0 167.0 2427.0 1.000 1.000 1.000
v 2229.0 167.0 2260.0 1.000 1.000 1.000
v 2229.0 -250.0 2260.0 1.000 1.000 1.000
v 2229.0 -250.0 2427.0 1.000 1.000 1.000
v 2229.0 167.0 3012.0 1.000 1.000 1.000
v 2229.0 167.0 2846.0 1.000 1.000 1.000
v 2229.0 -250.0 2846.0 1.000 1.000 1.000
v 2229.0 -250.0 3012.0 1.000 1.000 1.000
v -1320.0 -292.0 -1583.0 1.000 1.000 1.000
v -1320.0 208.0 -1583.0 1.000 1.000 1.000
v -1529.0 208.0 -1583.0 1.000 1.000 1.000
v -1529.0 -292.0 -1583.0 1.000 1.000 1.000
v -2786.0 -1000.0 2667.0 1.000 1.000 1.000
v -2786.0 -550.0 2667.0 1.000 1.000 1.000
v -2578.0 -550.0 2667.0 1.000 1.000 1.000
v -2578.0 -1000.0 2667.0 1.000 1.000 1.000
v 272.0 417.0 -2208.0 1.000 1.000 1.000
v 272.0 917.0 -2208.0 1.000 1.000 1.000
v 64.0 917.0 -2208.0 1.000 1.000 1.000
v 64.0 417.0 -2208.0 1.000 1.000 1.000
v 2146.0 417.0 -2208.0 1.000 1.000 1.000
v 2146.0 917.0 -2208.0 1.000 1.000 1.000
v 1938.0 917.0 -2208.0 1.000 1.000 1.000
v 1938.0 417.0 -2208.0 1.000 1.000 1.000
v 901.0 417.0 -2208.0 1.000 1.000 1.000
v 901.0 917.0 -2208.0 1.000 1.000 1.000
v 693.0 917.0 -2208.0 1.000 1.000 1.000
v 693.0 417.0 -2208.0 1.000 1.000 1.000
v 1547.0 417.0 -2208.0 1.000 1.000 1.000
v 1547.0 917.0 -2208.0 1.000 1.000 1.000
v 1339.0 917.0 -2208.0 1.000 1.000 1.000
v 1339.0 417.0 -2208.0 1.000 1.000 1.000
v 2479.0 42.0 -1769.0 1.000 1.000 1.000
v 2479.0 42.0 -1958.0 1.000 1.000 1.000
v 2479.0 -333.0 -1958.0 1.000 1.000 1.000
v 2479.0 -333.0 -1769.0 1.000 1.000 1.000
v 2229.0 833.0 2451.0 1.000 1.000 1.000
v 2229.0 833.0 2243.0 1.000 1.000 1.000
v 2229.0 375.0 2243.0 1.000 1.000 1.000
v 2229.0 375.0 2451.0 1.000 1.000 1.000
v -665.0 -583.0 -1583.0 1.000 1.000 1.000
v -873.0 -583.0 -1583.0 1.000 1.000 1.000
v -873.0 -958.0 -1583.0 1.000 1.000 1.000
v -665.0 -958.0 -1583.0 1.000 1.000 1.000
v -2666.0 -583.0 -1583.0 1.000 1.000 1.000
v -2874.0 -583.0 -1583.0 1.000 1.000 1.000
v -2874.0 -958.0 -1583.0 1.000 1.000 1.000
v -2666.0 -958.0 -1583.0 1.000 1.000 1.000
v -1258.0 -583.0 -1583.0 1.000 1.000 1.000
v -1466.0 -583.0 -1583.0 1.000 1.000 1.000
v -1466.0 -958.0 -1583.0 1.000 1.000 1.000
v -1258.0 -958.0 -1583.0 1.000 1.000 1.000
v -2062.0 -583.0 -1583.0 1.000 1.000 1.000
v -2270.0 -583.0 -1583.0 1.000 1.000 1.000
v -2270.0 -958.0 -1583.0 1.000 1.000 1.000
v -2062.0 -958.0 -1583.0 1.000 1.000 1.000
v 2479.0 750.0 -763.0 1.000 1.000 1.000
v 2479.0 750.0 -930.0 1.000 1.000 1.000
v 2479.0 292.0 -930.0 1.000 1.000 1.000
v 2479.0 292.0 -763.0 1.000 1.000 1.000
v 2479.0 42.0 -428.0 1.000 1.000 1.000
v 2479.0 42.0 -617.0 1.000 1.000 1.000
v 2479.0 -333.0 -617.0 1.000 1.000 1.000
v 2479.0 -333.0 -428.0 1.000 1.000 1.000
v 2479.0 -958.0 -413.0 1.000 1.000 1.000
v 2479.0 -583.0 -413.0 1.000 1.000 1.000
v 2479.0 -583.0 -621.0 1.000 1.000 1.000
v 2479.0 -958.0 -621.0 1.000 1.000 1.000
v 2479.0 -958.0 -1079.0 1.000 1.000 1.000
v 2479.0 -583.0 -1079.0 1.000 1.000 1.000
v 2479.0 -583.0 -1287.0 1.000 1.000 1.000
v 2479.0 -958.0 -1287.0 1.000 1.000 1.000
v 2479.0 -958.0 -1763.0 1.000 1.000 1.000
v 2479.0 -583.0 -1763.0 1.000 1.000 1.000
v 2479.0 -583.0 -1971.0 1.000 1.000 1.000
v 2479.0 -958.0 -1971.0 1.000 1.000 1.000
v 2479.0 -958.0 187.0 1.000 1.000 1.000
v 2479.0 -583.0 187.0 1.000 1.000 1.000
v 2479.0 -583.0 -21.0 1.000 1.000 1.000
v 2479.0 -958.0 -21.0 1.000 1.000 1.000
v 2229.0 -917.0 1005.0 1.000 1.000 1.000
v 2229.0 -500.0 1005.0 1.000 1.000 1.000
v 2229.0 -500.0 797.0 1.000 1.000 1.000
v 2229.0 -917.0 797.0 1.000 1.000 1.000
v 2229.0 -917.0 3037.0 1.000 1.000 1.000
v 2229.0 -500.0 3037.0 1.000 1.000 1.000
v 2229.0 -500.0 2828.0 1.000 1.000 1.000
v 2229.0 -917.0 2828.0 1.000 1.000 1.000
v 2229.0 -917.0 2459.0 1.000 1.000 1.000
v 2229.0 -500.0 2459.0 1.000 1.000 1.000
v 2229.0 -500.0 2251.0 1.000 1.000 1.000
v 2229.0 -917.0 2251.0 1.000 1.000 1.000
v 2229.0 -917.0 1734.0 1.000 1.000 1.000
v 2229.0 -500.0 1734.0 1.000 1.000 1.000
v 2229.0 -500.0 1526.0 1.000 1.000 1.000
v 2229.0 -917.0 1526.0 1.000 1.000 1.000
v 2229.0 833.0 1727.0 1.000 1.000 1.000
v 2229.0 833.0 1519.0 1.000 1.000 1.000
v 2229.0 375.0 1519.0 1.000 1.000 1.000
v 2229.0 375.0 1727.0 1.000 1.000 1.000
v 2229.0 833.0 1003.0 1.000 1.000 1.000
v 2229.0 833.0 795.0 1.000 1.000 1.000
v 2229.0 375.0 795.0 1.000 1.000 1.000
v 2229.0 375.0 1003.0 1.000 1.000 1.000
v 2229.0 833.0 3047.0 1.000 1.000 1.000
v 2229.0 833.0 2839.0 1.000 1.000 1.000
v 2229.0 375.0 2839.0 1.000 1.000 1.000
v 2229.0 375.0 3047.0 1.000 1.000 1.000
v -2275.0 -375.0 2667.0 1.000 1.000 1.000
v -2567.0 -375.0 2667.0 1.000 1.000 1.000
v -2567.0 -333.0 2667.0 1.000 1.000 1.000
v -2275.0 -333.0 2667.0 1.000 1.000 1.000
v -2816.0 -375.0 2667.0 1.000 1.000 1.000
v -3108.0 -375.0 2667.0 1.000 1.000 1.000
v -3108.0 -333.0 2667.0 1.000 1.000 1.000
v -2816.0 -333.0 2667.0 1.000 1.000 1.000
v -2275.0 375.0 2667.0 1.000 1.000 1.000
v -2567.0 375.0 2667.0 1.000 1.000 1.000
v -2567.0 417.0 2667.0 1.000 1.000 1.000
v -2275.0 417.0 2667.0 1.000 1.000 1.000
v -2816.0 375.0 2667.0 1.000 1.000 1.000
v -3108.0 375.0 2667.0 1.000 1.000 1.000
v -3108.0 417.0 2667.0 1.000 1.000 1.000
v -2816.0 417.0 2667.0 1.000 1.000 1.000
v 22.0 375.0 -2208.0 1.000 1.000 1.000
v 314.0 375.0 -2208.0 1.000 1.000 1.000
v 314.0 417.0 -2208.0 1.000 1.000 1.000
v 22.0 417.0 -2208.0 1.000 1.000 1.000
v 1896.0 375.0 -2208.0 1.000 1.000 1.000
v 2188.0 375.0 -2208.0 1.000 1.000 1.000
v 2188.0 417.0 -2208.0 1.000 1.000 1.000
v 1896.0 417.0 -2208.0 1.000 1.000 1.000
v 651.0 375.0 -2208.0 1.000 1.000 1.000
v 943.0 375.0 -2208.0 1.000 1.000 1.000
v 943.0 417.0 -2208.0 1.000 1.000 1.000
v 651.0 417.0 -2208.0 1.000 1.000 1.000
v 1297.0 375.0 -2208.0 1.000 1.000 1.000
v 1589.0 375.0 -2208.0 1.000 1.000 1.000
v 1589.0 417.0 -2208.0 1.000 1.000 1.000
v 1297.0 417.0 -2208.0 1.000 1.000 1.000
v 2229.0 -292.0 776.0 1.000 1.000 1.000
v 2229.0 -292.0 1026.0 1.000 1.000 1.000
v 2229.0 -250.0 1026.0 1.000 1.000 1.000
v 2229.0 -250.0 776.0 1.000 1.000 1.000
v 2229.0 -292.0 1497.0 1.000 1.000 1.000
v 2229.0 -292.0 1747.0 1.000 1.000 1.000
v 2229.0 -250.0 1747.0 1.000 1.000 1.000
v 2229.0 -250.0 1497.0 1.000 1.000 1.000
v 2229.0 -292.0 2218.0 1.000 1.000 1.000
v 2229.0 -292.0 2468.0 1.000 1.000 1.000
v 2229.0 -250.0 2468.0 1.000 1.000 1.000
v 2229.0 -250.0 2218.0 1.000 1.000 1.000
v 2229.0 -292.0 2804.0 1.000 1.000 1.000
v 2229.0 -292.0 3054.0 1.000 1.000 1.000
v 2229.0 -250.0 3054.0 1.000 1.000 1.000
v 2229.0 -250.0 2804.0 1.000 1.000 1.000
v -2305.0 -333.0 -1583.0 1.000 1.000 1.000
v -2014.0 -333.0 -1583.0 1.000 1.000 1.000
v -2014.0 -292.0 -1583.0 1.000 1.000 1.000
v -2305.0 -292.0 -1583.0 1.000 1.000 1.000
v -2938.0 -333.0 -1583.0 1.000 1.000 1.000
v -2647.0 -333.0 -1583.0 1.000 1.000 1.000
v -2647.0 -292.0 -1583.0 1.000 1.000 1.000
v -2938.0 -292.0 -1583.0 1.000 1.000 1.000
v -1570.0 -333.0 -1583.0 1.000 1.000 1.000
v -1279.0 -333.0 -1583.0 1.000 1.000 1.000
v -1279.0 -292.0 -1583.0 1.000 1.000 1.000
v -1570.0 -292.0 -1583.0 1.000 1.000 1.000
v -918.0 -333.0 -1583.0 1.000 1.000 1.000
v -626.0 -333.0 -1583.0 1.000 1.000 1.000
v -626.0 -292.0 -1583.0 1.000 1.000 1.000
v -918.0 -292.0 -1583.0 1.000 1.000 1.000
v -911.0 458.0 -1583.0 1.000 1.000 1.000
v -619.0 458.0 -1583.0 1.000 1.000 1.000
v -619.0 500.0 -1583.0 1.000 1.000 1.000
v -911.0 500.0 -1583.0 1.000 1.000 1.000
v -2936.0 458.0 -1583.0 1.000 1.000 1.000
v -2644.0 458.0 -1583.0 1.000 1.000 1.000
v -2644.0 500.0 -1583.0 1.000 1.000 1.000
v -2936.0 500.0 -1583.0 1.000 1.000 1.000
v -1573.0 458.0 -1583.0 1.000 1.000 1.000
v -1281.0 458.0 -1583.0 1.000 1.000 1.000
v -1281.0 500.0 -1583.0 1.000 1.000 1.000
v -1573.0 500.0 -1583.0 1.000 1.000 1.000
v -2302.0 458.0 -1583.0 1.000 1.000 1.000
v -2011.0 458.0 -1583.0 1.000 1.000 1.000
v -2011.0 500.0 -1583.0 1.000 1.000 1.000
v -2302.0 500.0 -1583.0 1.000 1.000 1.000
v 2479.0 250.0 -289.0 1.000 1.000 1.000
v 2479.0 250.0 -39.0 1.000 1.000 1.000
v 2479.0 292.0 -39.0 1.000 1.000 1.000
v 2479.0 292.0 -289.0 1.000 1.000 1.000
v 2479.0 250.0 -971.0 1.000 1.000 1.000
v 2479.0 250.0 -721.0 1.000 1.000 1.000
v 2479.0 292.0 -721.0 1.000 1.000 1.000
v 2479.0 292.0 -971.0 1.000 1.000 1.000
v 2479.0 250.0 -1657.0 1.000 1.000 1.000
v 2479.0 250.0 -1407.0 1.000 1.000 1.000
v 2479.0 292.0 -1407.0 1.000 1.000 1.000
v 2479.0 292.0 -1657.0 1.000 1.000 1.000
v 2229.0 333.0 1477.0 1.000 1.000 1.000
v 2229.0 333.0 1769.0 1.000 1.000 1.000
v 2229.0 375.0 1769.0 1.000 1.000 1.000
v 2229.0 375.0 1477.0 1.000 1.000 1.000
v 2229.0 333.0 753.0 1.000 1.000 1.000
v 2229.0 333.0 1045.0 1.000 1.000 1.000
v 2229.0 375.0 1045.0 1.000 1.000 1.000
v 2229.0 375.0 753.0 1.000 1.000 1.000
v 2229.0 333.0 2201.0 1.000 1.000 1.000
v 2229.0 333.0 2493.0 1.000 1.000 1.000
v 2229.0 375.0 2493.0 1.000 1.000 1.000
v 2229.0 375.0 2201.0 1.000 1.000 1.000
v 2229.0 333.0 2797.0 1.000 1.000 1.000
v 2229.0 333.0 3089.0 1.000 1.000 1.000
v 2229.0 375.0 3089.0 1.000 1.000 1.000
v 2229.0 375.0 2797.0 1.000 1.000 1.000
v 2479.0 750.0 -81.0 1.000 1.000 1.000
v 2479.0 750.0 -248.0 1.000 1.000 1.000
v 2479.0 292.0 -248.0 1.000 1.000 1.000
v 2479.0 292.0 -81.0 1.000 1.000 1.000
v 2479.0 750.0 -1449.0 1.000 1.000 1.000
v 2479.0 750.0 -1615.0 1.000 1.000 1.000
v 2479.0 292.0 -1615.0 1.000 1.000 1.000
v 2479.0 292.0 -1449.0 1.000 1.000 1.000
v 2479.0 42.0 -1085.0 1.000 1.000 1.000
v 2479.0 42.0 -1274.0 1.000 1.000 1.000
v 2479.0 -333.0 -1274.0 1.000 1.000 1.000
v 2479.0 -333.0 -1085.0 1.000 1.000 1.000
v 2479.0 42.0 177.0 1.000 1.000 1.000
v 2479.0 42.0 -12.0 1.000 1.000 1.000
v 2479.0 -333.0 -12.0 1.000 1.000 1.000
v 2479.0 -333.0 177.0 1.000 1.000 1.000
v -665.0 -483.0 -1583.0 1.000 1.000 1.000
v -873.0 -483.0 -1583.0 1.000 1.000 1.000
v -873.0 -583.0 -1583.0 1.000 1.000 1.000
v -665.0 -583.0 -1583.0 1.000 1.000 1.000
v -2666.0 -483.0 -1583.0 1.000 1.000 1.000
v -2874.0 -483.0 -1583.0 1.000 1.000 1.000
v -2874.0 -583.0 -1583.0 1.000 1.000 1.000
v -2666.0 -583.0 -1583.0 1.000 1.000 1.000
v -1258.0 -483.0 -1583.0 1.000 1.000 1.000
v -1466.0 -483.0 -1583.0 1.000 1.000 1.000
v -1466.0 -583.0 -1583.0 1.000 1.000 1.000
v -1258.0 -583.0 -1583.0 1.000 1.000 1.000
v -2062.0 -483.0 -1583.0 1.000 1.000 1.000
v -2270.0 -483.0 -1583.0 1.000 1.000 1.000
v -2270.0 -583.0 -1583.0 1.000 1.000 1.000
v -2062.0 -583.0 -1583.0 1.000 1.000 1.000
v 2229.0 -400.0 1005.0 1.000 1.000 1.000
v 2229.0 -400.0 797.0 1.000 1.000 1.000
v 2229.0 -500.0 797.0 1.000 1.000 1.000
v 2229.0 -500.0 1005.0 1.000 1.000 1.000
v 2229.0 -400.0 3037.0 1.000 1.000 1.000
v 2229.0 -400.0 2828.0 1.000 1.000 1.000
v 2229.0 -500.0 2828.0 1.000 1.000 1.000
v 2229.0 -500.0 3037.0 1.000 1.000 1.000
v 2229.0 -400.0 2459.0 1.000 1.000 1.000
v 2229.0 -400.0 2251.0 1.000 1.000 1.000
v 2229.0 -500.0 2251.0 1.000 1.000 1.000
v 2229.0 -500.0 2459.0 1.000 1.000 1.000
v 2229.0 -400.0 1734.0 1.000 1.000 1.000
v 2229.0 -400.0 1526.0 1.000 1.000 1.000
v 2229.0 -500.0 1526.0 1.000 1.000 1.000
v 2229.0 -500.0 1734.0 1.000 1.000 1.000
vt -1.9492 -4.2764
vt -3.9673 -3.6025
vt -2.8745 -1.9004
vt -2.1167 -8.3545
vt -1.0239 -6.6523
vt -0.2095 -8.7432
vt -1.2656 -10.5400
vt 0.6787 -11.0234
vt 1.5308 -15.9561
vt 2.4336 -14.5498
vt 2.2759 -1.2070
vt 1.1831 -2.9092
vt 1.9316 0.8525
vt 3.4639 0.6436
vt 2.8345 2.2598
vt 0.3315 -0.7236
vt 0.7847 3.7988
vt -0.5933 1.6523
vt 3.0669 -12.6475
vt -1.9785 -11.6504
vt 0.3901 -17.7324
vt 2.8643 -7.6191
vt 4.1597 -10.9453
vt 1.8188 -9.2471
vt 3.2891 -13.2178
vt 6.5356 -7.2441
vt 4.0522 -5.7686
vt 5.2402 -3.9180
vt 2.8682 -3.0029
vt -0.3945 -3.0029
vt -0.3945 0.9844
vt 2.8682 0.9844
vt 5.4365 -2.9961
vt -0.1738 -2.9961
vt -0.1738 0.9863
vt 5.4365 0.9863
vt 2.5957 -3.0264
vt -3.0781 -3.0264
vt -3.0781 1.0000
vt 2.5957 1.0000
vt 11.7305 -3.0186
vt -0.3252 -3.0186
vt -0.3252 1.0000
vt 11.7305 1.0000
vt 3.6201 1.0000
vt 3.6748 0.4912
vt -0.5430 0.4912
vt -0.4150 1.0000
vt -2.5742 0.4912
vt -2.5742 1.0000
vt 5.4463 1.0000
vt 5.4463 0.4912
vt 3.7578 1.0000
vt 3.7578 -3.0332
vt -0.1318 -3.0332
vt -0.1318 1.0000
vt 7.4248 1.0000
vt 7.4248 -3.0166
vt -2.9043 -3.0166
vt -2.9043 1.0000
vt 2.7256 1.0020
vt 2.7256 -3.0176
vt -1.1504 -3.0176
vt -1.1504 1.0020
vt -6.6494 1.9932
vt 1.4277 1.9932
vt 1.7783 1.0000
vt -6.6494 1.0000
vt -9.6240 1.0000
vt 3.0566 1.0000
vt 3.3320 0.2207
vt -9.6240 0.2207
vt 6.7324 1.0000
vt -5.7822 1.0000
vt -5.5166 1.7529
vt 6.7324 1.7529
vt -7.2285 0.0127
vt -6.8799 1.0000
vt 5.6895 1.0000
vt 6.0391 0.0127
vt -17.6924 0.2158
vt -17.4150 1.0000
vt 2.5518 1.0000
vt 2.8291 0.2158
vt 16.4912 1.7383
vt 16.7529 1.0000
vt -2.5654 1.0000
vt -2.3047 1.7383
vt 7.9570 0.0039
vt -0.4951 0.0039
vt -0.1426 1.0000
vt 7.9570 1.0000
vt 12.4482 0.2344
vt -0.2705 0.2344
vt 0.0000 1.0000
vt 12.4482 1.0000
vt -11.4688 1.7402
vt 0.5635 1.7402
vt 0.8252 1.0000
vt -11.4688 1.0000
vt 3.1455 1.0000
vt 3.4951 0.0117
vt -0.3496 0.0117
vt 6.3789 0.0117
vt -0.6104 0.0117
vt -0.2607 1.0000
vt 6.0303 1.0000
vt 5.2803 1.0000
vt 5.2803 0.0068
vt -0.5137 0.0068
vt -0.1631 1.0000
vt 1.2061 1.0000
vt 1.5576 0.0039
vt -4.2539 0.0039
vt -4.2539 1.0000
vt 10.7617 -0.0010
vt -0.5635 -0.0010
vt -0.2100 1.0000
vt 10.7617 1.0000
vt 2.1494 0.0068
vt -9.0840 0.0068
vt -9.0840 1.0000
vt 1.7979 1.0000
vt 10.4238 1.7305
vt 10.4238 1.0000
vt -6.8779 1.0000
vt -6.6201 1.7305
vt 8.2373 1.0000
vt 8.2373 0.0020
vt -3.7617 0.0020
vt -3.4092 1.0000
vt 11.1250 1.0000
vt -6.8906 1.0000
vt -6.6221 1.7607
vt 11.1250 1.7607
vt 11.6074 1.0000
vt -6.3213 1.0000
vt -6.0576 1.7461
vt 11.6074 1.7461
vt -0.6504 1.0000
vt -0.5605 0.0029
vt -12.4941 0.0029
vt -12.3291 1.0000
vt -17.9561 0.0029
vt -17.9561 1.0000
vt 4.2578 1.0000
vt 4.2578 0.0205
vt -1.5840 0.0205
vt -1.7041 1.0000
vt -9.9502 0.0205
vt -9.7852 1.0000
vt -17.5527 0.0205
vt -17.5527 1.0000
vt 4.2539 1.0000
vt 4.2539 0.0029
vt -3.0840 1.0000
vt -2.8281 1.7217
vt 4.0645 1.7217
vt 4.0645 1.0000
vt 1.8711 1.0000
vt 2.2227 0.0078
vt -7.6035 0.0078
vt -7.6035 1.0000
vt 8.7617 1.0000
vt 8.7617 0.0215
vt -0.9258 0.0215
vt -0.5791 1.0000
vt -6.5000 1.0000
vt -6.5000 1.7383
vt 0.5439 1.7383
vt 0.8047 1.0000
vt -17.3115 1.0000
vt -17.0566 1.7207
vt 1.2910 1.7207
vt 1.5459 1.0000
vt 24.5234 1.0000
vt 24.8701 0.0195
vt -0.7881 0.0195
vt -0.4414 1.0000
vt 2.7285 1.0000
vt 3.0762 0.0166
vt -3.8789 0.0166
vt -3.5312 1.0000
vt 9.7812 1.0000
vt 9.7812 0.0244
vt -1.2578 0.0244
vt -0.9131 1.0000
vt 5.0557 1.0000
vt 5.4082 0.0049
vt -5.8535 0.0049
vt -5.8535 1.0000
vt 17.0820 1.0000
vt 17.2002 0.0303
vt -2.0869 0.0303
vt -1.8838 1.0000
vt -2.8994 0.0303
vt -2.8994 1.0000
vt 18.6963 1.0000
vt 18.6963 0.0303
vt -20.5332 1.0000
vt 3.3301 1.0000
vt 3.3301 0.0059
vt -20.5332 0.0059
vt -7.9814 1.0000
vt 3.4189 1.0000
vt 3.4189 0.0088
vt -7.9814 0.0088
vt -31.8018 0.0020
vt -31.8018 1.0000
vt 6.1289 1.0000
vt 6.1289 0.0020
vt -14.9053 0.0186
vt -14.9053 1.0000
vt 2.7529 1.0000
vt 2.7529 0.0186
vt 24.4062 -0.0166
vt 0.0000 -0.0166
vt 24.4062 1.0000
vt 11.4141 0.0078
vt 0.0000 0.0078
vt 11.4141 1.0000
vt 3.2910 0.0098
vt -5.6230 0.0098
vt -5.6230 1.0000
vt 3.2910 1.0000
vt 15.4492 0.0029
vt 0.0000 0.0029
vt 15.4492 1.0000
vt 9.3555 0.0078
vt -6.0176 0.0078
vt -6.0176 1.0000
vt 9.3555 1.0000
vt 23.6357 0.0225
vt -8.6074 0.0225
vt -8.6074 1.0000
vt 23.6357 1.0000
vt 20.9434 1.0000
vt 20.9434 0.0059
vt -11.8604 0.0059
vt -11.8604 1.0000
vt 6.2402 1.0000
vt 6.4131 0.0107
vt -14.2607 0.0107
vt -14.0449 1.0000
vt -14.5762 1.0000
vt 9.9814 1.0000
vt 10.1240 0.0264
vt -2.6250 0.0264
vt -2.4971 1.0000
vt -5.8096 0.0264
vt -5.8096 1.0000
vt 13.2842 1.0000
vt 13.2842 0.0264
vt 7.4629 1.0000
vt 7.4629 0.0107
vt -0.4336 1.0000
vt -0.4336 1.8574
vt 0.5947 1.8574
vt 0.5947 1.0000
vt 0.5068 1.0000
vt 0.5068 0.0254
vt -0.5889 0.0254
vt -0.5889 1.0000
vt 2.0352 1.0000
vt 2.0352 0.0146
vt 0.0000 0.0146
vt -1.0029 1.0000
vt -1.0029 1.9824
vt 0.9004 1.9824
vt 0.9004 1.0000
vt 1.3320 1.0000
vt 1.3320 0.0225
vt -0.6875 0.0225
vt -0.6875 1.0000
vt -0.5117 1.0000
vt -0.5117 1.9160
vt 1.2627 1.9160
vt 1.2627 1.0000
vt 1.9502 1.9453
vt 2.1553 1.0000
vt -0.4727 1.0000
vt -0.1846 1.9453
vt -0.6621 1.0000
vt -0.6611 1.9453
vt 2.4434 1.9453
vt 2.4424 1.0000
vt 1.0488 1.0000
vt 1.2744 0.0195
vt -1.5518 0.0195
vt -1.1064 1.0000
vt -3.0645 0.0195
vt -3.0645 1.0000
vt 2.5537 1.0000
vt 2.5537 0.0195
vt 1.5908 1.0000
vt 1.5908 0.0088
vt -0.4688 0.0088
vt -0.4688 1.0000
vt -2.0391 1.0000
vt -2.0391 1.9814
vt 0.0000 1.9814
vt 3.5898 1.0156
vt 3.5918 0.0273
vt 0.0029 0.0059
vt 0.0000 0.9941
vt -4.7656 0.9893
vt 2.9307 0.9893
vt 2.9307 -3.0264
vt -4.7656 -3.0264
vt -12.1904 -3.0430
vt -12.1904 0.9941
vt -0.0791 0.9941
vt -0.0791 -3.0430
vt 7.5225 -3.0273
vt -0.1963 -3.0273
vt -0.1963 1.0000
vt 7.5225 1.0000
vt 8.7646 1.0000
vt 8.7646 -2.9834
vt 0.0000 -2.9834
vt -0.8408 0.0410
vt -0.8408 1.0000
vt 4.5898 1.0000
vt 4.5898 0.0410
vt -1.3701 1.0000
vt 0.9775 1.0000
vt 0.9775 0.0195
vt -1.3701 0.0195
vt -0.3047 0.0039
vt -0.3047 1.0000
vt 3.0801 1.0000
vt 3.0801 0.0039
vt 2.8301 0.0156
vt 0.0000 0.0156
vt 2.8301 1.0000
vt 2.4199 1.0000
vt 2.4199 0.0068
vt -0.8555 0.0068
vt -0.8555 1.0000
vt -7.3330 1.3330
vt -3.1670 1.3330
vt -3.1670 1.0000
vt -7.3330 1.0000
vt 1.0000 1.3330
vt 1.0000 1.0000
vt 4.1699 1.4160
vt 8.3359 1.4160
vt 8.3359 1.0830
vt 4.1699 1.0830
vt 0.0029 1.4160
vt 0.0029 1.0830
vt -7.0078 1.0000
vt -2.8418 1.0000
vt -2.8418 0.3623
vt -7.0078 0.3623
vt 1.3252 1.0000
vt 1.3252 0.3623
vt 4.9922 1.0000
vt 4.9922 0.3623
vt 8.6582 1.0000
vt 8.6582 0.3623
vt -14.6670 1.0000
vt -11.0000 1.0000
vt -11.0000 0.1660
vt -14.6670 0.1660
vt -7.3330 0.1660
vt 4.1670 0.6670
vt 4.1670 0.0000
vt 8.3330 0.0000
vt 8.3330 0.6670
vt 0.0000 0.6670
vt 0.0000 0.0000
vt 4.1670 0.1152
vt 4.1670 1.0000
vt 0.0000 0.1152
vt 8.3330 0.1152
vt 8.0000 1.0000
vt -6.3330 0.1035
vt -2.1670 0.1035
vt -2.1670 1.0000
vt -6.0000 1.0000
vt 2.0000 0.1035
vt 2.0000 1.0000
vt -6.3330 1.0000
vt -10.0000 1.0000
vt -10.0000 0.1387
vt -6.3330 0.1387
vt -14.0000 1.0000
vt -13.6670 0.1387
vt 16.0000 0.6670
vt 12.0000 0.6670
vt 12.0000 0.0000
vt 15.6670 0.0000
vt -3.1670 0.1660
vt 1.0000 0.1660
vt -2.1670 0.1387
vt 2.0000 0.1387
vt -31.3584 1.0000
vt 1.0000 0.3115
vt -31.3584 0.3115
vt -21.8105 1.0000
vt 8.0088 1.0000
vt 8.0088 0.3516
vt -21.8105 0.3516
vt -31.3877 0.3232
vt -31.3877 1.0000
vt 18.7070 1.0000
vt 18.7070 0.3232
vt -27.4082 0.3203
vt -27.4082 1.0000
vt 21.4922 1.0000
vt 21.4922 0.3213
vt 23.9863 0.4893
vt 0.0000 0.4893
vt 23.9863 1.0000
vt 25.0566 0.4551
vt 0.0000 0.4551
vt 25.0566 1.0000
vt 0.0342 1.0000
vt 0.0342 0.3682
vt -11.3301 0.3711
vt -11.3301 1.0029
vt 11.3838 1.0000
vt 11.3838 0.3672
vt 0.0000 0.3672
vt 10.0391 -0.0039
vt 0.0000 -0.0039
vt 10.0391 1.0000
vt 20.1133 1.0000
vt 20.1133 0.3516
vt 0.0000 0.3516
vt 19.4609 1.0000
vt 19.4609 0.3574
vt -0.4561 0.3574
vt -0.4561 1.0000
vt 0.0000 0.3457
vt -20.2861 0.3457
vt -20.2861 1.0000
vt 0.0000 0.3486
vt -20.1982 0.3428
vt -20.1982 0.9951
vt 16.0322 -0.0020
vt 0.0000 -0.0020
vt 16.0322 1.0000
vt 2.7852 0.0020
vt -13.1807 0.0020
vt -13.1807 1.0000
vt 2.7852 1.0000
vt 31.7803 1.0000
vt 31.7803 0.3369
vt -12.0000 0.3369
vt -12.0000 1.0000
vt 23.3008 -0.0107
vt -10.5566 -0.0107
vt -10.5566 1.0000
vt 23.3008 1.0000
vt 19.5273 1.0000
vt 20.0771 0.0186
vt -7.0693 0.0186
vt -6.6367 1.0000
vt -8.5234 0.0186
vt -8.5234 1.0000
vt 22.3887 1.0000
vt 22.3887 0.0186
vt 0.0000 0.3359
vt -17.9326 0.3418
vt -17.9326 1.0068
vt 16.9531 1.0000
vt 16.9531 0.3584
vt -0.3633 0.3584
vt -0.3633 1.0000
vt -0.0059 1.0000
vt -0.0059 0.3262
vt -18.8770 0.3262
vt -18.8770 1.0010
vt 17.1074 1.0000
vt 17.1074 0.3701
vt -0.5283 0.3701
vt -0.5283 1.0000
vt 31.5322 1.0000
vt 31.5322 0.3535
vt -15.0000 0.3535
vt -15.0000 1.0000
vt 18.3203 1.0000
vt 18.3203 0.3291
vt -31.3535 0.3291
vt -31.3535 1.0000
vt -1.6729 1.0000
vt 1.3574 1.0000
vt 1.3574 0.0117
vt -1.6729 0.0117
vt 4.0342 1.0000
vt 4.0342 0.0088
vt 0.0000 0.0088
vt 3.0498 0.0059
vt 0.0000 0.0059
vt 3.0498 1.0000
vt -0.4365 0.0947
vt 2.4492 0.0127
vt -0.4766 0.0127
vt -0.1523 1.0000
vt 2.2529 1.0000
vt 3.2227 1.0000
vt 3.2227 0.0127
vt -1.2529 0.0127
vt -1.2529 1.0000
vt 1.1260 1.0000
vt 1.1260 0.0039
vt -0.5547 0.0039
vt -0.5547 1.0000
vt 1.6777 1.0000
vt 1.6777 0.0059
vt 3.5029 1.0000
vt 3.5029 0.0020
vt -0.9863 0.0020
vt -0.9863 1.0000
vt -10.2588 1.6836
vt 1.0957 1.6836
vt 1.3379 1.0000
vt -10.2588 1.0000
vt -9.9805 1.6885
vt 1.2236 1.6885
vt 1.4668 1.0000
vt -9.9805 1.0000
vt -14.3750 1.0000
vt -14.1436 1.6562
vt 3.0293 1.6562
vt 3.2617 1.0000
vt -15.5479 1.0000
vt -15.2930 1.7207
vt 3.0635 1.7207
vt 3.3184 1.0000
vt 11.3770 1.0000
vt -0.2471 1.0000
vt -0.0049 1.6846
vt 11.3770 1.6846
vt 11.4473 1.0000
vt 0.2432 1.6885
vt 11.4473 1.6885
vt 3.5342 1.0000
vt 3.1777 -0.0098
vt -3.2510 -0.0098
vt -3.6084 1.0000
vt 7.3467 -0.0088
vt -0.4971 -0.0088
vt -0.1406 1.0000
vt 6.9902 1.0000
vt 10.1934 1.0000
vt 10.1934 -0.0127
vt -0.9014 -0.0127
vt -1.2598 1.0000
vt 5.3457 1.9863
vt 4.9971 1.0000
vt -5.8105 1.0000
vt -5.8105 1.9863
vt 11.1953 -0.0049
vt -0.5283 -0.0049
vt -0.1729 1.0000
vt 11.1953 1.0000
vt 2.9189 0.0039
vt -8.7070 0.0039
vt -8.7070 1.0000
vt 2.5674 1.0000
vt 15.3193 1.0000
vt 15.3193 0.0439
vt -6.9814 0.0439
vt -7.3193 1.0000
vt 16.8018 1.0000
vt 16.8018 -0.0059
vt -7.0264 -0.0059
vt -6.6699 1.0000
vt 5.0029 1.0000
vt 5.0781 -0.0010
vt -2.5889 -0.0010
vt -2.4404 1.0000
vt -4.2988 -0.0010
vt -4.2988 1.0000
vt 6.8477 1.0000
vt 6.8477 -0.0010
vt 2.1338 1.0000
vt 2.4814 0.0176
vt -7.2480 0.0176
vt -7.2480 1.0000
vt 8.8721 1.0000
vt 8.8721 0.0098
vt -0.9297 0.0098
vt 2.6865 1.0000
vt 3.0420 -0.0059
vt -23.2656 -0.0059
vt -22.9102 1.0000
vt -0.7822 1.0000
vt 2.1045 1.0000
vt 2.1045 0.0205
vt -0.7822 0.0205
vt -0.9043 0.0586
vt -0.9043 1.0000
vt 3.0020 1.0000
vt 3.0020 0.0586
vt 3.1904 0.0205
vt 0.0000 0.0205
vt 3.1904 1.0000
vt 0.0000 0.0049
vt 1.6807 1.0000
vt 1.6807 0.0049
vt 0.0000 0.0137
vt 2.7803 1.0000
vt 2.7803 0.0137
vt -0.4717 0.0371
vt -0.4717 1.0000
vt 2.4004 1.0000
vt 2.4004 0.0371
vt 2.8105 1.0000
vt 2.8105 0.0059
vt 1.5039 0.0059
vt 1.4014 1.0000
vt -0.2676 0.0059
vt -0.1162 1.0000
vt -1.9717 0.0059
vt -1.9717 1.0000
vt 1.1123 1.0000
vt 1.1123 0.0098
vt -1.1982 0.0098
vt -1.1982 1.0000
vt 1.9922 1.0000
vt 1.9922 0.0088
vt -0.3213 0.0088
vt -0.3213 1.0000
vt 3.8594 1.0000
vt 3.8594 0.0273
vt 0.0000 0.0273
vt 2.2939 1.0000
vt 2.6406 0.0195
vt -4.2910 0.0195
vt -3.9443 1.0000
vt 10.2998 1.0000
vt 10.2998 0.0205
vt -0.7852 0.0205
vt -0.4385 1.0000
vt 4.5713 1.0000
vt 4.9209 0.0107
vt -6.2676 0.0107
vt -6.2676 1.0000
vt 10.3379 1.0000
vt 10.5586 -0.0156
vt -4.1582 -0.0156
vt -3.9424 1.0000
vt -4.5439 -0.0156
vt -4.5439 1.0000
vt 11.4463 1.0000
vt 11.4463 -0.0156
vt 1.6367 1.0000
vt 1.9873 0.0098
vt -7.8174 0.0098
vt -7.8174 1.0000
vt 8.9658 1.0000
vt 8.9658 0.0029
vt -0.9082 0.0029
vt -0.5557 1.0000
vt 3.0342 1.0000
vt 3.3828 0.0137
vt -22.4121 0.0137
vt -22.0635 1.0000
vt 1.0000 0.3057
vt -1.0000 0.3057
vt -1.0000 1.0000
vt 0.0000 -0.3887
vt -1.0000 -0.3887
vt 1.0000 -0.3887
vt 0.0000 -1.0000
vt 1.0000 -0.2822
vt 0.0000 -0.2822
vt 0.0000 -0.8462
vt -1.0000 -1.0000
vt -1.0000 -1.6113
vt -1.0000 -0.8462
vt -1.0000 -1.4102
vt -1.0000 -0.2822
vt 1.0000 0.3589
vt -1.0000 0.3589
vt 1.4990 1.0000
vt 1.8496 0.0078
vt -8.3223 0.0078
vt -8.3223 1.0000
vt 9.6406 1.0000
vt 9.6406 -0.0010
vt -0.6240 -0.0010
vt -0.2695 1.0000
vt 1.9775 1.0000
vt 2.3281 0.0107
vt -24.2656 0.0107
vt -23.9160 1.0000
vt -0.1548 1.0000
vt 2.7646 1.0000
vt 2.7646 0.1006
vt -0.1548 0.1006
vt 1.0000 0.0000
vt 1.0000 0.0098
vt 0.0000 0.0098
vt 1.0000 0.0078
vt -0.9824 1.9980
vt 2.5088 1.9980
vt 2.5088 1.0000
vt -0.9824 1.0000
vt -0.4814 1.0000
vt 2.9336 1.0000
vt 2.9336 0.0244
vt -0.4814 0.0244
vt -0.3730 1.0000
vt 2.4082 1.0000
vt 2.4082 0.0723
vt -0.3730 0.0723
vt -0.7100 1.0000
vt 2.7891 1.0000
vt 2.7891 0.0000
vt -0.7100 0.0000
vt 3.0000 1.0000
vt 3.0000 0.0078
vt -0.4727 0.0078
vt -0.3027 1.0000
vt 1.9375 1.0000
vt 1.9375 0.2529
vt -0.3027 0.2529
vt -0.3604 1.0000
vt 3.0225 1.0000
vt 3.0225 0.0332
vt -0.3604 0.0332
vn -0.577 -0.577 -0.577
vn 0.577 0.577 0.577
vn 0.577 0.577 0.577
vn 0.577 0.577 0.577
vn -0.577 -0.577 -0.577
vn -0.577 -0.577 -0.577
vn 0.577 0.577 0.577
vn -0.577 -0.577 -0.577
vn 0.577 0.577 0.577
vn 0.577 0.577 0.577
vn 0.577 0.577 0.577
vn -0.577 -0.577 -0.577
vn 0.577 0.577 0.577
vn 0.577 0.577 0.577
vn 0.577 0.577 0.577
vn -0.577 -0.577 -0.577
vn 0.577 0.577 0.577
vn 0.577 0.577 0.577
vn -0.577 -0.577 -0.577
vn 0.577 0.577 0.577
vn 0.577 0.577 0.577
vn 0.577 0.577 0.577
vn -0.577 -0.577 -0.577
vn 0.577 0.577 0.577
vn 0.577 0.577 0.577
vn 0.577 0.577 0.577
vn 0.577 0.577 0.577
vn -0.577 -0.577 -0.577
vn 0.577 0.577 0.577
vn -0.577 -0.577 -0.577
vn 0.577 0.577 0.577
vn 0.577 0.577 0.577
vn 0.577 0.577 0.577
vn 0.577 0.577 0.577
vn -0.577 -0.577 -0.577
vn 0.577 0.577 0.577
vn 0.577 0.577 0.577
vn -0.577 -0.577 -0.577
vn 0.621 0.621 0.478
vn 0.621 0.621 0.478
vn 0.607 0.626 0.489
vn 0.619 0.619 0.484
vn 0.619 0.619 0.484
vn 0.620 0.620 0.482
vn 0.621 0.621 0.477
vn 0.620 0.620 0.480
vn 0.619 0.619 0.483
vn 0.619 0.619 0.483
vn 0.619 0.619 0.483
vn 0.619 0.619 0.483
vn 0.577 0.577 0.577
vn 0.577 0.577 0.577
vn 0.577 0.577 0.577
vn 0.577 0.577 0.577
vn -0.577 -0.577 -0.577
vn -0.577 -0.577 -0.577
vn -0.577 -0.577 -0.577
vn -0.577 -0.577 -0.577
vn 0.577 0.577 0.577
vn 0.577 0.577 0.577
vn 0.577 0.577 0.577
vn 0.577 0.577 0.577
vn 0.577 0.577 0.577
vn 0.577 0.577 0.577
vn 0.577 0.577 0.577
vn 0.577 0.577 0.577
vn 0.577 0.577 0.577
vn 0.577 0.577 0.577
vn 0.577 0.577 0.577
vn 0.577 0.577 0.577
vn 0.615 0.582 0.533
vn 0.609 0.579 0.543
vn 0.611 0.578 0.540
vn 0.611 0.579 0.540
vn 0.613 0.577 0.540
vn 0.609 0.580 0.541
vn 0.628 0.608 0.486
vn 0.607 0.584 0.538
vn 0.577 0.577 0.577
vn 0.577 0.577 0.577
vn 0.577 0.577 0.577
vn 0.577 0.577 0.577
vn 0.577 0.577 0.577
vn 0.577 0.577 0.577
vn 0.577 0.577 0.577
vn 0.577 0.577 0.577
vn 0.577 0.577 0.577
vn 0.577 0.577 0.577
vn 0.577 0.577 0.577
vn 0.577 0.577 0.577
vn 0.577 0.577 0.577
vn -0.577 -0.577 -0.577
vn 0.577 0.577 0.577
vn 0.577 0.577 0.577
vn 0.577 0.577 0.577
vn 0.577 0.577 0.577
vn 0.577 0.577 0.577
vn 0.577 0.577 0.577
vn 0.577 0.577 0.577
vn 0.577 0.577 0.577
vn 0.577 0.577 0.577
vn 0.577 0.577 0.577
vn 0.577 0.577 0.577
vn 0.577 0.577 0.577
vn 0.577 0.577 0.577
vn 0.577 0.577 0.577
vn 0.577 0.577 0.577
vn 0.577 0.577 0.577
vn 0.577 0.577 0.577
vn 0.577 0.577 0.577
vn 0.577 0.577 0.577
vn 0.577 0.577 0.577
vn 0.577 0.577 0.577
vn 0.577 0.577 0.577
vn -0.577 -0.577 -0.577
vn -0.577 -0.577 -0.577
vn 0.577 0.577 0.577
vn 0.577 0.577 0.577
vn -0.577 -0.577 -0.577
vn -0.577 -0.577 -0.577
vn -0.577 -0.577 -0.577
vn -0.577 -0.577 -0.577
vn 0.628 0.604 0.491
vn 0.621 0.621 0.479
vn -0.473 -0.473 -0.743
vn -0.460 -0.460 -0.760
vn 0.619 0.619 0.483
vn 0.619 0.619 0.483
vn 0.619 0.619 0.483
vn 0.619 0.619 0.483
vn 0.631 0.604 0.487
vn -0.499 -0.499 -0.709
vn -0.489 -0.489 -0.722
vn 0.634 0.634 0.444
vn 0.619 0.619 0.483
vn 0.619 0.619 0.483
vn 0.619 0.619 0.483
vn 0.619 0.619 0.483
vn 0.577 0.577 0.577
vn 0.577 0.577 0.577
vn 0.577 0.577 0.577
vn 0.577 0.577 0.577
vn 0.577 0.577 0.577
vn 0.577 0.577 0.577
vn 0.577 0.577 0.577
vn 0.577 0.577 0.577
vn 0.577 0.577 0.577
vn 0.577 0.577 0.577
vn 0.577 0.577 0.577
vn 0.577 0.577 0.577
vn 0.577 0.577 0.577
vn 0.577 0.577 0.577
vn 0.577 0.577 0.577
vn 0.577 0.577 0.577
vn -0.577 -0.577 -0.577
vn -0.577 -0.577 -0.577
vn 0.577 0.577 0.577
vn 0.577 0.577 0.577
vn 0.577 0.577 0.577
vn 0.577 0.577 0.577
vn 0.577 0.577 0.577
vn 0.577 0.577 0.577
vn 0.577 0.577 0.577
vn 0.577 0.577 0.577
vn 0.577 0.577 0.577
vn 0.577 0.577 0.577
vn 0.577 0.577 0.577
vn 0.577 0.577 0.577
vn 0.577 0.577 0.577
vn 0.577 0.577 0.577
vn 0.577 0.577 0.577
vn 0.577 0.577 0.577
vn 0.577 0.577 0.577
vn 0.577 0.577 0.577
vn 0.577 0.577 0.577
vn 0.577 0.577 0.577
vn 0.577 0.577 0.577
vn 0.577 0.577 0.577
vn 0.620 0.572 0.537
vn 0.620 0.572 0.537
vn 0.607 0.584 0.538
vn 0.607 0.584 0.538
vn 0.616 0.581 0.533
vn 0.612 0.579 0.539
vn 0.608 0.577 0.546
vn 0.611 0.579 0.540
vn 0.577 0.577 0.577
vn 0.577 0.577 0.577
vn 0.577 0.577 0.577
vn 0.577 0.577 0.577
vn 0.577 0.577 0.577
vn 0.577 0.577 0.577
vn 0.577 0.577 0.577
vn 0.577 0.577 0.577
vn 0.577 0.577 0.577
vn 0.577 0.577 0.577
vn 0.577 0.577 0.577
vn 0.577 0.577 0.577
vn -0.577 -0.577 -0.577
vn -0.577 -0.577 -0.577
vn -0.577 -0.577 -0.577
vn -0.577 -0.577 -0.577
vn 0.577 0.577 0.577
vn 0.577 0.577 0.577
vn 0.577 0.577 0.577
vn 0.577 0.577 0.577
vn 0.621 0.621 0.478
vn 0.621 0.621 0.478
vn 0.620 0.620 0.481
vn 0.620 0.620 0.480
vn 0.619 0.619 0.483
vn 0.619 0.619 0.483
vn 0.619 0.619 0.483
vn 0.619 0.619 0.483
vn -0.577 -0.577 -0.577
vn -0.577 -0.577 -0.577
vn -0.577 -0.577 -0.577
vn -0.577 -0.577 -0.577
vn 0.577 0.577 0.577
vn 0.577 0.577 0.577
vn 0.577 0.577 0.577
vn 0.577 0.577 0.577
vn -0.577 -0.577 -0.577
vn -0.577 -0.577 -0.577
vn -0.577 -0.577 -0.577
vn -0.577 -0.577 -0.577
vn 0.577 0.577 0.577
vn 0.577 0.577 0.577
vn 0.577 0.577 0.577
vn 0.577 0.577 0.577
vn 0.577 0.577 0.577
vn 0.577 0.577 0.577
vn 0.577 0.577 0.577
vn 0.577 0.577 0.577
vn 0.577 0.577 0.577
vn 0.577 0.577 0.577
vn 0.577 0.577 0.577
vn 0.577 0.577 0.577
vn 0.577 0.577 0.577
vn 0.577 0.577 0.577
vn 0.577 0.577 0.577
vn 0.577 0.577 0.577
vn 0.577 0.577 0.577
vn 0.577 0.577 0.577
vn 0.577 0.577 0.577
vn 0.577 0.577 0.577
vn 0.577 0.577 0.577
vn 0.577 0.577 0.577
vn 0.577 0.577 0.577
vn 0.577 0.577 0.577
vn 0.577 0.577 0.577
vn 0.577 0.577 0.577
vn 0.577 0.577 0.577
vn 0.577 0.577 0.577
vn 0.623 0.623 0.474
vn 0.619 0.619 0.483
vn 0.620 0.620 0.482
vn 0.619 0.619 0.484
vn 0.619 0.619 0.483
vn 0.619 0.619 0.483
vn 0.619 0.619 0.483
vn 0.619 0.619 0.483
vn 0.577 0.577 0.577
vn 0.577 0.577 0.577
vn 0.577 0.577 0.577
vn 0.577 0.577 0.577
vn 0.577 0.577 0.577
vn 0.577 0.577 0.577
vn 0.577 0.577 0.577
vn 0.577 0.577 0.577
vn -0.577 -0.577 -0.577
vn -0.577 -0.577 -0.577
vn -0.577 -0.577 -0.577
vn -0.577 -0.577 -0.577
vn 0.577 0.577 0.577
vn 0.577 0.577 0.577
vn 0.577 0.577 0.577
vn -0.577 -0.577 -0.577
vn -0.577 -0.577 -0.577
vn -0.577 -0.577 -0.577
vn -0.577 -0.577 -0.577
vn 0.577 0.577 0.577
vn 0.577 0.577 0.577
vn 0.577 0.577 0.577
vn 0.577 0.577 0.577
vn 0.577 0.577 0.577
vn 0.577 0.577 0.577
vn -0.577 -0.577 -0.577
vn -0.577 -0.577 -0.577
vn -0.577 -0.577 -0.577
vn -0.577 -0.577 -0.577
vn -0.577 -0.577 -0.577
vn -0.577 -0.577 -0.577
vn 0.621 0.621 0.478
vn 0.621 0.621 0.478
vn 0.621 0.621 0.478
vn 0.621 0.621 0.478
vn 0.621 0.621 0.478
vn 0.621 0.621 0.478
vn 0.621 0.621 0.478
vn 0.621 0.621 0.478
vn 0.620 0.620 0.480
vn 0.620 0.620 0.480
vn -0.490 -0.490 -0.721
vn -0.616 -0.616 0.490
vn 0.619 0.619 0.482
vn 0.620 0.620 0.480
vn -0.616 -0.616 0.490
vn -0.499 -0.499 -0.709
vn 0.619 0.619 0.483
vn 0.619 0.619 0.483
vn 0.619 0.619 0.483
vn 0.619 0.619 0.483
vn 0.619 0.619 0.483
vn 0.619 0.619 0.483
vn 0.619 0.619 0.483
vn 0.619 0.619 0.483
vn -0.577 -0.577 -0.577
vn -0.577 -0.577 -0.577
vn -0.577 -0.577 -0.577
vn -0.577 -0.577 -0.577
vn 0.577 0.577 0.577
vn 0.577 0.577 0.577
vn 0.577 0.577 0.577
vn 0.577 0.577 0.577
vn -0.577 -0.577 -0.577
vn -0.577 -0.577 -0.577
vn -0.577 -0.577 -0.577
vn -0.577 -0.577 -0.577
vn 0.577 0.577 0.577
vn -0.577 -0.577 -0.577
vn -0.577 -0.577 -0.577
vn 0.577 0.577 0.577
vn 0.577 0.577 0.577
vn 0.577 0.577 0.577
vn 0.577 0.577 0.577
vn 0.577 0.577 0.577
vn 0.577 0.577 0.577
vn 0.577 0.577 0.577
vn 0.577 0.577 0.577
vn 0.577 0.577 0.577
vn 0.612 0.583 0.535
vn 0.611 0.579 0.540
vn 0.608 0.582 0.540
vn 0.609 0.580 0.541
vn 0.577 0.577 0.577
vn 0.577 0.577 0.577
vn 0.577 0.577 0.577
vn 0.577 0.577 0.577
vn 0.610 0.581 0.539
vn -0.582 0.596 0.553
vn -0.536 -0.571 -0.621
vn 0.611 0.578 0.541
vn 0.577 0.577 0.577
vn 0.577 0.577 0.577
vn 0.577 0.577 0.577
vn 0.577 0.577 0.577
vn 0.577 0.577 0.577
vn 0.577 0.577 0.577
vn 0.577 0.577 0.577
vn 0.577 0.577 0.577
vn 0.577 0.577 0.577
vn 0.577 0.577 0.577
vn 0.577 0.577 0.577
vn 0.577 0.577 0.577
vn 0.577 0.577 0.577
vn 0.577 0.577 0.577
vn 0.577 0.577 0.577
vn 0.577 0.577 0.577
vn 0.577 0.577 0.577
vn 0.577 0.577 0.577
vn 0.577 0.577 0.577
vn 0.577 0.577 0.577
vn 0.577 0.577 0.577
vn 0.577 0.577 0.577
vn 0.577 0.577 0.577
vn 0.577 0.577 0.577
vn 0.577 0.577 0.577
vn 0.577 0.577 0.577
vn 0.577 0.577 0.577
vn 0.577 0.577 0.577
vn 0.577 0.577 0.577
vn 0.577 0.577 0.577
vn 0.577 0.577 0.577
vn 0.577 0.577 0.577
vn 0.577 0.577 0.577
vn 0.577 0.577 0.577
vn 0.577 0.577 0.577
vn 0.577 0.577 0.577
vn 0.577 0.577 0.577
vn 0.577 0.577 0.577
vn 0.577 0.577 0.577
vn 0.577 0.577 0.577
vn 0.577 0.577 0.577
vn 0.577 0.577 0.577
vn 0.577 0.577 0.577
vn 0.577 0.577 0.577
vn 0.577 0.577 0.577
vn 0.577 0.577 0.577
vn 0.577 0.577 0.577
vn 0.577 0.577 0.577
vn 0.577 0.577 0.577
vn 0.577 0.577 0.577
vn 0.577 0.577 0.577
vn 0.577 0.577 0.577
vn 0.577 0.577 0.577
vn 0.577 0.577 0.577
vn 0.577 0.577 0.577
vn 0.577 0.577 0.577
vn 0.577 0.577 0.577
vn 0.577 0.577 0.577
vn 0.577 0.577 0.577
vn 0.577 0.577 0.577
vn 0.577 0.577 0.577
vn 0.577 0.577 0.577
vn 0.577 0.577 0.577
vn 0.577 0.577 0.577
vn -0.577 -0.577 -0.577
vn -0.577 -0.577 -0.577
vn -0.577 -0.577 -0.577
vn -0.577 -0.577 -0.577
vn -0.577 -0.577 -0.577
vn -0.577 -0.577 -0.577
vn 0.577 0.577 0.577
vn 0.577 0.577 0.577
vn 0.577 0.577 0.577
vn 0.577 0.577 0.577
vn -0.577 -0.577 -0.577
vn -0.577 -0.577 -0.577
vn 0.577 0.577 0.577
vn 0.577 0.577 0.577
vn -0.577 -0.577 -0.577
vn -0.577 -0.577 -0.577
vn -0.577 -0.577 -0.577
vn -0.577 -0.577 -0.577
vn -0.577 -0.577 -0.577
vn -0.577 -0.577 -0.577
vn -0.577 -0.577 -0.577
vn -0.577 -0.577 -0.577
vn -0.577 -0.577 -0.577
vn -0.577 -0.577 -0.577
vn -0.577 -0.577 -0.577
vn -0.577 -0.577 -0.577
vn -0.577 -0.577 -0.577
vn -0.577 -0.577 -0.577
vn -0.577 -0.577 -0.577
vn -0.577 -0.577 -0.577
vn -0.577 -0.577 -0.577
vn -0.577 -0.577 -0.577
vn 0.577 0.577 0.577
vn 0.577 0.577 0.577
vn 0.577 0.577 0.577
vn 0.577 0.577 0.577
vn 0.577 0.577 0.577
vn 0.577 0.577 0.577
vn 0.577 0.577 0.577
vn -0.577 -0.577 -0.577
vn -0.577 -0.577 -0.577
vn 0.577 0.577 0.577
vn -0.577 -0.577 -0.577
vn -0.577 -0.577 -0.577
vn -0.577 -0.577 -0.577
vn -0.577 -0.577 -0.577
vn 0.577 0.577 0.577
vn 0.577 0.577 0.577
vn 0.577 0.577 0.577
vn 0.577 0.577 0.577
vn 0.577 0.577 0.577
vn 0.577 0.577 0.577
vn 0.577 0.577 0.577
vn 0.577 0.577 0.577
vn 0.577 0.577 0.577
vn 0.577 0.577 0.577
vn 0.577 0.577 0.577
vn 0.577 0.577 0.577
vn 0.577 0.577 0.577
vn 0.577 0.577 0.577
vn 0.577 0.577 0.577
vn 0.577 0.577 0.577
vn 0.577 0.577 0.577
vn 0.577 0.577 0.577
vn 0.577 0.577 0.577
vn 0.577 0.577 0.577
vn 0.577 0.577 0.577
vn 0.577 0.577 0.577
vn 0.577 0.577 0.577
vn 0.577 0.577 0.577
vn 0.577 0.577 0.577
vn 0.577 0.577 0.577
vn 0.577 0.577 0.577
vn 0.577 0.577 0.577
vn 0.577 0.577 0.577
vn 0.577 0.577 0.577
vn 0.577 0.577 0.577
vn 0.577 0.577 0.577
vn 0.577 0.577 0.577
vn 0.577 0.577 0.577
vn 0.577 0.577 0.577
vn 0.577 0.577 0.577
vn 0.619 0.619 0.483
vn 0.634 0.634 0.441
vn 0.621 0.621 0.478
vn 0.620 0.620 0.480
vn 0.620 0.620 0.480
vn 0.619 0.619 0.482
vn -0.491 -0.491 -0.719
vn -0.490 -0.490 -0.721
vn 0.619 0.619 0.483
vn 0.619 0.619 0.483
vn 0.619 0.619 0.483
vn 0.619 0.619 0.483
vn 0.619 0.619 0.483
vn 0.619 0.619 0.483
vn 0.619 0.619 0.483
vn 0.619 0.619 0.483
vn 0.620 0.620 0.482
vn 0.634 0.634 0.444
vn 0.620 0.620 0.480
vn 0.635 0.635 0.440
vn 0.619 0.619 0.483
vn 0.619 0.619 0.483
vn 0.619 0.619 0.483
vn 0.619 0.619 0.483
vn 0.577 0.577 0.577
vn 0.577 0.577 0.577
vn 0.577 0.577 0.577
vn 0.577 0.577 0.577
vn 0.577 0.577 0.577
vn 0.577 0.577 0.577
vn 0.577 0.577 0.577
vn 0.577 0.577 0.577
vn -0.577 -0.577 -0.577
vn -0.577 -0.577 -0.577
vn -0.577 -0.577 -0.577
vn -0.577 -0.577 -0.577
vn 0.577 0.577 0.577
vn 0.577 0.577 0.577
vn 0.577 0.577 0.577
vn 0.577 0.577 0.577
vn -0.577 -0.577 -0.577
vn -0.577 -0.577 -0.577
vn -0.577 -0.577 -0.577
vn -0.577 -0.577 -0.577
vn 0.611 0.579 0.540
vn 0.611 0.579 0.540
vn 0.608 0.582 0.540
vn 0.608 0.582 0.540
vn 0.577 0.577 0.577
vn 0.577 0.577 0.577
vn 0.577 0.577 0.577
vn 0.577 0.577 0.577
vn 0.611 0.579 0.540
vn 0.611 0.579 0.540
vn 0.609 0.577 0.545
vn 0.609 0.577 0.545
vn 0.577 0.577 0.577
vn 0.577 0.577 0.577
vn 0.577 0.577 0.577
vn 0.577 0.577 0.577
vn -0.577 -0.577 -0.577
vn -0.577 -0.577 -0.577
vn -0.577 -0.577 -0.577
vn -0.577 -0.577 -0.577
vn -0.577 -0.577 -0.577
vn -0.577 -0.577 -0.577
vn -0.577 -0.577 -0.577
vn -0.577 -0.577 -0.577
vn 0.577 0.577 0.577
vn 0.577 0.577 0.577
vn 0.577 0.577 0.577
vn 0.577 0.577 0.577
vn 0.577 0.577 0.577
vn 0.577 0.577 0.577
vn 0.577 0.577 0.577
vn 0.577 0.577 0.577
vn 0.577 0.577 0.577
vn 0.577 0.577 0.577
vn 0.577 0.577 0.577
vn 0.577 0.577 0.577
vn -0.577 -0.577 -0.577
vn -0.577 -0.577 -0.577
vn -0.577 -0.577 -0.577
vn -0.577 -0.577 -0.577
vn -0.577 -0.577 -0.577
vn 0.577 0.577 0.577
vn 0.577 0.577 0.577
vn 0.577 0.577 0.577
vn 0.577 0.577 0.577
vn 0.577 0.577 0.577
vn -0.577 -0.577 -0.577
vn 0.577 0.577 0.577
vn 0.577 0.577 0.577
vn 0.577 0.577 0.577
vn 0.577 0.577 0.577
vn 0.577 0.577 0.577
vn 0.608 0.577 0.546
vn 0.608 0.577 0.546
vn 0.609 0.577 0.545
vn 0.608 0.582 0.540
vn 0.577 0.577 0.577
vn 0.577 0.577 0.577
vn 0.577 0.577 0.577
vn 0.577 0.577 0.577
vn -0.565 -0.602 0.565
vn -0.545 -0.583 0.602
vn -0.528 -0.572 -0.628
vn -0.531 -0.573 -0.625
vn 0.577 0.577 0.577
vn 0.577 0.577 0.577
vn 0.577 0.577 0.577
vn 0.577 0.577 0.577
vn 0.577 0.577 0.577
vn 0.577 0.577 0.577
vn 0.577 0.577 0.577
vn 0.577 0.577 0.577
vn -0.577 -0.577 -0.577
vn -0.577 -0.577 -0.577
vn 0.577 0.577 0.577
vn 0.577 0.577 0.577
vn -0.577 -0.577 -0.577
vn -0.577 -0.577 -0.577
vn 0.577 0.577 0.577
vn 0.577 0.577 0.577
vn 0.577 0.577 0.577
vn 0.577 0.577 0.577
vn 0.577 0.577 0.577
vn 0.577 0.577 0.577
vn 0.577 0.577 0.577
vn 0.577 0.577 0.577
vn 0.577 0.577 0.577
vn 0.577 0.577 0.577
vn 0.577 0.577 0.577
vn 0.577 0.577 0.577
vn 0.577 0.577 0.577
vn 0.577 0.577 0.577
vn -0.577 -0.577 -0.577
vn -0.577 -0.577 -0.577
vn -0.577 -0.577 -0.577
vn -0.577 -0.577 -0.577
vn 0.619 0.619 0.484
vn 0.619 0.619 0.484
vn 0.619 0.619 0.484
vn 0.620 0.620 0.482
vn 0.619 0.619 0.483
vn 0.619 0.619 0.483
vn 0.619 0.619 0.483
vn 0.619 0.619 0.483
vn 0.607 0.628 0.487
vn -0.520 -0.520 0.677
vn -0.501 -0.501 -0.705
vn 0.621 0.621 0.479
vn 0.619 0.619 0.483
vn 0.619 0.619 0.483
vn 0.619 0.619 0.483
vn 0.619 0.619 0.483
vn 0.577 0.577 0.577
vn 0.577 0.577 0.577
vn 0.577 0.577 0.577
vn 0.577 0.577 0.577
vn 0.577 0.577 0.577
vn 0.577 0.577 0.577
vn 0.577 0.577 0.577
vn 0.577 0.577 0.577
vn -0.577 -0.577 -0.577
vn -0.577 -0.577 -0.577
vn -0.577 -0.577 -0.577
vn -0.577 -0.577 -0.577
vn 0.577 0.577 0.577
vn 0.577 0.577 0.577
vn 0.577 0.577 0.577
vn 0.577 0.577 0.577
vn 0.577 0.577 0.577
vn 0.577 0.577 0.577
vn -0.577 -0.577 -0.577
vn -0.577 -0.577 -0.577
vn 0.615 0.573 0.542
vn 0.577 0.577 0.577
vn 0.615 0.573 0.542
vn 0.602 0.581 0.548
vn 0.577 0.577 0.577
vn 0.577 0.577 0.577
vn 0.577 0.577 0.577
vn 0.577 0.577 0.577
vn 0.577 0.577 0.577
vn 0.577 0.577 0.577
vn -0.577 -0.577 -0.577
vn -0.577 -0.577 -0.577
vn 0.577 0.577 0.577
vn 0.577 0.577 0.577
vn 0.577 0.577 0.577
vn 0.577 0.577 0.577
vn 0.577 0.577 0.577
vn 0.577 0.577 0.577
vn 0.577 0.577 0.577
vn 0.577 0.577 0.577
vn 0.577 0.577 0.577
vn 0.577 0.577 0.577
vn 0.577 0.577 0.577
vn 0.577 0.577 0.577
vn 0.577 0.577 0.577
vn 0.577 0.577 0.577
vn 0.577 0.577 0.577
vn 0.577 0.577 0.577
vn 0.621 0.621 0.477
vn 0.622 0.622 0.476
vn 0.623 0.623 0.474
vn 0.620 0.620 0.480
vn 0.619 0.619 0.483
vn 0.619 0.619 0.483
vn 0.619 0.619 0.483
vn 0.619 0.619 0.483
vn 0.577 0.577 0.577
vn 0.577 0.577 0.577
vn 0.577 0.577 0.577
vn 0.577 0.577 0.577
vn 0.577 0.577 0.577
vn 0.577 0.577 0.577
vn 0.577 0.577 0.577
vn 0.577 0.577 0.577
vn 0.577 0.577 0.577
vn 0.577 0.577 0.577
vn 0.577 0.577 0.577
vn 0.577 0.577 0.577
vn 0.613 0.577 0.540
vn 0.613 0.577 0.540
vn 0.620 0.572 0.537
vn 0.607 0.581 0.542
vn 0.577 0.577 0.577
vn 0.577 0.577 0.577
vn 0.577 0.577 0.577
vn 0.577 0.577 0.577
vn 0.577 0.577 0.577
vn 0.577 0.577 0.577
vn 0.577 0.577 0.577
vn 0.577 0.577 0.577
vn 0.577 0.577 0.577
vn 0.577 0.577 0.577
vn 0.577 0.577 0.577
vn 0.577 0.577 0.577
vn 0.619 0.619 0.484
vn 0.619 0.619 0.484
vn 0.621 0.621 0.479
vn 0.619 0.619 0.484
vn 0.619 0.619 0.483
vn 0.619 0.619 0.483
vn 0.619 0.619 0.483
vn 0.619 0.619 0.483
vn -0.577 -0.577 -0.577
vn -0.577 -0.577 -0.577
vn -0.577 -0.577 -0.577
vn -0.577 -0.577 -0.577
vn 0.577 0.577 0.577
vn 0.577 0.577 0.577
vn 0.577 0.577 0.577
vn 0.577 0.577 0.577
vn -0.577 -0.577 -0.577
vn -0.577 -0.577 -0.577
vn -0.577 -0.577 -0.577
vn -0.577 -0.577 -0.577
vn 0.609 0.580 0.540
vn 0.612 0.578 0.539
vn 0.609 0.579 0.543
vn 0.609 0.579 0.543
vn 0.577 0.577 0.577
vn 0.577 0.577 0.577
vn 0.577 0.577 0.577
vn 0.577 0.577 0.577
vn -0.577 -0.577 -0.577
vn -0.577 -0.577 -0.577
vn -0.577 -0.577 -0.577
vn -0.577 -0.577 -0.577
vn 0.577 0.577 0.577
vn 0.577 0.577 0.577
vn -0.577 -0.577 -0.577
vn -0.577 -0.577 -0.577
vn 0.577 0.577 0.577
vn -0.577 -0.577 -0.577
vn -0.577 -0.577 -0.577
vn -0.577 -0.577 -0.577
vn 0.577 0.577 0.577
vn -0.577 -0.577 -0.577
vn -0.577 -0.577 -0.577
vn -0.577 -0.577 -0.577
vn 0.577 0.577 0.577
vn 0.577 0.577 0.577
vn -0.577 -0.577 -0.577
vn -0.577 -0.577 -0.577
vn -0.577 -0.577 -0.577
vn -0.577 -0.577 -0.577
vn -0.577 -0.577 -0.577
vn -0.577 -0.577 -0.577
vn 0.577 0.577 0.577
vn 0.577 0.577 0.577
vn 0.577 0.577 0.577
vn -0.577 -0.577 -0.577
vn -0.577 -0.577 -0.577
vn 0.577 0.577 0.577
vn 0.577 0.577 0.577
vn -0.577 -0.577 -0.577
vn 0.577 0.577 0.577
vn 0.577 0.577 0.577
vn 0.577 0.577 0.577
vn -0.577 -0.577 -0.577
vn -0.577 -0.577 -0.577
vn 0.612 0.578 0.539
vn 0.614 0.580 0.536
vn 0.614 0.578 0.538
vn 0.610 0.581 0.539
vn 0.577 0.577 0.577
vn 0.577 0.577 0.577
vn 0.577 0.577 0.577
vn 0.577 0.577 0.577
vn -0.577 -0.577 -0.577
vn -0.577 -0.577 -0.577
vn -0.577 -0.577 -0.577
vn -0.577 -0.577 -0.577
vn 0.577 0.577 0.577
vn 0.577 0.577 0.577
vn 0.577 0.577 0.577
vn 0.577 0.577 0.577
vn 0.577 0.577 0.577
vn 0.577 0.577 0.577
vn 0.577 0.577 0.577
vn 0.577 0.577 0.577
vn 0.577 0.577 0.577
vn 0.577 0.577 0.577
vn 0.577 0.577 0.577
vn 0.577 0.577 0.577
vn 0.577 0.577 0.577
vn 0.577 0.577 0.577
vn 0.577 0.577 0.577
vn 0.577 0.577 0.577
vn 0.577 0.577 0.577
vn 0.577 0.577 0.577
vn 0.577 0.577 0.577
vn 0.577 0.577 0.577
vn -0.577 -0.577 -0.577
vn -0.577 -0.577 -0.577
vn -0.577 -0.577 -0.577
vn -0.577 -0.577 -0.577
vn -0.577 -0.577 -0.577
vn -0.577 -0.577 -0.577
vn -0.577 -0.577 -0.577
vn -0.577 -0.577 -0.577
vn -0.577 -0.577 -0.577
vn -0.577 -0.577 -0.577
vn -0.577 -0.577 -0.577
vn -0.577 -0.577 -0.577
vn -0.577 -0.577 -0.577
vn -0.577 -0.577 -0.577
vn -0.577 -0.577 -0.577
vn -0.577 -0.577 -0.577
vn -0.577 -0.577 -0.577
vn -0.577 -0.577 -0.577
vn -0.577 -0.577 -0.577
vn -0.577 -0.577 -0.577
vn 0.577 0.577 0.577
vn 0.577 0.577 0.577
vn 0.577 0.577 0.577
vn 0.577 0.577 0.577
vn -0.577 -0.577 -0.577
vn -0.577 -0.577 -0.577
vn -0.577 -0.577 -0.577
vn -0.577 -0.577 -0.577
vn -0.577 -0.577 -0.577
vn -0.577 -0.577 -0.577
vn -0.577 -0.577 -0.577
vn -0.577 -0.577 -0.577
vn -0.577 -0.577 -0.577
vn -0.577 -0.577 -0.577
vn -0.577 -0.577 -0.577
vn -0.577 -0.577 -0.577
vn -0.577 -0.577 -0.577
vn -0.577 -0.577 -0.577
vn -0.577 -0.577 -0.577
vn -0.577 -0.577 -0.577
vn -0.577 -0.577 -0.577
vn -0.577 -0.577 -0.577
vn -0.577 -0.577 -0.577
vn -0.577 -0.577 -0.577
vn -0.577 -0.577 -0.577
vn -0.577 -0.577 -0.577
vn -0.577 -0.577 -0.577
vn -0.577 -0.577 -0.577
vn -0.577 -0.577 -0.577
vn -0.577 -0.577 -0.577
vn -0.577 -0.577 -0.577
vn -0.577 -0.577 -0.577
vn -0.577 -0.577 -0.577
vn -0.577 -0.577 -0.577
vn -0.577 -0.577 -0.577
vn -0.577 -0.577 -0.577
vn 0.577 0.577 0.577
vn -0.577 -0.577 -0.577
vn -0.577 -0.577 -0.577
vn -0.577 -0.577 -0.577
vn 0.577 0.577 0.577
vn -0.577 -0.577 -0.577
vn -0.577 -0.577 -0.577
vn 0.577 0.577 0.577
vn 0.577 0.577 0.577
vn 0.577 0.577 0.577
vn 0.577 0.577 0.577
vn 0.577 0.577 0.577
vn 0.577 0.577 0.577
vn -0.577 -0.577 -0.577
vn -0.577 -0.577 -0.577
vn 0.577 0.577 0.577
vn 0.577 0.577 0.577
vn 0.577 0.577 0.577
vn 0.577 0.577 0.577
vn 0.577 0.577 0.577
vn 0.577 0.577 0.577
vn 0.577 0.577 0.577
vn 0.577 0.577 0.577
vn 0.577 0.577 0.577
vn 0.577 0.577 0.577
vn 0.577 0.577 0.577
vn 0.577 0.577 0.577
vn 0.577 0.577 0.577
vn -0.577 -0.577 -0.577
vn -0.577 -0.577 -0.577
vn -0.577 -0.577 -0.577
vn -0.577 -0.577 -0.577
vn 0.577 0.577 0.577
vn 0.577 0.577 0.577
vn 0.577 0.577 0.577
vn 0.577 0.577 0.577
vn -0.577 -0.577 -0.577
vn 0.577 0.577 0.577
vn 0.577 0.577 0.577
vn 0.577 0.577 0.577
vn 0.577 0.577 0.577
vn 0.577 0.577 0.577
vn 0.577 0.577 0.577
vn 0.577 0.577 0.577
vn -0.577 -0.577 -0.577
vn -0.577 -0.577 -0.577
vn 0.577 0.577 0.577
vn 0.577 0.577 0.577
vn -0.577 -0.577 -0.577
vn -0.577 -0.577 -0.577
vn -0.577 -0.577 -0.577
vn -0.577 -0.577 -0.577
vn -0.577 -0.577 -0.577
vn -0.577 -0.577 -0.577
vn 0.577 0.577 0.577
vn 0.577 0.577 0.577
vn 0.577 0.577 0.577
vn -0.577 -0.577 -0.577
vn -0.577 -0.577 -0.577
vn 0.577 0.577 0.577
vn 0.577 0.577 0.577
vn -0.577 -0.577 -0.577
vn -0.577 -0.577 -0.577
vn 0.577 0.577 0.577
vn 0.577 0.577 0.577
vn 0.577 0.577 0.577
vn 0.577 0.577 0.577
vn 0.577 0.577 0.577
vn 0.577 0.577 0.577
vn 0.577 0.577 0.577
vn 0.577 0.577 0.577
vn 0.577 0.577 0.577
vn 0.577 0.577 0.577
vn 0.577 0.577 0.577
vn 0.577 0.577 0.577
vn 0.577 0.577 0.577
vn 0.577 0.577 0.577
vn -0.577 -0.577 -0.577
vn -0.577 -0.577 -0.577
vn 0.577 0.577 0.577
vn 0.577 0.577 0.577
vn -0.577 -0.577 -0.577
vn -0.577 -0.577 -0.577
vn 0.577 0.577 0.577
vn 0.577 0.577 0.577
vn -0.577 -0.577 -0.577
vn -0.577 -0.577 -0.577
vn 0.577 0.577 0.577
vn -0.577 -0.577 -0.577
vn -0.577 -0.577 -0.577
vn -0.577 -0.577 -0.577
vn -0.577 -0.577 -0.577
vn -0.577 -0.577 -0.577
vn -0.577 -0.577 -0.577
vn -0.577 -0.577 -0.577
vn -0.577 -0.577 -0.577
vn -0.577 -0.577 -0.577
vn -0.577 -0.577 -0.577
vn -0.577 -0.577 -0.577
vn -0.577 -0.577 -0.577
vn -0.577 -0.577 -0.577
vn -0.577 -0.577 -0.577
vn -0.577 -0.577 -0.577
vn -0.577 -0.577 -0.577
vn -0.577 -0.577 -0.577
vn 0.577 0.577 0.577
vn 0.577 0.577 0.577
vn -0.577 -0.577 -0.577
vn -0.577 -0.577 -0.577
vn -0.577 -0.577 -0.577
vn -0.577 -0.577 -0.577
vn -0.577 -0.577 -0.577
vn -0.577 -0.577 -0.577
vn -0.577 -0.577 -0.577
vn -0.577 -0.577 -0.577
vn -0.577 -0.577 -0.577
vn 0.577 0.577 0.577
vn 0.577 0.577 0.577
vn 0.577 0.577 0.577
vn 0.577 0.577 0.577
vn 0.577 0.577 0.577
vn 0.577 0.577 0.577
vn 0.577 0.577 0.577
vn 0.577 0.577 0.577
vn 0.577 0.577 0.577
vn 0.577 0.577 0.577
vn 0.577 0.577 0.577
vn 0.577 0.577 0.577
vn 0.577 0.577 0.577
vn 0.577 0.577 0.577
vn 0.577 0.577 0.577
vn 0.577 0.577 0.577
vn -0.577 -0.577 -0.577
vn -0.577 -0.577 -0.577
vn -0.577 -0.577 -0.577
vn -0.577 -0.577 -0.577
vn -0.577 -0.577 -0.577
vn -0.577 -0.577 -0.577
vn -0.577 -0.577 -0.577
vn -0.577 -0.577 -0.577
vn -0.577 -0.577 -0.577
vn -0.577 -0.577 -0.577
vn -0.577 -0.577 -0.577
vn -0.577 -0.577 -0.577
vn -0.577 -0.577 -0.577
vn -0.577 -0.577 -0.577
vn -0.577 -0.577 -0.577
vn -0.577 -0.577 -0.577
vn -0.577 -0.577 -0.577
vn -0.577 -0.577 -0.577
vn -0.577 -0.577 -0.577
vn -0.577 -0.577 -0.577
vn 0.577 0.577 0.577
vn -0.577 -0.577 -0.577
vn -0.577 -0.577 -0.577
vn -0.577 -0.577 -0.577
vn -0.577 -0.577 -0.577
vn 0.577 0.577 0.577
vn 0.577 0.577 0.577
vn -0.577 -0.577 -0.577
vn 0.577 0.577 0.577
vn 0.577 0.577 0.577
vn 0.577 0.577 0.577
vn 0.577 0.577 0.577
vn 0.577 0.577 0.577
vn 0.577 0.577 0.577
vn 0.577 0.577 0.577
vn 0.577 0.577 0.577
vn -0.577 -0.577 -0.577
vn -0.577 -0.577 -0.577
vn -0.577 -0.577 -0.577
vn -0.577 -0.577 -0.577
vn -0.577 -0.577 -0.577
vn -0.577 -0.577 -0.577
vn -0.577 -0.577 -0.577
vn -0.577 -0.577 -0.577
vn -0.577 -0.577 -0.577
vn -0.577 -0.577 -0.577
vn -0.577 -0.577 -0.577
vn -0.577 -0.577 -0.577
vn -0.577 -0.577 -0.577
vn -0.577 -0.577 -0.577
vn -0.577 -0.577 -0.577
vn -0.577 -0.577 -0.577
vn -0.577 -0.577 -0.577
vn -0.577 -0.577 -0.577
vn -0.577 -0.577 -0.577
vn -0.577 -0.577 -0.577
vn -0.577 -0.577 -0.577
vn -0.577 -0.577 -0.577
vn -0.577 -0.577 -0.577
vn -0.577 -0.577 -0.577
vn -0.577 -0.577 -0.577
vn -0.577 -0.577 -0.577
vn -0.577 -0.577 -0.577
vn -0.577 -0.577 -0.577
vn -0.577 -0.577 -0.577
vn -0.577 -0.577 -0.577
vn -0.577 -0.577 -0.577
vn -0.577 -0.577 -0.577
vn -0.577 -0.577 -0.577
vn -0.577 -0.577 -0.577
vn -0.577 -0.577 -0.577
vn -0.577 -0.577 -0.577
vn -0.577 -0.577 -0.577
vn -0.577 -0.577 -0.577
vn -0.577 -0.577 -0.577
vn -0.577 -0.577 -0.577
vn -0.577 -0.577 -0.577
vn -0.577 -0.577 -0.577
vn -0.577 -0.577 -0.577
vn -0.577 -0.577 -0.577
vn -0.577 -0.577 -0.577
vn -0.577 -0.577 -0.577
vn -0.577 -0.577 -0.577
vn -0.577 -0.577 -0.577
vn -0.577 -0.577 -0.577
vn 0.577 0.577 0.577
vn 0.577 0.577 0.577
vn 0.577 0.577 0.577
vn -0.577 -0.577 -0.577
vn -0.577 -0.577 -0.577
vn 0.577 0.577 0.577
vn 0.577 0.577 0.577
vn 0.577 0.577 0.577
vn 0.577 0.577 0.577
vn 0.577 0.577 0.577
vn 0.577 0.577 0.577
vn -0.577 -0.577 -0.577
vn 0.577 0.577 0.577
vn 0.577 0.577 0.577
vn -0.577 -0.577 -0.577
vn 0.577 0.577 0.577
vn 0.577 0.577 0.577
vn 0.577 0.577 0.577
vn 0.577 0.577 0.577
vn -0.577 -0.577 -0.577
vn -0.577 -0.577 -0.577
vn -0.577 -0.577 -0.577
vn -0.577 -0.577 -0.577
vn 0.577 0.577 0.577
vn 0.577 0.577 0.577
vn 0.577 0.577 0.577
vn 0.577 0.577 0.577
vn -0.577 -0.577 -0.577
vn -0.577 -0.577 -0.577
vn -0.577 -0.577 -0.577
vn -0.577 -0.577 -0.577
vn -0.577 -0.577 -0.577
vn -0.577 -0.577 -0.577
vn -0.577 -0.577 -0.577
vn -0.577 -0.577 -0.577
vn -0.577 -0.577 -0.577
vn -0.577 -0.577 -0.577
vn -0.577 -0.577 -0.577
vn -0.577 -0.577 -0.577
usemtl tex_20_lit_ds
f 1/1/1 2/2/2 3/3/3
f 4/4/4 2/2/2 1/1/1
f 1/1/1 5/5/5 4/4/4
f 6/6/6 4/4/4 5/5/5
f 7/7/7 4/4/4 6/6/6
f 7/7/7 6/6/6 8/8/8
f 9/9/9 7/7/7 8/8/8
f 8/8/8 10/10/10 9/9/9
f 11/11/11 12/12/12 13/13/13
f 14/14/14 11/11/11 13/13/13
f 15/15/15 14/14/14 13/13/13
f 16/16/16 13/13/13 12/12/12
f 17/17/17 18/13/18 19/16/19
f 20/18/20 17/17/17 19/16/19
f 21/19/21 22/10/22 23/8/23
f 24/20/24 25/7/25 26/9/26
f 24/20/24 26/9/26 27/21/27
f 28/22/28 29/23/29 21/19/21
f 21/19/21 30/24/30 28/22/28
f 21/19/21 23/8/23 30/24/30
f 31/25/31 32/10/32 33/19/33
f 34/26/34 35/27/35 36/28/36
f 37/23/37 38/22/38 35/27/35
f 35/27/35 34/26/34 37/23/37
usemtl tex_2369_lit_ds
f 39/29/39 40/30/40 41/31/41
f 39/29/39 41/31/41 42/32/42
f 43/33/43 44/34/44 45/35/45
f 43/33/43 45/35/45 46/36/46
f 47/37/47 48/38/48 49/39/49
f 47/37/47 49/39/49 50/40/50
f 51/41/51 52/42/52 53/43/53
f 51/41/51 53/43/53 54/44/54
f 55/45/55 56/46/56 57/47/57
f 55/45/55 57/47/57 58/48/58
f 59/48/59 60/47/60 61/49/61
f 59/48/59 61/49/61 62/50/62
f 63/51/63 64/52/64 65/46/65
f 63/51/63 65/46/65 66/45/66
f 67/53/67 68/54/68 69/55/69
f 67/53/67 69/55/69 70/56/70
f 71/57/71 72/58/72 73/59/73
f 71/57/71 73/59/73 74/60/74
f 75/61/75 76/62/76 77/63/77
f 75/61/75 77/63/77 78/64/78
usemtl tex_373_lit_ds
f 79/65/79 80/66/80 81/67/81
f 79/65/79 81/67/81 82/68/82
f 83/69/83 84/70/84 85/71/85
f 83/69/83 85/71/85 86/72/86
f 87/73/87 88/74/88 89/75/89
f 87/73/87 89/75/89 90/76/90
f 91/77/91 92/78/92 93/79/93
f 91/77/91 93/79/93 94/80/94
f 95/81/95 96/82/96 97/83/97
f 95/81/95 97/83/97 98/84/98
f 99/85/99 100/86/100 101/87/101
f 99/85/99 101/87/101 102/88/102
f 103/89/103 104/90/104 105/91/105
f 103/89/103 105/91/105 106/92/106
f 107/93/107 108/94/108 109/95/109
f 107/93/107 109/95/109 110/96/110
f 111/97/111 112/98/112 113/99/113
f 111/97/111 113/99/113 114/100/114
f 115/101/115 116/102/116 117/103/117
f 115/101/115 117/103/117 118/95/118
f 119/104/119 120/105/120 121/106/121
f 119/104/119 121/106/121 122/107/122
f 123/108/123 124/109/124 125/110/125
f 123/108/123 125/110/125 126/111/126
f 127/112/127 128/113/128 129/114/129
f 127/112/127 129/114/129 130/115/130
f 131/116/131 132/117/132 133/118/133
f 131/116/131 133/118/133 134/119/134
f 135/120/135 136/121/136 137/122/137
f 135/120/135 137/122/137 138/123/138
f 139/124/139 140/125/140 141/126/141
f 139/124/139 141/126/141 142/127/142
f 143/128/143 144/129/144 145/130/145
f 143/128/143 145/130/145 146/131/146
f 147/132/147 148/133/148 149/134/149
f 147/132/147 149/134/149 150/135/150
f 151/136/151 152/137/152 153/138/153
f 151/136/151 153/138/153 154/139/154
f 155/140/155 156/141/156 157/142/157
f 155/140/155 157/142/157 158/143/158
f 159/143/159 160/142/160 161/144/161
f 159/143/159 161/144/161 162/145/162
f 163/146/163 164/147/164 165/148/165
f 163/146/163 165/148/165 166/149/166
f 167/149/167 168/148/168 169/150/169
f 167/149/167 169/150/169 170/151/170
f 171/151/171 172/150/172 173/152/173
f 171/151/171 173/152/173 174/153/174
f 175/154/175 176/155/176 177/141/177
f 175/154/175 177/141/177 178/140/178
f 179/156/179 180/157/180 181/158/181
f 179/156/179 181/158/181 182/159/182
f 183/160/183 184/161/184 185/162/185
f 183/160/183 185/162/185 186/163/186
f 187/164/187 188/165/188 189/166/189
f 187/164/187 189/166/189 190/167/190
f 191/168/191 192/169/192 193/170/193
f 191/168/191 193/170/193 194/171/194
f 195/172/195 196/173/196 197/174/197
f 195/172/195 197/174/197 198/175/198
f 199/176/199 200/177/200 201/178/201
f 199/176/199 201/178/201 202/179/202
usemtl tex_374_lit_ds
f 203/180/203 204/181/204 205/182/205
f 203/180/203 205/182/205 206/183/206
f 207/184/207 208/185/208 209/186/209
f 207/184/207 209/186/209 210/187/210
f 211/188/211 212/189/212 213/190/213
f 211/188/211 213/190/213 214/191/214
f 215/192/215 216/193/216 217/194/217
f 215/192/215 217/194/217 218/195/218
f 219/195/219 220/194/220 221/196/221
f 219/195/219 221/196/221 222/197/222
f 223/198/223 224/199/224 225/193/225
f 223/198/223 225/193/225 226/192/226
usemtl tex_375_lit_ds
f 227/200/227 228/201/228 229/202/229
f 227/200/227 229/202/229 230/203/230
f 231/204/231 232/205/232 233/206/233
f 231/204/231 233/206/233 234/207/234
f 235/208/235 236/209/236 237/210/237
f 235/208/235 237/210/237 238/211/238
f 239/212/239 240/213/240 241/214/241
f 239/212/239 241/214/241 242/215/242
f 243/216/243 244/217/244 245/95/245
f 243/216/243 245/95/245 246/218/246
f 247/219/247 248/220/248 249/95/249
f 247/219/247 249/95/249 250/221/250
usemtl tex_375_lit_ds_ovl
f 251/222/251 252/223/252 253/224/253
f 251/222/251 253/224/253 254/225/254
f 255/226/255 256/227/256 257/95/257
f 255/226/255 257/95/257 258/228/258
f 259/229/259 260/230/260 261/231/261
f 259/229/259 261/231/261 262/232/262
f 263/233/263 264/234/264 265/235/265
f 263/233/263 265/235/265 266/236/266
f 267/237/267 268/238/268 269/239/269
f 267/237/267 269/239/269 270/240/270
usemtl tex_375_lit_ds
f 271/241/271 272/242/272 273/243/273
f 271/241/271 273/243/273 274/244/274
f 275/243/275 276/245/276 277/244/277
usemtl tex_375_lit_ds_ovl
f 278/246/278 279/247/279 280/248/280
f 278/246/278 280/248/280 281/249/281
f 282/249/282 283/248/283 284/250/284
f 282/249/282 284/250/284 285/251/285
f 286/252/286 287/253/287 288/247/288
f 286/252/286 288/247/288 289/246/289
usemtl tex_375_lit_ds
f 290/254/290 291/255/291 292/242/292
f 290/254/290 292/242/292 293/241/293
usemtl tex_309_lit_ds_ovl
f 294/256/294 295/257/295 296/258/296
f 294/256/294 296/258/296 297/259/297
f 298/260/298 299/261/299 300/262/300
f 298/260/298 300/262/300 301/263/301
f 302/264/302 303/265/303 304/266/304
f 302/264/302 304/266/304 305/95/305
f 306/267/306 307/268/307 308/269/308
f 306/267/306 308/269/308 309/270/309
f 310/271/310 311/272/311 312/273/312
f 310/271/310 312/273/312 313/274/313
f 314/275/314 315/276/315 316/277/316
f 314/275/314 316/277/316 317/278/317
f 318/279/318 319/280/319 320/281/320
f 318/279/318 320/281/320 321/282/321
f 322/282/322 323/281/323 324/283/324
f 322/282/322 324/283/324 325/284/325
f 326/285/326 327/286/327 328/280/328
f 326/285/326 328/280/328 329/279/329
f 330/287/330 331/288/331 332/289/332
f 330/287/330 332/289/332 333/290/333
f 334/290/334 335/289/335 336/291/336
f 334/290/334 336/291/336 337/292/337
f 338/293/338 339/294/339 340/288/340
f 338/293/338 340/288/340 341/287/341
f 342/295/342 343/296/343 344/297/344
f 342/295/342 344/297/344 345/298/345
f 346/299/346 347/300/347 348/301/348
f 346/299/346 348/301/348 349/95/349
f 350/302/350 351/303/351 352/304/352
f 350/302/350 352/304/352 353/305/353
usemtl tex_2405_lit_ds_ovl
f 354/306/354 355/307/355 356/308/356
f 354/306/354 356/308/356 357/309/357
f 358/310/358 359/311/359 360/312/360
f 358/310/358 360/312/360 361/313/361
f 362/314/362 363/315/363 364/316/364
f 362/314/362 364/316/364 365/317/365
f 366/318/366 367/319/367 368/320/368
f 366/318/366 368/320/368 369/95/369
usemtl tex_1484_lit_ds
f 370/321/370 371/322/371 372/323/372
f 370/321/370 372/323/372 373/324/373
usemtl tex_179_lit_ds_ovl
f 374/325/374 375/326/375 376/327/376
f 374/325/374 376/327/376 377/328/377
f 378/329/378 379/330/379 380/331/380
f 378/329/378 380/331/380 381/332/381
f 382/333/382 383/334/383 384/95/384
f 382/333/382 384/95/384 385/335/385
f 386/336/386 387/337/387 388/338/388
f 386/336/386 388/338/388 389/339/389
usemtl tex_1019_lit_ds
f 390/340/390 391/341/391 392/342/392
f 390/340/390 392/342/392 393/343/393
f 391/341/391 394/344/394 395/345/395
f 391/341/391 395/345/395 392/342/392
f 396/346/396 397/347/397 398/348/398
f 396/346/396 398/348/398 399/349/399
f 400/350/400 396/346/396 399/349/399
f 400/350/400 399/349/399 401/351/401
f 402/352/402 403/353/403 404/354/404
f 402/352/402 404/354/404 405/355/405
f 403/353/403 406/356/406 407/357/407
f 403/353/403 407/357/407 404/354/404
f 406/356/406 408/358/408 409/359/409
f 406/356/406 409/359/409 407/357/407
f 408/358/408 410/360/410 411/361/411
f 408/358/408 411/361/411 409/359/409
f 412/362/412 413/363/413 414/364/414
f 412/362/412 414/364/414 415/365/415
f 413/363/413 416/343/416 417/366/417
f 413/363/413 417/366/417 414/364/414
usemtl tex_1019_lit_ds_ovl
f 418/367/418 419/368/419 420/369/420
f 418/367/418 420/369/420 421/370/421
f 418/367/418 422/371/422 423/372/423
f 418/367/418 423/372/423 419/368/419
f 424/373/424 425/374/425 426/95/426
f 424/373/424 426/95/426 427/375/427
f 428/376/428 429/377/429 430/374/430
f 428/376/428 430/374/430 431/373/431
f 432/378/432 433/379/433 434/380/434
f 432/378/432 434/380/434 435/381/435
f 433/379/433 436/382/436 437/383/437
f 433/379/433 437/383/437 434/380/434
f 438/384/438 439/385/439 440/386/440
f 438/384/438 440/386/440 441/387/441
f 439/385/439 442/388/442 443/389/443
f 439/385/439 443/389/443 440/386/440
f 444/390/444 445/391/445 446/392/446
f 444/390/444 446/392/446 447/393/447
f 445/391/445 448/370/448 449/369/449
f 445/391/445 449/369/449 446/392/446
usemtl tex_1019_lit_ds
f 450/394/450 451/342/451 452/345/452
f 450/394/450 452/345/452 453/395/453
f 454/366/454 455/343/455 451/342/451
f 454/366/454 451/342/451 450/394/450
usemtl tex_1019_lit_ds_ovl
f 456/383/456 457/380/457 458/396/458
f 456/383/456 458/396/458 459/397/459
f 460/380/460 461/384/461 462/387/462
f 460/380/460 462/387/462 463/396/463
usemtl tex_378_lit_ds
f 464/398/464 465/345/465 466/399/466
f 464/398/464 466/399/466 467/400/467
usemtl tex_378_lit_ds_ovl
f 468/401/468 469/402/469 470/403/470
f 468/401/468 470/403/470 471/404/471
usemtl tex_378_lit_ds
f 472/405/472 473/406/473 474/407/474
f 472/405/472 474/407/474 475/408/475
usemtl tex_378_lit_ds_ovl
f 476/409/476 477/410/477 478/411/478
f 476/409/476 478/411/478 479/412/479
usemtl tex_378_lit_ds
f 480/413/480 481/414/481 482/95/482
f 480/413/480 482/95/482 483/415/483
usemtl tex_378_lit_ds_ovl
f 484/416/484 485/417/485 486/95/486
f 484/416/484 486/95/486 487/418/487
f 488/419/488 489/420/489 490/421/490
f 488/419/488 490/421/490 491/422/491
f 492/423/492 493/424/493 494/425/494
f 492/423/492 494/425/494 495/95/495
usemtl tex_378_lit_ds
f 496/426/496 497/427/497 498/95/498
f 496/426/496 498/95/498 499/428/499
usemtl tex_378_lit_ds_ovl
f 500/429/500 501/430/501 502/431/502
f 500/429/500 502/431/502 503/95/503
f 504/432/504 505/433/505 506/434/506
f 504/432/504 506/434/506 507/435/507
f 508/95/508 509/436/509 510/437/510
f 508/95/508 510/437/510 511/438/511
f 512/95/512 513/439/513 514/440/514
f 512/95/512 514/440/514 515/441/515
usemtl tex_378_lit_ds
f 516/442/516 517/443/517 518/95/518
f 516/442/516 518/95/518 519/444/519
f 520/445/520 521/446/521 522/447/522
f 520/445/520 522/447/522 523/448/523
usemtl tex_378_lit_ds_ovl
f 524/449/524 525/450/525 526/451/526
f 524/449/524 526/451/526 527/452/527
f 528/453/528 529/454/529 530/455/530
f 528/453/528 530/455/530 531/456/531
f 532/457/532 533/458/533 534/459/534
f 532/457/532 534/459/534 535/460/535
f 536/460/536 537/459/537 538/461/538
f 536/460/536 538/461/538 539/462/539
f 540/463/540 541/464/541 542/458/542
f 540/463/540 542/458/542 543/457/543
f 544/95/544 545/465/545 546/466/546
f 544/95/544 546/466/546 547/467/547
f 548/468/548 549/469/549 550/470/550
f 548/468/548 550/470/550 551/471/551
usemtl tex_378_lit_ds
f 552/472/552 553/473/553 554/474/554
f 552/472/552 554/474/554 555/475/555
f 556/476/556 557/477/557 558/478/558
f 556/476/556 558/478/558 559/479/559
usemtl tex_378_lit_ds_ovl
f 560/480/560 561/481/561 562/482/562
f 560/480/560 562/482/562 563/483/563
usemtl tex_378_lit_ds
f 564/484/564 565/485/565 566/486/566
f 564/484/564 566/486/566 567/487/567
usemtl tex_178_lit_ds_ovl
f 568/488/568 569/489/569 570/490/570
f 568/488/568 570/490/570 571/491/571
f 572/492/572 573/493/573 574/494/574
f 572/492/572 574/494/574 575/95/575
f 576/495/576 577/496/577 578/95/578
f 576/495/576 578/95/578 579/497/579
f 580/498/580 581/499/581 582/500/582
f 583/501/583 584/502/584 581/499/581
f 583/501/583 581/499/581 580/498/580
f 585/502/585 586/503/586 587/504/587
f 588/502/588 589/504/589 590/499/590
f 591/501/591 592/498/592 593/500/593
f 591/501/591 593/500/593 594/505/594
f 591/501/591 594/505/594 595/506/595
f 596/507/596 597/508/597 598/509/598
f 596/507/596 598/509/598 599/510/599
f 600/511/600 601/512/601 602/496/602
f 600/511/600 602/496/602 603/95/603
f 604/513/604 605/514/605 606/515/606
f 604/513/604 606/515/606 607/516/607
usemtl tex_379_lit_ds
f 608/517/608 609/518/609 610/519/610
f 608/517/608 610/519/610 611/520/611
f 612/521/612 613/522/613 614/523/614
f 612/521/612 614/523/614 615/524/615
f 616/525/616 617/526/617 618/527/618
f 616/525/616 618/527/618 619/528/619
f 620/529/620 621/530/621 622/531/622
f 620/529/620 622/531/622 623/532/623
f 624/533/624 625/534/625 626/535/626
f 624/533/624 626/535/626 627/536/627
f 628/537/628 629/95/629 630/538/630
f 628/537/628 630/538/630 631/539/631
f 632/540/632 633/541/633 634/542/634
f 632/540/632 634/542/634 635/543/635
f 636/544/636 637/545/637 638/546/638
f 636/544/636 638/546/638 639/547/639
f 640/548/640 641/549/641 642/550/642
f 640/548/640 642/550/642 643/551/643
f 644/552/644 645/553/645 646/554/646
f 644/552/644 646/554/646 647/555/647
f 648/556/648 649/557/649 650/558/650
f 648/556/648 650/558/650 651/559/651
f 652/560/652 653/561/653 654/562/654
f 652/560/652 654/562/654 655/563/655
f 656/564/656 657/565/657 658/566/658
f 656/564/656 658/566/658 659/567/659
f 660/568/660 661/569/661 662/570/662
f 660/568/660 662/570/662 663/571/663
f 664/572/664 665/573/665 666/574/666
f 664/572/664 666/574/666 667/575/667
f 668/575/668 669/574/669 670/576/670
f 668/575/668 670/576/670 671/577/671
f 672/578/672 673/579/673 674/573/674
f 672/578/672 674/573/674 675/572/675
f 676/580/676 677/581/677 678/582/678
f 676/580/676 678/582/678 679/583/679
f 680/584/680 681/585/681 682/586/682
f 680/584/680 682/586/682 683/167/683
f 684/587/684 685/588/685 686/589/686
f 684/587/684 686/589/686 687/590/687
usemtl tex_1473_lit_ds_w01_ovl
f 688/591/688 689/592/689 690/593/690
f 688/591/688 690/593/690 691/594/691
f 692/595/692 693/596/693 694/597/694
f 692/595/692 694/597/694 695/598/695
f 696/599/696 697/600/697 698/95/698
f 696/599/696 698/95/698 699/601/699
f 700/602/700 701/95/701 702/603/702
f 700/602/700 702/603/702 703/604/703
f 704/605/704 705/95/705 706/606/706
f 704/605/704 706/606/706 707/607/707
f 708/608/708 709/609/709 710/610/710
f 708/608/708 710/610/710 711/611/711
usemtl tex_1473_lit_ds_w01
f 712/612/712 713/613/713 714/614/714
f 712/612/712 714/614/714 715/615/715
f 716/615/716 717/614/717 718/616/718
f 716/615/716 718/616/718 719/617/719
f 720/617/720 721/616/721 722/618/722
f 720/617/720 722/618/722 723/619/723
usemtl tex_1473_lit_ds_w01_ovl
f 724/620/724 725/621/725 726/622/726
f 724/620/724 726/622/726 727/623/727
f 728/624/728 729/625/729 730/626/730
f 728/624/728 730/626/730 731/627/731
f 732/628/732 733/629/733 734/630/734
f 732/628/732 734/630/734 735/95/735
usemtl tex_380_lit_ds
f 736/631/736 737/632/737 738/633/738
f 736/631/736 738/633/738 739/634/739
f 740/635/740 741/636/741 742/637/742
f 740/635/740 742/637/742 743/638/743
f 744/639/744 745/640/745 746/641/746
f 744/639/744 746/641/746 747/642/747
usemtl tex_380_lit_ds_ovl
f 748/643/748 749/644/749 750/645/750
f 748/643/748 750/645/750 751/646/751
f 752/646/752 753/645/753 754/647/754
f 752/646/752 754/647/754 755/648/755
f 756/649/756 757/650/757 758/644/758
f 756/649/756 758/644/758 759/643/759
usemtl tex_380_lit_ds
f 760/651/760 761/652/761 762/653/762
f 760/651/760 762/653/762 763/654/763
f 764/655/764 765/656/765 766/657/766
f 764/655/764 766/657/766 767/658/767
f 768/659/768 769/660/769 770/661/770
f 768/659/768 770/661/770 771/662/771
usemtl tex_1124_lit_ds
f 772/95/772 773/345/773 774/663/774
f 775/664/775 776/665/776 772/95/772
f 772/95/772 777/666/777 775/664/775
f 777/666/777 778/667/778 775/664/775
f 779/668/779 777/666/777 774/663/774
f 780/669/780 781/666/781 782/668/782
f 783/670/783 784/671/784 785/672/785
f 786/667/786 781/666/781 780/669/780
f 780/669/780 787/673/787 786/667/786
f 788/674/788 787/673/787 780/669/780
f 785/672/785 789/675/789 790/676/790
f 791/677/791 789/675/789 785/672/785
f 785/672/785 784/671/784 791/677/791
f 792/678/792 793/345/793 794/95/794
f 794/95/794 784/671/784 792/678/792
f 795/663/795 796/666/796 797/95/797
f 798/671/798 799/670/799 800/678/800
f 801/95/801 802/665/802 803/679/803
f 798/671/798 801/95/801 803/679/803
f 804/677/804 798/671/798 803/679/803
usemtl tex_381_lit_ds
f 805/680/805 806/681/806 807/682/807
f 805/680/805 807/682/807 808/683/808
usemtl tex_381_lit_ds_ovl
f 809/684/809 810/685/810 811/686/811
f 809/684/809 811/686/811 812/687/812
usemtl tex_381_lit_ds
f 813/688/813 814/689/814 815/690/815
f 813/688/813 815/690/815 816/691/816
usemtl tex_1048_lit_ds_ovl
f 817/692/817 818/693/818 819/694/819
f 817/692/817 819/694/819 820/695/820
f 821/692/821 822/693/822 823/694/823
f 821/692/821 823/694/823 824/695/824
f 825/692/825 826/693/826 827/694/827
f 825/692/825 827/694/827 828/695/828
f 829/692/829 830/693/830 831/694/831
f 829/692/829 831/694/831 832/695/832
usemtl tex_1518_lit_ds_w01_ovl
f 833/345/833 834/696/834 835/372/835
f 833/345/833 835/372/835 836/95/836
f 837/345/837 838/696/838 839/372/839
f 837/345/837 839/372/839 840/95/840
f 841/345/841 842/696/842 843/372/843
f 841/345/841 843/372/843 844/95/844
f 845/345/845 846/696/846 847/372/847
f 845/345/845 847/372/847 848/95/848
f 849/345/849 850/697/850 851/698/851
f 849/345/849 851/698/851 852/95/852
f 853/345/853 854/696/854 855/372/855
f 853/345/853 855/372/855 856/95/856
f 857/345/857 858/696/858 859/372/859
f 857/345/857 859/372/859 860/95/860
f 861/345/861 862/696/862 863/372/863
f 861/345/861 863/372/863 864/95/864
f 865/345/865 866/696/866 867/372/867
f 865/345/865 867/372/867 868/95/868
f 869/345/869 870/696/870 871/372/871
f 869/345/869 871/372/871 872/95/872
f 873/345/873 874/696/874 875/372/875
f 873/345/873 875/372/875 876/95/876
f 877/696/877 878/372/878 879/95/879
f 877/696/877 879/95/879 880/345/880
f 881/696/881 882/372/882 883/95/883
f 881/696/881 883/95/883 884/345/884
f 885/696/885 886/372/886 887/95/887
f 885/696/885 887/95/887 888/345/888
f 889/696/889 890/372/890 891/95/891
f 889/696/889 891/95/891 892/345/892
usemtl tex_1519_lit_ds_w01_ovl
f 893/345/893 894/696/894 895/372/895
f 893/345/893 895/372/895 896/95/896
f 897/345/897 898/696/898 899/372/899
f 897/345/897 899/372/899 900/95/900
f 901/345/901 902/696/902 903/372/903
f 901/345/901 903/372/903 904/95/904
f 905/345/905 906/696/906 907/372/907
f 905/345/905 907/372/907 908/95/908
f 909/345/909 910/696/910 911/372/911
f 909/345/909 911/372/911 912/95/912
f 913/345/913 914/696/914 915/372/915
f 913/345/913 915/372/915 916/95/916
f 917/699/917 918/220/918 919/95/919
f 917/699/917 919/95/919 920/345/920
f 921/696/921 922/372/922 923/95/923
f 921/696/921 923/95/923 924/345/924
usemtl tex_1516_lit_ds_w01_ovl
f 925/696/925 926/372/926 927/95/927
f 925/696/925 927/95/927 928/345/928
f 929/696/929 930/372/930 931/95/931
f 929/696/929 931/95/931 932/345/932
f 933/696/933 934/372/934 935/95/935
f 933/696/933 935/95/935 936/345/936
f 937/696/937 938/372/938 939/95/939
f 937/696/937 939/95/939 940/345/940
f 941/696/941 942/372/942 943/95/943
f 941/696/941 943/95/943 944/345/944
f 945/699/945 946/220/946 947/95/947
f 945/699/945 947/95/947 948/345/948
f 949/345/949 950/696/950 951/372/951
f 949/345/949 951/372/951 952/95/952
f 953/345/953 954/696/954 955/372/955
f 953/345/953 955/372/955 956/95/956
f 957/345/957 958/696/958 959/372/959
f 957/345/957 959/372/959 960/95/960
f 961/345/961 962/696/962 963/372/963
f 961/345/961 963/372/963 964/95/964
f 965/345/965 966/696/966 967/372/967
f 965/345/965 967/372/967 968/95/968
f 969/345/969 970/696/970 971/372/971
f 969/345/969 971/372/971 972/95/972
f 973/345/973 974/696/974 975/372/975
f 973/345/973 975/372/975 976/95/976
f 977/345/977 978/696/978 979/372/979
f 977/345/977 979/372/979 980/95/980
f 981/696/981 982/372/982 983/95/983
f 981/696/981 983/95/983 984/345/984
f 985/696/985 986/372/986 987/95/987
f 985/696/985 987/95/987 988/345/988
f 989/696/989 990/372/990 991/95/991
f 989/696/989 991/95/991 992/345/992
usemtl tex_379_lit_ds_ovl
f 993/700/993 994/701/994 995/702/995
f 993/700/993 995/702/995 996/703/996
f 997/700/997 998/701/998 999/702/999
f 997/700/997 999/702/999 1000/703/1000
f 1001/700/1001 1002/701/1002 1003/702/1003
f 1001/700/1001 1003/702/1003 1004/703/1004
f 1005/700/1005 1006/701/1006 1007/702/1007
f 1005/700/1005 1007/702/1007 1008/703/1008
f 1009/704/1009 1010/705/1010 1011/706/1011
f 1009/704/1009 1011/706/1011 1012/707/1012
f 1013/704/1013 1014/705/1014 1015/706/1015
f 1013/704/1013 1015/706/1015 1016/707/1016
f 1017/704/1017 1018/705/1018 1019/706/1019
f 1017/704/1017 1019/706/1019 1020/707/1020
f 1021/704/1021 1022/705/1022 1023/706/1023
f 1021/704/1021 1023/706/1023 1024/707/1024
f 1025/708/1025 1026/709/1026 1027/710/1027
f 1025/708/1025 1027/710/1027 1028/711/1028
f 1029/708/1029 1030/709/1030 1031/710/1031
f 1029/708/1029 1031/710/1031 1032/711/1032
f 1033/708/1033 1034/709/1034 1035/710/1035
f 1033/708/1033 1035/710/1035 1036/711/1036
f 1037/708/1037 1038/709/1038 1039/710/1039
f 1037/708/1037 1039/710/1039 1040/711/1040
usemtl tex_380_lit_ds_ovl
f 1041/712/1041 1042/713/1042 1043/714/1043
f 1041/712/1041 1043/714/1043 1044/715/1044
f 1045/712/1045 1046/713/1046 1047/714/1047
f 1045/712/1045 1047/714/1047 1048/715/1048
f 1049/712/1049 1050/713/1050 1051/714/1051
f 1049/712/1049 1051/714/1051 1052/715/1052
f 1053/712/1053 1054/713/1054 1055/714/1055
f 1053/712/1053 1055/714/1055 1056/715/1056
usemtl tex_381_lit_ds_ovl
f 1057/281/1057 1058/716/1058 1059/717/1059
f 1057/281/1057 1059/717/1059 1060/718/1060
f 1061/281/1061 1062/716/1062 1063/717/1063
f 1061/281/1061 1063/717/1063 1064/718/1064
f 1065/281/1065 1066/716/1066 1067/717/1067
f 1065/281/1065 1067/717/1067 1068/718/1068
f 1069/281/1069 1070/716/1070 1071/717/1071
f 1069/281/1069 1071/717/1071 1072/718/1072
f 1073/719/1073 1074/720/1074 1075/721/1075
f 1073/719/1073 1075/721/1075 1076/722/1076
f 1077/719/1077 1078/720/1078 1079/721/1079
f 1077/719/1077 1079/721/1079 1080/722/1080
f 1081/719/1081 1082/720/1082 1083/721/1083
f 1081/719/1081 1083/721/1083 1084/722/1084
f 1085/723/1085 1086/724/1086 1087/725/1087
f 1085/723/1085 1087/725/1087 1088/726/1088
f 1089/723/1089 1090/724/1090 1091/725/1091
f 1089/723/1089 1091/725/1091 1092/726/1092
f 1093/723/1093 1094/724/1094 1095/725/1095
f 1093/723/1093 1095/725/1095 1096/726/1096
f 1097/723/1097 1098/724/1098 1099/725/1099
f 1097/723/1097 1099/725/1099 1100/726/1100
usemtl tex_2424_lit_ds_w01_ovl
f 1101/696/1101 1102/372/1102 1103/95/1103
f 1101/696/1101 1103/95/1103 1104/345/1104
f 1105/696/1105 1106/372/1106 1107/95/1107
f 1105/696/1105 1107/95/1107 1108/345/1108
f 1109/699/1109 1110/220/1110 1111/95/1111
f 1109/699/1109 1111/95/1111 1112/345/1112
f 1113/696/1113 1114/372/1114 1115/95/1115
f 1113/696/1113 1115/95/1115 1116/345/1116
usemtl tex_2381_lit_ds_w11_ovl
f 1117/696/1117 1118/372/1118 1119/95/1119
f 1117/696/1117 1119/95/1119 1120/345/1120
f 1121/696/1121 1122/372/1122 1123/95/1123
f 1121/696/1121 1123/95/1123 1124/345/1124
f 1125/696/1125 1126/372/1126 1127/95/1127
f 1125/696/1125 1127/95/1127 1128/345/1128
f 1129/696/1129 1130/372/1130 1131/95/1131
f 1129/696/1129 1131/95/1131 1132/345/1132
f 1133/696/1133 1134/372/1134 1135/95/1135
f 1133/696/1133 1135/95/1135 1136/345/1136
f 1137/696/1137 1138/372/1138 1139/95/1139
f 1137/696/1137 1139/95/1139 1140/345/1140
f 1141/696/1141 1142/372/1142 1143/95/1143
f 1141/696/1141 1143/95/1143 1144/345/1144
f 1145/696/1145 1146/372/1146 1147/95/1147
f 1145/696/1145 1147/95/1147 1148/345/1148
