mtllib run.mtl
v 710.0 -41.0 -477.0 1.000 1.000 1.000
v 708.0 -41.0 -477.0 1.000 1.000 1.000
v 708.0 -19.0 -477.0 0.494 0.494 0.494
v 710.0 -22.0 -477.0 0.976 0.976 0.976
v 710.0 -22.0 -477.0 0.976 0.976 0.976
v 708.0 -19.0 -477.0 0.494 0.494 0.494
v 731.0 -19.0 -477.0 0.494 0.494 0.494
v 729.0 -22.0 -477.0 0.976 0.976 0.976
v 729.0 -22.0 -477.0 0.976 0.976 0.976
v 731.0 -19.0 -477.0 0.494 0.494 0.494
v 731.0 -41.0 -477.0 1.000 1.000 1.000
v 729.0 -41.0 -477.0 1.000 1.000 1.000
v 820.0 0.0 -476.0 0.404 0.404 0.404
v 820.0 0.0 -519.0 0.596 0.596 0.596
v 820.0 -5.0 -515.0 0.773 0.773 0.773
v 820.0 -5.0 -480.0 0.773 0.773 0.773
v 824.0 -5.0 -515.0 0.404 0.404 0.404
v 824.0 -5.0 -480.0 0.404 0.404 0.404
v 820.0 -5.0 -480.0 0.404 0.404 0.404
v 820.0 -5.0 -515.0 0.404 0.404 0.404
v 610.0 0.0 -476.0 0.404 0.404 0.404
v 610.0 0.0 -519.0 0.596 0.596 0.596
v 610.0 -5.0 -515.0 0.596 0.596 0.596
v 610.0 -5.0 -480.0 0.596 0.596 0.596
v 610.0 -5.0 -480.0 0.404 0.404 0.404
v 610.0 -5.0 -515.0 0.404 0.404 0.404
v 619.0 -5.0 -515.0 0.404 0.404 0.404
v 619.0 -5.0 -480.0 0.404 0.404 0.404
v 619.0 -5.0 -515.0 0.596 0.596 0.596
v 619.0 0.0 -519.0 0.596 0.596 0.596
v 619.0 0.0 -476.0 0.404 0.404 0.404
v 619.0 -5.0 -480.0 0.596 0.596 0.596
v 683.0 0.0 -476.0 0.404 0.404 0.404
v 683.0 0.0 -519.0 0.596 0.596 0.596
v 683.0 -5.0 -515.0 0.596 0.596 0.596
v 683.0 -5.0 -480.0 0.596 0.596 0.596
v 683.0 -5.0 -480.0 0.404 0.404 0.404
v 683.0 -5.0 -515.0 0.404 0.404 0.404
v 692.0 -5.0 -515.0 0.404 0.404 0.404
v 692.0 -5.0 -480.0 0.404 0.404 0.404
v 692.0 -5.0 -515.0 0.596 0.596 0.596
v 692.0 0.0 -519.0 0.596 0.596 0.596
v 692.0 0.0 -476.0 0.404 0.404 0.404
v 692.0 -5.0 -480.0 0.596 0.596 0.596
v 756.0 0.0 -476.0 0.404 0.404 0.404
v 756.0 0.0 -519.0 0.596 0.596 0.596
v 756.0 -5.0 -515.0 0.655 0.655 0.655
v 756.0 -5.0 -480.0 0.655 0.655 0.655
v 756.0 -5.0 -480.0 0.404 0.404 0.404
v 756.0 -5.0 -515.0 0.404 0.404 0.404
v 765.0 -5.0 -515.0 0.404 0.404 0.404
v 765.0 -5.0 -480.0 0.404 0.404 0.404
v 765.0 -5.0 -515.0 0.655 0.655 0.655
v 765.0 0.0 -519.0 0.655 0.655 0.655
v 765.0 0.0 -476.0 0.404 0.404 0.404
v 765.0 -5.0 -480.0 0.655 0.655 0.655
v 594.0 -41.0 -519.0 0.714 0.714 0.714
v 594.0 0.0 -519.0 0.596 0.596 0.596
v 594.0 -14.0 -503.0 0.596 0.596 0.596
v 594.0 -41.0 -503.0 0.714 0.714 0.714
v 610.0 -41.0 -519.0 0.267 0.267 0.267
v 610.0 0.0 -519.0 0.267 0.267 0.267
v 594.0 0.0 -519.0 0.404 0.404 0.404
v 594.0 -41.0 -519.0 0.404 0.404 0.404
v 610.0 -41.0 -515.0 0.714 0.714 0.714
v 610.0 -5.0 -515.0 0.596 0.596 0.596
v 610.0 0.0 -519.0 0.596 0.596 0.596
v 610.0 -41.0 -519.0 0.714 0.714 0.714
v 619.0 -41.0 -515.0 0.714 0.714 0.714
v 619.0 -5.0 -515.0 0.404 0.404 0.404
v 610.0 -5.0 -515.0 0.404 0.404 0.404
v 610.0 -41.0 -515.0 0.714 0.714 0.714
v 619.0 -41.0 -519.0 0.714 0.714 0.714
v 619.0 0.0 -519.0 0.596 0.596 0.596
v 619.0 -5.0 -515.0 0.596 0.596 0.596
v 619.0 -41.0 -515.0 0.714 0.714 0.714
v 683.0 -41.0 -515.0 0.714 0.714 0.714
v 683.0 -5.0 -515.0 0.596 0.596 0.596
v 683.0 0.0 -519.0 0.596 0.596 0.596
v 683.0 -41.0 -519.0 0.714 0.714 0.714
v 692.0 -41.0 -515.0 0.714 0.714 0.714
v 692.0 -5.0 -515.0 0.404 0.404 0.404
v 683.0 -5.0 -515.0 0.404 0.404 0.404
v 683.0 -41.0 -515.0 0.714 0.714 0.714
v 692.0 -41.0 -519.0 0.714 0.714 0.714
v 692.0 0.0 -519.0 0.596 0.596 0.596
v 692.0 -5.0 -515.0 0.596 0.596 0.596
v 692.0 -41.0 -515.0 0.714 0.714 0.714
v 756.0 -41.0 -515.0 0.714 0.714 0.714
v 756.0 -5.0 -515.0 0.655 0.655 0.655
v 756.0 0.0 -519.0 0.596 0.596 0.596
v 756.0 -41.0 -519.0 0.714 0.714 0.714
v 765.0 -41.0 -515.0 0.714 0.714 0.714
v 765.0 -5.0 -515.0 0.404 0.404 0.404
v 756.0 -5.0 -515.0 0.404 0.404 0.404
v 756.0 -41.0 -515.0 0.714 0.714 0.714
v 765.0 -41.0 -519.0 0.714 0.714 0.714
v 765.0 0.0 -519.0 0.655 0.655 0.655
v 765.0 -5.0 -515.0 0.655 0.655 0.655
v 765.0 -41.0 -515.0 0.714 0.714 0.714
v 820.0 -41.0 -519.0 0.337 0.337 0.337
v 820.0 -41.0 -515.0 0.267 0.267 0.267
v 820.0 -5.0 -515.0 0.773 0.773 0.773
v 820.0 0.0 -519.0 0.596 0.596 0.596
v 820.0 -41.0 -515.0 0.267 0.267 0.267
v 824.0 -41.0 -515.0 0.267 0.267 0.267
v 824.0 -5.0 -515.0 0.404 0.404 0.404
v 820.0 -5.0 -515.0 0.404 0.404 0.404
v 743.0 -41.0 -519.0 0.714 0.714 0.714
v 756.0 -41.0 -519.0 0.714 0.714 0.714
v 756.0 0.0 -519.0 0.533 0.533 0.533
v 743.0 -8.0 -519.0 0.714 0.714 0.714
v 743.0 -8.0 -519.0 0.714 0.714 0.714
v 756.0 0.0 -519.0 0.533 0.533 0.533
v 692.0 0.0 -519.0 0.533 0.533 0.533
v 705.0 -8.0 -519.0 0.714 0.714 0.714
v 692.0 -41.0 -519.0 0.714 0.714 0.714
v 705.0 -41.0 -519.0 0.714 0.714 0.714
v 671.0 -41.0 -519.0 0.714 0.714 0.714
v 683.0 -41.0 -519.0 0.714 0.714 0.714
v 683.0 0.0 -519.0 0.533 0.533 0.533
v 671.0 -8.0 -519.0 0.714 0.714 0.714
v 619.0 0.0 -519.0 0.533 0.533 0.533
v 632.0 -8.0 -519.0 0.714 0.714 0.714
v 619.0 -41.0 -519.0 0.714 0.714 0.714
v 632.0 -41.0 -519.0 0.714 0.714 0.714
v 765.0 -30.0 -519.0 0.596 0.596 0.596
v 765.0 -41.0 -519.0 0.337 0.337 0.337
v 820.0 -41.0 -519.0 0.337 0.337 0.337
v 820.0 -30.0 -519.0 0.596 0.596 0.596
v 610.0 -41.0 -476.0 0.714 0.714 0.714
v 610.0 0.0 -476.0 0.404 0.404 0.404
v 610.0 -5.0 -480.0 0.596 0.596 0.596
v 610.0 -41.0 -480.0 0.714 0.714 0.714
v 619.0 -41.0 -480.0 0.714 0.714 0.714
v 610.0 -41.0 -480.0 0.714 0.714 0.714
v 610.0 -5.0 -480.0 0.404 0.404 0.404
v 619.0 -5.0 -480.0 0.404 0.404 0.404
v 619.0 -5.0 -480.0 0.596 0.596 0.596
v 619.0 0.0 -476.0 0.404 0.404 0.404
v 619.0 -41.0 -476.0 0.714 0.714 0.714
v 619.0 -41.0 -480.0 0.714 0.714 0.714
v 683.0 -31.0 -476.0 0.596 0.596 0.596
v 683.0 -41.0 -476.0 0.337 0.337 0.337
v 619.0 -41.0 -476.0 0.337 0.337 0.337
v 619.0 -31.0 -476.0 0.596 0.596 0.596
v 683.0 -5.0 -480.0 0.596 0.596 0.596
v 683.0 -41.0 -480.0 0.714 0.714 0.714
v 683.0 -41.0 -476.0 0.714 0.714 0.714
v 683.0 0.0 -476.0 0.404 0.404 0.404
v 692.0 -41.0 -480.0 0.714 0.714 0.714
v 683.0 -41.0 -480.0 0.714 0.714 0.714
v 683.0 -5.0 -480.0 0.404 0.404 0.404
v 692.0 -5.0 -480.0 0.404 0.404 0.404
v 692.0 -5.0 -480.0 0.596 0.596 0.596
v 692.0 0.0 -476.0 0.404 0.404 0.404
v 692.0 -41.0 -476.0 0.714 0.714 0.714
v 692.0 -41.0 -480.0 0.714 0.714 0.714
v 756.0 -41.0 -480.0 0.714 0.714 0.714
v 756.0 -41.0 -476.0 0.714 0.714 0.714
v 756.0 0.0 -476.0 0.404 0.404 0.404
v 756.0 -5.0 -480.0 0.655 0.655 0.655
v 756.0 -5.0 -480.0 0.404 0.404 0.404
v 765.0 -5.0 -480.0 0.404 0.404 0.404
v 765.0 -41.0 -480.0 0.714 0.714 0.714
v 756.0 -41.0 -480.0 0.714 0.714 0.714
v 765.0 0.0 -476.0 0.404 0.404 0.404
v 765.0 -41.0 -476.0 0.714 0.714 0.714
v 765.0 -41.0 -480.0 0.714 0.714 0.714
v 765.0 -5.0 -480.0 0.655 0.655 0.655
v 820.0 0.0 -476.0 0.404 0.404 0.404
v 820.0 -5.0 -480.0 0.773 0.773 0.773
v 820.0 -41.0 -480.0 0.267 0.267 0.267
v 820.0 -41.0 -476.0 0.267 0.267 0.267
v 820.0 -41.0 -480.0 0.267 0.267 0.267
v 820.0 -5.0 -480.0 0.404 0.404 0.404
v 824.0 -5.0 -480.0 0.404 0.404 0.404
v 824.0 -41.0 -480.0 0.267 0.267 0.267
v 610.0 0.0 -476.0 0.267 0.267 0.267
v 610.0 -41.0 -476.0 0.267 0.267 0.267
v 594.0 -41.0 -476.0 0.337 0.337 0.337
v 594.0 -14.0 -476.0 0.337 0.337 0.337
v 610.0 0.0 -476.0 0.267 0.267 0.267
v 594.0 -14.0 -476.0 0.337 0.337 0.337
v 594.0 0.0 -476.0 0.404 0.404 0.404
v 594.0 -14.0 -476.0 0.596 0.596 0.596
v 594.0 -14.0 -503.0 0.596 0.596 0.596
v 594.0 0.0 -519.0 0.596 0.596 0.596
v 594.0 0.0 -476.0 0.404 0.404 0.404
v 731.0 -41.0 -476.0 0.714 0.714 0.714
v 731.0 -19.0 -476.0 0.494 0.494 0.494
v 756.0 0.0 -476.0 0.404 0.404 0.404
v 756.0 -41.0 -476.0 0.714 0.714 0.714
v 708.0 -19.0 -476.0 0.494 0.494 0.494
v 692.0 0.0 -476.0 0.404 0.404 0.404
v 708.0 -41.0 -476.0 0.714 0.714 0.714
v 692.0 -41.0 -476.0 0.714 0.714 0.714
v 820.0 -31.0 -476.0 0.596 0.596 0.596
v 820.0 -41.0 -476.0 0.337 0.337 0.337
v 765.0 -41.0 -476.0 0.337 0.337 0.337
v 765.0 -31.0 -476.0 0.596 0.596 0.596
v 824.0 -41.0 -515.0 0.337 0.337 0.337
v 824.0 -41.0 -480.0 0.337 0.337 0.337
v 824.0 -5.0 -480.0 0.533 0.533 0.533
v 824.0 -5.0 -515.0 0.533 0.533 0.533
v 706.0 -9.0 -520.0 0.345 0.345 0.345
v 706.0 -41.0 -520.0 0.714 0.714 0.714
v 706.0 -41.0 -523.0 0.345 0.345 0.345
v 706.0 -9.0 -523.0 0.345 0.345 0.345
v 706.0 -9.0 -520.0 0.345 0.345 0.345
v 706.0 -9.0 -523.0 0.345 0.345 0.345
v 742.0 -9.0 -523.0 0.345 0.345 0.345
v 742.0 -9.0 -520.0 0.345 0.345 0.345
v 742.0 -9.0 -520.0 0.345 0.345 0.345
v 742.0 -9.0 -523.0 0.345 0.345 0.345
v 742.0 -41.0 -523.0 0.349 0.349 0.349
v 742.0 -41.0 -520.0 0.714 0.714 0.714
v 705.0 -8.0 -519.0 0.345 0.345 0.345
v 705.0 -41.0 -519.0 0.714 0.714 0.714
v 706.0 -41.0 -520.0 0.714 0.714 0.714
v 706.0 -9.0 -520.0 0.345 0.345 0.345
v 705.0 -8.0 -519.0 0.345 0.345 0.345
v 706.0 -9.0 -520.0 0.345 0.345 0.345
v 742.0 -9.0 -520.0 0.345 0.345 0.345
v 743.0 -8.0 -519.0 0.345 0.345 0.345
v 743.0 -8.0 -519.0 0.345 0.345 0.345
v 742.0 -9.0 -520.0 0.345 0.345 0.345
v 742.0 -41.0 -520.0 0.714 0.714 0.714
v 743.0 -41.0 -519.0 0.714 0.714 0.714
v 633.0 -9.0 -520.0 0.345 0.345 0.345
v 633.0 -41.0 -520.0 0.714 0.714 0.714
v 633.0 -41.0 -523.0 0.345 0.345 0.345
v 633.0 -9.0 -523.0 0.345 0.345 0.345
v 633.0 -9.0 -520.0 0.345 0.345 0.345
v 633.0 -9.0 -523.0 0.345 0.345 0.345
v 669.0 -9.0 -523.0 0.345 0.345 0.345
v 669.0 -9.0 -520.0 0.345 0.345 0.345
v 669.0 -9.0 -520.0 0.345 0.345 0.345
v 669.0 -9.0 -523.0 0.345 0.345 0.345
v 669.0 -41.0 -523.0 0.349 0.349 0.349
v 669.0 -41.0 -520.0 0.714 0.714 0.714
v 632.0 -8.0 -519.0 0.345 0.345 0.345
v 632.0 -41.0 -519.0 0.714 0.714 0.714
v 633.0 -41.0 -520.0 0.714 0.714 0.714
v 633.0 -9.0 -520.0 0.345 0.345 0.345
v 632.0 -8.0 -519.0 0.345 0.345 0.345
v 633.0 -9.0 -520.0 0.345 0.345 0.345
v 669.0 -9.0 -520.0 0.345 0.345 0.345
v 671.0 -8.0 -519.0 0.345 0.345 0.345
v 671.0 -8.0 -519.0 0.345 0.345 0.345
v 669.0 -9.0 -520.0 0.345 0.345 0.345
v 669.0 -41.0 -520.0 0.714 0.714 0.714
v 671.0 -41.0 -519.0 0.714 0.714 0.714
v 692.0 0.0 -519.0 0.267 0.267 0.267
v 724.0 0.0 -497.0 1.000 1.000 1.000
v 692.0 0.0 -476.0 0.267 0.267 0.267
v 756.0 0.0 -519.0 0.267 0.267 0.267
v 756.0 0.0 -476.0 0.267 0.267 0.267
v 619.0 0.0 -476.0 0.655 0.655 0.655
v 619.0 0.0 -519.0 0.267 0.267 0.267
v 651.0 0.0 -497.0 0.337 0.337 0.337
v 683.0 0.0 -519.0 0.267 0.267 0.267
v 683.0 0.0 -476.0 0.655 0.655 0.655
v 820.0 0.0 -519.0 0.773 0.773 0.773
v 820.0 0.0 -497.0 0.337 0.337 0.337
v 792.0 0.0 -497.0 0.337 0.337 0.337
v 820.0 0.0 -476.0 0.773 0.773 0.773
v 765.0 0.0 -519.0 0.773 0.773 0.773
v 765.0 0.0 -497.0 0.337 0.337 0.337
v 792.0 0.0 -497.0 0.337 0.337 0.337
v 765.0 0.0 -476.0 0.773 0.773 0.773
v 765.0 0.0 -497.0 0.337 0.337 0.337
v 820.0 0.0 -476.0 0.773 0.773 0.773
v 594.0 0.0 -476.0 0.533 0.533 0.533
v 594.0 0.0 -519.0 0.533 0.533 0.533
v 610.0 0.0 -519.0 0.404 0.404 0.404
v 610.0 0.0 -476.0 0.404 0.404 0.404
v 719.0 -41.0 -472.0 0.996 0.996 0.996
v 729.0 -41.0 -472.0 0.996 0.996 0.996
v 729.0 -41.0 -476.0 0.714 0.714 0.714
v 710.0 -41.0 -476.0 0.714 0.714 0.714
v 710.0 -41.0 -472.0 0.996 0.996 0.996
v 706.0 -41.0 -523.0 0.725 0.773 0.847
v 706.0 -41.0 -520.0 0.714 0.714 0.714
v 742.0 -41.0 -520.0 0.714 0.714 0.714
v 706.0 -41.0 -523.0 0.725 0.773 0.847
v 742.0 -41.0 -520.0 0.714 0.714 0.714
v 742.0 -41.0 -523.0 0.725 0.773 0.847
v 706.0 -41.0 -520.0 0.714 0.714 0.714
v 705.0 -41.0 -519.0 0.714 0.714 0.714
v 743.0 -41.0 -519.0 0.714 0.714 0.714
v 671.0 -41.0 -523.0 0.725 0.773 0.847
v 632.0 -41.0 -523.0 0.725 0.773 0.847
v 632.0 -41.0 -519.0 0.714 0.714 0.714
v 671.0 -41.0 -519.0 0.714 0.714 0.714
v 820.0 0.0 -519.0 0.188 0.188 0.188
v 806.0 0.0 -519.0 0.996 0.996 0.996
v 820.0 -30.0 -519.0 0.596 0.596 0.596
v 792.0 -30.0 -519.0 0.596 0.596 0.596
v 792.0 0.0 -519.0 0.188 0.188 0.188
v 779.0 0.0 -519.0 0.996 0.996 0.996
v 779.0 0.0 -519.0 0.996 0.996 0.996
v 765.0 -30.0 -519.0 0.596 0.596 0.596
v 792.0 -30.0 -519.0 0.596 0.596 0.596
v 765.0 0.0 -519.0 0.188 0.188 0.188
v 619.0 0.0 -476.0 0.188 0.188 0.188
v 635.0 0.0 -476.0 0.996 0.996 0.996
v 619.0 -31.0 -476.0 0.596 0.596 0.596
v 651.0 -31.0 -476.0 0.596 0.596 0.596
v 651.0 0.0 -476.0 0.188 0.188 0.188
v 667.0 0.0 -476.0 0.996 0.996 0.996
v 683.0 -31.0 -476.0 0.596 0.596 0.596
v 683.0 0.0 -476.0 0.188 0.188 0.188
v 765.0 0.0 -476.0 0.188 0.188 0.188
v 779.0 0.0 -476.0 0.996 0.996 0.996
v 765.0 -31.0 -476.0 0.596 0.596 0.596
v 792.0 -31.0 -476.0 0.596 0.596 0.596
v 779.0 0.0 -476.0 0.996 0.996 0.996
v 792.0 0.0 -476.0 0.188 0.188 0.188
v 792.0 -31.0 -476.0 0.596 0.596 0.596
v 806.0 0.0 -476.0 0.996 0.996 0.996
v 820.0 0.0 -476.0 0.188 0.188 0.188
v 820.0 -31.0 -476.0 0.596 0.596 0.596
v 708.0 -41.0 -476.0 0.345 0.345 0.345
v 708.0 -19.0 -476.0 0.494 0.494 0.494
v 708.0 -19.0 -477.0 0.494 0.494 0.494
v 708.0 -41.0 -477.0 0.349 0.349 0.349
v 708.0 -19.0 -477.0 0.494 0.494 0.494
v 708.0 -19.0 -476.0 0.494 0.494 0.494
v 731.0 -19.0 -476.0 0.494 0.494 0.494
v 731.0 -19.0 -477.0 0.494 0.494 0.494
v 731.0 -19.0 -477.0 0.494 0.494 0.494
v 731.0 -19.0 -476.0 0.494 0.494 0.494
v 731.0 -41.0 -476.0 0.357 0.357 0.357
v 731.0 -41.0 -477.0 0.357 0.357 0.357
v 729.0 -41.0 -477.0 0.424 0.424 0.424
v 729.0 -41.0 -472.0 0.420 0.420 0.420
v 729.0 -22.0 -472.0 0.388 0.388 0.388
v 729.0 -22.0 -477.0 0.392 0.392 0.392
v 729.0 -22.0 -477.0 0.000 0.000 0.000
v 729.0 -22.0 -472.0 0.000 0.000 0.000
v 710.0 -22.0 -472.0 0.000 0.000 0.000
v 710.0 -22.0 -477.0 0.000 0.000 0.000
v 710.0 -41.0 -477.0 0.431 0.431 0.431
v 710.0 -22.0 -477.0 0.396 0.396 0.396
v 710.0 -22.0 -472.0 0.392 0.392 0.392
v 710.0 -41.0 -472.0 0.427 0.427 0.427
v 820.0 -41.0 -497.0 1.000 1.000 1.000
v 820.0 -41.0 -480.0 0.714 0.714 0.714
v 824.0 -41.0 -480.0 0.267 0.267 0.267
v 820.0 -41.0 -515.0 0.714 0.714 0.714
v 824.0 -41.0 -515.0 0.267 0.267 0.267
v 792.0 -41.0 -497.0 1.000 1.000 1.000
v 820.0 -41.0 -476.0 0.714 0.714 0.714
v 765.0 -41.0 -476.0 0.471 0.471 0.471
v 765.0 -41.0 -480.0 0.471 0.471 0.471
v 820.0 -41.0 -519.0 0.596 0.596 0.596
v 765.0 -41.0 -519.0 0.471 0.471 0.471
v 765.0 -41.0 -515.0 0.471 0.471 0.471
v 724.0 -41.0 -497.0 1.000 1.000 1.000
v 756.0 -41.0 -515.0 0.471 0.471 0.471
v 756.0 -41.0 -480.0 0.471 0.471 0.471
v 756.0 -41.0 -476.0 0.471 0.471 0.471
v 756.0 -41.0 -515.0 0.471 0.471 0.471
v 756.0 -41.0 -519.0 0.471 0.471 0.471
v 724.0 -41.0 -497.0 1.000 1.000 1.000
v 743.0 -41.0 -519.0 0.714 0.714 0.714
v 705.0 -41.0 -519.0 0.714 0.714 0.714
v 692.0 -41.0 -519.0 0.471 0.471 0.471
v 692.0 -41.0 -515.0 0.471 0.471 0.471
v 756.0 -41.0 -476.0 0.471 0.471 0.471
v 731.0 -41.0 -477.0 0.714 0.714 0.714
v 731.0 -41.0 -476.0 0.714 0.714 0.714
v 729.0 -41.0 -477.0 0.714 0.714 0.714
v 729.0 -41.0 -476.0 0.714 0.714 0.714
v 710.0 -41.0 -476.0 0.714 0.714 0.714
v 710.0 -41.0 -477.0 0.714 0.714 0.714
v 708.0 -41.0 -477.0 0.714 0.714 0.714
v 692.0 -41.0 -476.0 0.471 0.471 0.471
v 692.0 -41.0 -476.0 0.471 0.471 0.471
v 708.0 -41.0 -476.0 0.714 0.714 0.714
v 708.0 -41.0 -477.0 0.714 0.714 0.714
v 724.0 -41.0 -497.0 1.000 1.000 1.000
v 692.0 -41.0 -480.0 0.471 0.471 0.471
v 651.0 -41.0 -497.0 1.000 1.000 1.000
v 683.0 -41.0 -480.0 0.471 0.471 0.471
v 683.0 -41.0 -476.0 0.471 0.471 0.471
v 692.0 -41.0 -515.0 0.471 0.471 0.471
v 683.0 -41.0 -515.0 0.471 0.471 0.471
v 683.0 -41.0 -519.0 0.471 0.471 0.471
v 671.0 -41.0 -519.0 0.714 0.714 0.714
v 632.0 -41.0 -519.0 0.714 0.714 0.714
v 619.0 -41.0 -519.0 0.714 0.714 0.714
v 619.0 -41.0 -515.0 0.714 0.714 0.714
v 619.0 -41.0 -476.0 0.714 0.714 0.714
v 651.0 -41.0 -497.0 1.000 1.000 1.000
v 619.0 -41.0 -480.0 0.714 0.714 0.714
v 619.0 -41.0 -476.0 0.714 0.714 0.714
v 606.0 -41.0 -497.0 1.000 1.000 1.000
v 619.0 -41.0 -515.0 0.714 0.714 0.714
v 619.0 -41.0 -515.0 0.655 0.655 0.655
v 610.0 -41.0 -515.0 0.655 0.655 0.655
v 606.0 -41.0 -497.0 0.655 0.655 0.655
v 610.0 -41.0 -480.0 0.655 0.655 0.655
v 619.0 -41.0 -480.0 0.655 0.655 0.655
v 594.0 -41.0 -519.0 0.655 0.655 0.655
v 594.0 -41.0 -476.0 0.655 0.655 0.655
v 610.0 -41.0 -476.0 0.655 0.655 0.655
v 610.0 -41.0 -519.0 0.655 0.655 0.655
v 820.0 -41.0 -497.0 1.000 1.000 1.000
v 824.0 -41.0 -480.0 0.267 0.267 0.267
v 824.0 -41.0 -515.0 0.267 0.267 0.267
v 711.0 0.0 -498.0 1.000 1.000 1.000
v 716.0 0.0 -498.0 1.000 1.000 1.000
v 716.0 0.0 -493.0 1.000 1.000 1.000
v 711.0 0.0 -493.0 1.000 1.000 1.000
v 733.0 0.0 -498.0 1.000 1.000 1.000
v 739.0 0.0 -498.0 1.000 1.000 1.000
v 739.0 0.0 -493.0 1.000 1.000 1.000
v 733.0 0.0 -493.0 1.000 1.000 1.000
v 637.0 0.0 -483.0 1.000 1.000 1.000
v 643.0 0.0 -483.0 1.000 1.000 1.000
v 643.0 0.0 -478.0 1.000 1.000 1.000
v 637.0 0.0 -478.0 1.000 1.000 1.000
v 666.0 0.0 -483.0 1.000 1.000 1.000
v 671.0 0.0 -483.0 1.000 1.000 1.000
v 671.0 0.0 -478.0 1.000 1.000 1.000
v 666.0 0.0 -478.0 1.000 1.000 1.000
v 775.0 0.0 -517.0 1.000 1.000 1.000
v 781.0 0.0 -517.0 1.000 1.000 1.000
v 781.0 0.0 -512.0 1.000 1.000 1.000
v 775.0 0.0 -512.0 1.000 1.000 1.000
v 804.0 0.0 -517.0 1.000 1.000 1.000
v 809.0 0.0 -517.0 1.000 1.000 1.000
v 809.0 0.0 -512.0 1.000 1.000 1.000
v 804.0 0.0 -512.0 1.000 1.000 1.000
v 804.0 0.0 -483.0 1.000 1.000 1.000
v 809.0 0.0 -483.0 1.000 1.000 1.000
v 809.0 0.0 -478.0 1.000 1.000 1.000
v 804.0 0.0 -478.0 1.000 1.000 1.000
v 775.0 0.0 -483.0 1.000 1.000 1.000
v 781.0 0.0 -483.0 1.000 1.000 1.000
v 781.0 0.0 -478.0 1.000 1.000 1.000
v 775.0 0.0 -478.0 1.000 1.000 1.000
v 594.0 -41.0 -503.0 0.714 0.714 0.714
v 591.0 -37.0 -503.0 0.773 0.773 0.773
v 577.0 -37.0 -503.0 0.188 0.188 0.188
v 574.0 -41.0 -503.0 0.188 0.188 0.188
v 577.0 -14.0 -503.0 0.886 0.886 0.886
v 577.0 -37.0 -503.0 0.886 0.886 0.886
v 578.0 -35.0 -505.0 0.886 0.886 0.886
v 578.0 -14.0 -505.0 0.886 0.886 0.886
v 590.0 -35.0 -505.0 0.267 0.267 0.267
v 591.0 -37.0 -503.0 0.267 0.267 0.267
v 591.0 -14.0 -503.0 0.267 0.267 0.267
v 590.0 -14.0 -505.0 0.267 0.267 0.267
v 578.0 -35.0 -505.0 0.961 0.961 0.961
v 577.0 -37.0 -503.0 0.188 0.188 0.188
v 591.0 -37.0 -503.0 0.773 0.773 0.773
v 590.0 -35.0 -505.0 0.918 0.918 0.918
v 574.0 -41.0 -503.0 0.188 0.188 0.188
v 577.0 -37.0 -503.0 0.188 0.188 0.188
v 577.0 -14.0 -503.0 0.773 0.773 0.773
v 574.0 -14.0 -503.0 0.404 0.404 0.404
v 594.0 -14.0 -503.0 0.596 0.596 0.596
v 591.0 -14.0 -503.0 0.957 0.957 0.957
v 591.0 -37.0 -503.0 0.773 0.773 0.773
v 594.0 -41.0 -503.0 0.714 0.714 0.714
v 574.0 -14.0 -476.0 0.404 0.404 0.404
v 574.0 -41.0 -476.0 0.188 0.188 0.188
v 574.0 -41.0 -503.0 0.188 0.188 0.188
v 574.0 -14.0 -503.0 0.404 0.404 0.404
v 574.0 -14.0 -476.0 0.404 0.404 0.404
v 576.0 -17.0 -476.0 0.345 0.345 0.345
v 576.0 -39.0 -476.0 0.373 0.373 0.373
v 574.0 -41.0 -476.0 0.188 0.188 0.188
v 576.0 -17.0 -476.0 0.345 0.345 0.345
v 574.0 -14.0 -476.0 0.404 0.404 0.404
v 594.0 -14.0 -476.0 0.337 0.337 0.337
v 592.0 -17.0 -476.0 0.337 0.337 0.337
v 594.0 -41.0 -476.0 0.337 0.337 0.337
v 592.0 -39.0 -476.0 0.337 0.337 0.337
v 574.0 -41.0 -476.0 0.188 0.188 0.188
v 576.0 -39.0 -476.0 0.373 0.373 0.373
v 577.0 -18.0 -478.0 0.349 0.349 0.349
v 577.0 -38.0 -478.0 0.384 0.384 0.384
v 591.0 -18.0 -478.0 0.337 0.337 0.337
v 591.0 -38.0 -478.0 0.337 0.337 0.337
v 591.0 -38.0 -478.0 0.569 0.569 0.569
v 590.0 -35.0 -478.0 0.188 0.188 0.188
v 590.0 -19.0 -478.0 0.188 0.188 0.188
v 591.0 -18.0 -478.0 0.188 0.188 0.188
v 590.0 -35.0 -478.0 0.188 0.188 0.188
v 591.0 -18.0 -478.0 0.188 0.188 0.188
v 591.0 -38.0 -478.0 0.188 0.188 0.188
v 590.0 -35.0 -478.0 0.518 0.518 0.518
v 591.0 -38.0 -478.0 0.569 0.569 0.569
v 577.0 -38.0 -478.0 0.384 0.384 0.384
v 578.0 -35.0 -478.0 0.412 0.412 0.412
v 577.0 -38.0 -478.0 0.533 0.533 0.533
v 577.0 -18.0 -478.0 0.533 0.533 0.533
v 578.0 -19.0 -478.0 0.533 0.533 0.533
v 578.0 -35.0 -478.0 0.533 0.533 0.533
v 577.0 -18.0 -478.0 0.267 0.267 0.267
v 591.0 -18.0 -478.0 0.267 0.267 0.267
v 590.0 -19.0 -478.0 0.267 0.267 0.267
v 578.0 -19.0 -478.0 0.267 0.267 0.267
v 574.0 -14.0 -503.0 0.404 0.404 0.404
v 594.0 -14.0 -503.0 0.404 0.404 0.404
v 574.0 -14.0 -476.0 0.404 0.404 0.404
v 594.0 -14.0 -476.0 0.404 0.404 0.404
v 577.0 -14.0 -503.0 0.404 0.404 0.404
v 578.0 -14.0 -505.0 0.404 0.404 0.404
v 590.0 -14.0 -505.0 0.404 0.404 0.404
v 591.0 -14.0 -503.0 0.404 0.404 0.404
v 590.0 -31.0 -505.0 0.424 0.424 0.424
v 590.0 -31.0 -478.0 0.424 0.424 0.424
v 590.0 -35.0 -478.0 0.345 0.345 0.345
v 590.0 -35.0 -505.0 0.345 0.345 0.345
v 590.0 -31.0 -478.0 0.996 0.996 0.996
v 590.0 -31.0 -505.0 0.996 0.996 0.996
v 589.0 -31.0 -505.0 0.624 0.624 0.624
v 589.0 -31.0 -478.0 0.624 0.624 0.624
v 589.0 -31.0 -478.0 0.361 0.361 0.361
v 589.0 -31.0 -505.0 0.361 0.361 0.361
v 589.0 -35.0 -505.0 0.361 0.361 0.361
v 589.0 -35.0 -478.0 0.361 0.361 0.361
v 579.0 -31.0 -505.0 0.408 0.408 0.408
v 579.0 -31.0 -478.0 0.408 0.408 0.408
v 579.0 -35.0 -478.0 0.353 0.353 0.353
v 579.0 -35.0 -505.0 0.353 0.353 0.353
v 579.0 -31.0 -478.0 1.000 1.000 1.000
v 579.0 -31.0 -505.0 1.000 1.000 1.000
v 578.0 -31.0 -505.0 0.996 0.996 0.996
v 578.0 -31.0 -478.0 0.996 0.996 0.996
v 578.0 -31.0 -478.0 0.361 0.361 0.361
v 578.0 -31.0 -505.0 0.361 0.361 0.361
v 578.0 -35.0 -505.0 0.361 0.361 0.361
v 578.0 -35.0 -478.0 0.361 0.361 0.361
v 579.0 -41.0 -502.0 0.345 0.345 0.345
v 578.0 -41.0 -501.0 0.345 0.345 0.345
v 578.0 -35.0 -501.0 0.345 0.345 0.345
v 579.0 -35.0 -502.0 0.345 0.345 0.345
v 579.0 -41.0 -500.0 0.816 0.816 0.816
v 579.0 -35.0 -500.0 0.816 0.816 0.816
v 578.0 -35.0 -501.0 0.816 0.816 0.816
v 578.0 -41.0 -501.0 0.816 0.816 0.816
v 579.0 -41.0 -502.0 0.549 0.549 0.549
v 579.0 -35.0 -502.0 0.545 0.545 0.545
v 579.0 -35.0 -500.0 0.553 0.553 0.553
v 579.0 -41.0 -500.0 0.557 0.557 0.557
v 589.0 -35.0 -502.0 0.506 0.506 0.506
v 590.0 -35.0 -501.0 0.529 0.529 0.529
v 590.0 -41.0 -501.0 0.529 0.529 0.529
v 589.0 -41.0 -502.0 0.510 0.510 0.510
v 589.0 -41.0 -500.0 0.361 0.361 0.361
v 589.0 -35.0 -500.0 0.361 0.361 0.361
v 589.0 -35.0 -502.0 0.361 0.361 0.361
v 589.0 -41.0 -502.0 0.361 0.361 0.361
v 590.0 -41.0 -501.0 1.000 1.000 1.000
v 590.0 -35.0 -501.0 1.000 1.000 1.000
v 589.0 -35.0 -500.0 1.000 1.000 1.000
v 589.0 -41.0 -500.0 1.000 1.000 1.000
v 589.0 -35.0 -486.0 0.627 0.627 0.627
v 590.0 -35.0 -485.0 0.631 0.631 0.631
v 590.0 -41.0 -485.0 0.639 0.639 0.639
v 589.0 -41.0 -486.0 0.631 0.631 0.631
v 589.0 -41.0 -484.0 0.361 0.361 0.361
v 589.0 -35.0 -484.0 0.361 0.361 0.361
v 589.0 -35.0 -486.0 0.361 0.361 0.361
v 589.0 -41.0 -486.0 0.361 0.361 0.361
v 590.0 -41.0 -485.0 0.831 0.831 0.831
v 590.0 -35.0 -485.0 0.831 0.831 0.831
v 589.0 -35.0 -484.0 0.824 0.824 0.824
v 589.0 -41.0 -484.0 0.827 0.827 0.827
v 579.0 -41.0 -486.0 0.510 0.510 0.510
v 579.0 -35.0 -486.0 0.506 0.506 0.506
v 579.0 -35.0 -484.0 0.494 0.494 0.494
v 579.0 -41.0 -484.0 0.498 0.498 0.498
v 579.0 -41.0 -486.0 0.345 0.345 0.345
v 578.0 -41.0 -485.0 0.345 0.345 0.345
v 578.0 -35.0 -485.0 0.345 0.345 0.345
v 579.0 -35.0 -486.0 0.345 0.345 0.345
v 579.0 -41.0 -484.0 0.820 0.820 0.820
v 579.0 -35.0 -484.0 0.820 0.820 0.820
v 578.0 -35.0 -485.0 0.816 0.816 0.816
v 578.0 -41.0 -485.0 0.820 0.820 0.820
v 579.0 -32.0 -505.0 0.471 0.471 0.471
v 579.0 -32.0 -478.0 0.471 0.471 0.471
v 589.0 -32.0 -478.0 1.000 1.000 1.000
v 589.0 -32.0 -505.0 1.000 1.000 1.000
v 594.0 -41.0 -503.0 0.533 0.533 0.533
v 574.0 -41.0 -503.0 0.188 0.188 0.188
v 574.0 -41.0 -476.0 0.188 0.188 0.188
v 594.0 -41.0 -476.0 0.533 0.533 0.533
v 577.0 -14.0 -503.0 0.886 0.886 0.886
v 577.0 -37.0 -503.0 0.886 0.886 0.886
v 578.0 -35.0 -505.0 0.886 0.886 0.886
v 578.0 -14.0 -505.0 0.886 0.886 0.886
v 590.0 -35.0 -505.0 0.267 0.267 0.267
v 591.0 -37.0 -503.0 0.267 0.267 0.267
v 591.0 -14.0 -503.0 0.267 0.267 0.267
v 590.0 -14.0 -505.0 0.267 0.267 0.267
v 578.0 -35.0 -505.0 0.961 0.961 0.961
v 577.0 -37.0 -503.0 0.188 0.188 0.188
v 591.0 -37.0 -503.0 0.773 0.773 0.773
v 590.0 -35.0 -505.0 0.918 0.918 0.918
v 590.0 -35.0 -478.0 0.188 0.188 0.188
v 590.0 -19.0 -478.0 0.188 0.188 0.188
v 591.0 -18.0 -478.0 0.188 0.188 0.188
v 591.0 -38.0 -478.0 0.188 0.188 0.188
v 590.0 -35.0 -478.0 0.518 0.518 0.518
v 591.0 -38.0 -478.0 0.569 0.569 0.569
v 577.0 -38.0 -478.0 0.384 0.384 0.384
v 578.0 -35.0 -478.0 0.412 0.412 0.412
v 577.0 -38.0 -478.0 0.533 0.533 0.533
v 577.0 -18.0 -478.0 0.533 0.533 0.533
v 578.0 -19.0 -478.0 0.533 0.533 0.533
v 578.0 -35.0 -478.0 0.533 0.533 0.533
v 577.0 -18.0 -478.0 0.267 0.267 0.267
v 591.0 -18.0 -478.0 0.267 0.267 0.267
v 590.0 -19.0 -478.0 0.267 0.267 0.267
v 578.0 -19.0 -478.0 0.267 0.267 0.267
v 590.0 -14.0 -505.0 0.337 0.337 0.337
v 578.0 -14.0 -505.0 0.337 0.337 0.337
v 578.0 -14.0 -524.0 0.337 0.337 0.337
v 590.0 -14.0 -524.0 0.337 0.337 0.337
v 578.0 -14.0 -524.0 0.420 0.420 0.420
v 578.0 -14.0 -505.0 0.639 0.639 0.639
v 578.0 -35.0 -505.0 0.961 0.961 0.961
v 578.0 -35.0 -524.0 0.400 0.400 0.400
v 590.0 -35.0 -524.0 0.361 0.361 0.361
v 590.0 -35.0 -505.0 0.918 0.918 0.918
v 590.0 -14.0 -505.0 0.522 0.522 0.522
v 590.0 -14.0 -524.0 0.361 0.361 0.361
v 578.0 -35.0 -524.0 1.000 1.000 1.000
v 578.0 -35.0 -505.0 1.000 1.000 1.000
v 590.0 -35.0 -505.0 1.000 1.000 1.000
v 590.0 -35.0 -524.0 1.000 1.000 1.000
v 578.0 -31.0 -505.0 0.361 0.361 0.361
v 578.0 -31.0 -524.0 0.361 0.361 0.361
v 578.0 -35.0 -524.0 0.361 0.361 0.361
v 578.0 -35.0 -505.0 0.361 0.361 0.361
v 579.0 -31.0 -505.0 1.000 1.000 1.000
v 579.0 -31.0 -524.0 1.000 1.000 1.000
v 578.0 -31.0 -524.0 0.996 0.996 0.996
v 578.0 -31.0 -505.0 0.996 0.996 0.996
v 578.0 -35.0 -524.0 0.345 0.345 0.345
v 578.0 -31.0 -524.0 0.345 0.345 0.345
v 579.0 -31.0 -524.0 0.345 0.345 0.345
v 579.0 -35.0 -524.0 0.345 0.345 0.345
v 579.0 -35.0 -524.0 0.404 0.404 0.404
v 579.0 -31.0 -524.0 0.408 0.408 0.408
v 579.0 -31.0 -505.0 0.408 0.408 0.408
v 579.0 -35.0 -505.0 0.353 0.353 0.353
v 589.0 -31.0 -505.0 0.361 0.361 0.361
v 589.0 -31.0 -524.0 0.361 0.361 0.361
v 589.0 -35.0 -524.0 0.361 0.361 0.361
v 589.0 -35.0 -505.0 0.361 0.361 0.361
v 590.0 -31.0 -505.0 0.996 0.996 0.996
v 590.0 -31.0 -524.0 0.627 0.627 0.627
v 589.0 -31.0 -524.0 0.624 0.624 0.624
v 589.0 -31.0 -505.0 0.624 0.624 0.624
v 589.0 -35.0 -524.0 0.345 0.345 0.345
v 589.0 -31.0 -524.0 0.345 0.345 0.345
v 590.0 -31.0 -524.0 0.345 0.345 0.345
v 590.0 -35.0 -524.0 0.345 0.345 0.345
v 590.0 -35.0 -524.0 0.427 0.427 0.427
v 590.0 -31.0 -524.0 0.424 0.424 0.424
v 590.0 -31.0 -505.0 0.424 0.424 0.424
v 590.0 -35.0 -505.0 0.345 0.345 0.345
v 579.0 -32.0 -521.0 0.471 0.471 0.471
v 579.0 -32.0 -505.0 0.471 0.471 0.471
v 589.0 -32.0 -505.0 1.000 1.000 1.000
v 589.0 -32.0 -521.0 0.651 0.651 0.651
v 579.0 -32.0 -522.0 0.471 0.471 0.471
v 589.0 -32.0 -522.0 0.639 0.639 0.639
v 579.0 -32.0 -522.0 0.471 0.471 0.471
v 589.0 -32.0 -522.0 0.639 0.639 0.639
v 579.0 -33.0 -523.0 0.471 0.471 0.471
v 589.0 -33.0 -523.0 0.651 0.651 0.651
v 665.0 -11.0 -446.0 0.533 0.533 0.533
v 665.0 -11.0 -472.0 0.533 0.533 0.533
v 683.0 -11.0 -459.0 0.533 0.533 0.533
v 701.0 -11.0 -472.0 0.533 0.533 0.533
v 701.0 -11.0 -446.0 0.533 0.533 0.533
v 738.0 -11.0 -472.0 0.533 0.533 0.533
v 738.0 -11.0 -446.0 0.533 0.533 0.533
v 719.0 -11.0 -460.0 0.533 0.533 0.533
v 665.0 -41.0 -472.0 0.404 0.404 0.404
v 665.0 -11.0 -472.0 0.404 0.404 0.404
v 665.0 -11.0 -446.0 0.533 0.533 0.533
v 665.0 -41.0 -446.0 0.533 0.533 0.533
v 701.0 -41.0 -472.0 0.337 0.337 0.337
v 701.0 -11.0 -472.0 0.337 0.337 0.337
v 665.0 -11.0 -472.0 0.337 0.337 0.337
v 665.0 -41.0 -472.0 0.337 0.337 0.337
v 665.0 -41.0 -446.0 0.471 0.471 0.471
v 665.0 -11.0 -446.0 0.471 0.471 0.471
v 674.0 -22.0 -446.0 0.471 0.471 0.471
v 674.0 -41.0 -446.0 0.471 0.471 0.471
v 701.0 -11.0 -446.0 0.471 0.471 0.471
v 692.0 -22.0 -446.0 0.471 0.471 0.471
v 701.0 -41.0 -446.0 0.471 0.471 0.471
v 692.0 -41.0 -446.0 0.471 0.471 0.471
v 738.0 -41.0 -446.0 0.714 0.714 0.714
v 738.0 -32.0 -446.0 0.714 0.714 0.714
v 738.0 -32.0 -454.0 0.714 0.714 0.714
v 738.0 -41.0 -454.0 0.714 0.714 0.714
v 738.0 -32.0 -446.0 0.471 0.471 0.471
v 738.0 -11.0 -446.0 0.471 0.471 0.471
v 738.0 -11.0 -454.0 0.471 0.471 0.471
v 738.0 -32.0 -454.0 0.471 0.471 0.471
v 738.0 -11.0 -454.0 0.471 0.471 0.471
v 738.0 -11.0 -472.0 0.471 0.471 0.471
v 738.0 -41.0 -472.0 0.471 0.471 0.471
v 738.0 -41.0 -454.0 0.471 0.471 0.471
v 701.0 -41.0 -446.0 0.714 0.714 0.714
v 701.0 -32.0 -446.0 0.714 0.714 0.714
v 738.0 -32.0 -446.0 0.714 0.714 0.714
v 738.0 -41.0 -446.0 0.714 0.714 0.714
v 701.0 -32.0 -446.0 0.471 0.471 0.471
v 701.0 -11.0 -446.0 0.471 0.471 0.471
v 738.0 -11.0 -446.0 0.471 0.471 0.471
v 738.0 -32.0 -446.0 0.471 0.471 0.471
v 738.0 -41.0 -472.0 0.337 0.337 0.337
v 738.0 -11.0 -472.0 0.337 0.337 0.337
v 729.0 -22.0 -472.0 0.337 0.337 0.337
v 729.0 -41.0 -472.0 0.337 0.337 0.337
v 729.0 -22.0 -472.0 0.337 0.337 0.337
v 738.0 -11.0 -472.0 0.337 0.337 0.337
v 701.0 -11.0 -472.0 0.337 0.337 0.337
v 710.0 -22.0 -472.0 0.337 0.337 0.337
v 701.0 -41.0 -472.0 0.337 0.337 0.337
v 710.0 -41.0 -472.0 0.337 0.337 0.337
v 738.0 -41.0 -454.0 0.533 0.533 0.533
v 738.0 -41.0 -472.0 0.533 0.533 0.533
v 729.0 -41.0 -472.0 0.533 0.533 0.533
v 701.0 -41.0 -446.0 0.533 0.533 0.533
v 710.0 -41.0 -472.0 0.533 0.533 0.533
v 665.0 -41.0 -472.0 0.533 0.533 0.533
v 701.0 -41.0 -446.0 0.714 0.714 0.714
v 738.0 -41.0 -454.0 0.714 0.714 0.714
v 729.0 -41.0 -472.0 1.000 1.000 1.000
v 710.0 -41.0 -472.0 1.000 1.000 1.000
v 701.0 -41.0 -446.0 0.714 0.714 0.714
v 738.0 -41.0 -446.0 0.714 0.714 0.714
v 738.0 -41.0 -454.0 0.714 0.714 0.714
v 665.0 -41.0 -446.0 0.533 0.533 0.533
v 701.0 -41.0 -446.0 0.533 0.533 0.533
v 665.0 -41.0 -472.0 0.533 0.533 0.533
v 705.0 55.0 -493.0 0.678 0.678 0.678
v 723.0 68.0 -488.0 1.000 1.000 1.000
v 732.0 55.0 -493.0 0.604 0.604 0.604
v 737.0 55.0 -493.0 0.678 0.678 0.678
v 755.0 68.0 -488.0 1.000 1.000 1.000
v 764.0 55.0 -493.0 0.604 0.604 0.604
v 673.0 55.0 -493.0 0.678 0.678 0.678
v 691.0 68.0 -488.0 1.000 1.000 1.000
v 700.0 55.0 -493.0 0.604 0.604 0.604
v 768.0 55.0 -493.0 0.678 0.678 0.678
v 787.0 68.0 -488.0 1.000 1.000 1.000
v 796.0 55.0 -493.0 0.604 0.604 0.604
v 800.0 55.0 -493.0 0.678 0.678 0.678
v 819.0 68.0 -488.0 1.000 1.000 1.000
v 828.0 55.0 -493.0 0.604 0.604 0.604
v 832.0 55.0 -493.0 0.678 0.678 0.678
v 850.0 68.0 -488.0 1.000 1.000 1.000
v 860.0 55.0 -493.0 0.506 0.506 0.506
v 773.0 64.0 -215.0 0.773 0.773 0.773
v 667.0 64.0 -215.0 0.773 0.773 0.773
v 658.0 71.0 -165.0 0.773 0.773 0.773
v 808.0 89.0 -127.0 0.886 0.886 0.886
v 917.0 64.0 -215.0 0.773 0.773 0.773
v 653.0 305.0 -192.0 0.773 0.773 0.773
v 907.0 282.0 -164.0 0.345 0.345 0.345
v 483.0 89.0 -360.0 0.345 0.345 0.345
v 464.0 107.0 -408.0 0.835 0.792 0.737
v 488.0 295.0 -384.0 0.345 0.345 0.345
v 490.0 -59.0 -426.0 0.835 0.792 0.737
v 494.0 -59.0 -310.0 0.835 0.792 0.737
v 500.0 64.0 -276.0 0.106 0.106 0.106
v 500.0 64.0 -276.0 0.106 0.106 0.106
v 483.0 89.0 -360.0 0.345 0.345 0.345
v 512.0 89.0 -293.0 0.106 0.106 0.106
v 574.0 64.0 -234.0 0.835 0.792 0.737
v 500.0 64.0 -276.0 0.106 0.106 0.106
v 512.0 89.0 -293.0 0.106 0.106 0.106
v 566.0 89.0 -212.0 0.443 0.443 0.443
v 667.0 64.0 -215.0 0.835 0.792 0.737
v 658.0 71.0 -165.0 0.835 0.792 0.737
v 488.0 295.0 -384.0 0.345 0.345 0.345
v 550.0 299.0 -244.0 0.106 0.106 0.106
v 550.0 299.0 -244.0 0.106 0.106 0.106
v 653.0 305.0 -192.0 0.773 0.773 0.773
v 665.0 55.0 -519.0 0.345 0.345 0.345
v 565.0 55.0 -519.0 0.357 0.357 0.357
v 565.0 164.0 -519.0 0.725 0.773 0.847
v 665.0 55.0 -519.0 0.345 0.345 0.345
v 565.0 164.0 -519.0 0.725 0.773 0.847
v 665.0 164.0 -519.0 0.725 0.773 0.847
v 665.0 55.0 -519.0 0.337 0.337 0.337
v 665.0 164.0 -519.0 0.337 0.337 0.337
v 665.0 164.0 -214.0 0.337 0.337 0.337
v 665.0 55.0 -214.0 0.337 0.337 0.337
v 565.0 55.0 -437.0 0.831 0.831 0.831
v 565.0 164.0 -437.0 0.831 0.831 0.831
v 565.0 164.0 -519.0 0.831 0.831 0.831
v 565.0 55.0 -519.0 0.831 0.831 0.831
v 494.0 55.0 -437.0 0.345 0.345 0.345
v 494.0 164.0 -437.0 0.725 0.773 0.847
v 565.0 164.0 -437.0 0.725 0.773 0.847
v 565.0 55.0 -437.0 0.357 0.357 0.357
v 665.0 55.0 -519.0 0.345 0.345 0.345
v 565.0 55.0 -519.0 0.357 0.357 0.357
v 565.0 164.0 -519.0 0.725 0.773 0.847
v 665.0 164.0 -519.0 0.725 0.773 0.847
v 665.0 55.0 -519.0 0.337 0.337 0.337
v 665.0 164.0 -519.0 0.337 0.337 0.337
v 665.0 164.0 -214.0 0.337 0.337 0.337
v 665.0 55.0 -214.0 0.337 0.337 0.337
v 494.0 55.0 -437.0 0.345 0.345 0.345
v 494.0 164.0 -437.0 0.725 0.773 0.847
v 565.0 164.0 -437.0 0.725 0.773 0.847
v 565.0 55.0 -437.0 0.357 0.357 0.357
v 1182.0 55.0 -428.0 0.345 0.345 0.345
v 1189.0 55.0 -428.0 0.345 0.345 0.345
v 1189.0 258.0 -428.0 0.345 0.345 0.345
v 1182.0 180.0 -428.0 0.345 0.345 0.345
v 1093.0 258.0 -428.0 0.357 0.357 0.357
v 1101.0 180.0 -428.0 0.353 0.353 0.353
v 1093.0 55.0 -428.0 0.361 0.361 0.361
v 1101.0 55.0 -428.0 0.357 0.357 0.357
v 1093.0 55.0 -428.0 0.714 0.714 0.714
v 1093.0 116.0 -428.0 0.714 0.714 0.714
v 1093.0 178.0 -464.0 0.714 0.714 0.714
v 1093.0 178.0 -524.0 0.714 0.714 0.714
v 1093.0 55.0 -524.0 0.714 0.714 0.714
v 1093.0 116.0 -428.0 0.404 0.404 0.404
v 1093.0 178.0 -428.0 0.404 0.404 0.404
v 1093.0 178.0 -464.0 0.404 0.404 0.404
v 1093.0 178.0 -428.0 0.714 0.714 0.714
v 1093.0 258.0 -428.0 0.714 0.714 0.714
v 1093.0 258.0 -524.0 0.714 0.714 0.714
v 1093.0 178.0 -524.0 0.714 0.714 0.714
v 1189.0 55.0 -524.0 0.533 0.533 0.533
v 1093.0 55.0 -524.0 0.533 0.533 0.533
v 1093.0 258.0 -524.0 0.533 0.533 0.533
v 1189.0 258.0 -524.0 0.533 0.533 0.533
v 1189.0 55.0 -428.0 0.404 0.404 0.404
v 1189.0 55.0 -524.0 0.404 0.404 0.404
v 1189.0 258.0 -524.0 0.404 0.404 0.404
v 1189.0 258.0 -428.0 0.404 0.404 0.404
v 1023.0 55.0 -493.0 0.678 0.678 0.678
v 1042.0 68.0 -488.0 1.000 1.000 1.000
v 1051.0 55.0 -493.0 0.604 0.604 0.604
v 992.0 55.0 -493.0 0.678 0.678 0.678
v 1010.0 68.0 -488.0 1.000 1.000 1.000
v 1019.0 55.0 -493.0 0.604 0.604 0.604
v 960.0 55.0 -493.0 0.678 0.678 0.678
v 978.0 68.0 -488.0 1.000 1.000 1.000
v 987.0 55.0 -493.0 0.604 0.604 0.604
v 928.0 55.0 -493.0 0.678 0.678 0.678
v 946.0 68.0 -488.0 1.000 1.000 1.000
v 955.0 55.0 -493.0 0.604 0.604 0.604
v 896.0 55.0 -493.0 0.678 0.678 0.678
v 914.0 68.0 -488.0 1.000 1.000 1.000
v 923.0 55.0 -493.0 0.604 0.604 0.604
v 864.0 55.0 -493.0 0.678 0.678 0.678
v 882.0 68.0 -488.0 1.000 1.000 1.000
v 891.0 55.0 -493.0 0.604 0.604 0.604
v 1055.0 55.0 -493.0 0.678 0.678 0.678
v 1074.0 68.0 -488.0 1.000 1.000 1.000
v 1083.0 55.0 -493.0 0.604 0.604 0.604
v 1182.0 86.0 -428.0 0.345 0.345 0.345
v 1182.0 117.0 -428.0 0.345 0.345 0.345
v 1182.0 117.0 -323.0 0.345 0.345 0.345
v 1182.0 86.0 -323.0 0.345 0.345 0.345
v 1182.0 149.0 -428.0 0.345 0.345 0.345
v 1182.0 180.0 -428.0 0.345 0.345 0.345
v 1182.0 180.0 -323.0 0.345 0.345 0.345
v 1182.0 149.0 -323.0 0.345 0.345 0.345
v 1138.0 237.0 -524.0 0.345 0.345 0.345
v 1134.0 250.0 -528.0 0.655 0.655 0.655
v 1193.0 250.0 -528.0 0.635 0.635 0.635
v 1189.0 237.0 -524.0 0.345 0.345 0.345
v 1193.0 250.0 -528.0 0.635 0.635 0.635
v 1193.0 250.0 -469.0 0.635 0.635 0.635
v 1189.0 237.0 -474.0 0.345 0.345 0.345
v 1189.0 237.0 -524.0 0.345 0.345 0.345
v 1020.0 159.0 -428.0 0.345 0.345 0.345
v 1093.0 159.0 -428.0 0.345 0.345 0.345
v 1093.0 133.0 -428.0 0.345 0.345 0.345
v 1020.0 133.0 -428.0 0.345 0.345 0.345
v 979.0 133.0 -428.0 0.235 0.235 0.235
v 979.0 159.0 -428.0 0.235 0.235 0.235
v 1020.0 159.0 -428.0 0.235 0.235 0.235
v 1020.0 133.0 -428.0 0.235 0.235 0.235
v 1020.0 107.0 -428.0 0.345 0.345 0.345
v 1093.0 107.0 -428.0 0.345 0.345 0.345
v 1093.0 81.0 -428.0 0.345 0.345 0.345
v 1020.0 81.0 -428.0 0.345 0.345 0.345
v 979.0 81.0 -428.0 0.235 0.235 0.235
v 979.0 107.0 -428.0 0.235 0.235 0.235
v 1020.0 107.0 -428.0 0.235 0.235 0.235
v 1020.0 81.0 -428.0 0.235 0.235 0.235
v 1093.0 178.0 -437.0 0.345 0.345 0.345
v 1093.0 200.0 -437.0 0.361 0.361 0.361
v 979.0 200.0 -437.0 0.725 0.773 0.847
v 979.0 178.0 -437.0 0.725 0.773 0.847
v 979.0 178.0 -437.0 0.267 0.267 0.267
v 979.0 178.0 -464.0 0.267 0.267 0.267
v 1093.0 178.0 -464.0 0.345 0.345 0.345
v 1093.0 178.0 -437.0 0.345 0.345 0.345
v 979.0 178.0 -464.0 0.471 0.471 0.471
v 979.0 200.0 -464.0 0.471 0.471 0.471
v 1093.0 200.0 -464.0 0.831 0.831 0.831
v 1093.0 178.0 -464.0 0.831 0.831 0.831
v 1134.0 250.0 -528.0 1.000 1.000 1.000
v 1138.0 255.0 -524.0 1.000 1.000 1.000
v 1189.0 255.0 -524.0 1.000 1.000 1.000
v 1193.0 250.0 -528.0 1.000 1.000 1.000
v 1193.0 250.0 -528.0 1.000 1.000 1.000
v 1189.0 255.0 -524.0 1.000 1.000 1.000
v 1189.0 255.0 -474.0 1.000 1.000 1.000
v 1193.0 250.0 -469.0 1.000 1.000 1.000
v 1193.0 250.0 -469.0 0.635 0.635 0.635
v 1189.0 250.0 -469.0 0.478 0.478 0.478
v 1189.0 237.0 -474.0 0.345 0.345 0.345
v 1189.0 255.0 -474.0 0.749 0.749 0.749
v 1134.0 250.0 -524.0 0.498 0.498 0.498
v 1138.0 255.0 -524.0 0.769 0.769 0.769
v 1134.0 250.0 -528.0 0.655 0.655 0.655
v 1134.0 250.0 -524.0 0.404 0.404 0.404
v 1134.0 250.0 -528.0 0.404 0.404 0.404
v 1138.0 237.0 -524.0 0.404 0.404 0.404
v 979.0 55.0 -428.0 0.337 0.337 0.337
v 979.0 55.0 -474.0 0.337 0.337 0.337
v 979.0 173.0 -474.0 0.337 0.337 0.337
v 979.0 173.0 -428.0 0.337 0.337 0.337
v 979.0 178.0 -437.0 0.337 0.337 0.337
v 979.0 178.0 -464.0 0.337 0.337 0.337
v 979.0 200.0 -437.0 0.337 0.337 0.337
v 979.0 205.0 -428.0 0.337 0.337 0.337
v 979.0 200.0 -464.0 0.337 0.337 0.337
v 979.0 205.0 -474.0 0.337 0.337 0.337
v 943.0 173.0 -428.0 0.941 0.941 0.941
v 961.0 205.0 -428.0 0.941 0.941 0.941
v 961.0 205.0 -474.0 0.941 0.941 0.941
v 943.0 173.0 -428.0 0.941 0.941 0.941
v 961.0 205.0 -474.0 0.941 0.941 0.941
v 943.0 173.0 -474.0 0.941 0.941 0.941
v 943.0 55.0 -428.0 0.714 0.714 0.714
v 943.0 173.0 -428.0 0.714 0.714 0.714
v 943.0 173.0 -474.0 0.714 0.714 0.714
v 943.0 55.0 -474.0 0.714 0.714 0.714
v 943.0 173.0 -474.0 0.471 0.471 0.471
v 961.0 205.0 -474.0 0.471 0.471 0.471
v 979.0 205.0 -474.0 0.471 0.471 0.471
v 979.0 173.0 -474.0 0.471 0.471 0.471
v 943.0 55.0 -474.0 0.357 0.357 0.357
v 979.0 55.0 -474.0 0.345 0.345 0.345
v 1094.0 258.0 -523.0 0.353 0.353 0.353
v 1094.0 264.0 -523.0 0.357 0.357 0.357
v 1187.0 264.0 -523.0 0.345 0.345 0.345
v 1094.0 258.0 -523.0 0.353 0.353 0.353
v 1187.0 264.0 -523.0 0.345 0.345 0.345
v 1187.0 258.0 -523.0 0.345 0.345 0.345
v 1187.0 264.0 -429.0 0.345 0.345 0.345
v 1187.0 258.0 -429.0 0.345 0.345 0.345
v 1094.0 264.0 -523.0 0.357 0.357 0.357
v 1094.0 258.0 -429.0 0.357 0.357 0.357
v 1094.0 264.0 -429.0 0.357 0.357 0.357
v 1116.0 64.0 -215.0 0.835 0.792 0.737
v 1021.0 124.0 -181.0 0.886 0.886 0.886
v 1171.0 89.0 -183.0 0.573 0.573 0.573
v 1189.0 -59.0 -214.0 0.267 0.267 0.267
v 1135.0 329.0 -99.0 0.584 0.584 0.584
v 917.0 64.0 -215.0 0.773 0.773 0.773
v 808.0 89.0 -127.0 0.886 0.886 0.886
v 907.0 282.0 -164.0 0.345 0.345 0.345
v 1182.0 55.0 -428.0 0.345 0.345 0.345
v 1182.0 86.0 -428.0 0.345 0.345 0.345
v 1182.0 86.0 -323.0 0.345 0.345 0.345
v 1182.0 55.0 -323.0 0.345 0.345 0.345
v 1182.0 117.0 -428.0 0.345 0.345 0.345
v 1182.0 149.0 -428.0 0.345 0.345 0.345
v 1182.0 149.0 -323.0 0.345 0.345 0.345
v 1182.0 117.0 -323.0 0.345 0.345 0.345
v 1101.0 55.0 -323.0 0.773 0.773 0.773
v 1101.0 180.0 -323.0 0.773 0.773 0.773
v 1101.0 180.0 -428.0 0.773 0.773 0.773
v 1101.0 55.0 -428.0 0.773 0.773 0.773
v 1189.0 55.0 -323.0 0.345 0.345 0.345
v 1189.0 228.0 -323.0 0.345 0.345 0.345
v 1189.0 228.0 -214.0 0.345 0.345 0.345
v 1189.0 55.0 -214.0 0.345 0.345 0.345
v 1182.0 55.0 -323.0 0.533 0.533 0.533
v 1182.0 180.0 -323.0 0.533 0.533 0.533
v 1189.0 228.0 -323.0 0.533 0.533 0.533
v 1189.0 55.0 -323.0 0.533 0.533 0.533
v 1101.0 180.0 -323.0 0.533 0.533 0.533
v 1093.0 228.0 -323.0 0.533 0.533 0.533
v 1093.0 180.0 -323.0 0.996 0.996 0.996
v 1093.0 180.0 -214.0 0.655 0.655 0.655
v 1093.0 228.0 -214.0 0.773 0.773 0.773
v 1093.0 228.0 -323.0 0.773 0.773 0.773
v 1093.0 180.0 -323.0 0.655 0.655 0.655
v 1093.0 132.0 -214.0 0.655 0.655 0.655
v 1093.0 180.0 -214.0 0.655 0.655 0.655
v 1093.0 180.0 -323.0 0.655 0.655 0.655
v 1093.0 132.0 -323.0 0.655 0.655 0.655
v 1093.0 180.0 -323.0 0.996 0.996 0.996
v 1101.0 180.0 -323.0 0.655 0.655 0.655
v 1101.0 132.0 -323.0 0.996 0.996 0.996
v 1093.0 132.0 -323.0 0.996 0.996 0.996
v 1020.0 133.0 -428.0 0.345 0.345 0.345
v 1093.0 133.0 -428.0 0.345 0.345 0.345
v 1093.0 107.0 -428.0 0.345 0.345 0.345
v 1020.0 107.0 -428.0 0.345 0.345 0.345
v 979.0 107.0 -428.0 0.235 0.235 0.235
v 979.0 133.0 -428.0 0.235 0.235 0.235
v 1020.0 133.0 -428.0 0.235 0.235 0.235
v 1020.0 107.0 -428.0 0.235 0.235 0.235
v 1020.0 81.0 -428.0 0.345 0.345 0.345
v 1093.0 81.0 -428.0 0.345 0.345 0.345
v 1093.0 55.0 -428.0 0.345 0.345 0.345
v 1020.0 55.0 -428.0 0.345 0.345 0.345
v 979.0 55.0 -428.0 0.235 0.235 0.235
v 979.0 81.0 -428.0 0.235 0.235 0.235
v 1020.0 81.0 -428.0 0.235 0.235 0.235
v 1020.0 55.0 -428.0 0.235 0.235 0.235
v 947.0 55.0 -214.0 0.714 0.714 0.714
v 947.0 159.0 -214.0 0.714 0.714 0.714
v 947.0 159.0 -428.0 0.714 0.714 0.714
v 947.0 55.0 -428.0 0.714 0.714 0.714
v 1093.0 55.0 -428.0 0.714 0.714 0.714
v 1093.0 116.0 -428.0 0.714 0.714 0.714
v 1093.0 178.0 -464.0 0.714 0.714 0.714
v 1093.0 178.0 -524.0 0.714 0.714 0.714
v 1093.0 55.0 -524.0 0.714 0.714 0.714
v 1093.0 116.0 -428.0 0.404 0.404 0.404
v 1093.0 178.0 -428.0 0.404 0.404 0.404
v 1093.0 178.0 -464.0 0.404 0.404 0.404
v 1093.0 178.0 -428.0 0.714 0.714 0.714
v 1093.0 258.0 -428.0 0.714 0.714 0.714
v 1093.0 258.0 -524.0 0.714 0.714 0.714
v 1189.0 55.0 -524.0 0.533 0.533 0.533
v 1093.0 55.0 -524.0 0.533 0.533 0.533
v 1093.0 258.0 -524.0 0.533 0.533 0.533
v 1189.0 258.0 -524.0 0.533 0.533 0.533
v 1189.0 55.0 -428.0 0.404 0.404 0.404
v 1189.0 55.0 -524.0 0.404 0.404 0.404
v 1189.0 258.0 -524.0 0.404 0.404 0.404
v 1189.0 258.0 -428.0 0.404 0.404 0.404
v 943.0 173.0 -474.0 0.471 0.471 0.471
v 961.0 205.0 -474.0 0.471 0.471 0.471
v 979.0 205.0 -474.0 0.471 0.471 0.471
v 979.0 173.0 -474.0 0.471 0.471 0.471
v 943.0 55.0 -474.0 0.357 0.357 0.357
v 979.0 55.0 -474.0 0.345 0.345 0.345
v 934.0 -41.0 -524.0 0.357 0.357 0.357
v 934.0 9.0 -524.0 0.733 0.733 0.733
v 934.0 9.0 -528.0 0.733 0.733 0.733
v 934.0 -59.0 -528.0 1.000 1.000 1.000
v 1093.0 9.0 -528.0 0.722 0.722 0.722
v 1093.0 9.0 -524.0 0.831 0.831 0.831
v 1093.0 -41.0 -524.0 0.345 0.345 0.345
v 1093.0 -59.0 -528.0 1.000 1.000 1.000
v 1093.0 -59.0 -524.0 0.941 0.941 0.941
v 934.0 -59.0 -524.0 0.949 0.949 0.949
v 906.0 -41.0 -524.0 0.345 0.345 0.345
v 906.0 -59.0 -524.0 0.761 0.761 0.761
v 833.0 -59.0 -524.0 1.000 1.000 1.000
v 760.0 -41.0 -524.0 0.843 0.843 0.843
v 934.0 -41.0 -524.0 0.357 0.357 0.357
v 934.0 -59.0 -524.0 0.949 0.949 0.949
v 1093.0 -41.0 -524.0 0.345 0.345 0.345
v 1189.0 -41.0 -524.0 0.345 0.345 0.345
v 1189.0 -59.0 -524.0 1.000 1.000 1.000
v 1093.0 -59.0 -524.0 0.941 0.941 0.941
v 1189.0 -41.0 -378.0 0.345 0.345 0.345
v 1189.0 -41.0 -214.0 0.345 0.345 0.345
v 1189.0 -59.0 -214.0 0.345 0.345 0.345
v 1189.0 -59.0 -524.0 1.000 1.000 1.000
v 1189.0 -41.0 -524.0 0.345 0.345 0.345
v 838.0 9.0 -524.0 0.533 0.533 0.533
v 906.0 55.0 -524.0 0.533 0.533 0.533
v 906.0 -41.0 -524.0 0.533 0.533 0.533
v 881.0 -22.0 -524.0 0.533 0.533 0.533
v 705.0 -8.0 -524.0 0.337 0.337 0.337
v 700.0 9.0 -524.0 0.337 0.337 0.337
v 838.0 9.0 -524.0 0.337 0.337 0.337
v 705.0 -8.0 -524.0 0.337 0.337 0.337
v 838.0 9.0 -524.0 0.337 0.337 0.337
v 743.0 -8.0 -524.0 0.337 0.337 0.337
v 700.0 9.0 -524.0 0.533 0.533 0.533
v 688.0 55.0 -524.0 0.533 0.533 0.533
v 838.0 9.0 -524.0 0.533 0.533 0.533
v 906.0 55.0 -524.0 0.533 0.533 0.533
v 632.0 -8.0 -524.0 0.337 0.337 0.337
v 627.0 9.0 -524.0 0.337 0.337 0.337
v 675.0 9.0 -524.0 0.337 0.337 0.337
v 671.0 -8.0 -524.0 0.337 0.337 0.337
v 627.0 9.0 -524.0 0.533 0.533 0.533
v 615.0 55.0 -524.0 0.533 0.533 0.533
v 675.0 9.0 -524.0 0.533 0.533 0.533
v 560.0 -59.0 -524.0 0.533 0.533 0.533
v 560.0 -22.0 -524.0 0.533 0.533 0.533
v 578.0 -22.0 -524.0 0.533 0.533 0.533
v 578.0 -35.0 -524.0 0.533 0.533 0.533
v 560.0 9.0 -524.0 0.533 0.533 0.533
v 560.0 9.0 -524.0 0.337 0.337 0.337
v 571.0 9.0 -524.0 0.337 0.337 0.337
v 578.0 -14.0 -524.0 0.337 0.337 0.337
v 578.0 -22.0 -524.0 0.337 0.337 0.337
v 560.0 55.0 -524.0 0.533 0.533 0.533
v 571.0 9.0 -524.0 0.533 0.533 0.533
v 590.0 -35.0 -524.0 0.533 0.533 0.533
v 597.0 -41.0 -524.0 0.533 0.533 0.533
v 597.0 -59.0 -524.0 0.533 0.533 0.533
v 906.0 -41.0 -524.0 0.533 0.533 0.533
v 906.0 55.0 -524.0 0.533 0.533 0.533
v 934.0 9.0 -524.0 0.533 0.533 0.533
v 934.0 -41.0 -524.0 0.533 0.533 0.533
v 1093.0 55.0 -524.0 0.533 0.533 0.533
v 1093.0 9.0 -524.0 0.533 0.533 0.533
v 934.0 9.0 -524.0 0.533 0.533 0.533
v 906.0 55.0 -524.0 0.533 0.533 0.533
v 1093.0 -41.0 -524.0 0.533 0.533 0.533
v 1093.0 9.0 -524.0 0.533 0.533 0.533
v 1189.0 55.0 -524.0 0.533 0.533 0.533
v 1189.0 -41.0 -524.0 0.533 0.533 0.533
v 1093.0 55.0 -524.0 0.533 0.533 0.533
v 615.0 55.0 -524.0 0.533 0.533 0.533
v 627.0 9.0 -524.0 0.533 0.533 0.533
v 599.0 9.0 -524.0 0.533 0.533 0.533
v 627.0 9.0 -524.0 0.337 0.337 0.337
v 632.0 -8.0 -524.0 0.337 0.337 0.337
v 632.0 -22.0 -524.0 0.337 0.337 0.337
v 590.0 -22.0 -524.0 0.337 0.337 0.337
v 590.0 -14.0 -524.0 0.337 0.337 0.337
v 599.0 9.0 -524.0 0.337 0.337 0.337
v 632.0 -22.0 -524.0 0.533 0.533 0.533
v 632.0 -41.0 -524.0 0.533 0.533 0.533
v 597.0 -41.0 -524.0 0.533 0.533 0.533
v 590.0 -35.0 -524.0 0.533 0.533 0.533
v 590.0 -22.0 -524.0 0.533 0.533 0.533
v 675.0 9.0 -524.0 0.533 0.533 0.533
v 688.0 55.0 -524.0 0.533 0.533 0.533
v 700.0 9.0 -524.0 0.533 0.533 0.533
v 700.0 9.0 -524.0 0.337 0.337 0.337
v 705.0 -8.0 -524.0 0.337 0.337 0.337
v 671.0 -8.0 -524.0 0.337 0.337 0.337
v 675.0 9.0 -524.0 0.337 0.337 0.337
v 705.0 -22.0 -524.0 0.337 0.337 0.337
v 671.0 -22.0 -524.0 0.337 0.337 0.337
v 705.0 -22.0 -524.0 0.533 0.533 0.533
v 705.0 -41.0 -524.0 0.533 0.533 0.533
v 671.0 -41.0 -524.0 0.533 0.533 0.533
v 671.0 -22.0 -524.0 0.533 0.533 0.533
v 590.0 -14.0 -524.0 0.337 0.337 0.337
v 578.0 -14.0 -524.0 0.337 0.337 0.337
v 571.0 9.0 -524.0 0.337 0.337 0.337
v 599.0 9.0 -524.0 0.337 0.337 0.337
v 571.0 9.0 -524.0 0.533 0.533 0.533
v 560.0 55.0 -524.0 0.533 0.533 0.533
v 615.0 55.0 -524.0 0.533 0.533 0.533
v 599.0 9.0 -524.0 0.533 0.533 0.533
v 743.0 -41.0 -524.0 0.533 0.533 0.533
v 743.0 -22.0 -524.0 0.533 0.533 0.533
v 881.0 -22.0 -524.0 0.533 0.533 0.533
v 906.0 -41.0 -524.0 0.533 0.533 0.533
v 743.0 -22.0 -524.0 0.337 0.337 0.337
v 743.0 -8.0 -524.0 0.337 0.337 0.337
v 838.0 9.0 -524.0 0.337 0.337 0.337
v 881.0 -22.0 -524.0 0.337 0.337 0.337
v 490.0 -59.0 -442.0 0.267 0.267 0.267
v 490.0 55.0 -442.0 0.533 0.533 0.533
v 560.0 55.0 -442.0 0.533 0.533 0.533
v 560.0 -59.0 -442.0 0.267 0.267 0.267
v 560.0 -59.0 -442.0 0.533 0.533 0.533
v 560.0 55.0 -442.0 0.533 0.533 0.533
v 560.0 55.0 -524.0 0.533 0.533 0.533
v 560.0 -59.0 -524.0 0.533 0.533 0.533
v 1189.0 -41.0 -524.0 0.345 0.345 0.345
v 1189.0 55.0 -524.0 0.345 0.345 0.345
v 1189.0 55.0 -214.0 0.345 0.345 0.345
v 1189.0 -41.0 -214.0 0.345 0.345 0.345
v 1011.0 5.0 -524.0 0.655 0.655 0.655
v 1011.0 -11.0 -524.0 0.655 0.655 0.655
v 974.0 -11.0 -524.0 0.655 0.655 0.655
v 974.0 5.0 -524.0 0.655 0.655 0.655
v 974.0 5.0 -524.0 0.655 0.655 0.655
v 974.0 -11.0 -524.0 0.655 0.655 0.655
v 938.0 -11.0 -524.0 0.655 0.655 0.655
v 938.0 5.0 -524.0 0.655 0.655 0.655
v 1052.0 5.0 -524.0 0.655 0.655 0.655
v 1052.0 -11.0 -524.0 0.655 0.655 0.655
v 1015.0 -11.0 -524.0 0.655 0.655 0.655
v 1015.0 5.0 -524.0 0.655 0.655 0.655
v 1088.0 5.0 -524.0 0.655 0.655 0.655
v 1088.0 -11.0 -524.0 0.655 0.655 0.655
v 1052.0 -11.0 -524.0 0.655 0.655 0.655
v 1052.0 5.0 -524.0 0.655 0.655 0.655
v 1011.0 -11.0 -524.0 0.655 0.655 0.655
v 1011.0 -27.0 -524.0 0.655 0.655 0.655
v 974.0 -27.0 -524.0 0.655 0.655 0.655
v 974.0 -11.0 -524.0 0.655 0.655 0.655
v 974.0 -11.0 -524.0 0.655 0.655 0.655
v 974.0 -27.0 -524.0 0.655 0.655 0.655
v 938.0 -27.0 -524.0 0.655 0.655 0.655
v 938.0 -11.0 -524.0 0.655 0.655 0.655
v 1052.0 -11.0 -524.0 0.655 0.655 0.655
v 1052.0 -27.0 -524.0 0.655 0.655 0.655
v 1015.0 -27.0 -524.0 0.655 0.655 0.655
v 1015.0 -11.0 -524.0 0.655 0.655 0.655
v 1088.0 -11.0 -524.0 0.655 0.655 0.655
v 1088.0 -27.0 -524.0 0.655 0.655 0.655
v 1052.0 -27.0 -524.0 0.655 0.655 0.655
v 1052.0 -11.0 -524.0 0.655 0.655 0.655
v 1011.0 -27.0 -524.0 0.655 0.655 0.655
v 1011.0 -43.0 -524.0 0.655 0.655 0.655
v 974.0 -43.0 -524.0 0.655 0.655 0.655
v 974.0 -27.0 -524.0 0.655 0.655 0.655
v 974.0 -27.0 -524.0 0.655 0.655 0.655
v 974.0 -43.0 -524.0 0.655 0.655 0.655
v 938.0 -43.0 -524.0 0.655 0.655 0.655
v 938.0 -27.0 -524.0 0.655 0.655 0.655
v 1052.0 -27.0 -524.0 0.655 0.655 0.655
v 1052.0 -43.0 -524.0 0.655 0.655 0.655
v 1015.0 -43.0 -524.0 0.655 0.655 0.655
v 1015.0 -27.0 -524.0 0.655 0.655 0.655
v 1088.0 -27.0 -524.0 0.655 0.655 0.655
v 1088.0 -43.0 -524.0 0.655 0.655 0.655
v 1052.0 -43.0 -524.0 0.655 0.655 0.655
v 1052.0 -27.0 -524.0 0.655 0.655 0.655
v 1011.0 -43.0 -524.0 0.655 0.655 0.655
v 1011.0 -59.0 -524.0 0.655 0.655 0.655
v 974.0 -59.0 -524.0 0.655 0.655 0.655
v 974.0 -43.0 -524.0 0.655 0.655 0.655
v 974.0 -43.0 -524.0 0.655 0.655 0.655
v 974.0 -59.0 -524.0 0.655 0.655 0.655
v 938.0 -59.0 -524.0 0.655 0.655 0.655
v 938.0 -43.0 -524.0 0.655 0.655 0.655
v 1052.0 -43.0 -524.0 0.655 0.655 0.655
v 1052.0 -59.0 -524.0 0.655 0.655 0.655
v 1015.0 -59.0 -524.0 0.655 0.655 0.655
v 1015.0 -43.0 -524.0 0.655 0.655 0.655
v 1088.0 -43.0 -524.0 0.655 0.655 0.655
v 1088.0 -59.0 -524.0 0.655 0.655 0.655
v 1052.0 -59.0 -524.0 0.655 0.655 0.655
v 1052.0 -43.0 -524.0 0.655 0.655 0.655
v 934.0 -59.0 -528.0 1.000 1.000 1.000
v 934.0 9.0 -528.0 0.733 0.733 0.733
v 938.0 5.0 -528.0 0.345 0.345 0.345
v 938.0 -59.0 -528.0 1.000 1.000 1.000
v 938.0 5.0 -528.0 0.345 0.345 0.345
v 934.0 9.0 -528.0 0.733 0.733 0.733
v 1013.0 9.0 -528.0 0.855 0.855 0.855
v 1011.0 5.0 -528.0 0.345 0.345 0.345
v 1011.0 5.0 -528.0 0.345 0.345 0.345
v 1015.0 5.0 -528.0 0.345 0.345 0.345
v 1015.0 -59.0 -528.0 1.000 1.000 1.000
v 1011.0 -59.0 -528.0 1.000 1.000 1.000
v 938.0 -59.0 -528.0 1.000 1.000 1.000
v 938.0 5.0 -528.0 0.345 0.345 0.345
v 938.0 5.0 -524.0 0.345 0.345 0.345
v 938.0 -59.0 -524.0 1.000 1.000 1.000
v 938.0 5.0 -524.0 0.345 0.345 0.345
v 938.0 5.0 -528.0 0.345 0.345 0.345
v 1011.0 5.0 -528.0 0.345 0.345 0.345
v 1011.0 5.0 -524.0 0.345 0.345 0.345
v 1011.0 5.0 -524.0 0.345 0.345 0.345
v 1011.0 5.0 -528.0 0.345 0.345 0.345
v 1011.0 -59.0 -528.0 1.000 1.000 1.000
v 1011.0 -59.0 -524.0 1.000 1.000 1.000
v 1015.0 5.0 -528.0 0.345 0.345 0.345
v 1011.0 5.0 -528.0 0.345 0.345 0.345
v 1013.0 9.0 -528.0 0.855 0.855 0.855
v 1093.0 9.0 -528.0 0.722 0.722 0.722
v 1088.0 5.0 -528.0 0.345 0.345 0.345
v 1088.0 5.0 -528.0 0.345 0.345 0.345
v 1093.0 9.0 -528.0 0.722 0.722 0.722
v 1093.0 -59.0 -528.0 1.000 1.000 1.000
v 1088.0 -59.0 -528.0 1.000 1.000 1.000
v 1088.0 -59.0 -524.0 1.000 1.000 1.000
v 1088.0 5.0 -524.0 0.345 0.345 0.345
v 1088.0 5.0 -528.0 0.345 0.345 0.345
v 1088.0 -59.0 -528.0 1.000 1.000 1.000
v 1088.0 5.0 -528.0 0.345 0.345 0.345
v 1088.0 5.0 -524.0 0.345 0.345 0.345
v 1015.0 5.0 -524.0 0.345 0.345 0.345
v 1088.0 5.0 -528.0 0.345 0.345 0.345
v 1015.0 5.0 -524.0 0.345 0.345 0.345
v 1015.0 5.0 -528.0 0.345 0.345 0.345
v 1015.0 5.0 -528.0 0.345 0.345 0.345
v 1015.0 5.0 -524.0 0.345 0.345 0.345
v 1015.0 -59.0 -524.0 1.000 1.000 1.000
v 1015.0 -59.0 -528.0 1.000 1.000 1.000
v 612.0 -13.0 -524.0 0.471 0.471 0.471
v 614.0 -18.0 -524.0 0.471 0.471 0.471
v 609.0 -18.0 -524.0 0.471 0.471 0.471
v 689.0 -13.0 -524.0 0.471 0.471 0.471
v 692.0 -18.0 -524.0 0.471 0.471 0.471
v 686.0 -18.0 -524.0 0.471 0.471 0.471
v 578.0 -35.0 -524.0 1.000 1.000 1.000
v 560.0 -59.0 -524.0 1.000 1.000 1.000
v 560.0 55.0 -524.0 1.000 1.000 1.000
v 578.0 -14.0 -524.0 1.000 1.000 1.000
v 597.0 -41.0 -524.0 1.000 1.000 1.000
v 597.0 -59.0 -524.0 1.000 1.000 1.000
v 590.0 -35.0 -524.0 1.000 1.000 1.000
v 590.0 -14.0 -524.0 1.000 1.000 1.000
v 632.0 -8.0 -524.0 1.000 1.000 1.000
v 671.0 -8.0 -524.0 1.000 1.000 1.000
v 688.0 55.0 -524.0 1.000 1.000 1.000
v 632.0 -41.0 -524.0 1.000 1.000 1.000
v 705.0 -8.0 -524.0 1.000 1.000 1.000
v 705.0 -41.0 -524.0 1.000 1.000 1.000
v 671.0 -41.0 -524.0 1.000 1.000 1.000
v 743.0 -41.0 -524.0 1.000 1.000 1.000
v 743.0 -8.0 -524.0 1.000 1.000 1.000
v 778.0 55.0 -524.0 1.000 1.000 1.000
v 705.0 -8.0 -524.0 1.000 1.000 1.000
v 688.0 55.0 -524.0 1.000 1.000 1.000
v 934.0 9.0 -524.0 1.000 1.000 1.000
v 934.0 -41.0 -524.0 1.000 1.000 1.000
v 1189.0 55.0 -524.0 1.000 1.000 1.000
v 1093.0 9.0 -524.0 1.000 1.000 1.000
v 1189.0 -41.0 -524.0 1.000 1.000 1.000
v 1093.0 -41.0 -524.0 1.000 1.000 1.000
v 490.0 -59.0 -442.0 0.267 0.267 0.267
v 490.0 55.0 -442.0 0.533 0.533 0.533
v 560.0 55.0 -442.0 0.533 0.533 0.533
v 560.0 -59.0 -442.0 0.267 0.267 0.267
v 560.0 -59.0 -442.0 0.533 0.533 0.533
v 560.0 55.0 -442.0 0.533 0.533 0.533
v 560.0 55.0 -524.0 0.533 0.533 0.533
v 560.0 -59.0 -524.0 0.533 0.533 0.533
v 1189.0 -41.0 -524.0 0.345 0.345 0.345
v 1189.0 55.0 -524.0 0.345 0.345 0.345
v 1189.0 55.0 -214.0 0.345 0.345 0.345
v 1189.0 -41.0 -214.0 0.345 0.345 0.345
v 597.0 -59.0 -524.0 0.533 0.533 0.533
v 560.0 -59.0 -524.0 0.533 0.533 0.533
v 563.0 -56.0 -524.0 0.533 0.533 0.533
v 596.0 -56.0 -524.0 0.533 0.533 0.533
v 1189.0 -55.0 -214.0 0.345 0.345 0.345
v 1189.0 -59.0 -214.0 0.345 0.345 0.345
v 1189.0 -55.0 -247.0 0.345 0.345 0.345
v 1189.0 -59.0 -214.0 0.345 0.345 0.345
v 1189.0 -59.0 -524.0 1.000 1.000 1.000
v 1189.0 -55.0 -524.0 0.345 0.345 0.345
v 1189.0 -55.0 -247.0 0.345 0.345 0.345
v 894.0 50.0 -524.0 0.533 0.533 0.533
v 689.0 50.0 -524.0 0.533 0.533 0.533
v 688.0 55.0 -524.0 0.533 0.533 0.533
v 907.0 55.0 -524.0 0.533 0.533 0.533
v 1093.0 52.0 -524.0 0.533 0.533 0.533
v 908.0 52.0 -524.0 0.533 0.533 0.533
v 907.0 55.0 -524.0 0.533 0.533 0.533
v 1093.0 55.0 -524.0 0.533 0.533 0.533
v 906.0 -55.0 -524.0 0.345 0.345 0.345
v 906.0 -59.0 -524.0 0.761 0.761 0.761
v 833.0 -59.0 -524.0 1.000 1.000 1.000
v 819.0 -55.0 -524.0 0.957 0.957 0.957
v 934.0 -55.0 -524.0 0.345 0.345 0.345
v 934.0 -59.0 -524.0 0.949 0.949 0.949
v 906.0 -59.0 -524.0 0.761 0.761 0.761
v 906.0 -55.0 -524.0 0.345 0.345 0.345
v 1093.0 -55.0 -524.0 0.345 0.345 0.345
v 1189.0 -55.0 -524.0 0.345 0.345 0.345
v 1189.0 -59.0 -524.0 1.000 1.000 1.000
v 1093.0 -59.0 -524.0 0.941 0.941 0.941
v 571.0 24.0 -2215.0 0.188 0.188 0.188
v 571.0 24.0 -2227.0 0.188 0.188 0.188
v 558.0 24.0 -2237.0 0.000 0.000 0.000
v 558.0 24.0 -2205.0 0.000 0.000 0.000
v 558.0 33.0 -2237.0 0.000 0.000 0.000
v 571.0 33.0 -2227.0 0.000 0.000 0.000
v 571.0 33.0 -2215.0 0.000 0.000 0.000
v 558.0 33.0 -2205.0 0.000 0.000 0.000
v 1039.0 5.0 -2272.0 0.188 0.188 0.188
v 1039.0 5.0 -2259.0 0.188 0.188 0.188
v 1052.0 5.0 -2249.0 0.000 0.000 0.000
v 1052.0 5.0 -2281.0 0.000 0.000 0.000
v 1052.0 14.0 -2249.0 0.000 0.000 0.000
v 1039.0 14.0 -2259.0 0.000 0.000 0.000
v 1039.0 14.0 -2272.0 0.000 0.000 0.000
v 1052.0 14.0 -2281.0 0.000 0.000 0.000
v 974.0 -59.0 -2409.0 0.863 0.863 0.863
v 692.0 -59.0 -2409.0 0.882 0.882 0.882
v 692.0 -59.0 -2318.0 1.000 1.000 1.000
v 974.0 -59.0 -2318.0 1.000 1.000 1.000
v 974.0 -59.0 -2318.0 1.000 1.000 1.000
v 692.0 -59.0 -2318.0 1.000 1.000 1.000
v 692.0 -59.0 -2227.0 1.000 1.000 1.000
v 974.0 -59.0 -2227.0 1.000 1.000 1.000
v 974.0 -59.0 -2227.0 1.000 1.000 1.000
v 692.0 -59.0 -2227.0 1.000 1.000 1.000
v 692.0 -59.0 -2136.0 1.000 1.000 1.000
v 974.0 -59.0 -2136.0 1.000 1.000 1.000
v 974.0 -59.0 -2136.0 1.000 1.000 1.000
v 692.0 -59.0 -2136.0 1.000 1.000 1.000
v 692.0 -59.0 -2045.0 1.000 1.000 1.000
v 974.0 -59.0 -2045.0 1.000 1.000 1.000
v 974.0 -59.0 -2045.0 1.000 1.000 1.000
v 692.0 -59.0 -2045.0 1.000 1.000 1.000
v 692.0 -59.0 -1954.0 1.000 1.000 1.000
v 974.0 -59.0 -1954.0 1.000 1.000 1.000
v 566.0 5.0 -2239.0 0.533 0.533 0.533
v 576.0 5.0 -2229.0 0.533 0.533 0.533
v 576.0 5.0 -2213.0 0.533 0.533 0.533
v 566.0 5.0 -2203.0 0.533 0.533 0.533
v 1044.0 -13.0 -2247.0 0.533 0.533 0.533
v 1034.0 -13.0 -2257.0 0.533 0.533 0.533
v 1034.0 -13.0 -2273.0 0.533 0.533 0.533
v 1044.0 -13.0 -2283.0 0.533 0.533 0.533
v 638.0 -59.0 -2226.0 1.000 1.000 1.000
v 692.0 -59.0 -2227.0 1.000 1.000 1.000
v 692.0 -59.0 -2318.0 1.000 1.000 1.000
v 643.0 -59.0 -2309.0 1.000 1.000 1.000
v 692.0 -59.0 -2136.0 1.000 1.000 1.000
v 692.0 -59.0 -2227.0 1.000 1.000 1.000
v 638.0 -59.0 -2226.0 1.000 1.000 1.000
v 631.0 -39.0 -2137.0 1.000 1.000 1.000
v 692.0 -59.0 -2045.0 1.000 1.000 1.000
v 631.0 -39.0 -2047.0 1.000 1.000 1.000
v 636.0 -59.0 -1952.0 1.000 1.000 1.000
v 692.0 -59.0 -1954.0 1.000 1.000 1.000
v 1021.0 -59.0 -2045.0 1.000 1.000 1.000
v 974.0 -59.0 -2045.0 1.000 1.000 1.000
v 974.0 -59.0 -1954.0 1.000 1.000 1.000
v 1044.0 -60.0 -1977.0 1.000 1.000 1.000
v 1021.0 -59.0 -2136.0 0.976 0.976 0.976
v 974.0 -59.0 -2136.0 1.000 1.000 1.000
v 1021.0 -55.0 -2227.0 1.000 1.000 1.000
v 974.0 -59.0 -2227.0 1.000 1.000 1.000
v 974.0 -59.0 -2318.0 1.000 1.000 1.000
v 974.0 -59.0 -2227.0 1.000 1.000 1.000
v 1021.0 -55.0 -2227.0 1.000 1.000 1.000
v 1009.0 -49.0 -2279.0 1.000 1.000 1.000
v 559.0 -36.0 -2262.0 0.188 0.188 0.188
v 643.0 -59.0 -2309.0 0.188 0.188 0.188
v 636.0 -82.0 -2368.0 1.000 1.000 1.000
v 553.0 -90.0 -2342.0 1.000 1.000 1.000
v 608.0 -128.0 -2423.0 1.000 1.000 1.000
v 599.0 32.0 -1980.0 1.000 1.000 1.000
v 636.0 -59.0 -1952.0 1.000 1.000 1.000
v 631.0 -39.0 -2047.0 1.000 1.000 1.000
v 559.0 7.0 -2073.0 0.188 0.188 0.188
v 631.0 -39.0 -2137.0 1.000 1.000 1.000
v 578.0 -14.0 -2189.0 1.000 1.000 1.000
v 638.0 -59.0 -2226.0 1.000 1.000 1.000
v 559.0 -36.0 -2262.0 0.188 0.188 0.188
v 578.0 -14.0 -2189.0 1.000 1.000 1.000
v 638.0 -59.0 -2226.0 1.000 1.000 1.000
v 643.0 -59.0 -2309.0 0.188 0.188 0.188
v 559.0 7.0 -2073.0 0.188 0.188 0.188
v 532.0 241.0 -1984.0 0.188 0.188 0.188
v 599.0 32.0 -1980.0 1.000 1.000 1.000
v 525.0 290.0 -2125.0 1.000 1.000 1.000
v 555.0 59.0 -2204.0 0.996 0.996 0.996
v 524.0 202.0 -2219.0 0.188 0.188 0.188
v 555.0 47.0 -2240.0 0.106 0.106 0.106
v 518.0 207.0 -2313.0 1.000 1.000 1.000
v 553.0 -90.0 -2342.0 1.000 1.000 1.000
v 528.0 139.0 -2388.0 1.000 1.000 1.000
v 608.0 -128.0 -2423.0 1.000 1.000 1.000
v 608.0 -128.0 -2423.0 0.969 0.969 0.969
v 636.0 -82.0 -2368.0 0.937 0.937 0.937
v 638.0 -114.0 -2365.0 0.561 0.561 0.561
v 1009.0 -49.0 -2279.0 0.835 0.792 0.737
v 1014.0 -65.0 -2347.0 1.000 1.000 1.000
v 974.0 -59.0 -2318.0 0.835 0.792 0.737
v 974.0 -74.0 -2362.0 0.835 0.792 0.737
v 1025.0 -82.0 -2393.0 1.000 1.000 1.000
v 970.0 -90.0 -2452.0 1.000 1.000 1.000
v 930.0 -89.0 -2409.0 0.835 0.792 0.737
v 974.0 -73.0 -2409.0 0.835 0.792 0.737
v 1010.0 -81.0 -2443.0 1.000 1.000 1.000
v 1050.0 -81.0 -2413.0 1.000 1.000 1.000
v 774.0 -129.0 -2449.0 1.000 1.000 1.000
v 746.0 -117.0 -2409.0 1.000 1.000 1.000
v 799.0 -101.0 -2409.0 1.000 1.000 1.000
v 844.0 -96.0 -2452.0 1.000 1.000 1.000
v 774.0 -129.0 -2449.0 1.000 1.000 1.000
v 799.0 -101.0 -2409.0 1.000 1.000 1.000
v 881.0 -82.0 -2409.0 0.835 0.792 0.737
v 908.0 -102.0 -2461.0 1.000 1.000 1.000
v 930.0 -89.0 -2409.0 0.835 0.792 0.737
v 970.0 -90.0 -2452.0 1.000 1.000 1.000
v 801.0 -155.0 -2485.0 0.941 0.941 0.941
v 726.0 -155.0 -2472.0 0.980 0.980 0.980
v 713.0 -118.0 -2439.0 1.000 1.000 1.000
v 672.0 -139.0 -2469.0 1.000 1.000 1.000
v 652.0 -141.0 -2424.0 1.000 1.000 1.000
v 608.0 -128.0 -2423.0 0.969 0.969 0.969
v 642.0 -132.0 -2365.0 1.000 1.000 1.000
v 638.0 -114.0 -2365.0 0.561 0.561 0.561
v 746.0 -117.0 -2409.0 1.000 1.000 1.000
v 713.0 -118.0 -2439.0 1.000 1.000 1.000
v 692.0 -132.0 -2409.0 1.000 1.000 1.000
v 746.0 -117.0 -2409.0 1.000 1.000 1.000
v 692.0 -74.0 -2329.0 1.000 1.000 1.000
v 643.0 -59.0 -2309.0 0.835 0.792 0.737
v 692.0 -59.0 -2318.0 0.835 0.792 0.737
v 636.0 -82.0 -2368.0 1.000 1.000 1.000
v 643.0 -59.0 -2309.0 1.000 1.000 1.000
v 636.0 -82.0 -2368.0 0.937 0.937 0.937
v 692.0 -107.0 -2343.0 1.000 1.000 1.000
v 638.0 -114.0 -2365.0 0.561 0.561 0.561
v 692.0 -131.0 -2386.0 1.000 1.000 1.000
v 642.0 -132.0 -2365.0 1.000 1.000 1.000
v 652.0 -141.0 -2424.0 1.000 1.000 1.000
v 949.0 -121.0 -2486.0 0.976 0.976 0.976
v 908.0 -102.0 -2461.0 1.000 1.000 1.000
v 970.0 -90.0 -2452.0 1.000 1.000 1.000
v 874.0 -158.0 -2500.0 0.886 0.886 0.886
v 844.0 -96.0 -2452.0 1.000 1.000 1.000
v 801.0 -155.0 -2485.0 0.941 0.941 0.941
v 774.0 -129.0 -2449.0 1.000 1.000 1.000
v 1044.0 -60.0 -1977.0 1.000 1.000 1.000
v 1082.0 69.0 -1963.0 0.188 0.188 0.188
v 1082.0 100.0 -2064.0 0.624 0.624 0.624
v 1021.0 -59.0 -2045.0 1.000 1.000 1.000
v 1154.0 302.0 -1989.0 0.620 0.620 0.620
v 1110.0 318.0 -2092.0 1.000 1.000 1.000
v 1070.0 107.0 -2127.0 1.000 1.000 1.000
v 1021.0 -59.0 -2136.0 1.000 1.000 1.000
v 1075.0 120.0 -2205.0 1.000 1.000 1.000
v 1021.0 -55.0 -2227.0 1.000 1.000 1.000
v 1021.0 -59.0 -2136.0 1.000 1.000 1.000
v 1075.0 120.0 -2205.0 1.000 1.000 1.000
v 1070.0 107.0 -2127.0 1.000 1.000 1.000
v 1110.0 318.0 -2092.0 1.000 1.000 1.000
v 1102.0 272.0 -2193.0 0.188 0.188 0.188
v 1084.0 47.0 -2305.0 0.690 0.690 0.690
v 1102.0 256.0 -2294.0 0.478 0.478 0.478
v 1009.0 -49.0 -2279.0 1.000 1.000 1.000
v 1087.0 36.0 -2332.0 0.706 0.706 0.706
v 1014.0 -65.0 -2347.0 1.000 1.000 1.000
v 1025.0 -82.0 -2393.0 1.000 1.000 1.000
v 1089.0 30.0 -2382.0 0.698 0.698 0.698
v 1102.0 208.0 -2365.0 0.435 0.435 0.435
v 1050.0 -81.0 -2413.0 1.000 1.000 1.000
v 974.0 -74.0 -2362.0 0.996 0.996 0.996
v 974.0 -73.0 -2409.0 0.345 0.345 0.345
v 974.0 -59.0 -2409.0 0.863 0.863 0.863
v 974.0 -59.0 -2318.0 1.000 1.000 1.000
v 571.0 24.0 -2227.0 0.533 0.533 0.533
v 576.0 24.0 -2229.0 1.000 1.000 1.000
v 566.0 24.0 -2239.0 0.643 0.643 0.643
v 558.0 24.0 -2237.0 0.000 0.000 0.000
v 571.0 24.0 -2215.0 0.533 0.533 0.533
v 576.0 24.0 -2213.0 0.996 0.996 0.996
v 566.0 24.0 -2203.0 0.655 0.655 0.655
v 558.0 24.0 -2205.0 0.000 0.000 0.000
v 558.0 33.0 -2237.0 0.000 0.000 0.000
v 566.0 33.0 -2239.0 0.345 0.345 0.345
v 576.0 33.0 -2229.0 0.345 0.345 0.345
v 571.0 33.0 -2227.0 0.000 0.000 0.000
v 571.0 33.0 -2227.0 0.000 0.000 0.000
v 576.0 33.0 -2229.0 0.345 0.345 0.345
v 576.0 33.0 -2213.0 0.345 0.345 0.345
v 571.0 33.0 -2215.0 0.000 0.000 0.000
v 558.0 33.0 -2205.0 0.000 0.000 0.000
v 566.0 33.0 -2203.0 0.345 0.345 0.345
v 1039.0 5.0 -2259.0 0.533 0.533 0.533
v 1034.0 5.0 -2257.0 1.000 1.000 1.000
v 1044.0 5.0 -2247.0 0.643 0.643 0.643
v 1052.0 5.0 -2249.0 0.000 0.000 0.000
v 1039.0 5.0 -2272.0 0.533 0.533 0.533
v 1034.0 5.0 -2273.0 0.996 0.996 0.996
v 1044.0 5.0 -2283.0 0.655 0.655 0.655
v 1052.0 5.0 -2281.0 0.000 0.000 0.000
v 1052.0 14.0 -2249.0 0.000 0.000 0.000
v 1044.0 14.0 -2247.0 0.345 0.345 0.345
v 1034.0 14.0 -2257.0 0.345 0.345 0.345
v 1039.0 14.0 -2259.0 0.000 0.000 0.000
v 1034.0 14.0 -2273.0 0.345 0.345 0.345
v 1039.0 14.0 -2272.0 0.000 0.000 0.000
v 1052.0 14.0 -2281.0 0.000 0.000 0.000
v 1044.0 14.0 -2283.0 0.345 0.345 0.345
v 550.0 5.0 -2239.0 0.337 0.337 0.337
v 550.0 45.0 -2239.0 0.337 0.337 0.337
v 566.0 45.0 -2239.0 0.337 0.337 0.337
v 566.0 5.0 -2239.0 0.337 0.337 0.337
v 553.0 5.0 -2203.0 0.714 0.714 0.714
v 566.0 5.0 -2203.0 0.714 0.714 0.714
v 566.0 45.0 -2203.0 0.714 0.714 0.714
v 553.0 45.0 -2203.0 0.714 0.714 0.714
v 566.0 5.0 -2239.0 0.725 0.773 0.847
v 566.0 24.0 -2239.0 0.643 0.643 0.643
v 576.0 24.0 -2229.0 1.000 1.000 1.000
v 576.0 5.0 -2229.0 0.725 0.773 0.847
v 576.0 5.0 -2229.0 0.725 0.773 0.847
v 576.0 24.0 -2229.0 1.000 1.000 1.000
v 576.0 24.0 -2213.0 0.996 0.996 0.996
v 576.0 5.0 -2213.0 0.725 0.773 0.847
v 566.0 24.0 -2203.0 0.655 0.655 0.655
v 566.0 5.0 -2203.0 0.725 0.773 0.847
v 566.0 33.0 -2239.0 0.345 0.345 0.345
v 566.0 45.0 -2239.0 1.000 1.000 1.000
v 576.0 45.0 -2229.0 1.000 1.000 1.000
v 576.0 33.0 -2229.0 0.345 0.345 0.345
v 576.0 33.0 -2229.0 0.345 0.345 0.345
v 576.0 45.0 -2229.0 1.000 1.000 1.000
v 576.0 45.0 -2213.0 0.996 0.996 0.996
v 576.0 33.0 -2213.0 0.345 0.345 0.345
v 566.0 45.0 -2203.0 1.000 1.000 1.000
v 566.0 33.0 -2203.0 0.345 0.345 0.345
v 558.0 24.0 -2205.0 0.000 0.000 0.000
v 558.0 33.0 -2205.0 0.000 0.000 0.000
v 566.0 33.0 -2203.0 0.353 0.353 0.353
v 566.0 24.0 -2203.0 0.655 0.655 0.655
v 566.0 24.0 -2239.0 0.643 0.643 0.643
v 566.0 33.0 -2239.0 0.345 0.345 0.345
v 558.0 33.0 -2237.0 0.000 0.000 0.000
v 558.0 24.0 -2237.0 0.000 0.000 0.000
v 1070.0 27.0 -2283.0 0.714 0.714 0.714
v 1057.0 -13.0 -2283.0 0.714 0.714 0.714
v 1044.0 -13.0 -2283.0 0.714 0.714 0.714
v 1044.0 27.0 -2283.0 0.714 0.714 0.714
v 1044.0 -13.0 -2247.0 0.725 0.773 0.847
v 1044.0 5.0 -2247.0 0.643 0.643 0.643
v 1034.0 5.0 -2257.0 1.000 1.000 1.000
v 1034.0 -13.0 -2257.0 0.725 0.773 0.847
v 1034.0 -13.0 -2257.0 0.725 0.773 0.847
v 1034.0 5.0 -2257.0 1.000 1.000 1.000
v 1034.0 5.0 -2273.0 0.996 0.996 0.996
v 1034.0 -13.0 -2273.0 0.725 0.773 0.847
v 1044.0 5.0 -2283.0 0.655 0.655 0.655
v 1044.0 -13.0 -2283.0 0.725 0.773 0.847
v 1060.0 -13.0 -2247.0 0.533 0.533 0.533
v 1060.0 27.0 -2247.0 0.533 0.533 0.533
v 1044.0 27.0 -2247.0 0.533 0.533 0.533
v 1044.0 -13.0 -2247.0 0.533 0.533 0.533
v 1044.0 14.0 -2247.0 0.345 0.345 0.345
v 1044.0 27.0 -2247.0 1.000 1.000 1.000
v 1034.0 27.0 -2257.0 1.000 1.000 1.000
v 1034.0 14.0 -2257.0 0.345 0.345 0.345
v 1034.0 14.0 -2257.0 0.345 0.345 0.345
v 1034.0 27.0 -2257.0 1.000 1.000 1.000
v 1034.0 27.0 -2273.0 0.996 0.996 0.996
v 1034.0 14.0 -2273.0 0.345 0.345 0.345
v 1044.0 27.0 -2283.0 1.000 1.000 1.000
v 1044.0 14.0 -2283.0 0.345 0.345 0.345
v 1052.0 5.0 -2281.0 0.000 0.000 0.000
v 1052.0 14.0 -2281.0 0.000 0.000 0.000
v 1044.0 14.0 -2283.0 0.353 0.353 0.353
v 1044.0 5.0 -2283.0 0.655 0.655 0.655
v 1044.0 5.0 -2247.0 0.643 0.643 0.643
v 1044.0 14.0 -2247.0 0.345 0.345 0.345
v 1052.0 14.0 -2249.0 0.000 0.000 0.000
v 1052.0 5.0 -2249.0 0.000 0.000 0.000
v 692.0 -132.0 -2409.0 1.000 1.000 1.000
v 692.0 -131.0 -2386.0 1.000 1.000 1.000
v 692.0 -107.0 -2343.0 1.000 1.000 1.000
v 692.0 -59.0 -2409.0 0.882 0.882 0.882
v 692.0 -74.0 -2329.0 1.000 1.000 1.000
v 692.0 -59.0 -2318.0 1.000 1.000 1.000
v 974.0 -132.0 -2409.0 0.773 0.773 0.773
v 692.0 -132.0 -2409.0 0.773 0.773 0.773
v 692.0 -59.0 -2409.0 0.773 0.773 0.773
v 974.0 -59.0 -2409.0 0.773 0.773 0.773
v 824.0 -59.0 -2162.0 0.588 0.588 0.000
v 829.0 -59.0 -2162.0 0.588 0.588 0.000
v 829.0 -59.0 -2227.0 0.588 0.588 0.000
v 824.0 -59.0 -2227.0 0.588 0.588 0.000
v 824.0 -59.0 -2071.0 0.588 0.588 0.000
v 829.0 -59.0 -2071.0 0.588 0.588 0.000
v 829.0 -59.0 -2136.0 0.588 0.588 0.000
v 824.0 -59.0 -2136.0 0.588 0.588 0.000
v 824.0 -59.0 -1980.0 0.588 0.588 0.000
v 829.0 -59.0 -1980.0 0.588 0.588 0.000
v 829.0 -59.0 -2045.0 0.588 0.588 0.000
v 824.0 -59.0 -2045.0 0.588 0.588 0.000
v 881.0 -59.0 -2252.0 0.588 0.588 0.000
v 881.0 -59.0 -2293.0 0.588 0.588 0.000
v 840.0 -59.0 -2293.0 0.588 0.588 0.000
v 840.0 -59.0 -2252.0 0.588 0.588 0.000
v 772.0 -59.0 -2252.0 0.588 0.588 0.000
v 813.0 -59.0 -2252.0 0.588 0.588 0.000
v 813.0 -59.0 -2293.0 0.588 0.588 0.000
v 772.0 -59.0 -2293.0 0.588 0.588 0.000
v 692.0 -59.0 -2318.0 1.000 1.000 1.000
v 692.0 -59.0 -2227.0 1.000 1.000 1.000
v 721.0 -59.0 -2227.0 0.533 0.533 0.533
v 974.0 -59.0 -2318.0 1.000 1.000 1.000
v 946.0 -59.0 -2227.0 1.000 1.000 1.000
v 974.0 -59.0 -2227.0 1.000 1.000 1.000
v 721.0 -59.0 -2227.0 0.533 0.533 0.533
v 692.0 -59.0 -2227.0 1.000 1.000 1.000
v 692.0 -59.0 -2136.0 1.000 1.000 1.000
v 721.0 -59.0 -2136.0 0.533 0.533 0.533
v 974.0 -59.0 -2227.0 1.000 1.000 1.000
v 946.0 -59.0 -2227.0 1.000 1.000 1.000
v 946.0 -59.0 -2136.0 1.000 1.000 1.000
v 974.0 -59.0 -2136.0 1.000 1.000 1.000
v 721.0 -59.0 -2136.0 0.533 0.533 0.533
v 692.0 -59.0 -2136.0 1.000 1.000 1.000
v 692.0 -59.0 -2045.0 1.000 1.000 1.000
v 721.0 -59.0 -2045.0 0.533 0.533 0.533
v 974.0 -59.0 -2136.0 1.000 1.000 1.000
v 946.0 -59.0 -2136.0 1.000 1.000 1.000
v 946.0 -59.0 -2045.0 1.000 1.000 1.000
v 974.0 -59.0 -2045.0 1.000 1.000 1.000
v 721.0 -59.0 -2045.0 0.533 0.533 0.533
v 692.0 -59.0 -2045.0 1.000 1.000 1.000
v 692.0 -59.0 -1954.0 1.000 1.000 1.000
v 721.0 -59.0 -1954.0 0.533 0.533 0.533
v 974.0 -59.0 -2045.0 1.000 1.000 1.000
v 946.0 -59.0 -2045.0 1.000 1.000 1.000
v 946.0 -59.0 -1954.0 1.000 1.000 1.000
v 974.0 -59.0 -1954.0 1.000 1.000 1.000
v 974.0 -59.0 -1954.0 1.000 1.000 1.000
v 692.0 -59.0 -1954.0 1.000 1.000 1.000
v 692.0 -59.0 -1862.0 1.000 1.000 1.000
v 974.0 -59.0 -1862.0 1.000 1.000 1.000
v 974.0 -59.0 -1862.0 1.000 1.000 1.000
v 692.0 -59.0 -1862.0 1.000 1.000 1.000
v 692.0 -59.0 -1771.0 1.000 1.000 1.000
v 974.0 -59.0 -1771.0 1.000 1.000 1.000
v 974.0 -59.0 -1771.0 1.000 1.000 1.000
v 692.0 -59.0 -1771.0 1.000 1.000 1.000
v 692.0 -59.0 -1680.0 1.000 1.000 1.000
v 974.0 -59.0 -1680.0 1.000 1.000 1.000
v 974.0 -59.0 -1680.0 1.000 1.000 1.000
v 692.0 -59.0 -1680.0 1.000 1.000 1.000
v 692.0 -59.0 -1589.0 1.000 1.000 1.000
v 974.0 -59.0 -1589.0 1.000 1.000 1.000
v 619.0 -59.0 -1774.0 0.996 0.996 0.996
v 610.0 -59.0 -1676.0 0.996 0.996 0.996
v 619.0 -59.0 -1676.0 0.996 0.996 0.996
v 692.0 -59.0 -1862.0 1.000 1.000 1.000
v 692.0 -59.0 -1954.0 1.000 1.000 1.000
v 636.0 -59.0 -1952.0 1.000 1.000 1.000
v 634.0 -45.0 -1869.0 1.000 1.000 1.000
v 619.0 -59.0 -1774.0 1.000 1.000 1.000
v 692.0 -59.0 -1771.0 1.000 1.000 1.000
v 619.0 -59.0 -1676.0 1.000 1.000 1.000
v 692.0 -59.0 -1680.0 1.000 1.000 1.000
v 619.0 -59.0 -1589.0 0.533 0.533 0.533
v 692.0 -59.0 -1589.0 0.533 0.533 0.533
v 619.0 -59.0 -1676.0 0.533 0.533 0.533
v 692.0 -59.0 -1589.0 1.000 1.000 1.000
v 1029.0 -19.0 -1762.0 0.863 0.863 0.863
v 1029.0 -19.0 -1799.0 0.863 0.863 0.863
v 993.0 -19.0 -1799.0 0.882 0.882 0.882
v 993.0 -19.0 -1762.0 0.882 0.882 0.882
v 1041.0 -60.0 -1885.0 1.000 1.000 1.000
v 1047.0 -59.0 -1835.0 1.000 1.000 1.000
v 1056.0 -59.0 -1835.0 0.929 0.929 0.929
v 974.0 -59.0 -1589.0 1.000 1.000 1.000
v 1015.0 -59.0 -1589.0 1.000 1.000 1.000
v 1047.0 -59.0 -1686.0 1.000 1.000 1.000
v 974.0 -59.0 -1680.0 1.000 1.000 1.000
v 993.0 -59.0 -1762.0 1.000 1.000 1.000
v 974.0 -59.0 -1771.0 1.000 1.000 1.000
v 974.0 -59.0 -1862.0 1.000 1.000 1.000
v 993.0 -59.0 -1799.0 1.000 1.000 1.000
v 1044.0 -60.0 -1977.0 1.000 1.000 1.000
v 974.0 -59.0 -1954.0 1.000 1.000 1.000
v 974.0 -59.0 -1862.0 1.000 1.000 1.000
v 1041.0 -60.0 -1885.0 1.000 1.000 1.000
v 993.0 -59.0 -1799.0 1.000 1.000 1.000
v 1029.0 -59.0 -1799.0 1.000 1.000 1.000
v 1047.0 -59.0 -1835.0 1.000 1.000 1.000
v 974.0 -59.0 -1771.0 1.000 1.000 1.000
v 993.0 -59.0 -1762.0 1.000 1.000 1.000
v 1015.0 -59.0 -1589.0 1.000 1.000 1.000
v 1047.0 -59.0 -1589.0 0.882 0.882 0.882
v 1047.0 -59.0 -1686.0 1.000 1.000 1.000
v 1029.0 -59.0 -1762.0 0.596 0.596 0.596
v 1047.0 -59.0 -1749.0 0.596 0.596 0.596
v 1047.0 -59.0 -1792.0 0.596 0.596 0.596
v 1029.0 -59.0 -1799.0 0.596 0.596 0.596
v 1047.0 -59.0 -1792.0 0.996 0.996 0.996
v 1047.0 -59.0 -1835.0 1.000 1.000 1.000
v 1029.0 -59.0 -1799.0 1.000 1.000 1.000
v 1047.0 -59.0 -1686.0 1.000 1.000 1.000
v 1047.0 -59.0 -1749.0 0.988 0.988 0.988
v 993.0 -59.0 -1762.0 1.000 1.000 1.000
v 1047.0 -59.0 -1749.0 0.596 0.596 0.596
v 1029.0 -59.0 -1762.0 0.596 0.596 0.596
v 993.0 -59.0 -1762.0 0.596 0.596 0.596
v 610.0 -19.0 -1589.0 1.000 1.000 1.000
v 619.0 -19.0 -1589.0 0.741 0.741 0.741
v 619.0 -41.0 -1676.0 0.816 0.816 0.816
v 610.0 -41.0 -1676.0 0.792 0.792 0.792
v 1056.0 -41.0 -1835.0 0.722 0.722 0.722
v 1047.0 -41.0 -1835.0 0.831 0.831 0.831
v 1047.0 -30.0 -1792.0 0.996 0.996 0.996
v 1056.0 -41.0 -1835.0 0.722 0.722 0.722
v 1047.0 -30.0 -1792.0 0.996 0.996 0.996
v 1047.0 -19.0 -1749.0 0.980 0.980 0.980
v 1056.0 -19.0 -1749.0 0.941 0.941 0.941
v 1047.0 -19.0 -1589.0 1.000 1.000 1.000
v 1056.0 -19.0 -1580.0 1.000 1.000 1.000
v 619.0 -59.0 -1774.0 1.000 1.000 1.000
v 561.0 56.0 -1738.0 1.000 1.000 1.000
v 610.0 -41.0 -1676.0 1.000 1.000 1.000
v 610.0 -59.0 -1676.0 1.000 1.000 1.000
v 561.0 85.0 -1570.0 1.000 1.000 1.000
v 610.0 -19.0 -1589.0 0.188 0.188 0.188
v 603.0 56.0 -1816.0 1.000 1.000 1.000
v 634.0 -45.0 -1869.0 0.188 0.188 0.188
v 582.0 56.0 -1905.0 0.188 0.188 0.188
v 636.0 -59.0 -1952.0 1.000 1.000 1.000
v 599.0 32.0 -1980.0 1.000 1.000 1.000
v 582.0 56.0 -1905.0 0.188 0.188 0.188
v 636.0 -59.0 -1952.0 1.000 1.000 1.000
v 497.0 319.0 -1685.0 1.000 1.000 1.000
v 497.0 280.0 -1494.0 0.188 0.188 0.188
v 561.0 85.0 -1570.0 1.000 1.000 1.000
v 561.0 56.0 -1738.0 1.000 1.000 1.000
v 532.0 282.0 -1802.0 1.000 1.000 1.000
v 603.0 56.0 -1816.0 1.000 1.000 1.000
v 532.0 241.0 -1984.0 0.188 0.188 0.188
v 1056.0 -41.0 -1835.0 1.000 1.000 1.000
v 1094.0 115.0 -1806.0 1.000 1.000 1.000
v 1074.0 84.0 -1880.0 1.000 1.000 1.000
v 1154.0 343.0 -1873.0 0.631 0.631 0.631
v 1041.0 -60.0 -1885.0 1.000 1.000 1.000
v 1056.0 -60.0 -1835.0 1.000 1.000 1.000
v 1074.0 84.0 -1880.0 1.000 1.000 1.000
v 1154.0 343.0 -1873.0 0.631 0.631 0.631
v 1154.0 302.0 -1989.0 0.620 0.620 0.620
v 1082.0 69.0 -1963.0 0.188 0.188 0.188
v 1041.0 -60.0 -1885.0 1.000 1.000 1.000
v 1044.0 -60.0 -1977.0 1.000 1.000 1.000
v 1052.0 -19.0 -1585.0 1.000 1.000 1.000
v 1058.0 97.0 -1574.0 0.482 0.482 0.482
v 1097.0 100.0 -1656.0 0.561 0.561 0.561
v 1056.0 -19.0 -1668.0 1.000 1.000 1.000
v 1083.0 148.0 -1741.0 0.188 0.188 0.188
v 1056.0 -19.0 -1749.0 0.188 0.188 0.188
v 1094.0 115.0 -1806.0 1.000 1.000 1.000
v 1056.0 -41.0 -1835.0 1.000 1.000 1.000
v 1085.0 340.0 -1593.0 0.498 0.498 0.498
v 1159.0 336.0 -1710.0 0.627 0.627 0.627
v 1148.0 315.0 -1782.0 0.651 0.651 0.651
v 1083.0 148.0 -1741.0 0.188 0.188 0.188
v 1159.0 336.0 -1710.0 0.627 0.627 0.627
v 1094.0 115.0 -1806.0 1.000 1.000 1.000
v 1154.0 343.0 -1873.0 0.631 0.631 0.631
v 619.0 -59.0 -1676.0 0.596 0.596 0.596
v 619.0 -41.0 -1676.0 0.596 0.596 0.596
v 619.0 -19.0 -1589.0 0.596 0.596 0.596
v 619.0 -59.0 -1589.0 0.596 0.596 0.596
v 610.0 -59.0 -1676.0 0.725 0.773 0.847
v 610.0 -41.0 -1676.0 0.792 0.792 0.792
v 619.0 -41.0 -1676.0 0.816 0.816 0.816
v 619.0 -59.0 -1676.0 0.725 0.773 0.847
v 1029.0 -59.0 -1799.0 0.725 0.773 0.847
v 993.0 -59.0 -1799.0 0.725 0.773 0.847
v 993.0 -19.0 -1799.0 0.882 0.882 0.882
v 1029.0 -59.0 -1799.0 0.725 0.773 0.847
v 993.0 -19.0 -1799.0 0.882 0.882 0.882
v 1029.0 -19.0 -1799.0 0.863 0.863 0.863
v 1029.0 -59.0 -1762.0 0.337 0.337 0.337
v 1029.0 -59.0 -1799.0 0.337 0.337 0.337
v 1029.0 -19.0 -1799.0 0.337 0.337 0.337
v 1029.0 -19.0 -1762.0 0.337 0.337 0.337
v 1029.0 -59.0 -1762.0 0.471 0.471 0.471
v 1029.0 -19.0 -1762.0 0.471 0.471 0.471
v 993.0 -19.0 -1762.0 0.471 0.471 0.471
v 993.0 -59.0 -1762.0 0.471 0.471 0.471
v 993.0 -59.0 -1762.0 0.725 0.773 0.847
v 993.0 -19.0 -1762.0 0.882 0.882 0.882
v 993.0 -19.0 -1799.0 0.882 0.882 0.882
v 993.0 -59.0 -1799.0 0.725 0.773 0.847
v 1047.0 -59.0 -1749.0 0.596 0.596 0.596
v 1047.0 -19.0 -1749.0 0.596 0.596 0.596
v 1047.0 -30.0 -1792.0 0.596 0.596 0.596
v 1047.0 -59.0 -1792.0 0.596 0.596 0.596
v 1047.0 -30.0 -1792.0 0.996 0.996 0.996
v 1047.0 -41.0 -1835.0 0.831 0.831 0.831
v 1047.0 -59.0 -1835.0 0.725 0.773 0.847
v 1047.0 -59.0 -1792.0 0.996 0.996 0.996
v 1047.0 -59.0 -1589.0 0.725 0.773 0.847
v 1047.0 -19.0 -1589.0 1.000 1.000 1.000
v 1047.0 -19.0 -1749.0 0.980 0.980 0.980
v 1047.0 -59.0 -1749.0 0.725 0.773 0.847
v 1056.0 -59.0 -1835.0 0.725 0.773 0.847
v 1047.0 -59.0 -1835.0 0.725 0.773 0.847
v 1047.0 -41.0 -1835.0 0.831 0.831 0.831
v 1056.0 -41.0 -1835.0 0.722 0.722 0.722
v 824.0 -59.0 -1889.0 0.588 0.588 0.000
v 829.0 -59.0 -1889.0 0.588 0.588 0.000
v 829.0 -59.0 -1954.0 0.588 0.588 0.000
v 824.0 -59.0 -1954.0 0.588 0.588 0.000
v 824.0 -59.0 -1798.0 0.588 0.588 0.000
v 829.0 -59.0 -1798.0 0.588 0.588 0.000
v 829.0 -59.0 -1862.0 0.588 0.588 0.000
v 824.0 -59.0 -1862.0 0.588 0.588 0.000
v 824.0 -59.0 -1707.0 0.588 0.588 0.000
v 829.0 -59.0 -1707.0 0.588 0.588 0.000
v 829.0 -59.0 -1771.0 0.588 0.588 0.000
v 824.0 -59.0 -1771.0 0.588 0.588 0.000
v 824.0 -59.0 -1616.0 0.588 0.588 0.000
v 829.0 -59.0 -1616.0 0.588 0.588 0.000
v 829.0 -59.0 -1680.0 0.588 0.588 0.000
v 824.0 -59.0 -1680.0 0.588 0.588 0.000
v 721.0 -59.0 -1954.0 0.533 0.533 0.533
v 692.0 -59.0 -1954.0 1.000 1.000 1.000
v 692.0 -59.0 -1862.0 1.000 1.000 1.000
v 721.0 -59.0 -1862.0 0.533 0.533 0.533
v 974.0 -59.0 -1954.0 1.000 1.000 1.000
v 946.0 -59.0 -1954.0 1.000 1.000 1.000
v 946.0 -59.0 -1862.0 1.000 1.000 1.000
v 974.0 -59.0 -1862.0 1.000 1.000 1.000
v 721.0 -59.0 -1862.0 0.533 0.533 0.533
v 692.0 -59.0 -1862.0 1.000 1.000 1.000
v 692.0 -59.0 -1771.0 1.000 1.000 1.000
v 721.0 -59.0 -1771.0 0.533 0.533 0.533
v 974.0 -59.0 -1862.0 1.000 1.000 1.000
v 946.0 -59.0 -1862.0 1.000 1.000 1.000
v 946.0 -59.0 -1771.0 1.000 1.000 1.000
v 974.0 -59.0 -1771.0 1.000 1.000 1.000
v 721.0 -59.0 -1771.0 0.533 0.533 0.533
v 692.0 -59.0 -1771.0 1.000 1.000 1.000
v 692.0 -59.0 -1680.0 1.000 1.000 1.000
v 721.0 -59.0 -1680.0 0.533 0.533 0.533
v 974.0 -59.0 -1771.0 1.000 1.000 1.000
v 946.0 -59.0 -1771.0 1.000 1.000 1.000
v 946.0 -59.0 -1680.0 1.000 1.000 1.000
v 974.0 -59.0 -1680.0 1.000 1.000 1.000
v 721.0 -59.0 -1680.0 0.533 0.533 0.533
v 692.0 -59.0 -1680.0 1.000 1.000 1.000
v 692.0 -59.0 -1589.0 1.000 1.000 1.000
v 721.0 -59.0 -1589.0 0.533 0.533 0.533
v 974.0 -59.0 -1680.0 1.000 1.000 1.000
v 946.0 -59.0 -1680.0 1.000 1.000 1.000
v 946.0 -59.0 -1589.0 1.000 1.000 1.000
v 974.0 -59.0 -1589.0 1.000 1.000 1.000
v 638.0 -41.0 -1462.0 0.000 0.000 0.000
v 615.0 -41.0 -1485.0 0.000 0.000 0.000
v 615.0 -32.0 -1485.0 0.000 0.000 0.000
v 638.0 -32.0 -1462.0 0.000 0.000 0.000
v 631.0 -32.0 -1487.0 0.000 0.000 0.000
v 640.0 -32.0 -1478.0 0.000 0.000 0.000
v 640.0 -41.0 -1478.0 0.188 0.188 0.188
v 631.0 -41.0 -1487.0 0.188 0.188 0.188
v 974.0 -59.0 -1407.0 1.000 1.000 1.000
v 692.0 -59.0 -1407.0 1.000 1.000 1.000
v 692.0 -59.0 -1316.0 1.000 1.000 1.000
v 974.0 -59.0 -1316.0 1.000 1.000 1.000
v 974.0 -59.0 -1498.0 1.000 1.000 1.000
v 692.0 -59.0 -1498.0 1.000 1.000 1.000
v 974.0 -59.0 -1589.0 1.000 1.000 1.000
v 692.0 -59.0 -1589.0 1.000 1.000 1.000
v 692.0 -59.0 -1498.0 1.000 1.000 1.000
v 974.0 -59.0 -1498.0 1.000 1.000 1.000
v 620.0 -54.0 -1349.0 0.345 0.345 0.345
v 620.0 -59.0 -1349.0 0.824 0.824 0.824
v 620.0 -59.0 -1355.0 0.345 0.345 0.345
v 620.0 -54.0 -1355.0 0.345 0.345 0.345
v 620.0 -59.0 -1360.0 0.620 0.620 0.620
v 620.0 -54.0 -1360.0 0.345 0.345 0.345
v 620.0 -50.0 -1349.0 0.345 0.345 0.345
v 620.0 -54.0 -1349.0 0.345 0.345 0.345
v 620.0 -54.0 -1355.0 0.345 0.345 0.345
v 620.0 -50.0 -1355.0 0.345 0.345 0.345
v 620.0 -54.0 -1360.0 0.345 0.345 0.345
v 620.0 -50.0 -1360.0 0.345 0.345 0.345
v 620.0 -45.0 -1349.0 0.345 0.345 0.345
v 620.0 -50.0 -1349.0 0.345 0.345 0.345
v 620.0 -50.0 -1355.0 0.345 0.345 0.345
v 620.0 -45.0 -1355.0 0.345 0.345 0.345
v 620.0 -50.0 -1360.0 0.345 0.345 0.345
v 620.0 -45.0 -1360.0 0.345 0.345 0.345
v 620.0 -40.0 -1355.0 0.345 0.345 0.345
v 620.0 -40.0 -1349.0 0.345 0.345 0.345
v 620.0 -45.0 -1349.0 0.345 0.345 0.345
v 620.0 -45.0 -1355.0 0.345 0.345 0.345
v 620.0 -45.0 -1360.0 0.345 0.345 0.345
v 620.0 -40.0 -1360.0 0.345 0.345 0.345
v 620.0 -40.0 -1355.0 0.345 0.345 0.345
v 974.0 -59.0 -1407.0 1.000 1.000 1.000
v 974.0 -59.0 -1316.0 1.000 1.000 1.000
v 1015.0 -59.0 -1332.0 0.804 0.804 0.804
v 974.0 -59.0 -1407.0 1.000 1.000 1.000
v 1015.0 -59.0 -1332.0 0.804 0.804 0.804
v 1015.0 -59.0 -1408.0 1.000 1.000 1.000
v 1015.0 -59.0 -1502.0 1.000 1.000 1.000
v 974.0 -59.0 -1498.0 1.000 1.000 1.000
v 1015.0 -59.0 -1589.0 1.000 1.000 1.000
v 974.0 -59.0 -1589.0 1.000 1.000 1.000
v 692.0 -59.0 -1498.0 0.533 0.533 0.533
v 692.0 -59.0 -1589.0 0.533 0.533 0.533
v 619.0 -59.0 -1589.0 0.533 0.533 0.533
v 648.0 -59.0 -1498.0 0.533 0.533 0.533
v 649.0 -59.0 -1421.0 0.533 0.533 0.533
v 692.0 -59.0 -1407.0 0.533 0.533 0.533
v 649.0 -59.0 -1466.0 0.533 0.533 0.533
v 649.0 -59.0 -1375.0 0.533 0.533 0.533
v 649.0 -59.0 -1356.0 0.533 0.533 0.533
v 692.0 -59.0 -1407.0 0.533 0.533 0.533
v 649.0 -59.0 -1356.0 0.533 0.533 0.533
v 692.0 -59.0 -1356.0 0.533 0.533 0.533
v 624.0 -59.0 -1348.0 0.533 0.533 0.533
v 624.0 -59.0 -1334.0 0.533 0.533 0.533
v 649.0 -59.0 -1334.0 0.533 0.533 0.533
v 619.0 -59.0 -1589.0 0.533 0.533 0.533
v 633.0 -59.0 -1491.0 0.533 0.533 0.533
v 648.0 -59.0 -1498.0 0.533 0.533 0.533
v 692.0 -59.0 -1498.0 0.533 0.533 0.533
v 644.0 -59.0 -1480.0 0.533 0.533 0.533
v 649.0 -59.0 -1466.0 0.533 0.533 0.533
v 644.0 -59.0 -1466.0 0.533 0.533 0.533
v 619.0 -59.0 -1491.0 0.533 0.533 0.533
v 649.0 -59.0 -1375.0 0.533 0.533 0.533
v 624.0 -59.0 -1375.0 0.533 0.533 0.533
v 692.0 -59.0 -1316.0 1.000 1.000 1.000
v 692.0 -59.0 -1356.0 1.000 1.000 1.000
v 649.0 -59.0 -1356.0 1.000 1.000 1.000
v 649.0 -59.0 -1334.0 1.000 1.000 1.000
v 624.0 -59.0 -1362.0 0.533 0.533 0.533
v 622.0 -59.0 -1360.0 0.533 0.533 0.533
v 622.0 -59.0 -1349.0 0.533 0.533 0.533
v 624.0 -59.0 -1348.0 0.533 0.533 0.533
v 1056.0 -19.0 -1580.0 1.000 1.000 1.000
v 1047.0 -19.0 -1589.0 1.000 1.000 1.000
v 1015.0 -19.0 -1589.0 1.000 1.000 1.000
v 1025.0 -19.0 -1580.0 0.976 0.976 0.976
v 1015.0 -19.0 -1332.0 0.804 0.804 0.804
v 1025.0 -19.0 -1341.0 1.000 1.000 1.000
v 610.0 -19.0 -1482.0 1.000 1.000 1.000
v 619.0 -19.0 -1491.0 1.000 1.000 1.000
v 619.0 -19.0 -1589.0 0.741 0.741 0.741
v 610.0 -19.0 -1589.0 1.000 1.000 1.000
v 628.0 -19.0 -1482.0 1.000 1.000 1.000
v 633.0 -19.0 -1491.0 1.000 1.000 1.000
v 635.0 -19.0 -1475.0 1.000 1.000 1.000
v 644.0 -19.0 -1480.0 0.996 0.996 0.996
v 635.0 -19.0 -1457.0 1.000 1.000 1.000
v 644.0 -19.0 -1466.0 1.000 1.000 1.000
v 640.0 -19.0 -1457.0 1.000 1.000 1.000
v 649.0 -19.0 -1466.0 0.733 0.733 0.733
v 640.0 -19.0 -1421.0 1.000 1.000 1.000
v 649.0 -19.0 -1421.0 0.839 0.839 0.839
v 640.0 -19.0 -1384.0 1.000 1.000 1.000
v 649.0 -19.0 -1375.0 0.733 0.733 0.733
v 615.0 -19.0 -1384.0 1.000 1.000 1.000
v 624.0 -19.0 -1375.0 0.937 0.937 0.937
v 649.0 -19.0 -1375.0 0.733 0.733 0.733
v 640.0 -19.0 -1384.0 1.000 1.000 1.000
v 615.0 -19.0 -1325.0 1.000 1.000 1.000
v 624.0 -19.0 -1334.0 0.937 0.937 0.937
v 640.0 -19.0 -1384.0 1.000 1.000 1.000
v 638.0 -19.0 -1406.0 1.000 1.000 1.000
v 556.0 92.0 -1406.0 0.188 0.188 0.188
v 615.0 -19.0 -1384.0 0.188 0.188 0.188
v 567.0 102.0 -1307.0 1.000 1.000 1.000
v 615.0 -19.0 -1325.0 1.000 1.000 1.000
v 503.0 315.0 -1398.0 1.000 1.000 1.000
v 500.0 262.0 -1321.0 0.188 0.188 0.188
v 610.0 -19.0 -1589.0 0.188 0.188 0.188
v 561.0 85.0 -1570.0 1.000 1.000 1.000
v 610.0 -19.0 -1482.0 1.000 1.000 1.000
v 558.0 92.0 -1488.0 1.000 1.000 1.000
v 626.0 -19.0 -1470.0 1.000 1.000 1.000
v 576.0 92.0 -1465.0 1.000 1.000 1.000
v 638.0 -19.0 -1406.0 1.000 1.000 1.000
v 556.0 92.0 -1406.0 0.188 0.188 0.188
v 503.0 315.0 -1398.0 1.000 1.000 1.000
v 497.0 280.0 -1494.0 0.188 0.188 0.188
v 1023.0 -19.0 -1339.0 0.188 0.188 0.188
v 1079.0 -19.0 -1339.0 0.188 0.188 0.188
v 1108.0 135.0 -1357.0 0.188 0.188 0.188
v 1066.0 128.0 -1400.0 0.643 0.643 0.643
v 1025.0 -19.0 -1422.0 1.000 1.000 1.000
v 1046.0 145.0 -1486.0 0.580 0.580 0.580
v 1020.0 -19.0 -1497.0 0.188 0.188 0.188
v 1025.0 -19.0 -1422.0 1.000 1.000 1.000
v 1046.0 145.0 -1486.0 0.580 0.580 0.580
v 1029.0 116.0 -1518.0 0.188 0.188 0.188
v 1025.0 -19.0 -1581.0 1.000 1.000 1.000
v 1020.0 -19.0 -1497.0 0.188 0.188 0.188
v 1029.0 116.0 -1518.0 0.188 0.188 0.188
v 1058.0 97.0 -1574.0 0.482 0.482 0.482
v 1108.0 135.0 -1357.0 0.188 0.188 0.188
v 1160.0 335.0 -1433.0 0.690 0.690 0.690
v 1116.0 340.0 -1424.0 0.671 0.671 0.671
v 1066.0 128.0 -1400.0 0.643 0.643 0.643
v 1097.0 328.0 -1530.0 0.188 0.188 0.188
v 1097.0 328.0 -1530.0 0.188 0.188 0.188
v 1085.0 340.0 -1593.0 0.498 0.498 0.498
v 1079.0 -19.0 -1339.0 0.188 0.188 0.188
v 1124.0 137.0 -1308.0 0.557 0.557 0.557
v 1108.0 135.0 -1357.0 0.188 0.188 0.188
v 1149.0 360.0 -1310.0 1.000 1.000 1.000
v 1160.0 335.0 -1433.0 0.690 0.690 0.690
v 1052.0 -19.0 -1585.0 1.000 1.000 1.000
v 1025.0 -19.0 -1581.0 1.000 1.000 1.000
v 1058.0 97.0 -1574.0 0.482 0.482 0.482
v 645.0 -43.0 -1409.0 0.655 0.655 0.655
v 645.0 -40.0 -1409.0 0.345 0.345 0.345
v 645.0 -40.0 -1387.0 0.345 0.345 0.345
v 645.0 -43.0 -1387.0 0.655 0.655 0.655
v 645.0 -43.0 -1455.0 0.655 0.655 0.655
v 645.0 -40.0 -1455.0 0.345 0.345 0.345
v 645.0 -40.0 -1432.0 0.345 0.345 0.345
v 645.0 -43.0 -1432.0 0.655 0.655 0.655
v 620.0 -59.0 -1355.0 0.471 0.471 0.471
v 620.0 -59.0 -1349.0 0.471 0.471 0.471
v 622.0 -59.0 -1349.0 0.471 0.471 0.471
v 622.0 -59.0 -1360.0 0.471 0.471 0.471
v 620.0 -59.0 -1360.0 0.471 0.471 0.471
v 638.0 -32.0 -1462.0 0.000 0.000 0.000
v 640.0 -32.0 -1478.0 0.000 0.000 0.000
v 644.0 -32.0 -1480.0 0.345 0.345 0.345
v 644.0 -32.0 -1466.0 0.345 0.345 0.345
v 631.0 -32.0 -1487.0 0.000 0.000 0.000
v 633.0 -32.0 -1491.0 0.345 0.345 0.345
v 615.0 -32.0 -1485.0 0.000 0.000 0.000
v 619.0 -32.0 -1491.0 0.345 0.345 0.345
v 644.0 -41.0 -1466.0 0.655 0.655 0.655
v 644.0 -41.0 -1480.0 0.996 0.996 0.996
v 640.0 -41.0 -1478.0 0.533 0.533 0.533
v 644.0 -41.0 -1466.0 0.655 0.655 0.655
v 640.0 -41.0 -1478.0 0.533 0.533 0.533
v 638.0 -41.0 -1462.0 0.000 0.000 0.000
v 644.0 -41.0 -1480.0 0.996 0.996 0.996
v 633.0 -41.0 -1491.0 1.000 1.000 1.000
v 631.0 -41.0 -1487.0 0.533 0.533 0.533
v 619.0 -41.0 -1491.0 0.643 0.643 0.643
v 615.0 -41.0 -1485.0 0.000 0.000 0.000
v 1047.0 -19.0 -1589.0 1.000 1.000 1.000
v 1047.0 -59.0 -1589.0 0.725 0.773 0.847
v 1015.0 -59.0 -1589.0 0.725 0.773 0.847
v 1015.0 -19.0 -1589.0 1.000 1.000 1.000
v 1015.0 -59.0 -1332.0 0.725 0.773 0.847
v 1015.0 -19.0 -1332.0 0.804 0.804 0.804
v 1015.0 -19.0 -1589.0 1.000 1.000 1.000
v 1015.0 -59.0 -1589.0 0.725 0.773 0.847
v 619.0 -41.0 -1491.0 0.643 0.643 0.643
v 619.0 -32.0 -1491.0 0.345 0.345 0.345
v 615.0 -32.0 -1485.0 0.000 0.000 0.000
v 615.0 -41.0 -1485.0 0.000 0.000 0.000
v 638.0 -41.0 -1462.0 0.000 0.000 0.000
v 638.0 -32.0 -1462.0 0.000 0.000 0.000
v 644.0 -32.0 -1466.0 0.353 0.353 0.353
v 644.0 -41.0 -1466.0 0.655 0.655 0.655
v 644.0 -32.0 -1480.0 0.345 0.345 0.345
v 644.0 -19.0 -1480.0 0.996 0.996 0.996
v 644.0 -19.0 -1466.0 1.000 1.000 1.000
v 644.0 -32.0 -1466.0 0.345 0.345 0.345
v 633.0 -32.0 -1491.0 0.345 0.345 0.345
v 633.0 -19.0 -1491.0 1.000 1.000 1.000
v 619.0 -32.0 -1491.0 0.345 0.345 0.345
v 619.0 -19.0 -1491.0 1.000 1.000 1.000
v 633.0 -19.0 -1491.0 1.000 1.000 1.000
v 633.0 -32.0 -1491.0 0.345 0.345 0.345
v 644.0 -59.0 -1480.0 0.725 0.773 0.847
v 644.0 -41.0 -1480.0 0.996 0.996 0.996
v 644.0 -41.0 -1466.0 0.655 0.655 0.655
v 644.0 -59.0 -1466.0 0.725 0.773 0.847
v 633.0 -59.0 -1491.0 0.725 0.773 0.847
v 633.0 -41.0 -1491.0 1.000 1.000 1.000
v 619.0 -59.0 -1491.0 0.725 0.773 0.847
v 619.0 -41.0 -1491.0 0.643 0.643 0.643
v 633.0 -41.0 -1491.0 1.000 1.000 1.000
v 633.0 -59.0 -1491.0 0.725 0.773 0.847
v 644.0 -19.0 -1466.0 1.000 1.000 1.000
v 649.0 -19.0 -1466.0 0.733 0.733 0.733
v 644.0 -32.0 -1466.0 0.345 0.345 0.345
v 644.0 -59.0 -1466.0 0.725 0.773 0.847
v 644.0 -41.0 -1466.0 0.655 0.655 0.655
v 649.0 -59.0 -1466.0 0.725 0.773 0.847
v 619.0 -19.0 -1589.0 0.596 0.596 0.596
v 619.0 -32.0 -1491.0 0.596 0.596 0.596
v 619.0 -41.0 -1491.0 0.596 0.596 0.596
v 619.0 -59.0 -1589.0 0.596 0.596 0.596
v 619.0 -59.0 -1491.0 0.596 0.596 0.596
v 619.0 -19.0 -1491.0 0.596 0.596 0.596
v 649.0 -46.0 -1430.0 0.596 0.596 0.596
v 649.0 -46.0 -1412.0 0.596 0.596 0.596
v 649.0 -59.0 -1421.0 0.596 0.596 0.596
v 649.0 -38.0 -1430.0 0.596 0.596 0.596
v 649.0 -19.0 -1421.0 0.596 0.596 0.596
v 649.0 -38.0 -1412.0 0.596 0.596 0.596
v 649.0 -46.0 -1430.0 0.596 0.596 0.596
v 649.0 -46.0 -1412.0 0.596 0.596 0.596
v 649.0 -38.0 -1457.0 0.596 0.596 0.596
v 649.0 -19.0 -1466.0 0.596 0.596 0.596
v 649.0 -59.0 -1466.0 0.596 0.596 0.596
v 649.0 -46.0 -1457.0 0.596 0.596 0.596
v 649.0 -59.0 -1421.0 0.596 0.596 0.596
v 649.0 -19.0 -1375.0 0.596 0.596 0.596
v 649.0 -38.0 -1384.0 0.596 0.596 0.596
v 649.0 -46.0 -1384.0 0.596 0.596 0.596
v 649.0 -59.0 -1375.0 0.596 0.596 0.596
v 624.0 -59.0 -1362.0 0.596 0.596 0.596
v 624.0 -59.0 -1375.0 0.596 0.596 0.596
v 624.0 -19.0 -1375.0 0.596 0.596 0.596
v 624.0 -39.0 -1362.0 0.596 0.596 0.596
v 624.0 -19.0 -1334.0 0.596 0.596 0.596
v 624.0 -39.0 -1348.0 0.596 0.596 0.596
v 624.0 -59.0 -1348.0 0.596 0.596 0.596
v 624.0 -59.0 -1334.0 0.596 0.596 0.596
v 649.0 -59.0 -1375.0 0.404 0.404 0.404
v 649.0 -19.0 -1375.0 0.404 0.404 0.404
v 624.0 -19.0 -1375.0 0.404 0.404 0.404
v 624.0 -59.0 -1375.0 0.404 0.404 0.404
v 645.0 -40.0 -1455.0 0.345 0.345 0.345
v 649.0 -38.0 -1457.0 0.345 0.345 0.345
v 649.0 -38.0 -1430.0 0.345 0.345 0.345
v 645.0 -40.0 -1432.0 0.345 0.345 0.345
v 645.0 -43.0 -1455.0 0.655 0.655 0.655
v 649.0 -46.0 -1457.0 0.569 0.569 0.569
v 649.0 -38.0 -1457.0 0.345 0.345 0.345
v 645.0 -40.0 -1455.0 0.345 0.345 0.345
v 645.0 -43.0 -1432.0 0.655 0.655 0.655
v 649.0 -46.0 -1430.0 0.518 0.518 0.518
v 645.0 -40.0 -1432.0 0.345 0.345 0.345
v 649.0 -38.0 -1430.0 0.345 0.345 0.345
v 645.0 -40.0 -1409.0 0.345 0.345 0.345
v 649.0 -38.0 -1412.0 0.345 0.345 0.345
v 649.0 -38.0 -1384.0 0.345 0.345 0.345
v 645.0 -40.0 -1387.0 0.345 0.345 0.345
v 645.0 -43.0 -1409.0 0.655 0.655 0.655
v 649.0 -46.0 -1412.0 0.518 0.518 0.518
v 645.0 -43.0 -1387.0 0.655 0.655 0.655
v 649.0 -46.0 -1384.0 0.569 0.569 0.569
v 622.0 -59.0 -1360.0 0.620 0.620 0.620
v 622.0 -40.0 -1360.0 0.345 0.345 0.345
v 620.0 -40.0 -1360.0 0.345 0.345 0.345
v 620.0 -59.0 -1360.0 0.620 0.620 0.620
v 622.0 -40.0 -1349.0 0.345 0.345 0.345
v 620.0 -40.0 -1349.0 0.345 0.345 0.345
v 620.0 -59.0 -1349.0 0.824 0.824 0.824
v 622.0 -59.0 -1349.0 0.824 0.824 0.824
v 624.0 -59.0 -1362.0 1.000 1.000 1.000
v 624.0 -39.0 -1362.0 0.345 0.345 0.345
v 624.0 -39.0 -1348.0 0.345 0.345 0.345
v 624.0 -59.0 -1348.0 1.000 1.000 1.000
v 824.0 -59.0 -1342.0 0.588 0.588 0.000
v 829.0 -59.0 -1342.0 0.588 0.588 0.000
v 829.0 -59.0 -1407.0 0.588 0.588 0.000
v 824.0 -59.0 -1407.0 0.588 0.588 0.000
v 824.0 -59.0 -1434.0 0.588 0.588 0.000
v 829.0 -59.0 -1434.0 0.588 0.588 0.000
v 829.0 -59.0 -1498.0 0.588 0.588 0.000
v 824.0 -59.0 -1498.0 0.588 0.588 0.000
v 824.0 -59.0 -1525.0 0.588 0.588 0.000
v 829.0 -59.0 -1525.0 0.588 0.588 0.000
v 829.0 -59.0 -1589.0 0.588 0.588 0.000
v 824.0 -59.0 -1589.0 0.588 0.588 0.000
v 721.0 -59.0 -1407.0 0.533 0.533 0.533
v 692.0 -59.0 -1407.0 1.000 1.000 1.000
v 692.0 -59.0 -1316.0 1.000 1.000 1.000
v 721.0 -59.0 -1316.0 0.533 0.533 0.533
v 974.0 -59.0 -1407.0 1.000 1.000 1.000
v 946.0 -59.0 -1407.0 1.000 1.000 1.000
v 946.0 -59.0 -1316.0 1.000 1.000 1.000
v 974.0 -59.0 -1316.0 1.000 1.000 1.000
v 721.0 -59.0 -1498.0 0.533 0.533 0.533
v 692.0 -59.0 -1498.0 1.000 1.000 1.000
v 692.0 -59.0 -1407.0 1.000 1.000 1.000
v 721.0 -59.0 -1407.0 0.533 0.533 0.533
v 974.0 -59.0 -1498.0 1.000 1.000 1.000
v 946.0 -59.0 -1498.0 1.000 1.000 1.000
v 946.0 -59.0 -1407.0 1.000 1.000 1.000
v 974.0 -59.0 -1407.0 1.000 1.000 1.000
v 721.0 -59.0 -1589.0 0.533 0.533 0.533
v 692.0 -59.0 -1589.0 1.000 1.000 1.000
v 692.0 -59.0 -1498.0 1.000 1.000 1.000
v 721.0 -59.0 -1498.0 0.533 0.533 0.533
v 974.0 -59.0 -1589.0 1.000 1.000 1.000
v 946.0 -59.0 -1589.0 1.000 1.000 1.000
v 946.0 -59.0 -1498.0 1.000 1.000 1.000
v 974.0 -59.0 -1498.0 1.000 1.000 1.000
v 1015.0 -59.0 -1332.0 0.725 0.773 0.847
v 1015.0 -19.0 -1332.0 0.804 0.804 0.804
v 1015.0 -19.0 -1336.0 0.804 0.804 0.804
v 1015.0 -59.0 -1336.0 0.725 0.773 0.847
v 649.0 -56.0 -1464.0 0.596 0.596 0.596
v 649.0 -59.0 -1466.0 0.596 0.596 0.596
v 649.0 -19.0 -1466.0 0.596 0.596 0.596
v 649.0 -24.0 -1464.0 0.596 0.596 0.596
v 649.0 -59.0 -1375.0 0.404 0.404 0.404
v 649.0 -19.0 -1375.0 0.404 0.404 0.404
v 645.0 -19.0 -1375.0 0.404 0.404 0.404
v 645.0 -59.0 -1375.0 0.404 0.404 0.404
v 648.0 -23.0 -1466.0 0.345 0.345 0.345
v 649.0 -19.0 -1466.0 0.733 0.733 0.733
v 649.0 -59.0 -1466.0 0.725 0.773 0.847
v 648.0 -55.0 -1466.0 0.345 0.345 0.345
v 649.0 -56.0 -1378.0 0.596 0.596 0.596
v 649.0 -24.0 -1378.0 0.596 0.596 0.596
v 649.0 -19.0 -1375.0 0.596 0.596 0.596
v 649.0 -59.0 -1375.0 0.596 0.596 0.596
v 974.0 -59.0 -1316.0 1.000 1.000 1.000
v 692.0 -59.0 -1316.0 1.000 1.000 1.000
v 692.0 -59.0 -1225.0 1.000 1.000 1.000
v 974.0 -59.0 -1225.0 1.000 1.000 1.000
v 692.0 -59.0 -1134.0 1.000 1.000 1.000
v 974.0 -59.0 -1134.0 1.000 1.000 1.000
v 692.0 -59.0 -1043.0 1.000 1.000 1.000
v 974.0 -59.0 -1043.0 1.000 1.000 1.000
v 692.0 -59.0 -952.0 1.000 1.000 1.000
v 974.0 -59.0 -952.0 1.000 1.000 1.000
v 638.0 -46.0 -1125.0 1.000 1.000 1.000
v 638.0 -46.0 -1143.0 1.000 1.000 1.000
v 633.0 -46.0 -1143.0 1.000 1.000 1.000
v 633.0 -46.0 -1125.0 1.000 1.000 1.000
v 1031.0 -46.0 -1214.0 1.000 1.000 1.000
v 1031.0 -46.0 -1232.0 1.000 1.000 1.000
v 1027.0 -46.0 -1232.0 1.000 1.000 1.000
v 1027.0 -46.0 -1214.0 1.000 1.000 1.000
v 692.0 -59.0 -1316.0 0.533 0.533 0.533
v 649.0 -59.0 -1334.0 0.533 0.533 0.533
v 649.0 -59.0 -1243.0 0.533 0.533 0.533
v 692.0 -59.0 -1225.0 0.533 0.533 0.533
v 644.0 -59.0 -1243.0 0.533 0.533 0.533
v 644.0 -59.0 -1143.0 0.533 0.533 0.533
v 692.0 -59.0 -1134.0 0.533 0.533 0.533
v 644.0 -59.0 -1125.0 0.533 0.533 0.533
v 644.0 -59.0 -1025.0 0.533 0.533 0.533
v 692.0 -59.0 -1043.0 0.533 0.533 0.533
v 649.0 -59.0 -1025.0 0.533 0.533 0.533
v 649.0 -59.0 -945.0 0.533 0.533 0.533
v 692.0 -59.0 -1043.0 0.533 0.533 0.533
v 649.0 -59.0 -945.0 0.533 0.533 0.533
v 692.0 -59.0 -952.0 0.533 0.533 0.533
v 644.0 -59.0 -1025.0 0.533 0.533 0.533
v 649.0 -59.0 -1025.0 0.533 0.533 0.533
v 649.0 -59.0 -1243.0 0.533 0.533 0.533
v 644.0 -59.0 -1243.0 0.533 0.533 0.533
v 692.0 -59.0 -1225.0 0.533 0.533 0.533
v 644.0 -59.0 -1125.0 0.533 0.533 0.533
v 692.0 -59.0 -1134.0 0.533 0.533 0.533
v 644.0 -59.0 -1143.0 0.533 0.533 0.533
v 1020.0 -59.0 -1214.0 1.000 1.000 1.000
v 1020.0 -59.0 -1232.0 1.000 1.000 1.000
v 974.0 -59.0 -1225.0 1.000 1.000 1.000
v 974.0 -59.0 -952.0 1.000 1.000 1.000
v 1015.0 -59.0 -952.0 1.000 1.000 1.000
v 1015.0 -59.0 -1034.0 1.000 1.000 1.000
v 974.0 -59.0 -1043.0 1.000 1.000 1.000
v 974.0 -59.0 -1134.0 1.000 1.000 1.000
v 1015.0 -59.0 -1113.0 0.882 0.882 0.882
v 974.0 -59.0 -1225.0 1.000 1.000 1.000
v 1020.0 -59.0 -1113.0 1.000 1.000 1.000
v 1020.0 -59.0 -1214.0 1.000 1.000 1.000
v 1020.0 -59.0 -1232.0 1.000 1.000 1.000
v 1020.0 -59.0 -1332.0 1.000 1.000 1.000
v 974.0 -59.0 -1316.0 1.000 1.000 1.000
v 1015.0 -59.0 -1332.0 0.804 0.804 0.804
v 638.0 -46.0 -1143.0 1.000 1.000 1.000
v 638.0 -46.0 -1243.0 1.000 1.000 1.000
v 633.0 -46.0 -1243.0 1.000 1.000 1.000
v 638.0 -46.0 -1143.0 1.000 1.000 1.000
v 633.0 -46.0 -1243.0 1.000 1.000 1.000
v 633.0 -46.0 -1143.0 1.000 1.000 1.000
v 638.0 -46.0 -1025.0 1.000 1.000 1.000
v 638.0 -46.0 -1125.0 1.000 1.000 1.000
v 633.0 -46.0 -1125.0 1.000 1.000 1.000
v 633.0 -46.0 -1025.0 1.000 1.000 1.000
v 638.0 -59.0 -1143.0 0.533 0.533 0.533
v 638.0 -59.0 -1125.0 0.533 0.533 0.533
v 644.0 -59.0 -1125.0 0.533 0.533 0.533
v 644.0 -59.0 -1143.0 0.533 0.533 0.533
v 1031.0 -46.0 -1113.0 1.000 1.000 1.000
v 1031.0 -46.0 -1214.0 1.000 1.000 1.000
v 1027.0 -46.0 -1214.0 1.000 1.000 1.000
v 1027.0 -46.0 -1113.0 1.000 1.000 1.000
v 1031.0 -46.0 -1232.0 1.000 1.000 1.000
v 1031.0 -46.0 -1332.0 1.000 1.000 1.000
v 1027.0 -46.0 -1332.0 1.000 1.000 1.000
v 1027.0 -46.0 -1232.0 1.000 1.000 1.000
v 1027.0 -59.0 -1214.0 1.000 1.000 1.000
v 1027.0 -59.0 -1232.0 1.000 1.000 1.000
v 1020.0 -59.0 -1232.0 1.000 1.000 1.000
v 1020.0 -59.0 -1214.0 1.000 1.000 1.000
v 640.0 -19.0 -949.0 1.000 1.000 1.000
v 649.0 -19.0 -945.0 0.769 0.769 0.769
v 649.0 -19.0 -1025.0 0.863 0.863 0.863
v 640.0 -19.0 -1015.0 1.000 1.000 1.000
v 591.0 -19.0 -1025.0 1.000 1.000 1.000
v 582.0 -19.0 -1015.0 0.961 0.961 0.961
v 591.0 -19.0 -1243.0 1.000 1.000 1.000
v 582.0 -19.0 -1252.0 1.000 1.000 1.000
v 582.0 -19.0 -1252.0 1.000 1.000 1.000
v 591.0 -19.0 -1243.0 1.000 1.000 1.000
v 649.0 -19.0 -1243.0 0.824 0.824 0.824
v 640.0 -19.0 -1252.0 1.000 1.000 1.000
v 649.0 -19.0 -1334.0 0.784 0.784 0.784
v 640.0 -19.0 -1325.0 1.000 1.000 1.000
v 624.0 -19.0 -1334.0 0.937 0.937 0.937
v 615.0 -19.0 -1325.0 1.000 1.000 1.000
v 1074.0 -19.0 -1332.0 1.000 1.000 1.000
v 1083.0 -19.0 -1341.0 1.000 1.000 1.000
v 1025.0 -19.0 -1341.0 1.000 1.000 1.000
v 1015.0 -19.0 -1332.0 0.804 0.804 0.804
v 1074.0 -19.0 -1113.0 1.000 1.000 1.000
v 1082.0 -19.0 -1104.0 1.000 1.000 1.000
v 1015.0 -19.0 -1113.0 0.753 0.753 0.753
v 1025.0 -19.0 -1104.0 1.000 1.000 1.000
v 1025.0 -19.0 -1104.0 1.000 1.000 1.000
v 1015.0 -19.0 -1113.0 0.753 0.753 0.753
v 1015.0 -19.0 -952.0 0.996 0.996 0.996
v 1025.0 -19.0 -952.0 0.996 0.996 0.996
v 640.0 -19.0 -1015.0 1.000 1.000 1.000
v 590.0 107.0 -969.0 0.106 0.106 0.106
v 640.0 -19.0 -949.0 0.106 0.106 0.106
v 582.0 -19.0 -1015.0 0.188 0.188 0.188
v 558.0 128.0 -1034.0 1.000 1.000 1.000
v 615.0 -19.0 -1325.0 1.000 1.000 1.000
v 567.0 102.0 -1307.0 1.000 1.000 1.000
v 640.0 -19.0 -1325.0 1.000 1.000 1.000
v 589.0 102.0 -1284.0 1.000 1.000 1.000
v 640.0 -19.0 -1252.0 1.000 1.000 1.000
v 640.0 -19.0 -1252.0 1.000 1.000 1.000
v 589.0 102.0 -1284.0 1.000 1.000 1.000
v 525.0 107.0 -1273.0 0.188 0.188 0.188
v 582.0 -19.0 -1252.0 0.188 0.188 0.188
v 1021.0 -19.0 -1038.0 0.188 0.188 0.188
v 1023.0 -19.0 -944.0 1.000 1.000 1.000
v 1058.0 165.0 -982.0 0.545 0.545 0.545
v 1061.0 165.0 -1078.0 0.592 0.592 0.592
v 1023.0 -19.0 -1105.0 1.000 1.000 1.000
v 1061.0 165.0 -1078.0 0.592 0.592 0.592
v 1099.0 148.0 -1094.0 0.569 0.569 0.569
v 1023.0 -19.0 -1105.0 1.000 1.000 1.000
v 1093.0 359.0 -1001.0 1.000 1.000 1.000
v 1116.0 359.0 -1059.0 0.835 0.792 0.737
v 1116.0 359.0 -1059.0 0.835 0.792 0.737
v 1099.0 148.0 -1094.0 0.569 0.569 0.569
v 1116.0 359.0 -1059.0 0.835 0.792 0.737
v 1162.0 359.0 -1134.0 0.596 0.596 0.596
v 1088.0 157.0 -1177.0 0.188 0.188 0.188
v 1078.0 -19.0 -1108.0 1.000 1.000 1.000
v 1023.0 -19.0 -1105.0 1.000 1.000 1.000
v 1099.0 148.0 -1094.0 0.569 0.569 0.569
v 1078.0 -19.0 -1108.0 1.000 1.000 1.000
v 1078.0 -19.0 -1185.0 1.000 1.000 1.000
v 1091.0 179.0 -1241.0 1.000 1.000 1.000
v 1082.0 -19.0 -1273.0 1.000 1.000 1.000
v 1124.0 137.0 -1308.0 0.557 0.557 0.557
v 1079.0 -19.0 -1339.0 0.188 0.188 0.188
v 1103.0 339.0 -1223.0 0.498 0.498 0.498
v 1149.0 360.0 -1310.0 1.000 1.000 1.000
v 558.0 128.0 -1034.0 1.000 1.000 1.000
v 561.0 299.0 -1022.0 0.106 0.106 0.106
v 590.0 107.0 -969.0 0.106 0.106 0.106
v 582.0 -19.0 -1252.0 0.188 0.188 0.188
v 525.0 107.0 -1273.0 0.188 0.188 0.188
v 529.0 113.0 -1132.0 1.000 1.000 1.000
v 585.0 -19.0 -1127.0 1.000 1.000 1.000
v 538.0 124.0 -1078.0 1.000 1.000 1.000
v 582.0 -19.0 -1015.0 0.188 0.188 0.188
v 535.0 283.0 -1100.0 1.000 1.000 1.000
v 507.0 270.0 -1162.0 0.188 0.188 0.188
v 483.0 319.0 -1239.0 1.000 1.000 1.000
v 500.0 262.0 -1321.0 0.188 0.188 0.188
v 500.0 262.0 -1321.0 0.188 0.188 0.188
v 525.0 107.0 -1273.0 0.188 0.188 0.188
v 589.0 102.0 -1284.0 1.000 1.000 1.000
v 567.0 102.0 -1307.0 1.000 1.000 1.000
v 500.0 262.0 -1321.0 0.188 0.188 0.188
v 589.0 102.0 -1284.0 1.000 1.000 1.000
v 638.0 -59.0 -1125.0 0.725 0.773 0.847
v 638.0 -59.0 -1143.0 0.725 0.773 0.847
v 638.0 -46.0 -1143.0 1.000 1.000 1.000
v 638.0 -46.0 -1125.0 1.000 1.000 1.000
v 1027.0 -46.0 -1214.0 1.000 1.000 1.000
v 1027.0 -46.0 -1232.0 1.000 1.000 1.000
v 1027.0 -59.0 -1232.0 0.725 0.773 0.847
v 1027.0 -59.0 -1214.0 0.725 0.773 0.847
v 615.0 -21.0 -1031.0 1.000 1.000 1.000
v 610.0 -21.0 -1031.0 1.000 1.000 1.000
v 612.0 -39.0 -1028.0 0.345 0.345 0.345
v 604.0 -23.0 -1031.0 0.961 0.961 0.961
v 600.0 -26.0 -1031.0 0.765 0.765 0.765
v 596.0 -31.0 -1031.0 0.431 0.431 0.431
v 612.0 -39.0 -1028.0 0.345 0.345 0.345
v 600.0 -26.0 -1031.0 0.765 0.765 0.765
v 594.0 -36.0 -1031.0 0.376 0.376 0.376
v 595.0 -42.0 -1031.0 0.345 0.345 0.345
v 596.0 -47.0 -1031.0 0.345 0.345 0.345
v 600.0 -52.0 -1031.0 0.345 0.345 0.345
v 604.0 -55.0 -1031.0 0.345 0.345 0.345
v 610.0 -57.0 -1031.0 0.345 0.345 0.345
v 615.0 -57.0 -1031.0 0.345 0.345 0.345
v 621.0 -55.0 -1031.0 0.345 0.345 0.345
v 625.0 -52.0 -1031.0 0.345 0.345 0.345
v 629.0 -47.0 -1031.0 0.345 0.345 0.345
v 630.0 -41.0 -1031.0 0.345 0.345 0.345
v 630.0 -36.0 -1031.0 0.455 0.455 0.455
v 629.0 -30.0 -1031.0 0.667 0.667 0.667
v 625.0 -26.0 -1031.0 0.839 0.839 0.839
v 612.0 -39.0 -1028.0 0.345 0.345 0.345
v 629.0 -30.0 -1031.0 0.667 0.667 0.667
v 621.0 -22.0 -1031.0 0.957 0.957 0.957
v 615.0 -21.0 -1031.0 1.000 1.000 1.000
v 600.0 -26.0 -1122.0 0.765 0.765 0.765
v 600.0 -26.0 -1031.0 0.765 0.765 0.765
v 604.0 -23.0 -1031.0 0.961 0.961 0.961
v 604.0 -23.0 -1122.0 0.961 0.961 0.961
v 610.0 -21.0 -1031.0 1.000 1.000 1.000
v 610.0 -21.0 -1122.0 1.000 1.000 1.000
v 615.0 -21.0 -1031.0 1.000 1.000 1.000
v 615.0 -21.0 -1122.0 1.000 1.000 1.000
v 621.0 -22.0 -1031.0 0.957 0.957 0.957
v 621.0 -22.0 -1122.0 0.957 0.957 0.957
v 625.0 -26.0 -1031.0 0.839 0.839 0.839
v 621.0 -22.0 -1122.0 0.957 0.957 0.957
v 625.0 -26.0 -1031.0 0.839 0.839 0.839
v 625.0 -26.0 -1122.0 0.839 0.839 0.839
v 629.0 -30.0 -1031.0 0.667 0.667 0.667
v 629.0 -30.0 -1122.0 0.667 0.667 0.667
v 630.0 -36.0 -1031.0 0.455 0.455 0.455
v 630.0 -36.0 -1122.0 0.455 0.455 0.455
v 630.0 -41.0 -1031.0 0.345 0.345 0.345
v 630.0 -41.0 -1122.0 0.345 0.345 0.345
v 629.0 -47.0 -1031.0 0.345 0.345 0.345
v 629.0 -47.0 -1122.0 0.345 0.345 0.345
v 625.0 -52.0 -1031.0 0.345 0.345 0.345
v 625.0 -52.0 -1122.0 0.345 0.345 0.345
v 621.0 -55.0 -1031.0 0.345 0.345 0.345
v 621.0 -55.0 -1122.0 0.345 0.345 0.345
v 615.0 -57.0 -1031.0 0.345 0.345 0.345
v 621.0 -55.0 -1122.0 0.345 0.345 0.345
v 615.0 -57.0 -1031.0 0.345 0.345 0.345
v 615.0 -57.0 -1122.0 0.345 0.345 0.345
v 610.0 -57.0 -1031.0 0.345 0.345 0.345
v 610.0 -57.0 -1122.0 0.345 0.345 0.345
v 604.0 -55.0 -1031.0 0.345 0.345 0.345
v 604.0 -55.0 -1122.0 0.345 0.345 0.345
v 600.0 -52.0 -1031.0 0.345 0.345 0.345
v 600.0 -52.0 -1122.0 0.345 0.345 0.345
v 612.0 -39.0 -1126.0 0.345 0.345 0.345
v 610.0 -21.0 -1122.0 1.000 1.000 1.000
v 615.0 -21.0 -1122.0 1.000 1.000 1.000
v 604.0 -23.0 -1122.0 0.961 0.961 0.961
v 600.0 -26.0 -1122.0 0.765 0.765 0.765
v 596.0 -31.0 -1122.0 0.427 0.427 0.427
v 594.0 -36.0 -1122.0 0.376 0.376 0.376
v 594.0 -36.0 -1122.0 0.376 0.376 0.376
v 612.0 -39.0 -1126.0 0.345 0.345 0.345
v 595.0 -42.0 -1122.0 0.345 0.345 0.345
v 596.0 -47.0 -1122.0 0.345 0.345 0.345
v 600.0 -52.0 -1122.0 0.345 0.345 0.345
v 604.0 -55.0 -1122.0 0.345 0.345 0.345
v 610.0 -57.0 -1122.0 0.345 0.345 0.345
v 615.0 -57.0 -1122.0 0.345 0.345 0.345
v 621.0 -55.0 -1122.0 0.345 0.345 0.345
v 625.0 -52.0 -1122.0 0.345 0.345 0.345
v 629.0 -47.0 -1122.0 0.345 0.345 0.345
v 630.0 -41.0 -1122.0 0.345 0.345 0.345
v 630.0 -36.0 -1122.0 0.455 0.455 0.455
v 629.0 -30.0 -1122.0 0.667 0.667 0.667
v 625.0 -26.0 -1122.0 0.839 0.839 0.839
v 621.0 -22.0 -1122.0 0.957 0.957 0.957
v 621.0 -22.0 -1122.0 0.957 0.957 0.957
v 612.0 -39.0 -1126.0 0.345 0.345 0.345
v 615.0 -21.0 -1122.0 1.000 1.000 1.000
v 612.0 -39.0 -1240.0 0.345 0.345 0.345
v 610.0 -21.0 -1236.0 1.000 1.000 1.000
v 615.0 -21.0 -1236.0 1.000 1.000 1.000
v 604.0 -23.0 -1236.0 0.961 0.961 0.961
v 600.0 -26.0 -1236.0 0.765 0.765 0.765
v 596.0 -31.0 -1236.0 0.427 0.427 0.427
v 594.0 -36.0 -1236.0 0.376 0.376 0.376
v 595.0 -42.0 -1236.0 0.345 0.345 0.345
v 596.0 -47.0 -1236.0 0.345 0.345 0.345
v 600.0 -52.0 -1236.0 0.345 0.345 0.345
v 604.0 -55.0 -1236.0 0.345 0.345 0.345
v 610.0 -57.0 -1236.0 0.345 0.345 0.345
v 615.0 -57.0 -1236.0 0.345 0.345 0.345
v 615.0 -57.0 -1236.0 0.345 0.345 0.345
v 612.0 -39.0 -1240.0 0.345 0.345 0.345
v 621.0 -55.0 -1236.0 0.345 0.345 0.345
v 625.0 -52.0 -1236.0 0.345 0.345 0.345
v 629.0 -47.0 -1236.0 0.345 0.345 0.345
v 630.0 -41.0 -1236.0 0.345 0.345 0.345
v 630.0 -36.0 -1236.0 0.455 0.455 0.455
v 629.0 -30.0 -1236.0 0.667 0.667 0.667
v 625.0 -26.0 -1236.0 0.839 0.839 0.839
v 621.0 -22.0 -1236.0 0.957 0.957 0.957
v 615.0 -21.0 -1236.0 1.000 1.000 1.000
v 604.0 -23.0 -1145.0 0.961 0.961 0.961
v 604.0 -23.0 -1236.0 0.961 0.961 0.961
v 600.0 -26.0 -1236.0 0.765 0.765 0.765
v 600.0 -26.0 -1145.0 0.765 0.765 0.765
v 610.0 -21.0 -1145.0 1.000 1.000 1.000
v 610.0 -21.0 -1236.0 1.000 1.000 1.000
v 604.0 -23.0 -1236.0 0.961 0.961 0.961
v 604.0 -23.0 -1145.0 0.961 0.961 0.961
v 615.0 -21.0 -1145.0 1.000 1.000 1.000
v 615.0 -21.0 -1236.0 1.000 1.000 1.000
v 621.0 -22.0 -1145.0 0.957 0.957 0.957
v 621.0 -22.0 -1236.0 0.957 0.957 0.957
v 625.0 -26.0 -1145.0 0.839 0.839 0.839
v 625.0 -26.0 -1236.0 0.839 0.839 0.839
v 629.0 -30.0 -1145.0 0.667 0.667 0.667
v 629.0 -30.0 -1236.0 0.667 0.667 0.667
v 630.0 -36.0 -1145.0 0.455 0.455 0.455
v 630.0 -36.0 -1236.0 0.455 0.455 0.455
v 630.0 -41.0 -1145.0 0.345 0.345 0.345
v 630.0 -41.0 -1236.0 0.345 0.345 0.345
v 629.0 -47.0 -1145.0 0.345 0.345 0.345
v 629.0 -47.0 -1236.0 0.345 0.345 0.345
v 630.0 -41.0 -1236.0 0.345 0.345 0.345
v 630.0 -41.0 -1145.0 0.345 0.345 0.345
v 625.0 -52.0 -1145.0 0.345 0.345 0.345
v 625.0 -52.0 -1236.0 0.345 0.345 0.345
v 621.0 -55.0 -1145.0 0.345 0.345 0.345
v 621.0 -55.0 -1236.0 0.345 0.345 0.345
v 615.0 -57.0 -1145.0 0.345 0.345 0.345
v 615.0 -57.0 -1236.0 0.345 0.345 0.345
v 610.0 -57.0 -1145.0 0.345 0.345 0.345
v 610.0 -57.0 -1236.0 0.345 0.345 0.345
v 604.0 -55.0 -1145.0 0.345 0.345 0.345
v 604.0 -55.0 -1236.0 0.345 0.345 0.345
v 600.0 -52.0 -1145.0 0.345 0.345 0.345
v 600.0 -52.0 -1236.0 0.345 0.345 0.345
v 615.0 -21.0 -1145.0 1.000 1.000 1.000
v 610.0 -21.0 -1145.0 1.000 1.000 1.000
v 612.0 -39.0 -1142.0 0.345 0.345 0.345
v 604.0 -23.0 -1145.0 0.961 0.961 0.961
v 600.0 -26.0 -1145.0 0.765 0.765 0.765
v 596.0 -31.0 -1145.0 0.431 0.431 0.431
v 594.0 -36.0 -1145.0 0.376 0.376 0.376
v 595.0 -42.0 -1145.0 0.345 0.345 0.345
v 596.0 -47.0 -1145.0 0.345 0.345 0.345
v 600.0 -52.0 -1145.0 0.345 0.345 0.345
v 604.0 -55.0 -1145.0 0.345 0.345 0.345
v 610.0 -57.0 -1145.0 0.345 0.345 0.345
v 615.0 -57.0 -1145.0 0.345 0.345 0.345
v 621.0 -55.0 -1145.0 0.345 0.345 0.345
v 625.0 -52.0 -1145.0 0.345 0.345 0.345
v 629.0 -47.0 -1145.0 0.345 0.345 0.345
v 630.0 -41.0 -1145.0 0.345 0.345 0.345
v 612.0 -39.0 -1142.0 0.345 0.345 0.345
v 629.0 -47.0 -1145.0 0.345 0.345 0.345
v 630.0 -36.0 -1145.0 0.455 0.455 0.455
v 629.0 -30.0 -1145.0 0.667 0.667 0.667
v 625.0 -26.0 -1145.0 0.839 0.839 0.839
v 621.0 -22.0 -1145.0 0.957 0.957 0.957
v 615.0 -21.0 -1145.0 1.000 1.000 1.000
v 1052.0 -39.0 -1117.0 0.345 0.345 0.345
v 1055.0 -21.0 -1120.0 1.000 1.000 1.000
v 1049.0 -21.0 -1120.0 1.000 1.000 1.000
v 1060.0 -23.0 -1120.0 0.949 0.949 0.949
v 1065.0 -26.0 -1120.0 0.753 0.753 0.753
v 1068.0 -31.0 -1120.0 0.424 0.424 0.424
v 1070.0 -36.0 -1120.0 0.369 0.369 0.369
v 1070.0 -42.0 -1120.0 0.345 0.345 0.345
v 1070.0 -42.0 -1120.0 0.345 0.345 0.345
v 1052.0 -39.0 -1117.0 0.345 0.345 0.345
v 1068.0 -47.0 -1120.0 0.345 0.345 0.345
v 1065.0 -52.0 -1120.0 0.345 0.345 0.345
v 1060.0 -55.0 -1120.0 0.345 0.345 0.345
v 1055.0 -57.0 -1120.0 0.345 0.345 0.345
v 1049.0 -57.0 -1120.0 0.345 0.345 0.345
v 1044.0 -55.0 -1120.0 0.345 0.345 0.345
v 1039.0 -52.0 -1120.0 0.345 0.345 0.345
v 1036.0 -47.0 -1120.0 0.345 0.345 0.345
v 1034.0 -41.0 -1120.0 0.345 0.345 0.345
v 1034.0 -36.0 -1120.0 0.482 0.482 0.482
v 1036.0 -30.0 -1120.0 0.686 0.686 0.686
v 1039.0 -26.0 -1120.0 0.851 0.851 0.851
v 1044.0 -22.0 -1120.0 0.961 0.961 0.961
v 1049.0 -21.0 -1120.0 1.000 1.000 1.000
v 1060.0 -23.0 -1211.0 0.949 0.949 0.949
v 1060.0 -23.0 -1120.0 0.949 0.949 0.949
v 1065.0 -26.0 -1120.0 0.753 0.753 0.753
v 1065.0 -26.0 -1211.0 0.753 0.753 0.753
v 1055.0 -21.0 -1211.0 1.000 1.000 1.000
v 1055.0 -21.0 -1120.0 1.000 1.000 1.000
v 1049.0 -21.0 -1211.0 1.000 1.000 1.000
v 1049.0 -21.0 -1120.0 1.000 1.000 1.000
v 1044.0 -22.0 -1211.0 0.961 0.961 0.961
v 1044.0 -22.0 -1120.0 0.961 0.961 0.961
v 1039.0 -26.0 -1211.0 0.851 0.851 0.851
v 1039.0 -26.0 -1120.0 0.851 0.851 0.851
v 1036.0 -30.0 -1211.0 0.686 0.686 0.686
v 1036.0 -30.0 -1120.0 0.686 0.686 0.686
v 1034.0 -36.0 -1211.0 0.478 0.478 0.478
v 1034.0 -36.0 -1120.0 0.482 0.482 0.482
v 1034.0 -41.0 -1211.0 0.345 0.345 0.345
v 1034.0 -41.0 -1120.0 0.345 0.345 0.345
v 1034.0 -36.0 -1120.0 0.482 0.482 0.482
v 1034.0 -36.0 -1211.0 0.478 0.478 0.478
v 1036.0 -47.0 -1211.0 0.345 0.345 0.345
v 1036.0 -47.0 -1120.0 0.345 0.345 0.345
v 1039.0 -52.0 -1211.0 0.345 0.345 0.345
v 1039.0 -52.0 -1120.0 0.345 0.345 0.345
v 1044.0 -55.0 -1211.0 0.345 0.345 0.345
v 1044.0 -55.0 -1120.0 0.345 0.345 0.345
v 1049.0 -57.0 -1211.0 0.345 0.345 0.345
v 1049.0 -57.0 -1120.0 0.345 0.345 0.345
v 1055.0 -57.0 -1211.0 0.345 0.345 0.345
v 1055.0 -57.0 -1120.0 0.345 0.345 0.345
v 1060.0 -55.0 -1211.0 0.345 0.345 0.345
v 1060.0 -55.0 -1120.0 0.345 0.345 0.345
v 1065.0 -52.0 -1211.0 0.345 0.345 0.345
v 1065.0 -52.0 -1120.0 0.345 0.345 0.345
v 1060.0 -55.0 -1120.0 0.345 0.345 0.345
v 1060.0 -55.0 -1211.0 0.345 0.345 0.345
v 1049.0 -21.0 -1211.0 1.000 1.000 1.000
v 1055.0 -21.0 -1211.0 1.000 1.000 1.000
v 1052.0 -39.0 -1215.0 0.345 0.345 0.345
v 1060.0 -23.0 -1211.0 0.949 0.949 0.949
v 1065.0 -26.0 -1211.0 0.753 0.753 0.753
v 1068.0 -31.0 -1211.0 0.424 0.424 0.424
v 1070.0 -36.0 -1211.0 0.369 0.369 0.369
v 1070.0 -42.0 -1211.0 0.345 0.345 0.345
v 1068.0 -47.0 -1211.0 0.345 0.345 0.345
v 1065.0 -52.0 -1211.0 0.345 0.345 0.345
v 1060.0 -55.0 -1211.0 0.345 0.345 0.345
v 1055.0 -57.0 -1211.0 0.345 0.345 0.345
v 1049.0 -57.0 -1211.0 0.345 0.345 0.345
v 1052.0 -39.0 -1215.0 0.345 0.345 0.345
v 1055.0 -57.0 -1211.0 0.345 0.345 0.345
v 1044.0 -55.0 -1211.0 0.345 0.345 0.345
v 1039.0 -52.0 -1211.0 0.345 0.345 0.345
v 1036.0 -47.0 -1211.0 0.345 0.345 0.345
v 1034.0 -41.0 -1211.0 0.345 0.345 0.345
v 1034.0 -36.0 -1211.0 0.478 0.478 0.478
v 1036.0 -30.0 -1211.0 0.686 0.686 0.686
v 1039.0 -26.0 -1211.0 0.851 0.851 0.851
v 1044.0 -22.0 -1211.0 0.961 0.961 0.961
v 1049.0 -21.0 -1211.0 1.000 1.000 1.000
v 1049.0 -21.0 -1325.0 1.000 1.000 1.000
v 1055.0 -21.0 -1325.0 1.000 1.000 1.000
v 1052.0 -39.0 -1329.0 0.345 0.345 0.345
v 1060.0 -23.0 -1325.0 0.949 0.949 0.949
v 1065.0 -26.0 -1325.0 0.753 0.753 0.753
v 1052.0 -39.0 -1329.0 0.345 0.345 0.345
v 1060.0 -23.0 -1325.0 0.949 0.949 0.949
v 1068.0 -31.0 -1325.0 0.424 0.424 0.424
v 1070.0 -36.0 -1325.0 0.369 0.369 0.369
v 1070.0 -42.0 -1325.0 0.345 0.345 0.345
v 1068.0 -47.0 -1325.0 0.345 0.345 0.345
v 1065.0 -52.0 -1325.0 0.345 0.345 0.345
v 1060.0 -55.0 -1325.0 0.345 0.345 0.345
v 1055.0 -57.0 -1325.0 0.345 0.345 0.345
v 1049.0 -57.0 -1325.0 0.345 0.345 0.345
v 1044.0 -55.0 -1325.0 0.345 0.345 0.345
v 1039.0 -52.0 -1325.0 0.345 0.345 0.345
v 1036.0 -47.0 -1325.0 0.345 0.345 0.345
v 1034.0 -41.0 -1325.0 0.345 0.345 0.345
v 1034.0 -36.0 -1325.0 0.478 0.478 0.478
v 1036.0 -30.0 -1325.0 0.686 0.686 0.686
v 1052.0 -39.0 -1329.0 0.345 0.345 0.345
v 1034.0 -36.0 -1325.0 0.478 0.478 0.478
v 1039.0 -26.0 -1325.0 0.851 0.851 0.851
v 1044.0 -22.0 -1325.0 0.961 0.961 0.961
v 1049.0 -21.0 -1325.0 1.000 1.000 1.000
v 1065.0 -26.0 -1234.0 0.753 0.753 0.753
v 1065.0 -26.0 -1325.0 0.753 0.753 0.753
v 1060.0 -23.0 -1325.0 0.949 0.949 0.949
v 1060.0 -23.0 -1234.0 0.949 0.949 0.949
v 1055.0 -21.0 -1325.0 1.000 1.000 1.000
v 1055.0 -21.0 -1234.0 1.000 1.000 1.000
v 1049.0 -21.0 -1325.0 1.000 1.000 1.000
v 1049.0 -21.0 -1234.0 1.000 1.000 1.000
v 1044.0 -22.0 -1325.0 0.961 0.961 0.961
v 1044.0 -22.0 -1234.0 0.961 0.961 0.961
v 1044.0 -22.0 -1234.0 0.961 0.961 0.961
v 1044.0 -22.0 -1325.0 0.961 0.961 0.961
v 1039.0 -26.0 -1325.0 0.851 0.851 0.851
v 1039.0 -26.0 -1234.0 0.851 0.851 0.851
v 1036.0 -30.0 -1325.0 0.686 0.686 0.686
v 1036.0 -30.0 -1234.0 0.686 0.686 0.686
v 1034.0 -36.0 -1325.0 0.478 0.478 0.478
v 1034.0 -36.0 -1234.0 0.482 0.482 0.482
v 1034.0 -41.0 -1325.0 0.345 0.345 0.345
v 1034.0 -41.0 -1234.0 0.345 0.345 0.345
v 1036.0 -47.0 -1325.0 0.345 0.345 0.345
v 1036.0 -47.0 -1234.0 0.345 0.345 0.345
v 1039.0 -52.0 -1325.0 0.345 0.345 0.345
v 1039.0 -52.0 -1234.0 0.345 0.345 0.345
v 1044.0 -55.0 -1325.0 0.345 0.345 0.345
v 1044.0 -55.0 -1234.0 0.345 0.345 0.345
v 1044.0 -55.0 -1234.0 0.345 0.345 0.345
v 1044.0 -55.0 -1325.0 0.345 0.345 0.345
v 1049.0 -57.0 -1325.0 0.345 0.345 0.345
v 1049.0 -57.0 -1234.0 0.345 0.345 0.345
v 1055.0 -57.0 -1325.0 0.345 0.345 0.345
v 1055.0 -57.0 -1234.0 0.345 0.345 0.345
v 1060.0 -55.0 -1325.0 0.345 0.345 0.345
v 1060.0 -55.0 -1234.0 0.345 0.345 0.345
v 1065.0 -52.0 -1325.0 0.345 0.345 0.345
v 1065.0 -52.0 -1234.0 0.345 0.345 0.345
v 1052.0 -39.0 -1231.0 0.345 0.345 0.345
v 1055.0 -21.0 -1234.0 1.000 1.000 1.000
v 1049.0 -21.0 -1234.0 1.000 1.000 1.000
v 1060.0 -23.0 -1234.0 0.949 0.949 0.949
v 1065.0 -26.0 -1234.0 0.753 0.753 0.753
v 1068.0 -31.0 -1234.0 0.424 0.424 0.424
v 1068.0 -31.0 -1234.0 0.424 0.424 0.424
v 1052.0 -39.0 -1231.0 0.345 0.345 0.345
v 1070.0 -36.0 -1234.0 0.369 0.369 0.369
v 1070.0 -42.0 -1234.0 0.345 0.345 0.345
v 1068.0 -47.0 -1234.0 0.345 0.345 0.345
v 1065.0 -52.0 -1234.0 0.345 0.345 0.345
v 1060.0 -55.0 -1234.0 0.345 0.345 0.345
v 1055.0 -57.0 -1234.0 0.345 0.345 0.345
v 1049.0 -57.0 -1234.0 0.345 0.345 0.345
v 1044.0 -55.0 -1234.0 0.345 0.345 0.345
v 1039.0 -52.0 -1234.0 0.345 0.345 0.345
v 1036.0 -47.0 -1234.0 0.345 0.345 0.345
v 1034.0 -41.0 -1234.0 0.345 0.345 0.345
v 1034.0 -36.0 -1234.0 0.482 0.482 0.482
v 1036.0 -30.0 -1234.0 0.686 0.686 0.686
v 1039.0 -26.0 -1234.0 0.851 0.851 0.851
v 1039.0 -26.0 -1234.0 0.851 0.851 0.851
v 1052.0 -39.0 -1231.0 0.345 0.345 0.345
v 1044.0 -22.0 -1234.0 0.961 0.961 0.961
v 1049.0 -21.0 -1234.0 1.000 1.000 1.000
v 633.0 -59.0 -1025.0 1.000 1.000 1.000
v 633.0 -59.0 -1243.0 0.725 0.773 0.847
v 591.0 -59.0 -1243.0 0.725 0.773 0.847
v 591.0 -59.0 -1025.0 0.863 0.863 0.863
v 1074.0 -59.0 -1332.0 0.725 0.773 0.847
v 1031.0 -59.0 -1332.0 0.725 0.773 0.847
v 1031.0 -59.0 -1113.0 0.725 0.773 0.847
v 1074.0 -59.0 -1113.0 0.725 0.773 0.847
v 644.0 -59.0 -1243.0 0.725 0.773 0.847
v 638.0 -46.0 -1243.0 1.000 1.000 1.000
v 638.0 -46.0 -1143.0 1.000 1.000 1.000
v 644.0 -59.0 -1143.0 0.725 0.773 0.847
v 638.0 -59.0 -1125.0 0.725 0.773 0.847
v 638.0 -46.0 -1125.0 1.000 1.000 1.000
v 644.0 -59.0 -1125.0 0.725 0.773 0.847
v 644.0 -59.0 -1143.0 0.404 0.404 0.404
v 638.0 -46.0 -1143.0 0.404 0.404 0.404
v 638.0 -59.0 -1143.0 0.404 0.404 0.404
v 644.0 -59.0 -1125.0 0.725 0.773 0.847
v 638.0 -46.0 -1125.0 1.000 1.000 1.000
v 638.0 -46.0 -1025.0 1.000 1.000 1.000
v 644.0 -59.0 -1025.0 0.725 0.773 0.847
v 624.0 -59.0 -1334.0 0.886 0.886 0.886
v 624.0 -19.0 -1334.0 0.886 0.886 0.886
v 649.0 -19.0 -1334.0 0.886 0.886 0.886
v 649.0 -59.0 -1334.0 0.886 0.886 0.886
v 649.0 -59.0 -1025.0 0.596 0.596 0.596
v 649.0 -19.0 -1025.0 0.596 0.596 0.596
v 649.0 -19.0 -945.0 0.596 0.596 0.596
v 649.0 -59.0 -945.0 0.596 0.596 0.596
v 591.0 -59.0 -1025.0 0.886 0.886 0.886
v 591.0 -19.0 -1025.0 0.886 0.886 0.886
v 649.0 -19.0 -1025.0 0.886 0.886 0.886
v 649.0 -59.0 -1025.0 0.886 0.886 0.886
v 591.0 -59.0 -1243.0 0.596 0.596 0.596
v 591.0 -19.0 -1243.0 0.596 0.596 0.596
v 591.0 -19.0 -1025.0 0.596 0.596 0.596
v 591.0 -59.0 -1025.0 0.596 0.596 0.596
v 649.0 -59.0 -1243.0 0.404 0.404 0.404
v 649.0 -19.0 -1243.0 0.404 0.404 0.404
v 591.0 -19.0 -1243.0 0.404 0.404 0.404
v 591.0 -59.0 -1243.0 0.404 0.404 0.404
v 649.0 -59.0 -1334.0 0.596 0.596 0.596
v 649.0 -19.0 -1334.0 0.596 0.596 0.596
v 649.0 -19.0 -1243.0 0.596 0.596 0.596
v 649.0 -59.0 -1243.0 0.596 0.596 0.596
v 1020.0 -59.0 -1113.0 0.725 0.773 0.847
v 1027.0 -46.0 -1113.0 1.000 1.000 1.000
v 1027.0 -46.0 -1214.0 1.000 1.000 1.000
v 1020.0 -59.0 -1214.0 0.725 0.773 0.847
v 1027.0 -59.0 -1232.0 0.471 0.471 0.471
v 1027.0 -46.0 -1232.0 0.471 0.471 0.471
v 1020.0 -59.0 -1232.0 0.471 0.471 0.471
v 1020.0 -59.0 -1214.0 0.725 0.773 0.847
v 1027.0 -46.0 -1214.0 1.000 1.000 1.000
v 1027.0 -59.0 -1214.0 0.725 0.773 0.847
v 1020.0 -59.0 -1232.0 0.725 0.773 0.847
v 1027.0 -46.0 -1232.0 1.000 1.000 1.000
v 1027.0 -46.0 -1332.0 1.000 1.000 1.000
v 1020.0 -59.0 -1332.0 0.725 0.773 0.847
v 1074.0 -59.0 -1332.0 0.471 0.471 0.471
v 1074.0 -19.0 -1332.0 0.471 0.471 0.471
v 1015.0 -19.0 -1332.0 0.471 0.471 0.471
v 1015.0 -59.0 -1332.0 0.471 0.471 0.471
v 1074.0 -59.0 -1113.0 0.725 0.773 0.847
v 1074.0 -19.0 -1113.0 1.000 1.000 1.000
v 1074.0 -19.0 -1332.0 1.000 1.000 1.000
v 1074.0 -59.0 -1332.0 0.725 0.773 0.847
v 1015.0 -59.0 -1113.0 0.725 0.773 0.847
v 1015.0 -19.0 -1113.0 0.753 0.753 0.753
v 1074.0 -19.0 -1113.0 1.000 1.000 1.000
v 1074.0 -59.0 -1113.0 0.725 0.773 0.847
v 1015.0 -19.0 -952.0 0.996 0.996 0.996
v 1015.0 -19.0 -1113.0 0.753 0.753 0.753
v 1015.0 -59.0 -1113.0 0.725 0.773 0.847
v 1015.0 -59.0 -952.0 0.996 0.996 0.996
v 630.0 -41.0 -1055.0 0.345 0.345 0.345
v 630.0 -41.0 -1040.0 0.345 0.345 0.345
v 629.0 -47.0 -1040.0 0.345 0.345 0.345
v 629.0 -47.0 -1055.0 0.345 0.345 0.345
v 630.0 -41.0 -1169.0 0.345 0.345 0.345
v 630.0 -41.0 -1154.0 0.345 0.345 0.345
v 629.0 -47.0 -1154.0 0.345 0.345 0.345
v 629.0 -47.0 -1169.0 0.345 0.345 0.345
v 1035.0 -45.0 -1193.0 0.345 0.345 0.345
v 1035.0 -45.0 -1178.0 0.345 0.345 0.345
v 1034.0 -41.0 -1178.0 0.345 0.345 0.345
v 1034.0 -41.0 -1193.0 0.345 0.345 0.345
v 1035.0 -45.0 -1306.0 0.345 0.345 0.345
v 1035.0 -45.0 -1292.0 0.345 0.345 0.345
v 1034.0 -41.0 -1292.0 0.345 0.345 0.345
v 1034.0 -41.0 -1306.0 0.345 0.345 0.345
v 824.0 -59.0 -1251.0 0.588 0.588 0.000
v 829.0 -59.0 -1251.0 0.588 0.588 0.000
v 829.0 -59.0 -1316.0 0.588 0.588 0.000
v 824.0 -59.0 -1316.0 0.588 0.588 0.000
v 824.0 -59.0 -1153.0 0.588 0.588 0.000
v 829.0 -59.0 -1153.0 0.588 0.588 0.000
v 829.0 -59.0 -1225.0 0.588 0.588 0.000
v 824.0 -59.0 -1225.0 0.588 0.588 0.000
v 824.0 -59.0 -1062.0 0.588 0.588 0.000
v 829.0 -59.0 -1062.0 0.588 0.588 0.000
v 829.0 -59.0 -1134.0 0.588 0.588 0.000
v 824.0 -59.0 -1134.0 0.588 0.588 0.000
v 824.0 -59.0 -971.0 0.588 0.588 0.000
v 829.0 -59.0 -971.0 0.588 0.588 0.000
v 829.0 -59.0 -1043.0 0.588 0.588 0.000
v 824.0 -59.0 -1043.0 0.588 0.588 0.000
v 721.0 -59.0 -1316.0 0.533 0.533 0.533
v 692.0 -59.0 -1316.0 1.000 1.000 1.000
v 692.0 -59.0 -1225.0 1.000 1.000 1.000
v 721.0 -59.0 -1225.0 0.533 0.533 0.533
v 974.0 -59.0 -1316.0 1.000 1.000 1.000
v 946.0 -59.0 -1316.0 1.000 1.000 1.000
v 946.0 -59.0 -1225.0 1.000 1.000 1.000
v 974.0 -59.0 -1225.0 1.000 1.000 1.000
v 721.0 -59.0 -1225.0 0.533 0.533 0.533
v 692.0 -59.0 -1225.0 1.000 1.000 1.000
v 692.0 -59.0 -1134.0 1.000 1.000 1.000
v 721.0 -59.0 -1134.0 0.533 0.533 0.533
v 974.0 -59.0 -1225.0 1.000 1.000 1.000
v 946.0 -59.0 -1225.0 1.000 1.000 1.000
v 946.0 -59.0 -1134.0 1.000 1.000 1.000
v 974.0 -59.0 -1134.0 1.000 1.000 1.000
v 721.0 -59.0 -1134.0 0.533 0.533 0.533
v 692.0 -59.0 -1134.0 1.000 1.000 1.000
v 692.0 -59.0 -1043.0 1.000 1.000 1.000
v 721.0 -59.0 -1043.0 0.533 0.533 0.533
v 974.0 -59.0 -1134.0 1.000 1.000 1.000
v 946.0 -59.0 -1134.0 1.000 1.000 1.000
v 946.0 -59.0 -1043.0 1.000 1.000 1.000
v 974.0 -59.0 -1043.0 1.000 1.000 1.000
v 721.0 -59.0 -1043.0 0.533 0.533 0.533
v 692.0 -59.0 -1043.0 1.000 1.000 1.000
v 692.0 -59.0 -952.0 1.000 1.000 1.000
v 721.0 -59.0 -952.0 0.533 0.533 0.533
v 974.0 -59.0 -1043.0 1.000 1.000 1.000
v 946.0 -59.0 -1043.0 1.000 1.000 1.000
v 946.0 -59.0 -952.0 1.000 1.000 1.000
v 974.0 -59.0 -952.0 1.000 1.000 1.000
v 649.0 -59.0 -1025.0 0.596 0.596 0.596
v 649.0 -19.0 -1025.0 0.596 0.596 0.596
v 649.0 -19.0 -1020.0 0.596 0.596 0.596
v 649.0 -59.0 -1020.0 0.596 0.596 0.596
v 649.0 -59.0 -1243.0 0.404 0.404 0.404
v 649.0 -19.0 -1243.0 0.404 0.404 0.404
v 645.0 -19.0 -1243.0 0.404 0.404 0.404
v 645.0 -59.0 -1243.0 0.404 0.404 0.404
v 649.0 -59.0 -1334.0 0.596 0.596 0.596
v 649.0 -19.0 -1334.0 0.596 0.596 0.596
v 649.0 -19.0 -1329.0 0.596 0.596 0.596
v 649.0 -59.0 -1329.0 0.596 0.596 0.596
v 1015.0 -59.0 -1113.0 0.725 0.773 0.847
v 1015.0 -19.0 -1113.0 0.753 0.753 0.753
v 1020.0 -19.0 -1113.0 0.753 0.753 0.753
v 1020.0 -59.0 -1113.0 0.725 0.773 0.847
v 644.0 -59.0 -1334.0 0.886 0.886 0.886
v 644.0 -19.0 -1334.0 0.886 0.886 0.886
v 649.0 -19.0 -1334.0 0.886 0.886 0.886
v 649.0 -59.0 -1334.0 0.886 0.886 0.886
v 649.0 -59.0 -947.0 0.596 0.596 0.596
v 649.0 -19.0 -947.0 0.596 0.596 0.596
v 649.0 -19.0 -945.0 0.596 0.596 0.596
v 649.0 -59.0 -945.0 0.596 0.596 0.596
v 645.0 -59.0 -1025.0 0.886 0.886 0.886
v 645.0 -19.0 -1025.0 0.886 0.886 0.886
v 649.0 -19.0 -1025.0 0.886 0.886 0.886
v 649.0 -59.0 -1025.0 0.886 0.886 0.886
v 649.0 -59.0 -1248.0 0.596 0.596 0.596
v 649.0 -19.0 -1248.0 0.596 0.596 0.596
v 649.0 -19.0 -1243.0 0.596 0.596 0.596
v 649.0 -59.0 -1243.0 0.596 0.596 0.596
v 1019.0 -59.0 -1332.0 0.471 0.471 0.471
v 1019.0 -19.0 -1332.0 0.471 0.471 0.471
v 1015.0 -19.0 -1332.0 0.471 0.471 0.471
v 1015.0 -59.0 -1332.0 0.471 0.471 0.471
v 1015.0 -59.0 -1108.0 0.725 0.773 0.847
v 1015.0 -19.0 -1108.0 0.753 0.753 0.753
v 1015.0 -19.0 -1113.0 0.753 0.753 0.753
v 1015.0 -59.0 -1113.0 0.725 0.773 0.847
v 1384.0 -23.0 -178.0 1.000 1.000 1.000
v 1398.0 -23.0 -178.0 1.000 1.000 1.000
v 1398.0 -23.0 -248.0 1.000 1.000 1.000
v 1384.0 -23.0 -248.0 1.000 1.000 1.000
v 1466.0 -23.0 -178.0 1.000 1.000 1.000
v 1466.0 -23.0 -248.0 1.000 1.000 1.000
v 1453.0 -23.0 -248.0 1.000 1.000 1.000
v 1453.0 -23.0 -178.0 1.000 1.000 1.000
v 1466.0 -23.0 -178.0 0.337 0.337 0.337
v 1453.0 -41.0 -178.0 0.267 0.267 0.267
v 1453.0 -13.0 -178.0 0.267 0.267 0.267
v 1429.0 -9.0 -178.0 0.188 0.188 0.188
v 1398.0 -41.0 -178.0 0.106 0.106 0.106
v 1409.0 -10.0 -178.0 0.267 0.267 0.267
v 1384.0 -23.0 -178.0 0.106 0.106 0.106
v 1398.0 -59.0 -220.0 0.349 0.349 0.349
v 1398.0 -27.0 -220.0 0.349 0.349 0.349
v 1453.0 -27.0 -220.0 0.349 0.349 0.349
v 1453.0 -59.0 -220.0 0.349 0.349 0.349
v 1225.0 -59.0 -556.0 1.000 1.000 1.000
v 1147.0 -59.0 -556.0 1.000 1.000 1.000
v 1189.0 -59.0 -524.0 1.000 1.000 1.000
v 1245.0 -59.0 -475.0 1.000 1.000 1.000
v 1245.0 -59.0 -475.0 0.533 0.533 0.533
v 1189.0 -59.0 -524.0 0.533 0.533 0.533
v 1189.0 -59.0 -378.0 0.404 0.404 0.404
v 1247.0 -59.0 -329.0 0.533 0.533 0.533
v 1201.0 -59.0 -299.0 0.404 0.404 0.404
v 1189.0 -59.0 -268.0 0.188 0.188 0.188
v 1307.0 -59.0 -424.0 0.533 0.533 0.533
v 1291.0 -59.0 -344.0 0.533 0.533 0.533
v 1398.0 -59.0 -417.0 0.533 0.533 0.533
v 1307.0 -59.0 -424.0 1.000 1.000 1.000
v 1291.0 -59.0 -344.0 1.000 1.000 1.000
v 1374.0 -59.0 -303.0 0.188 0.188 0.188
v 1465.0 -59.0 -303.0 1.000 1.000 1.000
v 1450.0 -59.0 -416.0 0.471 0.471 0.471
v 1398.0 -59.0 -417.0 0.471 0.471 0.471
v 1465.0 -59.0 -303.0 0.471 0.471 0.471
v 1549.0 -59.0 -362.0 0.471 0.471 0.471
v 1483.0 -59.0 -264.0 0.471 0.471 0.471
v 1466.0 -59.0 -276.0 1.000 1.000 1.000
v 1483.0 -59.0 -264.0 0.949 0.949 0.949
v 1453.0 -59.0 -276.0 1.000 1.000 1.000
v 1398.0 -59.0 -276.0 1.000 1.000 1.000
v 1384.0 -59.0 -276.0 0.957 0.957 0.957
v 1398.0 -59.0 -220.0 1.000 1.000 1.000
v 1453.0 -59.0 -220.0 1.000 1.000 1.000
v 1453.0 -59.0 -276.0 1.000 1.000 1.000
v 1398.0 -59.0 -220.0 1.000 1.000 1.000
v 1549.0 -59.0 -362.0 0.471 0.471 0.471
v 1529.0 -59.0 -477.0 0.471 0.471 0.471
v 1450.0 -59.0 -416.0 0.471 0.471 0.471
v 1443.0 -59.0 -590.0 0.471 0.471 0.471
v 1398.0 -59.0 -417.0 0.471 0.471 0.471
v 1341.0 -59.0 -604.0 0.471 0.471 0.471
v 1307.0 -59.0 -424.0 1.000 1.000 1.000
v 1398.0 -59.0 -417.0 0.533 0.533 0.533
v 1341.0 -59.0 -604.0 1.000 1.000 1.000
v 1245.0 -59.0 -475.0 1.000 1.000 1.000
v 1225.0 -59.0 -556.0 1.000 1.000 1.000
v 1544.0 -59.0 -700.0 0.471 0.471 0.471
v 1544.0 -59.0 -700.0 0.471 0.471 0.471
v 1490.0 -59.0 -778.0 0.471 0.471 0.471
v 1419.0 -59.0 -716.0 0.471 0.471 0.471
v 1443.0 -59.0 -590.0 0.471 0.471 0.471
v 1341.0 -59.0 -604.0 0.471 0.471 0.471
v 1321.0 -59.0 -765.0 0.471 0.471 0.471
v 1326.0 -59.0 -833.0 0.471 0.471 0.471
v 1275.0 -59.0 -815.0 0.471 0.471 0.471
v 1275.0 -59.0 -797.0 0.471 0.471 0.471
v 1186.0 -59.0 -759.0 0.471 0.471 0.471
v 1225.0 -59.0 -556.0 1.000 1.000 1.000
v 1341.0 -59.0 -604.0 1.000 1.000 1.000
v 1186.0 -59.0 -759.0 1.000 1.000 1.000
v 1147.0 -59.0 -556.0 1.000 1.000 1.000
v 1163.0 -59.0 -797.0 0.471 0.471 0.471
v 1102.0 -59.0 -619.0 0.533 0.533 0.533
v 1074.0 -59.0 -749.0 0.533 0.533 0.533
v 1102.0 -59.0 -619.0 0.533 0.533 0.533
v 1186.0 -59.0 -759.0 1.000 1.000 1.000
v 1186.0 -59.0 -759.0 0.471 0.471 0.471
v 1163.0 -59.0 -797.0 0.471 0.471 0.471
v 1052.0 -59.0 -797.0 0.471 0.471 0.471
v 1052.0 -59.0 -797.0 1.000 1.000 1.000
v 1266.0 -19.0 -815.0 1.000 1.000 1.000
v 1266.0 -19.0 -806.0 1.000 1.000 1.000
v 1275.0 -19.0 -797.0 1.000 1.000 1.000
v 1275.0 -19.0 -815.0 0.667 0.667 0.667
v 1061.0 -19.0 -806.0 1.000 1.000 1.000
v 1052.0 -19.0 -797.0 1.000 1.000 1.000
v 1543.0 2.0 -307.0 0.345 0.345 0.345
v 1592.0 122.0 -339.0 0.106 0.106 0.106
v 1549.0 -59.0 -362.0 0.106 0.106 0.106
v 1543.0 2.0 -307.0 0.345 0.345 0.345
v 1504.0 101.0 -312.0 0.106 0.106 0.106
v 1592.0 122.0 -339.0 0.106 0.106 0.106
v 1592.0 122.0 -339.0 0.106 0.106 0.106
v 1504.0 101.0 -312.0 0.106 0.106 0.106
v 1543.0 294.0 -320.0 0.345 0.345 0.345
v 1438.0 283.0 -264.0 0.478 0.478 0.478
v 1450.0 112.0 -299.0 0.345 0.345 0.345
v 1367.0 107.0 -312.0 0.267 0.267 0.267
v 1342.0 310.0 -312.0 0.345 0.345 0.345
v 1483.0 -59.0 -264.0 0.188 0.188 0.188
v 1549.0 -59.0 -362.0 0.106 0.106 0.106
v 1480.0 -14.0 -264.0 0.188 0.188 0.188
v 1463.0 -1.0 -264.0 0.188 0.188 0.188
v 1433.0 11.0 -264.0 0.188 0.188 0.188
v 1450.0 112.0 -299.0 0.345 0.345 0.345
v 1433.0 11.0 -264.0 0.188 0.188 0.188
v 1399.0 6.0 -264.0 0.188 0.188 0.188
v 1450.0 112.0 -299.0 0.345 0.345 0.345
v 1367.0 107.0 -312.0 0.267 0.267 0.267
v 1372.0 -16.0 -264.0 0.188 0.188 0.188
v 1374.0 -59.0 -303.0 0.188 0.188 0.188
v 1291.0 -59.0 -344.0 0.831 0.831 0.831
v 1307.0 89.0 -264.0 0.106 0.106 0.106
v 1367.0 107.0 -312.0 0.267 0.267 0.267
v 1307.0 89.0 -264.0 0.106 0.106 0.106
v 1342.0 310.0 -312.0 0.345 0.345 0.345
v 1296.0 89.0 -272.0 0.831 0.831 0.831
v 1266.0 89.0 -291.0 0.106 0.106 0.106
v 1263.0 310.0 -307.0 0.831 0.831 0.831
v 1266.0 89.0 -291.0 0.106 0.106 0.106
v 1296.0 89.0 -272.0 0.831 0.831 0.831
v 1291.0 -59.0 -344.0 0.831 0.831 0.831
v 1247.0 -59.0 -329.0 0.835 0.792 0.737
v 1266.0 89.0 -291.0 0.106 0.106 0.106
v 1307.0 89.0 -264.0 0.106 0.106 0.106
v 1296.0 89.0 -272.0 0.831 0.831 0.831
v 1189.0 -59.0 -268.0 0.267 0.267 0.267
v 1212.0 89.0 -200.0 0.267 0.267 0.267
v 1224.0 89.0 -258.0 0.106 0.106 0.106
v 1201.0 -59.0 -299.0 0.596 0.596 0.596
v 1201.0 -59.0 -299.0 0.596 0.596 0.596
v 1224.0 89.0 -258.0 0.106 0.106 0.106
v 1247.0 -59.0 -329.0 0.267 0.267 0.267
v 1212.0 89.0 -200.0 0.529 0.529 0.529
v 1135.0 329.0 -99.0 0.584 0.584 0.584
v 1235.0 283.0 -216.0 0.886 0.886 0.886
v 1235.0 283.0 -216.0 0.404 0.404 0.404
v 1224.0 89.0 -258.0 0.106 0.106 0.106
v 1235.0 283.0 -216.0 0.404 0.404 0.404
v 1263.0 310.0 -307.0 0.404 0.404 0.404
v 1266.0 89.0 -291.0 0.106 0.106 0.106
v 1495.0 165.0 -790.0 0.106 0.106 0.106
v 1539.0 158.0 -793.0 0.106 0.106 0.106
v 1556.0 297.0 -805.0 0.106 0.106 0.106
v 1381.0 166.0 -806.0 0.471 0.471 0.471
v 1467.0 165.0 -824.0 0.714 0.714 0.714
v 1449.0 335.0 -837.0 0.655 0.655 0.655
v 1370.0 339.0 -848.0 0.655 0.655 0.655
v 1331.0 109.0 -861.0 0.714 0.714 0.714
v 1306.0 304.0 -839.0 0.345 0.345 0.345
v 1270.0 319.0 -858.0 0.106 0.106 0.106
v 1268.0 167.0 -837.0 0.106 0.106 0.106
v 1268.0 167.0 -837.0 0.106 0.106 0.106
v 1270.0 319.0 -858.0 0.106 0.106 0.106
v 1208.0 353.0 -837.0 0.435 0.435 0.435
v 1240.0 165.0 -822.0 0.463 0.463 0.463
v 1495.0 165.0 -790.0 0.106 0.106 0.106
v 1490.0 -59.0 -778.0 0.106 0.106 0.106
v 1539.0 158.0 -793.0 0.106 0.106 0.106
v 1467.0 165.0 -824.0 0.714 0.714 0.714
v 1381.0 166.0 -806.0 0.471 0.471 0.471
v 1326.0 -59.0 -833.0 0.337 0.337 0.337
v 1331.0 109.0 -861.0 0.714 0.714 0.714
v 1275.0 -59.0 -815.0 0.106 0.106 0.106
v 1268.0 167.0 -837.0 0.106 0.106 0.106
v 1556.0 297.0 -805.0 0.106 0.106 0.106
v 1449.0 335.0 -837.0 0.655 0.655 0.655
v 1275.0 -19.0 -815.0 0.106 0.106 0.106
v 1265.0 -19.0 -804.0 0.106 0.106 0.106
v 1275.0 -19.0 -815.0 0.106 0.106 0.106
v 1240.0 165.0 -822.0 0.463 0.463 0.463
v 1146.0 165.0 -831.0 0.471 0.471 0.471
v 1107.0 -19.0 -806.0 0.337 0.337 0.337
v 1208.0 353.0 -837.0 0.435 0.435 0.435
v 1589.0 122.0 -393.0 0.596 0.596 0.596
v 1549.0 -59.0 -362.0 0.106 0.106 0.106
v 1592.0 122.0 -339.0 0.106 0.106 0.106
v 1543.0 294.0 -320.0 0.345 0.345 0.345
v 1568.0 306.0 -390.0 0.596 0.596 0.596
v 1559.0 104.0 -482.0 0.337 0.337 0.337
v 1570.0 265.0 -541.0 0.337 0.337 0.337
v 1573.0 171.0 -606.0 0.400 0.400 0.400
v 1560.0 338.0 -628.0 0.388 0.388 0.388
v 1533.0 153.0 -701.0 0.337 0.337 0.337
v 1533.0 153.0 -701.0 0.337 0.337 0.337
v 1560.0 338.0 -628.0 0.388 0.388 0.388
v 1566.0 310.0 -760.0 0.337 0.337 0.337
v 1539.0 158.0 -793.0 0.106 0.106 0.106
v 1556.0 297.0 -805.0 0.106 0.106 0.106
v 1549.0 -59.0 -362.0 0.106 0.106 0.106
v 1589.0 122.0 -393.0 0.596 0.596 0.596
v 1559.0 104.0 -482.0 0.337 0.337 0.337
v 1529.0 -59.0 -477.0 0.596 0.596 0.596
v 1573.0 171.0 -606.0 0.400 0.400 0.400
v 1544.0 -59.0 -700.0 0.337 0.337 0.337
v 1490.0 -59.0 -778.0 0.106 0.106 0.106
v 1189.0 -59.0 -214.0 0.267 0.267 0.267
v 1171.0 89.0 -183.0 0.573 0.573 0.573
v 1212.0 89.0 -200.0 0.529 0.529 0.529
v 1189.0 -59.0 -268.0 0.267 0.267 0.267
v 1171.0 89.0 -183.0 0.573 0.573 0.573
v 1135.0 329.0 -99.0 0.584 0.584 0.584
v 1212.0 89.0 -200.0 0.529 0.529 0.529
v 1146.0 165.0 -831.0 0.471 0.471 0.471
v 1208.0 353.0 -837.0 0.435 0.435 0.435
v 1118.0 359.0 -837.0 0.412 0.412 0.412
v 1107.0 -19.0 -806.0 0.337 0.337 0.337
v 1075.0 165.0 -854.0 0.545 0.545 0.545
v 1275.0 -19.0 -815.0 0.106 0.106 0.106
v 1275.0 -59.0 -815.0 0.106 0.106 0.106
v 1268.0 167.0 -837.0 0.106 0.106 0.106
v 1384.0 -23.0 -248.0 0.361 0.361 0.361
v 1384.0 -41.0 -276.0 0.361 0.361 0.361
v 1384.0 -59.0 -276.0 0.361 0.361 0.361
v 1466.0 -59.0 -276.0 0.345 0.345 0.345
v 1466.0 -41.0 -276.0 0.345 0.345 0.345
v 1466.0 -23.0 -248.0 0.345 0.345 0.345
v 1453.0 -23.0 -220.0 0.361 0.361 0.361
v 1453.0 -27.0 -220.0 0.361 0.361 0.361
v 1453.0 -41.0 -178.0 0.361 0.361 0.361
v 1453.0 -23.0 -178.0 0.361 0.361 0.361
v 1398.0 -23.0 -178.0 0.345 0.345 0.345
v 1398.0 -41.0 -178.0 0.345 0.345 0.345
v 1398.0 -27.0 -220.0 0.345 0.345 0.345
v 1398.0 -23.0 -220.0 0.345 0.345 0.345
v 1453.0 -23.0 -248.0 0.361 0.361 0.361
v 1453.0 -41.0 -276.0 0.361 0.361 0.361
v 1398.0 -41.0 -276.0 0.345 0.345 0.345
v 1398.0 -23.0 -248.0 0.345 0.345 0.345
v 1453.0 -59.0 -220.0 0.361 0.361 0.361
v 1453.0 -59.0 -220.0 0.361 0.361 0.361
v 1453.0 -41.0 -276.0 0.361 0.361 0.361
v 1453.0 -59.0 -276.0 0.361 0.361 0.361
v 1398.0 -41.0 -276.0 0.345 0.345 0.345
v 1398.0 -27.0 -220.0 0.345 0.345 0.345
v 1398.0 -59.0 -220.0 0.345 0.345 0.345
v 1398.0 -59.0 -276.0 0.345 0.345 0.345
v 1384.0 -23.0 -248.0 1.000 1.000 1.000
v 1398.0 -23.0 -248.0 1.000 1.000 1.000
v 1398.0 -41.0 -276.0 0.784 0.784 0.784
v 1384.0 -41.0 -276.0 0.784 0.784 0.784
v 1384.0 -41.0 -276.0 0.404 0.404 0.404
v 1398.0 -41.0 -276.0 0.404 0.404 0.404
v 1398.0 -59.0 -276.0 0.404 0.404 0.404
v 1384.0 -59.0 -276.0 0.404 0.404 0.404
v 1466.0 -41.0 -276.0 0.784 0.784 0.784
v 1453.0 -41.0 -276.0 0.784 0.784 0.784
v 1453.0 -23.0 -248.0 1.000 1.000 1.000
v 1466.0 -23.0 -248.0 1.000 1.000 1.000
v 1453.0 -41.0 -276.0 0.404 0.404 0.404
v 1466.0 -41.0 -276.0 0.404 0.404 0.404
v 1466.0 -59.0 -276.0 0.404 0.404 0.404
v 1453.0 -59.0 -276.0 0.404 0.404 0.404
v 1466.0 -59.0 -276.0 0.404 0.404 0.404
v 1466.0 -23.0 -248.0 0.404 0.404 0.404
v 1483.0 -59.0 -264.0 0.188 0.188 0.188
v 1466.0 -23.0 -248.0 0.345 0.345 0.345
v 1480.0 -14.0 -264.0 0.188 0.188 0.188
v 1483.0 -59.0 -264.0 0.188 0.188 0.188
v 1456.0 -10.0 -238.0 0.345 0.345 0.345
v 1463.0 -1.0 -264.0 0.188 0.188 0.188
v 1456.0 -10.0 -238.0 0.345 0.345 0.345
v 1433.0 11.0 -264.0 0.188 0.188 0.188
v 1463.0 -1.0 -264.0 0.188 0.188 0.188
v 1430.0 -3.0 -238.0 0.345 0.345 0.345
v 1430.0 -3.0 -238.0 0.345 0.345 0.345
v 1399.0 6.0 -264.0 0.188 0.188 0.188
v 1433.0 11.0 -264.0 0.188 0.188 0.188
v 1406.0 -6.0 -238.0 0.337 0.337 0.337
v 1384.0 -23.0 -248.0 0.267 0.267 0.267
v 1372.0 -16.0 -264.0 0.188 0.188 0.188
v 1384.0 -59.0 -276.0 0.188 0.188 0.188
v 1374.0 -59.0 -303.0 0.188 0.188 0.188
v 1466.0 -23.0 -178.0 0.345 0.345 0.345
v 1466.0 -23.0 -248.0 0.345 0.345 0.345
v 1453.0 -13.0 -178.0 0.345 0.345 0.345
v 1429.0 -9.0 -178.0 0.267 0.267 0.267
v 1429.0 -9.0 -178.0 0.267 0.267 0.267
v 1409.0 -10.0 -178.0 0.267 0.267 0.267
v 1430.0 -3.0 -238.0 0.345 0.345 0.345
v 1406.0 -6.0 -238.0 0.337 0.337 0.337
v 1384.0 -23.0 -178.0 0.267 0.267 0.267
v 1384.0 -23.0 -248.0 0.267 0.267 0.267
v 1275.0 -59.0 -815.0 0.725 0.773 0.847
v 1275.0 -19.0 -815.0 0.667 0.667 0.667
v 1275.0 -19.0 -797.0 1.000 1.000 1.000
v 1275.0 -59.0 -797.0 0.725 0.773 0.847
v 1275.0 -59.0 -797.0 0.471 0.471 0.471
v 1275.0 -19.0 -797.0 0.471 0.471 0.471
v 1052.0 -19.0 -797.0 0.471 0.471 0.471
v 1052.0 -59.0 -797.0 0.471 0.471 0.471
v 1398.0 -59.0 -417.0 0.533 0.533 0.533
v 1291.0 -59.0 -344.0 1.000 1.000 1.000
v 1374.0 -59.0 -303.0 0.188 0.188 0.188
v 1465.0 -59.0 -303.0 1.000 1.000 1.000
v 1453.0 -59.0 -276.0 1.000 1.000 1.000
v 1398.0 -59.0 -276.0 1.000 1.000 1.000
v 1398.0 -59.0 -220.0 1.000 1.000 1.000
v 1453.0 -59.0 -220.0 1.000 1.000 1.000
v 1398.0 -59.0 -417.0 0.471 0.471 0.471
v 1443.0 -59.0 -590.0 0.471 0.471 0.471
v 1341.0 -59.0 -604.0 0.471 0.471 0.471
v 1307.0 -59.0 -424.0 1.000 1.000 1.000
v 1398.0 -59.0 -417.0 0.533 0.533 0.533
v 1341.0 -59.0 -604.0 1.000 1.000 1.000
v 1225.0 -59.0 -556.0 1.000 1.000 1.000
v 1341.0 -59.0 -604.0 1.000 1.000 1.000
v 1186.0 -59.0 -759.0 1.000 1.000 1.000
v 1059.0 -59.0 -797.0 0.471 0.471 0.471
v 1059.0 -19.0 -797.0 0.471 0.471 0.471
v 1052.0 -19.0 -797.0 0.471 0.471 0.471
v 1052.0 -59.0 -797.0 0.471 0.471 0.471
v 597.0 -59.0 -556.0 1.000 1.000 1.000
v 597.0 -41.0 -556.0 1.000 1.000 1.000
v 760.0 -41.0 -556.0 1.000 1.000 1.000
v 833.0 -59.0 -556.0 1.000 1.000 1.000
v 597.0 -59.0 -524.0 0.800 0.800 0.800
v 597.0 -41.0 -524.0 0.929 0.929 0.929
v 597.0 -41.0 -556.0 1.000 1.000 1.000
v 597.0 -59.0 -556.0 1.000 1.000 1.000
v 946.0 -59.0 -870.0 1.000 1.000 1.000
v 904.0 -59.0 -773.0 1.000 1.000 1.000
v 974.0 -59.0 -870.0 1.000 1.000 1.000
v 837.0 -59.0 -804.0 1.000 1.000 1.000
v 837.0 -59.0 -804.0 1.000 1.000 1.000
v 824.0 -59.0 -788.0 1.000 1.000 1.000
v 864.0 -59.0 -780.0 0.996 0.996 0.996
v 904.0 -59.0 -773.0 1.000 1.000 1.000
v 837.0 -59.0 -804.0 1.000 1.000 1.000
v 721.0 -59.0 -870.0 1.000 1.000 1.000
v 824.0 -59.0 -788.0 1.000 1.000 1.000
v 837.0 -59.0 -804.0 1.000 1.000 1.000
v 946.0 -59.0 -870.0 1.000 1.000 1.000
v 721.0 -59.0 -870.0 1.000 1.000 1.000
v 692.0 -59.0 -870.0 1.000 1.000 1.000
v 974.0 -59.0 -870.0 1.000 1.000 1.000
v 974.0 -59.0 -952.0 1.000 1.000 1.000
v 692.0 -59.0 -952.0 1.000 1.000 1.000
v 833.0 -59.0 -524.0 1.000 1.000 1.000
v 833.0 -59.0 -556.0 1.000 1.000 1.000
v 760.0 -41.0 -556.0 1.000 1.000 1.000
v 760.0 -41.0 -524.0 0.843 0.843 0.843
v 760.0 -41.0 -524.0 0.843 0.843 0.843
v 760.0 -41.0 -556.0 1.000 1.000 1.000
v 597.0 -41.0 -556.0 1.000 1.000 1.000
v 597.0 -41.0 -524.0 0.929 0.929 0.929
v 838.0 -9.0 -542.0 1.000 1.000 1.000
v 560.0 -9.0 -542.0 1.000 1.000 1.000
v 560.0 -5.0 -542.0 0.855 0.855 0.855
v 838.0 -5.0 -542.0 0.843 0.843 0.843
v 838.0 9.0 -524.0 0.349 0.447 0.349
v 838.0 -5.0 -542.0 0.137 0.180 0.137
v 560.0 -5.0 -542.0 0.137 0.180 0.137
v 560.0 9.0 -524.0 0.349 0.447 0.349
v 809.0 -9.0 -524.0 1.000 1.000 1.000
v 809.0 -9.0 -542.0 1.000 1.000 1.000
v 812.0 -9.0 -542.0 1.000 1.000 1.000
v 812.0 -9.0 -524.0 1.000 1.000 1.000
v 836.0 -9.0 -524.0 1.000 1.000 1.000
v 836.0 -9.0 -542.0 1.000 1.000 1.000
v 838.0 -9.0 -542.0 1.000 1.000 1.000
v 838.0 -9.0 -524.0 1.000 1.000 1.000
v 746.0 -9.0 -542.0 1.000 1.000 1.000
v 748.0 -9.0 -542.0 1.000 1.000 1.000
v 748.0 -9.0 -524.0 1.000 1.000 1.000
v 746.0 -9.0 -524.0 1.000 1.000 1.000
v 627.0 -9.0 -524.0 1.000 1.000 1.000
v 627.0 -9.0 -542.0 1.000 1.000 1.000
v 630.0 -9.0 -542.0 1.000 1.000 1.000
v 630.0 -9.0 -524.0 1.000 1.000 1.000
v 686.0 -9.0 -524.0 1.000 1.000 1.000
v 686.0 -9.0 -542.0 1.000 1.000 1.000
v 688.0 -9.0 -542.0 1.000 1.000 1.000
v 688.0 -9.0 -524.0 1.000 1.000 1.000
v 560.0 -9.0 -524.0 1.000 1.000 1.000
v 560.0 -9.0 -542.0 1.000 1.000 1.000
v 560.0 -9.0 -542.0 1.000 1.000 1.000
v 560.0 -9.0 -524.0 1.000 1.000 1.000
v 709.0 -50.0 -712.0 0.404 0.404 0.404
v 709.0 -50.0 -712.0 0.404 0.404 0.404
v 698.0 -50.0 -712.0 0.404 0.404 0.404
v 698.0 -50.0 -712.0 0.404 0.404 0.404
v 704.0 -51.0 -712.0 0.404 0.404 0.404
v 709.0 -50.0 -705.0 1.000 1.000 1.000
v 709.0 -50.0 -705.0 1.000 1.000 1.000
v 709.0 -50.0 -712.0 1.000 1.000 1.000
v 709.0 -50.0 -712.0 1.000 1.000 1.000
v 709.0 -51.0 -708.0 1.000 1.000 1.000
v 698.0 -50.0 -705.0 1.000 1.000 1.000
v 698.0 -50.0 -705.0 1.000 1.000 1.000
v 709.0 -50.0 -705.0 1.000 1.000 1.000
v 709.0 -50.0 -705.0 1.000 1.000 1.000
v 704.0 -51.0 -705.0 1.000 1.000 1.000
v 698.0 -50.0 -705.0 0.533 0.533 0.533
v 698.0 -51.0 -708.0 0.533 0.533 0.533
v 698.0 -50.0 -712.0 0.533 0.533 0.533
v 698.0 -50.0 -712.0 0.533 0.533 0.533
v 698.0 -50.0 -705.0 0.533 0.533 0.533
v 710.0 -57.0 -704.0 0.404 0.404 0.404
v 710.0 -50.0 -704.0 0.404 0.404 0.404
v 697.0 -50.0 -704.0 0.404 0.404 0.404
v 697.0 -57.0 -704.0 0.404 0.404 0.404
v 697.0 -57.0 -713.0 0.345 0.345 0.345
v 697.0 -50.0 -713.0 1.000 1.000 1.000
v 710.0 -50.0 -713.0 1.000 1.000 1.000
v 710.0 -57.0 -713.0 0.345 0.345 0.345
v 709.0 -59.0 -705.0 0.188 0.188 0.188
v 710.0 -57.0 -704.0 0.345 0.345 0.345
v 697.0 -57.0 -704.0 0.345 0.345 0.345
v 698.0 -59.0 -705.0 0.188 0.188 0.188
v 698.0 -59.0 -712.0 0.188 0.188 0.188
v 709.0 -59.0 -712.0 0.188 0.188 0.188
v 710.0 -50.0 -713.0 0.267 0.267 0.267
v 710.0 -50.0 -704.0 0.267 0.267 0.267
v 710.0 -57.0 -704.0 0.267 0.267 0.267
v 710.0 -57.0 -713.0 0.267 0.267 0.267
v 709.0 -59.0 -712.0 0.188 0.188 0.188
v 710.0 -57.0 -713.0 0.345 0.345 0.345
v 710.0 -57.0 -704.0 0.345 0.345 0.345
v 709.0 -59.0 -705.0 0.188 0.188 0.188
v 697.0 -50.0 -704.0 1.000 1.000 1.000
v 697.0 -50.0 -713.0 1.000 1.000 1.000
v 697.0 -57.0 -713.0 0.345 0.345 0.345
v 697.0 -57.0 -704.0 0.345 0.345 0.345
v 698.0 -59.0 -705.0 0.188 0.188 0.188
v 698.0 -59.0 -712.0 0.188 0.188 0.188
v 668.0 -53.0 -712.0 0.404 0.404 0.404
v 668.0 -50.0 -712.0 0.404 0.404 0.404
v 657.0 -50.0 -712.0 0.404 0.404 0.404
v 657.0 -53.0 -712.0 0.404 0.404 0.404
v 663.0 -55.0 -712.0 0.404 0.404 0.404
v 668.0 -53.0 -705.0 0.745 0.745 0.745
v 668.0 -50.0 -705.0 1.000 1.000 1.000
v 668.0 -50.0 -712.0 0.361 0.361 0.361
v 668.0 -53.0 -712.0 0.745 0.745 0.745
v 668.0 -55.0 -708.0 1.000 1.000 1.000
v 657.0 -53.0 -705.0 0.725 0.725 0.725
v 657.0 -50.0 -705.0 1.000 1.000 1.000
v 668.0 -50.0 -705.0 1.000 1.000 1.000
v 668.0 -53.0 -705.0 0.745 0.745 0.745
v 663.0 -55.0 -705.0 1.000 1.000 1.000
v 657.0 -53.0 -705.0 0.533 0.533 0.533
v 657.0 -55.0 -708.0 0.533 0.533 0.533
v 657.0 -53.0 -712.0 0.533 0.533 0.533
v 657.0 -50.0 -712.0 0.533 0.533 0.533
v 657.0 -50.0 -705.0 0.533 0.533 0.533
v 669.0 -57.0 -704.0 0.404 0.404 0.404
v 669.0 -50.0 -704.0 0.404 0.404 0.404
v 656.0 -50.0 -704.0 0.404 0.404 0.404
v 656.0 -57.0 -704.0 0.404 0.404 0.404
v 656.0 -57.0 -713.0 0.345 0.345 0.345
v 656.0 -50.0 -713.0 1.000 1.000 1.000
v 669.0 -50.0 -713.0 1.000 1.000 1.000
v 669.0 -57.0 -713.0 0.345 0.345 0.345
v 668.0 -59.0 -705.0 0.188 0.188 0.188
v 669.0 -57.0 -704.0 0.345 0.345 0.345
v 656.0 -57.0 -704.0 0.345 0.345 0.345
v 657.0 -59.0 -705.0 0.188 0.188 0.188
v 657.0 -59.0 -712.0 0.188 0.188 0.188
v 668.0 -59.0 -712.0 0.188 0.188 0.188
v 669.0 -50.0 -713.0 0.267 0.267 0.267
v 669.0 -50.0 -704.0 0.267 0.267 0.267
v 669.0 -57.0 -704.0 0.267 0.267 0.267
v 669.0 -57.0 -713.0 0.267 0.267 0.267
v 668.0 -59.0 -712.0 0.188 0.188 0.188
v 669.0 -57.0 -713.0 0.345 0.345 0.345
v 669.0 -57.0 -704.0 0.345 0.345 0.345
v 668.0 -59.0 -705.0 0.188 0.188 0.188
v 656.0 -50.0 -704.0 1.000 1.000 1.000
v 656.0 -50.0 -713.0 1.000 1.000 1.000
v 656.0 -57.0 -713.0 0.345 0.345 0.345
v 656.0 -57.0 -704.0 0.345 0.345 0.345
v 657.0 -59.0 -705.0 0.188 0.188 0.188
v 657.0 -59.0 -712.0 0.188 0.188 0.188
v 709.0 -51.0 -678.0 0.404 0.404 0.404
v 709.0 -50.0 -678.0 0.404 0.404 0.404
v 698.0 -50.0 -678.0 0.404 0.404 0.404
v 698.0 -51.0 -678.0 0.404 0.404 0.404
v 704.0 -54.0 -678.0 0.404 0.404 0.404
v 709.0 -51.0 -671.0 1.000 1.000 1.000
v 709.0 -50.0 -671.0 1.000 1.000 1.000
v 709.0 -50.0 -678.0 1.000 1.000 1.000
v 709.0 -51.0 -678.0 1.000 1.000 1.000
v 709.0 -54.0 -674.0 1.000 1.000 1.000
v 698.0 -51.0 -671.0 1.000 1.000 1.000
v 698.0 -50.0 -671.0 1.000 1.000 1.000
v 709.0 -50.0 -671.0 1.000 1.000 1.000
v 709.0 -51.0 -671.0 1.000 1.000 1.000
v 704.0 -54.0 -671.0 1.000 1.000 1.000
v 698.0 -51.0 -671.0 0.533 0.533 0.533
v 698.0 -54.0 -674.0 0.533 0.533 0.533
v 698.0 -51.0 -678.0 0.533 0.533 0.533
v 698.0 -50.0 -678.0 0.533 0.533 0.533
v 698.0 -50.0 -671.0 0.533 0.533 0.533
v 710.0 -57.0 -670.0 0.404 0.404 0.404
v 710.0 -50.0 -670.0 0.404 0.404 0.404
v 697.0 -50.0 -670.0 0.404 0.404 0.404
v 697.0 -57.0 -670.0 0.404 0.404 0.404
v 697.0 -57.0 -679.0 0.345 0.345 0.345
v 697.0 -50.0 -679.0 1.000 1.000 1.000
v 710.0 -50.0 -679.0 1.000 1.000 1.000
v 710.0 -57.0 -679.0 0.345 0.345 0.345
v 709.0 -59.0 -671.0 0.188 0.188 0.188
v 710.0 -57.0 -670.0 0.345 0.345 0.345
v 697.0 -57.0 -670.0 0.345 0.345 0.345
v 709.0 -59.0 -671.0 0.188 0.188 0.188
v 697.0 -57.0 -670.0 0.345 0.345 0.345
v 698.0 -59.0 -671.0 0.188 0.188 0.188
v 698.0 -59.0 -678.0 0.188 0.188 0.188
v 697.0 -57.0 -679.0 0.345 0.345 0.345
v 710.0 -57.0 -679.0 0.345 0.345 0.345
v 709.0 -59.0 -678.0 0.188 0.188 0.188
v 710.0 -50.0 -679.0 0.267 0.267 0.267
v 710.0 -50.0 -670.0 0.267 0.267 0.267
v 710.0 -57.0 -670.0 0.267 0.267 0.267
v 710.0 -57.0 -679.0 0.267 0.267 0.267
v 709.0 -59.0 -678.0 0.188 0.188 0.188
v 710.0 -57.0 -679.0 0.345 0.345 0.345
v 710.0 -57.0 -670.0 0.345 0.345 0.345
v 709.0 -59.0 -671.0 0.188 0.188 0.188
v 697.0 -50.0 -670.0 1.000 1.000 1.000
v 697.0 -50.0 -679.0 1.000 1.000 1.000
v 697.0 -57.0 -679.0 0.345 0.345 0.345
v 697.0 -57.0 -670.0 0.345 0.345 0.345
v 698.0 -59.0 -671.0 0.188 0.188 0.188
v 698.0 -59.0 -678.0 0.188 0.188 0.188
v 668.0 -51.0 -678.0 0.404 0.404 0.404
v 668.0 -50.0 -678.0 0.404 0.404 0.404
v 657.0 -50.0 -678.0 0.404 0.404 0.404
v 657.0 -51.0 -678.0 0.404 0.404 0.404
v 663.0 -52.0 -678.0 0.404 0.404 0.404
v 668.0 -51.0 -671.0 1.000 1.000 1.000
v 668.0 -50.0 -671.0 1.000 1.000 1.000
v 668.0 -50.0 -678.0 1.000 1.000 1.000
v 668.0 -51.0 -678.0 1.000 1.000 1.000
v 668.0 -52.0 -674.0 1.000 1.000 1.000
v 657.0 -51.0 -671.0 1.000 1.000 1.000
v 657.0 -50.0 -671.0 1.000 1.000 1.000
v 668.0 -50.0 -671.0 1.000 1.000 1.000
v 668.0 -51.0 -671.0 1.000 1.000 1.000
v 663.0 -52.0 -671.0 1.000 1.000 1.000
v 657.0 -51.0 -671.0 0.533 0.533 0.533
v 657.0 -52.0 -674.0 0.533 0.533 0.533
v 657.0 -51.0 -678.0 0.533 0.533 0.533
v 657.0 -50.0 -678.0 0.533 0.533 0.533
v 657.0 -50.0 -671.0 0.533 0.533 0.533
v 669.0 -57.0 -670.0 0.404 0.404 0.404
v 669.0 -50.0 -670.0 0.404 0.404 0.404
v 656.0 -50.0 -670.0 0.404 0.404 0.404
v 656.0 -57.0 -670.0 0.404 0.404 0.404
v 656.0 -57.0 -679.0 0.345 0.345 0.345
v 656.0 -50.0 -679.0 1.000 1.000 1.000
v 669.0 -50.0 -679.0 1.000 1.000 1.000
v 669.0 -57.0 -679.0 0.345 0.345 0.345
v 668.0 -59.0 -671.0 0.188 0.188 0.188
v 669.0 -57.0 -670.0 0.345 0.345 0.345
v 656.0 -57.0 -670.0 0.345 0.345 0.345
v 657.0 -59.0 -671.0 0.188 0.188 0.188
v 657.0 -59.0 -678.0 0.188 0.188 0.188
v 668.0 -59.0 -678.0 0.188 0.188 0.188
v 669.0 -50.0 -679.0 0.267 0.267 0.267
v 669.0 -50.0 -670.0 0.267 0.267 0.267
v 669.0 -57.0 -670.0 0.267 0.267 0.267
v 669.0 -57.0 -679.0 0.267 0.267 0.267
v 668.0 -59.0 -678.0 0.188 0.188 0.188
v 669.0 -57.0 -679.0 0.345 0.345 0.345
v 669.0 -57.0 -670.0 0.345 0.345 0.345
v 668.0 -59.0 -671.0 0.188 0.188 0.188
v 656.0 -50.0 -670.0 1.000 1.000 1.000
v 656.0 -50.0 -679.0 1.000 1.000 1.000
v 656.0 -57.0 -679.0 0.345 0.345 0.345
v 656.0 -57.0 -670.0 0.345 0.345 0.345
v 657.0 -59.0 -671.0 0.188 0.188 0.188
v 657.0 -59.0 -678.0 0.188 0.188 0.188
v 742.0 -9.0 -523.0 0.345 0.345 0.345
v 743.0 -8.0 -524.0 0.345 0.345 0.345
v 743.0 -41.0 -524.0 0.349 0.349 0.349
v 742.0 -41.0 -523.0 0.349 0.349 0.349
v 669.0 -9.0 -523.0 0.345 0.345 0.345
v 671.0 -8.0 -524.0 0.345 0.345 0.345
v 671.0 -41.0 -524.0 0.349 0.349 0.349
v 669.0 -41.0 -523.0 0.349 0.349 0.349
v 632.0 -41.0 -524.0 0.345 0.345 0.345
v 632.0 -8.0 -524.0 0.345 0.345 0.345
v 633.0 -9.0 -523.0 0.345 0.345 0.345
v 633.0 -41.0 -523.0 0.345 0.345 0.345
v 705.0 -41.0 -524.0 0.345 0.345 0.345
v 705.0 -8.0 -524.0 0.345 0.345 0.345
v 706.0 -9.0 -523.0 0.345 0.345 0.345
v 706.0 -41.0 -523.0 0.345 0.345 0.345
v 706.0 -9.0 -523.0 0.345 0.345 0.345
v 705.0 -8.0 -524.0 0.345 0.345 0.345
v 743.0 -8.0 -524.0 0.345 0.345 0.345
v 742.0 -9.0 -523.0 0.345 0.345 0.345
v 633.0 -9.0 -523.0 0.345 0.345 0.345
v 632.0 -8.0 -524.0 0.345 0.345 0.345
v 671.0 -8.0 -524.0 0.345 0.345 0.345
v 669.0 -9.0 -523.0 0.345 0.345 0.345
v 704.0 -51.0 -705.0 1.000 1.000 1.000
v 709.0 -50.0 -705.0 1.000 1.000 1.000
v 709.0 -51.0 -708.0 1.000 1.000 1.000
v 698.0 -51.0 -708.0 0.596 0.596 0.596
v 698.0 -50.0 -705.0 1.000 1.000 1.000
v 704.0 -51.0 -712.0 0.596 0.596 0.596
v 698.0 -50.0 -712.0 0.267 0.267 0.267
v 709.0 -50.0 -712.0 1.000 1.000 1.000
v 657.0 -55.0 -708.0 0.596 0.596 0.596
v 657.0 -53.0 -705.0 0.725 0.725 0.725
v 663.0 -55.0 -705.0 1.000 1.000 1.000
v 663.0 -55.0 -712.0 0.596 0.596 0.596
v 657.0 -53.0 -712.0 0.267 0.267 0.267
v 657.0 -55.0 -708.0 0.596 0.596 0.596
v 663.0 -55.0 -705.0 1.000 1.000 1.000
v 668.0 -53.0 -705.0 0.745 0.745 0.745
v 668.0 -55.0 -708.0 1.000 1.000 1.000
v 668.0 -53.0 -712.0 0.745 0.745 0.745
v 704.0 -54.0 -678.0 0.596 0.596 0.596
v 698.0 -51.0 -678.0 0.267 0.267 0.267
v 698.0 -54.0 -674.0 0.596 0.596 0.596
v 698.0 -51.0 -671.0 1.000 1.000 1.000
v 704.0 -54.0 -671.0 1.000 1.000 1.000
v 709.0 -51.0 -671.0 1.000 1.000 1.000
v 709.0 -54.0 -674.0 1.000 1.000 1.000
v 709.0 -51.0 -678.0 1.000 1.000 1.000
v 657.0 -52.0 -674.0 0.596 0.596 0.596
v 657.0 -51.0 -671.0 1.000 1.000 1.000
v 663.0 -52.0 -671.0 1.000 1.000 1.000
v 663.0 -52.0 -678.0 0.596 0.596 0.596
v 657.0 -51.0 -678.0 0.267 0.267 0.267
v 668.0 -51.0 -671.0 1.000 1.000 1.000
v 668.0 -52.0 -674.0 1.000 1.000 1.000
v 668.0 -51.0 -678.0 1.000 1.000 1.000
v 1147.0 -59.0 -556.0 1.000 1.000 1.000
v 1093.0 -59.0 -528.0 1.000 1.000 1.000
v 1093.0 -59.0 -524.0 0.941 0.941 0.941
v 1189.0 -59.0 -524.0 1.000 1.000 1.000
v 1051.0 -59.0 -556.0 1.000 1.000 1.000
v 1088.0 -59.0 -528.0 1.000 1.000 1.000
v 1015.0 -59.0 -528.0 1.000 1.000 1.000
v 1015.0 -59.0 -524.0 1.000 1.000 1.000
v 1051.0 -59.0 -556.0 1.000 1.000 1.000
v 1015.0 -59.0 -524.0 1.000 1.000 1.000
v 1088.0 -59.0 -524.0 1.000 1.000 1.000
v 1011.0 -59.0 -528.0 1.000 1.000 1.000
v 1015.0 -59.0 -528.0 1.000 1.000 1.000
v 977.0 -59.0 -556.0 1.000 1.000 1.000
v 903.0 -59.0 -556.0 0.773 0.773 0.773
v 934.0 -59.0 -528.0 1.000 1.000 1.000
v 938.0 -59.0 -528.0 1.000 1.000 1.000
v 938.0 -59.0 -524.0 1.000 1.000 1.000
v 1011.0 -59.0 -523.0 1.000 1.000 1.000
v 974.0 -59.0 -870.0 1.000 1.000 1.000
v 1015.0 -59.0 -833.0 1.000 1.000 1.000
v 1015.0 -59.0 -870.0 1.000 1.000 1.000
v 904.0 -59.0 -773.0 1.000 1.000 1.000
v 988.0 -59.0 -739.0 1.000 1.000 1.000
v 1015.0 -59.0 -833.0 1.000 1.000 1.000
v 988.0 -59.0 -739.0 1.000 1.000 1.000
v 1052.0 -59.0 -797.0 1.000 1.000 1.000
v 1074.0 -59.0 -749.0 0.533 0.533 0.533
v 986.0 -59.0 -688.0 0.533 0.533 0.533
v 1036.0 -59.0 -635.0 1.000 1.000 1.000
v 951.0 -59.0 -632.0 1.000 1.000 1.000
v 1102.0 -59.0 -619.0 0.533 0.533 0.533
v 1051.0 -59.0 -556.0 1.000 1.000 1.000
v 1147.0 -59.0 -556.0 1.000 1.000 1.000
v 977.0 -59.0 -556.0 1.000 1.000 1.000
v 903.0 -59.0 -556.0 0.773 0.773 0.773
v 1088.0 -59.0 -524.0 1.000 1.000 1.000
v 1088.0 -59.0 -528.0 1.000 1.000 1.000
v 1011.0 -59.0 -528.0 1.000 1.000 1.000
v 1011.0 -59.0 -523.0 1.000 1.000 1.000
v 903.0 -59.0 -556.0 0.773 0.773 0.773
v 951.0 -59.0 -632.0 1.000 1.000 1.000
v 833.0 -59.0 -556.0 1.000 1.000 1.000
v 910.0 -59.0 -650.0 1.000 1.000 1.000
v 986.0 -59.0 -688.0 0.533 0.533 0.533
v 988.0 -59.0 -739.0 1.000 1.000 1.000
v 910.0 -59.0 -715.0 1.000 1.000 1.000
v 904.0 -59.0 -773.0 1.000 1.000 1.000
v 865.0 -59.0 -715.0 1.000 1.000 1.000
v 906.0 -59.0 -524.0 0.761 0.761 0.761
v 934.0 -59.0 -524.0 0.949 0.949 0.949
v 934.0 -59.0 -528.0 1.000 1.000 1.000
v 833.0 -59.0 -524.0 1.000 1.000 1.000
v 864.0 -59.0 -780.0 0.996 0.996 0.996
v 844.0 -59.0 -761.0 0.996 0.996 0.996
v 824.0 -59.0 -788.0 1.000 1.000 1.000
v 824.0 -59.0 -788.0 0.533 0.533 0.533
v 824.0 -59.0 -760.0 0.533 0.533 0.533
v 845.0 -59.0 -738.0 0.533 0.533 0.533
v 844.0 -59.0 -761.0 0.533 0.533 0.533
v 845.0 -59.0 -738.0 0.996 0.996 0.996
v 865.0 -59.0 -715.0 1.000 1.000 1.000
v 844.0 -59.0 -761.0 0.996 0.996 0.996
v 833.0 -59.0 -556.0 1.000 1.000 1.000
v 910.0 -59.0 -650.0 1.000 1.000 1.000
v 833.0 -59.0 -650.0 1.000 1.000 1.000
v 986.0 -59.0 -688.0 0.533 0.533 0.533
v 910.0 -59.0 -715.0 1.000 1.000 1.000
v 951.0 -59.0 -632.0 1.000 1.000 1.000
v 865.0 -59.0 -715.0 0.996 0.996 0.996
v 833.0 -59.0 -715.0 0.996 0.996 0.996
v 833.0 -59.0 -650.0 0.996 0.996 0.996
v 865.0 -59.0 -715.0 0.996 0.996 0.996
v 833.0 -59.0 -650.0 0.996 0.996 0.996
v 910.0 -59.0 -650.0 0.996 0.996 0.996
v 910.0 -59.0 -715.0 0.996 0.996 0.996
v 698.0 -50.0 -712.0 1.000 1.000 1.000
v 697.0 -50.0 -713.0 1.000 1.000 1.000
v 697.0 -50.0 -704.0 1.000 1.000 1.000
v 698.0 -50.0 -705.0 1.000 1.000 1.000
v 709.0 -50.0 -712.0 1.000 1.000 1.000
v 710.0 -50.0 -713.0 1.000 1.000 1.000
v 709.0 -50.0 -705.0 1.000 1.000 1.000
v 710.0 -50.0 -704.0 1.000 1.000 1.000
v 657.0 -50.0 -712.0 1.000 1.000 1.000
v 656.0 -50.0 -713.0 1.000 1.000 1.000
v 656.0 -50.0 -704.0 1.000 1.000 1.000
v 657.0 -50.0 -705.0 1.000 1.000 1.000
v 668.0 -50.0 -712.0 1.000 1.000 1.000
v 669.0 -50.0 -713.0 1.000 1.000 1.000
v 656.0 -50.0 -713.0 1.000 1.000 1.000
v 657.0 -50.0 -712.0 1.000 1.000 1.000
v 668.0 -50.0 -705.0 1.000 1.000 1.000
v 669.0 -50.0 -704.0 1.000 1.000 1.000
v 657.0 -50.0 -705.0 1.000 1.000 1.000
v 656.0 -50.0 -704.0 1.000 1.000 1.000
v 727.0 -59.0 -656.0 1.000 1.000 1.000
v 833.0 -59.0 -650.0 1.000 1.000 1.000
v 727.0 -59.0 -691.0 1.000 1.000 1.000
v 833.0 -59.0 -715.0 1.000 1.000 1.000
v 727.0 -59.0 -721.0 0.655 0.655 0.655
v 656.0 -59.0 -756.0 0.533 0.533 0.533
v 656.0 -59.0 -729.0 0.533 0.533 0.533
v 686.0 -59.0 -717.0 0.533 0.533 0.533
v 656.0 -59.0 -756.0 0.533 0.533 0.533
v 686.0 -59.0 -717.0 0.533 0.533 0.533
v 688.0 -59.0 -734.0 0.533 0.533 0.533
v 651.0 -59.0 -717.0 0.533 0.533 0.533
v 656.0 -59.0 -729.0 0.533 0.533 0.533
v 628.0 -59.0 -729.0 0.533 0.533 0.533
v 709.0 -59.0 -691.0 0.996 0.996 0.996
v 698.0 -59.0 -705.0 0.773 0.773 0.773
v 698.0 -59.0 -678.0 0.773 0.773 0.773
v 709.0 -59.0 -678.0 0.773 0.773 0.773
v 727.0 -59.0 -721.0 0.655 0.655 0.655
v 686.0 -59.0 -717.0 1.000 1.000 1.000
v 698.0 -59.0 -712.0 0.596 0.596 0.596
v 709.0 -59.0 -712.0 0.596 0.596 0.596
v 651.0 -59.0 -717.0 1.000 1.000 1.000
v 657.0 -59.0 -712.0 0.596 0.596 0.596
v 686.0 -59.0 -717.0 1.000 1.000 1.000
v 657.0 -59.0 -712.0 0.596 0.596 0.596
v 668.0 -59.0 -712.0 0.596 0.596 0.596
v 727.0 -59.0 -691.0 1.000 1.000 1.000
v 709.0 -59.0 -691.0 0.996 0.996 0.996
v 709.0 -59.0 -678.0 0.773 0.773 0.773
v 727.0 -59.0 -664.0 0.996 0.996 0.996
v 727.0 -59.0 -691.0 0.533 0.533 0.533
v 727.0 -59.0 -698.0 0.533 0.533 0.533
v 709.0 -59.0 -712.0 0.337 0.337 0.337
v 709.0 -59.0 -705.0 0.337 0.337 0.337
v 709.0 -59.0 -691.0 0.533 0.533 0.533
v 698.0 -59.0 -705.0 0.337 0.337 0.337
v 727.0 -59.0 -721.0 0.655 0.655 0.655
v 709.0 -59.0 -712.0 0.596 0.596 0.596
v 727.0 -59.0 -698.0 0.996 0.996 0.996
v 651.0 -59.0 -717.0 1.000 1.000 1.000
v 651.0 -59.0 -691.0 1.000 1.000 1.000
v 657.0 -59.0 -705.0 0.596 0.596 0.596
v 657.0 -59.0 -712.0 0.596 0.596 0.596
v 657.0 -59.0 -678.0 0.596 0.596 0.596
v 668.0 -59.0 -678.0 0.773 0.773 0.773
v 668.0 -59.0 -691.0 0.996 0.996 0.996
v 651.0 -59.0 -656.0 1.000 1.000 1.000
v 657.0 -59.0 -671.0 0.596 0.596 0.596
v 651.0 -59.0 -717.0 0.533 0.533 0.533
v 686.0 -59.0 -717.0 0.533 0.533 0.533
v 656.0 -59.0 -729.0 0.533 0.533 0.533
v 688.0 -59.0 -691.0 0.996 0.996 0.996
v 688.0 -59.0 -664.0 0.773 0.773 0.773
v 698.0 -59.0 -678.0 0.773 0.773 0.773
v 698.0 -59.0 -705.0 0.773 0.773 0.773
v 668.0 -59.0 -712.0 0.337 0.337 0.337
v 668.0 -59.0 -705.0 0.337 0.337 0.337
v 688.0 -59.0 -691.0 0.533 0.533 0.533
v 688.0 -59.0 -698.0 0.533 0.533 0.533
v 688.0 -59.0 -691.0 0.996 0.996 0.996
v 668.0 -59.0 -691.0 0.996 0.996 0.996
v 668.0 -59.0 -678.0 0.773 0.773 0.773
v 688.0 -59.0 -664.0 0.773 0.773 0.773
v 668.0 -59.0 -691.0 0.533 0.533 0.533
v 657.0 -59.0 -705.0 0.337 0.337 0.337
v 688.0 -59.0 -712.0 0.996 0.996 0.996
v 668.0 -59.0 -712.0 0.596 0.596 0.596
v 688.0 -59.0 -698.0 0.996 0.996 0.996
v 698.0 -59.0 -712.0 0.596 0.596 0.596
v 698.0 -59.0 -705.0 0.773 0.773 0.773
v 686.0 -59.0 -717.0 1.000 1.000 1.000
v 845.0 -59.0 -738.0 0.533 0.533 0.533
v 824.0 -59.0 -760.0 0.533 0.533 0.533
v 797.0 -59.0 -760.0 0.533 0.533 0.533
v 815.0 -59.0 -738.0 0.533 0.533 0.533
v 833.0 -59.0 -715.0 1.000 1.000 1.000
v 865.0 -59.0 -715.0 1.000 1.000 1.000
v 845.0 -59.0 -738.0 0.996 0.996 0.996
v 815.0 -59.0 -738.0 0.996 0.996 0.996
v 651.0 -59.0 -656.0 1.000 1.000 1.000
v 651.0 -59.0 -691.0 1.000 1.000 1.000
v 608.0 -59.0 -643.0 1.000 1.000 1.000
v 608.0 -59.0 -694.0 0.773 0.773 0.773
v 651.0 -59.0 -717.0 0.996 0.996 0.996
v 797.0 -59.0 -760.0 1.000 1.000 1.000
v 727.0 -59.0 -721.0 0.655 0.655 0.655
v 709.0 -59.0 -753.0 1.000 1.000 1.000
v 797.0 -59.0 -760.0 1.000 1.000 1.000
v 797.0 -59.0 -788.0 1.000 1.000 1.000
v 709.0 -59.0 -753.0 1.000 1.000 1.000
v 824.0 -59.0 -788.0 1.000 1.000 1.000
v 705.0 -59.0 -816.0 0.533 0.533 0.533
v 727.0 -59.0 -721.0 0.655 0.655 0.655
v 686.0 -59.0 -717.0 1.000 1.000 1.000
v 690.0 -59.0 -753.0 0.996 0.996 0.996
v 656.0 -59.0 -756.0 1.000 1.000 1.000
v 688.0 -59.0 -734.0 0.996 0.996 0.996
v 628.0 -59.0 -815.0 0.533 0.533 0.533
v 721.0 -59.0 -870.0 1.000 1.000 1.000
v 692.0 -59.0 -870.0 1.000 1.000 1.000
v 820.0 -59.0 -765.0 0.773 0.773 0.773
v 820.0 -59.0 -783.0 0.471 0.471 0.471
v 801.0 -59.0 -783.0 0.337 0.337 0.337
v 820.0 -59.0 -765.0 0.773 0.773 0.773
v 801.0 -59.0 -783.0 0.337 0.337 0.337
v 801.0 -59.0 -765.0 0.471 0.471 0.471
v 820.0 -49.0 -783.0 1.000 1.000 1.000
v 824.0 -49.0 -788.0 1.000 1.000 1.000
v 797.0 -49.0 -788.0 1.000 1.000 1.000
v 801.0 -49.0 -783.0 1.000 1.000 1.000
v 820.0 -49.0 -765.0 1.000 1.000 1.000
v 824.0 -49.0 -760.0 1.000 1.000 1.000
v 824.0 -49.0 -788.0 1.000 1.000 1.000
v 820.0 -49.0 -783.0 1.000 1.000 1.000
v 801.0 -49.0 -765.0 1.000 1.000 1.000
v 797.0 -49.0 -760.0 1.000 1.000 1.000
v 824.0 -49.0 -760.0 1.000 1.000 1.000
v 820.0 -49.0 -765.0 1.000 1.000 1.000
v 801.0 -49.0 -765.0 1.000 1.000 1.000
v 801.0 -49.0 -783.0 1.000 1.000 1.000
v 797.0 -49.0 -788.0 1.000 1.000 1.000
v 797.0 -49.0 -760.0 1.000 1.000 1.000
v 698.0 -50.0 -678.0 1.000 1.000 1.000
v 697.0 -50.0 -679.0 1.000 1.000 1.000
v 697.0 -50.0 -670.0 1.000 1.000 1.000
v 698.0 -50.0 -671.0 1.000 1.000 1.000
v 709.0 -50.0 -678.0 1.000 1.000 1.000
v 710.0 -50.0 -679.0 1.000 1.000 1.000
v 709.0 -50.0 -671.0 1.000 1.000 1.000
v 710.0 -50.0 -670.0 1.000 1.000 1.000
v 657.0 -50.0 -678.0 1.000 1.000 1.000
v 656.0 -50.0 -679.0 1.000 1.000 1.000
v 656.0 -50.0 -670.0 1.000 1.000 1.000
v 657.0 -50.0 -671.0 1.000 1.000 1.000
v 668.0 -50.0 -678.0 1.000 1.000 1.000
v 669.0 -50.0 -679.0 1.000 1.000 1.000
v 656.0 -50.0 -679.0 1.000 1.000 1.000
v 657.0 -50.0 -678.0 1.000 1.000 1.000
v 668.0 -50.0 -671.0 1.000 1.000 1.000
v 669.0 -50.0 -670.0 1.000 1.000 1.000
v 657.0 -50.0 -671.0 1.000 1.000 1.000
v 656.0 -50.0 -670.0 1.000 1.000 1.000
v 727.0 -59.0 -656.0 1.000 1.000 1.000
v 833.0 -59.0 -556.0 1.000 1.000 1.000
v 833.0 -59.0 -650.0 1.000 1.000 1.000
v 709.0 -59.0 -656.0 0.996 0.996 0.996
v 688.0 -59.0 -656.0 0.655 0.655 0.655
v 727.0 -59.0 -656.0 0.533 0.533 0.533
v 727.0 -59.0 -664.0 0.533 0.533 0.533
v 709.0 -59.0 -678.0 0.337 0.337 0.337
v 727.0 -59.0 -656.0 0.533 0.533 0.533
v 709.0 -59.0 -678.0 0.337 0.337 0.337
v 709.0 -59.0 -671.0 0.337 0.337 0.337
v 709.0 -59.0 -656.0 0.533 0.533 0.533
v 698.0 -59.0 -671.0 0.337 0.337 0.337
v 651.0 -59.0 -656.0 1.000 1.000 1.000
v 668.0 -59.0 -656.0 0.773 0.773 0.773
v 657.0 -59.0 -671.0 0.596 0.596 0.596
v 698.0 -59.0 -671.0 0.596 0.596 0.596
v 698.0 -59.0 -678.0 0.773 0.773 0.773
v 688.0 -59.0 -664.0 0.773 0.773 0.773
v 688.0 -59.0 -656.0 0.655 0.655 0.655
v 668.0 -59.0 -678.0 0.337 0.337 0.337
v 668.0 -59.0 -671.0 0.337 0.337 0.337
v 688.0 -59.0 -656.0 0.533 0.533 0.533
v 688.0 -59.0 -664.0 0.533 0.533 0.533
v 688.0 -59.0 -656.0 0.655 0.655 0.655
v 709.0 -59.0 -656.0 0.996 0.996 0.996
v 698.0 -59.0 -671.0 0.596 0.596 0.596
v 668.0 -59.0 -656.0 0.533 0.533 0.533
v 688.0 -59.0 -656.0 0.533 0.533 0.533
v 668.0 -59.0 -671.0 0.337 0.337 0.337
v 657.0 -59.0 -671.0 0.337 0.337 0.337
v 668.0 -59.0 -656.0 0.773 0.773 0.773
v 651.0 -59.0 -656.0 1.000 1.000 1.000
v 608.0 -59.0 -643.0 1.000 1.000 1.000
v 688.0 -59.0 -656.0 0.655 0.655 0.655
v 608.0 -59.0 -615.0 0.996 0.996 0.996
v 597.0 -59.0 -556.0 1.000 1.000 1.000
v 833.0 -59.0 -556.0 1.000 1.000 1.000
v 628.0 -59.0 -815.0 0.533 0.533 0.533
v 692.0 -59.0 -870.0 0.533 0.533 0.533
v 615.0 -59.0 -911.0 0.533 0.533 0.533
v 649.0 -59.0 -945.0 0.533 0.533 0.533
v 692.0 -59.0 -952.0 0.533 0.533 0.533
v 1015.0 -59.0 -870.0 1.000 1.000 1.000
v 1015.0 -59.0 -952.0 1.000 1.000 1.000
v 974.0 -59.0 -952.0 1.000 1.000 1.000
v 974.0 -59.0 -870.0 1.000 1.000 1.000
v 628.0 -59.0 -756.0 1.000 1.000 1.000
v 656.0 -59.0 -756.0 1.000 1.000 1.000
v 651.0 -59.0 -733.0 0.773 0.773 0.773
v 651.0 -59.0 -751.0 0.471 0.471 0.471
v 633.0 -59.0 -751.0 0.337 0.337 0.337
v 633.0 -59.0 -733.0 0.471 0.471 0.471
v 651.0 -49.0 -751.0 1.000 1.000 1.000
v 656.0 -49.0 -756.0 1.000 1.000 1.000
v 628.0 -49.0 -756.0 1.000 1.000 1.000
v 633.0 -49.0 -751.0 1.000 1.000 1.000
v 651.0 -49.0 -733.0 1.000 1.000 1.000
v 656.0 -49.0 -729.0 1.000 1.000 1.000
v 633.0 -49.0 -733.0 1.000 1.000 1.000
v 628.0 -49.0 -729.0 1.000 1.000 1.000
v 608.0 -59.0 -694.0 0.773 0.773 0.773
v 651.0 -59.0 -717.0 0.996 0.996 0.996
v 628.0 -59.0 -729.0 1.000 1.000 1.000
v 1025.0 -19.0 -842.0 0.980 0.980 0.980
v 1015.0 -19.0 -833.0 0.792 0.792 0.792
v 1052.0 -19.0 -797.0 1.000 1.000 1.000
v 1061.0 -19.0 -806.0 1.000 1.000 1.000
v 1015.0 -19.0 -952.0 0.996 0.996 0.996
v 1015.0 -19.0 -952.0 0.996 0.996 0.996
v 1025.0 -19.0 -842.0 0.980 0.980 0.980
v 1025.0 -19.0 -952.0 0.996 0.996 0.996
v 610.0 -19.0 -920.0 1.000 1.000 1.000
v 615.0 -19.0 -911.0 1.000 1.000 1.000
v 649.0 -19.0 -945.0 0.769 0.769 0.769
v 640.0 -19.0 -949.0 1.000 1.000 1.000
v 1075.0 165.0 -854.0 0.545 0.545 0.545
v 1118.0 359.0 -837.0 0.412 0.412 0.412
v 1086.0 359.0 -896.0 0.494 0.494 0.494
v 1025.0 -19.0 -840.0 0.835 0.792 0.737
v 1062.0 -19.0 -806.0 0.337 0.337 0.337
v 1107.0 -19.0 -806.0 0.337 0.337 0.337
v 1023.0 -19.0 -944.0 1.000 1.000 1.000
v 1025.0 -19.0 -840.0 1.000 1.000 1.000
v 1061.0 165.0 -922.0 0.188 0.188 0.188
v 1025.0 -19.0 -840.0 1.000 1.000 1.000
v 1075.0 165.0 -854.0 0.545 0.545 0.545
v 1061.0 165.0 -922.0 0.188 0.188 0.188
v 1086.0 359.0 -896.0 0.494 0.494 0.494
v 1058.0 165.0 -982.0 0.545 0.545 0.545
v 1093.0 359.0 -1001.0 1.000 1.000 1.000
v 1023.0 -19.0 -944.0 1.000 1.000 1.000
v 632.0 -41.0 -524.0 0.725 0.773 0.847
v 632.0 -41.0 -523.0 0.725 0.773 0.847
v 671.0 -41.0 -523.0 0.725 0.773 0.847
v 671.0 -41.0 -524.0 0.725 0.773 0.847
v 705.0 -41.0 -524.0 0.725 0.773 0.847
v 706.0 -41.0 -523.0 0.725 0.773 0.847
v 742.0 -41.0 -523.0 0.725 0.773 0.847
v 743.0 -41.0 -524.0 0.725 0.773 0.847
v 1052.0 -59.0 -797.0 0.596 0.596 0.596
v 1052.0 -19.0 -797.0 0.596 0.596 0.596
v 1015.0 -19.0 -833.0 0.596 0.596 0.596
v 1015.0 -59.0 -833.0 0.596 0.596 0.596
v 1015.0 -59.0 -833.0 0.725 0.773 0.847
v 1015.0 -19.0 -833.0 0.792 0.792 0.792
v 1015.0 -19.0 -952.0 0.996 0.996 0.996
v 1015.0 -59.0 -952.0 0.996 0.996 0.996
v 649.0 -59.0 -945.0 0.471 0.471 0.471
v 649.0 -19.0 -945.0 0.471 0.471 0.471
v 615.0 -19.0 -911.0 0.471 0.471 0.471
v 615.0 -59.0 -911.0 0.471 0.471 0.471
v 656.0 -59.0 -729.0 1.000 1.000 1.000
v 656.0 -49.0 -729.0 1.000 1.000 1.000
v 628.0 -49.0 -729.0 1.000 1.000 1.000
v 628.0 -59.0 -729.0 1.000 1.000 1.000
v 656.0 -59.0 -756.0 1.000 1.000 1.000
v 656.0 -49.0 -756.0 1.000 1.000 1.000
v 656.0 -49.0 -729.0 1.000 1.000 1.000
v 656.0 -59.0 -729.0 1.000 1.000 1.000
v 801.0 -59.0 -765.0 0.863 0.863 0.863
v 801.0 -49.0 -765.0 1.000 1.000 1.000
v 820.0 -49.0 -765.0 1.000 1.000 1.000
v 820.0 -59.0 -765.0 0.882 0.882 0.882
v 820.0 -59.0 -765.0 0.882 0.882 0.882
v 820.0 -49.0 -765.0 1.000 1.000 1.000
v 820.0 -49.0 -783.0 1.000 1.000 1.000
v 820.0 -59.0 -783.0 0.882 0.882 0.882
v 820.0 -59.0 -783.0 0.471 0.471 0.471
v 820.0 -49.0 -783.0 0.471 0.471 0.471
v 801.0 -49.0 -783.0 0.471 0.471 0.471
v 801.0 -59.0 -783.0 0.471 0.471 0.471
v 801.0 -59.0 -765.0 0.655 0.655 0.655
v 801.0 -59.0 -783.0 0.655 0.655 0.655
v 801.0 -49.0 -783.0 0.655 0.655 0.655
v 801.0 -49.0 -765.0 0.655 0.655 0.655
v 824.0 -59.0 -760.0 1.000 1.000 1.000
v 824.0 -49.0 -760.0 1.000 1.000 1.000
v 797.0 -49.0 -760.0 1.000 1.000 1.000
v 797.0 -59.0 -760.0 1.000 1.000 1.000
v 797.0 -59.0 -760.0 1.000 1.000 1.000
v 797.0 -49.0 -760.0 1.000 1.000 1.000
v 797.0 -49.0 -788.0 1.000 1.000 1.000
v 797.0 -59.0 -788.0 1.000 1.000 1.000
v 797.0 -59.0 -788.0 1.000 1.000 1.000
v 797.0 -49.0 -788.0 1.000 1.000 1.000
v 824.0 -49.0 -788.0 1.000 1.000 1.000
v 824.0 -59.0 -788.0 1.000 1.000 1.000
v 824.0 -59.0 -788.0 1.000 1.000 1.000
v 824.0 -49.0 -788.0 1.000 1.000 1.000
v 824.0 -49.0 -760.0 1.000 1.000 1.000
v 824.0 -59.0 -760.0 1.000 1.000 1.000
v 633.0 -59.0 -733.0 0.863 0.863 0.863
v 633.0 -49.0 -733.0 1.000 1.000 1.000
v 651.0 -49.0 -733.0 1.000 1.000 1.000
v 651.0 -59.0 -733.0 0.882 0.882 0.882
v 651.0 -59.0 -733.0 0.882 0.882 0.882
v 651.0 -49.0 -733.0 1.000 1.000 1.000
v 651.0 -49.0 -751.0 1.000 1.000 1.000
v 651.0 -59.0 -751.0 0.882 0.882 0.882
v 651.0 -59.0 -751.0 0.471 0.471 0.471
v 651.0 -49.0 -751.0 0.471 0.471 0.471
v 633.0 -49.0 -751.0 0.471 0.471 0.471
v 633.0 -59.0 -751.0 0.471 0.471 0.471
v 633.0 -59.0 -733.0 0.655 0.655 0.655
v 633.0 -59.0 -751.0 0.655 0.655 0.655
v 633.0 -49.0 -751.0 0.655 0.655 0.655
v 633.0 -49.0 -733.0 0.655 0.655 0.655
v 628.0 -59.0 -756.0 1.000 1.000 1.000
v 628.0 -49.0 -756.0 1.000 1.000 1.000
v 656.0 -49.0 -756.0 1.000 1.000 1.000
v 656.0 -59.0 -756.0 1.000 1.000 1.000
v 628.0 -59.0 -729.0 1.000 1.000 1.000
v 628.0 -49.0 -729.0 1.000 1.000 1.000
v 628.0 -49.0 -756.0 1.000 1.000 1.000
v 628.0 -59.0 -756.0 1.000 1.000 1.000
v 824.0 -59.0 -883.0 0.588 0.588 0.000
v 829.0 -59.0 -883.0 0.588 0.588 0.000
v 829.0 -59.0 -952.0 0.588 0.588 0.000
v 824.0 -59.0 -952.0 0.588 0.588 0.000
v 833.0 -59.0 -553.0 1.000 1.000 1.000
v 833.0 -59.0 -556.0 1.000 1.000 1.000
v 760.0 -41.0 -556.0 1.000 1.000 1.000
v 760.0 -41.0 -553.0 1.000 1.000 1.000
v 599.0 -41.0 -553.0 1.000 1.000 1.000
v 760.0 -41.0 -553.0 1.000 1.000 1.000
v 760.0 -41.0 -556.0 1.000 1.000 1.000
v 597.0 -41.0 -556.0 1.000 1.000 1.000
v 599.0 -41.0 -553.0 1.000 1.000 1.000
v 597.0 -41.0 -556.0 1.000 1.000 1.000
v 597.0 -41.0 -524.0 0.929 0.929 0.929
v 599.0 -41.0 -524.0 0.929 0.929 0.929
v 642.0 -9.0 -542.0 0.345 0.345 0.345
v 642.0 -5.0 -542.0 0.345 0.345 0.345
v 660.0 -5.0 -542.0 0.345 0.345 0.345
v 660.0 -9.0 -542.0 0.345 0.345 0.345
v 715.0 -9.0 -542.0 0.345 0.345 0.345
v 715.0 -5.0 -542.0 0.345 0.345 0.345
v 733.0 -5.0 -542.0 0.345 0.345 0.345
v 733.0 -9.0 -542.0 0.345 0.345 0.345
v 881.0 -59.0 -911.0 0.588 0.588 0.000
v 840.0 -59.0 -911.0 0.588 0.588 0.000
v 840.0 -59.0 -870.0 0.588 0.588 0.000
v 881.0 -59.0 -870.0 0.588 0.588 0.000
v 772.0 -59.0 -911.0 0.588 0.588 0.000
v 772.0 -59.0 -870.0 0.588 0.588 0.000
v 813.0 -59.0 -870.0 0.588 0.588 0.000
v 813.0 -59.0 -911.0 0.588 0.588 0.000
v 833.0 -59.0 -553.0 1.000 1.000 1.000
v 833.0 -59.0 -556.0 1.000 1.000 1.000
v 820.0 -56.0 -556.0 1.000 1.000 1.000
v 820.0 -56.0 -553.0 1.000 1.000 1.000
v 833.0 -59.0 -524.0 1.000 1.000 1.000
v 820.0 -56.0 -524.0 0.957 0.957 0.957
v 1074.0 -59.0 -749.0 0.533 0.533 0.533
v 988.0 -59.0 -739.0 1.000 1.000 1.000
v 986.0 -59.0 -688.0 0.533 0.533 0.533
v 1036.0 -59.0 -635.0 1.000 1.000 1.000
v 656.0 -59.0 -756.0 0.533 0.533 0.533
v 656.0 -59.0 -729.0 0.533 0.533 0.533
v 686.0 -59.0 -717.0 0.533 0.533 0.533
v 688.0 -59.0 -734.0 0.533 0.533 0.533
v 690.0 -59.0 -753.0 0.996 0.996 0.996
v 656.0 -59.0 -756.0 1.000 1.000 1.000
v 688.0 -59.0 -734.0 0.996 0.996 0.996
v 705.0 -59.0 -816.0 0.533 0.533 0.533
v 628.0 -59.0 -815.0 0.533 0.533 0.533
v 628.0 -59.0 -756.0 1.000 1.000 1.000
v 946.0 -59.0 -870.0 1.000 1.000 1.000
v 904.0 -59.0 -773.0 1.000 1.000 1.000
v 974.0 -59.0 -870.0 1.000 1.000 1.000
v 837.0 -59.0 -804.0 1.000 1.000 1.000
v 904.0 -59.0 -773.0 1.000 1.000 1.000
v 946.0 -59.0 -870.0 1.000 1.000 1.000
v 837.0 -59.0 -804.0 1.000 1.000 1.000
v 824.0 -59.0 -788.0 1.000 1.000 1.000
v 864.0 -59.0 -780.0 0.996 0.996 0.996
v 904.0 -59.0 -773.0 1.000 1.000 1.000
v 837.0 -59.0 -804.0 1.000 1.000 1.000
v 721.0 -59.0 -870.0 1.000 1.000 1.000
v 824.0 -59.0 -788.0 1.000 1.000 1.000
v 721.0 -59.0 -870.0 0.533 0.533 0.533
v 721.0 -59.0 -952.0 0.533 0.533 0.533
v 692.0 -59.0 -952.0 1.000 1.000 1.000
v 692.0 -59.0 -870.0 1.000 1.000 1.000
v 974.0 -59.0 -870.0 1.000 1.000 1.000
v 974.0 -59.0 -952.0 1.000 1.000 1.000
v 946.0 -59.0 -952.0 1.000 1.000 1.000
v 946.0 -59.0 -870.0 1.000 1.000 1.000
v 772.0 -44.0 -556.0 0.345 0.345 0.345
v 597.0 -44.0 -556.0 0.357 0.357 0.357
v 597.0 -41.0 -556.0 1.000 1.000 1.000
v 760.0 -41.0 -556.0 1.000 1.000 1.000
v 820.0 -56.0 -556.0 1.000 1.000 1.000
v 833.0 -59.0 -556.0 1.000 1.000 1.000
v 597.0 -59.0 -556.0 1.000 1.000 1.000
v 597.0 -56.0 -556.0 0.357 0.357 0.357
v 838.0 9.0 -524.0 0.976 0.976 0.976
v 838.0 -5.0 -542.0 0.843 0.843 0.843
v 560.0 -5.0 -542.0 0.855 0.855 0.855
v 560.0 9.0 -524.0 0.996 0.996 0.996
v 597.0 -56.0 -556.0 0.357 0.357 0.357
v 597.0 -59.0 -556.0 1.000 1.000 1.000
v 597.0 -59.0 -524.0 0.800 0.800 0.800
v 597.0 -56.0 -524.0 0.357 0.357 0.357
v 597.0 -44.0 -524.0 0.361 0.361 0.361
v 597.0 -41.0 -524.0 0.929 0.929 0.929
v 597.0 -41.0 -556.0 1.000 1.000 1.000
v 597.0 -44.0 -556.0 0.357 0.357 0.357
v 722.0 -55.0 -556.0 0.345 0.345 0.345
v 722.0 -46.0 -556.0 0.345 0.345 0.345
v 726.0 -46.0 -556.0 0.345 0.345 0.345
v 726.0 -55.0 -556.0 0.345 0.345 0.345
v 648.0 -55.0 -556.0 0.345 0.345 0.345
v 648.0 -46.0 -556.0 0.345 0.345 0.345
v 654.0 -46.0 -556.0 0.345 0.345 0.345
v 654.0 -55.0 -556.0 0.345 0.345 0.345
v 1052.0 -59.0 -797.0 0.596 0.596 0.596
v 1052.0 -19.0 -797.0 0.596 0.596 0.596
v 1048.0 -19.0 -801.0 0.596 0.596 0.596
v 1048.0 -59.0 -801.0 0.596 0.596 0.596
v 1015.0 -59.0 -833.0 0.725 0.773 0.847
v 1015.0 -19.0 -833.0 0.792 0.792 0.792
v 1015.0 -19.0 -840.0 0.792 0.792 0.792
v 1015.0 -59.0 -840.0 0.725 0.773 0.847
v 649.0 -59.0 -945.0 0.471 0.471 0.471
v 649.0 -19.0 -945.0 0.471 0.471 0.471
v 647.0 -19.0 -943.0 0.471 0.471 0.471
v 647.0 -59.0 -943.0 0.471 0.471 0.471
v 1018.0 -59.0 -830.0 0.596 0.596 0.596
v 1018.0 -19.0 -830.0 0.596 0.596 0.596
v 1015.0 -19.0 -833.0 0.596 0.596 0.596
v 1015.0 -59.0 -833.0 0.596 0.596 0.596
v 1015.0 -59.0 -1108.0 0.725 0.773 0.847
v 1015.0 -19.0 -1108.0 0.753 0.753 0.753
v 1015.0 -19.0 -1113.0 0.753 0.753 0.753
v 1015.0 -59.0 -1113.0 0.725 0.773 0.847
v 665.0 -9.0 -542.0 0.345 0.345 0.345
v 665.0 -5.0 -542.0 0.345 0.345 0.345
v 710.0 -5.0 -542.0 0.345 0.345 0.345
v 710.0 -9.0 -542.0 0.345 0.345 0.345
v 597.0 -41.0 -556.0 1.000 1.000 1.000
v 597.0 -28.0 -556.0 1.000 1.000 1.000
v 635.0 -28.0 -556.0 0.773 0.773 0.773
v 635.0 -41.0 -556.0 0.773 0.773 0.773
v 666.0 -28.0 -556.0 0.773 0.773 0.773
v 708.0 -28.0 -556.0 0.773 0.773 0.773
v 708.0 -41.0 -556.0 0.773 0.773 0.773
v 666.0 -41.0 -556.0 0.773 0.773 0.773
v 760.0 -28.0 -556.0 0.773 0.773 0.773
v 833.0 -46.0 -556.0 0.773 0.773 0.773
v 833.0 -59.0 -556.0 0.773 0.773 0.773
v 760.0 -41.0 -556.0 0.773 0.773 0.773
v 740.0 -28.0 -556.0 0.773 0.773 0.773
v 760.0 -28.0 -556.0 1.000 1.000 1.000
v 760.0 -41.0 -556.0 1.000 1.000 1.000
v 740.0 -41.0 -556.0 0.773 0.773 0.773
v 597.0 -28.0 -524.0 0.773 0.773 0.773
v 597.0 -28.0 -556.0 0.773 0.773 0.773
v 597.0 -41.0 -556.0 0.773 0.773 0.773
v 597.0 -41.0 -524.0 0.773 0.773 0.773
v 811.0 -9.0 -542.0 1.000 1.000 1.000
v 811.0 -5.0 -542.0 0.345 0.345 0.345
v 811.0 9.0 -524.0 0.345 0.345 0.345
v 811.0 -9.0 -524.0 1.000 1.000 1.000
v 837.0 -9.0 -542.0 1.000 1.000 1.000
v 837.0 -5.0 -542.0 0.843 0.843 0.843
v 837.0 9.0 -524.0 0.976 0.976 0.976
v 837.0 -9.0 -524.0 1.000 1.000 1.000
v 747.0 -9.0 -542.0 1.000 1.000 1.000
v 747.0 -5.0 -542.0 0.345 0.345 0.345
v 747.0 9.0 -524.0 0.345 0.345 0.345
v 747.0 -9.0 -524.0 1.000 1.000 1.000
v 628.0 -9.0 -542.0 1.000 1.000 1.000
v 628.0 -5.0 -542.0 0.345 0.345 0.345
v 628.0 9.0 -524.0 0.345 0.345 0.345
v 628.0 -9.0 -524.0 1.000 1.000 1.000
v 687.0 -9.0 -542.0 1.000 1.000 1.000
v 687.0 -5.0 -542.0 0.345 0.345 0.345
v 687.0 9.0 -524.0 0.345 0.345 0.345
v 687.0 -9.0 -524.0 1.000 1.000 1.000
v 560.0 -9.0 -524.0 1.000 1.000 1.000
v 560.0 9.0 -524.0 0.996 0.996 0.996
v 560.0 -5.0 -542.0 0.855 0.855 0.855
v 560.0 -9.0 -542.0 1.000 1.000 1.000
v 495.0 -59.0 -520.0 0.345 0.345 0.345
v 495.0 -31.0 -520.0 0.718 0.718 0.718
v 496.0 -31.0 -519.0 0.718 0.718 0.718
v 496.0 -59.0 -519.0 0.345 0.345 0.345
v 495.0 -31.0 -520.0 0.718 0.718 0.718
v 491.0 -26.0 -516.0 1.000 1.000 1.000
v 492.0 -26.0 -515.0 1.000 1.000 1.000
v 496.0 -31.0 -519.0 0.718 0.718 0.718
v 493.0 -59.0 -518.0 1.000 1.000 1.000
v 493.0 -33.0 -518.0 0.357 0.357 0.357
v 495.0 -31.0 -520.0 0.718 0.718 0.718
v 495.0 -59.0 -520.0 0.345 0.345 0.345
v 495.0 -31.0 -520.0 0.718 0.718 0.718
v 493.0 -33.0 -518.0 0.357 0.357 0.357
v 488.0 -28.0 -513.0 0.357 0.357 0.357
v 491.0 -26.0 -516.0 0.357 0.357 0.357
v 496.0 -59.0 -519.0 0.345 0.345 0.345
v 496.0 -31.0 -519.0 0.498 0.498 0.498
v 494.0 -33.0 -517.0 0.345 0.345 0.345
v 494.0 -59.0 -517.0 0.345 0.345 0.345
v 492.0 -26.0 -515.0 1.000 1.000 1.000
v 490.0 -28.0 -512.0 0.345 0.345 0.345
v 494.0 -33.0 -517.0 0.345 0.345 0.345
v 496.0 -31.0 -519.0 0.498 0.498 0.498
v 496.0 -59.0 -552.0 1.000 1.000 1.000
v 496.0 -31.0 -552.0 0.600 0.600 0.600
v 496.0 -31.0 -551.0 0.600 0.600 0.600
v 496.0 -59.0 -551.0 0.345 0.345 0.345
v 496.0 -31.0 -552.0 0.600 0.600 0.600
v 493.0 -26.0 -552.0 0.882 0.882 0.882
v 493.0 -26.0 -551.0 0.882 0.882 0.882
v 496.0 -31.0 -551.0 0.600 0.600 0.600
v 496.0 -59.0 -551.0 0.345 0.345 0.345
v 496.0 -31.0 -551.0 0.345 0.345 0.345
v 494.0 -33.0 -551.0 0.345 0.345 0.345
v 494.0 -59.0 -551.0 0.345 0.345 0.345
v 493.0 -26.0 -551.0 0.882 0.882 0.882
v 491.0 -28.0 -551.0 0.345 0.345 0.345
v 494.0 -33.0 -551.0 0.345 0.345 0.345
v 496.0 -31.0 -551.0 0.345 0.345 0.345
v 494.0 -59.0 -552.0 1.000 1.000 1.000
v 494.0 -33.0 -552.0 0.600 0.600 0.600
v 496.0 -31.0 -552.0 0.600 0.600 0.600
v 496.0 -59.0 -552.0 1.000 1.000 1.000
v 496.0 -31.0 -552.0 0.600 0.600 0.600
v 494.0 -33.0 -552.0 0.600 0.600 0.600
v 491.0 -28.0 -552.0 0.827 0.827 0.827
v 493.0 -26.0 -552.0 0.882 0.882 0.882
v 527.0 -59.0 -520.0 1.000 1.000 1.000
v 527.0 -31.0 -520.0 0.620 0.620 0.620
v 528.0 -31.0 -520.0 0.620 0.620 0.620
v 528.0 -59.0 -520.0 1.000 1.000 1.000
v 527.0 -31.0 -520.0 0.620 0.620 0.620
v 527.0 -26.0 -517.0 0.843 0.843 0.843
v 528.0 -26.0 -517.0 0.843 0.843 0.843
v 528.0 -31.0 -520.0 0.620 0.620 0.620
v 528.0 -59.0 -520.0 0.345 0.345 0.345
v 528.0 -31.0 -520.0 0.345 0.345 0.345
v 528.0 -33.0 -518.0 0.345 0.345 0.345
v 528.0 -59.0 -518.0 0.345 0.345 0.345
v 528.0 -26.0 -517.0 0.345 0.345 0.345
v 528.0 -28.0 -515.0 0.345 0.345 0.345
v 528.0 -33.0 -518.0 0.345 0.345 0.345
v 528.0 -31.0 -520.0 0.345 0.345 0.345
v 527.0 -59.0 -518.0 1.000 1.000 1.000
v 527.0 -33.0 -518.0 0.620 0.620 0.620
v 527.0 -31.0 -520.0 0.620 0.620 0.620
v 527.0 -59.0 -520.0 1.000 1.000 1.000
v 527.0 -31.0 -520.0 0.620 0.620 0.620
v 527.0 -33.0 -518.0 0.620 0.620 0.620
v 527.0 -28.0 -515.0 0.843 0.843 0.843
v 527.0 -26.0 -517.0 0.843 0.843 0.843
v 496.0 -59.0 -718.0 1.000 1.000 1.000
v 496.0 -31.0 -718.0 0.600 0.600 0.600
v 496.0 -31.0 -717.0 0.600 0.600 0.600
v 496.0 -59.0 -717.0 0.345 0.345 0.345
v 496.0 -31.0 -718.0 0.600 0.600 0.600
v 493.0 -26.0 -718.0 0.827 0.827 0.827
v 493.0 -26.0 -717.0 0.827 0.827 0.827
v 496.0 -31.0 -717.0 0.600 0.600 0.600
v 496.0 -59.0 -717.0 0.345 0.345 0.345
v 496.0 -31.0 -717.0 0.345 0.345 0.345
v 494.0 -33.0 -717.0 0.345 0.345 0.345
v 494.0 -59.0 -717.0 1.000 1.000 1.000
v 493.0 -26.0 -717.0 0.345 0.345 0.345
v 491.0 -28.0 -717.0 0.345 0.345 0.345
v 494.0 -33.0 -717.0 0.345 0.345 0.345
v 496.0 -31.0 -717.0 0.345 0.345 0.345
v 494.0 -59.0 -718.0 1.000 1.000 1.000
v 494.0 -33.0 -718.0 0.600 0.600 0.600
v 496.0 -31.0 -718.0 0.600 0.600 0.600
v 496.0 -59.0 -718.0 1.000 1.000 1.000
v 496.0 -31.0 -718.0 0.600 0.600 0.600
v 494.0 -33.0 -718.0 0.600 0.600 0.600
v 491.0 -28.0 -718.0 0.827 0.827 0.827
v 493.0 -26.0 -718.0 0.827 0.827 0.827
v 496.0 -59.0 -751.0 1.000 1.000 1.000
v 496.0 -31.0 -751.0 0.600 0.600 0.600
v 496.0 -31.0 -750.0 0.600 0.600 0.600
v 496.0 -59.0 -750.0 0.345 0.345 0.345
v 496.0 -31.0 -751.0 0.600 0.600 0.600
v 493.0 -26.0 -751.0 0.882 0.882 0.882
v 493.0 -26.0 -750.0 0.882 0.882 0.882
v 496.0 -31.0 -750.0 0.600 0.600 0.600
v 496.0 -59.0 -750.0 0.345 0.345 0.345
v 496.0 -31.0 -750.0 0.345 0.345 0.345
v 494.0 -33.0 -750.0 0.345 0.345 0.345
v 494.0 -59.0 -750.0 0.345 0.345 0.345
v 493.0 -26.0 -750.0 0.882 0.882 0.882
v 491.0 -28.0 -750.0 0.345 0.345 0.345
v 494.0 -33.0 -750.0 0.345 0.345 0.345
v 496.0 -31.0 -750.0 0.345 0.345 0.345
v 494.0 -59.0 -751.0 1.000 1.000 1.000
v 494.0 -33.0 -751.0 0.600 0.600 0.600
v 496.0 -31.0 -751.0 0.600 0.600 0.600
v 496.0 -59.0 -751.0 1.000 1.000 1.000
v 496.0 -31.0 -751.0 0.600 0.600 0.600
v 494.0 -33.0 -751.0 0.600 0.600 0.600
v 491.0 -28.0 -751.0 0.827 0.827 0.827
v 493.0 -26.0 -751.0 0.882 0.882 0.882
v 496.0 -59.0 -784.0 1.000 1.000 1.000
v 496.0 -31.0 -784.0 0.600 0.600 0.600
v 496.0 -31.0 -783.0 0.600 0.600 0.600
v 496.0 -59.0 -783.0 0.345 0.345 0.345
v 496.0 -31.0 -784.0 0.600 0.600 0.600
v 493.0 -26.0 -784.0 0.827 0.827 0.827
v 493.0 -26.0 -783.0 0.827 0.827 0.827
v 496.0 -31.0 -783.0 0.600 0.600 0.600
v 496.0 -59.0 -783.0 0.345 0.345 0.345
v 496.0 -31.0 -783.0 0.345 0.345 0.345
v 494.0 -33.0 -783.0 0.345 0.345 0.345
v 494.0 -59.0 -783.0 0.345 0.345 0.345
v 493.0 -26.0 -783.0 0.345 0.345 0.345
v 491.0 -28.0 -783.0 0.345 0.345 0.345
v 494.0 -33.0 -783.0 0.345 0.345 0.345
v 496.0 -31.0 -783.0 0.345 0.345 0.345
v 494.0 -59.0 -784.0 1.000 1.000 1.000
v 494.0 -33.0 -784.0 0.600 0.600 0.600
v 496.0 -31.0 -784.0 0.600 0.600 0.600
v 496.0 -59.0 -784.0 1.000 1.000 1.000
v 496.0 -31.0 -784.0 0.600 0.600 0.600
v 494.0 -33.0 -784.0 0.600 0.600 0.600
v 491.0 -28.0 -784.0 0.827 0.827 0.827
v 493.0 -26.0 -784.0 0.827 0.827 0.827
v 496.0 -59.0 -817.0 1.000 1.000 1.000
v 496.0 -31.0 -817.0 0.631 0.631 0.631
v 496.0 -31.0 -816.0 0.631 0.631 0.631
v 496.0 -59.0 -816.0 0.345 0.345 0.345
v 496.0 -31.0 -817.0 0.631 0.631 0.631
v 493.0 -26.0 -817.0 0.882 0.882 0.882
v 493.0 -26.0 -816.0 0.882 0.882 0.882
v 496.0 -31.0 -816.0 0.631 0.631 0.631
v 496.0 -59.0 -816.0 0.345 0.345 0.345
v 496.0 -31.0 -816.0 0.631 0.631 0.631
v 494.0 -33.0 -816.0 0.345 0.345 0.345
v 494.0 -59.0 -816.0 1.000 1.000 1.000
v 493.0 -26.0 -816.0 0.882 0.882 0.882
v 491.0 -28.0 -816.0 0.345 0.345 0.345
v 494.0 -33.0 -816.0 0.345 0.345 0.345
v 496.0 -31.0 -816.0 0.631 0.631 0.631
v 494.0 -59.0 -817.0 1.000 1.000 1.000
v 494.0 -33.0 -817.0 0.600 0.600 0.600
v 496.0 -31.0 -817.0 0.631 0.631 0.631
v 496.0 -59.0 -817.0 1.000 1.000 1.000
v 496.0 -31.0 -817.0 0.631 0.631 0.631
v 494.0 -33.0 -817.0 0.600 0.600 0.600
v 491.0 -28.0 -817.0 0.827 0.827 0.827
v 493.0 -26.0 -817.0 0.882 0.882 0.882
v 496.0 -59.0 -850.0 1.000 1.000 1.000
v 496.0 -31.0 -850.0 0.600 0.600 0.600
v 496.0 -31.0 -849.0 0.600 0.600 0.600
v 496.0 -59.0 -849.0 0.345 0.345 0.345
v 496.0 -31.0 -850.0 0.600 0.600 0.600
v 493.0 -26.0 -850.0 0.882 0.882 0.882
v 493.0 -26.0 -849.0 0.882 0.882 0.882
v 496.0 -31.0 -849.0 0.600 0.600 0.600
v 496.0 -59.0 -849.0 0.345 0.345 0.345
v 496.0 -31.0 -849.0 0.345 0.345 0.345
v 494.0 -33.0 -849.0 0.345 0.345 0.345
v 494.0 -59.0 -849.0 0.345 0.345 0.345
v 493.0 -26.0 -849.0 0.882 0.882 0.882
v 491.0 -28.0 -849.0 0.345 0.345 0.345
v 494.0 -33.0 -849.0 0.345 0.345 0.345
v 496.0 -31.0 -849.0 0.345 0.345 0.345
v 494.0 -59.0 -850.0 1.000 1.000 1.000
v 494.0 -33.0 -850.0 0.600 0.600 0.600
v 496.0 -31.0 -850.0 0.600 0.600 0.600
v 496.0 -59.0 -850.0 1.000 1.000 1.000
v 496.0 -31.0 -850.0 0.600 0.600 0.600
v 494.0 -33.0 -850.0 0.600 0.600 0.600
v 491.0 -28.0 -850.0 0.827 0.827 0.827
v 493.0 -26.0 -850.0 0.882 0.882 0.882
v 496.0 -59.0 -915.0 0.345 0.345 0.345
v 496.0 -31.0 -915.0 0.620 0.620 0.620
v 495.0 -31.0 -914.0 0.718 0.718 0.718
v 495.0 -59.0 -914.0 0.345 0.345 0.345
v 496.0 -31.0 -915.0 0.620 0.620 0.620
v 492.0 -26.0 -920.0 1.000 1.000 1.000
v 491.0 -26.0 -919.0 1.000 1.000 1.000
v 495.0 -31.0 -914.0 0.718 0.718 0.718
v 494.0 -59.0 -918.0 1.000 1.000 1.000
v 494.0 -33.0 -918.0 0.345 0.345 0.345
v 496.0 -31.0 -915.0 0.620 0.620 0.620
v 496.0 -59.0 -915.0 0.345 0.345 0.345
v 496.0 -31.0 -915.0 0.620 0.620 0.620
v 494.0 -33.0 -918.0 0.345 0.345 0.345
v 490.0 -28.0 -922.0 0.345 0.345 0.345
v 492.0 -26.0 -920.0 0.345 0.345 0.345
v 495.0 -59.0 -914.0 0.357 0.357 0.357
v 495.0 -31.0 -914.0 0.357 0.357 0.357
v 493.0 -33.0 -916.0 0.514 0.514 0.514
v 493.0 -59.0 -916.0 1.000 1.000 1.000
v 491.0 -26.0 -919.0 1.000 1.000 1.000
v 488.0 -28.0 -921.0 0.357 0.357 0.357
v 493.0 -33.0 -916.0 0.514 0.514 0.514
v 495.0 -31.0 -914.0 0.357 0.357 0.357
v 496.0 -59.0 -883.0 1.000 1.000 1.000
v 496.0 -31.0 -883.0 0.631 0.631 0.631
v 496.0 -31.0 -882.0 0.631 0.631 0.631
v 496.0 -59.0 -882.0 0.345 0.345 0.345
v 496.0 -31.0 -883.0 0.631 0.631 0.631
v 493.0 -26.0 -883.0 0.882 0.882 0.882
v 493.0 -26.0 -882.0 0.882 0.882 0.882
v 496.0 -31.0 -882.0 0.631 0.631 0.631
v 496.0 -59.0 -882.0 0.345 0.345 0.345
v 496.0 -31.0 -882.0 0.631 0.631 0.631
v 494.0 -33.0 -882.0 0.345 0.345 0.345
v 494.0 -59.0 -882.0 0.345 0.345 0.345
v 493.0 -26.0 -882.0 0.882 0.882 0.882
v 491.0 -28.0 -882.0 0.345 0.345 0.345
v 494.0 -33.0 -882.0 0.345 0.345 0.345
v 496.0 -31.0 -882.0 0.631 0.631 0.631
v 494.0 -59.0 -883.0 1.000 1.000 1.000
v 494.0 -33.0 -883.0 0.600 0.600 0.600
v 496.0 -31.0 -883.0 0.631 0.631 0.631
v 496.0 -59.0 -883.0 1.000 1.000 1.000
v 496.0 -31.0 -883.0 0.631 0.631 0.631
v 494.0 -33.0 -883.0 0.600 0.600 0.600
v 491.0 -28.0 -883.0 0.827 0.827 0.827
v 493.0 -26.0 -883.0 0.882 0.882 0.882
v 510.0 -59.0 -618.0 1.000 1.000 1.000
v 510.0 -40.0 -618.0 0.345 0.345 0.345
v 510.0 -39.0 -617.0 0.345 0.345 0.345
v 510.0 -59.0 -617.0 1.000 1.000 1.000
v 510.0 -40.0 -627.0 0.345 0.345 0.345
v 510.0 -39.0 -628.0 0.345 0.345 0.345
v 510.0 -39.0 -617.0 0.345 0.345 0.345
v 510.0 -40.0 -618.0 0.345 0.345 0.345
v 510.0 -59.0 -627.0 0.741 0.741 0.741
v 510.0 -59.0 -628.0 0.741 0.741 0.741
v 510.0 -39.0 -628.0 0.345 0.345 0.345
v 510.0 -40.0 -627.0 0.345 0.345 0.345
v 587.0 -33.0 -524.0 0.922 0.922 0.922
v 587.0 -57.0 -548.0 0.882 0.882 0.882
v 581.0 -57.0 -548.0 0.863 0.863 0.863
v 581.0 -33.0 -524.0 0.918 0.918 0.918
v 587.0 -33.0 -524.0 0.922 0.922 0.922
v 589.0 -28.0 -524.0 0.831 0.831 0.831
v 589.0 -52.0 -548.0 0.588 0.588 0.588
v 587.0 -57.0 -548.0 0.882 0.882 0.882
v 579.0 -52.0 -548.0 0.557 0.557 0.557
v 579.0 -28.0 -524.0 0.557 0.557 0.557
v 581.0 -33.0 -524.0 0.918 0.918 0.918
v 581.0 -57.0 -548.0 0.863 0.863 0.863
v 628.0 -59.0 -815.0 0.533 0.533 0.533
v 615.0 -59.0 -911.0 0.533 0.533 0.533
v 527.0 -59.0 -911.0 0.533 0.533 0.533
v 494.0 -59.0 -882.0 0.533 0.533 0.533
v 494.0 -59.0 -915.0 0.533 0.533 0.533
v 527.0 -59.0 -916.0 0.533 0.533 0.533
v 495.0 -59.0 -916.0 1.000 1.000 1.000
v 494.0 -59.0 -915.0 1.000 1.000 1.000
v 527.0 -59.0 -916.0 1.000 1.000 1.000
v 494.0 -59.0 -849.0 0.533 0.533 0.533
v 628.0 -59.0 -815.0 0.533 0.533 0.533
v 494.0 -59.0 -882.0 0.533 0.533 0.533
v 559.0 -59.0 -815.0 0.533 0.533 0.533
v 494.0 -59.0 -816.0 0.533 0.533 0.533
v 494.0 -59.0 -783.0 0.533 0.533 0.533
v 559.0 -59.0 -764.0 0.533 0.533 0.533
v 494.0 -59.0 -750.0 0.533 0.533 0.533
v 559.0 -59.0 -717.0 1.000 1.000 1.000
v 559.0 -59.0 -764.0 1.000 1.000 1.000
v 494.0 -59.0 -750.0 1.000 1.000 1.000
v 494.0 -59.0 -718.0 1.000 1.000 1.000
v 494.0 -59.0 -718.0 1.000 1.000 1.000
v 494.0 -59.0 -683.0 1.000 1.000 1.000
v 560.0 -59.0 -683.0 1.000 1.000 1.000
v 559.0 -59.0 -717.0 1.000 1.000 1.000
v 608.0 -59.0 -694.0 0.773 0.773 0.773
v 549.0 -59.0 -613.0 0.533 0.533 0.533
v 608.0 -59.0 -643.0 0.533 0.533 0.533
v 560.0 -59.0 -647.0 0.533 0.533 0.533
v 510.0 -59.0 -647.0 0.533 0.533 0.533
v 516.0 -59.0 -623.0 0.533 0.533 0.533
v 510.0 -59.0 -627.0 0.533 0.533 0.533
v 507.0 -59.0 -627.0 0.533 0.533 0.533
v 510.0 -59.0 -618.0 0.533 0.533 0.533
v 510.0 -59.0 -584.0 0.533 0.533 0.533
v 549.0 -59.0 -560.0 0.533 0.533 0.533
v 494.0 -59.0 -584.0 0.533 0.533 0.533
v 549.0 -59.0 -560.0 0.533 0.533 0.533
v 494.0 -59.0 -584.0 0.533 0.533 0.533
v 494.0 -59.0 -552.0 0.533 0.533 0.533
v 549.0 -59.0 -560.0 1.000 1.000 1.000
v 494.0 -59.0 -552.0 1.000 1.000 1.000
v 494.0 -59.0 -518.0 1.000 1.000 1.000
v 527.0 -59.0 -518.0 1.000 1.000 1.000
v 560.0 -59.0 -518.0 1.000 1.000 1.000
v 560.0 -59.0 -524.0 0.929 0.929 0.929
v 597.0 -59.0 -524.0 0.404 0.404 0.404
v 597.0 -59.0 -556.0 1.000 1.000 1.000
v 549.0 -59.0 -613.0 1.000 1.000 1.000
v 608.0 -59.0 -615.0 0.996 0.996 0.996
v 608.0 -59.0 -615.0 0.533 0.533 0.533
v 608.0 -59.0 -643.0 0.533 0.533 0.533
v 549.0 -59.0 -613.0 0.533 0.533 0.533
v 559.0 -59.0 -764.0 0.533 0.533 0.533
v 628.0 -59.0 -815.0 0.533 0.533 0.533
v 559.0 -59.0 -815.0 0.533 0.533 0.533
v 628.0 -59.0 -729.0 1.000 1.000 1.000
v 559.0 -59.0 -717.0 1.000 1.000 1.000
v 608.0 -59.0 -694.0 0.773 0.773 0.773
v 559.0 -59.0 -764.0 1.000 1.000 1.000
v 628.0 -59.0 -756.0 1.000 1.000 1.000
v 560.0 -59.0 -647.0 0.533 0.533 0.533
v 608.0 -59.0 -643.0 0.533 0.533 0.533
v 560.0 -59.0 -683.0 0.533 0.533 0.533
v 608.0 -59.0 -643.0 1.000 1.000 1.000
v 560.0 -59.0 -683.0 1.000 1.000 1.000
v 516.0 -59.0 -623.0 0.533 0.533 0.533
v 507.0 -59.0 -627.0 0.533 0.533 0.533
v 507.0 -59.0 -618.0 0.533 0.533 0.533
v 516.0 -59.0 -623.0 0.533 0.533 0.533
v 507.0 -59.0 -618.0 0.533 0.533 0.533
v 510.0 -59.0 -618.0 0.533 0.533 0.533
v 483.0 -19.0 -665.0 1.000 1.000 1.000
v 542.0 -19.0 -665.0 1.000 1.000 1.000
v 562.0 -19.0 -685.0 1.000 1.000 1.000
v 462.0 -19.0 -685.0 1.000 1.000 1.000
v 562.0 -19.0 -644.0 1.000 1.000 1.000
v 512.0 -19.0 -644.0 1.000 1.000 1.000
v 462.0 -19.0 -582.0 1.000 1.000 1.000
v 512.0 -19.0 -582.0 1.000 1.000 1.000
v 527.0 -59.0 -947.0 1.000 1.000 1.000
v 536.0 -59.0 -947.0 0.980 0.980 0.980
v 516.0 -59.0 -953.0 1.000 1.000 1.000
v 527.0 -59.0 -916.0 0.655 0.655 0.655
v 527.0 -59.0 -947.0 0.655 0.655 0.655
v 516.0 -59.0 -953.0 0.655 0.655 0.655
v 516.0 -59.0 -953.0 1.000 1.000 1.000
v 494.0 -59.0 -918.0 1.000 1.000 1.000
v 495.0 -59.0 -916.0 1.000 1.000 1.000
v 450.0 -59.0 -931.0 0.655 0.655 0.655
v 494.0 -59.0 -918.0 0.655 0.655 0.655
v 493.0 -59.0 -916.0 0.655 0.655 0.655
v 437.0 -59.0 -873.0 0.655 0.655 0.655
v 454.0 -59.0 -827.0 0.655 0.655 0.655
v 396.0 -59.0 -795.0 0.655 0.655 0.655
v 444.0 -59.0 -783.0 0.655 0.655 0.655
v 428.0 -59.0 -692.0 0.655 0.655 0.655
v 468.0 -59.0 -729.0 0.655 0.655 0.655
v 464.0 -59.0 -683.0 0.655 0.655 0.655
v 464.0 -59.0 -683.0 0.655 0.655 0.655
v 428.0 -59.0 -692.0 0.655 0.655 0.655
v 422.0 -59.0 -648.0 0.655 0.655 0.655
v 464.0 -59.0 -584.0 1.000 1.000 1.000
v 464.0 -59.0 -683.0 1.000 1.000 1.000
v 422.0 -59.0 -648.0 1.000 1.000 1.000
v 369.0 -59.0 -671.0 0.655 0.655 0.655
v 364.0 -59.0 -575.0 0.655 0.655 0.655
v 422.0 -59.0 -581.0 0.655 0.655 0.655
v 464.0 -59.0 -584.0 0.655 0.655 0.655
v 428.0 -59.0 -527.0 0.655 0.655 0.655
v 469.0 -59.0 -528.0 0.655 0.655 0.655
v 397.0 -59.0 -426.0 0.655 0.655 0.655
v 445.0 -59.0 -483.0 0.655 0.655 0.655
v 454.0 -59.0 -434.0 0.655 0.655 0.655
v 484.0 -59.0 -492.0 0.655 0.655 0.655
v 484.0 -59.0 -492.0 1.000 1.000 1.000
v 494.0 -59.0 -518.0 1.000 1.000 1.000
v 469.0 -59.0 -528.0 1.000 1.000 1.000
v 560.0 -59.0 -518.0 1.000 1.000 1.000
v 524.0 -59.0 -455.0 1.000 1.000 1.000
v 560.0 -59.0 -442.0 0.882 0.882 0.882
v 490.0 -59.0 -442.0 1.000 1.000 1.000
v 454.0 -59.0 -434.0 0.655 0.655 0.655
v 490.0 -59.0 -442.0 0.655 0.655 0.655
v 484.0 -59.0 -492.0 0.655 0.655 0.655
v 490.0 -59.0 -426.0 0.655 0.655 0.655
v 536.0 -19.0 -920.0 1.000 1.000 1.000
v 527.0 -19.0 -911.0 1.000 1.000 1.000
v 615.0 -19.0 -911.0 1.000 1.000 1.000
v 610.0 -19.0 -920.0 1.000 1.000 1.000
v 527.0 -19.0 -947.0 0.988 0.988 0.988
v 527.0 -19.0 -947.0 0.988 0.988 0.988
v 536.0 -19.0 -920.0 1.000 1.000 1.000
v 536.0 -19.0 -947.0 0.725 0.725 0.725
v 527.0 -59.0 -916.0 0.655 0.655 0.655
v 516.0 -59.0 -953.0 0.655 0.655 0.655
v 495.0 -59.0 -916.0 0.655 0.655 0.655
v 494.0 -59.0 -882.0 0.655 0.655 0.655
v 494.0 -59.0 -915.0 0.655 0.655 0.655
v 493.0 -59.0 -916.0 0.655 0.655 0.655
v 437.0 -59.0 -873.0 0.655 0.655 0.655
v 494.0 -59.0 -849.0 0.655 0.655 0.655
v 494.0 -59.0 -882.0 0.655 0.655 0.655
v 437.0 -59.0 -873.0 0.655 0.655 0.655
v 454.0 -59.0 -827.0 0.655 0.655 0.655
v 494.0 -59.0 -816.0 0.655 0.655 0.655
v 494.0 -59.0 -849.0 0.655 0.655 0.655
v 454.0 -59.0 -827.0 0.655 0.655 0.655
v 494.0 -59.0 -816.0 0.655 0.655 0.655
v 454.0 -59.0 -827.0 0.655 0.655 0.655
v 444.0 -59.0 -783.0 0.655 0.655 0.655
v 494.0 -59.0 -783.0 0.655 0.655 0.655
v 494.0 -59.0 -783.0 0.655 0.655 0.655
v 444.0 -59.0 -783.0 0.655 0.655 0.655
v 494.0 -59.0 -750.0 0.655 0.655 0.655
v 468.0 -59.0 -729.0 0.655 0.655 0.655
v 494.0 -59.0 -750.0 1.000 1.000 1.000
v 468.0 -59.0 -729.0 1.000 1.000 1.000
v 494.0 -59.0 -718.0 1.000 1.000 1.000
v 464.0 -59.0 -683.0 1.000 1.000 1.000
v 494.0 -59.0 -683.0 1.000 1.000 1.000
v 494.0 -59.0 -718.0 1.000 1.000 1.000
v 464.0 -59.0 -683.0 1.000 1.000 1.000
v 494.0 -59.0 -552.0 1.000 1.000 1.000
v 469.0 -59.0 -528.0 1.000 1.000 1.000
v 494.0 -59.0 -518.0 1.000 1.000 1.000
v 464.0 -59.0 -584.0 1.000 1.000 1.000
v 464.0 -59.0 -584.0 0.533 0.533 0.533
v 494.0 -59.0 -552.0 0.533 0.533 0.533
v 494.0 -59.0 -584.0 0.533 0.533 0.533
v 494.0 -59.0 -518.0 1.000 1.000 1.000
v 484.0 -59.0 -492.0 1.000 1.000 1.000
v 527.0 -59.0 -518.0 1.000 1.000 1.000
v 524.0 -59.0 -455.0 1.000 1.000 1.000
v 560.0 -59.0 -518.0 1.000 1.000 1.000
v 527.0 -59.0 -518.0 1.000 1.000 1.000
v 524.0 -59.0 -455.0 1.000 1.000 1.000
v 396.0 -59.0 -795.0 0.188 0.188 0.188
v 369.0 100.0 -827.0 1.000 1.000 1.000
v 416.0 107.0 -730.0 1.000 1.000 1.000
v 428.0 -59.0 -692.0 1.000 1.000 1.000
v 324.0 295.0 -822.0 1.000 1.000 1.000
v 348.0 295.0 -750.0 0.267 0.267 0.267
v 610.0 -19.0 -920.0 1.000 1.000 1.000
v 590.0 107.0 -969.0 0.106 0.106 0.106
v 536.0 -19.0 -920.0 1.000 1.000 1.000
v 564.0 107.0 -967.0 1.000 1.000 1.000
v 536.0 -19.0 -947.0 1.000 1.000 1.000
v 513.0 107.0 -968.0 1.000 1.000 1.000
v 516.0 -59.0 -953.0 1.000 1.000 1.000
v 516.0 -59.0 -953.0 1.000 1.000 1.000
v 513.0 107.0 -968.0 1.000 1.000 1.000
v 443.0 79.0 -962.0 0.106 0.106 0.106
v 450.0 -59.0 -931.0 0.106 0.106 0.106
v 442.0 298.0 -995.0 0.106 0.106 0.106
v 532.0 291.0 -980.0 1.000 1.000 1.000
v 564.0 107.0 -967.0 1.000 1.000 1.000
v 561.0 299.0 -1022.0 0.106 0.106 0.106
v 590.0 107.0 -969.0 0.106 0.106 0.106
v 442.0 298.0 -995.0 0.106 0.106 0.106
v 423.0 295.0 -946.0 1.000 1.000 1.000
v 443.0 79.0 -962.0 0.106 0.106 0.106
v 450.0 -59.0 -931.0 0.106 0.106 0.106
v 422.0 128.0 -895.0 1.000 1.000 1.000
v 437.0 -59.0 -873.0 1.000 1.000 1.000
v 369.0 100.0 -827.0 1.000 1.000 1.000
v 396.0 -59.0 -795.0 0.188 0.188 0.188
v 437.0 -59.0 -873.0 1.000 1.000 1.000
v 369.0 100.0 -827.0 1.000 1.000 1.000
v 340.0 295.0 -878.0 1.000 1.000 1.000
v 324.0 295.0 -822.0 1.000 1.000 1.000
v 422.0 128.0 -895.0 1.000 1.000 1.000
v 423.0 295.0 -946.0 1.000 1.000 1.000
v 443.0 79.0 -962.0 0.106 0.106 0.106
v 640.0 -19.0 -949.0 0.106 0.106 0.106
v 590.0 107.0 -969.0 0.106 0.106 0.106
v 610.0 -19.0 -920.0 1.000 1.000 1.000
v 428.0 -59.0 -692.0 1.000 1.000 1.000
v 416.0 107.0 -730.0 1.000 1.000 1.000
v 337.0 81.0 -691.0 0.267 0.267 0.267
v 369.0 -59.0 -671.0 0.267 0.267 0.267
v 316.0 98.0 -595.0 1.000 1.000 1.000
v 364.0 -59.0 -575.0 0.188 0.188 0.188
v 369.0 -59.0 -671.0 0.267 0.267 0.267
v 316.0 98.0 -595.0 1.000 1.000 1.000
v 353.0 61.0 -463.0 1.000 1.000 1.000
v 397.0 -59.0 -426.0 0.106 0.106 0.106
v 285.0 295.0 -492.0 1.000 1.000 1.000
v 337.0 295.0 -408.0 0.106 0.106 0.106
v 257.0 295.0 -635.0 1.000 1.000 1.000
v 337.0 81.0 -691.0 0.267 0.267 0.267
v 348.0 295.0 -750.0 0.267 0.267 0.267
v 416.0 107.0 -730.0 1.000 1.000 1.000
v 454.0 -59.0 -434.0 0.835 0.792 0.737
v 397.0 -59.0 -426.0 0.106 0.106 0.106
v 356.0 107.0 -411.0 0.106 0.106 0.106
v 464.0 107.0 -408.0 0.835 0.792 0.737
v 488.0 295.0 -384.0 0.345 0.345 0.345
v 337.0 295.0 -408.0 0.106 0.106 0.106
v 488.0 295.0 -384.0 0.345 0.345 0.345
v 356.0 107.0 -411.0 0.106 0.106 0.106
v 397.0 -59.0 -426.0 0.106 0.106 0.106
v 353.0 61.0 -463.0 1.000 1.000 1.000
v 356.0 107.0 -411.0 0.106 0.106 0.106
v 337.0 295.0 -408.0 0.106 0.106 0.106
v 490.0 -59.0 -426.0 0.835 0.792 0.737
v 464.0 107.0 -408.0 0.835 0.792 0.737
v 483.0 89.0 -360.0 0.345 0.345 0.345
v 490.0 -59.0 -426.0 0.835 0.792 0.737
v 454.0 -59.0 -434.0 0.835 0.792 0.737
v 464.0 107.0 -408.0 0.835 0.792 0.737
v 536.0 -60.0 -947.0 1.000 1.000 1.000
v 536.0 -19.0 -947.0 1.000 1.000 1.000
v 516.0 -59.0 -953.0 1.000 1.000 1.000
v 464.0 -23.0 -584.0 0.275 0.255 0.239
v 510.0 -23.0 -584.0 0.275 0.255 0.239
v 512.0 -19.0 -582.0 0.275 0.255 0.239
v 462.0 -19.0 -582.0 0.275 0.255 0.239
v 512.0 -19.0 -644.0 0.345 0.345 0.345
v 512.0 -19.0 -582.0 0.345 0.345 0.345
v 510.0 -23.0 -584.0 0.345 0.345 0.345
v 510.0 -23.0 -647.0 0.345 0.345 0.345
v 512.0 -19.0 -644.0 0.275 0.255 0.239
v 510.0 -23.0 -647.0 0.275 0.255 0.239
v 560.0 -23.0 -647.0 0.275 0.255 0.239
v 562.0 -19.0 -644.0 0.275 0.255 0.239
v 562.0 -19.0 -644.0 0.345 0.345 0.345
v 560.0 -23.0 -647.0 0.345 0.345 0.345
v 560.0 -23.0 -683.0 0.345 0.345 0.345
v 562.0 -19.0 -685.0 0.345 0.345 0.345
v 560.0 -23.0 -683.0 0.275 0.255 0.239
v 464.0 -23.0 -683.0 0.275 0.255 0.239
v 462.0 -19.0 -685.0 0.275 0.255 0.239
v 562.0 -19.0 -685.0 0.275 0.255 0.239
v 510.0 -59.0 -584.0 0.404 0.384 0.357
v 510.0 -23.0 -584.0 0.404 0.384 0.357
v 464.0 -23.0 -584.0 0.404 0.384 0.357
v 464.0 -59.0 -584.0 0.404 0.384 0.357
v 510.0 -59.0 -647.0 0.573 0.545 0.506
v 510.0 -23.0 -647.0 0.467 0.443 0.412
v 510.0 -39.0 -628.0 0.573 0.545 0.506
v 510.0 -59.0 -628.0 0.573 0.545 0.506
v 510.0 -23.0 -584.0 0.467 0.443 0.412
v 510.0 -39.0 -617.0 0.573 0.545 0.506
v 510.0 -59.0 -584.0 0.573 0.545 0.506
v 510.0 -59.0 -617.0 0.573 0.545 0.506
v 560.0 -59.0 -647.0 0.404 0.384 0.357
v 560.0 -23.0 -647.0 0.404 0.384 0.357
v 510.0 -23.0 -647.0 0.404 0.384 0.357
v 510.0 -59.0 -647.0 0.404 0.384 0.357
v 560.0 -59.0 -683.0 0.573 0.545 0.506
v 560.0 -23.0 -683.0 0.467 0.443 0.412
v 560.0 -23.0 -647.0 0.467 0.443 0.412
v 560.0 -59.0 -647.0 0.573 0.545 0.506
v 464.0 -59.0 -683.0 0.835 0.792 0.737
v 464.0 -23.0 -683.0 0.345 0.345 0.345
v 560.0 -23.0 -683.0 0.345 0.345 0.345
v 560.0 -59.0 -683.0 0.835 0.792 0.737
v 507.0 -40.0 -618.0 0.345 0.345 0.345
v 510.0 -40.0 -618.0 0.345 0.345 0.345
v 510.0 -59.0 -618.0 0.835 0.792 0.737
v 507.0 -59.0 -618.0 0.835 0.792 0.737
v 510.0 -59.0 -627.0 0.835 0.792 0.737
v 510.0 -40.0 -627.0 0.345 0.345 0.345
v 507.0 -40.0 -627.0 0.345 0.345 0.345
v 507.0 -59.0 -627.0 0.835 0.792 0.737
v 507.0 -40.0 -627.0 0.345 0.345 0.345
v 510.0 -40.0 -627.0 0.345 0.345 0.345
v 510.0 -40.0 -618.0 0.345 0.345 0.345
v 507.0 -40.0 -618.0 0.345 0.345 0.345
v 615.0 -59.0 -911.0 0.404 0.404 0.404
v 615.0 -19.0 -911.0 0.404 0.404 0.404
v 527.0 -19.0 -911.0 0.404 0.404 0.404
v 527.0 -59.0 -911.0 0.404 0.404 0.404
v 527.0 -59.0 -911.0 0.725 0.773 0.847
v 527.0 -19.0 -911.0 1.000 1.000 1.000
v 527.0 -19.0 -947.0 0.988 0.988 0.988
v 527.0 -59.0 -947.0 0.725 0.773 0.847
v 549.0 -59.0 -613.0 0.533 0.533 0.533
v 608.0 -59.0 -643.0 0.533 0.533 0.533
v 560.0 -59.0 -647.0 0.533 0.533 0.533
v 510.0 -59.0 -647.0 0.533 0.533 0.533
v 516.0 -59.0 -623.0 0.533 0.533 0.533
v 510.0 -59.0 -618.0 0.533 0.533 0.533
v 510.0 -59.0 -584.0 0.533 0.533 0.533
v 549.0 -59.0 -560.0 0.533 0.533 0.533
v 549.0 -59.0 -613.0 1.000 1.000 1.000
v 549.0 -59.0 -560.0 1.000 1.000 1.000
v 597.0 -59.0 -556.0 1.000 1.000 1.000
v 560.0 -59.0 -647.0 0.533 0.533 0.533
v 608.0 -59.0 -643.0 0.533 0.533 0.533
v 560.0 -59.0 -683.0 0.533 0.533 0.533
v 608.0 -59.0 -643.0 1.000 1.000 1.000
v 608.0 -59.0 -694.0 0.773 0.773 0.773
v 560.0 -59.0 -683.0 1.000 1.000 1.000
v 491.0 -27.0 -551.0 0.827 0.827 0.827
v 491.0 -27.0 -516.0 1.000 1.000 1.000
v 494.0 -32.0 -519.0 0.498 0.498 0.498
v 494.0 -32.0 -551.0 0.600 0.600 0.600
v 527.0 -32.0 -518.0 0.620 0.620 0.620
v 495.0 -32.0 -518.0 0.647 0.647 0.647
v 492.0 -27.0 -515.0 1.000 1.000 1.000
v 527.0 -27.0 -515.0 0.843 0.843 0.843
v 495.0 -59.0 -518.0 1.000 1.000 1.000
v 495.0 -32.0 -518.0 0.647 0.647 0.647
v 527.0 -32.0 -518.0 0.620 0.620 0.620
v 527.0 -59.0 -518.0 1.000 1.000 1.000
v 494.0 -59.0 -551.0 1.000 1.000 1.000
v 494.0 -32.0 -551.0 0.600 0.600 0.600
v 494.0 -32.0 -519.0 0.498 0.498 0.498
v 494.0 -59.0 -519.0 0.345 0.345 0.345
v 494.0 -59.0 -584.0 1.000 1.000 1.000
v 494.0 -32.0 -584.0 0.631 0.631 0.631
v 494.0 -32.0 -552.0 0.600 0.600 0.600
v 494.0 -59.0 -552.0 1.000 1.000 1.000
v 491.0 -27.0 -584.0 0.882 0.882 0.882
v 491.0 -27.0 -552.0 0.827 0.827 0.827
v 528.0 -59.0 -518.0 0.345 0.345 0.345
v 528.0 -32.0 -518.0 0.620 0.620 0.620
v 560.0 -32.0 -518.0 0.647 0.647 0.647
v 560.0 -59.0 -518.0 1.000 1.000 1.000
v 528.0 -27.0 -515.0 0.843 0.843 0.843
v 560.0 -27.0 -515.0 0.890 0.890 0.890
v 494.0 -59.0 -717.0 1.000 1.000 1.000
v 494.0 -32.0 -717.0 0.600 0.600 0.600
v 494.0 -32.0 -685.0 0.631 0.631 0.631
v 494.0 -59.0 -685.0 1.000 1.000 1.000
v 491.0 -27.0 -717.0 0.827 0.827 0.827
v 491.0 -27.0 -685.0 0.882 0.882 0.882
v 494.0 -59.0 -750.0 1.000 1.000 1.000
v 494.0 -32.0 -750.0 0.600 0.600 0.600
v 494.0 -32.0 -718.0 0.600 0.600 0.600
v 494.0 -59.0 -718.0 1.000 1.000 1.000
v 494.0 -32.0 -718.0 0.600 0.600 0.600
v 494.0 -32.0 -750.0 0.600 0.600 0.600
v 491.0 -27.0 -750.0 0.827 0.827 0.827
v 491.0 -27.0 -718.0 0.827 0.827 0.827
v 494.0 -59.0 -783.0 1.000 1.000 1.000
v 494.0 -32.0 -783.0 0.600 0.600 0.600
v 494.0 -32.0 -751.0 0.600 0.600 0.600
v 494.0 -59.0 -751.0 1.000 1.000 1.000
v 494.0 -32.0 -751.0 0.600 0.600 0.600
v 494.0 -32.0 -783.0 0.600 0.600 0.600
v 491.0 -27.0 -783.0 0.827 0.827 0.827
v 491.0 -27.0 -751.0 0.827 0.827 0.827
v 494.0 -59.0 -816.0 1.000 1.000 1.000
v 494.0 -32.0 -816.0 0.600 0.600 0.600
v 494.0 -32.0 -784.0 0.600 0.600 0.600
v 494.0 -59.0 -784.0 1.000 1.000 1.000
v 494.0 -32.0 -784.0 0.600 0.600 0.600
v 494.0 -32.0 -816.0 0.600 0.600 0.600
v 491.0 -27.0 -816.0 0.827 0.827 0.827
v 491.0 -27.0 -784.0 0.827 0.827 0.827
v 494.0 -59.0 -849.0 1.000 1.000 1.000
v 494.0 -32.0 -849.0 0.600 0.600 0.600
v 494.0 -32.0 -817.0 0.600 0.600 0.600
v 494.0 -59.0 -817.0 1.000 1.000 1.000
v 494.0 -32.0 -817.0 0.600 0.600 0.600
v 494.0 -32.0 -849.0 0.600 0.600 0.600
v 491.0 -27.0 -849.0 0.827 0.827 0.827
v 491.0 -27.0 -817.0 0.827 0.827 0.827
v 494.0 -32.0 -850.0 0.600 0.600 0.600
v 494.0 -32.0 -882.0 0.600 0.600 0.600
v 491.0 -27.0 -882.0 0.827 0.827 0.827
v 491.0 -27.0 -850.0 0.827 0.827 0.827
v 494.0 -59.0 -882.0 1.000 1.000 1.000
v 494.0 -32.0 -882.0 0.600 0.600 0.600
v 494.0 -32.0 -850.0 0.600 0.600 0.600
v 494.0 -59.0 -850.0 1.000 1.000 1.000
v 494.0 -32.0 -915.0 0.718 0.718 0.718
v 491.0 -27.0 -919.0 1.000 1.000 1.000
v 491.0 -27.0 -883.0 0.827 0.827 0.827
v 494.0 -32.0 -883.0 0.600 0.600 0.600
v 494.0 -59.0 -915.0 1.000 1.000 1.000
v 494.0 -32.0 -915.0 0.718 0.718 0.718
v 494.0 -32.0 -883.0 0.600 0.600 0.600
v 494.0 -59.0 -883.0 1.000 1.000 1.000
v 527.0 -59.0 -916.0 1.000 1.000 1.000
v 527.0 -32.0 -916.0 0.647 0.647 0.647
v 495.0 -32.0 -916.0 0.514 0.514 0.514
v 495.0 -59.0 -916.0 1.000 1.000 1.000
v 527.0 -32.0 -916.0 0.647 0.647 0.647
v 527.0 -27.0 -920.0 0.890 0.890 0.890
v 492.0 -27.0 -920.0 1.000 1.000 1.000
v 495.0 -32.0 -916.0 0.514 0.514 0.514
v 581.0 -59.0 -545.0 0.345 0.345 0.345
v 581.0 -55.0 -545.0 0.345 0.345 0.345
v 587.0 -55.0 -545.0 0.345 0.345 0.345
v 587.0 -59.0 -545.0 0.345 0.345 0.345
v 581.0 -59.0 -535.0 0.345 0.345 0.345
v 581.0 -45.0 -535.0 0.345 0.345 0.345
v 587.0 -45.0 -535.0 0.345 0.345 0.345
v 587.0 -59.0 -535.0 0.345 0.345 0.345
v 507.0 -59.0 -587.0 0.596 0.596 0.596
v 487.0 -59.0 -619.0 0.941 0.941 0.941
v 468.0 -59.0 -587.0 0.596 0.596 0.596
v 507.0 -59.0 -618.0 0.941 0.941 0.941
v 507.0 -59.0 -627.0 0.941 0.941 0.941
v 487.0 -59.0 -665.0 0.941 0.941 0.941
v 507.0 -59.0 -650.0 0.941 0.941 0.941
v 468.0 -59.0 -680.0 0.596 0.596 0.596
v 487.0 -23.0 -619.0 1.000 1.000 1.000
v 507.0 -23.0 -587.0 0.345 0.345 0.345
v 468.0 -23.0 -587.0 0.345 0.345 0.345
v 468.0 -23.0 -680.0 0.345 0.345 0.345
v 507.0 -23.0 -650.0 0.471 0.471 0.471
v 507.0 -59.0 -587.0 0.941 0.941 0.941
v 507.0 -23.0 -587.0 0.345 0.345 0.345
v 507.0 -40.0 -618.0 0.345 0.345 0.345
v 507.0 -59.0 -587.0 0.941 0.941 0.941
v 507.0 -40.0 -618.0 0.345 0.345 0.345
v 507.0 -59.0 -618.0 0.835 0.792 0.737
v 507.0 -23.0 -650.0 0.345 0.345 0.345
v 507.0 -40.0 -627.0 0.345 0.345 0.345
v 507.0 -23.0 -587.0 0.345 0.345 0.345
v 507.0 -59.0 -650.0 0.835 0.792 0.737
v 507.0 -59.0 -627.0 0.835 0.792 0.737
v 507.0 -23.0 -587.0 0.345 0.345 0.345
v 507.0 -59.0 -587.0 0.941 0.941 0.941
v 468.0 -59.0 -587.0 0.941 0.941 0.941
v 468.0 -23.0 -587.0 0.345 0.345 0.345
v 468.0 -23.0 -587.0 0.345 0.345 0.345
v 468.0 -59.0 -587.0 0.941 0.941 0.941
v 468.0 -59.0 -680.0 0.941 0.941 0.941
v 468.0 -23.0 -680.0 0.345 0.345 0.345
v 491.0 -23.0 -603.0 1.000 1.000 1.000
v 484.0 -23.0 -603.0 1.000 1.000 1.000
v 484.0 -23.0 -610.0 1.000 1.000 1.000
v 491.0 -23.0 -610.0 1.000 1.000 1.000
v 491.0 -23.0 -626.0 1.000 1.000 1.000
v 484.0 -23.0 -626.0 1.000 1.000 1.000
v 484.0 -23.0 -633.0 1.000 1.000 1.000
v 491.0 -23.0 -633.0 1.000 1.000 1.000
v 523.0 -59.0 -680.0 0.596 0.596 0.596
v 468.0 -59.0 -680.0 0.596 0.596 0.596
v 487.0 -59.0 -665.0 0.996 0.996 0.996
v 507.0 -59.0 -650.0 0.941 0.941 0.941
v 557.0 -59.0 -650.0 0.337 0.337 0.337
v 557.0 -59.0 -680.0 0.471 0.471 0.471
v 523.0 -59.0 -680.0 0.471 0.471 0.471
v 507.0 -59.0 -650.0 0.337 0.337 0.337
v 523.0 -23.0 -680.0 0.404 0.404 0.404
v 557.0 -23.0 -680.0 0.404 0.404 0.404
v 557.0 -23.0 -650.0 0.337 0.337 0.337
v 507.0 -23.0 -650.0 0.337 0.337 0.337
v 468.0 -23.0 -680.0 0.345 0.345 0.345
v 523.0 -23.0 -680.0 0.471 0.471 0.471
v 507.0 -23.0 -650.0 0.471 0.471 0.471
v 523.0 -59.0 -680.0 0.471 0.471 0.471
v 557.0 -59.0 -680.0 0.471 0.471 0.471
v 557.0 -23.0 -680.0 0.471 0.471 0.471
v 523.0 -23.0 -680.0 0.471 0.471 0.471
v 468.0 -23.0 -680.0 0.831 0.831 0.831
v 468.0 -59.0 -680.0 0.831 0.831 0.831
v 523.0 -59.0 -680.0 0.714 0.714 0.714
v 523.0 -23.0 -680.0 0.714 0.714 0.714
v 557.0 -23.0 -680.0 0.471 0.471 0.471
v 557.0 -59.0 -680.0 0.471 0.471 0.471
v 557.0 -59.0 -650.0 0.337 0.337 0.337
v 557.0 -23.0 -650.0 0.337 0.337 0.337
v 557.0 -23.0 -650.0 0.337 0.337 0.337
v 557.0 -59.0 -650.0 0.337 0.337 0.337
v 507.0 -59.0 -650.0 0.337 0.337 0.337
v 507.0 -23.0 -650.0 0.337 0.337 0.337
v 501.0 -239.0 -2277.0 0.000 0.000 0.000
v 592.0 -239.0 -2322.0 0.000 0.000 0.000
v 387.0 -239.0 -2440.0 0.000 0.000 0.000
v 280.0 -239.0 -2367.0 0.000 0.000 0.000
v 774.0 -239.0 -2368.0 0.000 0.000 0.000
v 630.0 -239.0 -2565.0 0.000 0.000 0.000
v 865.0 -239.0 -2368.0 0.000 0.000 0.000
v 805.0 -239.0 -2599.0 0.000 0.000 0.000
v 885.0 -239.0 -2599.0 0.000 0.000 0.000
v 1002.0 -239.0 -2368.0 0.000 0.000 0.000
v 1122.0 -239.0 -2565.0 0.000 0.000 0.000
v 1190.0 -239.0 -2531.0 0.000 0.000 0.000
v 1138.0 -239.0 -2277.0 0.000 0.000 0.000
v 1427.0 -239.0 -2367.0 0.000 0.000 0.000
v 387.0 -19.0 -2514.0 0.996 0.996 0.996
v 630.0 -19.0 -2661.0 0.267 0.267 0.267
v 455.0 168.0 -2542.0 0.996 0.996 0.996
v 551.0 145.0 -2661.0 0.267 0.267 0.267
v 805.0 -19.0 -2801.0 0.996 0.996 0.996
v 613.0 179.0 -2661.0 0.996 0.996 0.996
v 715.0 145.0 -2719.0 0.996 0.996 0.996
v 885.0 -19.0 -2806.0 0.267 0.267 0.267
v 885.0 122.0 -2806.0 0.267 0.267 0.267
v 800.0 185.0 -2801.0 0.996 0.996 0.996
v 1122.0 -19.0 -2690.0 0.996 0.996 0.996
v 941.0 173.0 -2806.0 0.996 0.996 0.996
v 1190.0 -19.0 -2661.0 0.996 0.996 0.996
v 1105.0 117.0 -2690.0 0.996 0.996 0.996
v 1207.0 162.0 -2661.0 0.996 0.996 0.996
v 1303.0 117.0 -2514.0 0.996 0.996 0.996
v 1427.0 -19.0 -2367.0 0.267 0.267 0.267
v 1348.0 139.0 -2457.0 0.996 0.996 0.996
v 1303.0 117.0 -2514.0 0.996 0.996 0.996
v 1190.0 -19.0 -2661.0 0.996 0.996 0.996
v 455.0 168.0 -2542.0 0.996 0.996 0.996
v 415.0 145.0 -2514.0 0.996 0.996 0.996
v 280.0 -19.0 -2367.0 0.267 0.267 0.267
v 387.0 -19.0 -2514.0 0.996 0.996 0.996
v 280.0 -239.0 -2367.0 0.000 0.000 0.000
v 387.0 -239.0 -2440.0 0.000 0.000 0.000
v 630.0 -239.0 -2565.0 0.000 0.000 0.000
v 630.0 -19.0 -2661.0 0.267 0.267 0.267
v 805.0 -239.0 -2599.0 0.000 0.000 0.000
v 805.0 -19.0 -2801.0 0.996 0.996 0.996
v 885.0 -239.0 -2599.0 0.000 0.000 0.000
v 885.0 -19.0 -2806.0 0.267 0.267 0.267
v 885.0 -239.0 -2599.0 0.000 0.000 0.000
v 1122.0 -239.0 -2565.0 0.000 0.000 0.000
v 1122.0 -19.0 -2690.0 0.996 0.996 0.996
v 885.0 -19.0 -2806.0 0.267 0.267 0.267
v 1190.0 -239.0 -2531.0 0.000 0.000 0.000
v 1190.0 -19.0 -2661.0 0.996 0.996 0.996
v 1427.0 -239.0 -2367.0 0.000 0.000 0.000
v 1427.0 -19.0 -2367.0 0.267 0.267 0.267
vt 0.0000 1.0000
vt 0.0000 1.3809
vt 3.6201 1.3809
vt 3.2393 1.0000
vt 1.5762 1.0000
vt 1.8887 0.6875
vt -1.2334 0.6875
vt -0.9209 1.0000
vt -0.5986 1.0000
vt -0.9561 1.3584
vt 2.4453 1.3584
vt 2.4453 1.0000
vt 0.2690 -1.4229
vt -2.2881 -1.4229
vt -2.0190 -1.1538
vt 0.0000 -1.1538
vt -10.7178 -1.7690
vt -10.7173 1.0024
vt -10.3477 1.0024
vt -10.3481 -1.7690
vt 6.6519 0.9985
vt 6.6514 -1.7734
vt 5.9121 -1.7729
vt 5.9131 0.9985
vt 0.6807 -1.1787
vt 0.9531 -1.4507
vt -1.6338 -1.4507
vt -1.3618 -1.1787
vt 0.7393 1.0000
vt 0.7383 -1.7720
vt -0.0005 -1.7715
vt -5.1738 1.0015
vt -5.1743 -1.7705
vt -5.9136 -1.7700
vt -5.9131 1.0015
vt 0.9531 1.0000
vt 0.0000 -0.6338
vt 0.7310 1.0000
vt 0.7310 -0.8789
vt 0.0000 -0.8789
vt -2.0190 1.0000
vt -2.2881 1.0000
vt 1.1484 1.0000
vt 1.1484 -0.6704
vt 0.7310 -0.6704
vt 0.6807 1.0000
vt 4.4888 1.0000
vt 4.4888 -0.6704
vt 4.0713 -0.6704
vt 4.0713 1.0000
vt 7.8291 1.0000
vt 7.8291 -0.6704
vt 7.4116 -0.6704
vt 7.4116 1.0000
vt 10.3345 1.0000
vt 10.5435 1.0000
vt 10.5435 -0.6704
vt 10.3345 -0.6704
vt 6.8374 1.0000
vt 7.4116 -0.8789
vt 6.8374 -0.5137
vt 4.4888 -0.8789
vt 5.0630 -0.5137
vt 5.0630 1.0000
vt 3.4971 1.0000
vt 4.0713 -0.8789
vt 3.4971 -0.5137
vt 1.1484 -0.8789
vt 1.7227 -0.5137
vt 1.7227 1.0000
vt 0.0000 1.5303
vt 2.0000 1.5303
vt 2.0000 1.0000
vt 0.2690 1.0000
vt 2.7998 0.7998
vt 3.2002 0.7998
vt 3.2002 -0.7998
vt 2.7998 -0.7998
vt -1.6338 1.0000
vt -1.3618 1.0000
vt 0.0000 1.3965
vt 2.0000 1.3965
vt -0.3999 0.7998
vt 0.0000 0.7998
vt 0.0000 -0.7998
vt -0.3999 -0.7998
vt -3.2002 -0.7998
vt -3.6001 -0.7998
vt -3.6001 0.7998
vt -3.2002 0.7998
vt -6.0000 0.7998
vt -6.0000 -0.7998
vt -6.2002 -0.7998
vt -6.2002 0.7998
vt 0.0000 -2.4370
vt 1.3364 1.0000
vt 1.3364 -1.2910
vt 3.2002 -1.0000
vt 3.8999 -0.3999
vt 3.8999 -1.0000
vt -1.6338 -0.6338
vt -2.1001 0.7998
vt -2.1001 -0.1499
vt -3.2002 -1.0000
vt -1.1001 -0.1499
vt -0.3999 -1.0000
vt -1.1001 0.7998
vt 1.0000 1.0000
vt 1.0000 0.0000
vt 0.0000 0.0000
vt 6.5283 1.1455
vt -0.0146 1.1455
vt -0.0146 0.8047
vt 6.5283 0.8047
vt 4.6123 1.1426
vt 4.6123 0.8018
vt 0.0000 0.8018
vt 0.0000 1.1426
vt 4.0029 1.1553
vt 4.0029 0.7930
vt 0.0000 0.7930
vt 0.0000 1.1553
vt 3.2617 1.0000
vt 0.0000 0.0645
vt 3.1494 0.0645
vt -0.3887 1.0000
vt -0.2412 0.0000
vt 4.1006 0.0000
vt 4.2236 1.0000
vt 3.2588 1.9922
vt 3.1543 1.0000
vt -0.0078 1.9922
vt 11.2637 -6.6426
vt 5.6318 -2.8213
vt 11.2637 1.0000
vt 0.0000 -6.6426
vt 11.1270 1.3506
vt 11.1270 -6.1865
vt 5.5742 -2.4180
vt 0.0205 -6.1865
vt 0.0205 1.3506
vt -1.8232 -6.2871
vt -1.8232 -2.4678
vt 3.0000 -2.4678
vt -1.8232 1.3506
vt 7.8232 -6.2861
vt 7.8232 -2.4678
vt 7.8232 1.3506
vt 31.0088 1.0029
vt 31.0078 -4.9854
vt 29.0068 -4.9854
vt 29.0088 1.0020
vt 3.2285 -0.1367
vt -0.0020 -0.1348
vt -0.0010 1.0762
vt 6.4590 1.0732
vt 6.4580 -0.1387
vt 7.6445 1.0596
vt 7.6445 0.4150
vt -2.6621 0.4150
vt -2.6621 1.0596
vt 7.9668 0.0928
vt -2.9844 0.0928
vt 17.9512 1.0596
vt 28.2588 1.0596
vt 28.5801 0.0928
vt 17.6299 0.0928
vt 2.0000 0.0000
vt 1.5000 0.0000
vt 0.5000 0.0000
vt 1.0000 0.9473
vt 0.0000 0.9473
vt 2.2930 1.0000
vt 2.2930 0.8857
vt 0.0000 0.8857
vt 0.0742 0.0127
vt 0.0225 0.0117
vt 0.0518 1.0010
vt 0.6123 1.0000
vt 0.6133 -0.6172
vt 0.0010 -0.6172
vt 0.5010 0.9990
vt 0.4961 -1.0059
vt -0.0049 -1.0039
vt 0.7588 1.0000
vt 0.7559 -0.8896
vt -0.0029 -0.8896
vt -14.3594 4.7744
vt -14.3594 2.2012
vt -15.0449 2.2012
vt -14.3594 7.3477
vt -15.0449 7.3477
vt -10.2422 4.7744
vt -14.3594 1.5156
vt -6.1260 1.5156
vt -6.1260 2.2012
vt -14.3594 8.0332
vt -6.1260 8.0332
vt -6.1260 7.3477
vt 0.0498 4.7744
vt -4.7529 7.3477
vt -4.7529 2.2012
vt -4.7529 1.5156
vt -4.7529 8.0332
vt -2.8662 8.0332
vt 2.9658 8.0332
vt 4.8525 8.0332
vt 4.8525 7.3477
vt -0.9795 1.6865
vt -0.9795 1.5156
vt -0.6367 1.6865
vt -0.6367 1.5156
vt 2.1084 1.5156
vt 2.1084 1.6865
vt 2.4512 1.6865
vt 4.8525 1.5156
vt 2.4512 1.5156
vt 4.8525 2.2012
vt 11.0273 4.7744
vt 6.2246 2.2012
vt 6.2246 1.5156
vt 6.2246 7.3477
vt 6.2246 8.0332
vt 8.1113 8.0332
vt 13.9434 8.0332
vt 15.8301 8.0332
vt 15.8301 7.3477
vt 15.8301 1.5156
vt 15.8301 2.2012
vt 17.8887 4.7744
vt 17.2031 7.3477
vt 17.2031 2.2012
vt 19.6045 8.0332
vt 19.6045 1.5156
vt 17.2031 1.5156
vt 17.2031 8.0332
vt -1.0000 2.0000
vt 0.0000 2.0000
vt -1.0000 1.0000
vt 1.0010 1.0000
vt 0.8340 0.7998
vt 0.1670 0.7998
vt 0.4404 1.5288
vt 0.4404 3.9956
vt 0.5874 3.7900
vt 0.5874 1.7344
vt 2.0562 3.7900
vt 2.2026 3.9956
vt 2.2026 1.5288
vt 2.0562 1.7344
vt 0.1455 0.6445
vt 1.7476 1.0000
vt 1.6021 0.6445
vt 0.0000 4.5244
vt 2.6436 1.0000
vt 2.6436 4.5244
vt 3.0552 -1.2910
vt 2.8643 -1.0049
vt 2.8643 0.8232
vt 3.0552 1.0000
vt 1.5273 -1.0049
vt 1.5273 0.8232
vt 2.7686 -0.9092
vt 2.7686 0.7134
vt 1.6230 -0.9092
vt 1.6230 0.7134
vt 1.7183 0.5225
vt 1.7183 -0.8140
vt 2.6729 0.5225
vt 2.6729 -0.8140
vt 9.6079 -0.8501
vt 7.9448 -0.8496
vt 9.6084 1.3672
vt 7.9453 1.3677
vt -0.1021 0.8057
vt -0.0005 1.0049
vt 0.9990 0.9966
vt 1.0972 0.7959
vt 10.4404 0.6611
vt 8.4053 0.6611
vt 8.4053 1.0000
vt 10.4404 1.0000
vt -0.3193 0.8594
vt -3.6943 0.8594
vt -3.6943 1.0000
vt -0.3193 1.0000
vt -0.1260 0.7305
vt -1.7451 0.7305
vt -1.7451 1.0000
vt -0.1260 1.0000
vt 8.6348 0.6904
vt 6.7803 0.6904
vt 6.7803 1.0000
vt 8.6348 1.0000
vt -1.0605 0.9092
vt -3.2314 0.9092
vt -3.2314 1.0000
vt -1.0605 1.0000
vt -0.0723 0.4717
vt -3.2412 0.4717
vt -3.2412 1.0000
vt -0.0723 1.0000
vt 0.0000 1.0684
vt 0.0000 1.0225
vt -0.1631 1.0225
vt -0.1631 1.0684
vt 0.0000 1.0127
vt -0.1631 1.0127
vt -0.1631 1.0596
vt 0.0000 1.0596
vt -0.1631 1.0000
vt -0.1631 1.0654
vt 0.0000 1.0654
vt -0.0322 0.9541
vt -0.0322 1.0000
vt 0.1309 1.0000
vt 0.1309 0.9541
vt 0.0000 1.0088
vt -0.1631 1.0088
vt -0.1631 1.0742
vt 0.0000 1.0742
vt -0.1631 1.0459
vt 0.0000 1.0459
vt 0.0000 1.0557
vt -0.1631 1.0557
vt 0.1309 0.9346
vt -0.0322 0.9346
vt -0.0322 1.0088
vt 0.1309 1.0088
vt 0.1309 0.9629
vt -0.0322 0.9629
vt -0.0322 0.9912
vt 0.1309 0.9912
vt 0.1309 0.9258
vt -0.0322 0.9258
vt 0.9653 5.3760
vt 0.9653 4.4023
vt 0.0347 4.1211
vt 0.0347 5.0938
vt 19.6045 5.6318
vt 22.6914 5.6318
vt 22.6914 1.5156
vt 2.8076 0.6465
vt -0.4170 0.6465
vt 3.0039 1.0000
vt -0.4424 1.3564
vt 2.8096 1.3564
vt 3.0283 1.0000
vt 2.4268 3.6445
vt 2.4600 3.8857
vt 4.5215 3.8857
vt 4.1436 3.6445
vt 2.5498 3.5176
vt 0.3262 1.1680
vt 2.7002 3.8535
vt 4.7139 3.8535
vt 4.2285 3.5176
vt 2.0137 1.0000
vt 2.0049 1.1680
vt 1.6353 1.0000
vt 1.6353 -0.0220
vt 0.0000 -0.0220
vt 1.6328 -0.4287
vt 0.0000 -0.4287
vt 1.6328 1.0000
vt 0.0000 2.3149
vt 1.5029 2.3149
vt 1.5029 1.0000
vt 0.1455 -1.2646
vt 1.6021 -1.2646
vt -5.3545 0.4717
vt -5.3545 1.0000
vt -4.6797 0.9092
vt -4.6797 1.0000
vt 1.1113 1.0000
vt 1.1113 0.5557
vt 1.0000 0.5557
vt 9.8721 1.0000
vt 9.8711 0.6904
vt -2.8242 0.7305
vt -2.8242 1.0000
vt -5.9443 0.8594
vt -5.9443 1.0000
vt 0.1113 1.0000
vt 0.1113 0.5557
vt 0.0000 0.5557
vt 11.7979 1.0000
vt 11.7979 0.6611
vt 0.9653 5.9443
vt 0.0347 5.6631
vt 0.9653 5.9648
vt 0.0347 5.6826
vt 0.9653 5.9854
vt 0.9653 5.9795
vt 0.0347 5.6982
vt 0.0347 5.7031
vt 0.0000 -0.8896
vt 1.3145 0.0142
vt 2.6289 1.0000
vt 2.6289 -0.8896
vt 5.2583 1.0000
vt 5.2583 -0.8896
vt 3.9434 0.0962
vt 2.0000 -1.0000
vt 0.0000 -1.0000
vt 2.0151 -1.0000
vt 2.0151 1.0000
vt 1.5112 0.3076
vt 1.5112 -1.0000
vt 0.5039 0.3076
vt 0.5039 -1.0000
vt 2.0005 -1.0000
vt 2.0005 -0.3696
vt 1.3730 -0.3696
vt 1.3730 -1.0000
vt 2.0005 1.0000
vt 1.3730 1.0000
vt 2.0010 -0.3687
vt -0.0010 -0.3721
vt -0.0015 -1.0034
vt 2.0020 1.0034
vt 2.0146 -1.0000
vt -0.0005 -1.0000
vt 0.5034 -1.0000
vt 2.6309 1.0000
vt 0.0000 2.3330
vt 3.8330 6.3330
vt 0.0000 5.0000
vt 0.0000 11.6670
vt 3.8330 1.0000
vt 3.8330 11.6670
vt -0.0049 0.3271
vt 1.0122 1.0073
vt -0.0034 0.3984
vt -0.4238 1.5112
vt -0.1294 1.9604
vt -0.0581 2.0039
vt -0.3804 1.3369
vt -0.8218 0.9033
vt 0.9414 1.3550
vt 0.1523 0.3569
vt 1.3628 0.9233
vt 1.4116 0.6147
vt 0.6069 0.1318
vt 2.1143 1.1475
vt 1.8223 1.6675
vt 1.2471 1.4111
vt 1.1924 1.2783
vt 0.1216 2.3472
vt 0.3105 2.6426
vt 0.3735 2.5137
vt 0.2563 2.3228
vt 0.2339 0.8555
vt 1.1851 1.7876
vt 0.3335 5.7998
vt 2.7778 5.7998
vt 2.7778 1.0000
vt 0.3335 1.0000
vt 1.0000 5.7998
vt -8.5713 1.0000
vt -8.5713 5.7998
vt 2.0000 5.7998
vt 0.0000 5.7998
vt 1.7222 5.7998
vt 1.7222 1.0000
vt 0.0000 -0.6055
vt 1.0000 -0.6055
vt 1.6797 -0.6016
vt 1.6797 1.0000
vt 0.0000 -0.6016
vt 1.0000 -0.3574
vt 0.0000 -0.3574
vt 3.9473 1.0010
vt 4.2334 1.0010
vt 4.2334 -7.5254
vt 3.9473 -4.2393
vt 0.2324 -7.5254
vt 0.5654 -4.2393
vt 0.2324 1.0010
vt 0.5654 1.0010
vt 3.9033 6.7783
vt 3.9033 4.0781
vt 2.3525 1.3789
vt -0.2471 1.3789
vt -0.2471 6.7783
vt 3.9033 1.3789
vt 3.9033 -2.1719
vt -0.2471 -2.1719
vt -3.9688 6.2842
vt 0.2314 6.2842
vt 0.2314 -2.6660
vt -3.9688 -2.6660
vt -3.7559 4.7715
vt 0.3936 4.7715
vt 0.3936 -4.1787
vt -3.7568 -4.1787
vt -0.0029 0.3447
vt 3.0000 1.0000
vt 2.9990 0.0000
vt 3.0020 1.0000
vt 3.0020 0.0049
vt 0.0000 0.0049
vt 2.8740 0.9316
vt 3.1270 0.0771
vt -0.1758 0.0811
vt 0.0791 0.9355
vt 3.0996 0.0527
vt -0.1992 0.0479
vt 0.0547 0.9580
vt 2.8457 0.9619
vt 1.9111 0.0107
vt 0.0000 0.0107
vt 1.9111 1.0000
vt 3.0049 1.0000
vt 3.0049 0.0107
vt 1.9111 0.0000
vt 3.0029 1.0000
vt 3.0029 0.0000
vt 10.1465 1.0000
vt 10.1465 -1.0293
vt 0.0000 -1.0293
vt 0.0010 -0.9814
vt 10.1738 0.9990
vt 10.1748 -0.9824
vt -0.0010 -1.0000
vt 10.1758 -1.0000
vt 10.1768 1.0000
vt 2.5068 1.0000
vt 2.3140 0.7271
vt 0.1929 0.7271
vt 2.9517 1.0000
vt 2.6641 0.5928
vt -0.5024 0.5928
vt -0.7900 1.0000
vt 0.5029 1.0000
vt 0.0000 2.5898
vt 0.0000 0.6821
vt -1.0000 1.6323
vt -1.0000 -2.1621
vt 1.0000 -1.1587
vt 0.0000 -1.1587
vt 0.2002 -1.2417
vt 0.7998 -1.2417
vt 0.2002 -1.6567
vt 0.0000 -1.7397
vt 0.7998 -1.6567
vt 1.0000 -1.7397
vt 1.0054 -0.8989
vt 1.0103 -1.6855
vt -0.2319 -1.6997
vt -0.2368 -0.9131
vt 0.9873 2.0225
vt -0.2549 2.0083
vt 1.3018 1.0000
vt 0.6509 1.8325
vt 0.0000 1.8325
vt 1.3022 -2.0918
vt 0.0005 -2.0918
vt -1.3726 0.0620
vt -0.8433 0.3096
vt -1.4106 -0.2285
vt -2.0991 0.0996
vt -0.2549 -0.7090
vt 2.1323 1.1533
vt 2.1323 0.5156
vt 0.0000 0.5156
vt 0.0000 1.1533
vt 2.1323 -0.1216
vt 2.1323 -0.7588
vt 0.0000 -0.7588
vt 0.0000 -0.1216
vt 1.0000 0.9546
vt 1.0000 -1.7954
vt 3.2998 -1.7954
vt 3.2998 0.9546
vt 1.0000 -2.7998
vt -1.3999 -2.7998
vt -1.3999 1.0000
vt 0.1499 1.0000
vt 0.1499 -1.7500
vt 0.0000 -2.7998
vt 1.9248 -1.7500
vt 2.1001 -2.7998
vt 2.1001 -1.7500
vt -1.3999 -1.7500
vt 1.0000 -1.7500
vt 0.8252 -2.7998
vt 0.8252 -1.7500
vt 1.7983 -0.9502
vt 0.0000 -0.9502
vt 0.0000 -0.3003
vt 1.7983 -0.3003
vt 2.8267 -0.3003
vt 2.8267 -0.9502
vt 1.7983 0.3501
vt 0.0000 0.3501
vt 1.7983 1.0000
vt 2.8267 1.0000
vt 2.8267 0.3501
vt 5.7505 1.0000
vt 5.7505 -1.8140
vt 0.0000 -1.8140
vt 0.4629 3.0303
vt 0.8154 2.4990
vt 0.5586 1.8672
vt -0.4639 1.6973
vt -1.1680 2.7588
vt 1.1680 1.9688
vt 1.6318 1.2705
vt 0.0264 -0.0068
vt 1.0000 1.5029
vt 0.0264 1.4951
vt 1.4092 2.4062
vt 2.7305 2.0762
vt 1.3027 0.6504
vt -0.0186 0.9814
vt 0.5645 0.6426
vt 0.2822 1.0000
vt 0.0000 0.6426
vt 0.5645 -0.6816
vt 0.0000 -0.6816
vt -0.2344 0.0234
vt 2.5186 0.0234
vt 2.5186 1.0000
vt -1.2354 1.0000
vt -2.8936 -0.0938
vt -2.8916 1.0947
vt 0.3057 1.0947
vt 1.4668 -0.0938
vt 1.4678 1.0947
vt -1.2354 0.0234
vt 0.1865 1.0000
vt 0.1758 0.0000
vt 1.3828 0.0000
vt 2.6016 1.0000
vt -0.2666 1.0000
vt -0.2773 0.0000
vt -2.9082 1.0000
vt -4.4932 1.0000
vt -4.5039 0.0000
vt -2.9189 0.0000
vt -1.2393 1.0000
vt -3.7578 1.0000
vt -3.7578 -0.0020
vt 1.0000 -0.0020
vt -17.3750 -1.7500
vt -24.8750 -4.2500
vt -24.8750 1.0000
vt -22.0654 -0.0303
vt -2.7500 -0.8125
vt -2.2617 -1.7402
vt -7.0000 -0.8125
vt -0.8750 -4.2500
vt 5.2500 -0.8125
vt 5.7539 -1.7363
vt 0.4941 -1.7393
vt 1.0000 -0.8125
vt 7.1250 -4.2500
vt 13.1250 2.0000
vt 13.1250 -0.0156
vt 11.1250 -0.0156
vt 11.1250 0.6875
vt 13.1250 -1.7344
vt 11.8867 -1.7344
vt 11.1250 -0.1875
vt 13.1250 -4.2500
vt 9.8750 0.6875
vt 9.1250 1.0000
vt 9.1250 2.0000
vt -27.8750 -1.7500
vt -27.8750 1.0000
vt -31.3750 -4.2500
vt -31.3750 -1.7500
vt -13.8750 -1.7500
vt -10.8750 -4.2500
vt -21.3750 1.0000
vt -21.3750 -1.7500
vt -31.8750 -4.2500
vt -31.8750 1.0000
vt -21.3750 -4.2500
vt 8.8271 -1.7363
vt 5.2500 -0.0156
vt 9.8750 -0.0156
vt 9.8750 -0.1875
vt 5.2500 1.0000
vt -2.7500 -0.0156
vt 1.0000 -0.0156
vt -2.7500 1.0000
vt -7.0000 1.0000
vt -7.0000 -0.0156
vt 7.5479 1.0000
vt 7.5488 -5.7725
vt 0.0010 -5.7725
vt -9.4229 1.0000
vt -9.4229 -5.7988
vt 2.8789 -5.7988
vt 2.8779 1.0000
vt 9.8096 -0.0684
vt 9.8057 -5.8555
vt -27.6650 -5.8564
vt -27.6611 -0.0693
vt 0.0000 0.0588
vt 1.0000 0.0588
vt 2.9678 0.4902
vt -0.2119 0.4902
vt 2.9678 1.0000
vt 3.6162 1.0000
vt 3.7520 0.4883
vt 1.3691 0.4883
vt 1.4365 1.0000
vt 0.0000 1.1826
vt 2.0898 1.1865
vt 2.0898 1.0039
vt 2.1553 0.7607
vt -0.8037 0.7607
vt -0.8037 1.0000
vt 2.1553 1.0000
vt 1.7500 1.0000
vt 1.7500 0.7500
vt -0.0967 0.7500
vt -0.0967 1.0000
vt -0.2871 0.8516
vt -0.2871 1.0000
vt 1.7949 0.9980
vt 1.7939 0.8496
vt 1.3008 1.0000
vt -1.0146 0.4883
vt -0.8789 1.0000
vt 0.8271 1.0000
vt 1.0430 0.4922
vt -2.1953 0.4922
vt -2.1953 1.0000
vt -1.3164 1.0000
vt 0.4170 1.0000
vt 0.4170 0.8076
vt -1.3164 0.8076
vt -2.0596 0.7500
vt -2.0596 1.0000
vt -0.2119 1.0000
vt -0.2119 0.7500
vt 1.2617 1.0000
vt 1.2617 0.7344
vt -2.4512 0.7354
vt -2.4512 1.0000
vt 0.5008 0.0502
vt 0.0510 0.9498
vt 0.9539 0.9507
vt 3.1768 -2.8965
vt 3.5527 -2.9785
vt 2.0449 -3.1631
vt 2.9658 -2.9229
vt 3.1934 -2.7666
vt 3.4346 -2.7373
vt 3.1396 -2.8213
vt 2.9287 -2.8467
vt 2.6406 -2.5869
vt 2.5146 -2.3301
vt 1.6299 -2.3184
vt 3.0781 -2.5332
vt 2.4043 -2.1035
vt 2.8418 -2.0498
vt 2.9521 -2.2764
vt 2.7158 -1.7939
vt 2.2783 -1.8477
vt 1.3350 -1.7188
vt 1.4336 -0.6152
vt 2.0967 -0.5342
vt 0.9150 0.4404
vt 1.2676 1.1553
vt 1.5781 0.5225
vt -0.7861 -1.4922
vt -2.1865 -1.1680
vt -0.0898 1.0986
vt 1.3105 0.7754
vt 0.0000 1.5039
vt 3.2715 1.5039
vt 3.0527 1.7295
vt 0.0908 1.7295
vt 0.0000 1.6709
vt 0.0000 1.5195
vt 1.3223 1.6709
vt 12.4287 1.5195
vt 12.4287 1.6709
vt -0.6367 3.1357
vt -0.6367 -2.7148
vt -0.5083 -2.7510
vt -0.5083 3.4941
vt -0.5903 -5.2002
vt -0.5903 9.3457
vt -0.4434 9.4189
vt -0.4434 -5.1992
vt -0.5840 0.3027
vt -0.4570 0.3027
vt -0.4570 -3.3936
vt -0.5835 -4.1445
vt -0.5840 1.6885
vt -0.4570 1.6885
vt -0.5840 9.7734
vt -0.5840 14.6250
vt -0.4570 14.6250
vt -0.4570 9.7734
vt 15.8496 1.9053
vt 15.8496 -7.0703
vt 13.5796 -7.0703
vt 13.5796 1.9053
vt 15.5796 1.9053
vt 15.5796 -7.0703
vt 13.3096 -7.0703
vt 13.3096 1.9053
vt 15.3096 1.9053
vt 15.3096 -7.0703
vt 13.0396 -7.0703
vt 13.0396 1.9053
vt 15.0396 1.9053
vt 15.0396 -7.0703
vt 12.7700 -7.0703
vt 12.7695 1.9053
vt 15.7695 1.9053
vt 15.7700 -7.0703
vt 13.5000 -7.0703
vt 13.4995 1.9053
vt 1.6001 1.6001
vt -0.6001 1.6001
vt -6.1870 -16.4941
vt -5.5894 -16.6006
vt -5.7461 -17.6006
vt -6.2676 -17.4160
vt -5.4321 -15.6016
vt -6.1089 -15.5078
vt -5.2754 -14.6025
vt -5.9536 -14.5215
vt -5.7285 -13.4941
vt -5.1182 -13.6025
vt -1.6650 -15.1689
vt -2.1772 -15.0889
vt -2.0200 -14.0889
vt -1.2993 -14.4717
vt -1.8218 -16.1689
vt -2.3340 -16.0879
vt -1.9790 -17.1680
vt -2.4912 -17.0879
vt -2.6479 -18.0869
vt -2.2065 -17.7207
vt 2.4751 0.5542
vt 1.8525 0.7051
vt 1.8657 0.9731
vt 2.4443 1.0659
vt 2.0073 1.4097
vt 1.4106 0.2236
vt 1.5557 0.5420
vt 1.7861 0.2759
vt 1.8281 0.0293
vt 2.0586 0.0747
vt 2.1890 -0.1396
vt 2.3813 -0.0679
vt 2.5342 -0.2910
vt 2.6245 -0.2471
vt 0.8726 -0.3579
vt 1.1582 -0.7969
vt 1.9531 -0.4683
vt 1.7173 -0.7969
vt 2.1255 -0.5439
vt 1.9941 -1.0278
vt 2.9492 -0.3491
vt 2.4185 -1.0229
vt 3.2314 -0.3794
vt 1.8257 1.1816
vt -0.6899 0.2021
vt -0.7598 0.4277
vt -0.4688 0.3770
vt -0.4927 0.5576
vt -0.8579 0.6152
vt -0.4951 0.8330
vt -0.2065 0.7881
vt -0.5010 0.6343
vt -0.7632 0.7134
vt -1.0361 0.6182
vt 0.8374 1.2920
vt 1.0562 1.1724
vt 0.6978 1.0093
vt 0.3838 1.0029
vt 0.1436 0.7930
vt -0.0791 0.9980
vt 0.6118 1.5068
vt 1.1406 1.5601
vt 1.2803 1.2681
vt 1.5400 1.5049
vt 1.6821 1.4580
vt 1.7749 1.2998
vt 1.4155 1.3281
vt 1.4907 0.7915
vt 1.5083 0.6704
vt 1.4541 1.0396
vt 1.4214 1.2793
vt -0.3896 1.1240
vt 0.0952 1.4810
vt 1.2207 0.8711
vt 1.0527 0.4702
vt 0.6968 0.6045
vt 1.0239 1.0283
vt 0.5889 -0.1392
vt 0.2681 0.0732
vt 0.5000 0.7285
vt 0.7456 1.2212
vt 0.2412 0.8623
vt 0.4609 1.4023
vt 0.0347 0.4111
vt 0.0396 1.2549
vt -0.2510 0.6675
vt 0.2979 1.5083
vt -0.0264 1.3350
vt 0.1108 1.6904
vt -0.0068 1.8237
vt -0.1699 1.4570
vt -0.3940 0.9429
vt -0.0825 1.8452
vt 1.1572 1.3975
vt 0.0000 1.3672
vt 2.2578 1.0000
vt 1.2422 0.2607
vt 1.4834 0.6221
vt 2.0596 -0.3896
vt 1.7461 -1.0146
vt 0.1841 0.5518
vt 0.1606 0.9844
vt -0.8506 0.4082
vt -0.8999 -0.2891
vt 1.6382 1.1699
vt 1.6631 0.6885
vt 1.0200 0.2100
vt 0.9678 0.5039
vt 0.0854 0.3467
vt 0.2202 0.6133
vt -0.2310 1.4434
vt -0.3931 0.9902
vt -0.8262 -1.0000
vt -0.8262 1.0000
vt 0.6768 -0.9893
vt 0.0000 -0.9893
vt 0.6768 1.0000
vt 0.6816 1.0000
vt 0.6816 1.9121
vt 0.0000 1.9121
vt 8.0273 -1.0063
vt 8.0273 -0.0889
vt 7.5181 -0.0889
vt 7.5181 -1.0063
vt 6.9072 -0.0889
vt 6.9072 -1.0063
vt 0.6816 2.3687
vt 0.6816 2.9956
vt 0.0000 2.9956
vt 0.0000 2.3687
vt 8.0273 0.3696
vt 8.0273 1.0000
vt 7.5181 1.0000
vt 7.5181 0.3696
vt 6.9072 1.0000
vt 6.9072 0.3696
vt -0.3442 1.4082
vt -0.3442 1.8667
vt 0.0000 1.8667
vt 0.0000 1.4082
vt -2.2056 1.9146
vt -2.2056 2.3721
vt -2.5498 2.3721
vt -2.5498 1.9146
vt 1.3252 1.0000
vt 0.6543 -1.0127
vt 0.0000 -1.0127
vt -0.8042 -1.0400
vt -0.8042 1.0000
vt 0.0000 -1.0400
vt 0.5557 1.9722
vt 1.6113 1.3887
vt 0.0000 0.2222
vt 1.9443 0.5835
vt 2.2222 0.2222
vt -5.8887 1.0000
vt 1.0000 -0.7778
vt -5.8887 -0.7778
vt 0.4570 -1.0107
vt 0.0811 1.0000
vt 0.4595 -1.0000
vt 0.0801 1.0000
vt 0.0728 -1.0000
vt 1.0000 -1.0000
vt 0.0728 1.0000
vt 0.0586 -1.0000
vt 0.0586 1.0000
vt 0.0581 -1.0000
vt 0.0581 1.0000
vt 0.9990 -1.0000
vt 0.0493 -1.0000
vt 0.0498 1.0000
vt 0.0869 -1.0000
vt 0.0869 1.0000
vt 0.0640 -1.0000
vt 0.0654 1.0000
vt 15.4995 1.9053
vt 15.5000 -7.0703
vt 13.2300 -7.0703
vt 13.2300 1.9053
vt 15.2300 1.9053
vt 15.2300 -7.0703
vt 12.9600 -7.0703
vt 12.9600 1.9053
vt 15.9600 1.9053
vt 15.9600 -7.0703
vt 13.6899 -7.0703
vt 13.6899 1.9053
vt 15.6899 1.9053
vt 15.6899 -7.0703
vt 13.4199 -7.0703
vt 13.4199 1.9053
vt 1.3457 0.4883
vt 0.3701 0.5156
vt 0.3809 0.6055
vt -4.9614 -12.6035
vt -5.6104 -12.5781
vt -5.6079 -11.5039
vt -4.8042 -11.6045
vt -5.4390 -10.4287
vt -4.6475 -10.6045
vt -5.2900 -9.4795
vt -4.4902 -9.6055
vt -0.1270 1.1299
vt 1.2573 1.1709
vt 1.2979 -0.2139
vt -0.0864 -0.2539
vt -1.1777 -13.4541
vt -1.0166 -12.9160
vt -0.9165 -12.9316
vt -1.3926 -10.0918
vt -0.9429 -10.1621
vt -0.7598 -11.2793
vt -1.5493 -11.0908
vt -1.4907 -12.0225
vt -1.7061 -12.0908
vt -1.8633 -13.0898
vt -1.5537 -12.4219
vt -1.1538 -12.4844
vt -0.5928 -10.2178
vt -1.0908 -12.0850
vt -0.8677 -11.9668
vt -0.9419 -12.4414
vt 0.2754 -0.9629
vt 0.4688 -0.9365
vt 0.7197 -2.7686
vt 0.5264 -2.7949
vt 1.4697 30.1943
vt 1.8018 30.1670
vt 1.6719 28.5889
vt 1.5430 27.0098
vt 1.2100 27.0371
vt 1.0654 21.1924
vt 0.7061 20.8867
vt 1.0391 0.9229
vt 0.6597 0.6646
vt 0.6992 1.0884
vt 0.7559 1.1318
vt 0.0581 0.9717
vt 0.3706 1.2310
vt 0.8335 0.5386
vt 1.2617 0.6909
vt 1.1338 0.3159
vt -0.2246 0.0903
vt -0.6836 0.6099
vt 0.1943 -0.0474
vt 1.6206 0.5088
vt 1.4580 0.0083
vt 1.2876 0.2617
vt 0.8813 -0.4927
vt 1.5039 0.6782
vt 1.6499 0.5596
vt 2.3545 -0.0752
vt 2.2075 -0.4058
vt 1.9346 -0.2720
vt 2.0986 0.0972
vt 1.6113 -0.2070
vt 1.8521 0.2686
vt 1.7710 -1.0273
vt 1.3867 -0.8237
vt 1.2041 -0.6089
vt 15.2769 -1.0063
vt 15.2769 -0.0894
vt 11.4067 1.0000
vt 11.4067 -1.0063
vt -0.8945 0.5269
vt -0.8955 1.3823
vt -0.0005 1.3823
vt 0.0005 0.5269
vt 1.6025 1.0000
vt 1.6025 -0.7529
vt 0.0000 -0.7529
vt 1.6001 1.0000
vt 1.6001 -0.7500
vt 0.0000 -0.7500
vt 1.5981 1.0000
vt 1.5981 -0.7480
vt 0.0000 -0.7480
vt 0.0000 -0.4604
vt 0.0000 1.4707
vt 2.0967 0.9468
vt 2.0967 -0.4604
vt 4.1938 0.4224
vt 4.1938 -0.4604
vt 0.0000 0.5347
vt 0.0000 2.4756
vt 7.7627 2.4756
vt 7.7627 0.5347
vt 0.4517 0.5278
vt 0.0000 0.5278
vt 0.0000 1.4316
vt 0.4517 1.4316
vt 0.0796 -1.0000
vt 0.0796 1.0000
vt 1.0010 -1.0000
vt 0.0747 -1.0000
vt 0.0737 1.0000
vt 0.0723 -1.0000
vt 0.0723 1.0000
vt 0.9976 -1.0000
vt 0.0571 -1.0000
vt 0.0571 1.0000
vt 0.9980 1.0000
vt 0.0640 1.0000
vt 0.0576 -1.0000
vt 0.0591 1.0000
vt 1.0005 1.0000
vt 12.8799 1.9053
vt 12.8804 -7.0703
vt 10.6104 -7.0703
vt 10.6104 1.9053
vt 15.1499 1.9053
vt 15.1504 -7.0703
vt 15.4199 1.9053
vt 15.4199 -7.0703
vt 13.1504 -7.0703
vt 13.1499 1.9053
vt 0.9688 0.0303
vt 0.9688 1.0000
vt 0.0000 0.0303
vt -0.0010 0.0303
vt 0.9697 1.0000
vt -1.0786 -8.0928
vt -0.9214 -7.0938
vt -0.4990 -7.3389
vt -0.6309 -8.1758
vt -0.7915 -9.2002
vt -1.2354 -9.0928
vt -4.3335 -8.6055
vt -4.8208 -8.5293
vt -4.6748 -7.6816
vt -4.1763 -7.6064
vt -4.7534 -8.1816
vt -4.5962 -7.1826
vt -4.5762 -7.0547
vt -4.1016 -7.1289
vt -4.8242 -6.8418
vt -4.8003 -6.6895
vt -4.5254 -6.7324
vt -4.9712 -8.4287
vt -4.8267 -8.3232
vt -4.8032 -8.1738
vt -5.1211 -8.4053
vt -4.8711 -7.1387
vt -0.1812 1.4297
vt 0.2915 1.4297
vt 0.2915 1.0000
vt -4.8477 -6.9893
vt -4.8706 -6.9727
vt -4.8511 -6.8477
vt 2.2295 21.0967
vt 1.8691 20.7910
vt 1.4590 11.7051
vt 1.1543 12.0654
vt -0.0352 1.3037
vt 0.1846 1.1367
vt 0.3506 1.3564
vt 0.4736 1.1768
vt 0.4756 1.5205
vt 0.6816 1.4512
vt 0.4229 1.9062
vt 0.6416 1.7402
vt 0.5195 1.9199
vt 0.7383 1.7529
vt 0.4131 2.6914
vt 0.6064 2.7178
vt 0.3076 3.4629
vt 0.4746 3.6816
vt -0.2227 3.3896
vt -0.0566 3.6094
vt -0.3945 4.6436
vt -0.1748 4.4766
vt -0.2925 1.7222
vt -0.2236 1.6714
vt -0.4512 1.3154
vt -0.2568 1.6943
vt -0.7993 1.5254
vt -0.4360 1.8267
vt -1.0908 0.7466
vt -1.1543 1.0425
vt 0.0464 1.4702
vt -0.2065 1.1348
vt -0.0146 1.5161
vt -0.3013 1.2061
vt 0.8228 1.0625
vt 0.7969 1.0415
vt 0.6299 0.5293
vt 0.8311 0.5015
vt 1.1484 0.9307
vt 1.1504 0.3218
vt 1.4453 0.8140
vt 1.3247 0.3647
vt 2.3774 -0.0615
vt 2.6367 -0.2368
vt 2.3647 -0.5552
vt 0.6152 -0.2188
vt 0.5918 -0.2051
vt 1.0342 -0.3271
vt 1.9756 -1.1367
vt 0.4287 0.5972
vt 0.1016 -0.0967
vt 3.0088 1.0000
vt 3.0039 -0.0078
vt -0.0039 -0.0078
vt 3.0010 1.0000
vt 2.9980 -0.0078
vt -0.0020 -0.0078
vt 1.9854 0.6025
vt 0.0000 0.6025
vt 3.9717 1.0000
vt 3.9717 0.6025
vt 1.5654 2.4795
vt 1.5654 0.5225
vt 0.0000 0.5225
vt 0.0000 2.4795
vt 0.0000 -0.4771
vt 0.0000 1.4766
vt 12.6152 1.4766
vt 12.6152 -0.4771
vt 0.0000 2.4976
vt 0.2290 2.4976
vt 0.0000 0.4917
vt 0.2295 0.4917
vt 12.4067 1.0000
vt 12.4067 -1.0063
vt 5.2778 -0.3184
vt 4.4629 -0.3184
vt 4.8701 -1.0063
vt 5.2773 0.0830
vt 4.8701 1.0000
vt 4.4629 0.0830
vt 6.4995 0.0830
vt 6.4995 -0.3184
vt 2.8330 1.0000
vt 3.2407 0.0830
vt 3.2407 -0.3184
vt 2.8335 -1.0063
vt 2.2222 -1.0063
vt 2.2222 0.0254
vt 1.6113 0.0254
vt 1.6113 -1.0063
vt 1.0000 -1.0063
vt 1.2681 -1.0000
vt 1.2686 1.0000
vt 15.6431 -0.0625
vt 15.7144 -0.1875
vt 14.8569 -0.1875
vt 14.9287 -0.0625
vt 15.6431 0.1250
vt 15.7144 0.2500
vt 14.9287 0.1250
vt 14.8569 0.2500
vt 14.2144 -0.0625
vt 14.2856 -0.1875
vt 13.4287 -0.1875
vt 13.5000 -0.0625
vt 14.2144 0.1250
vt 14.2856 0.2500
vt 13.5000 0.1250
vt 13.4287 0.2500
vt 1.3262 -1.0000
vt 1.3262 -0.0288
vt 0.7495 -0.0288
vt 0.7490 -1.0000
vt 1.3838 -1.0000
vt 1.3843 0.0283
vt 0.6919 0.0283
vt 0.6914 -1.0000
vt 0.9971 -1.0000
vt 0.9971 1.0000
vt 0.0645 -1.0000
vt 0.0645 1.0000
vt 0.9980 -1.0000
vt 0.0659 -1.0000
vt 0.0664 1.0000
vt 0.9985 1.0000
vt 0.0576 1.0000
vt 0.0781 -1.0000
vt 0.0791 1.0000
vt 0.9976 1.0000
vt 0.8750 -0.3630
vt 0.1211 -0.3633
vt 0.1992 1.0000
vt 0.1582 0.9143
vt 0.9062 1.0000
vt 0.9082 0.0000
vt 0.1602 0.1143
vt 0.9492 1.0000
vt 0.9355 0.0012
vt 0.1133 0.0012
vt 0.1270 1.0000
vt 0.8535 0.0864
vt 0.2012 0.0007
vt 0.2031 1.0000
vt 0.8535 0.8857
vt 0.7949 0.9141
vt 0.7930 0.1121
vt 0.0703 -0.0024
vt 8.3403 -7.0703
vt 8.3403 1.9053
vt 6.0703 -7.0703
vt 6.0703 1.9053
vt 3.8003 -7.0703
vt 3.8003 1.9053
vt 1.5308 -7.0713
vt 1.5303 1.9053
vt 0.0000 -0.9980
vt 1.0000 -0.9980
vt 1.0000 -1.0020
vt 0.0000 -1.0020
vt -4.0195 -6.6074
vt -4.3687 -5.7334
vt -3.8628 -5.6074
vt -4.4185 -5.7256
vt -4.2461 -4.6260
vt -3.7056 -4.6084
vt -4.2144 -4.4258
vt -4.0420 -3.3271
vt -3.5488 -3.6094
vt -3.9917 -3.3350
vt -3.8545 -2.4600
vt -3.3916 -2.6094
vt -0.2451 -6.0479
vt -0.2764 -6.2480
vt -0.7646 -6.0947
vt -0.2935 -3.0967
vt 0.1562 -3.1670
vt 0.0146 -4.0664
vt -0.4507 -4.0957
vt -0.6074 -5.0947
vt -0.1226 -4.9404
vt -0.0728 -4.9482
vt -0.4492 -7.3467
vt 2.7285 -0.5889
vt 5.0654 -1.8369
vt 5.0088 -1.9424
vt 2.6714 -0.6943
vt -0.0337 0.8867
vt 2.3032 -0.3613
vt 2.2466 -0.4678
vt -0.0908 0.7803
vt -4.3208 -4.6143
vt -4.2896 -4.4141
vt 3.7271 -1.1865
vt 0.6689 0.3994
vt 0.7407 0.5381
vt 3.7988 -1.0479
vt 0.1128 0.6875
vt -2.9453 2.2734
vt -2.8730 2.4131
vt 0.1851 0.8271
vt -0.1704 -6.0596
vt -0.2017 -6.2598
vt -0.9541 12.6709
vt -0.7744 12.7939
vt -0.5430 11.1064
vt -0.7627 11.2734
vt -1.7725 10.9385
vt -1.9922 11.1045
vt -1.1387 6.3096
vt -1.3047 6.0908
vt 0.0908 6.4785
vt -0.0752 6.2588
vt 0.3555 4.5498
vt 0.1357 4.7158
vt -0.6602 11.8789
vt -0.9648 12.2393
vt -1.3145 3.9014
vt -1.6328 3.5928
vt 0.8047 3.7275
vt 0.4453 3.4219
vt 0.3213 -2.1738
vt -0.0117 -2.1465
vt -1.4092 2.5474
vt -1.8696 2.2964
vt -1.6094 2.6948
vt -1.3262 2.4824
vt -1.6909 2.0674
vt -0.4717 1.8550
vt -0.8994 1.6006
vt -0.6924 2.0176
vt 1.5039 0.1250
vt 0.8022 0.4985
vt 0.8242 0.8726
vt 1.5386 0.4639
vt -0.3564 1.5381
vt -0.7285 1.6865
vt -0.8608 1.0498
vt -0.4868 0.8975
vt -0.0938 1.4312
vt 0.3984 0.8643
vt 0.5557 0.8711
vt 0.5308 1.3936
vt -1.0869 0.4175
vt -0.8696 0.3169
vt 0.3184 0.2939
vt -0.4170 0.9102
vt -0.5962 0.1807
vt -0.0991 0.7549
vt 0.7041 1.3350
vt -0.1104 1.4072
vt 0.1938 1.2847
vt 0.1187 0.5874
vt 0.5361 1.1450
vt -0.1919 0.1216
vt -2.2622 1.6895
vt -0.6089 1.9526
vt -0.8560 1.5439
vt -1.3076 1.8516
vt -0.9932 2.2368
vt -1.5181 1.9546
vt -1.9409 1.5249
vt -1.6680 1.3853
vt -1.5542 1.0723
vt -0.0986 1.1143
vt 0.0010 -1.0010
vt 1.9990 -0.9990
vt -0.0010 -0.9990
vt 0.5488 0.0000
vt 0.3818 -0.0010
vt 0.4707 0.4844
vt 0.2236 0.0459
vt 0.0898 0.1348
vt -0.0068 0.2588
vt -0.0557 0.4043
vt -0.0547 0.5576
vt -0.0010 0.7041
vt 0.0986 0.8291
vt 0.2344 0.9199
vt 0.3936 0.9678
vt 0.5605 0.9688
vt 0.7178 0.9219
vt 0.8516 0.8330
vt 0.9482 0.7090
vt 0.9980 0.5635
vt 0.9961 0.4102
vt 0.9434 0.2637
vt 0.8438 0.1387
vt 0.7080 0.0479
vt 1.4893 0.1670
vt -0.6025 0.1670
vt -0.6025 0.0771
vt 1.4893 0.0771
vt -0.6025 0.0293
vt 1.4893 0.0293
vt -0.6025 0.2900
vt 1.4893 0.2900
vt -0.6025 0.4355
vt 1.4893 0.4355
vt -0.6025 0.5879
vt 1.4893 0.5879
vt -0.6025 0.7334
vt 1.4883 0.7334
vt -0.6035 0.8564
vt 1.4883 0.8564
vt -0.6035 0.9463
vt 1.4883 0.9463
vt -0.6035 0.9932
vt 1.4883 0.9932
vt 0.4375 0.5117
vt 0.5137 0.0459
vt 0.3516 0.0439
vt 0.6680 0.0938
vt 0.7998 0.1826
vt 0.8965 0.3027
vt 0.9482 0.4443
vt 0.9502 0.5918
vt 0.9014 0.7314
vt 0.8066 0.8496
vt 0.6768 0.9346
vt 0.5234 0.9785
vt 0.3613 0.9766
vt 0.2061 0.9287
vt 0.0742 0.8398
vt -0.0225 0.7197
vt -0.0732 0.5781
vt -0.0752 0.4307
vt -0.0264 0.2910
vt 0.0674 0.1729
vt 0.1982 0.0879
vt 0.5527 0.5098
vt 0.6777 0.0234
vt 0.5234 0.0225
vt 0.8203 0.0713
vt 0.9365 0.1631
vt 1.0146 0.2881
vt 1.0479 0.4355
vt 1.0332 0.5898
vt 0.9707 0.7363
vt 0.8672 0.8604
vt 0.7334 0.9502
vt 0.5820 0.9971
vt 0.4268 0.9971
vt 0.2842 0.9482
vt 0.1689 0.8564
vt 0.0898 0.7314
vt 0.0566 0.5840
vt 0.0723 0.4297
vt 0.1338 0.2832
vt 0.2373 0.1592
vt 0.3711 0.0693
vt 2.0117 0.0771
vt 4.1035 0.0771
vt 4.1035 0.1670
vt 2.0117 0.1670
vt 2.0117 0.0293
vt 4.1035 0.0293
vt 2.0117 0.2900
vt 4.1035 0.2900
vt 2.0117 0.4355
vt 4.1035 0.4355
vt 2.0117 0.5879
vt 4.1035 0.5879
vt 2.0117 0.7334
vt 4.1035 0.7334
vt 2.0117 0.8564
vt 4.1035 0.8564
vt 2.0117 0.9463
vt 4.1035 0.9463
vt 2.0117 0.9932
vt 4.1035 0.9932
vt 0.4990 0.0166
vt 0.3145 0.0146
vt 0.4102 0.5010
vt 0.1396 0.0605
vt -0.0098 0.1494
vt -0.1172 0.2725
vt -0.1729 0.4180
vt -0.1719 0.5723
vt -0.1143 0.7188
vt -0.0049 0.8438
vt 0.1445 0.9355
vt 0.3203 0.9854
vt 0.5049 0.9873
vt 0.6807 0.9414
vt 0.8291 0.8525
vt 0.9365 0.7295
vt 0.9932 0.5840
vt 0.9922 0.4297
vt 0.9336 0.2832
vt 0.8242 0.1582
vt 0.6748 0.0664
vt 0.5000 0.5000
vt 0.5811 0.0068
vt 0.4248 0.0059
vt 0.7295 0.0557
vt 0.8555 0.1484
vt 0.9463 0.2754
vt 0.9941 0.4248
vt 0.9932 0.5811
vt 0.9443 0.7295
vt 0.8516 0.8555
vt 0.7246 0.9463
vt 0.5752 0.9941
vt 0.4189 0.9932
vt 0.2705 0.9443
vt 0.1445 0.8516
vt 0.0537 0.7246
vt 0.0059 0.5752
vt 0.0068 0.4189
vt 0.0557 0.2705
vt 0.1484 0.1445
vt 0.2754 0.0537
vt 2.5322 0.0742
vt 4.5527 0.0742
vt 4.5527 0.1602
vt 2.5322 0.1602
vt 2.5322 0.0293
vt 4.5527 0.0293
vt 2.5322 0.2783
vt 4.5527 0.2783
vt 2.5322 0.4170
vt 4.5527 0.4170
vt 2.5322 0.5625
vt 4.5527 0.5625
vt 2.5322 0.7012
vt 4.5527 0.7012
vt 2.5322 0.8193
vt 4.5527 0.8193
vt 2.5322 0.9053
vt 4.5527 0.9053
vt 2.5322 0.9502
vt 4.5527 0.9502
vt 0.5645 0.0000
vt 0.4082 0.0010
vt 0.4893 0.4941
vt 0.2598 0.0498
vt 0.1338 0.1426
vt 0.0430 0.2695
vt -0.0049 0.4189
vt -0.0039 0.5752
vt 0.0449 0.7236
vt 0.1377 0.8496
vt 0.2646 0.9414
vt 0.4141 0.9893
vt 0.5703 0.9883
vt 0.7188 0.9385
vt 0.8447 0.8467
vt 0.9355 0.7197
vt 0.9834 0.5703
vt 0.9824 0.4141
vt 0.9336 0.2656
vt 0.8408 0.1396
vt 0.7139 0.0479
vt 0.5752 0.0059
vt 0.4189 0.0068
vt 0.2705 0.0557
vt 0.1445 0.1484
vt 0.0537 0.2754
vt 0.0059 0.4248
vt 0.0068 0.5811
vt 0.0557 0.7295
vt 0.1484 0.8555
vt 0.2754 0.9463
vt 0.4248 0.9941
vt 0.5811 0.9932
vt 0.7295 0.9443
vt 0.8555 0.8516
vt 0.9463 0.7246
vt 0.9941 0.5752
vt 0.9932 0.4189
vt 0.9443 0.2705
vt 0.8516 0.1445
vt 0.7246 0.0537
vt 2.0273 0.1602
vt 0.0068 0.1602
vt 0.0068 0.0742
vt 2.0273 0.0742
vt 0.0068 0.0293
vt 2.0273 0.0293
vt 0.0068 0.2783
vt 2.0273 0.2783
vt 0.0068 0.4170
vt 2.0273 0.4170
vt 0.0068 0.5625
vt 2.0273 0.5625
vt 0.0068 0.7012
vt 2.0273 0.7012
vt 0.0068 0.8193
vt 2.0273 0.8193
vt 0.0068 0.9053
vt 2.0273 0.9053
vt 0.0068 0.9502
vt 2.0273 0.9502
vt 1.0771 0.9805
vt 0.8794 -4.7812
vt -0.2310 -4.7432
vt -0.0332 1.0186
vt -0.0332 6.0078
vt 0.9668 6.0078
vt 0.9668 0.8184
vt -0.0332 0.8184
vt -3.0737 -1.0063
vt -3.0737 -0.3184
vt -7.5552 -0.3184
vt -7.5552 -1.0063
vt 0.3257 1.0000
vt 0.3257 2.0073
vt 0.4976 1.0000
vt 0.0000 2.0220
vt -8.3696 -1.0063
vt -8.3696 -0.3184
vt -12.8511 -0.3184
vt -12.8511 -1.0063
vt 1.2573 1.0000
vt 1.2573 -1.0000
vt -11.8511 -1.0063
vt -11.8511 1.0000
vt -15.4155 1.0000
vt -15.4155 -1.0063
vt 3.7280 -1.0000
vt 3.7275 1.0000
vt -0.0747 1.0000
vt -0.0742 -1.0000
vt -3.0737 1.0000
vt -12.8511 1.0000
vt 2.8740 -1.0000
vt 2.8740 1.0000
vt -0.0439 1.0000
vt -0.0439 -1.0000
vt 6.5664 1.0000
vt 6.5664 1.9971
vt 0.0000 1.9971
vt 0.0000 1.9980
vt 0.4990 1.0000
vt 0.4902 1.0000
vt -0.0005 1.9922
vt 6.3984 1.0000
vt 6.3984 1.9980
vt 0.0000 -0.4819
vt 0.0000 1.4854
vt 2.8667 1.4854
vt 2.8667 -0.4819
vt 0.0000 -0.4844
vt 0.0000 1.4829
vt 10.7925 1.4829
vt 10.7925 -0.4844
vt 0.0000 -0.4966
vt 0.0000 1.4927
vt 2.8989 1.4927
vt 2.8989 -0.4966
vt 5.8887 0.9912
vt 13.9292 0.9912
vt 13.9292 -0.9907
vt 5.8887 -0.9907
vt 0.0557 -1.0000
vt 0.0566 1.0000
vt 0.9995 -1.0000
vt 0.0503 -1.0000
vt 0.0503 1.0000
vt 0.9990 1.0000
vt 0.0635 -1.0000
vt 0.9199 1.0000
vt 0.9238 0.0000
vt 0.1133 0.0000
vt 0.1094 1.0000
vt 0.9453 0.0012
vt 0.0918 0.0012
vt 0.0977 1.0000
vt 0.9609 1.0000
vt 0.9629 0.0002
vt 0.1582 0.0002
vt 0.1562 1.0000
vt 0.9102 1.0000
vt 0.0918 0.0000
vt 0.0938 1.0000
vt 0.8945 1.0000
vt 0.8926 -0.0002
vt 0.0703 -0.0002
vt 0.0703 1.0000
vt 0.9434 1.0000
vt 0.9219 0.0000
vt 0.1348 0.0000
vt 0.9453 0.0000
vt 0.0605 0.0000
vt 0.9414 -0.0015
vt 0.0840 -0.0015
vt 0.0859 1.0000
vt 0.9121 1.0000
vt 0.9199 -0.3657
vt 0.1445 -0.3657
vt 0.1367 1.0000
vt 0.8555 1.0000
vt 0.8711 0.0000
vt 0.0391 0.0000
vt 0.0234 1.0000
vt 6.0059 -2.3516
vt 5.0059 -2.3516
vt 5.0020 -0.2021
vt 6.0020 -0.2021
vt 0.0059 -2.3516
vt 0.0020 -0.2021
vt 1.0020 -0.2021
vt 1.0059 -2.3516
vt -0.8521 0.0146
vt -0.0054 1.0889
vt -0.0464 -0.6211
vt 1.3843 -0.8604
vt 3.2764 1.0098
vt 2.5483 -0.8203
vt 4.0703 -0.1045
vt 1.9971 1.0000
vt 1.9971 -0.0005
vt -0.0327 -0.0005
vt -0.0327 1.0000
vt 3.1421 0.8174
vt 2.2769 0.9531
vt 2.7925 1.2314
vt 3.5601 1.5107
vt 3.0439 2.8320
vt 3.7651 3.2676
vt 3.3164 3.6709
vt 3.2339 4.0430
vt 4.2617 2.1270
vt 4.2271 3.0293
vt 5.2773 2.0381
vt 5.2095 3.3359
vt 6.2109 3.1758
vt 5.8457 1.9590
vt 7.0312 2.3838
vt 6.4756 3.5723
vt 6.2686 3.4766
vt 6.1187 3.5000
vt 5.5190 3.5938
vt 5.3691 3.6182
vt 5.6152 4.2061
vt 6.2148 4.1123
vt 6.6084 1.1572
vt 5.4692 0.0664
vt 4.3325 0.0869
vt 6.3862 -1.3164
vt 5.6655 -2.0742
vt 4.9941 -1.2734
vt 3.8257 -1.6445
vt 3.7705 -2.4033
vt 3.2397 -2.1152
vt 3.2710 -1.9150
vt 2.3628 -1.3418
vt 2.0469 -1.7227
vt 1.6836 0.3330
vt 1.1426 -1.0430
vt 0.8228 -1.5312
vt -9.2295 -6.4102
vt -9.2568 -6.7422
vt -9.6162 -7.0479
vt -9.5625 -6.3828
vt -1.7773 -7.3564
vt -1.4717 -7.7158
vt -1.3940 0.2515
vt -1.3188 -0.9697
vt -1.6846 0.5913
vt -0.6787 -0.4014
vt -0.1602 0.4648
vt 0.1123 0.7373
vt 0.6094 -0.1143
vt 0.9873 0.1270
vt 0.3540 0.8188
vt 0.6553 1.0645
vt 1.4331 0.3262
vt -1.1553 1.0737
vt -0.9463 0.7222
vt -0.7549 0.6885
vt -0.4600 0.7031
vt -0.1968 -0.2466
vt -0.1992 0.8813
vt 0.4766 0.0840
vt -0.0586 1.1611
vt -0.2422 1.4092
vt 0.4546 1.6382
vt 0.8955 0.5747
vt 0.8345 1.2334
vt 0.8765 1.2725
vt 0.9863 1.3716
vt 1.7393 0.5244
vt 1.2402 0.6714
vt 0.9912 0.6006
vt 0.8198 1.8447
vt -2.1201 0.0757
vt -1.5308 -0.4097
vt -1.5845 -0.4834
vt -2.1670 0.0088
vt 1.1919 2.0903
vt 1.5835 0.9111
vt -0.7715 -1.0571
vt -0.7710 -1.2861
vt -1.7144 -0.6763
vt -0.0605 0.0986
vt -0.1636 -0.0840
vt -0.7324 0.1846
vt 0.2529 0.5557
vt 0.0010 0.2393
vt -0.5811 0.7163
vt -0.3760 1.0449
vt 0.5796 0.6729
vt -0.0581 1.1982
vt -0.0220 1.3887
vt 0.5557 1.0234
vt 0.8145 0.5713
vt 0.5088 -0.0908
vt 0.1069 -0.0127
vt 0.6699 0.6851
vt 0.7891 -0.4175
vt 1.2300 0.2705
vt 1.3857 0.4487
vt 1.2422 1.3525
vt 1.1904 1.3931
vt 0.1606 0.9951
vt 0.3315 1.9258
vt -1.3481 0.4395
vt -1.1665 -0.3833
vt -1.5698 0.3516
vt -1.9448 0.9775
vt -1.6729 1.1685
vt -0.9487 0.4883
vt -0.9795 1.2554
vt -0.5488 0.9824
vt -0.7407 1.6904
vt -0.1216 1.0347
vt -0.1440 1.8018
vt 0.2515 1.2173
vt 0.0610 1.8164
vt -0.6895 -0.2080
vt 0.2358 0.1792
vt 0.5566 0.2632
vt -0.3926 0.2666
vt -0.2368 1.2246
vt 0.2148 1.1182
vt 0.3828 1.5264
vt -0.3418 -0.8906
vt 0.4043 1.4941
vt 0.0000 1.2471
vt 0.5146 0.9922
vt 0.5146 1.2510
vt 0.8789 1.5098
vt 1.7173 -0.1216
vt 1.7173 0.0186
vt 3.0142 0.4390
vt 3.0142 -0.1216
vt -1.3975 -0.2085
vt -1.3975 0.3955
vt 0.0000 -0.0576
vt 0.0000 -0.2085
vt 0.8413 -0.1216
vt 0.0000 0.4390
vt 1.8506 0.3955
vt 0.9443 -0.2085
vt 1.7173 1.0000
vt 1.8506 1.0000
vt 6.0005 2.0835
vt 5.0005 2.0786
vt 5.0000 1.0239
vt 6.0000 1.0288
vt 1.0000 1.0049
vt 1.0005 2.0591
vt 0.0005 2.0542
vt 0.7144 1.0000
vt 0.1870 -0.4951
vt 0.0630 0.0420
vt 0.4780 -0.1631
vt 0.1035 -0.8198
vt -0.0527 0.4404
vt 0.5786 0.3071
vt 0.6777 1.0024
vt 0.4292 0.4424
vt 1.0723 0.8501
vt 0.9043 0.2266
vt 0.5493 0.8765
vt 0.8188 1.2402
vt 1.1802 1.3745
vt 1.2539 1.1582
vt 1.7974 1.2046
vt -1.4346 0.3921
vt -1.3521 0.7710
vt -1.3271 1.2451
vt -0.6572 0.7759
vt -0.5591 1.1260
vt -0.4492 1.5957
vt -8.1655 1.0000
vt -8.1660 2.9839
vt -0.0005 2.9839
vt 0.5244 -0.1875
vt -0.7188 0.8550
vt 0.4561 1.1094
vt 1.6484 0.8979
vt 0.0000 0.3271
vt 1.0000 0.3271
vt 0.9541 1.0723
vt 0.9932 -0.0991
vt -0.1035 -0.0645
vt -0.0215 1.1445
vt 0.1250 1.2739
vt 1.5527 0.5664
vt -0.4951 -0.9883
vt 0.9570 1.0000
vt 0.9492 0.0000
vt 0.0703 0.0000
vt 0.0781 1.0000
vt 1.8857 0.0000
vt 1.8740 1.0000
vt -0.2061 1.0000
vt -1.1201 0.0000
vt 2.3711 0.7188
vt 1.3823 3.0566
vt 3.0557 0.7119
vt -0.2407 2.3340
vt -0.7979 1.0762
vt -1.0664 1.4121
vt -0.2227 1.5762
vt 0.6206 1.7412
vt 1.0728 2.5293
vt -2.5728 0.8701
vt 0.6797 2.9297
vt -2.1582 -2.4746
vt -0.5127 1.0000
vt -0.5122 -6.1660
vt -0.5122 -7.0713
vt -0.5127 1.9053
vt 3.1982 1.0000
vt 3.1982 -0.3574
vt -3.3975 -0.4795
vt -3.3975 1.0000
vt 4.2124 1.0000
vt 4.2124 -0.4795
vt -1.7373 1.0000
vt 9.9463 1.0000
vt 9.9463 0.0488
vt -1.7373 0.0488
vt -21.7930 0.9990
vt -21.7930 -0.0010
vt 1.0000 -7.0000
vt 0.0000 -7.0000
vt 3.0195 1.2178
vt -0.0068 1.2178
vt 1.5059 1.4668
vt 2.0283 1.2568
vt -0.0068 1.2246
vt 1.0068 1.5195
vt 3.0039 1.1367
vt -0.0098 1.1768
vt 1.5010 1.4053
vt -0.0312 1.1895
vt 0.9639 1.4795
vt 1.9678 1.2207
vt -4.0752 -0.3193
vt -4.0762 1.7188
vt 0.0000 1.7188
vt 0.0000 -0.3193
vt 0.0000 0.6621
vt 0.0000 2.7363
vt 4.1475 2.7363
vt 4.1475 0.6621
vt -3.7354 -0.9990
vt -0.3389 -0.9980
vt 0.3457 -0.0293
vt 3.8018 -0.0283
vt 0.0000 2.7158
vt 2.7295 2.7158
vt 2.7295 0.6689
vt 0.0000 0.6689
vt 0.3418 -0.0137
vt 2.3887 -0.0137
vt -2.7109 1.7197
vt 0.0000 1.7197
vt 0.0000 -0.3135
vt -2.7109 -0.3135
vt -2.3721 -0.9912
vt -0.3389 -0.9912
vt 3.0654 0.3906
vt 3.0645 0.8809
vt 0.0000 0.8809
vt 0.0010 0.3906
vt 1.5342 0.1152
vt 1.3545 1.6338
vt 1.3545 1.0557
vt 0.0000 1.6338
vt 0.6768 1.9590
vt 2.0342 1.6719
vt 2.0342 1.1504
vt 0.0000 1.1514
vt 0.0000 1.6719
vt 1.0176 1.9648
vt -0.0254 0.3281
vt 0.4619 0.0586
vt 0.9688 0.3281
vt 0.9873 0.8086
vt -0.0068 0.8086
vt 3.9941 -0.3545
vt 3.9912 1.6377
vt -0.0010 1.6387
vt 0.0020 -0.3545
vt 0.0000 -0.3418
vt 0.0000 1.6475
vt 3.9795 1.6475
vt 3.9795 -0.3418
vt 3.6611 -1.0186
vt 0.3350 -1.0186
vt 0.3311 -1.0049
vt 3.6475 -1.0049
vt 0.0000 1.6748
vt 2.7051 1.6748
vt 2.7061 -0.3535
vt 0.0000 -0.3545
vt 0.3379 -1.0303
vt 2.3672 -1.0303
vt 0.0000 1.6357
vt 2.6455 1.6357
vt 2.6455 -0.3486
vt 0.0000 -0.3486
vt 0.3311 -1.0107
vt 2.3154 -1.0107
vt 3.0654 1.3291
vt 3.0635 1.1514
vt -0.0098 1.1514
vt -0.0078 1.3291
vt 1.5361 1.8672
vt 1.9600 1.4414
vt 1.9639 1.2500
vt -0.0156 1.2500
vt -0.0195 1.4414
vt 0.9590 2.0205
vt 2.6758 1.3906
vt 2.6758 1.1885
vt -0.0195 1.1982
vt -0.0186 1.4004
vt 1.3311 2.0029
vt 0.1934 1.2051
vt 0.8545 1.9248
vt 1.6504 1.4082
vt 1.6729 1.2041
vt 0.2158 1.0000
vt -3.8770 -0.3574
vt -3.8770 1.5781
vt -0.0049 1.5781
vt -0.0049 -0.3584
vt 0.0000 -0.3682
vt 0.0000 1.5859
vt 3.9072 1.5859
vt 3.9072 -0.3672
vt -3.5547 -1.0029
vt -0.3281 -1.0029
vt 0.3252 -1.0195
vt 3.5820 -1.0186
vt 0.0000 1.5957
vt 2.6074 1.5957
vt 2.6074 -0.3604
vt 0.0000 -0.3604
vt 0.3262 -1.0127
vt 2.2812 -1.0127
vt 0.0000 1.5986
vt 2.6201 1.5986
vt 2.6201 -0.3662
vt 0.0000 -0.3662
vt 0.3271 -1.0215
vt 2.2930 -1.0215
vt 3.0244 0.7568
vt 3.0244 0.4541
vt 0.0000 0.4521
vt 0.0000 0.7549
vt 1.5117 1.0576
vt 2.0312 0.6201
vt 2.0312 0.2812
vt -0.0020 0.2861
vt -0.0010 0.6250
vt 1.0166 0.9619
vt 3.0117 0.5332
vt 3.0117 0.2324
vt 0.0020 0.2236
vt 0.0010 0.5244
vt 1.5059 0.8301
vt -0.0029 0.3535
vt 0.9980 0.6816
vt 1.9951 0.3438
vt 1.9932 0.0098
vt -0.0049 0.0205
vt 1.9990 1.6299
vt 1.9951 3.5449
vt -0.0049 3.5449
vt -0.0010 1.6289
vt 0.0000 1.5498
vt 3.8135 1.5508
vt 3.8145 -0.3564
vt 1.8340 0.9922
vt 0.1670 0.9912
vt 0.3174 -0.9922
vt 3.4961 -0.9922
vt 0.0000 1.5713
vt 2.5762 1.5713
vt 2.5762 -0.3613
vt 0.0000 -0.3613
vt 0.3223 -1.0059
vt 2.2549 -1.0059
vt 0.0000 1.5469
vt 2.5586 1.5469
vt 2.5586 -0.3721
vt 0.0000 -0.3721
vt 0.3203 -1.0117
vt 2.2383 -1.0117
vt 3.8486 0.0000
vt 3.9951 1.0000
vt -0.0098 0.0000
vt 3.2061 1.0000
vt -0.9229 1.0000
vt -0.7910 0.0000
vt 3.1953 0.0000
vt 6.0254 0.0000
vt 6.2158 1.0000
vt -0.2148 1.0000
vt -0.0273 0.0000
vt 1.0630 0.4990
vt 1.0859 -0.0215
vt 0.5552 -0.0273
vt 0.5088 1.0127
vt 1.0396 1.0186
vt 0.0015 0.4873
vt -0.0215 1.0068
vt 0.0249 -0.0332
vt 0.4912 1.0293
vt 1.0244 1.0312
vt 1.0479 0.5068
vt -0.0181 0.5020
vt -0.0420 1.0264
vt 1.0713 -0.0176
vt 0.5381 -0.0195
vt 0.0054 -0.0225
vt 1.1138 0.4932
vt 1.0981 1.0078
vt 0.5298 1.0117
vt -0.0386 1.0166
vt -0.0229 0.5020
vt -0.0073 -0.0127
vt 0.5610 -0.0166
vt 1.1294 -0.0215
vt 0.5063 1.0039
vt 1.0059 1.0020
vt 1.0220 0.5000
vt 0.0225 0.5039
vt 0.0063 1.0059
vt 1.0381 -0.0029
vt 0.5381 -0.0010
vt 0.0381 0.0010
vt 1.7354 1.3467
vt 1.7432 1.3965
vt 1.2319 1.1172
vt 1.6855 1.3545
vt 0.8857 1.4805
vt 0.8940 1.5303
vt 1.6934 1.4043
vt 0.8359 1.4883
vt 0.4111 1.2461
vt -0.3926 1.3721
vt -0.0137 1.6211
vt 0.0366 1.6133
vt 0.0444 1.6631
vt 0.8457 1.5410
vt -0.1523 -2.1973
vt 0.3604 -1.8682
vt 0.2974 -2.2676
vt -0.7603 -1.0137
vt 0.2231 -0.7842
vt 0.2866 -0.2178
vt 0.9297 0.2686
vt -0.0044 0.4551
vt -1.1597 1.4941
vt -0.5332 0.2695
vt -0.6353 -0.3799
vt -1.0850 -0.3096
vt -0.3057 1.7188
vt -0.0054 1.6709
vt -1.1050 1.8438
vt -1.2100 -1.0264
vt -1.3726 -0.6738
vt -1.6602 -1.0381
vt -1.6128 -0.7383
vt -1.3486 -0.5244
vt -1.3325 0.3945
vt 0.9038 0.6748
vt 0.5659 0.7207
vt 0.6567 1.3906
vt 1.4653 1.2812
vt 1.3740 0.6104
vt 0.8931 -0.3730
vt 1.0215 -0.4990
vt 0.0044 -0.5088
vt 0.1304 -0.3799
vt 0.8813 0.8984
vt 1.0073 1.0264
vt 0.1187 0.8916
vt -0.0098 1.0176
vt 1.7441 -1.7852
vt 1.9971 -2.0391
vt -0.0308 -2.0361
vt 0.2231 -1.7832
vt 1.7485 0.7490
vt 2.0024 1.0020
vt 0.2280 0.7520
vt -0.0254 1.0059
vt -2.5317 0.5830
vt -2.5830 0.2588
vt -1.4346 -0.2549
vt -2.6338 -0.0664
vt -3.4541 -0.3984
vt -3.4067 -0.0986
vt -3.0557 -0.0645
vt -3.0918 -0.2393
vt -3.4033 -0.0254
vt -3.7065 -0.0518
vt 0.3638 0.9053
vt 0.1792 0.7637
vt 0.2578 1.1133
vt 0.4033 1.0801
vt 0.5117 0.4746
vt -0.0112 0.5967
vt 0.1597 0.6758
vt 0.3052 0.6436
vt -0.4639 0.6934
vt -0.3647 0.7939
vt -0.2192 0.7607
vt 0.5962 0.8516
vt 0.6758 1.2051
vt 0.5776 0.7695
vt 0.3247 0.7305
vt -0.3789 1.0723
vt -0.3452 0.8809
vt -0.2666 1.2305
vt -0.1211 1.1982
vt -0.1602 1.0234
vt -0.2764 1.5283
vt -0.2471 1.3184
vt -0.4277 0.5830
vt 0.0957 0.9658
vt 0.1748 1.3174
vt -0.1997 0.8486
vt 0.0771 0.8818
vt 0.0371 0.7031
vt -1.9126 -0.6914
vt -1.6738 -0.4727
vt -3.3311 0.7090
vt -3.3823 0.3838
vt -3.7842 0.9209
vt -3.8726 0.3584
vt -2.8608 -0.4531
vt -1.9600 -0.9912
vt -3.0210 -1.1445
vt -3.1309 -0.4277
vt -3.8560 -1.0010
vt -2.9380 -1.7598
vt -3.2505 -1.7100
vt -0.9922 1.9922
vt 0.0078 1.9922
vt 0.0078 0.9922
vt -0.9922 0.9922
vt 15.8184 31.8965
vt 14.8184 32.8965
vt 14.8179 27.8965
vt 15.8174 26.8965
vt 9.8184 32.8965
vt 10.8184 31.8965
vt 14.8179 32.8965
vt 15.8174 31.8965
vt 0.1367 0.8877
vt 0.0078 1.0137
vt 1.0273 1.0225
vt 0.9009 0.8936
vt 0.1470 -0.3867
vt 0.0205 -0.5156
vt 0.9116 -0.3809
vt 1.0400 -0.5068
vt 2.0420 0.6348
vt 2.2446 0.8057
vt 2.1221 -0.6895
vt 1.9507 -0.4873
vt 0.1733 0.7871
vt 0.0015 0.9893
vt 0.0815 -0.3340
vt -0.1206 -0.5059
vt -2.7173 0.6123
vt -2.9316 0.6465
vt 0.6992 1.3096
vt 0.4229 1.1680
vt 0.4668 1.3623
vt 0.2773 1.2002
vt -0.0576 1.4795
vt -0.8359 0.2148
vt -0.8477 0.1396
vt -0.9814 0.2637
vt -0.9829 0.3398
vt -0.1016 1.2852
vt 0.1987 1.4229
vt -3.1475 0.6797
vt -3.7769 1.1963
vt -3.7583 1.9023
vt -4.1704 -2.0264
vt -3.7539 -0.3516
vt -0.0034 1.9990
vt 0.9966 1.9990
vt 0.9966 0.9990
vt -0.0034 0.9990
vt 0.2700 0.7568
vt -0.0054 1.0342
vt 1.6528 1.0273
vt 1.3750 0.7520
vt 0.2651 -0.3486
vt -0.0122 -0.6240
vt 1.3706 -0.3535
vt 1.6460 -0.6309
vt -0.3389 -6.1357
vt -0.0332 -6.4951
vt -1.6670 13.2119
vt -1.5967 13.4180
vt -0.5869 0.3423
vt -0.1255 2.1841
vt 0.0903 2.0757
vt -1.1362 1.8501
vt -1.0991 1.1440
vt -1.3740 1.2466
vt -1.4951 0.5854
vt 28.5801 1.3818
vt 17.6299 1.3818
vt 7.9668 1.3818
vt -2.9844 1.3818
vt -2.5752 1.0000
vt -2.5752 2.9917
vt 0.0000 2.9917
vt 0.0000 -0.9907
vt 0.0000 0.9912
vt -14.4155 -1.0063
vt -14.4155 1.0000
vt -15.9434 1.0000
vt -15.9434 -1.0063
vt 1.0000 -0.4521
vt 0.0000 -0.4521
vt 1.0000 -0.4512
vt 0.0000 -0.4512
vt 1.0000 1.4795
vt -0.4795 0.0000
vt -0.4795 1.4795
vt 1.0068 1.4668
vt 1.0068 0.0000
vt -0.4600 0.0000
vt -0.4600 1.4668
vt 1.0000 1.4551
vt -0.4551 0.0000
vt -0.4551 1.4551
vt -0.4775 1.4775
vt 1.0000 1.4775
vt -0.4775 0.0000
vt 1.0000 1.3350
vt 0.0000 0.0127
vt 0.0000 1.3467
vt 1.0000 1.3555
vt -0.0439 0.0000
vt -0.0439 1.3555
vt 1.0000 1.3506
vt -0.3506 0.0000
vt -0.3506 1.3506
vt 1.0000 -0.4756
vt 0.0000 -0.4756
vt 1.0020 1.0000
vt 1.0020 -0.4658
vt 0.0000 -0.4658
vt 1.0000 -0.4629
vt 0.0000 -0.4629
vt 1.0000 -0.4707
vt 0.0000 -0.4707
vt 1.0000 -0.4541
vt 0.0000 -0.4541
vt 1.0000 -0.4502
vt 0.0000 -0.4502
vt -5.8906 0.8330
vt -6.0996 1.0000
vt 0.7881 1.0000
vt 0.9971 0.8330
vt -1.5000 0.8330
vt 16.2500 0.8330
vt 16.5000 1.0000
vt -1.5000 1.0000
vt 1.3359 1.0029
vt 1.3359 1.3799
vt 5.1465 -3.8848
vt 4.8740 -3.8848
vt 1.9941 1.0000
vt 1.4941 0.0000
vt -0.5000 0.0000
vt 1.4961 0.0000
vt -0.5039 0.0000
vt 1.8604 1.3975
vt 2.0029 1.3975
vt 2.0039 1.8818
vt 1.8604 1.8818
vt 0.0000 1.3975
vt 0.0000 1.8818
vt 0.6143 -0.3960
vt 1.1963 0.6758
vt 0.5957 1.0488
vt -0.4521 0.8105
vt 0.4434 0.6294
vt 0.4912 1.0034
vt 1.0195 1.1592
vt 1.0166 0.9180
vt 1.0137 0.6567
vt 1.1445 -0.2104
vt -0.1113 -0.1733
vt -0.0078 0.6372
vt 0.3706 0.5205
vt 0.9072 1.7197
vt 0.6821 0.3945
vt 0.3354 0.9336
vt 0.9897 0.4131
vt 0.3418 -0.4307
vt 0.3916 0.8105
vt 0.6108 1.0000
vt 0.7729 0.3887
vt 0.9351 -0.2227
vt 0.3057 1.0000
vt 0.4365 -1.0020
vt 0.8486 0.9561
vt 0.3750 1.0039
vt 0.1333 -0.8457
vt 0.7441 -0.9355
vt 0.9863 0.9141
vt 0.0811 -1.0000
vt 0.0815 1.0000
vt -0.5947 -2.7041
vt -0.5947 6.5000
vt -0.4766 6.5000
vt -0.4766 -2.0811
vt 0.4204 -3.9844
vt 0.5039 -4.6133
vt 0.5049 6.7637
vt 0.4214 6.7637
vt 0.1987 1.0000
vt 0.5991 1.0000
vt 0.5938 -7.3828
vt 0.1934 -7.3828
vt 0.3711 -0.1807
vt 0.4922 -0.1807
vt 0.4873 1.8037
vt 0.3662 1.8037
vt -0.6265 2.7275
vt -0.4336 2.7275
vt -0.4341 -1.8623
vt -0.6270 -1.8633
vt 1.0010 0.0000
vt 0.0010 0.0000
vt 1.0005 0.0000
vt 0.0005 0.0000
vt 0.9629 1.0000
vt 0.9473 0.0000
vt 0.0254 0.0000
vt 0.0410 1.0000
vt 0.9824 0.0000
vt 0.0898 0.0000
vt 0.0762 1.0000
vt 0.9707 1.0000
vt 0.9512 0.0022
vt 0.0996 0.0022
vt 0.1191 1.0000
vt 5.5771 1.0000
vt 5.5771 0.0093
vt -0.5234 0.0093
vt -0.5234 1.0000
vt 7.5703 0.0288
vt 1.4941 0.0288
vt 1.4941 1.0000
vt 7.5703 1.0000
vt 9.5918 0.0000
vt 1.4756 0.0000
vt 1.4756 1.0000
vt 9.5918 1.0000
vt 2.5781 0.0103
vt -0.0020 0.0103
vt 2.5801 1.0000
vt 4.9541 0.0093
vt 0.0000 0.0093
vt 4.9541 1.0000
vt 0.1846 0.0010
vt 0.3691 0.0010
vt 0.9268 1.0000
vt 0.1846 1.0000
vt -0.0059 0.0000
vt 3.9785 0.0000
vt 3.9834 1.0000
vt -0.0010 0.0000
vt 0.0020 0.0000
vt 4.0850 0.0000
vt 4.4375 1.0010
vt -0.0312 0.0000
vt 4.4629 -0.0010
vt 4.1348 0.9990
vt -0.0068 0.0000
vt 4.4287 0.0000
vt 4.4355 1.0000
vt -0.0508 0.0000
vt 4.2539 0.0010
vt 3.9600 1.0010
vt 0.0146 0.0000
vt 3.7285 0.0010
vt 4.0371 1.0020
vt -0.0039 0.0000
vt 4.4004 0.0010
vt 4.4053 1.0010
vt 0.0088 0.0000
vt 4.3730 0.0010
vt 4.0146 1.0010
vt -0.0264 0.0000
vt 4.0391 0.0000
vt 4.4180 1.0000
vt 0.0039 0.0000
vt 5.0820 0.0020
vt 5.0771 1.0020
vt 0.0518 -0.0010
vt 1.1709 0.0000
vt 1.1191 1.0010
vt -0.0879 0.0000
vt 4.5547 0.0010
vt 4.2715 1.0010
vt 0.0088 1.0000
vt -1.1084 0.0000
vt 3.8994 0.0000
vt 4.4551 1.0000
vt -0.9873 1.0000
vt -0.0332 0.0000
vt 3.8965 0.0000
vt 3.9297 1.0000
vt 0.1318 -0.0088
vt 1.1318 0.0020
vt 0.9990 1.0107
vt -0.0459 0.0000
vt 4.1182 0.0010
vt 3.8311 1.0010
vt -0.0117 0.0000
vt 3.6504 0.0010
vt 3.9805 1.0020
vt -0.0430 0.0000
vt 1.0430 1.0000
vt -0.0576 0.0020
vt 3.9082 -0.0059
vt 3.9658 0.9922
vt 0.0146 0.0020
vt 1.3486 0.0000
vt 1.3330 0.9980
vt -0.0957 0.0000
vt 4.4287 0.0010
vt 4.1631 1.0010
vt -0.0186 0.0000
vt 3.7490 -0.0010
vt 4.0947 0.9980
vt -0.0410 -0.0010
vt 4.4883 0.0039
vt 4.5283 1.0059
vt -0.0127 -0.0127
vt 1.5703 0.0068
vt 1.5830 1.0205
vt -0.1455 0.0000
vt 5.3076 0.0000
vt 5.0176 1.0000
vt -0.0020 0.0000
vt 2.1924 0.0000
vt 2.3848 1.0010
vt 0.0420 0.0000
vt 1.0420 0.0000
vt -0.8975 0.0000
vt 3.3281 0.0000
vt 3.3584 1.0000
vt -0.8672 1.0000
vt -0.0068 0.0088
vt 1.1680 -0.0010
vt 1.1748 0.9893
vt -0.0488 0.0000
vt 2.5820 0.0000
vt 2.4199 1.0000
vt -0.0088 0.0000
vt 3.8027 -0.0010
vt 4.1426 0.9980
vt 3.8916 0.0000
vt 3.8984 1.0000
vt 0.0000 -0.0039
vt 1.0000 1.0039
vt 0.0068 0.0000
vt 3.6436 0.0000
vt 3.9531 1.0000
vt -0.0908 0.0000
vt 4.2461 0.0000
vt 3.9902 1.0000
vt -0.0156 -0.0010
vt 3.5508 0.0010
vt 3.5664 1.0020
vt 0.0000 -0.0049
vt -0.0254 0.0000
vt 4.0488 0.0000
vt 3.7480 1.0000
vt 0.0469 0.0000
vt 4.0576 0.0010
vt 4.3594 1.0020
vt -0.4561 1.9805
vt 16.2178 1.9961
vt 17.1992 1.0166
vt -0.4551 1.0000
vt 6.1836 1.0000
vt 7.1816 0.0020
vt -2.7949 0.0020
vt -1.7969 1.0000
vt -1.7676 -0.0391
vt -1.7676 1.0000
vt 16.9277 1.0000
vt 15.8887 -0.0381
vt 0.1440 -0.7227
vt 0.1465 1.0000
vt 0.8525 1.0000
vt 0.8501 -0.7227
vt 0.0259 -0.8867
vt 0.0283 0.8359
vt 0.9697 0.8359
vt 0.9678 -0.8867
vt -5.1323 -1.8760
vt -5.4458 -1.5059
vt -5.5024 -1.8682
vt -5.1421 -1.9375
vt -5.4922 -1.8828
vt -5.3887 -1.1436
vt -4.6177 -0.8809
vt -5.3320 -0.7822
vt -5.2749 -0.4199
vt -4.5293 -0.3193
vt -5.2178 -0.0576
vt -4.4492 0.1934
vt -5.1631 0.2930
vt -5.1021 0.6797
vt -4.3779 0.5664
vt -4.3770 1.3486
vt -4.3149 0.9658
vt -4.8647 1.0518
vt -4.7573 1.2979
vt -4.8311 1.2646
vt -4.8687 1.2705
vt -4.8154 1.3643
vt -4.7568 1.7393
vt -4.3877 1.9355
vt -4.9316 1.7666
vt -4.8765 2.1162
vt -4.8179 2.4912
vt -4.4556 2.4346
vt -4.0933 2.3770
vt -4.1030 2.3145
vt -3.7031 2.2520
vt -4.8530 1.3701
vt 3.8867 0.3643
vt 4.0186 3.4004
vt 5.1152 4.4062
vt 4.8926 -0.7324
vt 3.0137 4.4971
vt 2.9014 1.9287
vt -0.4209 -0.5010
vt -0.3096 2.0674
vt 5.2646 2.1895
vt 5.2305 2.4590
vt 5.4766 1.8740
vt 4.3555 2.0732
vt 4.5908 1.0420
vt 4.4766 1.1299
vt 5.0869 -0.1602
vt 4.5615 1.0039
vt 3.4180 -0.7510
vt 1.9727 -0.4229
vt 1.2500 -2.2607
vt 0.7324 -0.8896
vt -1.9004 -1.7061
vt -0.9746 -0.3896
vt -2.3086 -0.6631
vt -3.1924 -2.0430
vt -5.2373 -1.0391
vt -2.3164 -3.5391
vt -5.1270 -4.0361
vt -5.1787 -2.2969
vt -6.7822 -2.3320
vt -6.9043 -1.1152
vt -9.6621 -3.6250
vt -8.1602 -1.9951
vt -9.6426 -1.9111
vt -8.0371 -0.8154
vt -7.3018 -0.4141
vt -7.5518 1.5391
vt -9.2656 0.2246
vt -9.8076 1.2500
vt -9.5400 -0.8369
vt -10.0117 -0.8975
vt -3.2334 12.9971
vt -3.4531 13.1641
vt -3.3477 12.3926
vt -3.1543 12.4189
vt 0.7617 1.0000
vt 0.4590 0.0303
vt -0.0869 1.0000
vt -0.0361 0.8857
vt 0.9639 0.8857
vt 0.9980 0.8682
vt -0.3115 0.0127
vt 0.7324 0.9082
vt 1.5361 0.9248
vt 1.3145 0.0156
vt 0.1777 0.2646
vt 0.8418 1.0000
vt 0.2617 0.0127
vt 0.7139 0.8838
vt 0.9355 0.2178
vt -0.0010 0.0449
vt 0.0000 0.8828
vt 1.4834 0.9102
vt 1.4834 0.0000
vt 0.0000 0.9102
vt -0.9717 0.4346
vt 2.3525 1.0000
vt 1.5547 0.1191
vt 1.1777 1.0000
vt -0.1240 0.0039
vt 1.1846 1.0000
vt 0.0000 0.0068
vt 0.0010 1.0000
vt -0.7881 0.1729
vt -1.1260 1.0000
vt 1.0537 0.0225
vt 1.0977 -0.0049
vt 0.0156 1.0000
vt 1.0977 1.0000
vt 0.9375 0.9072
vt 1.2285 0.5391
vt 0.0000 0.8936
vt 0.0967 0.0020
vt 0.0000 0.9365
vt 0.8633 0.9131
vt 0.9521 0.0146
vt 1.5244 0.7632
vt 1.0044 1.0791
vt 1.1699 1.3018
vt 1.7324 1.0029
vt 0.4741 1.5947
vt 0.6187 1.7603
vt 1.6738 0.1270
vt 1.0317 0.7075
vt 1.3877 -0.2500
vt 0.9297 0.5679
vt 1.3926 -0.1758
vt 0.7363 0.3159
vt 1.4946 -0.4390
vt 0.5913 -0.1831
vt 1.2354 -0.8340
vt -0.4014 0.8608
vt -0.0254 1.2490
vt 0.0605 1.5488
vt 0.1313 1.1450
vt 0.7163 0.5776
vt 1.1836 0.3330
vt 0.7363 0.8965
vt 1.3218 0.5039
vt 0.3389 1.4258
vt 1.7935 0.3579
vt 1.3853 1.4365
vt 1.8198 1.1299
vt 1.5625 1.7578
vt 2.0366 1.3931
vt 1.9404 1.9868
vt 2.3481 1.7568
vt 1.2388 2.5308
vt 1.3921 2.6978
vt 0.9360 2.1758
vt -0.1499 3.1108
vt 0.0107 3.3555
vt 0.8374 3.0708
vt 0.5391 2.6143
vt 1.2812 1.9985
vt 1.6914 2.6289
vt 1.9219 2.2300
vt -0.2446 2.9648
vt 1.1587 1.2842
vt 1.1592 1.0889
vt 1.0513 1.3135
vt -0.6738 1.0000
vt 1.3735 1.0000
vt 1.4761 0.6523
vt -0.7764 0.6523
vt 3.0430 0.6489
vt -1.0205 0.6489
vt -0.8726 1.0000
vt 3.1904 1.0000
vt -0.0571 0.6519
vt -0.1909 1.0000
vt 2.7490 1.0000
vt 2.8828 0.6519
vt -0.1582 0.6572
vt 2.5317 1.0000
vt 2.6899 0.6572
vt -1.5288 1.0000
vt 4.7578 1.0000
vt 4.9072 0.6626
vt -1.6782 0.6626
vt 1.2002 1.0000
vt 1.2002 3.0000
vt 3.2002 3.0000
vt 3.2002 1.0000
vt 0.2002 1.0000
vt 0.2002 3.0000
vt 1.0000 2.1250
vt 2.9502 3.0000
vt 1.5000 2.1250
vt 2.9502 1.0000
vt 1.5000 1.0000
vt -1.0000 3.0000
vt -1.3999 3.0000
vt 0.1875 -0.0620
vt 0.0000 -0.0620
vt 0.1875 1.0000
vt 0.1880 1.0000
vt 0.1880 -0.0664
vt 0.0000 -0.0664
vt 0.0000 0.6250
vt 1.0000 0.6250
vt 0.0000 -0.4995
vt 0.0000 1.4995
vt 4.3984 1.4995
vt 4.3984 -0.4995
vt 0.0000 -1.0034
vt 1.0000 -1.0034
vt 0.6143 1.4111
vt 1.0332 2.0264
vt 1.0020 1.4849
vt 0.9287 0.9229
vt 0.6758 1.0254
vt 0.6094 0.9644
vt 0.2266 1.0142
vt 0.0166 1.3843
vt 0.0332 2.0264
vt 1.0000 0.1069
vt 0.0000 -0.2563
vt 0.7368 -15.9893
vt 14.9116 -30.1641
vt 15.3213 -26.9814
vt 2.5176 -14.1787
vt 2.1436 -15.7178
vt 14.1450 -27.7197
vt 13.7163 -30.7197
vt 0.4287 -17.4326
vt 15.4321 -20.4326
vt 5.1450 -30.7197
vt -6.8564 -18.7178
vt 3.4302 -8.4307
vt 2.2607 -7.2598
vt -8.4824 -18.1787
vt 4.3213 -30.9814
vt 15.0640 -20.0625
vt -10.7427 -9.9180
vt 2.0605 -22.7207
vt 12.8032 -11.8027
vt -12.5239 -11.7295
vt 0.2793 -24.5322
vt 12.0015 -11.0020
vt 1.7148 -21.2891
vt -10.2871 -9.2871
vt 0.0000 -23.0039
vt -12.0015 -11.0020
vt 12.7681 -11.7676
vt 1.8247 -22.7119
vt -10.9434 -9.9443
vt 0.0010 -24.5352
vt -12.7671 -11.7676
vt 15.9922 -19.9912
vt 5.0488 -30.9355
vt -7.7192 -18.1680
vt 3.2241 -7.2236
vt 2.2808 -16.1680
vt 15.0488 -28.9355
vt 13.2251 -30.7598
vt 0.4570 -17.9912
vt 15.2168 -19.2148
vt 4.2729 -30.1592
vt -8.4951 -17.3916
vt 2.4482 -6.4473
vt 2.5049 -16.3916
vt 15.2729 -29.1592
vt 13.4492 -30.9834
vt 0.6812 -18.2158
vt 15.4409 -19.4395
vt 4.4976 -30.3828
vt -8.2710 -17.6152
vt 2.6724 -6.6709
vt 2.7290 -15.6152
vt 15.4976 -28.3828
vt 13.6733 -30.2070
vt 0.9053 -17.4395
vt 15.6650 -19.6631
vt 4.7217 -30.6064
vt -8.0464 -17.8389
vt 2.8970 -6.8955
vt 2.9536 -15.8389
vt 15.7217 -28.6064
vt 13.8975 -30.4307
vt 1.1294 -17.6631
vt 3.1777 -16.0625
vt 15.9458 -28.8301
vt 14.1221 -30.6543
vt 1.3535 -17.8867
vt 15.8892 -19.8867
vt 4.9458 -30.8301
vt -7.8223 -18.0625
vt 3.1211 -7.1191
vt 15.1699 -27.0547
vt 14.7139 -30.2461
vt 0.5781 -16.1104
vt 2.4019 -14.2861
vt 15.1133 -19.1104
vt 4.1699 -30.0547
vt -8.5981 -17.2861
vt 2.3452 -6.3428
vt 0.0000 -0.0010
vt 1.0000 1.0010
vt 3.0664 0.0000
vt 3.0703 1.0000
vt 4.0137 1.0000
vt 2.0068 -2.3057
vt 4.0137 -2.1875
vt 4.0137 -3.1318
vt 2.0068 -7.0273
vt 4.0137 -5.4927
vt 0.0000 -8.5620
vt 2.5127 -3.1377
vt 5.0244 1.0000
vt 5.0244 -10.9697
vt 0.0000 -7.1279
vt -0.0625 1.0000
vt -0.0625 -1.0000
vt 1.6250 -0.0625
vt 1.6250 1.0000
vt 3.3750 -1.0000
vt 2.1250 -0.0625
vt 3.3750 1.0000
vt 2.1250 1.0000
vt -0.7002 -1.0000
vt -0.7002 1.0000
vt 5.0000 1.0000
vt 5.0000 -1.0000
vt 5.7627 -8.5620
vt 9.2080 -5.4927
vt 9.2080 -8.5620
vt -2.1895 -10.9697
vt -6.5020 -10.9697
vt -6.5020 -7.1279
vt -1.4409 1.0000
vt -2.8999 1.0000
vt -2.8999 -1.0000
vt -1.4409 -1.0000
vt 2.2002 1.0000
vt 2.2002 -1.0000
vt -1.0996 0.5977
vt -0.3296 0.4790
vt -0.9028 0.1953
vt -0.5967 0.1450
vt 0.2256 0.3677
vt -0.4023 0.0767
vt -0.0767 0.0991
vt 0.4766 0.3638
vt 0.4629 0.0762
vt 0.1880 -0.0464
vt 1.2310 0.4600
vt 0.6377 -0.0269
vt 1.4468 0.4839
vt 1.1641 0.1841
vt 1.4829 0.1157
vt 1.7935 0.3286
vt 2.2026 0.7251
vt 1.9351 0.3291
vt -1.0259 0.2642
vt -1.4395 0.7158
vt -1.4180 1.1646
vt -1.0776 1.1055
vt -0.3071 1.0059
vt 0.2485 0.9800
vt 0.4995 0.9810
vt 1.2534 1.0098
vt 1.4692 1.0381
vt 2.2236 1.1738
o room_1
usemtl tex_675
f 1/1 2/2 3/3
f 1/1 3/3 4/4
f 5/5 6/6 7/7
f 5/5 7/7 8/8
f 9/9 10/10 11/11
f 9/9 11/11 12/12
usemtl tex_291
f 13/13 14/14 15/15
f 13/13 15/15 16/16
f 17/17 18/18 19/19
f 17/17 19/19 20/20
f 21/13 22/14 23/15
f 21/13 23/15 24/16
f 25/21 26/22 27/23
f 25/21 27/23 28/24
f 29/25 30/26 31/27
f 29/25 31/27 32/28
f 33/13 34/14 35/15
f 33/13 35/15 36/16
f 37/29 38/30 39/31
f 37/29 39/31 40/1
f 41/25 42/26 43/27
f 41/25 43/27 44/28
f 45/13 46/14 47/15
f 45/13 47/15 48/16
f 49/32 50/33 51/34
f 49/32 51/34 52/35
f 53/25 54/26 55/27
f 53/25 55/27 56/28
f 57/36 58/26 59/37
f 57/36 59/37 60/1
f 61/38 62/39 63/40
f 61/38 63/40 64/1
f 65/41 66/15 67/14
f 65/41 67/14 68/42
f 69/43 70/44 71/45
f 69/43 71/45 72/38
f 73/36 74/26 75/25
f 73/36 75/25 76/46
f 77/41 78/15 79/14
f 77/41 79/14 80/42
f 81/47 82/48 83/49
f 81/47 83/49 84/50
f 85/36 86/26 87/25
f 85/36 87/25 88/46
f 89/41 90/15 91/14
f 89/41 91/14 92/42
f 93/51 94/52 95/53
f 93/51 95/53 96/54
f 97/36 98/26 99/25
f 97/36 99/25 100/46
f 101/42 102/41 103/15
f 101/42 103/15 104/14
f 105/55 106/56 107/57
f 105/55 107/57 108/58
f 109/59 110/54 111/60
f 109/59 111/60 112/61
f 113/61 114/60 115/62
f 113/61 115/62 116/63
f 116/63 115/62 117/47
f 116/63 117/47 118/64
f 119/65 120/50 121/66
f 119/65 121/66 122/67
f 122/67 121/66 123/68
f 122/67 123/68 124/69
f 124/69 123/68 125/43
f 124/69 125/43 126/70
f 127/1 128/71 129/72
f 127/1 129/72 130/73
f 131/74 132/13 133/16
f 131/74 133/16 134/1
f 135/75 136/76 137/77
f 135/75 137/77 138/78
f 139/28 140/27 141/79
f 139/28 141/79 142/80
f 143/1 144/81 145/82
f 143/1 145/82 146/73
f 147/16 148/1 149/74
f 147/16 149/74 150/13
f 151/83 152/84 153/85
f 151/83 153/85 154/86
f 155/28 156/27 157/79
f 155/28 157/79 158/80
f 159/1 160/74 161/13
f 159/1 161/13 162/16
f 163/87 164/88 165/89
f 163/87 165/89 166/90
f 167/27 168/79 169/80
f 167/27 169/80 170/28
f 171/13 172/16 173/1
f 171/13 173/1 174/74
f 175/91 176/92 177/93
f 175/91 177/93 178/94
f 179/95 180/1 181/96
f 179/95 181/96 182/97
f 183/98 184/99 185/100
f 186/101 187/37 188/26
f 186/101 188/26 189/27
f 190/102 191/103 192/104
f 190/102 192/104 193/90
f 194/105 195/106 192/104
f 194/105 192/104 191/103
f 195/106 194/105 196/107
f 195/106 196/107 197/83
f 198/1 199/81 200/82
f 198/1 200/82 201/73
f 202/1 203/108 204/109
f 202/1 204/109 205/110
usemtl tex_294
f 206/111 207/112 208/113
f 206/111 208/113 209/114
f 210/115 211/116 212/117
f 210/115 212/117 213/118
f 214/119 215/120 216/121
f 214/119 216/121 217/122
f 218/123 219/1 220/124
f 218/123 220/124 221/125
f 222/126 223/127 224/128
f 222/126 224/128 225/129
f 226/130 227/131 228/1
f 226/130 228/1 229/132
f 230/111 231/112 232/113
f 230/111 232/113 233/114
f 234/115 235/116 236/117
f 234/115 236/117 237/118
f 238/119 239/120 240/121
f 238/119 240/121 241/122
f 242/123 243/1 244/124
f 242/123 244/124 245/125
f 246/126 247/127 248/128
f 246/126 248/128 249/129
f 250/130 251/131 252/1
f 250/130 252/1 253/132
usemtl tex_1146
f 254/133 255/134 256/135
f 257/136 255/134 254/133
f 258/1 255/134 257/136
f 256/135 255/134 258/1
f 259/137 260/138 261/139
f 261/139 260/138 262/140
f 263/141 261/139 262/140
f 259/137 261/139 263/141
f 264/142 265/143 266/144
f 265/143 267/145 266/144
f 268/146 264/142 266/144
f 268/146 266/144 269/147
f 270/144 271/148 272/147
f 271/148 270/144 273/145
f 274/149 275/150 276/151
f 274/149 276/151 277/152
usemtl tex_240
f 278/153 279/154 280/155
f 278/153 280/155 281/156
f 281/156 282/157 278/153
f 283/158 284/159 285/160
f 286/158 287/160 288/161
f 289/159 290/162 291/163
f 289/159 291/163 287/160
f 292/164 293/165 294/166
f 292/164 294/166 295/167
usemtl tex_293
f 296/168 297/169 298/73
f 297/169 299/108 298/73
f 297/169 300/109 299/108
f 300/109 301/170 299/108
f 302/170 303/1 304/108
f 302/170 305/110 303/1
f 306/168 307/169 308/73
f 307/169 309/108 308/73
f 307/169 310/109 309/108
f 310/109 311/170 309/108
f 311/170 312/1 309/108
f 311/170 313/110 312/1
f 314/168 315/169 316/73
f 315/169 317/108 316/73
f 318/169 319/109 320/108
f 321/170 322/110 323/1
f 321/170 323/1 320/108
f 319/109 321/170 320/108
usemtl tex_308
f 324/1 325/108 326/171
f 324/1 326/171 327/172
f 328/173 329/174 330/175
f 328/173 330/175 331/1
f 332/176 333/177 334/1
f 332/176 334/1 335/178
f 336/1 337/179 338/180
f 336/1 338/180 339/181
f 340/1 341/182 342/183
f 340/1 342/183 343/184
f 344/185 345/186 346/187
f 344/185 346/187 347/1
usemtl tex_695
f 348/188 349/189 350/190
f 351/191 348/188 352/192
f 353/193 349/189 348/188
f 353/193 354/194 349/189
f 355/195 354/194 353/193
f 353/193 356/196 355/195
f 353/193 348/188 351/191
f 351/191 357/197 353/193
f 353/193 357/197 358/198
f 359/199 353/193 358/198
f 360/200 353/193 359/199
f 360/200 359/199 361/201
f 356/196 353/193 360/200
f 362/202 356/196 360/200
f 362/202 360/200 363/203
f 364/201 365/204 366/200
f 366/200 365/204 367/205
f 367/205 368/206 366/200
f 368/206 369/207 366/200
f 366/200 369/207 370/208
f 371/203 372/209 373/210
f 371/203 366/200 372/209
f 366/200 374/211 372/209
f 366/200 375/212 374/211
f 366/200 376/213 375/212
f 366/200 377/214 376/213
f 366/200 378/215 377/214
f 366/200 379/216 378/215
f 380/216 381/217 382/215
f 380/216 383/200 384/218
f 384/218 383/200 385/219
f 386/220 384/218 385/219
f 385/219 387/221 386/220
f 385/219 383/200 388/208
f 388/208 389/222 385/219
f 385/219 389/222 390/223
f 390/223 391/224 385/219
f 385/219 391/224 392/225
f 393/226 385/219 392/225
f 393/226 394/227 385/219
f 395/228 387/221 385/219
f 396/219 397/229 398/228
f 399/230 397/229 396/219
f 399/230 396/219 400/227
f 401/227 402/231 403/230
f 404/232 405/229 403/230
f 403/230 406/233 407/234
f 408/235 404/232 407/234
f 404/232 403/230 407/234
f 403/230 402/231 406/233
f 402/231 409/236 406/233
f 410/188 411/190 412/192
usemtl tex_253
f 413/237 414/238 415/1
f 413/237 415/1 416/239
f 417/237 418/238 419/1
f 417/237 419/1 420/239
f 421/237 422/238 423/1
f 421/237 423/1 424/239
f 425/237 426/238 427/1
f 425/237 427/1 428/239
f 429/237 430/238 431/1
f 429/237 431/1 432/239
f 433/237 434/238 435/1
f 433/237 435/1 436/239
f 437/237 438/238 439/1
f 437/237 439/1 440/239
f 441/237 442/238 443/1
f 441/237 443/1 444/239
o room_2
usemtl tex_319
f 445/240 446/241 447/242
f 445/240 447/242 448/1
usemtl tex_291
f 449/243 450/244 451/245
f 449/243 451/245 452/246
f 453/247 454/248 455/249
f 453/247 455/249 456/250
f 457/251 458/1 459/252
f 457/251 459/252 460/253
f 461/254 462/244 463/243
f 461/254 463/243 464/1
f 465/255 466/249 467/248
f 465/255 467/248 468/256
f 469/101 470/79 471/1
f 469/101 471/1 472/37
f 473/257 474/258 475/259
f 473/257 475/259 476/260
f 477/258 478/257 479/97
f 477/258 479/97 480/261
f 480/261 479/97 481/96
f 480/261 481/96 482/262
f 482/262 481/96 483/260
f 482/262 483/260 484/259
f 485/263 486/264 484/259
f 485/263 484/259 477/258
f 487/265 485/263 477/258
f 487/265 477/258 480/261
f 488/266 487/265 480/261
f 488/266 480/261 482/262
f 482/262 484/259 486/264
f 482/262 486/264 489/266
f 490/267 491/268 492/265
f 493/267 494/265 495/266
f 496/267 497/266 498/264
f 496/267 498/264 499/269
f 500/264 501/263 502/270
f 500/264 502/270 503/269
f 504/263 505/265 506/268
f 504/263 506/268 507/270
f 508/271 509/272 510/273
f 509/272 511/274 510/273
f 512/275 513/276 514/277
f 512/275 514/277 515/278
usemtl tex_197
f 516/279 517/280 518/281
f 516/279 518/281 519/282
f 520/283 521/284 522/285
f 520/283 522/285 523/286
f 524/287 525/288 526/289
f 524/287 526/289 527/290
f 528/291 529/292 530/293
f 528/291 530/293 531/294
f 532/295 533/296 534/297
f 532/295 534/297 535/298
f 536/299 537/300 538/301
f 536/299 538/301 539/302
f 540/303 541/304 542/305
f 540/303 542/305 543/306
f 544/307 545/308 546/309
f 544/307 546/309 547/310
f 548/1 549/311 550/312
f 548/1 550/312 551/313
f 552/314 553/315 554/316
f 552/314 554/316 555/317
f 556/318 557/319 558/320
f 556/318 558/320 559/321
f 560/1 561/311 562/322
f 560/1 562/322 563/323
f 564/324 565/318 566/319
f 564/324 566/319 567/325
f 568/315 569/316 570/326
f 568/315 570/326 571/327
f 572/328 573/329 574/330
f 572/328 574/330 575/331
f 576/332 577/333 578/334
f 576/332 578/334 579/335
f 580/314 581/315 582/316
f 580/314 582/316 583/317
f 584/328 585/329 586/330
f 584/328 586/330 587/331
usemtl tex_677
f 588/336 589/337 590/338
f 588/336 590/338 591/339
usemtl tex_695
f 592/340 593/341 594/342
f 592/340 594/342 595/234
usemtl tex_8_sec
f 596/343 597/344 598/1
f 596/343 598/1 599/345
f 600/1 601/346 602/347
f 600/1 602/347 603/348
f 604/349 605/350 606/351
f 604/349 606/351 607/352
f 608/353 609/354 610/1
f 608/353 610/1 611/355
f 612/353 613/355 614/356
f 612/353 614/356 615/357
f 616/356 617/358 618/359
f 616/356 618/359 619/357
f 620/358 621/1 622/354
f 620/358 622/354 623/359
o room_3
usemtl tex_291
f 624/360 625/361 626/362
f 624/360 626/362 627/1
f 628/363 629/364 630/1
f 628/363 630/1 631/365
f 632/366 633/367 634/368
f 632/366 634/368 635/1
f 636/369 637/251 638/253
f 636/369 638/253 639/370
usemtl tex_197
f 640/300 641/371 642/372
f 640/300 642/372 643/301
f 644/296 645/373 646/374
f 644/296 646/374 647/297
f 648/375 649/376 650/377
f 648/375 650/377 651/108
f 652/378 653/379 654/291
f 652/378 654/291 655/294
f 656/288 657/380 658/381
f 656/288 658/381 659/289
f 660/284 661/382 662/383
f 660/284 662/383 663/285
f 664/384 665/385 666/386
f 664/384 666/386 667/1
f 668/387 669/388 670/279
f 668/387 670/279 671/282
usemtl tex_677
f 672/389 673/336 674/339
f 672/389 674/339 675/390
f 676/391 672/389 675/390
f 676/391 675/390 677/392
f 680/393 678/394 679/395
f 680/393 679/395 681/396
o room_4
usemtl tex_291
f 682/397 683/1 684/398
f 684/398 683/1 685/399
f 686/400 682/397 684/398
f 686/400 684/398 685/399
f 687/401 688/402 689/403
f 689/403 688/402 686/400
f 685/399 687/401 689/403
f 685/399 689/403 686/400
usemtl tex_286
f 690/404 691/73 692/1
f 690/404 692/1 693/405
f 694/404 695/73 696/1
f 694/404 696/1 697/405
f 698/406 699/407 700/408
f 698/406 700/408 701/409
f 700/408 699/407 702/1
f 700/408 702/1 703/410
f 703/410 702/1 704/405
f 703/410 704/405 705/411
f 706/412 707/413 708/414
f 706/412 708/414 709/415
f 710/413 711/416 712/417
f 710/413 712/417 713/414
f 714/417 715/1 716/405
f 714/417 716/405 717/415
f 718/412 719/418 720/419
f 718/412 720/419 721/420
f 722/418 723/421 724/1
f 722/418 724/1 725/419
f 726/422 727/407 728/408
f 726/422 728/408 729/409
f 730/408 731/407 732/1
f 730/408 732/1 733/410
f 733/410 732/1 734/423
f 733/410 734/423 735/424
usemtl tex_695
f 736/425 737/1 738/426
f 739/427 740/428 741/429
f 742/427 743/425 744/426
f 742/427 744/426 745/428
f 746/427 747/430 748/425
f 749/431 750/427 751/429
o room_5
usemtl tex_922
f 752/108 753/1 754/432
f 755/433 756/1 757/434
f 758/108 759/1 760/432
f 761/108 762/1 763/432
f 764/108 765/1 766/432
f 767/433 768/1 769/434
usemtl tex_949
f 770/435 771/436 772/437
f 770/435 772/437 773/438
f 774/439 770/435 773/438
f 773/438 772/437 775/440
f 773/438 775/440 776/441
f 777/442 778/443 779/444
f 780/445 777/442 781/446
f 781/446 777/442 782/447
f 783/447 784/442 785/448
f 786/449 787/450 788/451
f 786/449 788/451 789/452
f 790/436 786/449 789/452
f 790/436 789/452 791/437
f 792/444 785/448 784/442
f 793/453 785/448 792/444
f 789/452 788/451 794/454
f 794/454 791/437 789/452
f 795/440 791/437 794/454
usemtl tex_286
f 796/455 797/456 798/457
f 799/455 800/457 801/458
f 802/459 803/108 804/460
f 802/459 804/460 805/461
f 806/462 807/73 808/1
f 806/462 808/1 809/463
f 810/464 811/465 812/1
f 810/464 812/1 813/463
usemtl tex_439_sec_w01
f 814/466 815/467 816/108
f 814/466 816/108 817/1
f 818/468 819/469 820/1
f 818/468 820/1 821/470
f 822/471 823/108 824/1
f 822/471 824/1 825/472
o room_6
usemtl tex_722
f 826/473 827/474 828/475
f 826/473 828/475 829/476
f 829/476 828/475 830/477
f 829/476 830/477 831/478
f 831/478 830/477 832/479
f 831/478 832/479 833/480
f 834/481 835/482 836/483
f 834/481 836/483 837/484
f 834/481 837/484 838/485
f 839/482 840/486 841/483
f 842/486 843/487 844/488
f 842/486 844/488 845/484
f 846/489 847/490 848/491
f 846/489 848/491 849/492
f 850/493 851/494 852/495
f 850/493 852/495 853/496
usemtl tex_922
f 854/433 855/1 856/434
f 857/108 858/1 859/432
f 860/108 861/1 862/432
f 863/433 864/1 865/434
f 866/108 867/1 868/432
f 869/108 870/1 871/432
f 872/108 873/1 874/497
usemtl tex_694
f 875/498 876/499 877/110
f 875/498 877/110 878/1
f 879/500 880/501 881/502
f 879/500 881/502 882/1
f 883/503 884/504 885/505
f 883/503 885/505 886/506
f 887/507 888/508 889/509
f 887/507 889/509 890/510
f 891/511 892/512 893/1
f 891/511 893/1 894/513
f 895/514 896/515 897/511
f 895/514 897/511 898/513
f 899/516 900/110 901/1
f 899/516 901/1 902/513
f 903/517 904/518 905/516
f 903/517 905/516 906/513
usemtl tex_401
f 907/519 908/520 909/521
f 907/519 909/521 910/1
f 911/522 912/1 913/523
f 911/522 913/523 914/524
f 915/1 916/525 917/526
f 915/1 917/526 918/527
usemtl tex_291
f 919/528 920/529 921/530
f 919/528 921/530 922/1
f 923/531 924/532 925/533
f 923/531 925/533 926/534
f 927/535 928/1 929/536
f 927/535 930/537 928/1
f 931/239 932/538 933/1
f 934/239 935/1 936/539
f 937/1 938/108 939/540
f 937/1 939/540 940/541
f 941/542 940/541 939/540
f 941/542 939/540 942/543
f 943/544 944/545 940/541
f 943/544 940/541 941/542
f 945/546 946/547 944/545
f 945/546 944/545 943/544
f 946/547 945/546 942/543
f 946/547 942/543 939/540
f 947/548 948/549 949/550
f 950/548 951/550 952/551
f 953/552 954/548 955/551
f 953/552 955/551 956/553
f 957/554 958/555 959/556
f 957/554 959/556 960/1
f 961/557 957/554 960/1
f 961/557 960/1 962/558
usemtl tex_197
f 963/108 964/108 965/1
f 966/108 967/1 968/1
f 968/1 967/1 969/110
f 968/1 969/110 970/110
f 971/108 966/108 972/109
f 971/108 972/109 973/109
f 973/109 972/109 970/110
f 973/109 970/110 969/110
usemtl tex_949
f 974/559 975/560 976/561
f 977/562 974/559 976/561
f 976/561 975/560 978/563
f 979/439 980/438 975/560
f 974/559 979/439 975/560
f 975/560 980/438 981/441
f 975/560 981/441 978/563
usemtl tex_286
f 982/564 983/565 984/566
f 982/564 984/566 985/567
f 986/568 987/569 988/570
f 986/568 988/570 989/571
f 990/572 991/573 992/574
f 990/572 992/574 993/575
f 994/108 995/576 996/577
f 994/108 996/577 997/578
f 998/579 999/580 1000/581
f 998/579 1000/581 1001/1
f 1002/582 1003/583 1000/581
f 1002/582 1000/581 999/580
f 1004/584 1003/583 1002/582
f 1005/585 1006/577 1007/576
f 1005/585 1007/576 1008/586
f 1009/585 1010/577 1011/576
f 1009/585 1011/576 1012/586
f 1013/587 1014/576 1015/586
f 1013/587 1015/586 1016/588
f 1017/589 1018/590 1019/591
f 1017/589 1019/591 1020/592
f 1021/593 1022/594 1023/589
f 1021/593 1023/589 1024/592
f 1025/595 1026/596 1027/1
f 1025/595 1027/1 1028/597
f 1029/598 1030/599 1031/595
f 1029/598 1031/595 1032/597
f 1033/600 1034/601 1035/602
f 1033/600 1035/602 1036/1
usemtl tex_1159_sec
f 1037/603 1038/604 1039/605
f 1037/603 1039/605 1040/606
f 1037/603 1040/606 1041/607
f 1042/604 1043/608 1044/605
f 1045/608 1046/609 1047/1
f 1045/608 1047/1 1040/606
f 1048/610 1049/109 1050/611
f 1048/610 1050/611 1051/612
f 1052/613 1053/614 1054/615
f 1052/613 1054/615 1055/616
usemtl tex_439_sec_w01
f 1056/617 1057/618 1058/1
f 1056/617 1058/1 1059/619
f 1060/620 1056/617 1059/619
f 1060/620 1059/619 1061/621
o room_7
usemtl tex_676
f 1062/622 1063/623 1064/624
f 1062/622 1064/624 1065/625
f 1066/626 1067/627 1068/628
f 1066/626 1068/628 1069/629
f 1070/630 1069/629 1068/628
f 1062/622 1065/625 1071/631
usemtl tex_1473_w01
f 1072/632 1073/633 1074/634
f 1072/632 1074/634 1075/635
f 1073/633 1072/632 1076/636
f 1073/633 1076/636 1077/637
f 1078/638 1079/639 1080/640
f 1078/638 1080/640 1081/641
f 1082/642 1083/643 1084/644
f 1084/644 1085/645 1086/108
f 1084/644 1086/108 1082/642
usemtl tex_692
f 1087/646 1088/647 1089/648
f 1087/646 1089/648 1090/649
f 1091/650 1092/651 1093/646
f 1094/650 1095/646 1096/652
f 1097/651 1098/653 1099/646
f 1098/653 1100/647 1099/646
f 1101/654 1102/655 1103/656
f 1101/654 1103/656 1104/657
f 1105/655 1106/658 1098/653
f 1105/655 1098/653 1107/656
f 1108/659 1109/660 1110/661
f 1108/659 1110/661 1111/662
f 1109/660 1112/663 1110/661
f 1113/663 1114/664 1115/665
f 1113/663 1115/665 1116/661
f 1112/663 1117/666 1118/664
f 1119/667 1120/668 1121/669
f 1119/667 1121/669 1108/659
f 1119/667 1108/659 1111/662
f 1122/648 1123/647 1124/670
f 1122/648 1124/670 1125/671
f 1126/672 1127/673 1128/674
f 1126/672 1128/674 1129/675
f 1130/676 1131/677 1132/678
f 1130/676 1132/678 1133/679
f 1131/677 1134/680 1132/678
f 1135/658 1136/655 1137/681
f 1138/655 1139/654 1140/682
f 1138/655 1140/682 1141/683
f 1138/655 1141/683 1142/684
f 1138/655 1142/684 1143/681
f 1144/682 1145/685 1146/668
f 1144/682 1146/668 1147/667
f 1144/682 1147/667 1148/683
f 1149/656 1150/653 1151/651
f 1152/651 1153/650 1154/657
f 1152/651 1154/657 1155/656
f 1153/650 1156/686 1157/687
f 1153/650 1157/687 1154/657
f 1158/686 1159/688 1160/108
f 1158/686 1160/108 1161/687
f 1162/684 1163/665 1164/664
f 1162/684 1164/664 1165/681
f 1166/664 1167/666 1168/658
f 1166/664 1168/658 1169/681
f 1170/689 1171/690 1172/649
f 1170/689 1172/649 1173/648
f 1174/690 1175/652 1176/646
f 1174/690 1176/646 1177/649
f 1178/691 1179/692 1180/693
f 1178/691 1180/693 1181/1
f 1182/694 1183/695 1184/696
f 1182/694 1184/696 1185/697
f 1186/698 1187/699 1188/700
f 1186/698 1188/700 1189/701
usemtl tex_789_w01
f 1190/702 1191/1 1192/108
f 1190/702 1192/108 1193/703
f 1194/702 1195/1 1196/108
f 1194/702 1196/108 1197/703
f 1198/702 1199/1 1200/108
f 1198/702 1200/108 1201/703
f 1202/702 1203/1 1204/108
f 1202/702 1204/108 1205/703
usemtl tex_790_w01
f 1206/702 1207/1 1208/108
f 1206/702 1208/108 1209/703
f 1210/702 1211/1 1212/108
f 1210/702 1212/108 1213/703
f 1214/702 1215/1 1216/108
f 1214/702 1216/108 1217/703
f 1218/702 1219/1 1220/108
f 1218/702 1220/108 1221/703
usemtl tex_791_w01
f 1222/702 1223/1 1224/108
f 1222/702 1224/108 1225/703
f 1226/702 1227/1 1228/108
f 1226/702 1228/108 1229/703
f 1230/702 1231/1 1232/108
f 1230/702 1232/108 1233/703
f 1234/702 1235/1 1236/108
f 1234/702 1236/108 1237/703
usemtl tex_792_w01
f 1238/702 1239/1 1240/108
f 1238/702 1240/108 1241/703
f 1242/702 1243/1 1244/108
f 1242/702 1244/108 1245/703
f 1246/702 1247/1 1248/108
f 1246/702 1248/108 1249/703
f 1250/702 1251/1 1252/108
f 1250/702 1252/108 1253/703
usemtl tex_1152
f 1254/704 1255/705 1256/1
f 1254/704 1256/1 1257/706
f 1258/707 1259/708 1260/709
f 1258/707 1260/709 1261/710
f 1262/1 1263/711 1264/712
f 1262/1 1264/712 1265/713
f 1266/714 1267/715 1268/716
f 1266/714 1268/716 1269/717
f 1270/718 1271/719 1272/720
f 1270/718 1272/720 1273/721
f 1274/722 1275/723 1276/724
f 1274/722 1276/724 1277/725
f 1278/726 1279/710 1280/709
f 1278/726 1280/709 1281/727
f 1278/726 1281/727 1282/728
f 1283/729 1284/730 1285/731
f 1283/729 1285/731 1286/732
f 1287/733 1288/734 1289/735
f 1287/733 1289/735 1290/736
f 1291/737 1292/738 1293/739
f 1294/737 1295/739 1296/740
f 1297/741 1298/742 1299/743
f 1297/741 1299/743 1300/744
usemtl tex_1494_w11
f 1301/745 1302/746 1303/747
f 1304/745 1305/746 1306/747
usemtl tex_1159_sec
f 1307/748 1308/749 1309/750
f 1307/748 1309/750 1310/751
f 1311/752 1312/753 1313/754
f 1312/753 1308/749 1307/748
f 1312/753 1307/748 1313/754
f 1311/752 1313/754 1314/755
f 1311/752 1314/755 1315/756
f 1314/755 1310/751 1309/750
f 1314/755 1309/750 1315/756
f 1316/757 1315/756 1309/750
f 1316/757 1309/750 1317/758
f 1318/759 1311/752 1315/756
f 1319/760 1320/761 1321/762
f 1319/760 1321/762 1316/757
f 1319/760 1316/757 1317/758
f 1322/763 1323/764 1324/765
f 1323/764 1325/760 1326/758
f 1323/764 1326/758 1324/765
f 1327/766 1328/767 1322/763
f 1327/766 1322/763 1324/765
f 1327/766 1324/765 1329/1
f 1327/766 1329/1 1330/768
f 1329/1 1331/769 1332/770
f 1329/1 1332/770 1330/768
f 1333/110 1334/1 1335/108
f 1333/110 1335/108 1336/109
f 1337/108 1338/1 1339/110
f 1337/108 1339/110 1340/109
f 1341/771 1342/772 1343/773
f 1341/771 1343/773 1344/774
usemtl tex_1266_sec
f 1345/775 1346/776 1347/777
f 1345/775 1347/777 1348/778
f 1349/779 1350/780 1351/781
f 1352/780 1353/782 1354/783
f 1352/780 1354/783 1355/781
usemtl tex_1157_sec
f 1356/784 1357/785 1358/786
f 1356/784 1358/786 1359/787
f 1360/788 1361/789 1362/790
f 1360/788 1362/790 1363/791
f 1364/792 1365/793 1366/794
f 1364/792 1366/794 1367/795
f 1368/796 1369/797 1370/793
f 1368/796 1370/793 1371/792
f 1372/798 1373/799 1374/800
f 1372/798 1374/800 1375/801
o room_8
usemtl tex_None
f 1376/1 1377/1 1378/1
f 1376/1 1378/1 1379/1
f 1380/1 1381/1 1382/1
f 1380/1 1382/1 1383/1
f 1379/1 1378/1 1380/1
f 1379/1 1380/1 1383/1
f 1384/1 1385/1 1386/1
f 1384/1 1386/1 1387/1
f 1388/1 1389/1 1390/1
f 1388/1 1390/1 1391/1
f 1387/1 1386/1 1388/1
f 1387/1 1388/1 1391/1
usemtl tex_22
f 1392/802 1393/803 1394/804
f 1392/802 1394/804 1395/805
f 1396/806 1397/807 1398/808
f 1396/806 1398/808 1399/809
f 1400/810 1401/811 1402/812
f 1400/810 1402/812 1403/813
f 1404/814 1405/815 1406/816
f 1404/814 1406/816 1407/817
f 1408/818 1409/819 1410/820
f 1408/818 1410/820 1411/821
usemtl tex_291
f 1412/822 1413/108 1414/1
f 1412/822 1414/1 1415/823
f 1416/822 1417/108 1418/1
f 1416/822 1418/1 1419/823
usemtl tex_1267
f 1420/824 1421/825 1422/826
f 1420/824 1422/826 1423/827
f 1424/828 1425/825 1426/824
f 1427/829 1424/828 1426/824
f 1428/830 1424/828 1427/829
f 1428/830 1427/829 1429/831
f 1430/832 1431/833 1428/830
f 1430/832 1428/830 1429/831
f 1432/834 1433/835 1434/836
f 1432/834 1434/836 1435/837
f 1436/838 1437/839 1433/835
f 1436/838 1433/835 1432/834
f 1438/840 1439/841 1437/839
f 1438/840 1437/839 1436/838
f 1440/842 1441/841 1442/840
f 1440/842 1442/840 1443/843
usemtl tex_949
f 1444/844 1445/845 1446/846
f 1447/847 1446/846 1448/848
f 1447/847 1444/844 1446/846
f 1449/849 1450/850 1451/851
f 1452/852 1449/849 1451/851
f 1452/852 1451/851 1453/853
f 1454/854 1452/852 1453/853
f 1454/854 1453/853 1455/855
f 1456/856 1457/854 1458/855
f 1456/856 1458/855 1459/857
f 1460/852 1461/858 1462/849
f 1463/859 1461/858 1460/852
f 1463/859 1460/852 1457/854
f 1463/859 1457/854 1464/860
f 1465/861 1463/859 1464/860
f 1464/860 1457/854 1456/856
f 1464/860 1456/856 1466/862
f 1465/861 1464/860 1466/862
f 1467/863 1465/861 1466/862
f 1467/863 1466/862 1456/856
f 1467/863 1456/856 1468/864
f 1469/865 1467/863 1468/864
f 1469/865 1468/864 1470/866
f 1471/848 1472/846 1473/867
f 1474/868 1475/869 1476/870
f 1475/869 1477/871 1476/870
f 1475/869 1478/872 1477/871
f 1479/873 1480/874 1481/875
f 1482/876 1479/873 1481/875
f 1482/876 1481/875 1478/872
f 1478/872 1481/875 1477/871
f 1483/877 1482/876 1478/872
f 1484/878 1485/879 1486/880
f 1487/881 1488/878 1489/880
f 1487/881 1489/880 1490/882
f 1491/883 1487/881 1490/882
f 1491/883 1490/882 1492/874
f 1493/873 1491/883 1492/874
f 1488/878 1494/884 1495/885
f 1496/886 1488/878 1495/885
f 1496/886 1495/885 1497/887
f 1498/888 1496/886 1497/887
f 1498/888 1497/887 1499/848
f 1500/889 1498/888 1499/848
f 1500/889 1499/848 1501/867
f 1488/878 1496/886 1502/879
f 1503/886 1504/890 1505/879
f 1506/891 1507/845 1508/892
f 1509/846 1510/845 1506/891
f 1511/846 1506/891 1512/893
f 1513/867 1511/846 1512/893
f 1513/867 1512/893 1514/894
f 1515/889 1513/867 1514/894
f 1516/888 1515/889 1514/894
f 1504/890 1516/888 1514/894
f 1503/886 1516/888 1504/890
f 1517/895 1518/883 1519/873
f 1520/896 1518/883 1517/895
f 1521/881 1518/883 1520/896
f 1521/881 1520/896 1522/884
f 1523/878 1521/881 1522/884
f 1524/897 1525/898 1526/899
f 1527/900 1524/897 1526/899
f 1526/899 1525/898 1528/901
f 1526/899 1528/901 1529/902
f 1530/903 1526/899 1529/902
f 1527/900 1526/899 1530/903
f 1527/900 1530/903 1531/904
f 1531/904 1530/903 1532/905
f 1533/906 1534/904 1535/905
f 1535/905 1536/903 1537/902
f 1535/905 1537/902 1538/907
f 1533/906 1535/905 1539/908
f 1539/908 1535/905 1540/909
f 1540/909 1535/905 1538/907
f 1541/910 1533/906 1539/908
f 1541/910 1539/908 1542/911
f 1543/912 1541/910 1542/911
f 1542/911 1544/913 1543/912
f 1544/913 1542/911 1545/914
f 1540/909 1542/911 1539/908
f 1542/911 1540/909 1546/915
f 1545/914 1542/911 1546/915
f 1547/916 1544/913 1545/914
usemtl tex_307
f 1548/917 1549/918 1550/1
f 1548/917 1550/1 1551/919
usemtl tex_304
f 1552/920 1553/921 1554/922
f 1552/920 1554/922 1555/923
f 1556/924 1557/925 1553/921
f 1556/924 1553/921 1552/920
f 1558/926 1557/925 1556/924
f 1558/926 1556/924 1559/927
f 1560/928 1561/929 1562/930
f 1560/928 1562/930 1563/931
f 1564/931 1565/930 1566/932
f 1564/931 1566/932 1567/933
f 1568/934 1567/933 1566/932
f 1568/934 1566/932 1569/935
f 1570/920 1571/921 1572/922
f 1570/920 1572/922 1573/923
f 1574/924 1575/925 1571/921
f 1574/924 1571/921 1570/920
f 1576/926 1575/925 1574/924
f 1576/926 1574/924 1577/927
f 1578/928 1579/929 1580/930
f 1578/928 1580/930 1581/931
f 1581/931 1580/930 1582/932
f 1581/931 1582/932 1583/933
f 1584/934 1583/933 1582/932
f 1584/934 1582/932 1585/935
usemtl tex_286
f 1586/936 1587/937 1588/1
f 1586/936 1588/1 1589/405
f 1590/938 1591/939 1592/1
f 1590/938 1592/1 1593/940
f 1594/941 1595/942 1596/943
f 1594/941 1596/943 1597/1
f 1598/944 1599/945 1600/946
f 1598/944 1600/946 1601/947
f 1601/947 1600/946 1602/948
f 1601/947 1602/948 1603/949
f 1604/950 1605/951 1606/952
f 1604/950 1606/952 1607/953
f 1608/954 1609/955 1610/956
f 1608/954 1610/956 1611/957
f 1611/957 1610/956 1612/958
f 1611/957 1612/958 1613/959
f 1614/960 1615/961 1616/962
f 1614/960 1616/962 1617/963
f 1618/964 1619/965 1620/966
f 1618/964 1620/966 1621/967
f 1622/968 1623/969 1624/970
f 1622/968 1624/970 1625/1
f 1626/941 1627/942 1628/943
f 1626/941 1628/943 1629/1
f 1630/944 1631/945 1632/946
f 1630/944 1632/946 1633/947
f 1633/947 1632/946 1634/948
f 1633/947 1634/948 1635/949
f 1636/971 1637/972 1638/1
f 1636/971 1638/1 1639/973
f 1640/950 1641/951 1642/952
f 1640/950 1642/952 1643/953
f 1644/954 1645/955 1646/956
f 1644/954 1646/956 1647/957
f 1647/957 1646/956 1648/958
f 1647/957 1648/958 1649/959
f 1650/960 1651/961 1652/962
f 1650/960 1652/962 1653/963
f 1654/964 1655/965 1656/966
f 1654/964 1656/966 1657/967
f 1658/238 1659/974 1660/975
f 1658/238 1660/975 1661/976
f 1660/975 1662/977 1661/976
f 1662/977 1663/978 1661/976
f 1664/979 1665/108 1666/980
f 1664/979 1666/980 1667/981
usemtl tex_None_sec
f 1668/1 1669/1 1670/1
f 1668/1 1670/1 1671/1
f 1672/1 1673/1 1674/1
f 1672/1 1674/1 1675/1
f 1676/1 1677/1 1678/1
f 1676/1 1678/1 1679/1
usemtl tex_494_sec_w11
f 1680/108 1681/1 1682/110
f 1680/108 1682/110 1683/109
f 1684/108 1685/1 1686/110
f 1684/108 1686/110 1687/109
usemtl tex_1157_sec
f 1688/982 1689/108 1690/983
f 1691/984 1692/985 1693/108
f 1694/986 1695/987 1696/108
f 1694/986 1696/108 1697/988
f 1698/987 1699/989 1700/990
f 1698/987 1700/990 1701/108
f 1702/991 1703/987 1704/108
f 1702/991 1704/108 1705/992
f 1706/993 1707/994 1708/995
f 1706/993 1708/995 1709/108
f 1710/996 1711/987 1712/108
f 1710/996 1712/108 1713/997
f 1714/993 1715/998 1716/999
f 1714/993 1716/999 1717/108
o room_9
usemtl tex_22
f 1718/1000 1719/1001 1720/1002
f 1718/1000 1720/1002 1721/1003
f 1722/1004 1723/1005 1724/1006
f 1722/1004 1724/1006 1725/1007
f 1726/1008 1727/1009 1728/1010
f 1726/1008 1728/1010 1729/1011
f 1730/1012 1731/1013 1732/1014
f 1730/1012 1732/1014 1733/1015
usemtl tex_1267
f 1734/1016 1735/1017 1736/1018
f 1737/1019 1738/833 1739/832
f 1740/1020 1737/1019 1739/832
f 1741/1021 1742/1022 1737/1019
f 1741/1021 1737/1019 1740/1020
f 1743/1023 1744/1024 1742/1022
f 1743/1023 1742/1022 1741/1021
f 1745/1025 1746/1026 1747/1023
f 1748/1026 1744/1024 1743/1023
f 1749/1027 1750/1028 1751/1029
f 1749/1027 1751/1029 1752/1030
f 1753/1031 1754/1032 1755/1033
f 1756/1034 1757/1035 1758/1036
f 1756/1034 1758/1036 1759/1037
f 1759/1037 1758/1036 1760/1038
f 1759/1037 1760/1038 1761/1039
f 1753/1031 1762/1040 1761/1039
f 1753/1031 1761/1039 1763/1041
f 1764/837 1765/836 1766/1040
f 1764/837 1766/1040 1767/1031
f 1768/1041 1769/1042 1770/1032
f 1771/1039 1772/1038 1768/1041
f 1773/1035 1774/1043 1775/1036
f 1767/1031 1768/1041 1770/1032
f 1776/1044 1777/1045 1778/1046
f 1776/1044 1778/1046 1779/1042
f 1780/1046 1781/1032 1782/1042
f 1783/1036 1784/1045 1785/1038
f 1786/1045 1787/1044 1788/1038
usemtl tex_1264
f 1789/1047 1790/1048 1791/1049
f 1789/1047 1791/1049 1792/1050
f 1793/1051 1794/1052 1795/1053
f 1796/1051 1797/1053 1798/1054
f 1796/1051 1798/1054 1799/1055
f 1799/1055 1798/1054 1800/1056
f 1799/1055 1800/1056 1801/1057
usemtl tex_949
f 1802/1058 1803/1059 1804/1060
f 1802/1058 1804/1060 1805/1061
f 1804/1060 1803/1059 1806/1062
f 1807/1063 1804/1060 1806/1062
f 1808/1064 1803/1059 1802/1058
f 1808/1064 1802/1058 1809/1065
f 1810/1066 1808/1064 1809/1065
f 1810/1066 1809/1065 1811/850
f 1812/849 1813/1066 1814/850
f 1815/1067 1816/1068 1817/1062
f 1815/1067 1817/1062 1818/1059
f 1819/1069 1815/1067 1818/1059
f 1819/1069 1818/1059 1820/1064
f 1813/1066 1819/1069 1820/1064
f 1821/858 1819/1069 1813/1066
f 1821/858 1813/1066 1812/849
f 1822/1070 1823/1071 1824/1072
f 1824/1072 1823/1071 1825/1073
f 1826/1074 1827/1075 1822/1070
f 1826/1074 1822/1070 1824/1072
f 1828/1072 1829/1073 1830/901
f 1831/898 1828/1072 1830/901
f 1832/1074 1828/1072 1831/898
f 1832/1074 1831/898 1833/897
f 1834/1076 1835/1077 1836/1078
f 1837/1079 1834/1076 1836/1078
f 1837/1079 1836/1078 1838/1080
f 1839/1081 1837/1079 1838/1080
f 1839/1081 1838/1080 1840/1071
f 1841/1070 1839/1081 1840/1071
f 1842/1082 1836/1078 1835/1077
f 1842/1082 1843/1083 1836/1078
f 1843/1083 1838/1080 1836/1078
f 1844/1084 1845/1080 1846/1083
f 1847/1071 1845/1080 1844/1084
f 1847/1071 1844/1084 1848/1073
usemtl tex_286
f 1849/1085 1850/1086 1851/1087
f 1849/1085 1851/1087 1852/1088
f 1853/1089 1854/1090 1855/1091
f 1853/1089 1855/1091 1856/1092
f 1857/1 1858/1093 1859/1094
f 1860/1 1861/1094 1862/1095
f 1863/1 1864/1096 1865/1097
f 1863/1 1865/1097 1866/1098
f 1867/1093 1868/1094 1869/1095
f 1867/1093 1869/1095 1870/1
f 1871/1099 1872/1100 1873/1101
f 1871/1099 1873/1101 1874/1
f 1875/1102 1876/1103 1877/1104
f 1875/1102 1877/1104 1878/1105
f 1879/1104 1880/1106 1881/1107
f 1879/1104 1881/1107 1882/1105
f 1883/1108 1884/1109 1885/1110
f 1883/1108 1885/1110 1886/1111
f 1887/1112 1888/1113 1889/1114
f 1887/1112 1889/1114 1890/1115
usemtl tex_None_sec
f 1891/1 1892/1 1893/1
f 1891/1 1893/1 1894/1
f 1895/1 1896/1 1897/1
f 1895/1 1897/1 1898/1
f 1899/1 1900/1 1901/1
f 1899/1 1901/1 1902/1
f 1903/1 1904/1 1905/1
f 1903/1 1905/1 1906/1
usemtl tex_1157_sec
f 1907/1116 1908/987 1909/108
f 1907/1116 1909/108 1910/1117
f 1911/1118 1912/1119 1913/1120
f 1911/1118 1913/1120 1914/108
f 1915/1121 1916/987 1917/108
f 1915/1121 1917/108 1918/1122
f 1919/987 1920/996 1921/997
f 1919/987 1921/997 1922/108
f 1923/1121 1924/987 1925/108
f 1923/1121 1925/108 1926/1122
f 1927/1123 1928/1124 1929/1125
f 1927/1123 1929/1125 1930/1126
f 1931/998 1932/987 1933/108
f 1931/998 1933/108 1934/1127
f 1935/993 1936/1128 1937/1129
f 1935/993 1937/1129 1938/1130
o room_10
usemtl tex_None
f 1939/1 1940/1 1941/1
f 1939/1 1941/1 1942/1
f 1941/1 1943/1 1944/1
f 1941/1 1944/1 1942/1
f 1945/1 1946/1 1940/1
f 1945/1 1940/1 1939/1
usemtl tex_22
f 1947/1131 1948/1132 1949/1133
f 1947/1131 1949/1133 1950/1134
f 1951/1135 1952/1136 1948/1132
f 1951/1135 1948/1132 1947/1131
f 1953/1137 1954/1138 1955/1139
f 1953/1137 1955/1139 1956/1140
usemtl tex_688_w11
f 1957/1141 1958/1142 1959/1
f 1957/1141 1959/1 1960/1143
f 1961/1142 1962/1141 1960/1143
f 1961/1142 1960/1143 1959/1
usemtl tex_687_w11
f 1963/1141 1964/1142 1965/1
f 1963/1141 1965/1 1966/1143
f 1967/1142 1968/1141 1966/1143
f 1967/1142 1966/1143 1965/1
usemtl tex_686_w11
f 1969/1141 1970/1142 1971/1
f 1969/1141 1971/1 1972/1143
f 1973/1142 1974/1141 1972/1143
f 1973/1142 1972/1143 1971/1
usemtl tex_685_w11
f 1975/1144 1976/1141 1977/1145
f 1975/1144 1977/1145 1978/1
f 1979/1142 1980/1141 1981/1143
f 1979/1142 1981/1143 1978/1
usemtl tex_1267
f 1982/1146 1983/1147 1984/1148
f 1985/1146 1986/1148 1987/1149
f 1985/1146 1987/1149 1988/1150
f 1985/1146 1988/1150 1989/1151
f 1988/1150 1990/1035 1991/1034
f 1988/1150 1991/1034 1989/1151
f 1992/1152 1993/1026 1994/1025
f 1992/1152 1994/1025 1995/1153
f 1996/1154 1997/1155 1992/1152
f 1996/1154 1992/1152 1998/1156
f 1996/1154 1999/1157 1997/1155
f 1997/1155 1999/1157 2000/1158
f 2001/1155 2002/1158 2003/1159
f 2004/1160 2005/1161 2006/1162
f 2007/1025 2008/1163 2009/1153
f 2010/1152 2011/1164 2012/1156
f 2011/1164 2013/1165 2012/1156
f 2010/1152 2009/1153 2011/1164
f 2008/1163 2011/1164 2009/1153
f 2007/1025 2014/1166 2008/1163
f 2004/1160 2006/1162 2015/1157
f 2004/1160 2015/1157 2016/1167
f 2017/1168 2018/1169 2019/1170
f 2017/1168 2019/1170 2020/1
f 2021/1171 2022/1172 2023/1173
f 2021/1171 2023/1173 2024/1160
usemtl tex_1264
f 2025/1057 2026/1056 2027/1174
f 2025/1057 2027/1174 2028/1175
f 2029/1176 2030/1177 2028/1175
f 2029/1176 2028/1175 2027/1174
f 2031/1178 2032/1179 2033/1048
f 2031/1178 2033/1048 2034/1047
f 2035/1180 2036/1181 2032/1179
f 2035/1180 2032/1179 2031/1178
f 2037/1182 2038/1183 2036/1181
f 2037/1182 2036/1181 2035/1180
f 2039/1184 2040/1185 2038/1183
f 2039/1184 2038/1183 2037/1182
f 2041/1186 2042/1187 2040/1185
f 2041/1186 2040/1185 2039/1184
f 2043/1188 2044/1189 2042/1187
f 2043/1188 2042/1187 2041/1186
f 2045/1190 2046/1191 2044/1189
f 2045/1190 2044/1189 2043/1188
f 2047/1192 2048/1193 2049/1191
f 2047/1192 2049/1191 2050/1190
f 2051/1194 2052/1195 2048/1193
f 2051/1194 2048/1193 2047/1192
usemtl tex_949
f 2053/1196 2054/1197 2055/1198
f 2053/1196 2055/1198 2056/1199
f 2056/1199 2055/1198 2057/1200
f 2058/1201 2056/1199 2057/1200
f 2059/1202 2060/1203 2057/1200
f 2059/1202 2057/1200 2055/1198
f 2061/1063 2062/1062 2063/1204
f 2063/1204 2062/1062 2064/1205
f 2065/1206 2063/1204 2064/1205
f 2065/1206 2064/1205 2066/1207
f 2067/1197 2065/1206 2066/1207
f 2067/1197 2066/1207 2068/1198
f 2066/1207 2069/1202 2068/1198
f 2070/1068 2069/1202 2066/1207
f 2070/1068 2066/1207 2064/1205
f 2062/1062 2070/1068 2064/1205
f 2071/1208 2072/1209 2073/1210
f 2071/1208 2073/1210 2074/1211
f 2075/1212 2071/1208 2074/1211
f 2075/1212 2074/1211 2076/1213
f 2077/1214 2078/1212 2079/1213
f 2077/1214 2079/1213 2080/1215
f 2081/1216 2082/1217 2083/1218
f 2081/1216 2083/1218 2084/1077
f 2085/1210 2086/1219 2087/1220
f 2088/1211 2085/1210 2087/1220
f 2087/1220 2079/1213 2088/1211
f 2089/1221 2079/1213 2087/1220
f 2080/1215 2079/1213 2089/1221
f 2083/1218 2090/1222 2091/1082
f 2084/1077 2083/1218 2091/1082
f 2092/1209 2093/1223 2094/1210
f 2093/1223 2095/1224 2096/1219
f 2094/1210 2093/1223 2096/1219
f 2097/1076 2098/1216 2099/1077
usemtl tex_303
f 2100/1225 2101/1226 2102/1227
f 2100/1225 2102/1227 2103/1
f 2104/1228 2105/1229 2106/1230
f 2104/1228 2106/1230 2107/1
usemtl tex_240
f 2108/1231 2109/1232 2110/1
f 2108/1231 2110/1 2111/1233
f 2108/1231 2111/1233 2112/1234
usemtl tex_304
f 2113/934 2114/933 2115/932
f 2113/934 2115/932 2116/935
f 2117/931 2118/930 2115/932
f 2117/931 2115/932 2114/933
f 2119/928 2120/929 2118/930
f 2119/928 2118/930 2117/931
f 2121/926 2122/925 2123/924
f 2124/926 2125/924 2126/927
f 2125/924 2127/925 2128/921
f 2125/924 2128/921 2129/920
f 2129/920 2128/921 2130/922
f 2129/920 2130/922 2131/923
usemtl tex_286
f 2132/1235 2133/1236 2134/1237
f 2132/1235 2134/1237 2135/1238
f 2136/1239 2137/1240 2138/1241
f 2136/1239 2138/1241 2139/1242
f 2140/964 2141/965 2142/966
f 2140/964 2142/966 2143/967
f 2144/960 2145/961 2146/962
f 2144/960 2146/962 2147/963
f 2148/957 2149/956 2150/958
f 2148/957 2150/958 2151/959
f 2152/954 2153/955 2149/956
f 2152/954 2149/956 2148/957
f 2154/950 2155/951 2156/952
f 2154/950 2156/952 2157/953
f 2158/947 2159/946 2160/948
f 2158/947 2160/948 2161/949
f 2162/944 2163/945 2159/946
f 2162/944 2159/946 2158/947
f 2164/941 2165/942 2166/943
f 2164/941 2166/943 2167/1
f 2168/1243 2169/1244 2170/962
f 2171/1245 2172/963 2173/1246
f 2172/963 2170/962 2169/1244
f 2172/963 2169/1244 2173/1246
f 2174/1247 2175/954 2176/945
f 2177/1248 2174/1247 2176/945
f 2177/1248 2176/945 2178/944
f 2175/954 2174/1247 2179/955
f 2180/1249 2181/1250 2182/1251
f 2183/1252 2184/1253 2185/1254
f 2186/1249 2183/1252 2185/1254
f 2186/1249 2185/1254 2187/1250
f 2184/1253 2183/1252 2188/1255
f 2184/1253 2188/1255 2189/958
f 2190/949 2191/1256 2186/1249
f 2190/949 2186/1249 2192/1251
f 2185/1254 2184/1253 2193/1257
f 2185/1254 2193/1257 2194/1258
f 2192/1251 2187/1250 2195/1259
f 2192/1251 2195/1259 2196/1260
f 2195/1259 2194/1258 2193/1257
f 2195/1259 2193/1257 2196/1260
f 2189/958 2188/1255 2191/1256
f 2189/958 2191/1256 2190/949
f 2197/1261 2198/1260 2199/1257
f 2197/1261 2199/1257 2200/1262
f 2200/1262 2199/1257 2201/108
f 2200/1262 2201/108 2202/1263
f 2203/1264 2202/1263 2201/108
f 2203/1264 2201/108 2204/1265
f 2205/1266 2206/1267 2207/1
f 2205/1266 2207/1 2208/405
f 2209/1268 2210/1269 2211/1270
f 2209/1268 2211/1270 2212/1271
f 2213/1272 2214/1273 2215/1269
f 2213/1272 2215/1269 2216/1268
f 2217/1274 2218/1275 2214/1273
f 2217/1274 2214/1273 2213/1272
f 2217/1274 2219/1271 2220/1270
f 2217/1274 2220/1270 2218/1275
f 2221/1276 2222/1277 2223/1278
f 2221/1276 2223/1278 2224/1279
f 2225/1280 2226/1281 2222/1277
f 2225/1280 2222/1277 2221/1276
f 2227/1282 2228/1283 2226/1281
f 2227/1282 2226/1281 2225/1280
f 2227/1282 2224/1279 2223/1278
f 2227/1282 2223/1278 2228/1283
f 2229/1284 2230/1285 2231/1285
f 2229/1284 2231/1285 2232/1284
f 2231/1285 2230/1285 2233/1286
f 2231/1285 2233/1286 2234/1286
f 2235/1287 2234/1286 2233/1286
f 2235/1287 2233/1286 2236/1287
f 2229/1284 2237/1288 2238/1289
f 2229/1284 2238/1289 2230/1285
f 2230/1285 2238/1289 2239/1290
f 2230/1285 2239/1290 2233/1286
f 2236/1287 2233/1286 2239/1290
f 2236/1287 2239/1290 2240/1291
usemtl tex_None_sec
f 2241/1 2242/1 2243/1
f 2241/1 2243/1 2244/1
f 2245/1 2246/1 2247/1
f 2245/1 2247/1 2248/1
f 2249/1 2250/1 2251/1
f 2249/1 2251/1 2252/1
usemtl tex_1157_sec
f 2253/991 2254/987 2255/108
f 2253/991 2255/108 2256/992
f 2257/1292 2258/1124 2259/1125
f 2257/1292 2259/1125 2260/1293
f 2261/1294 2262/987 2263/108
f 2261/1294 2263/108 2264/1295
f 2265/1296 2266/1297 2267/1298
f 2265/1296 2267/1298 2268/1299
f 2269/1128 2270/987 2271/108
f 2269/1128 2271/108 2272/1300
f 2273/1292 2274/1301 2275/1302
f 2273/1292 2275/1302 2276/1303
usemtl tex_1147_sec
f 2277/36 2278/1304 2279/1305
f 2277/36 2279/1305 2280/1306
f 2281/1307 2282/1308 2283/1309
f 2281/1307 2283/1309 2284/1310
f 2285/1311 2286/1312 2287/1313
f 2285/1311 2287/1313 2288/1314
usemtl tex_1148_sec
f 2289/1315 2290/1316 2291/1317
f 2289/1315 2291/1317 2292/1318
f 2293/1319 2294/1320 2295/1321
f 2293/1319 2295/1321 2296/1122
o room_11
usemtl tex_22
f 2297/1134 2298/1133 2299/1322
f 2297/1134 2299/1322 2300/1323
f 2300/1323 2299/1322 2301/1324
f 2300/1323 2301/1324 2302/1325
f 2302/1325 2301/1324 2303/1326
f 2302/1325 2303/1326 2304/1327
f 2304/1327 2303/1326 2305/1328
f 2304/1327 2305/1328 2306/1329
usemtl tex_229
f 2307/1 2308/1330 2309/1331
f 2307/1 2309/1331 2310/108
f 2311/1332 2312/108 2313/1
f 2311/1332 2313/1 2314/1333
usemtl tex_1267
f 2315/1334 2316/1162 2317/1335
f 2315/1334 2317/1335 2318/1336
f 2318/1336 2319/1337 2320/1338
f 2318/1336 2320/1338 2321/1339
f 2321/1339 2322/1340 2323/1341
f 2321/1339 2323/1341 2324/1342
f 2324/1342 2325/1343 2326/1344
f 2327/1342 2328/1344 2329/1345
f 2327/1342 2330/1341 2331/1343
f 2332/1335 2333/1337 2334/1336
f 2335/1340 2336/1339 2337/1338
f 2338/1346 2339/1347 2340/1348
f 2341/1349 2342/1350 2343/1351
f 2341/1349 2343/1351 2344/1352
f 2345/1353 2344/1352 2343/1351
f 2345/1353 2343/1351 2346/1354
f 2347/1348 2345/1353 2348/1355
f 2347/1348 2348/1355 2349/1346
f 2350/1347 2351/1356 2352/1147
f 2350/1347 2352/1147 2347/1348
f 2352/1147 2351/1356 2353/1148
f 2346/1354 2348/1355 2345/1353
f 2354/1357 2355/1358 2356/1359
f 2357/1357 2358/1359 2359/1360
f 2360/1361 2361/1362 2362/1363
f 2360/1361 2362/1363 2363/1364
f 2364/1365 2365/1366 2366/1340
f 2364/1365 2366/1340 2367/1338
f 2368/1367 2369/1368 2370/1369
f 2368/1367 2370/1369 2371/1370
f 2372/1371 2373/1372 2374/1373
f 2372/1371 2374/1373 2375/1374
f 2376/1375 2377/1376 2378/1347
f 2376/1375 2378/1347 2379/1346
usemtl tex_1264
f 2380/1377 2381/1378 2382/1379
f 2380/1377 2382/1379 2383/1380
f 2383/1380 2382/1379 2384/1381
f 2383/1380 2384/1381 2385/1382
f 2385/1382 2384/1381 2386/1383
f 2385/1382 2386/1383 2387/1384
f 2388/1384 2389/1383 2390/1385
f 2388/1384 2390/1385 2391/1386
f 2391/1386 2390/1385 2392/1387
f 2391/1386 2392/1387 2393/1388
f 2393/1388 2392/1387 2394/1195
f 2393/1388 2394/1195 2395/1194
f 2396/1389 2397/1390 2398/1177
f 2396/1389 2398/1177 2399/1176
f 2397/1390 2396/1389 2400/1391
f 2397/1390 2400/1391 2401/1392
f 2401/1392 2400/1391 2402/1393
f 2401/1392 2402/1393 2403/1394
f 2404/1394 2405/1393 2406/1395
f 2404/1394 2406/1395 2407/1396
usemtl tex_949
f 2408/1397 2409/1398 2410/1399
f 2408/1397 2411/1400 2412/1401
f 2408/1397 2412/1401 2409/1398
f 2413/1201 2414/1200 2415/1402
f 2415/1402 2414/1200 2416/1403
f 2417/1404 2415/1402 2416/1403
f 2418/1405 2419/1406 2420/1407
f 2421/1408 2418/1405 2420/1407
f 2422/1409 2423/1410 2424/1411
f 2422/1409 2424/1411 2425/1412
f 2426/1413 2422/1409 2425/1412
f 2427/1414 2428/1415 2429/1416
f 2424/1411 2430/1417 2425/1412
f 2425/1412 2430/1417 2431/1418
f 2428/1415 2427/1414 2432/1419
f 2433/1420 2434/1418 2435/1421
f 2436/1422 2433/1420 2435/1421
f 2437/1423 2438/1416 2439/1415
f 2440/1424 2433/1420 2436/1422
f 2441/1425 2440/1424 2436/1422
f 2441/1425 2436/1422 2442/1426
f 2443/1427 2441/1425 2442/1426
f 2443/1427 2442/1426 2444/1223
f 2445/1209 2443/1427 2444/1223
f 2436/1422 2435/1421 2446/1428
f 2442/1426 2436/1422 2446/1428
f 2442/1426 2446/1428 2447/1224
f 2444/1223 2442/1426 2447/1224
f 2448/1401 2449/1429 2450/1398
f 2451/1430 2452/1431 2453/1432
f 2454/1433 2451/1430 2453/1432
f 2454/1433 2453/1432 2455/1434
f 2456/1400 2454/1433 2455/1434
f 2456/1400 2455/1434 2448/1401
f 2457/1435 2449/1429 2448/1401
f 2457/1435 2448/1401 2455/1434
f 2458/1436 2457/1435 2455/1434
f 2455/1434 2453/1432 2458/1436
f 2459/1437 2458/1436 2453/1432
f 2459/1437 2453/1432 2452/1431
f 2460/1203 2459/1437 2452/1431
f 2461/1438 2462/1407 2463/1406
f 2464/1200 2465/1203 2466/1403
usemtl tex_226
f 2467/1 2468/73 2469/404
f 2467/1 2469/404 2470/1439
f 2471/1440 2472/1441 2473/1
f 2471/1440 2473/1 2474/73
usemtl tex_1150
f 2475/1442 2476/1443 2477/1444
f 2477/1444 2476/1443 2478/1445
f 2479/1446 2477/1444 2478/1445
f 2480/1447 2481/1444 2482/1446
f 2483/1448 2481/1444 2480/1447
f 2484/1449 2481/1444 2483/1448
f 2485/1450 2481/1444 2484/1449
f 2486/1451 2481/1444 2485/1450
f 2487/1452 2481/1444 2486/1451
f 2488/1453 2481/1444 2487/1452
f 2489/1454 2481/1444 2488/1453
f 2490/1455 2481/1444 2489/1454
f 2491/1456 2481/1444 2490/1455
f 2492/1457 2481/1444 2491/1456
f 2493/1458 2481/1444 2492/1457
f 2494/1459 2481/1444 2493/1458
f 2495/1460 2481/1444 2494/1459
f 2496/1461 2497/1444 2498/1460
f 2499/1462 2497/1444 2496/1461
f 2500/1442 2497/1444 2499/1462
f 2501/1463 2502/1464 2503/1465
f 2501/1463 2503/1465 2504/1466
f 2504/1466 2503/1465 2505/1467
f 2504/1466 2505/1467 2506/1468
f 2506/1468 2505/1467 2507/1467
f 2506/1468 2507/1467 2508/1468
f 2508/1468 2507/1467 2509/1465
f 2508/1468 2509/1465 2510/1466
f 2510/1466 2509/1465 2511/1464
f 2512/1466 2513/1464 2514/1463
f 2514/1463 2513/1464 2515/1469
f 2514/1463 2515/1469 2516/1470
f 2516/1470 2515/1469 2517/1471
f 2516/1470 2517/1471 2518/1472
f 2518/1472 2517/1471 2519/1473
f 2518/1472 2519/1473 2520/1474
f 2520/1474 2519/1473 2521/1475
f 2520/1474 2521/1475 2522/1476
f 2522/1476 2521/1475 2523/1477
f 2522/1476 2523/1477 2524/1478
f 2524/1478 2523/1477 2525/1479
f 2524/1478 2525/1479 2526/1480
f 2526/1480 2525/1479 2527/1481
f 2528/1480 2529/1481 2530/1482
f 2530/1482 2529/1481 2531/1481
f 2530/1482 2531/1481 2532/1482
f 2532/1482 2531/1481 2533/1479
f 2532/1482 2533/1479 2534/1480
f 2534/1480 2533/1479 2535/1477
f 2534/1480 2535/1477 2536/1478
f 2537/1483 2538/1484 2539/1485
f 2540/1486 2538/1484 2537/1483
f 2540/1486 2537/1483 2541/1487
f 2541/1487 2537/1483 2542/1488
f 2542/1488 2537/1483 2543/1489
f 2544/1489 2545/1483 2546/1490
f 2546/1490 2545/1483 2547/1491
f 2547/1491 2545/1483 2548/1492
f 2548/1492 2545/1483 2549/1493
f 2549/1493 2545/1483 2550/1494
f 2550/1494 2545/1483 2551/1495
f 2551/1495 2545/1483 2552/1496
f 2552/1496 2545/1483 2553/1497
f 2553/1497 2545/1483 2554/1498
f 2554/1498 2545/1483 2555/1499
f 2555/1499 2545/1483 2556/1500
f 2556/1500 2545/1483 2557/1501
f 2557/1501 2545/1483 2558/1502
f 2558/1502 2545/1483 2559/1503
f 2560/1503 2561/1483 2562/1485
f 2563/1504 2564/1505 2565/1506
f 2566/1507 2564/1505 2563/1504
f 2566/1507 2563/1504 2567/1508
f 2567/1508 2563/1504 2568/1509
f 2568/1509 2563/1504 2569/1510
f 2569/1510 2563/1504 2570/1511
f 2570/1511 2563/1504 2571/1512
f 2571/1512 2563/1504 2572/1513
f 2572/1513 2563/1504 2573/1514
f 2573/1514 2563/1504 2574/1515
f 2574/1515 2563/1504 2575/1516
f 2576/1516 2577/1504 2578/1517
f 2578/1517 2577/1504 2579/1518
f 2579/1518 2577/1504 2580/1519
f 2580/1519 2577/1504 2581/1520
f 2581/1520 2577/1504 2582/1521
f 2582/1521 2577/1504 2583/1522
f 2583/1522 2577/1504 2584/1523
f 2584/1523 2577/1504 2585/1524
f 2585/1524 2577/1504 2586/1506
f 2587/1525 2588/1526 2589/1527
f 2587/1525 2589/1527 2590/1528
f 2591/1529 2592/1530 2593/1526
f 2591/1529 2593/1526 2594/1525
f 2595/1529 2596/1530 2592/1530
f 2595/1529 2592/1530 2591/1529
f 2597/1525 2598/1526 2596/1530
f 2597/1525 2596/1530 2595/1529
f 2599/1528 2600/1527 2598/1526
f 2599/1528 2598/1526 2597/1525
f 2601/1531 2602/1532 2600/1527
f 2601/1531 2600/1527 2599/1528
f 2603/1533 2604/1534 2602/1532
f 2603/1533 2602/1532 2601/1531
f 2605/1535 2606/1536 2604/1534
f 2605/1535 2604/1534 2603/1533
f 2607/1537 2608/1538 2609/1536
f 2607/1537 2609/1536 2610/1535
f 2611/1539 2612/1540 2608/1538
f 2611/1539 2608/1538 2607/1537
f 2613/1541 2614/1542 2612/1540
f 2613/1541 2612/1540 2611/1539
f 2615/1543 2616/1544 2614/1542
f 2615/1543 2614/1542 2613/1541
f 2617/1543 2618/1544 2616/1544
f 2617/1543 2616/1544 2615/1543
f 2619/1541 2620/1542 2618/1544
f 2619/1541 2618/1544 2617/1543
f 2621/1539 2622/1540 2620/1542
f 2621/1539 2620/1542 2619/1541
f 2623/1545 2624/1546 2625/1547
f 2625/1547 2624/1546 2626/1548
f 2627/1549 2625/1547 2626/1548
f 2628/1550 2625/1547 2627/1549
f 2629/1551 2625/1547 2628/1550
f 2630/1552 2625/1547 2629/1551
f 2631/1553 2625/1547 2630/1552
f 2632/1554 2625/1547 2631/1553
f 2633/1555 2625/1547 2632/1554
f 2634/1556 2625/1547 2633/1555
f 2635/1557 2625/1547 2634/1556
f 2636/1558 2625/1547 2635/1557
f 2637/1559 2625/1547 2636/1558
f 2638/1560 2625/1547 2637/1559
f 2639/1561 2640/1547 2641/1560
f 2642/1562 2640/1547 2639/1561
f 2643/1563 2640/1547 2642/1562
f 2644/1564 2640/1547 2643/1563
f 2645/1565 2640/1547 2644/1564
f 2646/1545 2640/1547 2645/1565
f 2647/1566 2648/1567 2649/1568
f 2650/1569 2648/1567 2647/1566
f 2650/1569 2647/1566 2651/1570
f 2651/1570 2647/1566 2652/1571
f 2652/1571 2647/1566 2653/1572
f 2653/1572 2647/1566 2654/1573
f 2655/1573 2656/1566 2657/1574
f 2657/1574 2656/1566 2658/1575
f 2658/1575 2656/1566 2659/1576
f 2659/1576 2656/1566 2660/1577
f 2660/1577 2656/1566 2661/1578
f 2661/1578 2656/1566 2662/1579
f 2662/1579 2656/1566 2663/1580
f 2663/1580 2656/1566 2664/1581
f 2664/1581 2656/1566 2665/1582
f 2665/1582 2656/1566 2666/1583
f 2666/1583 2656/1566 2667/1584
f 2667/1584 2656/1566 2668/1585
f 2668/1585 2656/1566 2669/1586
f 2669/1586 2656/1566 2670/1568
f 2671/1587 2672/1588 2673/1589
f 2671/1587 2673/1589 2674/1590
f 2675/1591 2676/1592 2672/1588
f 2675/1591 2672/1588 2671/1587
f 2677/1591 2678/1592 2676/1592
f 2677/1591 2676/1592 2675/1591
f 2679/1587 2680/1588 2678/1592
f 2679/1587 2678/1592 2677/1591
f 2681/1590 2682/1589 2680/1588
f 2681/1590 2680/1588 2679/1587
f 2683/1593 2684/1594 2682/1589
f 2683/1593 2682/1589 2681/1590
f 2685/1595 2686/1596 2684/1594
f 2685/1595 2684/1594 2683/1593
f 2687/1597 2688/1598 2689/1596
f 2687/1597 2689/1596 2690/1595
f 2691/1599 2692/1600 2688/1598
f 2691/1599 2688/1598 2687/1597
f 2693/1601 2694/1602 2692/1600
f 2693/1601 2692/1600 2691/1599
f 2695/1603 2696/1604 2694/1602
f 2695/1603 2694/1602 2693/1601
f 2697/1605 2698/1606 2696/1604
f 2697/1605 2696/1604 2695/1603
f 2699/1605 2700/1606 2698/1606
f 2699/1605 2698/1606 2697/1605
f 2701/1603 2702/1604 2700/1606
f 2701/1603 2700/1606 2699/1605
f 2703/1601 2704/1602 2705/1604
f 2703/1601 2705/1604 2706/1603
f 2707/1607 2708/1608 2709/1609
f 2709/1609 2708/1608 2710/1610
f 2711/1611 2709/1609 2710/1610
f 2712/1612 2709/1609 2711/1611
f 2713/1613 2709/1609 2712/1612
f 2714/1614 2709/1609 2713/1613
f 2715/1615 2709/1609 2714/1614
f 2716/1616 2709/1609 2715/1615
f 2717/1617 2709/1609 2716/1616
f 2718/1618 2709/1609 2717/1617
f 2719/1619 2720/1609 2721/1618
f 2722/1620 2720/1609 2719/1619
f 2723/1621 2720/1609 2722/1620
f 2724/1622 2720/1609 2723/1621
f 2725/1623 2720/1609 2724/1622
f 2726/1624 2720/1609 2725/1623
f 2727/1625 2720/1609 2726/1624
f 2728/1626 2720/1609 2727/1625
f 2729/1627 2720/1609 2728/1626
f 2730/1607 2720/1609 2729/1627
f 2731/1628 2732/1629 2733/1566
f 2733/1566 2732/1629 2734/1630
f 2735/1631 2736/1566 2737/1630
f 2738/1632 2736/1566 2735/1631
f 2739/1633 2736/1566 2738/1632
f 2740/1634 2736/1566 2739/1633
f 2741/1635 2736/1566 2740/1634
f 2742/1636 2736/1566 2741/1635
f 2743/1637 2736/1566 2742/1636
f 2744/1638 2736/1566 2743/1637
f 2745/1639 2736/1566 2744/1638
f 2746/1640 2736/1566 2745/1639
f 2747/1641 2736/1566 2746/1640
f 2748/1642 2736/1566 2747/1641
f 2749/1643 2736/1566 2748/1642
f 2750/1644 2736/1566 2749/1643
f 2751/1645 2752/1566 2753/1644
f 2754/1646 2752/1566 2751/1645
f 2755/1647 2752/1566 2754/1646
f 2756/1628 2752/1566 2755/1647
f 2757/1648 2758/1649 2759/1650
f 2757/1648 2759/1650 2760/1651
f 2760/1651 2759/1650 2761/1652
f 2760/1651 2761/1652 2762/1653
f 2762/1653 2761/1652 2763/1652
f 2762/1653 2763/1652 2764/1653
f 2764/1653 2763/1652 2765/1650
f 2764/1653 2765/1650 2766/1651
f 2767/1651 2768/1650 2769/1649
f 2767/1651 2769/1649 2770/1648
f 2770/1648 2769/1649 2771/1654
f 2770/1648 2771/1654 2772/1655
f 2772/1655 2771/1654 2773/1656
f 2772/1655 2773/1656 2774/1657
f 2774/1657 2773/1656 2775/1658
f 2774/1657 2775/1658 2776/1659
f 2776/1659 2775/1658 2777/1660
f 2776/1659 2777/1660 2778/1661
f 2778/1661 2777/1660 2779/1662
f 2778/1661 2779/1662 2780/1663
f 2780/1663 2779/1662 2781/1664
f 2780/1663 2781/1664 2782/1665
f 2783/1665 2784/1664 2785/1666
f 2783/1665 2785/1666 2786/1667
f 2786/1667 2785/1666 2787/1666
f 2786/1667 2787/1666 2788/1667
f 2788/1667 2787/1666 2789/1664
f 2788/1667 2789/1664 2790/1665
f 2790/1665 2789/1664 2791/1662
f 2790/1665 2791/1662 2792/1663
f 2793/1566 2794/1567 2795/1568
f 2796/1569 2794/1567 2793/1566
f 2796/1569 2793/1566 2797/1570
f 2797/1570 2793/1566 2798/1571
f 2799/1571 2800/1566 2801/1572
f 2801/1572 2800/1566 2802/1573
f 2802/1573 2800/1566 2803/1574
f 2803/1574 2800/1566 2804/1575
f 2804/1575 2800/1566 2805/1576
f 2805/1576 2800/1566 2806/1577
f 2806/1577 2800/1566 2807/1578
f 2807/1578 2800/1566 2808/1579
f 2808/1579 2800/1566 2809/1580
f 2809/1580 2800/1566 2810/1581
f 2810/1581 2800/1566 2811/1582
f 2811/1582 2800/1566 2812/1583
f 2812/1583 2800/1566 2813/1584
f 2813/1584 2800/1566 2814/1585
f 2815/1585 2816/1566 2817/1586
f 2817/1586 2816/1566 2818/1568
usemtl tex_304
f 2819/1668 2820/1669 2821/1670
f 2819/1668 2821/1670 2822/1671
f 2823/1672 2824/1673 2825/1674
f 2823/1672 2825/1674 2826/1675
usemtl tex_286
f 2827/1676 2828/1677 2829/1678
f 2827/1676 2829/1678 2830/1679
f 2831/1680 2832/1681 2833/1
f 2834/1682 2835/1683 2836/1
f 2837/1684 2838/1685 2839/1686
f 2837/1684 2839/1686 2840/1687
f 2841/405 2842/1 2843/1688
f 2841/405 2843/1688 2844/1689
f 2845/1690 2846/1691 2847/1692
f 2845/1690 2847/1692 2848/1693
f 2849/1694 2850/1695 2851/1696
f 2849/1694 2851/1696 2852/1697
f 2853/1676 2854/1698 2855/1699
f 2853/1676 2855/1699 2856/1687
f 2857/1700 2858/1701 2859/1702
f 2857/1700 2859/1702 2860/1703
f 2861/1265 2862/108 2863/1698
f 2861/1265 2863/1698 2864/1676
f 2865/1704 2866/1705 2867/1706
f 2865/1704 2867/1706 2868/1
f 2869/1 2870/1707 2871/1708
f 2872/1709 2873/1710 2874/1
f 2875/1711 2876/1712 2877/1707
f 2875/1711 2877/1707 2878/1
f 2879/1713 2880/1714 2881/1715
f 2879/1713 2881/1715 2882/1716
f 2883/1717 2884/1718 2885/1719
f 2883/1717 2885/1719 2886/1720
f 2887/1721 2888/1722 2889/1723
f 2887/1721 2889/1723 2890/1724
f 2891/1725 2892/1726 2893/1727
f 2891/1725 2893/1727 2894/1728
usemtl tex_713
f 2895/109 2896/110 2897/1
f 2895/109 2897/1 2898/108
f 2899/109 2900/110 2901/1
f 2899/109 2901/1 2902/108
f 2903/1 2904/108 2905/109
f 2903/1 2905/109 2906/110
f 2907/1 2908/108 2909/109
f 2907/1 2909/109 2910/110
usemtl tex_None_sec
f 2911/1 2912/1 2913/1
f 2911/1 2913/1 2914/1
f 2915/1 2916/1 2917/1
f 2915/1 2917/1 2918/1
f 2919/1 2920/1 2921/1
f 2919/1 2921/1 2922/1
f 2923/1 2924/1 2925/1
f 2923/1 2925/1 2926/1
usemtl tex_1157_sec
f 2927/989 2928/987 2929/108
f 2927/989 2929/108 2930/990
f 2931/987 2932/1729 2933/1730
f 2931/987 2933/1730 2934/240
f 2935/1128 2936/987 2937/108
f 2935/1128 2937/108 2938/1300
f 2939/1731 2940/1732 2941/1733
f 2939/1731 2941/1733 2942/1734
f 2943/1294 2944/987 2945/108
f 2943/1294 2945/108 2946/1295
f 2947/1731 2948/1124 2949/1300
f 2947/1731 2949/1300 2950/108
f 2951/991 2952/987 2953/108
f 2951/991 2953/108 2954/992
f 2955/1292 2956/1735 2957/1127
f 2955/1292 2957/1127 2958/1303
usemtl tex_1147_sec
f 2959/1736 2960/1737 2961/1738
f 2959/1736 2961/1738 2962/1739
f 2963/36 2964/1740 2965/1741
f 2963/36 2965/1741 2966/1742
f 2967/1743 2968/1744 2969/1745
f 2967/1743 2969/1745 2970/1746
f 2971/1747 2972/1309 2973/1748
f 2971/1747 2973/1748 2974/1749
usemtl tex_1148_sec
f 2975/1750 2976/1751 2977/1752
f 2975/1750 2977/1752 2978/1753
f 2979/1754 2980/1755 2981/1756
f 2979/1754 2981/1756 2982/1746
f 2983/1754 2984/1757 2985/1758
f 2983/1754 2985/1758 2986/990
f 2987/1754 2988/1759 2989/1760
f 2987/1754 2989/1760 2990/1761
f 2991/1762 2992/1763 2993/1764
f 2991/1762 2993/1764 2994/1765
f 2995/1766 2996/1767 2997/1768
f 2995/1766 2997/1768 2998/1769
o room_12
usemtl tex_22
f 2999/1770 3000/1771 3001/1772
f 2999/1770 3001/1772 3002/1773
f 3003/1774 3004/1775 3005/1776
f 3003/1774 3005/1776 3006/1777
usemtl tex_434
f 3007/1778 3008/1779 3009/1780
f 3008/1779 3010/1781 3009/1780
f 3008/1779 3011/1782 3010/1781
f 3011/1782 3012/1783 3010/1781
f 3013/1784 3012/1783 3011/1782
usemtl tex_922
f 3014/1785 3015/1786 3016/1787
f 3014/1785 3016/1787 3017/1788
usemtl tex_1267
f 3018/1789 3019/1790 3020/1791
f 3018/1789 3020/1791 3021/1792
f 3022/1792 3023/1791 3024/1793
f 3025/1794 3022/1792 3024/1793
f 3025/1794 3024/1793 3026/1795
f 3026/1795 3024/1793 3027/1796
f 3028/1797 3022/1792 3025/1794
f 3028/1797 3025/1794 3029/1798
f 3030/1799 3031/1797 3032/1798
f 3030/1799 3032/1798 3033/1800
f 3034/1801 3030/1799 3033/1800
f 3035/1802 3036/1799 3037/1801
f 3035/1802 3037/1801 3038/1803
f 3038/1803 3037/1801 3039/1804
f 3034/1801 3040/1805 3041/1804
f 3042/1806 3040/1805 3034/1801
f 3043/1807 3042/1806 3034/1801
f 3034/1801 3033/1800 3043/1807
f 3043/1807 3033/1800 3044/1808
f 3042/1806 3043/1807 3045/1809
f 3046/1810 3047/1806 3048/1809
f 3049/1803 3050/1811 3051/1802
f 3052/1812 3051/1802 3050/1811
f 3053/1799 3051/1802 3052/1812
f 3053/1799 3052/1812 3054/1813
f 3055/1797 3056/1799 3057/1813
f 3057/1813 3058/1792 3055/1797
f 3059/1789 3058/1792 3057/1813
f 3052/1812 3050/1811 3060/1814
f 3061/1814 3062/1815 3063/1816
f 3064/1812 3061/1814 3063/1816
f 3064/1812 3063/1816 3065/1813
f 3065/1813 3063/1816 3066/1817
f 3066/1817 3063/1816 3067/1818
f 3067/1818 3063/1816 3062/1815
f 3068/1819 3066/1817 3067/1818
f 3066/1817 3068/1819 3069/1820
f 3070/1821 3066/1817 3069/1820
f 3070/1821 3065/1813 3066/1817
f 3071/1789 3072/1813 3073/1821
f 3073/1821 3074/1790 3071/1789
f 3070/1821 3069/1820 3075/1822
f 3073/1821 3076/1823 3074/1790
f 3077/1824 3078/1823 3079/1821
f 3080/1821 3081/1822 3082/1825
f 3083/1825 3077/1824 3079/1821
usemtl tex_1264
f 3084/1826 3085/1827 3086/1828
f 3084/1826 3086/1828 3087/1829
f 3088/1830 3089/1831 3086/1828
f 3088/1830 3086/1828 3085/1827
usemtl tex_949
f 3090/1832 3091/1833 3092/1834
f 3093/1832 3094/1835 3095/1833
f 3096/1836 3097/1837 3098/1838
f 3098/1838 3097/1837 3099/1839
f 3097/1837 3100/1840 3099/1839
f 3099/1839 3101/1841 3102/1842
f 3099/1839 3100/1840 3101/1841
f 3103/1843 3093/1832 3104/1834
f 3105/1844 3093/1832 3103/1843
f 3105/1844 3106/1845 3093/1832
f 3106/1845 3094/1835 3093/1832
f 3106/1845 3107/1846 3094/1835
f 3107/1846 3108/1847 3094/1835
f 3109/1846 3110/1848 3111/1847
f 3110/1848 3112/1849 3111/1847
f 3113/1850 3112/1849 3110/1848
f 3114/1851 3115/1852 3113/1850
f 3115/1852 3112/1849 3113/1850
f 3115/1852 3116/1853 3112/1849
f 3117/1841 3118/1854 3119/1842
f 3120/1855 3119/1842 3118/1854
f 3120/1855 3121/1856 3119/1842
f 3121/1856 3122/1857 3119/1842
f 3115/1852 3123/1858 3124/1859
f 3125/1852 3126/1860 3127/1858
f 3128/1853 3125/1852 3129/1859
f 3130/1861 3131/1862 3132/1863
f 3133/1864 3130/1861 3132/1863
f 3134/1865 3135/1866 3136/1860
f 3136/1860 3135/1866 3127/1858
f 3137/1862 3138/563 3139/1867
f 3132/1863 3131/1862 3140/1867
f 3141/1863 3142/1867 3143/1868
f 3144/1869 3141/1863 3143/1868
f 3145/1870 3146/1871 3147/1872
f 3148/1873 3149/1874 3150/1875
f 3148/1873 3150/1875 3151/1876
f 3152/1877 3148/1873 3151/1876
f 3152/1877 3151/1876 3153/1878
f 3154/1879 3152/1877 3153/1878
f 3155/1880 3152/1877 3154/1879
f 3156/1881 3157/1882 3158/1883
f 3159/1884 3156/1881 3158/1883
f 3160/1870 3161/1885 3162/1871
f 3163/1874 3161/1885 3160/1870
f 3163/1874 3164/1873 3161/1885
f 3161/1885 3164/1873 3165/1886
f 3165/1886 3164/1873 3166/1877
f 3167/1887 3165/1886 3166/1877
f 3167/1887 3166/1877 3168/1880
f 3163/1874 3160/1870 3169/1872
f 3170/1875 3163/1874 3169/1872
f 3171/1888 3156/1881 3159/1884
f 3172/1889 3173/1888 3174/1884
f 3172/1889 3174/1884 3175/1890
f 3176/1891 3172/1889 3175/1890
f 3175/1890 3174/1884 3177/1883
f 3178/1892 3179/1893 3180/1894
f 3178/1892 3180/1894 3181/1895
f 3182/1896 3178/1892 3181/1895
f 3183/1897 3178/1892 3182/1896
f 3183/1897 3182/1896 3184/1898
f 3185/1899 3183/1897 3184/1898
f 3185/1899 3184/1898 3186/1900
f 3187/1901 3185/1899 3186/1900
f 3188/1901 3189/1900 3190/1902
f 3191/1903 3188/1901 3190/1902
f 3191/1903 3190/1902 3192/1904
f 3193/1893 3194/1892 3195/1897
f 3196/1905 3193/1893 3195/1897
f 3196/1905 3195/1897 3197/1899
f 3198/1906 3196/1905 3197/1899
f 3198/1906 3197/1899 3188/1901
f 3199/1907 3198/1906 3188/1901
f 3199/1907 3188/1901 3191/1903
f 3200/562 3201/561 3202/1862
f 3203/1861 3200/562 3202/1862
f 3204/561 3205/563 3206/1862
f 3207/1890 3208/1883 3209/1908
f 3210/1891 3207/1890 3211/1909
f 3211/1909 3207/1890 3209/1908
usemtl tex_981
f 3212/1910 3213/1911 3214/1912
usemtl tex_307
f 3215/1913 3216/1914 3217/1
f 3218/1915 3219/1916 3220/1917
usemtl tex_289
f 3221/1918 3222/1919 3223/1920
f 3221/1918 3223/1920 3224/1921
f 3225/1922 3226/1923 3227/1924
f 3225/1922 3227/1924 3228/1925
f 3229/1926 3230/1927 3222/1919
f 3229/1926 3222/1919 3221/1918
f 3227/1924 3231/1928 3232/1929
f 3227/1924 3232/1929 3228/1925
f 3233/1930 3222/1919 3230/1927
f 3234/1930 3235/1927 3236/1
f 3237/1928 3238/1924 3239/1
f 3237/1928 3239/1 3240/1931
f 3241/1932 3242/1933 3243/1934
f 3241/1932 3243/1934 3244/1935
f 3245/109 3246/110 3247/1
f 3245/109 3247/1 3248/108
f 3249/1 3250/1936 3251/1937
f 3249/1 3251/1937 3252/1938
f 3253/109 3254/110 3255/1
f 3253/109 3255/1 3256/108
usemtl tex_1130
f 3257/1939 3258/1940 3259/1
f 3260/1941 3261/1942 3262/1943
f 3260/1941 3263/1944 3261/1942
f 3261/1942 3263/1944 3264/1945
f 3265/1944 3266/1946 3267/1945
f 3265/1944 3268/1 3266/1946
f 3269/1947 3270/1948 3271/1949
f 3272/1950 3270/1948 3269/1947
f 3272/1950 3273/1951 3270/1948
f 3273/1951 3274/1952 3270/1948
f 3275/1953 3276/1954 3273/1951
f 3276/1954 3274/1952 3273/1951
f 3277/1955 3265/1944 3278/1941
f 3279/1956 3265/1944 3277/1955
f 3279/1956 3280/1957 3265/1944
f 3280/1957 3268/1 3265/1944
f 3281/1958 3282/1959 3283/1947
f 3282/1959 3284/1950 3283/1947
f 3282/1959 3285/1960 3284/1950
f 3285/1960 3286/1951 3284/1950
usemtl tex_286
f 3287/987 3288/108 3289/1
f 3287/987 3289/1 3290/405
f 3291/1961 3292/1962 3293/1963
f 3291/1961 3293/1963 3294/1
usemtl tex_2476_sec_w11
f 3295/1964 3296/1965 3297/1966
f 3298/1967 3295/1964 3297/1966
f 3299/108 3300/1 3301/1968
f 3302/1969 3299/108 3301/1968
f 3303/1970 3304/1971 3305/1972
f 3306/1973 3307/1970 3308/1972
f 3309/1974 3310/1975 3311/1976
usemtl tex_1148_sec
f 3312/1977 3313/1978 3314/1979
f 3312/1977 3314/1979 3315/1980
o room_13
usemtl tex_1473_w01
f 3316/1981 3317/1982 3318/1983
f 3316/1981 3318/1983 3319/1984
f 3320/110 3321/1 3322/108
f 3320/110 3322/108 3323/109
usemtl tex_22
f 3324/1985 3325/1986 3326/1987
f 3327/1988 3325/1986 3324/1985
f 3328/1989 3329/1990 3330/1991
f 3328/1989 3330/1991 3331/1992
f 3332/1993 3333/1994 3334/1995
f 3335/1996 3336/1997 3337/1998
f 3338/1999 3339/2000 3340/1329
f 3338/1999 3340/1329 3341/1328
f 3342/472 3343/1 3344/2001
f 3342/472 3344/2001 3345/2002
f 3346/2003 3347/2004 3348/2005
f 3346/2003 3348/2005 3349/2006
usemtl tex_450
f 3350/2007 3351/2008 3352/2009
f 3350/2007 3352/2009 3353/2010
usemtl tex_459
f 3354/109 3355/108 3356/2011
f 3354/109 3356/2011 3357/2012
usemtl tex_1151
f 3358/108 3359/2013 3360/2014
f 3358/108 3360/2014 3361/1
f 3362/108 3363/2013 3364/2014
f 3362/108 3364/2014 3365/1
f 3366/2013 3367/2014 3368/1
f 3366/2013 3368/1 3369/108
f 3370/108 3371/2013 3372/2014
f 3370/108 3372/2014 3373/1
f 3374/108 3375/2013 3376/2014
f 3374/108 3376/2014 3377/1
usemtl tex_197
f 3382/2015 3385/2016 3386/2017
f 3387/2018 3390/2019 3391/2020
f 3392/2021 3395/2022 3396/2023
f 3397/2024 3398/2025 3399/2026
f 3402/2027 3403/2028 3404/2029
f 3402/2027 3404/2029 3405/2030
f 3406/2031 3407/2032 3408/2033
f 3406/2031 3408/2033 3409/2034
f 3410/2035 3411/2027 3412/2030
f 3410/2035 3412/2030 3413/2036
f 3414/2037 3406/2031 3409/2034
f 3414/2037 3409/2034 3415/2038
f 3416/2039 3417/2040 3418/2041
f 3416/2039 3418/2041 3419/2042
f 3420/2043 3421/2042 3422/2041
f 3420/2043 3422/2041 3423/2044
f 3424/2045 3425/2046 3426/2047
f 3424/2045 3426/2047 3427/2048
f 3428/2049 3427/2048 3426/2047
f 3428/2049 3426/2047 3429/2050
f 3430/2051 3431/2052 3432/2053
f 3430/2051 3432/2053 3433/2054
f 3430/2051 3433/2054 3434/2055
f 3435/2056 3436/2057 3437/324
f 3435/2056 3437/324 3438/2058
f 3435/2056 3438/2058 3439/2059
f 3440/2060 3441/2061 3442/2062
f 3440/2060 3442/2062 3443/2063
f 3440/2060 3443/2063 3444/2064
f 3445/2065 3446/2066 3447/2067
f 3445/2065 3447/2067 3448/2068
f 3445/2065 3448/2068 3449/2069
f 3450/2070 3451/2071 3452/2072
f 3450/2070 3452/2072 3453/2073
f 3454/2074 3455/2075 3456/2076
f 3454/2074 3456/2076 3457/2077
f 3458/2078 3459/2070 3460/2073
f 3458/2078 3460/2073 3461/2079
f 3462/2080 3454/2074 3457/2077
f 3462/2080 3457/2077 3463/2081
f 3464/2082 3465/2083 3466/2084
f 3464/2082 3466/2084 3467/2085
f 3468/2086 3469/2085 3470/2084
f 3468/2086 3470/2084 3471/2087
f 3472/2088 3473/2089 3474/2090
f 3472/2088 3474/2090 3475/2091
f 3476/2092 3475/2091 3474/2090
f 3476/2092 3474/2090 3477/2093
f 3478/2094 3479/2095 3480/2096
f 3478/2094 3480/2096 3481/2097
f 3478/2094 3481/2097 3482/2098
f 3483/2099 3484/2100 3485/2101
f 3483/2099 3485/2101 3486/2102
f 3483/2099 3486/2102 3487/2103
f 3488/2104 3489/2105 3490/2106
f 3488/2104 3490/2106 3491/2107
f 3488/2104 3491/2107 3492/2108
f 3493/2109 3494/2110 3495/2111
f 3493/2109 3495/2111 3496/2112
f 3493/2109 3496/2112 3497/2113
f 3498/2114 3499/2115 3500/2116
f 3498/2114 3500/2116 3501/2117
f 3502/2118 3503/2119 3504/2120
f 3502/2118 3504/2120 3505/2121
f 3506/2122 3507/2114 3508/2117
f 3509/2122 3510/2117 3511/2123
f 3512/2124 3513/2118 3514/2121
f 3512/2124 3514/2121 3515/2125
f 3516/2126 3517/2127 3518/2128
f 3516/2126 3518/2128 3519/2129
f 3520/2130 3521/2129 3522/2128
f 3520/2130 3522/2128 3523/2131
f 3524/2132 3525/2133 3526/2134
f 3524/2132 3526/2134 3527/2135
f 3528/2136 3527/2135 3526/2134
f 3528/2136 3526/2134 3529/2137
f 3530/2138 3531/2139 3532/2140
f 3530/2138 3532/2140 3533/2141
f 3530/2138 3533/2141 3534/2142
f 3535/2143 3536/2144 3537/2145
f 3535/2143 3537/2145 3538/2146
f 3535/2143 3538/2146 3539/2147
f 3540/2148 3541/2149 3542/2150
f 3540/2148 3542/2150 3543/2151
f 3540/2148 3543/2151 3544/2152
f 3545/2153 3546/2154 3547/2155
f 3545/2153 3547/2155 3548/2156
f 3545/2153 3548/2156 3549/2157
f 3550/2158 3551/2159 3552/2160
f 3550/2158 3552/2160 3553/2161
f 3554/472 3555/2162 3556/2163
f 3554/472 3556/2163 3557/2164
f 3558/2165 3559/2158 3560/2161
f 3558/2165 3560/2161 3561/2166
f 3562/2167 3554/472 3557/2164
f 3562/2167 3557/2164 3563/2168
f 3564/2169 3565/2170 3566/2171
f 3564/2169 3566/2171 3567/2172
f 3568/2173 3569/2172 3570/2171
f 3568/2173 3570/2171 3571/2174
f 3572/2175 3573/2176 3574/2177
f 3572/2175 3574/2177 3575/2178
f 3576/2179 3575/2178 3574/2177
f 3576/2179 3574/2177 3577/2180
usemtl tex_294
f 3578/2181 3579/2182 3580/1
f 3578/2181 3580/1 3581/2183
f 3582/2181 3583/2182 3584/1
f 3582/2181 3584/1 3585/2183
f 3586/2184 3587/2185 3588/2186
f 3586/2184 3588/2186 3589/2187
f 3590/2184 3591/2185 3592/2186
f 3590/2184 3592/2186 3593/2187
f 3594/2188 3595/2189 3596/2190
f 3594/2188 3596/2190 3597/2191
f 3598/2188 3599/2189 3600/2190
f 3598/2188 3600/2190 3601/2191
usemtl tex_1155
f 3602/2192 3603/2193 3604/2194
f 3605/2195 3606/2196 3602/2192
f 3607/2197 3608/2198 3605/2195
f 3607/2197 3605/2195 3602/2192
f 3607/2197 3602/2192 3604/2194
f 3609/2199 3607/2197 3604/2194
f 3610/2200 3611/2201 3612/2202
f 3613/2203 3614/2204 3615/2200
f 3616/2202 3617/2205 3618/2206
f 3613/2203 3615/2200 3616/2202
f 3613/2203 3616/2202 3618/2206
f 3619/2207 3613/2203 3618/2206
f 3620/2208 3621/2209 3622/2210
f 3622/2210 3623/2211 3624/2212
f 3624/2212 3625/2213 3626/2214
f 3620/2208 3622/2210 3624/2212
f 3620/2208 3624/2212 3626/2214
f 3627/2215 3620/2208 3626/2214
f 3628/2216 3629/2217 3630/2218
f 3631/2219 3632/2220 3628/2216
f 3630/2218 3633/2221 3634/2222
f 3631/2219 3628/2216 3630/2218
f 3631/2219 3630/2218 3634/2222
f 3635/2223 3631/2219 3634/2222
usemtl tex_1267
f 3636/1790 3637/2224 3638/2225
f 3636/1790 3638/2225 3639/1791
f 3640/2226 3641/2227 3637/2224
f 3640/2226 3637/2224 3636/1790
f 3640/2226 3642/2228 3643/2229
f 3644/2226 3645/2229 3646/2230
f 3647/2231 3648/2228 3644/2226
f 3647/2231 3644/2226 3649/2232
f 3649/2232 3650/2233 3651/2234
f 3649/2232 3651/2234 3652/2235
f 3649/2232 3652/2235 3653/2236
f 3649/2232 3653/2236 3654/2237
f 3655/2238 3656/2239 3657/2240
f 3655/2238 3658/2241 3656/2239
f 3658/2241 3659/2242 3656/2239
f 3660/2239 3661/2242 3662/1825
f 3661/2242 3663/1824 3662/1825
f 3663/1824 3661/2242 3664/2243
f 3664/2243 3665/2244 3663/1824
f 3665/2244 3664/2243 3666/2245
f 3663/1824 3665/2244 3667/1823
f 3667/1823 3668/2226 3669/1790
f 3667/1823 3665/2244 3668/2226
f 3665/2244 3670/2232 3668/2226
f 3665/2244 3666/2245 3670/2232
f 3666/2245 3671/2233 3670/2232
f 3672/2230 3673/2227 3668/2226
f 3674/2231 3670/2232 3675/2237
f 3676/2233 3677/2245 3678/2246
f 3678/2246 3677/2245 3679/2247
f 3680/2243 3681/2242 3682/2248
f 3681/2242 3683/2241 3682/2248
f 3683/2241 3684/2249 3682/2248
f 3676/2233 3685/2250 3686/2251
f 3676/2233 3686/2251 3687/2234
f 3688/2252 3685/2250 3676/2233
f 3676/2233 3678/2246 3688/2252
f 3683/2241 3689/2253 3690/2254
f 3683/2241 3690/2254 3684/2249
f 3689/2253 3691/2255 3690/2254
f 3692/2255 3693/2256 3694/2257
f 3692/2255 3694/2257 3695/2254
f 3696/2257 3697/2249 3698/2254
f 3699/2246 3700/2247 3701/2258
f 3702/2243 3703/2248 3700/2247
f 3702/2243 3700/2247 3704/2245
f 3705/2259 3706/2260 3707/2261
f 3708/2259 3709/2261 3710/2262
f 3711/2263 3708/2259 3710/2262
f 3712/2264 3713/2265 3714/2266
f 3712/2264 3714/2266 3715/2267
f 3716/2268 3717/2269 3713/2265
f 3716/2268 3713/2265 3712/2264
f 3718/2270 3719/2271 3717/2269
f 3718/2270 3717/2269 3716/2268
f 3718/2270 3715/2267 3714/2266
f 3718/2270 3714/2266 3719/2271
f 3720/2272 3721/2273 3722/2274
f 3720/2272 3722/2274 3723/2275
f 3724/2276 3725/2277 3726/2273
f 3724/2276 3726/2273 3727/2272
f 3728/2278 3729/2279 3725/2277
f 3728/2278 3725/2277 3724/2276
f 3728/2278 3730/2275 3731/2274
f 3728/2278 3731/2274 3729/2279
f 3732/2280 3733/2258 3734/2281
f 3734/2281 3733/2258 3735/2282
f 3734/2281 3735/2282 3736/2283
f 3737/2284 3738/2285 3739/2286
f 3740/2284 3741/2286 3742/2287
f 3743/2288 3744/2285 3745/2289
f 3746/2290 3747/2291 3748/2292
f 3746/2290 3748/2292 3749/2293
f 3750/2294 3751/2295 3752/2296
f 3750/2294 3752/2296 3753/2297
f 3751/2295 3754/2298 3755/2299
f 3756/2295 3757/2299 3758/2300
f 3759/2301 3760/2290 3761/2293
f 3759/2301 3761/2293 3762/2302
f 3763/2301 3764/2303 3765/2297
f 3763/2301 3765/2297 3766/2304
f 3767/2290 3763/2301 3766/2304
f 3767/2290 3766/2304 3768/2291
f 3769/2294 3770/2297 3771/2303
f 3772/2298 3773/2305 3774/2306
f 3772/2298 3774/2306 3775/2299
f 3776/2307 3777/2308 3778/2309
f 3776/2307 3778/2309 3774/2306
f 3774/2306 3773/2305 3776/2307
f 3773/2305 3779/2310 3780/2311
f 3773/2305 3780/2311 3776/2307
f 3781/2298 3782/2295 3783/2312
f 3784/2313 3785/2314 3786/2292
f 3784/2313 3786/2292 3787/2291
f 3788/2300 3789/2315 3790/2313
f 3788/2300 3790/2313 3791/2316
f 3792/2313 3793/2309 3794/2308
f 3792/2313 3794/2308 3795/2314
f 3796/2309 3790/2313 3789/2315
f 3796/2309 3789/2315 3797/2306
f 3798/2317 3799/2300 3800/2316
f 3801/2296 3798/2317 3800/2316
f 3802/2291 3801/2296 3800/2316
f 3802/2291 3800/2316 3792/2313
f 3803/2295 3799/2300 3798/2317
f 3803/2295 3798/2317 3801/2296
f 3804/2257 3805/2256 3806/2318
f 3804/2257 3806/2318 3807/2319
f 3808/2282 3809/2249 3810/2257
f 3808/2282 3810/2257 3811/2319
f 3812/2320 3813/2321 3814/2322
f 3813/2321 3815/2323 3814/2322
f 3813/2321 3816/2288 3815/2323
f 3811/2319 3817/2318 3818/2283
f 3808/2282 3811/2319 3818/2283
f 3817/2318 3819/2324 3818/2283
f 3820/2318 3821/2325 3822/2324
f 3823/2255 3824/2326 3821/2325
f 3821/2325 3824/2326 3822/2324
f 3825/2283 3822/2324 3826/2286
f 3827/2327 3828/2284 3829/2287
f 3822/2324 3827/2327 3829/2287
f 3822/2324 3829/2287 3826/2286
f 3824/2326 3828/2284 3827/2327
f 3824/2326 3827/2327 3822/2324
f 3824/2326 3830/2328 3828/2284
f 3823/2255 3831/2329 3824/2326
f 3831/2329 3832/2330 3824/2326
f 3824/2326 3832/2330 3830/2328
f 3833/2331 3834/2332 3835/2333
f 3836/2331 3837/2333 3838/2334
f 3839/2335 3840/2336 3841/2336
f 3839/2335 3841/2336 3842/2335
f 3843/2337 3844/2338 3845/2339
f 3843/2337 3845/2339 3846/2340
f 3847/2341 3848/2342 3849/2342
f 3847/2341 3849/2342 3850/2341
f 3851/2337 3852/2340 3853/2339
f 3851/2337 3853/2339 3854/2338
f 3855/2343 3856/2344 3857/2345
f 3855/2343 3857/2345 3858/2346
f 3859/2347 3860/2348 3856/2344
f 3859/2347 3856/2344 3855/2343
f 3861/2349 3862/2350 3860/2348
f 3861/2349 3860/2348 3859/2347
f 3861/2349 3858/2346 3857/2345
f 3861/2349 3857/2345 3862/2350
f 3863/2351 3864/2352 3865/2353
f 3863/2351 3865/2353 3866/2354
f 3867/2355 3868/2356 3869/2352
f 3867/2355 3869/2352 3870/2351
f 3871/2357 3872/2358 3868/2356
f 3871/2357 3868/2356 3867/2355
f 3871/2357 3873/2354 3874/2353
f 3871/2357 3874/2353 3872/2358
f 3875/2280 3876/2246 3877/2258
f 3878/2359 3879/2360 3876/2246
f 3875/2280 3878/2359 3876/2246
f 3880/2361 3881/2302 3882/2293
f 3883/2361 3884/2293 3885/2362
f 3886/2363 3883/2361 3885/2362
f 3886/2363 3885/2362 3887/2364
f 3888/2310 3889/2365 3890/2311
f 3891/2366 3892/2367 3893/2368
f 3891/2366 3893/2368 3894/2369
f 3895/2308 3896/2370 3897/2371
f 3895/2308 3897/2371 3898/2314
f 3899/2371 3900/2363 3901/2364
f 3902/2365 3903/2371 3904/2370
f 3902/2365 3904/2370 3905/2311
f 3906/2372 3907/2320 3908/2322
f 3909/2360 3906/2372 3908/2322
f 3910/2373 3911/2374 3909/2360
f 3908/2322 3910/2373 3909/2360
f 3911/2374 3912/2246 3909/2360
f 3913/2328 3914/2330 3915/2375
f 3914/2330 3916/1344 3915/2375
f 3914/2330 3917/1345 3916/1344
f 3918/2240 3919/1350 3920/1349
f 3918/2240 3920/1349 3921/2238
f 3913/2328 3922/2376 3923/2284
f 3924/2377 3925/2378 3926/2379
f 3924/2377 3926/2379 3927/2380
f 3928/2381 3929/2382 3930/2383
f 3928/2381 3930/2383 3931/2384
f 3932/2385 3933/2386 3929/2382
f 3932/2385 3929/2382 3928/2381
f 3934/2387 3935/2388 3933/2386
f 3934/2387 3933/2386 3932/2385
f 3936/2323 3937/2288 3938/2289
f 3934/2387 3931/2384 3930/2383
f 3934/2387 3930/2383 3935/2388
usemtl tex_1264
f 3939/2389 3940/2390 3941/1831
f 3939/2389 3941/1831 3942/1830
f 3943/1395 3940/2390 3939/2389
f 3944/1395 3945/2389 3946/1396
f 3947/2391 3948/2392 3949/1378
f 3947/2391 3949/1378 3950/1377
usemtl tex_949
f 3951/1909 3952/1908 3953/2393
f 3954/2394 3955/2395 3951/1909
f 3955/2395 3956/1891 3951/1909
f 3957/1410 3958/2396 3959/2397
f 3960/2396 3961/2398 3962/2397
f 3962/2397 3961/2398 3963/2399
f 3964/1411 3962/2397 3965/1417
f 3962/2397 3963/2399 3965/1417
f 3966/1410 3962/2397 3964/1411
usemtl tex_240
f 3967/2400 3968/165 3969/164
f 3967/2400 3969/164 3970/2401
f 3971/2402 3972/158 3973/161
f 3971/2402 3973/161 3974/2403
usemtl tex_286
f 3975/2404 3976/2405 3977/2406
f 3975/2404 3977/2406 3978/1
f 3979/2407 3980/2408 3981/1725
f 3979/2407 3981/1725 3982/1728
f 3983/2409 3984/2410 3985/2411
f 3983/2409 3985/2411 3986/2412
usemtl tex_1152
f 3987/108 3988/2413 3989/2414
f 3987/108 3989/2414 3990/1
f 3991/108 3992/2415 3993/2416
f 3991/108 3993/2416 3994/1
f 3995/2417 3996/109 3997/2418
f 3995/2417 3997/2418 3998/2419
f 3999/2420 4000/2421 4001/2422
f 3999/2420 4001/2422 4002/2423
f 4003/2424 4004/109 4005/2425
f 4003/2424 4005/2425 4006/2426
f 4007/2427 4008/2428 4009/109
f 4007/2427 4009/109 4010/2429
f 4011/2430 4012/109 4013/2431
f 4011/2430 4013/2431 4014/2432
f 4015/2433 4016/109 4017/2434
f 4015/2433 4017/2434 4018/2435
f 4019/2436 4020/109 4021/2437
f 4019/2436 4021/2437 4022/2438
f 4023/2436 4024/109 4025/2437
f 4023/2436 4025/2437 4026/2438
f 4027/108 4028/2439 4029/2440
f 4027/108 4029/2440 4030/1
f 4031/2441 4032/2442 4033/2443
f 4031/2441 4033/2443 4034/1
f 4035/108 4036/2444 4037/2445
f 4035/108 4037/2445 4038/1
f 4039/1 4040/108 4041/2446
f 4039/1 4041/2446 4042/2447
f 4043/108 4044/2448 4045/2449
f 4043/108 4045/2449 4046/1
f 4047/108 4048/2450 4049/2451
f 4047/108 4049/2451 4050/1
usemtl tex_None_sec
f 4051/1 4052/1 4053/1
f 4051/1 4053/1 4054/1
usemtl tex_8_sec
f 4055/2452 4056/2453 4057/2454
f 4055/2452 4057/2454 4058/2455
f 4059/2456 4060/2457 4061/2458
f 4059/2456 4061/2458 4062/2459
f 4063/2460 4064/2461 4065/2462
f 4063/2460 4065/2462 4066/2463
f 4067/2464 4068/2465 4069/2466
f 4067/2464 4069/2466 4070/1
f 4071/73 4072/2467 4073/2468
f 4071/73 4073/2468 4074/1
usemtl tex_494_sec_w11
f 4075/108 4076/1 4077/110
f 4075/108 4077/110 4078/109
f 4079/108 4080/1 4081/110
f 4079/108 4081/110 4082/109
usemtl tex_1266_sec
f 4083/2469 4084/2470 4085/2471
f 4083/2469 4085/2471 4086/2472
f 4087/2473 4084/2470 4085/2471
f 4087/2473 4085/2471 4088/2474
usemtl tex_2476_sec_w11
f 4089/2475 4090/2476 4091/2477
f 4091/2477 4092/2478 4089/2475
f 4093/2479 4094/2480 4095/2481
f 4093/2479 4095/2481 4096/2482
f 4097/2483 4098/2479 4099/2482
f 4100/2484 4098/2479 4097/2483
f 4100/2484 4101/2485 4098/2479
f 4101/2485 4102/2486 4098/2479
usemtl tex_1157_sec
f 4103/2487 4104/2488 4105/2489
f 4106/2490 4107/2491 4108/2492
f 4109/2493 4110/2494 4111/2495
f 4109/2493 4111/2495 4112/2496
f 4113/2497 4114/2498 4115/2499
f 4116/2500 4117/2501 4118/2502
f 4116/2500 4118/2502 4119/2503
f 4120/108 4121/1731 4122/2504
f 4120/108 4122/2504 4123/2505
f 4124/2506 4125/2507 4126/2508
f 4124/2506 4126/2508 4127/2509
f 4128/2510 4129/2511 4130/2512
f 4128/2510 4130/2512 4131/2513
f 4132/2514 4133/2515 4134/2516
f 4132/2514 4134/2516 4135/2517
f 4136/2518 4137/2519 4138/2520
f 4136/2518 4138/2520 4139/2521
f 4140/2522 4141/2523 4142/2524
f 4140/2522 4142/2524 4143/2525
usemtl tex_1144_sec_w11
f 4144/108 4145/2526 4146/2527
f 4144/108 4146/2527 4147/1
usemtl tex_1145_sec_w11
f 4148/108 4149/2528 4150/2529
f 4148/108 4150/2529 4151/1
usemtl tex_1147_sec
f 4152/2530 4153/2531 4154/2532
f 4152/2530 4154/2532 4155/2533
f 4156/1142 4157/2534 4158/2535
f 4156/1142 4158/2535 4159/2536
f 4160/2537 4161/2538 4162/2539
f 4160/2537 4162/2539 4163/2540
usemtl tex_1148_sec
f 4164/2530 4165/2531 4166/2532
f 4164/2530 4166/2532 4167/2533
f 4168/1766 4169/1767 4170/1768
f 4168/1766 4170/1768 4171/1769
usemtl tex_1149_sec_w11
f 4172/108 4173/109 4174/110
f 4172/108 4174/110 4175/1
usemtl tex_154_sec
f 4176/2541 4177/2542 4178/2543
f 4176/2541 4178/2543 4179/2544
f 4180/2545 4181/2546 4182/2547
f 4180/2545 4182/2547 4183/2548
f 4184/2549 4185/2550 4186/2551
f 4184/2549 4186/2551 4187/2552
f 4188/2553 4189/2554 4190/1
f 4188/2553 4190/1 4191/2555
f 4192/2556 4193/2557 4194/1
f 4192/2556 4194/1 4195/2558
usemtl tex_1156_sec
f 4196/2559 4197/2560 4198/2561
f 4196/2559 4198/2561 4199/2562
f 4200/2559 4201/2560 4202/2561
f 4200/2559 4202/2561 4203/2562
f 4204/2559 4205/2560 4206/2561
f 4204/2559 4206/2561 4207/2562
f 4208/2559 4209/2560 4210/2561
f 4208/2559 4210/2561 4211/2562
f 4212/2559 4213/2560 4214/2561
f 4212/2559 4214/2561 4215/2562
f 4216/2562 4217/2561 4218/2560
f 4216/2562 4218/2560 4219/2559
o room_14
usemtl tex_676
f 4220/2563 4221/2564 4222/2565
f 4220/2563 4222/2565 4223/1
f 4224/2566 4225/109 4226/240
f 4224/2566 4226/240 4227/1
f 4228/2567 4229/2568 4230/2569
f 4228/2567 4230/2569 4231/1
f 4232/110 4233/1 4234/108
f 4232/110 4234/108 4235/109
f 4236/2570 4237/2571 4238/2572
f 4236/2570 4238/2572 4239/1
f 4240/109 4241/108 4242/1
f 4240/109 4242/1 4243/110
f 4244/2573 4245/2574 4246/2575
f 4244/2573 4246/2575 4247/1
f 4248/110 4249/109 4250/108
f 4248/110 4250/108 4251/1
f 4252/2576 4253/2577 4254/2578
f 4252/2576 4254/2578 4255/1
f 4256/109 4257/108 4258/1
f 4256/109 4258/1 4259/110
f 4260/2579 4261/2580 4262/2581
f 4260/2579 4262/2581 4263/1
f 4264/110 4265/1 4266/108
f 4264/110 4266/108 4267/109
f 4268/2582 4269/2583 4270/2584
f 4268/2582 4270/2584 4271/1
f 4272/110 4273/109 4274/108
f 4272/110 4274/108 4275/1
f 4276/2585 4277/2586 4278/2587
f 4276/2585 4278/2587 4279/1
f 4280/109 4281/108 4282/1
f 4280/109 4282/1 4283/110
f 4284/2588 4285/2589 4286/2590
f 4284/2588 4286/2590 4287/1
f 4288/110 4289/1 4290/108
f 4288/110 4290/108 4291/109
f 4292/2591 4293/2592 4294/2593
f 4292/2591 4294/2593 4295/1
f 4296/2594 4297/2595 4298/2596
f 4296/2594 4298/2596 4299/1
f 4300/2597 4301/2598 4302/2599
f 4300/2597 4302/2599 4303/1
f 4304/109 4305/108 4306/2600
f 4304/109 4306/2600 4307/2585
f 4308/2601 4309/2602 4310/2603
f 4308/2601 4310/2603 4311/2604
f 4312/1 4313/110 4314/109
f 4312/1 4314/109 4315/108
f 4316/2605 4317/2606 4318/2607
f 4316/2605 4318/2607 4319/1
f 4320/2608 4321/2609 4322/2610
f 4320/2608 4322/2610 4323/1
f 4324/2611 4325/2612 4326/2613
f 4324/2611 4326/2613 4327/1
f 4328/109 4329/108 4330/1
f 4328/109 4330/1 4331/110
f 4332/2614 4333/2615 4334/2616
f 4332/2614 4334/2616 4335/1
f 4336/1 4337/2617 4338/109
f 4336/1 4338/109 4339/2618
f 4340/2619 4341/2620 4342/2621
f 4340/2619 4342/2621 4343/1
f 4344/2622 4345/2623 4346/2624
f 4344/2622 4346/2624 4347/1
f 4348/2625 4349/2626 4350/2627
f 4348/2625 4350/2627 4351/1
f 4352/109 4353/108 4354/1
f 4352/109 4354/1 4355/110
f 4356/2628 4357/2629 4358/2630
f 4356/2628 4358/2630 4359/1
f 4360/110 4361/1 4362/108
f 4360/110 4362/108 4363/109
f 4364/2631 4365/2632 4366/2633
f 4364/2631 4366/2633 4367/1
f 4368/2634 4369/2635 4370/2636
f 4368/2634 4370/2636 4371/1
f 4372/2637 4373/2638 4374/2639
f 4372/2637 4374/2639 4375/1
f 4376/109 4377/108 4378/1
f 4376/109 4378/1 4379/110
f 4380/2640 4381/2641 4382/2642
f 4380/2640 4382/2642 4383/1
f 4384/1 4385/2643 4386/2644
f 4384/1 4386/2644 4387/108
f 4388/2645 4389/2646 4390/2647
f 4388/2645 4390/2647 4391/2648
f 4392/2649 4393/2650 4394/2651
f 4392/2649 4394/2651 4395/1
f 4396/2652 4397/2653 4398/2654
f 4396/2652 4398/2654 4399/1
f 4400/109 4401/108 4402/1
f 4400/109 4402/1 4403/110
f 4404/2655 4405/2656 4406/2657
f 4404/2655 4406/2657 4407/1
f 4408/110 4409/1 4410/108
f 4408/110 4410/108 4411/109
f 4412/2573 4413/2658 4414/2659
f 4412/2573 4414/2659 4415/1
f 4416/2660 4417/109 4418/2661
f 4416/2660 4418/2661 4419/1
f 4420/2662 4421/2663 4422/2664
f 4420/2662 4422/2664 4423/1
f 4424/110 4425/1 4426/108
f 4424/110 4426/108 4427/109
f 4428/2665 4429/2666 4430/2667
f 4428/2665 4430/2667 4431/1
f 4432/109 4433/108 4434/1
f 4432/109 4434/1 4435/110
f 4436/2668 4437/2669 4438/2670
f 4436/2668 4438/2670 4439/1
f 4440/2671 4441/109 4442/1936
f 4440/2671 4442/1936 4443/1
f 4444/2672 4445/2673 4446/2674
f 4444/2672 4446/2674 4447/1
f 4448/109 4449/108 4450/1
f 4448/109 4450/1 4451/110
f 4452/2675 4453/2676 4454/2677
f 4452/2675 4454/2677 4455/1
f 4456/110 4457/1 4458/108
f 4456/110 4458/108 4459/109
usemtl tex_450
f 4460/2678 4461/2679 4462/2680
f 4460/2678 4462/2680 4463/2681
f 4464/2682 4465/2683 4466/2684
f 4464/2682 4466/2684 4467/2685
f 4468/2686 4469/2687 4470/2688
f 4468/2686 4470/2688 4471/2689
usemtl tex_1151
f 4472/2690 4473/2691 4474/2692
f 4472/2690 4474/2692 4475/2693
f 4476/2690 4477/2694 4478/2695
f 4476/2690 4478/2695 4479/2691
f 4480/2696 4481/2697 4482/2693
f 4480/2696 4482/2693 4483/2692
usemtl tex_1267
f 4484/2328 4485/2375 4486/2698
f 4487/2699 4484/2328 4486/2698
f 4487/2699 4486/2698 4488/2700
f 4489/2701 4488/2700 4486/2698
f 4490/2702 4491/2700 4492/2701
f 4493/2703 4494/2328 4495/2699
f 4496/2704 4494/2328 4493/2703
f 4496/2704 4493/2703 4497/2705
f 4498/2706 4496/2704 4497/2705
f 4499/2707 4496/2704 4498/2706
f 4499/2707 4498/2706 4500/2708
f 4501/2709 4502/2707 4503/2708
f 4504/2710 4501/2709 4503/2708
f 4505/2710 4506/2711 4507/2712
f 4508/2709 4505/2710 4507/2712
f 4509/2323 4508/2709 4507/2712
f 4510/2713 4511/2322 4512/2714
f 4510/2713 4512/2714 4513/2715
f 4514/2716 4510/2713 4513/2715
f 4513/2715 4515/2717 4514/2716
f 4514/2716 4515/2717 4516/2718
f 4514/2716 4517/2719 4510/2713
f 4510/2713 4517/2719 4518/2720
f 4519/2721 4510/2713 4518/2720
f 4519/2721 4518/2720 4520/2722
f 4521/2721 4522/2722 4523/2723
f 4524/2721 4525/2723 4526/2724
f 4527/2725 4524/2721 4526/2724
f 4527/2725 4528/2726 4529/2727
f 4524/2721 4527/2725 4529/2727
f 4529/2727 4530/2728 4524/2721
f 4524/2721 4530/2728 4531/2374
f 4532/2713 4524/2721 4531/2374
f 4531/2374 4533/2373 4532/2713
f 4534/2373 4535/2322 4536/2713
f 4537/2707 4538/2328 4539/2704
f 4540/2289 4541/2709 4542/2323
f 4543/2707 4541/2709 4540/2289
f 4543/2707 4540/2289 4544/2376
f 4538/2328 4543/2707 4544/2376
f 4545/2714 4546/2322 4547/2712
f 4548/2322 4542/2323 4549/2712
f 4550/2716 4551/2718 4552/2729
f 4553/2716 4554/2729 4555/2719
usemtl tex_1264
f 4556/2730 4557/2731 4558/2732
f 4556/2730 4558/2732 4559/2733
f 4560/2734 4558/2732 4557/2731
f 4556/2730 4561/2735 4560/2734
f 4556/2730 4560/2734 4557/2731
f 4562/2736 4563/2737 4561/2735
f 4562/2736 4561/2735 4556/2730
f 4562/2736 4556/2730 4559/2733
f 4564/2738 4565/2739 4566/2740
f 4567/2741 4568/2738 4569/2740
f 4570/2740 4571/2742 4572/2743
f 4573/2744 4574/2742 4569/2740
f 4575/2745 4574/2742 4573/2744
f 4575/2745 4573/2744 4576/2746
f 4577/2747 4576/2746 4578/2748
f 4579/2749 4577/2747 4578/2748
f 4579/2749 4578/2748 4580/2750
f 4581/2751 4579/2749 4580/2750
f 4580/2750 4582/2752 4581/2751
f 4583/2752 4584/2750 4585/2753
f 4586/2754 4587/2752 4588/2753
f 4585/2753 4584/2750 4589/2755
f 4590/2756 4585/2753 4589/2755
f 4591/2757 4585/2753 4590/2756
f 4592/2754 4585/2753 4591/2757
f 4591/2757 4593/2758 4592/2754
f 4592/2754 4593/2758 4594/2759
f 4593/2758 4591/2757 4590/2756
f 4595/2760 4593/2758 4590/2756
f 4596/2761 4593/2758 4595/2760
f 4596/2761 4595/2760 4597/2762
f 4598/2763 4596/2761 4597/2762
f 4593/2758 4596/2761 4598/2763
f 4593/2758 4598/2763 4594/2759
f 4599/2763 4600/2764 4601/2759
f 4602/2765 4603/2766 4604/2767
f 4604/2767 4603/2766 4605/2768
f 4605/2768 4603/2766 4599/2763
f 4606/2762 4607/2768 4608/2763
f 4609/2769 4607/2768 4606/2762
f 4610/2770 4611/2771 4612/2392
f 4610/2770 4612/2392 4613/2391
f 4614/2772 4611/2771 4610/2770
f 4615/2772 4616/2770 4617/2773
usemtl tex_1263
f 4618/2774 4619/2775 4620/2776
f 4621/2777 4622/2778 4623/2779
f 4621/2777 4623/2779 4624/2780
f 4625/2781 4626/2782 4627/2783
f 4625/2781 4627/2783 4628/2784
f 4629/1 4630/2785 4631/2786
f 4632/2787 4633/2788 4634/2789
f 4632/2787 4634/2789 4635/2790
f 4636/2791 4637/2792 4638/2793
f 4638/2793 4637/2792 4639/2794
f 4640/2795 4641/2796 4642/2797
f 4642/2797 4641/2796 4643/2798
f 4644/1 4645/2799 4646/2800
f 4647/2801 4648/2802 4649/2803
f 4650/2804 4648/2802 4647/2801
f 4651/2805 4652/2806 4653/2807
f 4654/2808 4655/2809 4656/2810
f 4656/2810 4655/2809 4657/2811
f 4658/2812 4659/2813 4660/2814
usemtl tex_949
f 4661/2815 4662/2816 4663/2817
f 4664/2818 4661/2815 4663/2817
f 4665/2819 4666/2820 4663/2817
f 4665/2819 4663/2817 4662/2816
f 4667/2821 4668/2822 4669/2823
f 4669/2823 4668/2822 4670/2824
f 4671/2825 4669/2823 4670/2824
f 4671/2825 4670/2824 4672/2826
f 4673/2827 4671/2825 4672/2826
f 4674/2827 4675/2826 4676/2828
f 4677/2829 4674/2827 4676/2828
f 4678/2830 4676/2828 4675/2826
f 4679/2831 4678/2830 4675/2826
f 4679/2831 4675/2826 4680/2824
f 4681/2832 4679/2831 4680/2824
f 4681/2832 4680/2824 4682/2822
f 4683/1 4684/2833 4685/2834
f 4686/2835 4685/2834 4687/2836
f 4688/2837 4686/2835 4687/2836
f 4688/2837 4687/2836 4689/2816
f 4690/2815 4691/2837 4692/2816
f 4693/2838 4694/2819 4692/2816
f 4693/2838 4692/2816 4695/2836
f 4696/2833 4693/2838 4695/2836
f 4696/2833 4695/2836 4697/2834
f 4698/2839 4699/2822 4700/2821
f 4701/2818 4702/2817 4703/2840
f 4704/2841 4701/2818 4703/2840
f 4704/2841 4703/2840 4705/2842
f 4706/2843 4707/2841 4708/2842
f 4706/2843 4708/2842 4709/2844
f 4710/2845 4706/2843 4709/2844
f 4711/2846 4712/2847 4709/2844
f 4711/2846 4709/2844 4708/2842
f 4713/2848 4711/2846 4708/2842
f 4713/2848 4708/2842 4714/2840
f 4715/2820 4713/2848 4714/2840
f 4715/2820 4714/2840 4716/2817
f 4717/2849 4718/2850 4719/2851
f 4717/2849 4719/2851 4720/2852
f 4721/2853 4720/2852 4719/2851
f 4722/2854 4723/2853 4724/2851
f 4725/2845 4726/2844 4727/2855
f 4728/2847 4727/2855 4726/2844
f 4729/445 4730/443 4731/442
f 4732/2856 4733/2849 4734/2852
usemtl tex_981
f 4735/2857 4736/2858 4737/2859
usemtl tex_286
f 4738/2860 4739/2861 4740/2862
f 4738/2860 4740/2862 4741/2863
f 4742/2864 4743/2865 4744/2866
f 4742/2864 4744/2866 4745/2867
f 4746/2868 4747/2869 4748/2870
f 4746/2868 4748/2870 4749/2871
f 4750/2872 4751/1 4752/2873
f 4750/2872 4752/2873 4753/2874
f 4754/2875 4755/2876 4756/2877
f 4754/2875 4756/2877 4757/2878
f 4758/2879 4759/2880 4760/2881
f 4758/2879 4760/2881 4761/2882
f 4762/2883 4763/2884 4764/2885
f 4762/2883 4764/2885 4765/108
f 4766/2886 4767/2887 4764/2885
f 4766/2886 4764/2885 4763/2884
f 4766/2886 4768/2888 4769/2889
f 4766/2886 4769/2889 4767/2887
f 4770/239 4771/2890 4772/2880
f 4770/239 4772/2880 4773/2879
f 4774/578 4775/2891 4776/2884
f 4774/578 4776/2884 4777/2883
f 4778/2882 4779/2881 4780/2890
f 4778/2882 4780/2890 4781/239
f 4782/2892 4783/2893 4784/1
f 4782/2892 4784/1 4785/2894
f 4786/2895 4787/2896 4788/2897
f 4786/2895 4788/2897 4789/1
f 4790/2898 4791/1 4792/108
f 4790/2898 4792/108 4793/2899
f 4794/2900 4795/2901 4796/2902
f 4794/2900 4796/2902 4797/2903
f 4798/2904 4799/1 4800/108
f 4798/2904 4800/108 4801/2905
usemtl tex_2476_sec_w11
f 4802/2906 4803/2907 4804/2908
f 4802/2906 4804/2908 4805/2909
f 4806/2910 4802/2906 4805/2909
f 4806/2910 4807/2911 4802/2906
f 4802/2906 4807/2911 4808/2912
f 4809/2913 4802/2906 4808/2912
f 4810/2906 4811/2913 4812/2914
f 4813/108 4814/1 4815/2915
f 4816/1 4817/2916 4818/2915
usemtl tex_261_sec
f 4819/2917 4820/2918 4821/2919
f 4819/2917 4821/2919 4822/2920
f 4823/2921 4824/2922 4825/2923
f 4823/2921 4825/2923 4826/2924
f 4827/2925 4828/2926 4829/2927
f 4827/2925 4829/2927 4830/2928
f 4831/2929 4832/2930 4833/2931
f 4831/2929 4833/2931 4834/2932
f 4835/1 4836/2933 4837/2934
f 4835/1 4837/2934 4838/2935
f 4837/2934 4836/2933 4839/2936
f 4837/2934 4839/2936 4840/2937
f 4841/2938 4842/2939 4843/2940
f 4841/2938 4843/2940 4844/1
f 4843/2940 4842/2939 4845/2941
f 4843/2940 4845/2941 4846/2942
f 4847/2943 4848/2944 4849/2945
f 4847/2943 4849/2945 4850/1
f 4849/2945 4848/2944 4851/2946
f 4849/2945 4851/2946 4852/2947
f 4853/2948 4854/2949 4855/2950
f 4853/2948 4855/2950 4856/2951
f 4857/2952 4858/2953 4859/2954
f 4857/2952 4859/2954 4860/2955
f 4861/2956 4862/2957 4863/2958
f 4861/2956 4863/2958 4864/2959
f 4865/2960 4866/2961 4867/2962
f 4865/2960 4867/2962 4868/2963
f 4869/2964 4870/2965 4871/2966
f 4869/2964 4871/2966 4872/2967
f 4873/2968 4874/2969 4875/2970
f 4873/2968 4875/2970 4876/2971
f 4877/2972 4878/2973 4879/2974
f 4877/2972 4879/2974 4880/2975
f 4881/2976 4882/2977 4883/2978
f 4881/2976 4883/2978 4884/2979
f 4885/2980 4886/2981 4887/2982
f 4885/2980 4887/2982 4888/2983
f 4889/2984 4890/2985 4891/2986
f 4889/2984 4891/2986 4892/2987
f 4893/2988 4894/2989 4895/2990
f 4893/2988 4895/2990 4896/2991
f 4897/2992 4898/2993 4899/2994
f 4897/2992 4899/2994 4900/2995
f 4901/2995 4902/2994 4903/2993
f 4901/2995 4903/2993 4904/2992
f 4905/2991 4906/2990 4907/2989
f 4905/2991 4907/2989 4908/2988
usemtl tex_1193_sec
f 4909/2996 4910/109 4911/2997
f 4909/2996 4911/2997 4912/1
f 4913/2582 4914/2998 4915/2999
f 4913/2582 4915/2999 4916/1
o room_15
usemtl tex_290
f 4917/3000 4918/3001 4919/1
f 4920/3002 4918/3001 4917/3000
f 4921/3003 4918/3001 4920/3002
f 4922/3004 4918/3001 4921/3003
f 4922/3004 4921/3003 4923/3005
f 4919/1 4918/3001 4922/3004
f 4919/1 4922/3004 4924/3006
usemtl tex_1146
f 4925/3007 4926/1 4927/3008
f 4925/3007 4927/3008 4928/3009
f 4926/1 4925/3007 4929/3010
f 4925/3007 4928/3009 4929/3010
usemtl tex_286
f 4930/3011 4931/3012 4932/3013
f 4933/3011 4934/3013 4935/3014
f 4936/3015 4937/3016 4934/3013
f 4936/3015 4934/3013 4938/3012
f 4939/3017 4940/3018 4937/3016
f 4939/3017 4937/3016 4936/3015
f 4941/3019 4942/3020 4943/108
f 4941/3019 4943/108 4944/987
f 4945/3012 4946/3011 4947/3021
f 4945/3012 4947/3021 4948/3022
usemtl tex_253
f 4949/237 4950/238 4951/1
f 4949/237 4951/1 4952/239
f 4953/237 4954/238 4955/1
f 4953/237 4955/1 4956/239
o room_16
usemtl tex_290
f 4957/3023 4958/3006 4959/3004
f 4957/3023 4959/3004 4960/3005
f 4961/3024 4962/3025 4963/3023
f 4961/3024 4963/3023 4964/3005
usemtl tex_1146
f 4965/3026 4966/3027 4967/3028
f 4965/3026 4967/3028 4968/3010
f 4969/3009 4970/3026 4971/3010
usemtl tex_286
f 4972/3029 4973/3030 4974/3031
f 4972/3029 4974/3031 4975/3032
f 4976/987 4977/108 4978/3029
f 4976/987 4978/3029 4979/3032
f 4980/3022 4981/3021 4982/3017
f 4980/3022 4982/3017 4983/3015
f 4984/405 4985/1 4986/3033
f 4984/405 4986/3033 4987/3034
o room_17
usemtl tex_None
f 4988/1 4989/1 4990/1
f 4988/1 4990/1 4991/1
f 4989/1 4992/1 4993/1
f 4989/1 4993/1 4990/1
f 4994/1 4995/1 4993/1
f 4994/1 4993/1 4992/1
f 4996/1 4995/1 4994/1
f 4997/1 4998/1 4996/1
f 4997/1 4996/1 4994/1
f 4999/1 4998/1 4997/1
f 5000/1 5001/1 4999/1
f 4997/1 5000/1 4999/1
usemtl tex_948
f 5002/3035 5003/3036 5004/3037
f 5003/3036 5005/3038 5004/3037
f 5003/3036 5006/3039 5007/3040
f 5003/3036 5007/3040 5005/3038
f 5006/3039 5008/3041 5007/3040
f 5006/3039 5009/3042 5008/3041
f 5009/3042 5010/3043 5011/3044
f 5009/3042 5011/3044 5008/3041
f 5009/3042 5012/3045 5013/3046
f 5009/3042 5013/3046 5010/3043
f 5014/3047 5015/3048 5013/3046
f 5014/3047 5013/3046 5012/3045
f 5014/3047 5016/3049 5015/3048
f 5014/3047 5017/3050 5016/3049
f 5018/3051 5019/3052 5020/3050
f 5018/3051 5020/3050 5021/3047
f 5022/3037 5023/3053 5024/3054
f 5022/3037 5024/3054 5025/3035
f 5026/3055 5027/3056 5025/3035
f 5026/3055 5025/3035 5024/3054
f 5027/3056 5028/3057 5029/3036
f 5027/3056 5029/3036 5025/3035
f 5030/3058 5029/3036 5028/3057
f 5030/3058 5031/3039 5029/3036
f 5032/3059 5033/3042 5031/3039
f 5032/3059 5031/3039 5030/3058
f 5034/3059 5035/3060 5036/3045
f 5034/3059 5036/3045 5037/3042
f 5038/3061 5039/3047 5036/3045
f 5038/3061 5036/3045 5035/3060
f 5038/3061 5040/3062 5039/3047
f 5040/3062 5041/3051 5039/3047
